지점,일시,기온(°C),풍향(deg),풍속(m/s),강수량(mm),현지기압(hPa),해면기압(hPa),습도(%),일사(MJ/m^2),일조(hr)
883,2025-01-01 00:00,1.2,48.7,4.7,0,970,1023.5,83.5,,
883,2025-01-01 01:00,1.2,47.8,4.2,0,969.8,1023.3,84.2,,
883,2025-01-01 02:00,.4,61,4.6,0,969.8,1023.5,85.9,,
883,2025-01-01 03:00,.6,71.2,4.7,0,970.1,1023.8,86.5,,
883,2025-01-01 04:00,.5,65.8,4.5,0,969.9,1023.6,87.5,,
883,2025-01-01 05:00,.8,63.9,4.8,0,969.7,1023.3,86.7,,
883,2025-01-01 06:00,1,68.3,5.1,0,970,1023.6,86.2,,
883,2025-01-01 07:00,1.1,74,4.4,0,970.4,1024,84.3,,
883,2025-01-01 08:00,1.4,98.2,5.3,0,970.8,1024.3,82,,
883,2025-01-01 09:00,3.7,73.9,4.2,0,971,1024,69.5,,
883,2025-01-01 10:00,4.6,47.8,3.6,0,971.3,1024.2,66.3,,
883,2025-01-01 11:00,5.8,40.9,3.8,0,971.3,1023.9,59.7,,
883,2025-01-01 12:00,6,31.5,3.8,0,970.6,1023.2,59.4,,
883,2025-01-01 13:00,7.1,27.7,4.5,0,970.2,1022.6,57,,
883,2025-01-01 14:00,7.1,27.7,5.2,0,969.5,1021.9,58.7,,
883,2025-01-01 15:00,7.1,27.7,5,0,969.4,1021.7,59.3,,
883,2025-01-01 16:00,6.4,27.6,5,0,969.5,1022,61,,
883,2025-01-01 17:00,4.7,34.2,4.6,0,969.4,1022.2,66.9,,
883,2025-01-01 18:00,3.1,85.7,3,0,969.5,1022.7,76.4,,
883,2025-01-01 19:00,2.3,90.6,4,0,970,1023.4,81.4,,
883,2025-01-01 20:00,2.1,96.7,4.1,0,970.4,1023.8,83.2,,
883,2025-01-01 21:00,3,87.5,3.7,0,970.7,1024,80.5,,
883,2025-01-01 22:00,2.9,85.2,3.3,0,970.9,1024.2,79.1,,
883,2025-01-01 23:00,2.7,71.6,3.9,0,971,1024.3,76.2,,
883,2025-01-02 00:00,2.5,75.4,3.3,0,970.7,1023.9,74.7,,
883,2025-01-02 01:00,2.3,81.7,3.3,0,970.6,1024,78.3,,
883,2025-01-02 02:00,2.2,87.9,3.3,0,970.7,1024.1,81.2,,
883,2025-01-02 03:00,2.1,92.3,3.8,0,970.9,1024.4,82.4,,
883,2025-01-02 04:00,2.6,84.9,3.6,0,970.6,1023.9,82.6,,
883,2025-01-02 05:00,3.2,73.9,4.3,0,970.4,1023.6,82.6,,
883,2025-01-02 06:00,3.4,74.4,4.2,0,970.8,1024,80.7,,
883,2025-01-02 07:00,4.1,63.9,3.7,0,970.9,1023.9,81.7,,
883,2025-01-02 08:00,3.6,64.5,3.2,0,971,1024.1,83.2,,
883,2025-01-02 09:00,5.2,72.1,3.3,0,971.3,1024.1,71.2,,
883,2025-01-02 10:00,6.3,45.3,4,0,971.8,1024.4,68.4,,
883,2025-01-02 11:00,6.7,57.1,3.7,0,971.6,1024.1,71.5,,
883,2025-01-02 12:00,7.3,34.9,5.6,0,971.1,1023.5,63.7,,
883,2025-01-02 13:00,8.4,35.1,4.8,0,970.3,1022.4,52.9,,
883,2025-01-02 14:00,8.5,33.2,4.9,0,969.7,1021.8,57.3,,
883,2025-01-02 15:00,6.9,33.9,5.4,0,969.8,1022.2,66.9,,
883,2025-01-02 16:00,5.7,39.3,5.7,0,970.4,1023.1,74.5,,
883,2025-01-02 17:00,5.1,24,5.9,0,970.4,1023.2,80.4,,
883,2025-01-02 18:00,3.7,34.2,4,0,970.6,1023.7,84,,
883,2025-01-02 19:00,2.8,36.3,3.6,0,970.9,1024.2,71,,
883,2025-01-02 20:00,2.7,46.9,3.5,0,971.3,1024.6,67.4,,
883,2025-01-02 21:00,2,37.9,3.3,0,971.4,1024.9,65.2,,
883,2025-01-02 22:00,2.1,31.2,5.6,0,971.5,1025,69.9,,
883,2025-01-02 23:00,1.9,48.1,4,0,971.6,1025.1,69.6,,
883,2025-01-03 00:00,1.8,44.4,4.2,0,971.5,1025,73,,
883,2025-01-03 01:00,1.5,46.5,4.4,0,971.1,1024.7,76.8,,
883,2025-01-03 02:00,1.2,38.7,4.8,0,971.3,1025,76.8,,
883,2025-01-03 03:00,1,41.7,4.9,0,971,1024.7,75.5,,
883,2025-01-03 04:00,.9,38.9,5.9,0,970.9,1024.6,76.6,,
883,2025-01-03 05:00,1,32.7,7.7,0,970.5,1024.2,75.4,,
883,2025-01-03 06:00,1.1,39.6,6.5,0,970.6,1024.2,75.7,,
883,2025-01-03 07:00,1.6,27.6,7.4,0,971.2,1024.8,72.8,,
883,2025-01-03 08:00,2.4,26.5,9.3,0,971.5,1024.9,78,,
883,2025-01-03 09:00,2.9,24.6,8.3,0,972.1,1025.5,67.1,,
883,2025-01-03 10:00,3.7,26.9,8,0,973.2,1026.4,56.6,,
883,2025-01-03 11:00,3.9,27.6,8,0,973.3,1026.5,54.3,,
883,2025-01-03 12:00,4.3,30.9,8,0,973.1,1026.2,51.4,,
883,2025-01-03 13:00,3.8,30.5,7.4,0,972.7,1025.9,55.6,,
883,2025-01-03 14:00,3.5,30.2,7.3,0,972.4,1025.6,55.1,,
883,2025-01-03 15:00,2.7,27.9,7.1,0,972.2,1025.6,60.8,,
883,2025-01-03 16:00,2.8,28.5,7.6,0,972.4,1025.8,59.3,,
883,2025-01-03 17:00,1.8,26.3,7.5,0,972.5,1026.1,67.9,,
883,2025-01-03 18:00,.8,26.2,8.8,0,972.5,1026.3,69.9,,
883,2025-01-03 19:00,.3,29.2,6.5,0,973.1,1027,71.9,,
883,2025-01-03 20:00,0,30.9,5.9,0,973.4,1027.4,75.6,,
883,2025-01-03 21:00,-.2,49.2,4.2,0,973.5,1027.6,73.9,,
883,2025-01-03 22:00,-.4,45.7,3,0,973.6,1027.7,77.1,,
883,2025-01-03 23:00,0,41.3,3.1,0,973.4,1027.4,75.7,,
883,2025-01-04 00:00,.2,45.5,3.5,0,973.3,1027.2,74,,
883,2025-01-04 01:00,.4,36,3.4,0,973.4,1027.3,71.2,,
883,2025-01-04 02:00,.4,23.6,3.6,0,973.1,1027,73.9,,
883,2025-01-04 03:00,1,24.3,3.7,0,973.2,1027,70.2,,
883,2025-01-04 04:00,1.5,32.2,4.4,0,973.2,1026.9,65.9,,
883,2025-01-04 05:00,1.8,28.5,4,0,972.9,1026.5,68.7,,
883,2025-01-04 06:00,1,32.9,3.6,0,972.6,1026.4,72.2,,
883,2025-01-04 07:00,.6,29.6,3.6,0,972.9,1026.8,73,,
883,2025-01-04 08:00,1.5,31.6,3.9,0,973,1026.7,76.9,,
883,2025-01-04 09:00,2.6,29,5.6,0,973.4,1026.9,65.3,,
883,2025-01-04 10:00,4.3,25.4,4.9,0,974.1,1027.3,57.2,,
883,2025-01-04 11:00,5,22.4,3.7,0,974.5,1027.6,51.1,,
883,2025-01-04 12:00,4.8,23.4,4.3,0,974.1,1027.2,56.6,,
883,2025-01-04 13:00,4.8,18.3,3.1,0,973.7,1026.7,60.3,,
883,2025-01-04 14:00,4.5,30.5,3.9,0,973.6,1026.7,58.7,,
883,2025-01-04 15:00,4.8,322,3.7,0,973.2,1026.2,54.6,,
883,2025-01-04 16:00,4.4,37.7,4.4,0,973.2,1026.3,56.3,,
883,2025-01-04 17:00,3,35.6,3.8,0,973.2,1026.6,64,,
883,2025-01-04 18:00,.9,35.7,1.5,0,973.9,1027.8,75.9,,
883,2025-01-04 19:00,1.2,67.7,4.2,0,973.4,1027.2,72.9,,
883,2025-01-04 20:00,.8,88.7,3.7,0,973,1026.8,70.8,,
883,2025-01-04 21:00,.1,95.2,3.3,0,973,1027,67,,
883,2025-01-04 22:00,-.7,40.9,2.4,0,972.5,1026.6,87.1,,
883,2025-01-04 23:00,.1,77.7,2.4,0,972.7,1026.7,89.4,,
883,2025-01-05 00:00,.7,91.1,1.6,0,972.1,1025.9,85.2,,
883,2025-01-05 01:00,2.6,159.8,2.4,0,971.3,1024.7,86.5,,
883,2025-01-05 02:00,3.4,158.9,4.5,0,971.1,1024.3,85,,
883,2025-01-05 03:00,3.8,156.5,3.5,0,970.4,1023.5,71.3,,
883,2025-01-05 04:00,3.4,186,3.1,0,971.2,1024.4,82.1,,
883,2025-01-05 05:00,3.1,167.1,3.6,0,970.3,1023.5,83,,
883,2025-01-05 06:00,3.7,177.5,2.8,0,971.1,1024.2,79.9,,
883,2025-01-05 07:00,4.5,173.6,4,0,971.1,1024.1,77.9,,
883,2025-01-05 08:00,4.6,181.1,3.5,0,971,1023.9,86.8,,
883,2025-01-05 09:00,5.2,229.4,1.7,0,971.2,1024,85.3,,
883,2025-01-05 10:00,5,212.2,2.3,.5,970.7,1023.5,82.8,,
883,2025-01-05 11:00,6.5,195.8,2.5,0,970.2,1022.7,78.2,,
883,2025-01-05 12:00,7.7,213.3,3.5,0,969.5,1021.7,70.7,,
883,2025-01-05 13:00,8.2,212.6,2.9,0,968.4,1020.5,65.9,,
883,2025-01-05 14:00,6.2,255.4,2.2,0,967.9,1020.3,100,,
883,2025-01-05 15:00,5.8,258.1,2.4,2.5,967.6,1020.1,100,,
883,2025-01-05 16:00,5.2,180.4,1.9,2,967.1,1019.7,99.9,,
883,2025-01-05 17:00,5.5,206.1,1.6,0,967.1,1019.6,100,,
883,2025-01-05 18:00,5.2,200.7,2.1,0,966.8,1019.4,100,,
883,2025-01-05 19:00,5.6,177.6,2.8,0,967,1019.5,100,,
883,2025-01-05 20:00,5.7,306.4,1.6,0,967.3,1019.8,100,,
883,2025-01-05 21:00,5.5,117.8,1.2,.5,967.2,1019.8,100,,
883,2025-01-05 22:00,5.9,189.1,1.9,0,966.9,1019.4,99.9,,
883,2025-01-05 23:00,6.2,0,.4,0,966.4,1018.8,100,,
883,2025-01-06 00:00,6.5,290.1,.8,.5,965.9,1018.1,99.9,,
883,2025-01-06 01:00,6.8,294.9,3.1,0,965.7,1017.9,85.9,,
883,2025-01-06 02:00,6.5,301.4,3.3,0,965.5,1017.8,79.5,,
883,2025-01-06 03:00,6.6,302.4,3,0,965.3,1017.5,80.1,,
883,2025-01-06 04:00,6.7,291.1,3.3,0,964.9,1017.1,71.1,,
883,2025-01-06 05:00,6.7,279.8,3.3,0,964.5,1016.7,72,,
883,2025-01-06 06:00,6.7,294.1,4.3,0,964.5,1016.7,73.3,,
883,2025-01-06 07:00,6.6,295.6,3.7,0,964.7,1016.9,67.8,,
883,2025-01-06 08:00,6.5,353.4,3.7,0,965,1017.2,84.2,,
883,2025-01-06 09:00,5.7,37.9,4.7,0,965.4,1017.8,84.2,,
883,2025-01-06 10:00,5.7,40.6,4.9,0,965.7,1018.1,82,,
883,2025-01-06 11:00,5.2,19.3,5,0,966.1,1018.7,75.5,,
883,2025-01-06 12:00,4.6,23.7,5.5,0,965.6,1018.2,76.5,,
883,2025-01-06 13:00,3.9,17.9,6,0,965.4,1018.2,67.7,,
883,2025-01-06 14:00,3.4,38.5,7.2,0,965,1017.9,61.7,,
883,2025-01-06 15:00,3,53.5,5.4,0,965,1017.9,58.8,,
883,2025-01-06 16:00,2.6,48.1,7.3,0,965.4,1018.4,56.9,,
883,2025-01-06 17:00,2,20.9,6.7,0,965.9,1019.1,66.6,,
883,2025-01-06 18:00,1.8,25.4,6.4,0,966.5,1019.8,62.9,,
883,2025-01-06 19:00,1.5,24.3,7,0,967,1020.4,65.9,,
883,2025-01-06 20:00,1.5,27.9,5.9,0,967.3,1020.7,61.8,,
883,2025-01-06 21:00,1.4,28.7,6.8,0,967.6,1021,65.8,,
883,2025-01-06 22:00,1.1,21.7,7,0,968.1,1021.6,59.1,,
883,2025-01-06 23:00,1,1.7,6.1,0,968.1,1021.6,67.8,,
883,2025-01-07 00:00,1.1,27.5,5.7,0,967.8,1021.2,58.9,,
883,2025-01-07 01:00,.1,32.3,6.2,0,967.5,1021.2,84.4,,
883,2025-01-07 02:00,.4,47.3,5.3,0,967.4,1021,72.1,,
883,2025-01-07 03:00,.2,22.6,6.6,0,967.2,1020.8,88.9,,
883,2025-01-07 04:00,.5,35.1,5.8,0,966.6,1020.1,78.2,,
883,2025-01-07 05:00,.1,43,6.4,0,966.5,1020.1,88.3,,
883,2025-01-07 06:00,-.7,309.6,5.9,0,966.8,1020.6,100,,
883,2025-01-07 07:00,.7,45,6.6,0,967.2,1020.7,73.4,,
883,2025-01-07 08:00,.8,44.3,5.4,0,967.3,1020.8,76.2,,
883,2025-01-07 09:00,1.2,32,6.7,0,967.7,1021.2,63.6,,
883,2025-01-07 10:00,1.9,46.3,5.6,0,968.3,1021.6,59.2,,
883,2025-01-07 11:00,2.3,49.6,4.9,.5,968.5,1021.8,50.8,,
883,2025-01-07 12:00,1.9,29.3,4.9,0,968,1021.3,56.9,,
883,2025-01-07 13:00,2,39.1,5.6,0,967,1020.3,63.4,,
883,2025-01-07 14:00,2.5,54.3,5.9,0,966.6,1019.7,52.6,,
883,2025-01-07 15:00,.6,322.9,4.1,0,966.7,1020.2,83.5,,
883,2025-01-07 16:00,2.8,58.2,4.7,0,967.2,1020.3,52.3,,
883,2025-01-07 17:00,3,53,5.1,0,967.3,1020.4,53.6,,
883,2025-01-07 18:00,2.9,44.7,5.6,0,967.5,1020.6,61.3,,
883,2025-01-07 19:00,2.1,301.4,3.7,0,968,1021.3,71.1,,
883,2025-01-07 20:00,3,48.8,4.3,0,968.1,1021.2,59.3,,
883,2025-01-07 21:00,3,20.6,4.6,0,968.1,1021.2,58.4,,
883,2025-01-07 22:00,3,33.6,5.4,0,968.2,1021.3,55.4,,
883,2025-01-07 23:00,3,34.8,5.1,0,968.5,1021.6,55,,
883,2025-01-08 00:00,2.9,36.4,4.8,0,968.5,1021.5,54,,
883,2025-01-08 01:00,2.8,57.4,3.5,0,968.3,1021.5,55.5,,
883,2025-01-08 02:00,3,59.3,3.6,0,968.5,1021.6,57.7,,
883,2025-01-08 03:00,3.2,52.2,3.6,0,968.3,1021.4,57.5,,
883,2025-01-08 04:00,3,39.8,4.5,0,968.2,1021.3,53.4,,
883,2025-01-08 05:00,3.3,32.2,4.3,0,968.1,1021.2,57.4,,
883,2025-01-08 06:00,3.1,42.8,4.1,0,968,1021.1,60.8,,
883,2025-01-08 07:00,3,30.6,4.4,0,968.4,1021.5,60.5,,
883,2025-01-08 08:00,2.9,25.4,4.1,0,968.7,1021.9,59.4,,
883,2025-01-08 09:00,3.2,26.3,3.3,0,969.1,1022.2,58.1,,
883,2025-01-08 10:00,3.7,8.6,2.7,0,969.5,1022.5,58.9,,
883,2025-01-08 11:00,3.1,314.5,3.4,0,969.3,1022.5,65.7,,
883,2025-01-08 12:00,3.5,11.3,1.2,0,968.7,1021.7,67.8,,
883,2025-01-08 13:00,2,32.2,2.7,0,967.9,1021.2,90,,
883,2025-01-08 14:00,1.7,45.4,1.9,.5,967.1,1020.4,100,,
883,2025-01-08 15:00,2.1,61.4,2.6,0,966.7,1019.9,100,,
883,2025-01-08 16:00,2.8,310,1.6,0,966.5,1019.6,100,,
883,2025-01-08 17:00,3.1,310.5,3.3,0,966.9,1019.9,99.9,,
883,2025-01-08 18:00,3.4,325.8,2.3,0,966.5,1019.4,100,,
883,2025-01-08 19:00,3,299.2,2,1,967.1,1020.2,99.9,,
883,2025-01-08 20:00,2.3,43.4,5,0,967.5,1020.7,100,,
883,2025-01-08 21:00,1.9,35.2,3.8,.5,967.7,1021,100,,
883,2025-01-08 22:00,1,26.7,8,0,968.3,1021.8,100,,
883,2025-01-08 23:00,1.3,31.7,6.4,0,968.8,1022.3,98.2,,
883,2025-01-09 00:00,.7,33.9,7.5,0,968.9,1022.5,90.3,,
883,2025-01-09 01:00,.2,29.9,7.3,0,969.1,1022.8,97.7,,
883,2025-01-09 02:00,-.4,32.7,7.2,0,969.4,1023.3,88.8,,
883,2025-01-09 03:00,-.6,39.3,7.2,0,969.4,1023.3,79.9,,
883,2025-01-09 04:00,-1,28.4,5.7,0,969.7,1023.7,81.5,,
883,2025-01-09 05:00,-1.3,40.5,6.1,0,969.8,1023.9,76.6,,
883,2025-01-09 06:00,-1.5,39.4,6.4,0,970.1,1024.3,81.8,,
883,2025-01-09 07:00,-1.6,26.3,5,0,970.5,1024.7,70.9,,
883,2025-01-09 08:00,-1.4,3.7,4.6,0,970.8,1025,70.7,,
883,2025-01-09 09:00,-1.4,.9,5.2,0,971.2,1025.4,73.7,,
883,2025-01-09 10:00,-1,257.7,3.5,0,971.6,1025.7,73.1,,
883,2025-01-09 11:00,-.5,300.8,5.6,0,971.6,1025.6,85,,
883,2025-01-09 12:00,-.5,313.2,8.3,0,970.7,1024.7,90.9,,
883,2025-01-09 13:00,-.5,308.3,9.7,0,969.7,1023.6,83.7,,
883,2025-01-09 14:00,.4,269.2,7.1,.5,969.1,1022.8,74.9,,
883,2025-01-09 15:00,-1.9,18.6,6.5,0,969,1023.2,100,,
883,2025-01-09 16:00,-1.9,23.6,8.6,0,969.2,1023.4,94.9,,
883,2025-01-09 17:00,-2.4,31.6,8.6,.5,970.3,1024.7,100,,
883,2025-01-09 18:00,-3,17,6.1,0,970.9,1025.4,79.3,,
883,2025-01-09 19:00,-4.3,44.9,9.2,0,971.6,1026.4,98.7,,
883,2025-01-09 20:00,-3.9,36.9,9.1,0,972.1,1026.9,84,,
883,2025-01-09 21:00,-4,39.6,7.5,0,972.7,1027.5,93.2,,
883,2025-01-09 22:00,-4.5,35,8.2,0,973.4,1028.4,83.3,,
883,2025-01-09 23:00,-4.2,34.6,10.5,0,973.7,1028.6,78.3,,
883,2025-01-10 00:00,-4.1,30,9.6,0,974.3,1029.2,70.1,,
883,2025-01-10 01:00,-3.9,30.4,9.6,0,974.6,1029.5,82.8,,
883,2025-01-10 02:00,-4.1,31.8,10.9,0,974.9,1029.9,98.7,,
883,2025-01-10 03:00,-3.6,23.2,6,.5,975.1,1030,92.7,,
883,2025-01-10 04:00,-2.8,26.2,8.5,0,975.1,1029.8,84.8,,
883,2025-01-10 05:00,-2.3,29.8,7.2,0,975.1,1029.7,82.4,,
883,2025-01-10 06:00,-2.7,26.9,8.1,.5,975.2,1029.9,100,,
883,2025-01-10 07:00,-2.8,27.7,8.8,0,976.2,1031,100,,
883,2025-01-10 08:00,-2.9,30.2,7,.5,976.7,1031.5,100,,
883,2025-01-10 09:00,-2.7,29.1,7.3,.5,977,1031.8,99.9,,
883,2025-01-10 10:00,-2.5,25.9,8.2,.5,977.5,1032.3,100,,
883,2025-01-10 11:00,-2.4,34.9,7.2,.5,977.8,1032.6,100,,
883,2025-01-10 12:00,-2.1,26.2,7.1,1,977.1,1031.8,100,,
883,2025-01-10 13:00,-1.9,23.9,6.5,.5,976.6,1031.2,99.9,,
883,2025-01-10 14:00,-1.2,26.1,7.2,.5,976,1030.4,99.9,,
883,2025-01-10 15:00,-1.5,25.1,7.1,.5,976,1030.5,100,,
883,2025-01-10 16:00,-1.2,23.7,6.3,.5,976.1,1030.5,93.9,,
883,2025-01-10 17:00,-1.3,24.9,6.7,.5,976.7,1031.2,95.5,,
883,2025-01-10 18:00,-1.8,27.6,5.3,0,976.6,1031.2,99.9,,
883,2025-01-10 19:00,-1.1,36.8,4.8,.5,977.2,1031.7,93.6,,
883,2025-01-10 20:00,-1.5,27.2,4.4,0,977.4,1032,99.9,,
883,2025-01-10 21:00,-.3,43.5,4.2,.5,977.7,1032,73.5,,
883,2025-01-10 22:00,-.7,32.6,4.3,0,977.9,1032.3,87.7,,
883,2025-01-10 23:00,-.7,35,4.9,0,977.9,1032.3,100,,
883,2025-01-11 00:00,.1,59.5,3.5,.5,977.1,1031.3,73.8,,
883,2025-01-11 01:00,.1,24.7,4.2,0,976.3,1030.5,69.4,,
883,2025-01-11 02:00,.2,27.8,4.5,0,976.1,1030.2,69.5,,
883,2025-01-11 03:00,.2,40.9,3.8,0,976,1030.1,66.1,,
883,2025-01-11 04:00,-.5,27,4.4,0,976,1030.3,100,,
883,2025-01-11 05:00,-.8,23.8,5,0,975.8,1030.1,100,,
883,2025-01-11 06:00,-1.5,60.4,3.6,.5,975.5,1030,100,,
883,2025-01-11 07:00,-.9,34.5,4.3,0,975.8,1030.1,100,,
883,2025-01-11 08:00,-.7,29.5,4.7,.5,976.3,1030.6,95.8,,
883,2025-01-11 09:00,.2,28.7,4.7,0,976.3,1030.4,75.7,,
883,2025-01-11 10:00,.8,38.3,4.3,.5,976.8,1030.8,66.2,,
883,2025-01-11 11:00,1.2,40.4,3.6,0,976.5,1030.4,68.4,,
883,2025-01-11 12:00,1.3,21.8,5.2,.5,975.9,1029.8,65.3,,
883,2025-01-11 13:00,1,33.7,4.1,0,975,1028.9,69,,
883,2025-01-11 14:00,.8,30,4.7,0,974.3,1028.2,72.7,,
883,2025-01-11 15:00,.9,30.4,4,0,973.9,1027.8,75,,
883,2025-01-11 16:00,.7,29.1,3.9,0,973.7,1027.6,82.2,,
883,2025-01-11 17:00,.4,30.4,3.7,0,973.5,1027.4,86.4,,
883,2025-01-11 18:00,0,31.4,3.5,0,973.2,1027.2,89.2,,
883,2025-01-11 19:00,-.5,24,3.5,0,973.4,1027.5,96.8,,
883,2025-01-11 20:00,.3,37.1,4,0,973.3,1027.3,82.7,,
883,2025-01-11 21:00,-.2,44.4,2.2,0,973.4,1027.5,85.8,,
883,2025-01-11 22:00,.4,29.3,4.5,0,973,1026.9,68.8,,
883,2025-01-11 23:00,.5,40.9,3,0,972.9,1026.8,68.4,,
883,2025-01-12 00:00,.1,30.6,4.2,0,972.3,1026.2,73.8,,
883,2025-01-12 01:00,0,23.1,3.8,0,971.8,1025.7,73.2,,
883,2025-01-12 02:00,0,26.4,3.2,0,971.4,1025.3,76.5,,
883,2025-01-12 03:00,.3,26.9,5.6,0,971.4,1025.3,71.6,,
883,2025-01-12 04:00,-.3,26.4,5.4,0,970.8,1024.7,73.2,,
883,2025-01-12 05:00,-1,27.1,4.5,0,970.3,1024.4,73.9,,
883,2025-01-12 06:00,-.1,25.8,6.2,0,970.5,1024.4,63.4,,
883,2025-01-12 07:00,-.4,22.8,5.5,0,970.7,1024.7,65.6,,
883,2025-01-12 08:00,-.3,22.5,4.5,0,970.9,1024.9,65,,
883,2025-01-12 09:00,.7,35.6,5.3,0,971.2,1025,59.7,,
883,2025-01-12 10:00,1.1,16,4.6,0,971.5,1025.2,59.2,,
883,2025-01-12 11:00,1.7,25.9,5.6,0,971.3,1024.9,56.8,,
883,2025-01-12 12:00,2.2,28.3,6.5,0,970.3,1023.7,59.6,,
883,2025-01-12 13:00,1.8,24.6,3.9,0,969.8,1023.3,63.3,,
883,2025-01-12 14:00,1.8,30.4,5.8,0,969.3,1022.7,64.4,,
883,2025-01-12 15:00,1.7,30.5,6.1,0,969.3,1022.7,67.8,,
883,2025-01-12 16:00,1.3,25.8,6.2,0,969.8,1023.4,74,,
883,2025-01-12 17:00,1.2,27.5,4.2,0,970.1,1023.7,68.3,,
883,2025-01-12 18:00,.6,27.2,4.5,0,970.7,1024.5,71.2,,
883,2025-01-12 19:00,.6,24,3.7,0,971.4,1025.2,72.5,,
883,2025-01-12 20:00,1.2,28.1,3.5,0,971.8,1025.5,70.1,,
883,2025-01-12 21:00,1.5,28.2,3.8,0,972.3,1026,67.6,,
883,2025-01-12 22:00,1.7,39.6,3.9,0,972.7,1026.3,75.8,,
883,2025-01-12 23:00,1.5,38.4,4.6,0,973.2,1026.9,74.6,,
883,2025-01-13 00:00,1.7,43.2,3.7,0,973,1026.6,72.5,,
883,2025-01-13 01:00,1.4,34.9,4.4,0,972.8,1026.5,69.7,,
883,2025-01-13 02:00,0,36.5,2.2,0,972.8,1026.8,66.5,,
883,2025-01-13 03:00,.9,33.1,2.5,0,972.7,1026.5,75.8,,
883,2025-01-13 04:00,.6,23.3,2.8,0,973,1026.9,79.3,,
883,2025-01-13 05:00,.9,27.9,2,0,973.1,1026.9,70,,
883,2025-01-13 06:00,.7,32.4,2,0,972.9,1026.8,68.8,,
883,2025-01-13 07:00,.3,28.9,2.2,0,973.1,1027,72.4,,
883,2025-01-13 08:00,.9,28.2,2.6,0,973.6,1027.4,84.2,,
883,2025-01-13 09:00,2,29.6,2.5,0,974.1,1027.7,77.9,,
883,2025-01-13 10:00,2.9,29.1,3.6,0,974.9,1028.4,70.5,,
883,2025-01-13 11:00,3.8,22,3.4,0,975.1,1028.4,64,,
883,2025-01-13 12:00,3.4,29.7,4,0,974.8,1028.2,67.8,,
883,2025-01-13 13:00,3.9,29.5,2.5,0,973.8,1027,65.6,,
883,2025-01-13 14:00,4.8,282,3,0,973,1026,59.1,,
883,2025-01-13 15:00,4.3,310.3,3.9,0,972.6,1025.7,65.4,,
883,2025-01-13 16:00,4.1,31.2,2.9,0,972.4,1025.5,66.9,,
883,2025-01-13 17:00,3.1,33.7,2.5,0,972.4,1025.7,72.2,,
883,2025-01-13 18:00,1.7,89.6,1.2,0,972.4,1026,77.6,,
883,2025-01-13 19:00,.4,118.1,2.4,0,972.9,1026.8,87.5,,
883,2025-01-13 20:00,-.1,156.9,2.1,0,973.2,1027.2,93.9,,
883,2025-01-13 21:00,1.8,157.9,2.5,0,973.2,1026.8,80,,
883,2025-01-13 22:00,2.2,160.5,2.9,0,973,1026.5,78.9,,
883,2025-01-13 23:00,1.6,177.5,3,0,973.1,1026.8,78,,
883,2025-01-14 00:00,2.5,190.3,3.2,0,973.1,1026.5,77.6,,
883,2025-01-14 01:00,3.1,187.7,2.9,0,973.1,1026.5,77.7,,
883,2025-01-14 02:00,4.3,204.6,2.7,0,973,1026.1,77.1,,
883,2025-01-14 03:00,4.5,200.5,2.8,0,972.9,1026,81.3,,
883,2025-01-14 04:00,4.4,227.9,2.1,0,972.8,1025.9,81.8,,
883,2025-01-14 05:00,3,195.5,1.3,0,972.7,1026.1,89.1,,
883,2025-01-14 06:00,2.2,167.5,1.8,0,972.8,1026.3,93.8,,
883,2025-01-14 07:00,2.6,158.7,1.7,0,973.2,1026.7,93.7,,
883,2025-01-14 08:00,3.5,163.6,1.7,0,973.2,1026.5,93.1,,
883,2025-01-14 09:00,6.2,237.2,.7,0,973.6,1026.4,78.3,,
883,2025-01-14 10:00,8.4,258.6,1.3,0,974.1,1026.4,65.5,,
883,2025-01-14 11:00,9,303.7,3.1,0,973.9,1026.1,58.3,,
883,2025-01-14 12:00,9.5,287.5,3.3,0,973.4,1025.5,56.7,,
883,2025-01-14 13:00,10,271.6,2.8,0,972.3,1024.2,53.6,,
883,2025-01-14 14:00,10.7,262.6,2.9,0,971.7,1023.4,49.4,,
883,2025-01-14 15:00,10.4,272.1,3.5,0,971.5,1023.3,53.4,,
883,2025-01-14 16:00,9.8,249.5,3.3,0,971.4,1023.3,53.5,,
883,2025-01-14 17:00,8.5,261.5,2.5,0,971.7,1023.9,60,,
883,2025-01-14 18:00,7,261.2,1,0,971.8,1024.3,60.6,,
883,2025-01-14 19:00,3.9,158.3,1.4,0,972,1025.1,79.2,,
883,2025-01-14 20:00,3.6,174.7,1.7,0,971.8,1025,82.4,,
883,2025-01-14 21:00,7.1,325,2.3,0,971.8,1024.3,74.8,,
883,2025-01-14 22:00,6.1,19.9,2,0,972.5,1025.2,97.5,,
883,2025-01-14 23:00,4.9,32,5.6,0,972.7,1025.7,98.9,,
883,2025-01-15 00:00,4,26.1,8,0,972.5,1025.6,88.2,,
883,2025-01-15 01:00,3.1,26.5,9.2,0,972.2,1025.5,82.1,,
883,2025-01-15 02:00,2.9,28.4,9.5,0,972.2,1025.6,78.6,,
883,2025-01-15 03:00,2.7,27.5,10.2,0,972.2,1025.6,84.5,,
883,2025-01-15 04:00,2.2,27.6,9.8,0,972.4,1025.9,97.4,,
883,2025-01-15 05:00,1.6,25.9,9.2,0,972.6,1026.2,100,,
883,2025-01-15 06:00,1.3,27.3,8.4,0,973.2,1026.9,90.6,,
883,2025-01-15 07:00,1.4,39.6,6.5,0,973.5,1027.2,73.1,,
883,2025-01-15 08:00,1,32,8.2,0,973.9,1027.7,68.9,,
883,2025-01-15 09:00,.5,34.7,8.5,0,974.3,1028.3,77.9,,
883,2025-01-15 10:00,.7,32.7,8.7,0,974.8,1028.8,66.8,,
883,2025-01-15 11:00,.1,25.7,9.4,0,974.8,1028.9,74.1,,
883,2025-01-15 12:00,-.3,29.9,8.2,0,974.5,1028.7,94.8,,
883,2025-01-15 13:00,-.6,28.1,10,0,973.9,1028.1,79.9,,
883,2025-01-15 14:00,-.7,26.6,9,0,973.8,1028,85.1,,
883,2025-01-15 15:00,0,28.4,8.2,0,973.6,1027.6,77.2,,
883,2025-01-15 16:00,-.4,32.6,8.5,0,973.8,1027.9,70.1,,
883,2025-01-15 17:00,-1.1,34.7,8,0,974.2,1028.5,93.3,,
883,2025-01-15 18:00,-.9,25.1,7.2,0,974.5,1028.8,87.8,,
883,2025-01-15 19:00,-.5,27.6,8.2,0,975,1029.2,74.4,,
883,2025-01-15 20:00,-.5,31.2,8.1,0,974.9,1029.1,69.1,,
883,2025-01-15 21:00,-.5,34.2,7.2,.5,974.7,1028.9,74.4,,
883,2025-01-15 22:00,-.6,28.2,7.1,0,974.8,1029,82.6,,
883,2025-01-15 23:00,-.5,33.1,6.4,0,974.9,1029.1,84.6,,
883,2025-01-16 00:00,-.3,34.5,6.7,0,974.8,1028.9,71.4,,
883,2025-01-16 01:00,-.3,35,5.5,0,974.4,1028.5,65.5,,
883,2025-01-16 02:00,-.5,26.4,4.3,0,974.4,1028.6,69.5,,
883,2025-01-16 03:00,0,36.8,4.4,0,974,1028.1,71.2,,
883,2025-01-16 04:00,-.2,23.8,4.9,0,973.8,1027.9,64,,
883,2025-01-16 05:00,-.1,22.9,4.6,0,973.2,1027.2,71.8,,
883,2025-01-16 06:00,.3,33.3,4.6,0,973.1,1027,72.2,,
883,2025-01-16 07:00,.4,27.8,3,0,973.2,1027.1,71.2,,
883,2025-01-16 08:00,.8,33.9,3.5,0,973.6,1027.5,65.1,,
883,2025-01-16 09:00,1,29.7,3.4,0,973.8,1027.6,66.9,,
883,2025-01-16 10:00,1.3,29.9,3.8,0,974.2,1028,65.4,,
883,2025-01-16 11:00,1.8,41,3.8,0,974.2,1027.9,65.7,,
883,2025-01-16 12:00,2.5,23.8,4.6,0,973.3,1026.8,64.8,,
883,2025-01-16 13:00,3.2,19.8,5,0,972.3,1025.6,64.9,,
883,2025-01-16 14:00,3.1,38.7,4.7,0,971.8,1025.1,66.7,,
883,2025-01-16 15:00,3.7,41,4.5,0,971.8,1025,60.6,,
883,2025-01-16 16:00,3.3,356.4,4.1,0,971.6,1024.8,59.7,,
883,2025-01-16 17:00,3,32.6,4.4,0,971.5,1024.8,67.7,,
883,2025-01-16 18:00,3,16.4,3.4,0,971.9,1025.2,64.9,,
883,2025-01-16 19:00,3,26.9,3.9,0,972.2,1025.5,67.8,,
883,2025-01-16 20:00,3,18.8,3.5,0,972.6,1026,68.1,,
883,2025-01-16 21:00,3.1,36.6,3.5,0,972.3,1025.6,70.7,,
883,2025-01-16 22:00,3.1,26.8,4.6,0,972.6,1025.9,70.7,,
883,2025-01-16 23:00,2.7,31.1,3.3,0,972.7,1026.1,67.6,,
883,2025-01-17 00:00,1.9,26.9,4.3,0,972.6,1026.1,70.4,,
883,2025-01-17 01:00,2.4,29.8,5,0,972.6,1026.1,68.1,,
883,2025-01-17 02:00,2.3,24.4,4.9,0,972.6,1026.1,66.9,,
883,2025-01-17 03:00,2.5,34.4,4.7,0,972.2,1025.6,65.8,,
883,2025-01-17 04:00,2.7,29.1,5.2,0,972.1,1025.5,74.5,,
883,2025-01-17 05:00,1.6,26.8,4.2,0,972.1,1025.7,74.2,,
883,2025-01-17 06:00,1.9,28.9,4.7,0,972.1,1025.7,72.5,,
883,2025-01-17 07:00,2.3,27.4,3.9,0,972.5,1026,72.2,,
883,2025-01-17 08:00,2.3,27.7,2.4,0,972.8,1026.3,75.5,,
883,2025-01-17 09:00,2.6,26.1,4.5,0,972.9,1026.4,90,,
883,2025-01-17 10:00,2.3,29,4.5,0,973.7,1027.3,88.7,,
883,2025-01-17 11:00,3,28.2,4.5,0,973.5,1026.9,79.2,,
883,2025-01-17 12:00,3.5,23.6,4.5,0,973,1026.3,72.5,,
883,2025-01-17 13:00,3.9,24,4.7,0,972.3,1025.5,68.2,,
883,2025-01-17 14:00,3.8,26.5,5.8,0,971.7,1024.8,65,,
883,2025-01-17 15:00,3.9,29.1,6.2,0,971.6,1024.7,59.9,,
883,2025-01-17 16:00,3.4,28.3,6.1,0,971.8,1025,61.9,,
883,2025-01-17 17:00,2.4,27.4,4.4,0,972.2,1025.7,67.9,,
883,2025-01-17 18:00,.6,47.8,2.9,0,972.4,1026.2,77.7,,
883,2025-01-17 19:00,-.1,85.8,3.4,0,972.9,1026.9,85,,
883,2025-01-17 20:00,0,82,4.1,0,972.8,1026.8,82.7,,
883,2025-01-17 21:00,.2,91.7,4,0,972.9,1026.9,80.8,,
883,2025-01-17 22:00,-.1,77.7,4.2,0,973,1027,81.3,,
883,2025-01-17 23:00,-.7,81,4.2,0,972.8,1026.9,82.8,,
883,2025-01-18 00:00,-.6,71.3,3.5,0,972.8,1026.9,61.8,,
883,2025-01-18 01:00,-1.8,66.3,2.5,0,972.2,1026.5,74,,
883,2025-01-18 02:00,-1.5,96.5,3.2,0,971.9,1026.2,99.2,,
883,2025-01-18 03:00,-1.7,84.6,1.8,0,972.4,1026.7,85.4,,
883,2025-01-18 04:00,-.9,82.6,2.9,0,972,1026.1,100,,
883,2025-01-18 05:00,-1.1,95.6,2.9,0,971.7,1025.9,66.4,,
883,2025-01-18 06:00,-1.4,98.2,3,0,971.9,1026.1,52.5,,
883,2025-01-18 07:00,-1.9,102.5,2.7,0,972.1,1026.5,51.5,,
883,2025-01-18 08:00,-1.2,108.3,3.2,0,971.9,1026.1,48,,
883,2025-01-18 09:00,4.4,151.4,3.1,0,972.1,1025.1,58.9,,
883,2025-01-18 10:00,6.6,204,2.2,0,972.6,1025.2,63,,
883,2025-01-18 11:00,7.1,212.6,2.2,0,972.4,1024.9,67.9,,
883,2025-01-18 12:00,7.7,286.9,3,0,971.9,1024.3,59.7,,
883,2025-01-18 13:00,8.5,23.1,3.2,0,970.2,1022.3,60.4,,
883,2025-01-18 14:00,7.8,316.3,2.1,0,969.6,1021.8,61.3,,
883,2025-01-18 15:00,8.6,315.1,2.2,0,969.3,1021.3,61.4,,
883,2025-01-18 16:00,6.7,330.2,3.3,0,969.3,1021.7,66.1,,
883,2025-01-18 17:00,5.8,27,2.4,0,969.4,1022,70.3,,
883,2025-01-18 18:00,3.4,40.7,1.2,0,969.8,1022.9,86.8,,
883,2025-01-18 19:00,1.2,95,2.5,0,969.6,1023.2,95,,
883,2025-01-18 20:00,.9,92.6,3.1,0,969.2,1022.8,99.1,,
883,2025-01-18 21:00,-.1,83.6,2.7,0,968.8,1022.6,100,,
883,2025-01-18 22:00,-.2,67.2,2.6,0,968.3,1022.1,99.9,,
883,2025-01-18 23:00,.1,0,.1,0,967.9,1021.6,100,,
883,2025-01-19 00:00,3,176.1,2.4,0,967.8,1020.8,99.9,,
883,2025-01-19 01:00,3.1,177.4,3.1,0,967.6,1020.7,99.7,,
883,2025-01-19 02:00,2,208,1.5,0,967.3,1020.6,98.3,,
883,2025-01-19 03:00,3,156.5,1.9,0,967,1020.1,100,,
883,2025-01-19 04:00,1.8,174.1,.8,0,966.9,1020.2,99.9,,
883,2025-01-19 05:00,1.6,141.6,1.7,0,966.7,1020,99.9,,
883,2025-01-19 06:00,1.7,127.4,.8,0,966.4,1019.7,100,,
883,2025-01-19 07:00,2.2,87.2,2.4,0,966.5,1019.7,100,,
883,2025-01-19 08:00,1.5,82.2,2.6,0,966.1,1019.4,96.2,,
883,2025-01-19 09:00,4.6,83.8,2.7,0,966,1018.7,83.6,,
883,2025-01-19 10:00,6.4,65.1,1.7,0,966.2,1018.5,70,,
883,2025-01-19 11:00,7.6,283.2,2,0,966,1018.1,66.6,,
883,2025-01-19 12:00,8.5,248.6,1.6,0,965.2,1017,63,,
883,2025-01-19 13:00,9.5,250.5,3,0,964.4,1016,56.8,,
883,2025-01-19 14:00,9.3,252.1,3.4,0,964.1,1015.7,57.7,,
883,2025-01-19 15:00,7.5,293.4,3.7,0,963.9,1015.9,64.9,,
883,2025-01-19 16:00,7.5,273.5,3,0,963.8,1015.8,64.6,,
883,2025-01-19 17:00,7.1,19.6,2.9,0,963.6,1015.6,71.5,,
883,2025-01-19 18:00,5,358.9,2,0,963.9,1016.4,77.7,,
883,2025-01-19 19:00,3.9,49.5,1.2,0,964.5,1017.2,84.4,,
883,2025-01-19 20:00,3.3,76.2,2.1,0,964.8,1017.7,90.5,,
883,2025-01-19 21:00,2.9,54.1,1.5,0,964.8,1017.8,88.7,,
883,2025-01-19 22:00,1.9,68.8,1.5,0,964.7,1017.9,95.4,,
883,2025-01-19 23:00,1.7,78.1,.5,0,964.6,1017.8,92.4,,
883,2025-01-20 00:00,2.5,76.8,1.9,0,964.6,1017.5,90.6,,
883,2025-01-20 01:00,3.7,83,1.7,0,964.4,1017.2,86.6,,
883,2025-01-20 02:00,5.1,54.7,1.3,0,964.1,1016.6,77.2,,
883,2025-01-20 03:00,5.4,298.8,1.8,0,964.3,1016.7,74.1,,
883,2025-01-20 04:00,5.3,307.4,2.2,0,963.9,1016.3,71.6,,
883,2025-01-20 05:00,5.4,297.7,2,0,963.2,1015.6,73.2,,
883,2025-01-20 06:00,4.6,56,1.6,0,963.2,1015.7,82,,
883,2025-01-20 07:00,4.4,26.8,1.8,0,963.7,1016.3,91.6,,
883,2025-01-20 08:00,3.5,26.8,2.5,0,963.9,1016.7,97.4,,
883,2025-01-20 09:00,4.1,27.9,2.8,0,964.3,1017,92.7,,
883,2025-01-20 10:00,5.9,28.4,4.3,0,964.5,1016.8,74.3,,
883,2025-01-20 11:00,6.9,17.2,4.6,0,964.7,1016.8,68.2,,
883,2025-01-20 12:00,7.5,36.9,5.3,0,964.2,1016.2,45.4,,
883,2025-01-20 13:00,7,20,5.4,0,963.8,1015.9,42.2,,
883,2025-01-20 14:00,7.2,28.6,6.1,0,963.2,1015.2,56.8,,
883,2025-01-20 15:00,6.3,37.3,5.4,0,963,1015.2,63.9,,
883,2025-01-20 16:00,5.2,25.5,4.8,0,963.6,1016,69.2,,
883,2025-01-20 17:00,4.6,23.2,5.1,0,964,1016.6,73.8,,
883,2025-01-20 18:00,3.9,25,5.2,0,964.8,1017.5,79.4,,
883,2025-01-20 19:00,3.1,26.4,5.1,0,965.4,1018.3,82.1,,
883,2025-01-20 20:00,1.7,26.8,5.1,0,965.5,1018.7,83.7,,
883,2025-01-20 21:00,1.8,33,5.2,0,965.8,1019,84.3,,
883,2025-01-20 22:00,1.7,44.2,4,0,966.1,1019.4,85,,
883,2025-01-20 23:00,1.6,43.8,3.3,0,966.5,1019.8,86.2,,
883,2025-01-21 00:00,2.4,38.2,3.6,0,966.4,1019.4,85.1,,
883,2025-01-21 01:00,2.9,30.8,5.2,0,966.7,1019.8,91.8,,
883,2025-01-21 02:00,1.9,44.2,3.9,0,966.8,1020.1,92.8,,
883,2025-01-21 03:00,2,53.8,4.5,0,966.8,1020,92.1,,
883,2025-01-21 04:00,1.9,52.2,4,0,966.8,1020.1,92.8,,
883,2025-01-21 05:00,2.3,54.1,4.7,0,966.9,1020.1,88.9,,
883,2025-01-21 06:00,1.7,41,4,0,967.5,1020.8,94.8,,
883,2025-01-21 07:00,1.5,64.9,4.2,0,968,1021.4,95.4,,
883,2025-01-21 08:00,1.4,63.5,4,0,968.4,1021.9,89.9,,
883,2025-01-21 09:00,2.7,42.4,3.3,0,969,1022.2,87.7,,
883,2025-01-21 10:00,4.7,30.3,5.4,0,969.4,1022.2,77.5,,
883,2025-01-21 11:00,5.9,31.9,5.1,0,969.6,1022.2,64.3,,
883,2025-01-21 12:00,7.5,31.4,5.7,0,969.3,1021.6,58.1,,
883,2025-01-21 13:00,7.7,29.6,5.4,0,969,1021.2,52.8,,
883,2025-01-21 14:00,7.2,35.7,5.5,0,968.8,1021.1,63.3,,
883,2025-01-21 15:00,7.4,29.6,6.2,0,968.5,1020.7,57.6,,
883,2025-01-21 16:00,7,29.1,5.3,0,968.8,1021.1,64.1,,
883,2025-01-21 17:00,5.1,28.6,5.8,0,969,1021.7,73.6,,
883,2025-01-21 18:00,2.6,24.8,4.2,0,969.4,1022.7,87,,
883,2025-01-21 19:00,1.8,39.5,3.2,0,970.2,1023.7,95.8,,
883,2025-01-21 20:00,1.9,46.1,3.3,0,970.3,1023.8,90.6,,
883,2025-01-21 21:00,3.6,90.5,3.3,0,970.2,1023.3,31.5,,
883,2025-01-21 22:00,2.4,137.4,2,0,970.8,1024.2,46.3,,
883,2025-01-21 23:00,.7,113.2,2.7,0,970.4,1024.1,83.7,,
883,2025-01-22 00:00,.6,148.5,2.5,0,970.5,1024.2,70.8,,
883,2025-01-22 01:00,.6,96.8,2.9,0,970.5,1024.2,70.8,,
883,2025-01-22 02:00,-.7,83.5,1.6,0,971.2,1025.3,57.8,,
883,2025-01-22 03:00,-.3,64.8,3.9,0,971.3,1025.3,60.8,,
883,2025-01-22 04:00,1.9,70.8,4.7,0,971.3,1024.8,68.3,,
883,2025-01-22 05:00,2.6,69.5,4.7,0,970.9,1024.2,82,,
883,2025-01-22 06:00,1.7,105.6,3.9,0,970.7,1024.2,49.3,,
883,2025-01-22 07:00,.6,67.1,1.4,0,971.3,1025.1,50.9,,
883,2025-01-22 08:00,1.5,105.3,2.7,0,971.8,1025.4,47.8,,
883,2025-01-22 09:00,5.1,86.2,1.5,0,972.3,1025.2,44.5,,
883,2025-01-22 10:00,9.7,288.8,1.3,0,972.6,1024.6,38.9,,
883,2025-01-22 11:00,10.4,181.4,2.9,0,972.5,1024.3,57.1,,
883,2025-01-22 12:00,10.4,215.2,2.5,0,972.2,1024,61.6,,
883,2025-01-22 13:00,9.8,209.9,2.6,0,971.6,1023.5,63.7,,
883,2025-01-22 14:00,11.9,222.8,2.8,0,971.1,1022.6,57,,
883,2025-01-22 15:00,10.6,241.3,2,0,970.8,1022.5,60.9,,
883,2025-01-22 16:00,9.6,232.7,1.9,0,970.8,1022.7,69.5,,
883,2025-01-22 17:00,8.5,332.6,1.3,0,970.7,1022.8,62.9,,
883,2025-01-22 18:00,6.5,130.5,.8,0,970.8,1023.3,74,,
883,2025-01-22 19:00,6.2,164.3,2.6,0,971.2,1023.8,92.6,,
883,2025-01-22 20:00,6.3,151.2,2.4,0,971.3,1023.9,94.7,,
883,2025-01-22 21:00,6.1,152.3,3.9,0,970.8,1023.4,87,,
883,2025-01-22 22:00,6.5,148.6,4.8,0,971.1,1023.7,84.5,,
883,2025-01-22 23:00,6.4,147.9,3.4,0,971.3,1023.9,82,,
883,2025-01-23 00:00,6.3,158.8,3,0,971.3,1023.8,82.8,,
883,2025-01-23 01:00,6.3,154,3.1,0,971,1023.6,81.8,,
883,2025-01-23 02:00,5.6,138.4,3,0,971,1023.7,84.9,,
883,2025-01-23 03:00,3.7,125.8,2.5,0,970.7,1023.8,90.3,,
883,2025-01-23 04:00,1.9,100.3,2.8,0,970.3,1023.8,100,,
883,2025-01-23 05:00,2.2,136.2,2.3,0,970.5,1023.9,99.9,,
883,2025-01-23 06:00,3.2,135.6,2.4,0,970.4,1023.6,100,,
883,2025-01-23 07:00,2.7,119.5,2.1,0,970.9,1024.2,100,,
883,2025-01-23 08:00,2.1,105.4,2.6,0,971.3,1024.8,100,,
883,2025-01-23 09:00,6.4,116.9,1.7,0,971.4,1024,91.9,,
883,2025-01-23 10:00,9.7,36.4,1.5,0,971.7,1023.6,70.3,,
883,2025-01-23 11:00,9.7,32.9,3.7,0,971.6,1023.5,72.7,,
883,2025-01-23 12:00,10.7,29.5,2.6,0,971,1022.7,62.2,,
883,2025-01-23 13:00,11.6,34.6,3.7,0,970,1021.5,62.4,,
883,2025-01-23 14:00,11.2,18.5,2.9,0,969.2,1020.7,59.3,,
883,2025-01-23 15:00,10.3,30.3,5.4,0,968.8,1020.5,73.6,,
883,2025-01-23 16:00,10.3,39,3.2,0,968.9,1020.6,65,,
883,2025-01-23 17:00,8.9,35.7,3.2,0,969.3,1021.3,75,,
883,2025-01-23 18:00,6.8,69.2,3,0,969.2,1021.6,83.6,,
883,2025-01-23 19:00,6.3,100.8,3.4,0,969.6,1022.1,83.6,,
883,2025-01-23 20:00,4.6,110.3,2.2,0,969.8,1022.7,95.3,,
883,2025-01-23 21:00,4.1,93.2,2.4,0,970.2,1023.2,100,,
883,2025-01-23 22:00,4.1,106.5,3,0,970.6,1023.6,100,,
883,2025-01-23 23:00,4.7,83.6,3,0,970.9,1023.8,99.9,,
883,2025-01-24 00:00,5.6,85.7,3,0,971.1,1023.8,95.7,,
883,2025-01-24 01:00,5.9,80.3,4.1,0,970.7,1023.4,97.6,,
883,2025-01-24 02:00,5.7,82.9,3.1,0,970.6,1023.3,94,,
883,2025-01-24 03:00,5.4,77.1,5,0,970,1022.7,48.1,,
883,2025-01-24 04:00,6.4,93.1,4,0,969.4,1021.9,26.3,,
883,2025-01-24 05:00,6,92.5,3,0,969.2,1021.8,29.4,,
883,2025-01-24 06:00,4.8,116.2,3.1,0,969.3,1022.1,54.7,,
883,2025-01-24 07:00,5,98,1.9,0,969.5,1022.3,40.3,,
883,2025-01-24 08:00,6.7,112,5.4,0,970.2,1022.7,31.6,,
883,2025-01-24 09:00,8.6,83,.7,0,970.8,1022.9,47.5,,
883,2025-01-24 10:00,10.7,255.5,1.5,0,971,1022.7,35.1,,
883,2025-01-24 11:00,11.8,242,1.7,0,971.2,1022.7,31.4,,
883,2025-01-24 12:00,12.6,41.9,4.1,0,970.5,1021.8,44.2,,
883,2025-01-24 13:00,12.9,44.5,4.8,0,969.7,1020.9,45.4,,
883,2025-01-24 14:00,11.7,49,4.9,0,968.7,1020.1,60.4,,
883,2025-01-24 15:00,12.4,55.2,5.1,0,968.5,1019.7,47.5,,
883,2025-01-24 16:00,10.7,46.8,5.2,0,969.2,1020.8,72.2,,
883,2025-01-24 17:00,9.2,53.4,3.4,0,969.4,1021.3,76.8,,
883,2025-01-24 18:00,7.5,69.9,2.8,0,969.2,1021.5,74.4,,
883,2025-01-24 19:00,6.6,126.4,2.7,0,970.2,1022.7,53.2,,
883,2025-01-24 20:00,5.5,53.1,2.1,0,970.8,1023.5,39.6,,
883,2025-01-24 21:00,6.3,63.5,4.4,0,970.6,1023.2,59.4,,
883,2025-01-24 22:00,6.3,54.7,3.8,0,971.1,1023.7,54.7,,
883,2025-01-24 23:00,6.2,59.4,5.1,0,970.7,1023.3,71.9,,
883,2025-01-25 00:00,6,52.2,4.4,0,971.1,1023.7,71.2,,
883,2025-01-25 01:00,6.1,69.6,5,0,970.7,1023.3,71.7,,
883,2025-01-25 02:00,6.1,68.9,5.3,0,971.2,1023.8,71.6,,
883,2025-01-25 03:00,5.9,66.6,5.9,0,971.3,1024,72.4,,
883,2025-01-25 04:00,4.9,74.8,4.6,0,971.3,1024.2,77.4,,
883,2025-01-25 05:00,5.7,73.4,5.6,0,971.1,1023.8,90.3,,
883,2025-01-25 06:00,5.5,64.5,4.8,0,971.1,1023.9,92.7,,
883,2025-01-25 07:00,5.1,65.2,6.4,0,971.6,1024.5,83.5,,
883,2025-01-25 08:00,4.8,66.1,6.3,0,971.7,1024.6,78.2,,
883,2025-01-25 09:00,5.6,72.7,7.6,0,972,1024.8,70.1,,
883,2025-01-25 10:00,6.8,75.5,6.3,0,972.4,1025,59.9,,
883,2025-01-25 11:00,7.6,52.3,7.6,0,972.7,1025.1,45.6,,
883,2025-01-25 12:00,8.5,61.4,7.2,0,972.1,1024.3,50.7,,
883,2025-01-25 13:00,8.9,76.3,8.3,0,971.2,1023.3,42.4,,
883,2025-01-25 14:00,9.3,67.4,8.2,0,970.4,1022.4,57,,
883,2025-01-25 15:00,8.2,81,8.7,0,969.9,1022.1,65.8,,
883,2025-01-25 16:00,8,64.2,7.4,0,970.2,1022.4,72.9,,
883,2025-01-25 17:00,6.6,69.2,9.4,0,970.6,1023.1,82.6,,
883,2025-01-25 18:00,5.5,77.9,7.3,0,971.1,1023.9,88.4,,
883,2025-01-25 19:00,5.1,69.4,9.3,0,971.4,1024.3,85.2,,
883,2025-01-25 20:00,5,73.4,10.3,0,971.7,1024.6,77.4,,
883,2025-01-25 21:00,4.8,73.7,6.1,0,971.9,1024.9,74.3,,
883,2025-01-25 22:00,4.5,71.3,8.1,0,972,1025,67.4,,
883,2025-01-25 23:00,4.7,86.9,7.1,0,972.1,1025.1,63.5,,
883,2025-01-26 00:00,4.6,78.8,7.7,0,972.1,1025.1,66.4,,
883,2025-01-26 01:00,3.6,70.7,4.7,0,971.8,1025,60.8,,
883,2025-01-26 02:00,3.3,102.5,3,0,972.3,1025.6,62.2,,
883,2025-01-26 03:00,2.8,85.1,4.8,0,971.9,1025.3,66.9,,
883,2025-01-26 04:00,3.4,75.9,5.9,0,972,1025.2,67.3,,
883,2025-01-26 05:00,3.1,67.5,6.8,0,971.5,1024.8,75.9,,
883,2025-01-26 06:00,2.8,63.2,4.8,0,971.5,1024.8,75.8,,
883,2025-01-26 07:00,3.1,69.2,6,0,971.5,1024.8,70.5,,
883,2025-01-26 08:00,3.8,53.3,4.3,0,972.2,1025.4,68.4,,
883,2025-01-26 09:00,4.8,76.1,4,0,972.6,1025.6,64.4,,
883,2025-01-26 10:00,4.7,45.3,5,0,972.8,1025.8,74.6,,
883,2025-01-26 11:00,7.4,68.7,1.9,0,972.8,1025.3,52.2,,
883,2025-01-26 12:00,7.8,34.1,3.1,0,971.4,1023.7,56.7,,
883,2025-01-26 13:00,7.5,40.7,5.3,0,969.8,1022.1,62.9,,
883,2025-01-26 14:00,8.3,73.6,3.1,0,968.2,1020.2,61.6,,
883,2025-01-26 15:00,7.3,74.8,2.6,0,968.4,1020.7,62.1,,
883,2025-01-26 16:00,6.5,57.7,3.3,0,968.1,1020.5,70.8,,
883,2025-01-26 17:00,5.8,96,2.7,0,968.1,1020.6,72.9,,
883,2025-01-26 18:00,5.4,210,.8,0,968.1,1020.7,69.4,,
883,2025-01-26 19:00,3.5,145.9,1.6,0,968.2,1021.2,80.9,,
883,2025-01-26 20:00,4.3,133.8,1.7,0,967.9,1020.7,82.3,,
883,2025-01-26 21:00,4.9,155.3,2.4,0,967.5,1020.2,79.1,,
883,2025-01-26 22:00,4.9,175.7,2.5,0,967.3,1020,78.4,,
883,2025-01-26 23:00,4.7,185,2.4,0,966.8,1019.5,70,,
883,2025-01-27 00:00,3.5,180.1,2.9,0,966.3,1019.1,86.2,,
883,2025-01-27 01:00,3,219.1,2.6,1,965.8,1018.8,100,,
883,2025-01-27 02:00,2.9,209.6,2,2,965.1,1018.1,100,,
883,2025-01-27 03:00,3,316.2,1.5,2.5,964.9,1017.8,100,,
883,2025-01-27 04:00,2.7,268,4,3.5,964.6,1017.6,100,,
883,2025-01-27 05:00,2.7,26.4,4.5,.5,963.9,1016.8,100,,
883,2025-01-27 06:00,2.1,35.7,3.6,4,963.7,1016.8,100,,
883,2025-01-27 07:00,1.8,37.2,2.8,3.5,964.3,1017.4,100,,
883,2025-01-27 08:00,.7,24.2,6.6,3,965.3,1018.7,100,,
883,2025-01-27 09:00,0,44,4.9,.5,966,1019.6,100,,
883,2025-01-27 10:00,.2,8.3,4.6,1.5,966.1,1019.7,100,,
883,2025-01-27 11:00,-.4,36.5,5.1,.5,966.3,1020,100,,
883,2025-01-27 12:00,-.3,271.8,5.2,1.5,966.1,1019.8,100,,
883,2025-01-27 13:00,.3,290.6,8.4,.5,965.2,1018.7,76.7,,
883,2025-01-27 14:00,-.1,300.1,7.9,.5,965,1018.6,77.4,,
883,2025-01-27 15:00,-.1,312.3,6,0,964.5,1018.1,78.8,,
883,2025-01-27 16:00,-.5,314.4,8.5,0,964.6,1018.2,73.5,,
883,2025-01-27 17:00,-1.2,343.7,5.7,0,965,1018.8,91.1,,
883,2025-01-27 18:00,-1.2,297.7,6.2,0,965.4,1019.2,80.6,,
883,2025-01-27 19:00,-1,292.5,6.9,0,965.8,1019.6,79.2,,
883,2025-01-27 20:00,-1.9,291.9,6.9,0,966,1020,100,,
883,2025-01-27 21:00,-1.6,290,8.6,.5,966.8,1020.8,87.9,,
883,2025-01-27 22:00,-1.8,300,7.6,0,966.9,1020.9,92.1,,
883,2025-01-27 23:00,-2.4,309.6,6.7,.5,966.9,1021.1,100,,
883,2025-01-28 00:00,-2.5,7.2,4.1,0,966.8,1020.9,100,,
883,2025-01-28 01:00,-2.7,310,7.4,.5,966.8,1021,100,,
883,2025-01-28 02:00,-2.4,289.8,3.9,.5,966.4,1020.5,100,,
883,2025-01-28 03:00,-2.3,284.1,5.1,.5,966.4,1020.5,100,,
883,2025-01-28 04:00,-1.8,274.6,5.7,1,966.2,1020.2,100,,
883,2025-01-28 05:00,-1.6,292,5.5,.5,966.3,1020.3,76.9,,
883,2025-01-28 06:00,-1.7,280.4,3.9,.5,966.3,1020.3,84,,
883,2025-01-28 07:00,-1.1,312.1,7.3,0,966.7,1020.6,75.4,,
883,2025-01-28 08:00,-1.7,309.3,6.8,.5,967.2,1021.2,84.1,,
883,2025-01-28 09:00,-1.1,311.6,7.3,0,967.6,1021.5,73.7,,
883,2025-01-28 10:00,-1.1,299.1,7.5,0,967.9,1021.9,72.7,,
883,2025-01-28 11:00,-.8,287.6,7.9,0,968.1,1022,75.7,,
883,2025-01-28 12:00,-.5,271.7,5.8,0,967.9,1021.7,85.1,,
883,2025-01-28 13:00,-.8,303,7.6,.5,967.3,1021.2,81.2,,
883,2025-01-28 14:00,-.6,316.4,7.8,0,967.1,1020.9,87.2,,
883,2025-01-28 15:00,-.7,314.2,9.4,0,967,1020.8,76.6,,
883,2025-01-28 16:00,-.5,318,9.4,0,967.4,1021.2,78,,
883,2025-01-28 17:00,-.7,315.6,8.9,0,967.7,1021.6,72.3,,
883,2025-01-28 18:00,-1.3,276.5,4.7,0,968.1,1022.1,84,,
883,2025-01-28 19:00,-1.9,288.3,7.4,0,968.9,1023.1,100,,
883,2025-01-28 20:00,-1.6,284,5.2,0,969.3,1023.4,91.5,,
883,2025-01-28 21:00,-1.1,302.7,6.5,0,969.8,1023.9,71.9,,
883,2025-01-28 22:00,-1.1,302.3,7.6,.5,970.2,1024.3,69.9,,
883,2025-01-28 23:00,-2,303.9,7.4,0,970.6,1024.9,95.3,,
883,2025-01-29 00:00,-1.4,15.7,4.8,0,970.7,1024.8,85.1,,
883,2025-01-29 01:00,-1,308.2,4.8,.5,970.7,1024.8,71,,
883,2025-01-29 02:00,-1,61.1,3.8,0,970.8,1024.9,75.9,,
883,2025-01-29 03:00,-1.4,47.9,5.2,0,970.5,1024.7,94.1,,
883,2025-01-29 04:00,-.9,32.3,6.2,0,970.4,1024.4,75.9,,
883,2025-01-29 05:00,-1.2,32.2,5.6,0,970.3,1024.4,79.7,,
883,2025-01-29 06:00,-1.2,47.7,5.1,0,970.7,1024.8,83.8,,
883,2025-01-29 07:00,-1.2,30.1,5.7,0,971,1025.1,68,,
883,2025-01-29 08:00,-1.2,48.8,4.5,0,971.8,1026,71.7,,
883,2025-01-29 09:00,-1,48.3,4.5,0,972.4,1026.6,69.6,,
883,2025-01-29 10:00,-.5,19.4,4.4,0,973.2,1027.3,65.8,,
883,2025-01-29 11:00,.2,86.2,4,0,973.5,1027.5,59.4,,
883,2025-01-29 12:00,0,21.2,5,.5,973.4,1027.4,64.3,,
883,2025-01-29 13:00,0,25.6,4.4,0,972.6,1026.6,70.3,,
883,2025-01-29 14:00,.4,49.9,4.6,0,972.3,1026.2,64,,
883,2025-01-29 15:00,.3,348.2,4.8,0,972.3,1026.2,66.9,,
883,2025-01-29 16:00,.3,37.2,6,0,972,1025.9,68.1,,
883,2025-01-29 17:00,.2,19.5,6.1,0,972.1,1026,61.6,,
883,2025-01-29 18:00,-.4,34.4,5.1,0,972.3,1026.3,71,,
883,2025-01-29 19:00,-.7,29.3,6.8,0,972.7,1026.8,64,,
883,2025-01-29 20:00,-1.1,27.4,5.9,0,972.8,1027,68.1,,
883,2025-01-29 21:00,-1.1,38.7,4.8,0,973.1,1027.3,71.3,,
883,2025-01-29 22:00,-1,26.2,5.3,0,973,1027.2,75.5,,
883,2025-01-29 23:00,-2,43,3.5,0,973.2,1027.6,76.8,,
883,2025-01-30 00:00,-2.3,72.4,4.5,0,973.3,1027.7,76.5,,
883,2025-01-30 01:00,-2.5,70,3.9,0,973.5,1028.1,75.4,,
883,2025-01-30 02:00,-3.4,90.8,4,0,973.6,1028.4,75.2,,
883,2025-01-30 03:00,-3.4,92.5,4.2,0,973.7,1028.5,73.6,,
883,2025-01-30 04:00,-3.1,107.4,3.5,0,974,1028.7,77.2,,
883,2025-01-30 05:00,-3.2,103,3.9,0,974.2,1028.9,81.2,,
883,2025-01-30 06:00,-3.2,71.5,1.5,0,974.7,1029.5,85.2,,
883,2025-01-30 07:00,-3.2,81.1,3.8,0,974.6,1029.4,80.2,,
883,2025-01-30 08:00,-2.8,103.2,4,0,974.7,1029.4,78.8,,
883,2025-01-30 09:00,0,98,3,0,974.6,1028.7,64.4,,
883,2025-01-30 10:00,2.2,115.9,1.8,0,975,1028.7,56.2,,
883,2025-01-30 11:00,3.7,212.1,1.1,0,975.5,1028.9,50.9,,
883,2025-01-30 12:00,4.3,202,1.6,0,975,1028.2,51.8,,
883,2025-01-30 13:00,5.2,210.1,1.4,0,973.9,1026.9,50.5,,
883,2025-01-30 14:00,5.1,258.2,1.4,0,973.5,1026.5,51.2,,
883,2025-01-30 15:00,4.3,19.9,2.2,0,973.2,1026.3,62.7,,
883,2025-01-30 16:00,5.2,138,1,0,972.7,1025.6,56.1,,
883,2025-01-30 17:00,4.6,249,1,0,972.9,1025.9,57.1,,
883,2025-01-30 18:00,2.2,.7,1.5,0,973.2,1026.8,72.9,,
883,2025-01-30 19:00,1.1,162.5,2.8,0,973.8,1027.6,82.6,,
883,2025-01-30 20:00,2.1,138.9,4,0,973.3,1026.9,73.7,,
883,2025-01-30 21:00,1.6,154.4,4.3,0,973.5,1027.2,79.2,,
883,2025-01-30 22:00,2.5,147.6,5.4,0,973.6,1027.1,74.6,,
883,2025-01-30 23:00,2.9,142.1,5.3,0,973.3,1026.7,75.7,,
883,2025-01-31 00:00,2.7,152.3,5,0,973.5,1026.9,79.5,,
883,2025-01-31 01:00,2.9,154.4,5.1,0,972.4,1025.8,81.3,,
883,2025-01-31 02:00,2.9,155.6,4.4,0,972.4,1025.8,84.9,,
883,2025-01-31 03:00,3.5,145.5,4.8,0,972.3,1025.5,86.8,,
883,2025-01-31 04:00,3.2,144.4,2.9,0,972.1,1025.4,87.6,,
883,2025-01-31 05:00,3.3,146.7,3.5,0,971.6,1024.8,89.1,,
883,2025-01-31 06:00,4.1,142.1,4.3,0,971,1024,88.4,,
883,2025-01-31 07:00,4.3,134.3,3.4,0,971.6,1024.6,87.7,,
883,2025-01-31 08:00,4.4,143.7,3.8,0,972.5,1025.6,89.8,,
883,2025-01-31 09:00,5.3,146.8,4.5,0,973.7,1026.6,85.6,,
883,2025-01-31 10:00,6.1,150.3,6.5,0,973.8,1026.6,86.6,,
883,2025-01-31 11:00,7,155.7,6.4,0,973,1025.6,78.4,,
883,2025-01-31 12:00,8.1,159.9,5.3,0,972.6,1024.9,74.1,,
883,2025-01-31 13:00,8.5,154,6.7,0,971.5,1023.7,75,,
883,2025-01-31 14:00,7.4,156.4,8.3,0,970.8,1023.2,78.4,,
883,2025-01-31 15:00,7,146.3,9.1,0,969.2,1021.6,80.4,,
883,2025-01-31 16:00,7,159.1,2.6,0,970,1022.4,83.7,,
883,2025-01-31 17:00,7.2,142.5,6.9,0,969,1021.3,81.4,,
883,2025-01-31 18:00,7.3,151.5,7.7,0,968.5,1020.8,83.2,,
883,2025-01-31 19:00,6.2,149,9.2,0,969.2,1021.7,100,,
883,2025-01-31 20:00,6.7,132.6,8.1,.5,969.3,1021.7,87.9,,
883,2025-01-31 21:00,6.9,136,7.8,0,969.3,1021.7,95.3,,
883,2025-01-31 22:00,7.2,136.8,8.5,0,968.7,1021,95.4,,
883,2025-01-31 23:00,7.4,142.9,7.3,0,968,1020.2,93.1,,
883,2025-02-01 00:00,7.4,143.7,8.5,0,967.2,1019.2,100,,
883,2025-02-01 01:00,6.8,149.9,6.9,0,967.2,1019.5,100,,
883,2025-02-01 02:00,6.4,143.6,8.5,.5,966.3,1018.6,93.4,,
883,2025-02-01 03:00,7.5,142.2,8.4,.5,965.2,1017.2,92.3,,
883,2025-02-01 04:00,8.7,146.3,8,0,964.4,1016.2,93.5,,
883,2025-02-01 05:00,8.7,129.5,8.1,1,963.4,1015.1,97,,
883,2025-02-01 06:00,9.6,119.6,7.8,2,962.3,1013.8,91.2,,
883,2025-02-01 07:00,9.1,107.3,6.2,4,962.1,1013.7,94.7,,
883,2025-02-01 08:00,7.6,94.1,7.3,4.5,961,1012.8,100,,
883,2025-02-01 09:00,7.6,36.9,7.8,1,959.8,1011.5,100,,
883,2025-02-01 10:00,7.6,53.8,6.1,1,958.9,1010.6,100,,
883,2025-02-01 11:00,8.3,70.1,8,1,958.3,1009.8,88.9,,
883,2025-02-01 12:00,6.6,65.6,10.3,1,960,1011.9,100,,
883,2025-02-01 13:00,5.1,68.1,13.3,0,960.4,1012.7,100,,
883,2025-02-01 14:00,4.6,68.4,13.9,.5,959.7,1012,100,,
883,2025-02-01 15:00,5.1,62,12.1,.5,960.6,1012.9,100,,
883,2025-02-01 16:00,5.1,67,11.1,0,961.5,1013.8,100,,
883,2025-02-01 17:00,4.9,57.3,7.7,0,961.7,1014.1,100,,
883,2025-02-01 18:00,4.5,55.8,8.6,0,962.1,1014.6,100,,
883,2025-02-01 19:00,4.2,47.6,9.6,0,961.9,1014.4,100,,
883,2025-02-01 20:00,4.1,68.5,6.4,0,963.6,1016.2,100,,
883,2025-02-01 21:00,4.1,62.1,5.6,0,964.1,1016.8,99.9,,
883,2025-02-01 22:00,4.3,77.8,5,0,964.6,1017.3,100,,
883,2025-02-01 23:00,4.6,69.8,4.2,0,965.5,1018.1,100,,
883,2025-02-02 00:00,4.7,41.6,4.6,0,965,1017.6,100,,
883,2025-02-02 01:00,4.7,29.1,5,0,966.1,1018.8,100,,
883,2025-02-02 02:00,4.5,28,5.4,0,965.6,1018.3,100,,
883,2025-02-02 03:00,4.5,34,5.3,0,965.4,1018.1,100,,
883,2025-02-02 04:00,4.4,34.4,6.6,0,965,1017.7,100,,
883,2025-02-02 05:00,4.4,38.1,5.6,0,964.8,1017.4,100,,
883,2025-02-02 06:00,4.5,34.5,5.5,0,965.1,1017.7,100,,
883,2025-02-02 07:00,4.5,49.2,3.3,0,964.7,1017.3,100,,
883,2025-02-02 08:00,4.4,29.8,4.3,0,964.3,1016.9,100,,
883,2025-02-02 09:00,4.4,32.2,5.1,0,964.5,1017.1,100,,
883,2025-02-02 10:00,5.2,31.5,5.3,0,965.8,1018.3,100,,
883,2025-02-02 11:00,5.9,37.7,4.1,0,966.8,1019.2,90.3,,
883,2025-02-02 12:00,7.4,29.1,6,0,966,1018.1,88.8,,
883,2025-02-02 13:00,6.7,27.7,4.8,0,965.1,1017.3,82.5,,
883,2025-02-02 14:00,7.1,31.6,5.7,0,964,1016.1,70.7,,
883,2025-02-02 15:00,6,26.2,6.1,0,963.6,1015.9,74.1,,
883,2025-02-02 16:00,5.1,29.9,4.9,0,964.6,1017.1,67.5,,
883,2025-02-02 17:00,4.1,27.5,5.1,0,964.3,1017,73.2,,
883,2025-02-02 18:00,3.4,34,5.4,0,963.8,1016.6,79.8,,
883,2025-02-02 19:00,3,39,5,0,964,1016.9,78.2,,
883,2025-02-02 20:00,2.3,38.4,3.8,0,965,1018.1,72,,
883,2025-02-02 21:00,2.2,29.9,6.9,0,965.4,1018.5,84.7,,
883,2025-02-02 22:00,2.2,34,6.2,0,965.6,1018.7,87.3,,
883,2025-02-02 23:00,2,48.7,3.9,0,965.6,1018.8,92.1,,
883,2025-02-03 00:00,2.8,30.2,6.9,0,965.9,1018.8,100,,
883,2025-02-03 01:00,2.9,24,7,0,966.4,1019.4,97.7,,
883,2025-02-03 02:00,2.7,26.8,6.6,0,966.9,1020,88.1,,
883,2025-02-03 03:00,2.8,29.4,7.5,0,965.7,1018.7,90,,
883,2025-02-03 04:00,2.7,25.7,8.9,0,965.7,1018.7,96.1,,
883,2025-02-03 05:00,2.5,27.5,9.4,0,965.4,1018.5,99.6,,
883,2025-02-03 06:00,2.6,30.8,9.5,0,964.9,1017.9,85.8,,
883,2025-02-03 07:00,2.1,33.3,9.5,0,965.7,1018.9,75.6,,
883,2025-02-03 08:00,1.8,26.4,10.5,0,966.4,1019.7,73.6,,
883,2025-02-03 09:00,1.8,29.4,11.4,0,966.6,1019.9,62.7,,
883,2025-02-03 10:00,1.1,24.7,11.5,0,967.2,1020.7,67.8,,
883,2025-02-03 11:00,1.1,28.3,12.7,0,967.1,1020.5,63.9,,
883,2025-02-03 12:00,.9,22.1,13.5,0,966.5,1020,64.2,,
883,2025-02-03 13:00,.4,29.2,12.3,0,966,1019.5,67.9,,
883,2025-02-03 14:00,.8,31.9,11.4,0,965.7,1019.1,68,,
883,2025-02-03 15:00,-.4,36.3,10.1,0,965.6,1019.3,74,,
883,2025-02-03 16:00,-.6,38.7,8.5,0,966.1,1019.8,66.9,,
883,2025-02-03 17:00,-1.6,27,7.5,0,967.1,1021.1,81.7,,
883,2025-02-03 18:00,-2.1,35.3,7.4,0,967.4,1021.5,81.5,,
883,2025-02-03 19:00,-1.3,28.9,7.5,0,967.2,1021.2,68.7,,
883,2025-02-03 20:00,-.9,38.5,7.3,0,967,1020.9,68.3,,
883,2025-02-03 21:00,-.7,24.6,7.1,0,967.2,1021,61.9,,
883,2025-02-03 22:00,-1.2,30.2,6.7,0,967.4,1021.3,72.5,,
883,2025-02-03 23:00,-1.5,14.3,7.1,0,967.7,1021.7,73.8,,
883,2025-02-04 00:00,-1.5,29.5,7.7,0,967.3,1021.2,74.4,,
883,2025-02-04 01:00,-2.3,29.4,9.5,0,967.5,1021.7,96.4,,
883,2025-02-04 02:00,-2.9,53.4,6.5,0,967.5,1021.8,88.4,,
883,2025-02-04 03:00,-2.6,32.5,6.3,0,967.3,1021.5,82.4,,
883,2025-02-04 04:00,-2.5,35.1,6,0,966.6,1020.8,73.1,,
883,2025-02-04 05:00,-2.4,42,6.9,0,966.1,1020.2,69.6,,
883,2025-02-04 06:00,-4,298.5,5.3,0,965.7,1020.1,100,,
883,2025-02-04 07:00,-3.2,38.8,6.5,0,965.5,1019.8,95.2,,
883,2025-02-04 08:00,-3.4,36.9,8.1,0,966.1,1020.4,78.9,,
883,2025-02-04 09:00,-3.1,20,6.8,0,966.5,1020.8,71.4,,
883,2025-02-04 10:00,-3.4,38.2,7.6,0,966.8,1021.2,100,,
883,2025-02-04 11:00,-3,34.9,7.4,.5,966.9,1021.2,79.2,,
883,2025-02-04 12:00,-2.1,18.2,6.3,0,966.8,1020.9,72.1,,
883,2025-02-04 13:00,-2.3,23.1,6.8,0,965.9,1020,71.7,,
883,2025-02-04 14:00,-2.4,45.9,5.9,.5,965.2,1019.3,78.8,,
883,2025-02-04 15:00,-2.2,11,8,0,964.7,1018.7,87.2,,
883,2025-02-04 16:00,-2.2,44.1,6.4,0,964.5,1018.5,73.6,,
883,2025-02-04 17:00,-2.1,32.2,6.6,0,964.5,1018.5,66.3,,
883,2025-02-04 18:00,-2.4,26.8,7.2,0,964.9,1019,64.9,,
883,2025-02-04 19:00,-2.4,27.3,5.9,0,965.1,1019.2,68,,
883,2025-02-04 20:00,-2.4,34.9,5.5,0,965.5,1019.6,70.8,,
883,2025-02-04 21:00,-2.3,33.9,5.8,0,965.9,1020,69.6,,
883,2025-02-04 22:00,-2.3,32.3,6.6,0,966,1020.1,71.6,,
883,2025-02-04 23:00,-2.2,21.6,5.5,0,965.9,1020,76.6,,
883,2025-02-05 00:00,-2.5,38.5,5.3,0,965.8,1019.9,74.1,,
883,2025-02-05 01:00,-2.3,44.4,5.8,0,965.8,1019.9,72.3,,
883,2025-02-05 02:00,-3.4,292.3,3.9,0,965.5,1019.8,89.7,,
883,2025-02-05 03:00,-2.4,16,6.3,0,965.2,1019.3,64.5,,
883,2025-02-05 04:00,-1.8,325.1,4.2,0,964.5,1018.4,65.7,,
883,2025-02-05 05:00,-2.5,46,3.7,0,964.1,1018.1,100,,
883,2025-02-05 06:00,-2,16,3.8,0,963.8,1017.7,100,,
883,2025-02-05 07:00,-.9,262.4,5.2,.5,964.3,1018,51.8,,
883,2025-02-05 08:00,-1.3,84.3,4.1,0,965.1,1018.9,67.2,,
883,2025-02-05 09:00,-1.1,281.6,6.5,0,965.7,1019.5,62.4,,
883,2025-02-05 10:00,-.9,13.5,5.1,0,966,1019.8,63.3,,
883,2025-02-05 11:00,-.6,298,5.7,0,966.1,1019.8,55.6,,
883,2025-02-05 12:00,0,306.9,7.8,0,965.7,1019.3,59.3,,
883,2025-02-05 13:00,.7,308.5,8.6,0,965,1018.4,58.2,,
883,2025-02-05 14:00,-.3,305,7.2,0,964.3,1017.9,68.8,,
883,2025-02-05 15:00,.8,316.6,6,0,964,1017.3,72.3,,
883,2025-02-05 16:00,.8,293.5,8.6,0,964,1017.3,65,,
883,2025-02-05 17:00,-1.2,48.2,6,0,963.8,1017.5,100,,
883,2025-02-05 18:00,-1.7,299.6,6.3,0,964.6,1018.5,100,,
883,2025-02-05 19:00,-1.6,311.2,6.1,0,964.9,1018.8,100,,
883,2025-02-05 20:00,-1.1,312.4,9.1,1,966,1019.8,86.5,,
883,2025-02-05 21:00,-2.4,33.9,5.9,0,966.3,1020.4,99.9,,
883,2025-02-05 22:00,-4,27.6,8.1,0,966.9,1021.4,100,,
883,2025-02-05 23:00,-4.2,27.9,6.3,.5,967.5,1022.1,99.9,,
883,2025-02-06 00:00,-4.2,37.7,4.9,.5,967.5,1022,100,,
883,2025-02-06 01:00,-3.1,26.2,6.9,.5,967.7,1022.1,100,,
883,2025-02-06 02:00,-3.1,31.4,5.8,0,967.5,1021.8,100,,
883,2025-02-06 03:00,-2.8,35.8,6.1,0,967.3,1021.6,82.4,,
883,2025-02-06 04:00,-3.1,26.1,5.4,.5,967.5,1021.8,78.5,,
883,2025-02-06 05:00,-3.2,27,3.9,0,967.8,1022.2,76.2,,
883,2025-02-06 06:00,-2.9,30,3.4,0,967.8,1022.1,80.2,,
883,2025-02-06 07:00,-3,29.6,3.1,0,968.4,1022.8,87.3,,
883,2025-02-06 08:00,-2.8,27.9,3.8,0,968.6,1022.9,100,,
883,2025-02-06 09:00,-2.7,297.3,2.9,0,969.6,1024,100,,
883,2025-02-06 10:00,-2.2,322.9,3.9,0,970,1024.3,99,,
883,2025-02-06 11:00,-1.1,24.4,3.5,.5,970,1024.1,100,,
883,2025-02-06 12:00,-.6,44.1,4.5,.5,969.8,1023.8,81.4,,
883,2025-02-06 13:00,-.3,28.1,4.1,.5,968.5,1022.3,75.2,,
883,2025-02-06 14:00,-.3,27.9,4.2,0,968,1021.8,75.7,,
883,2025-02-06 15:00,-.2,36.3,4.5,0,967.5,1021.2,73.3,,
883,2025-02-06 16:00,-.2,276.9,4.3,0,967.6,1021.3,66.7,,
883,2025-02-06 17:00,-.5,36.3,4.9,0,967.2,1021,74.3,,
883,2025-02-06 18:00,-.7,37,3.5,0,967.9,1021.8,67.4,,
883,2025-02-06 19:00,-.9,24.3,3.4,0,968,1021.9,66.7,,
883,2025-02-06 20:00,-1.8,35.8,2.3,0,968.1,1022.2,69.3,,
883,2025-02-06 21:00,-1.8,38.9,2.3,0,968.2,1022.3,67.5,,
883,2025-02-06 22:00,-2,58.6,1.9,0,968,1022.1,67.5,,
883,2025-02-06 23:00,-1.1,82.4,1.8,0,968.3,1022.3,69.7,,
883,2025-02-07 00:00,-.1,256.7,1.4,0,967.9,1021.6,69,,
883,2025-02-07 01:00,.9,282.3,4.4,0,967.9,1021.4,68.6,,
883,2025-02-07 02:00,1.2,303.9,5.4,0,967.6,1021.1,55.3,,
883,2025-02-07 03:00,1.4,306.7,4.1,0,967.2,1020.6,55.2,,
883,2025-02-07 04:00,1.2,288.3,3.8,0,966.4,1019.8,64.9,,
883,2025-02-07 05:00,1.6,285.6,4.7,0,965.4,1018.7,63.3,,
883,2025-02-07 06:00,1.6,303.3,7.1,0,965.9,1019.2,68.7,,
883,2025-02-07 07:00,2,255.2,5.7,0,965.6,1018.8,66.7,,
883,2025-02-07 08:00,2.4,288.2,8.2,0,965.8,1018.9,65.9,,
883,2025-02-07 09:00,0,17.1,5.3,0,966.5,1020.1,100,,
883,2025-02-07 10:00,0,45.1,4.8,0,967.1,1020.8,96.9,,
883,2025-02-07 11:00,-1.6,40.8,4.6,0,967.4,1021.4,100,,
883,2025-02-07 12:00,-2.5,37.8,5.8,.5,967.4,1021.6,100,,
883,2025-02-07 13:00,-3.4,50.5,7.3,.5,967.1,1021.5,100,,
883,2025-02-07 14:00,-3.8,23.1,7.2,0,966.7,1021.1,100,,
883,2025-02-07 15:00,-4.3,35.3,8.6,.5,967.4,1022,100,,
883,2025-02-07 16:00,-5.4,34.1,12.6,.5,967.6,1022.4,100,,
883,2025-02-07 17:00,-5.6,36.6,10.7,0,968.4,1023.3,100,,
883,2025-02-07 18:00,-5,42,11,0,969.1,1023.9,82.7,,
883,2025-02-07 19:00,-4.8,17.4,8,0,970.1,1025,96.1,,
883,2025-02-07 20:00,-4.5,36,9.2,0,970.8,1025.6,74.3,,
883,2025-02-07 21:00,-5.1,31.5,11.2,0,971.1,1026.1,100,,
883,2025-02-07 22:00,-5.8,35.2,10,0,971.5,1026.6,100,,
883,2025-02-07 23:00,-4.8,30.7,9.9,0,971.8,1026.7,89.5,,
883,2025-02-08 00:00,-4.7,29.9,8.8,0,972.3,1027.2,100,,
883,2025-02-08 01:00,-4.4,30.8,7.3,0,972.4,1027.3,90.1,,
883,2025-02-08 02:00,-4.1,33.8,9.6,0,972.2,1027,87,,
883,2025-02-08 03:00,-3.8,25,6.7,0,972.1,1026.9,68.4,,
883,2025-02-08 04:00,-4.6,30.5,7.6,0,971.9,1026.8,100,,
883,2025-02-08 05:00,-4.4,31.3,8,0,971.9,1026.8,100,,
883,2025-02-08 06:00,-3.9,36.4,6.9,0,972.1,1026.9,76.9,,
883,2025-02-08 07:00,-4.3,30,6.9,0,972.5,1027.4,93.2,,
883,2025-02-08 08:00,-3.9,31.7,9.1,0,972.9,1027.7,93.8,,
883,2025-02-08 09:00,-3.1,41,8,0,973.8,1028.5,70.8,,
883,2025-02-08 10:00,-3.6,31,9.3,.5,974,1028.8,100,,
883,2025-02-08 11:00,-2.2,27.8,7.8,0,974.1,1028.6,100,,
883,2025-02-08 12:00,-2.3,27.4,7.7,.5,974,1028.5,82.8,,
883,2025-02-08 13:00,-3.7,30.7,7.5,0,973.6,1028.4,100,,
883,2025-02-08 14:00,-2.1,31.4,8.1,.5,972.8,1027.2,69.4,,
883,2025-02-08 15:00,-2.1,37.8,8.5,0,972.3,1026.7,74,,
883,2025-02-08 16:00,-2,30.2,9.5,0,972.7,1027.1,77.8,,
883,2025-02-08 17:00,-2.2,34.8,9,0,972.9,1027.4,73.1,,
883,2025-02-08 18:00,-2.3,34.8,8.1,0,972.9,1027.4,80.1,,
883,2025-02-08 19:00,-2.5,30.7,7.7,0,973.5,1028.1,78.3,,
883,2025-02-08 20:00,-2.6,25.6,8.2,0,973.7,1028.3,77.5,,
883,2025-02-08 21:00,-2.5,27.5,7.3,0,973.4,1028,77,,
883,2025-02-08 22:00,-2.9,23.5,7,0,974,1028.7,89.4,,
883,2025-02-08 23:00,-3,35.5,6.6,0,974.3,1029,87.6,,
883,2025-02-09 00:00,-3.1,42.3,5.5,0,974.2,1028.9,89.3,,
883,2025-02-09 01:00,-3.3,60.6,4.6,0,974,1028.8,94.2,,
883,2025-02-09 02:00,-3.4,38.5,6,.5,973.7,1028.5,99.1,,
883,2025-02-09 03:00,-3.4,52.2,3.6,0,974,1028.8,100,,
883,2025-02-09 04:00,-3,24.6,5.8,.5,973.4,1028.1,100,,
883,2025-02-09 05:00,-2.7,26.9,5.4,0,973.4,1028,100,,
883,2025-02-09 06:00,-2.6,31.2,5.5,.5,973.2,1027.8,100,,
883,2025-02-09 07:00,-2.4,32.5,4.7,.5,973.3,1027.8,98,,
883,2025-02-09 08:00,-1.8,33,5,.5,973.6,1028,82.7,,
883,2025-02-09 09:00,-1.1,39.9,4.5,.5,973.9,1028.2,69.1,,
883,2025-02-09 10:00,-1.6,26.9,5,0,973.9,1028.3,100,,
883,2025-02-09 11:00,.7,22.7,5.4,.5,974.1,1028,64.8,,
883,2025-02-09 12:00,.6,31.4,5.5,.5,973.7,1027.6,62,,
883,2025-02-09 13:00,.3,30.2,4.7,.5,973.3,1027.3,63.6,,
883,2025-02-09 14:00,-.4,29.6,4,0,972.2,1026.2,77.7,,
883,2025-02-09 15:00,.4,25,4.7,0,971.7,1025.5,65.5,,
883,2025-02-09 16:00,.3,10.2,4.5,0,971.8,1025.7,68.3,,
883,2025-02-09 17:00,-.2,38.7,4.7,0,971.7,1025.7,70.2,,
883,2025-02-09 18:00,-.7,32,4.8,0,972.2,1026.3,70.2,,
883,2025-02-09 19:00,-.7,34.6,4.4,0,972.3,1026.4,68.3,,
883,2025-02-09 20:00,-1,26.4,5.3,0,971.9,1026.1,62.8,,
883,2025-02-09 21:00,-.9,32.2,2.8,0,972.2,1026.3,64,,
883,2025-02-09 22:00,-.9,37.2,2.7,0,972.8,1027,87.8,,
883,2025-02-09 23:00,-1,27.3,3.5,0,972.5,1026.7,67.1,,
883,2025-02-10 00:00,-1.1,25.4,3.4,0,972.8,1026.9,72.6,,
883,2025-02-10 01:00,-.9,32.5,3.3,0,972.8,1027,70.4,,
883,2025-02-10 02:00,-1,22,4,0,972.8,1027,75.8,,
883,2025-02-10 03:00,-.9,33.9,3.6,0,973,1027.2,74.7,,
883,2025-02-10 04:00,-.8,30.2,4.3,0,972.8,1027,72.6,,
883,2025-02-10 05:00,-.9,22.7,4.2,0,972.7,1026.9,72.8,,
883,2025-02-10 06:00,-1,28.8,5,0,972.4,1026.6,72.9,,
883,2025-02-10 07:00,-1.1,21.6,3.7,0,972.9,1027.1,72.9,,
883,2025-02-10 08:00,-.8,29.1,4.1,0,973.1,1027.3,71.4,,
883,2025-02-10 09:00,-.3,28.6,3.8,0,973.3,1027.4,71.5,,
883,2025-02-10 10:00,.4,23.9,5.5,0,973.8,1027.8,68.8,,
883,2025-02-10 11:00,1.1,29.5,5.3,0,974.2,1028,64.4,,
883,2025-02-10 12:00,1.4,31.9,6,0,974,1027.8,63.8,,
883,2025-02-10 13:00,1.3,36.9,5.5,0,973.4,1027.2,66.1,,
883,2025-02-10 14:00,1.6,28.6,7.4,0,972.5,1026.1,65.1,,
883,2025-02-10 15:00,1.2,32.5,8,0,972.1,1025.8,68.8,,
883,2025-02-10 16:00,1.3,25.6,7,0,972.1,1025.8,66.9,,
883,2025-02-10 17:00,0,29.7,7.9,0,972.1,1026.1,76.2,,
883,2025-02-10 18:00,-.6,36.2,4.4,0,972.6,1026.7,79.8,,
883,2025-02-10 19:00,-1.5,60.8,3.7,0,973.1,1027.4,78.1,,
883,2025-02-10 20:00,-1.6,61,3.7,0,973.6,1028,82,,
883,2025-02-10 21:00,-1.8,93.6,3.6,0,973.8,1028.2,79.1,,
883,2025-02-10 22:00,-1.7,80.8,3.4,0,973.8,1028.2,81.6,,
883,2025-02-10 23:00,-2.4,94.5,3.9,0,973.9,1028.5,80.3,,
883,2025-02-11 00:00,-1.9,104.6,4,0,973.8,1028.2,81.1,,
883,2025-02-11 01:00,-4.2,95.1,2.7,0,974,1028.9,99.9,,
883,2025-02-11 02:00,-4.3,96.1,2.5,0,974.1,1029.1,100,,
883,2025-02-11 03:00,-3.6,111.2,2.2,0,974.3,1029.1,99.9,,
883,2025-02-11 04:00,-3.3,126.8,2.1,0,974.5,1029.3,100,,
883,2025-02-11 05:00,-3.6,110.9,2.6,0,974.5,1029.3,99.7,,
883,2025-02-11 06:00,-3.6,120.1,2.6,0,974.7,1029.6,99.9,,
883,2025-02-11 07:00,-3.8,105.1,3.2,0,975.2,1030.1,100,,
883,2025-02-11 08:00,-3.5,129.9,2.3,0,975.3,1030.2,94.7,,
883,2025-02-11 09:00,3.6,161.1,2.4,0,975.7,1029.1,46.3,,
883,2025-02-11 10:00,5.4,184.2,3,0,976.1,1029.2,36.6,,
883,2025-02-11 11:00,6.8,186.6,3.1,0,975.7,1028.4,26.2,,
883,2025-02-11 12:00,7.7,161.9,2.8,0,975,1027.5,23,,
883,2025-02-11 13:00,7.8,156.1,4.8,0,974.1,1026.6,30.7,,
883,2025-02-11 14:00,9.9,162.9,3.2,0,972.4,1024.3,35.7,,
883,2025-02-11 15:00,9.2,167.8,5.1,0,971.6,1023.6,44.5,,
883,2025-02-11 16:00,9.4,176.1,3.3,0,970.9,1022.9,47.4,,
883,2025-02-11 17:00,6.8,150.4,4.2,0,971.1,1023.6,55.5,,
883,2025-02-11 18:00,4.6,154.2,5.5,0,971.2,1024.2,65.8,,
883,2025-02-11 19:00,4.6,156.8,5.2,0,971.5,1024.5,66.1,,
883,2025-02-11 20:00,5.1,135.8,10,0,970.6,1023.4,69.6,,
883,2025-02-11 21:00,5.5,117.3,6.9,0,971,1023.8,65.1,,
883,2025-02-11 22:00,5.7,142.7,5.4,0,970.3,1023,63.3,,
883,2025-02-11 23:00,6.9,141.5,8.5,0,969.9,1022.3,71,,
883,2025-02-12 00:00,6.4,141.1,7.7,0,968.9,1021.2,85.7,,
883,2025-02-12 01:00,7.1,153.1,8.5,0,967.7,1020,91.8,,
883,2025-02-12 02:00,6.5,159.6,7.3,.5,967,1019.3,100,,
883,2025-02-12 03:00,7,157.8,7.6,1,966.3,1018.5,100,,
883,2025-02-12 04:00,7.9,160.1,9.8,1.5,964.9,1016.8,100,,
883,2025-02-12 05:00,8.9,169.2,8.5,3.5,964.3,1016,100,,
883,2025-02-12 06:00,10.5,192.7,6.3,5.5,963.5,1014.8,100,,
883,2025-02-12 07:00,11.3,217.9,6.5,7,964,1015.2,100,,
883,2025-02-12 08:00,10.4,253,5.3,1.5,964.2,1015.6,100,,
883,2025-02-12 09:00,9.6,262.1,4.6,0,964.5,1016.1,100,,
883,2025-02-12 10:00,8.8,296.4,4.6,0,964.2,1015.9,100,,
883,2025-02-12 11:00,8.8,306.5,4.4,0,964.3,1016,100,,
883,2025-02-12 12:00,8.3,311.1,6.4,0,963.9,1015.7,100,,
883,2025-02-12 13:00,7.8,309.4,6.4,0,963.3,1015.2,100,,
883,2025-02-12 14:00,7.5,316.7,6,0,962.3,1014.2,100,,
883,2025-02-12 15:00,6.9,312.1,6.5,0,962.2,1014.2,100,,
883,2025-02-12 16:00,6.2,14.3,5.7,0,962.5,1014.7,100,,
883,2025-02-12 17:00,4.8,34.6,7.7,0,963.4,1015.9,100,,
883,2025-02-12 18:00,4.4,26.8,8.2,0,964.5,1017.1,100,,
883,2025-02-12 19:00,3.9,26.7,9.4,0,965.4,1018.2,100,,
883,2025-02-12 20:00,3.4,41.5,7.7,0,966.6,1019.5,100,,
883,2025-02-12 21:00,2.4,36.9,10,0,967.5,1020.7,100,,
883,2025-02-12 22:00,1.8,30,11.3,0,967.9,1021.2,89.1,,
883,2025-02-12 23:00,.6,32.5,11.2,0,967.9,1021.5,78.8,,
883,2025-02-13 00:00,.6,27.7,12.9,0,968.7,1022.3,79.7,,
883,2025-02-13 01:00,.3,23.4,13.3,0,969.3,1023,73.9,,
883,2025-02-13 02:00,.2,23.8,11.9,0,969.3,1023.1,72.1,,
883,2025-02-13 03:00,-.2,27.2,11.6,0,969.8,1023.7,66.2,,
883,2025-02-13 04:00,-.4,25.5,12.7,0,969.5,1023.4,67.6,,
883,2025-02-13 05:00,-.9,27.5,11.3,0,969.7,1023.7,67.7,,
883,2025-02-13 06:00,-1.3,30,11,0,970.1,1024.2,68.2,,
883,2025-02-13 07:00,-2,28.3,10.2,0,970.7,1025,57.2,,
883,2025-02-13 08:00,-1.5,27.8,8.7,0,971.7,1025.9,64.6,,
883,2025-02-13 09:00,-.4,32.5,7.4,0,972.5,1026.6,63.2,,
883,2025-02-13 10:00,.2,31.2,7.8,0,972.6,1026.5,62.3,,
883,2025-02-13 11:00,.7,25.9,8.3,0,972.3,1026.1,59,,
883,2025-02-13 12:00,2.3,30.8,6.7,0,972.2,1025.7,58.6,,
883,2025-02-13 13:00,2.9,33.3,6.6,0,971.7,1025,58.3,,
883,2025-02-13 14:00,2.9,18.1,5.7,0,970.9,1024.2,57.4,,
883,2025-02-13 15:00,2.5,27.6,4.8,0,970.5,1023.8,56.5,,
883,2025-02-13 16:00,2.6,24.2,6.6,0,970.5,1023.8,59.2,,
883,2025-02-13 17:00,2,27.5,6.5,0,970.7,1024.2,62.3,,
883,2025-02-13 18:00,.7,27.7,5.8,0,971,1024.7,61.2,,
883,2025-02-13 19:00,-.5,36.7,4.2,0,971.4,1025.4,69.7,,
883,2025-02-13 20:00,-.4,53.3,3.6,0,971.5,1025.5,68.9,,
883,2025-02-13 21:00,-.1,58.6,4.6,0,971.5,1025.4,68.7,,
883,2025-02-13 22:00,.1,53.1,4.8,0,971,1024.9,68.1,,
883,2025-02-13 23:00,-.1,62.9,4.7,0,971.2,1025.1,70.9,,
883,2025-02-14 00:00,.2,60.8,4.2,0,971.3,1025.1,71.7,,
883,2025-02-14 01:00,.2,63.9,5.4,0,971.3,1025.2,74.2,,
883,2025-02-14 02:00,.4,64.4,4.5,0,971.4,1025.2,74.9,,
883,2025-02-14 03:00,.3,61.6,6,0,970.8,1024.6,76.6,,
883,2025-02-14 04:00,.2,68.1,4.1,0,970.4,1024.2,70.7,,
883,2025-02-14 05:00,.6,69.7,4.7,0,970.3,1024,75.3,,
883,2025-02-14 06:00,0,90,3.9,0,970.7,1024.6,78.5,,
883,2025-02-14 07:00,-.3,98.3,4.8,0,971.1,1025.1,86.3,,
883,2025-02-14 08:00,.6,91.7,3.4,0,971.2,1025,82.8,,
883,2025-02-14 09:00,3.1,69.4,1.3,0,971,1024.3,56.3,,
883,2025-02-14 10:00,5.6,20.5,2.1,0,971.4,1024.2,54.2,,
883,2025-02-14 11:00,5.9,334.7,2.8,0,970.9,1023.6,55.9,,
883,2025-02-14 12:00,8.6,187.7,1.8,0,970.3,1022.4,53.8,,
883,2025-02-14 13:00,8.3,19.6,3.4,0,969.4,1021.5,58.7,,
883,2025-02-14 14:00,7.1,28.8,3.4,0,968.8,1021.1,61.8,,
883,2025-02-14 15:00,7.7,20.5,3.4,0,968.3,1020.5,63.1,,
883,2025-02-14 16:00,5.8,25.1,4.2,0,968.1,1020.6,70,,
883,2025-02-14 17:00,5,29.7,4.2,0,968.1,1020.8,73.9,,
883,2025-02-14 18:00,4.2,22.4,3.3,0,967.7,1020.5,76.9,,
883,2025-02-14 19:00,3.1,29.8,2.9,0,968.1,1021.2,82.2,,
883,2025-02-14 20:00,3.1,33.8,3.4,0,968.3,1021.4,82.4,,
883,2025-02-14 21:00,3.4,60,2.8,0,968.8,1021.9,79.7,,
883,2025-02-14 22:00,2.7,85.8,2.4,0,968.6,1021.8,82,,
883,2025-02-14 23:00,2.5,77.3,1.7,0,968.2,1021.4,91.4,,
883,2025-02-15 00:00,3.4,0,.2,0,968,1020.9,90.3,,
883,2025-02-15 01:00,3.6,0,.1,0,968,1021,91.1,,
883,2025-02-15 02:00,4.3,175.7,2.9,0,967.8,1020.6,97.9,,
883,2025-02-15 03:00,4.7,156,2.7,0,967.3,1020,96,,
883,2025-02-15 04:00,4.9,153.7,3,0,966.6,1019.2,90.6,,
883,2025-02-15 05:00,5.1,166.3,2.7,0,966.3,1018.9,78.4,,
883,2025-02-15 06:00,5.2,179.4,2.1,0,966.3,1018.9,79.9,,
883,2025-02-15 07:00,4.9,207.3,1,0,966.5,1019.1,85,,
883,2025-02-15 08:00,4.9,188.3,1.2,0,966.6,1019.2,92.6,,
883,2025-02-15 09:00,5.5,0,.1,0,966.6,1019.1,93.5,,
883,2025-02-15 10:00,5.7,200,1.9,0,966.9,1019.4,92,,
883,2025-02-15 11:00,6.1,196.8,2.5,0,966.5,1018.9,99.9,,
883,2025-02-15 12:00,5.1,193.4,2.9,.5,965.9,1018.5,94.8,,
883,2025-02-15 13:00,6.4,191.1,2.9,0,964.8,1017,92.4,,
883,2025-02-15 14:00,6,203.8,2.9,0,964.3,1016.6,98,,
883,2025-02-15 15:00,5.9,222.1,2.3,0,963.8,1016.1,99.2,,
883,2025-02-15 16:00,5.3,200,1.8,0,963.8,1016.2,99.9,,
883,2025-02-15 17:00,4.7,205.3,1.3,.5,964,1016.5,100,,
883,2025-02-15 18:00,4.7,156.6,2.2,0,963.8,1016.3,100,,
883,2025-02-15 19:00,4.7,0,0,.5,964.1,1016.6,100,,
883,2025-02-15 20:00,4.6,135.7,.7,.5,964.6,1017.2,100,,
883,2025-02-15 21:00,4.6,133.7,.9,0,964.7,1017.3,100,,
883,2025-02-15 22:00,4.3,53.4,1.9,0,965.1,1017.8,100,,
883,2025-02-15 23:00,4.3,75.6,2.8,0,964.6,1017.3,100,,
883,2025-02-16 00:00,3.5,53.6,2.4,0,964.6,1017.3,100,,
883,2025-02-16 01:00,3.6,63,3.4,0,964.7,1017.5,100,,
883,2025-02-16 02:00,3.2,71.7,3.6,0,964.4,1017.3,100,,
883,2025-02-16 03:00,3.4,76.4,3.5,0,964.1,1016.9,99.9,,
883,2025-02-16 04:00,3.7,59.4,3.2,0,964.1,1016.9,100,,
883,2025-02-16 05:00,4,54,3,0,964.6,1017.3,100,,
883,2025-02-16 06:00,3.8,42,3,,964.4,1017.1,100,,
883,2025-02-16 07:00,3.6,36,3.7,,964.7,1017.5,100,,
883,2025-02-16 08:00,3.5,62,3.2,,965,1017.8,100,,
883,2025-02-16 09:00,5.2,50.8,2.2,,964.9,1017.4,100,,
883,2025-02-16 10:00,6.3,14.6,2.7,,966,1018.3,87.9,,
883,2025-02-16 11:00,7.5,32.4,3.7,,965.5,1017.6,81.7,,
883,2025-02-16 12:00,8,323.2,3.4,,965.9,1017.9,75.5,,
883,2025-02-16 13:00,8.2,304.7,3.7,,965.5,1017.4,80.2,,
883,2025-02-16 14:00,9.6,351.9,3.9,,964.6,1016.2,58.9,,
883,2025-02-16 15:00,9.1,21.7,4.4,,964.2,1015.9,62.2,,
883,2025-02-16 16:00,8.1,6.5,4.3,,964.8,1016.7,74.9,,
883,2025-02-16 17:00,8,318,2.7,,964.7,1016.6,85.1,,
883,2025-02-16 18:00,7.1,40.1,3.5,,965.3,1017.4,99.1,,
883,2025-02-16 19:00,6.7,29.1,3,,966.1,1018.3,99.9,,
883,2025-02-16 20:00,6.7,35.8,3,,966.4,1018.7,100,,
883,2025-02-16 21:00,6.2,39.4,4.8,,967,1019.4,100,,
883,2025-02-16 22:00,5,24.4,5.5,,967.4,1020.1,100,,
883,2025-02-16 23:00,3.6,26.4,6.6,,967.8,1020.8,100,,
883,2025-02-17 00:00,3.1,29.4,8,,968.1,1021.1,100,,
883,2025-02-17 01:00,2.8,28.5,8.8,0,968.5,1021.7,100,,
883,2025-02-17 02:00,2.6,25.9,8.5,0,968.7,1021.9,96.5,,
883,2025-02-17 03:00,2,24.1,9.7,0,968.7,1022.1,85.4,,
883,2025-02-17 04:00,1.8,27.7,10.2,0,968.4,1021.8,83,,
883,2025-02-17 05:00,.9,27.6,10.5,0,968.9,1022.5,77.2,,
883,2025-02-17 06:00,.4,26.9,10.1,0,969.6,1023.3,72.7,,
883,2025-02-17 07:00,-.2,26.5,11.5,0,969.9,1023.8,56.8,,
883,2025-02-17 08:00,-.4,27.3,11.2,0,970.2,1024.1,56.8,,
883,2025-02-17 09:00,.5,27.3,11.3,0,971,1024.8,54.1,,
883,2025-02-17 10:00,1.1,25.6,12.1,0,971.4,1025.1,53.5,,
883,2025-02-17 11:00,1.9,25.8,11.2,0,971.7,1025.2,55.9,,
883,2025-02-17 12:00,3,25.5,11,0,971.8,1025.1,50.6,,
883,2025-02-17 13:00,2.8,28.9,9.6,0,972.2,1025.6,52.8,,
883,2025-02-17 14:00,3.3,26.4,10.9,0,971.2,1024.4,54.2,,
883,2025-02-17 15:00,2.9,28.7,11.1,0,970.5,1023.8,56.9,,
883,2025-02-17 16:00,2,31.6,10.3,0,970.6,1024.1,63.9,,
883,2025-02-17 17:00,1.5,30.3,9.7,0,970.8,1024.4,68.5,,
883,2025-02-17 18:00,1.3,32.4,7.9,0,971.3,1024.9,69.8,,
883,2025-02-17 19:00,1.2,32.1,8.6,0,971.1,1024.7,75.2,,
883,2025-02-17 20:00,1,24.3,9.8,0,970.8,1024.5,71.2,,
883,2025-02-17 21:00,.7,26.3,8.8,0,971.1,1024.9,77,,
883,2025-02-17 22:00,.1,25.5,9.1,0,971.5,1025.4,72.4,,
883,2025-02-17 23:00,-.2,25.8,9.5,0,971.2,1025.1,71.8,,
883,2025-02-18 00:00,-.3,27.8,9.2,0,971.1,1025,79.6,,
883,2025-02-18 01:00,-.8,22.9,9,0,971.7,1025.8,77.2,,
883,2025-02-18 02:00,-.8,24.8,8.5,0,971.8,1025.9,78.3,,
883,2025-02-18 03:00,-1,32,9.6,0,971.9,1026.1,73.6,,
883,2025-02-18 04:00,-1,25.8,8.7,0,971.6,1025.7,83.7,,
883,2025-02-18 05:00,-.8,32.6,8.7,0,971.9,1026,73.5,,
883,2025-02-18 06:00,-.7,29.2,9.5,0,972,1026.1,73.5,,
883,2025-02-18 07:00,-.7,26.8,9.8,0,972.1,1026.2,74.7,,
883,2025-02-18 08:00,-.6,26.3,9.8,0,972.5,1026.6,74.4,,
883,2025-02-18 09:00,-.2,24.8,9.3,0,972.6,1026.6,66.6,,
883,2025-02-18 10:00,.2,25.5,10,0,972.8,1026.8,64.7,,
883,2025-02-18 11:00,1.4,30.1,9.7,0,972.8,1026.5,67.9,,
883,2025-02-18 12:00,.8,28.7,10.4,0,972.9,1026.7,64,,
883,2025-02-18 13:00,2.1,29.4,10,0,972.3,1025.8,56,,
883,2025-02-18 14:00,1.6,26.5,11.4,0,971.8,1025.4,55.8,,
883,2025-02-18 15:00,.8,29.5,11,0,972.2,1026,58.8,,
883,2025-02-18 16:00,.7,31.8,9.7,0,972.1,1025.9,61,,
883,2025-02-18 17:00,-.1,27.8,9.5,0,972.4,1026.4,65.7,,
883,2025-02-18 18:00,-.7,22.5,11,0,972.6,1026.7,64.8,,
883,2025-02-18 19:00,-.7,25.8,10,0,972.8,1026.9,70.3,,
883,2025-02-18 20:00,-1,29.4,9.9,0,973.2,1027.4,67.7,,
883,2025-02-18 21:00,-.6,29.5,10.2,0,973.4,1027.6,69.4,,
883,2025-02-18 22:00,-.7,30,9.7,0,973.4,1027.6,72.6,,
883,2025-02-18 23:00,-.6,28.7,8.8,0,973.4,1027.6,76.1,,
883,2025-02-19 00:00,-.4,28.5,9.6,0,973.3,1027.4,82.3,,
883,2025-02-19 01:00,-.9,27.9,8.9,0,973,1027.2,77.8,,
883,2025-02-19 02:00,-.4,25.4,9.5,0,973,1027.1,80.2,,
883,2025-02-19 03:00,-.2,25.8,8.7,0,972.9,1026.9,77.6,,
883,2025-02-19 04:00,-.2,26.9,8.6,0,972.8,1026.8,71.3,,
883,2025-02-19 05:00,-.1,28.9,8.9,0,972.9,1026.9,70.3,,
883,2025-02-19 06:00,-.1,33.1,7.1,0,973.6,1027.7,69.2,,
883,2025-02-19 07:00,-.1,36,7,0,974.1,1028.2,65.8,,
883,2025-02-19 08:00,-.2,39.4,7.6,0,974.7,1028.8,55.9,,
883,2025-02-19 09:00,.5,30.4,9.2,0,974.8,1028.8,57,,
883,2025-02-19 10:00,.9,39.7,6.2,0,975.4,1029.3,61.3,,
883,2025-02-19 11:00,1.1,31.8,7.8,0,975.7,1029.6,62,,
883,2025-02-19 12:00,1.8,14.3,7.3,0,975.5,1029.3,57.3,,
883,2025-02-19 13:00,.9,29.5,9.6,0,974.9,1028.8,58.9,,
883,2025-02-19 14:00,.7,33.2,9.5,0,974.4,1028.3,65.8,,
883,2025-02-19 15:00,-.2,27.3,10.5,0,974.3,1028.4,64.4,,
883,2025-02-19 16:00,-.3,27.7,10.6,0,973.9,1028,66.9,,
883,2025-02-19 17:00,-.1,26,10.8,0,974,1028.1,65.6,,
883,2025-02-19 18:00,-1.1,27.2,10.6,0,974.2,1028.5,70.8,,
883,2025-02-19 19:00,-1.3,25.6,9.5,0,974,1028.3,75.7,,
883,2025-02-19 20:00,-1.2,26.4,9.2,0,974.4,1028.7,78.2,,
883,2025-02-19 21:00,-1.4,28.4,8.7,0,974.7,1029.1,78.6,,
883,2025-02-19 22:00,-1.8,22.1,8.9,0,975,1029.5,75.5,,
883,2025-02-19 23:00,-1.7,26.2,7.4,0,975.1,1029.6,77.8,,
883,2025-02-20 00:00,-1.8,27.4,7.8,0,975.5,1030,75.2,,
883,2025-02-20 01:00,-2,33.7,7.5,0,975.1,1029.6,76.8,,
883,2025-02-20 02:00,-1.9,33.5,7.8,0,975.2,1029.7,79,,
883,2025-02-20 03:00,-2.1,37.2,7.4,0,975.2,1029.8,80.2,,
883,2025-02-20 04:00,-1.9,39.9,7.1,0,975.1,1029.6,80.5,,
883,2025-02-20 05:00,-1.8,31.3,9.4,0,974.7,1029.2,78.7,,
883,2025-02-20 06:00,-2.2,31.5,8.7,0,975.1,1029.7,77,,
883,2025-02-20 07:00,-1.9,38.2,7.3,0,975.2,1029.7,78.3,,
883,2025-02-20 08:00,-1.3,32.9,7.5,0,976.1,1030.6,77,,
883,2025-02-20 09:00,-.4,34.2,7.4,0,976.4,1030.7,71.5,,
883,2025-02-20 10:00,.4,26.8,8.1,0,976.7,1030.8,71.8,,
883,2025-02-20 11:00,1.9,34.2,7.5,0,976.6,1030.4,64.4,,
883,2025-02-20 12:00,2.6,28.2,8.5,0,976.2,1029.8,54.6,,
883,2025-02-20 13:00,1.7,26.2,8.2,0,975.3,1029.1,52.1,,
883,2025-02-20 14:00,2.5,28,7.9,0,975.1,1028.7,56.3,,
883,2025-02-20 15:00,1.6,25,8,0,975.1,1028.9,57.7,,
883,2025-02-20 16:00,.8,31.2,8.9,0,974.6,1028.5,59.2,,
883,2025-02-20 17:00,0,28.7,10.7,0,974,1028.1,61.2,,
883,2025-02-20 18:00,-.9,27.8,9.7,0,974.6,1028.9,58.2,,
883,2025-02-20 19:00,-1.1,31.9,10,0,974.7,1029,61,,
883,2025-02-20 20:00,-1.3,32.2,9.7,0,975.1,1029.5,60.9,,
883,2025-02-20 21:00,-1.6,31.7,8.9,0,975.4,1029.9,67.7,,
883,2025-02-20 22:00,-1.8,31.7,10.1,0,975.4,1029.9,64.2,,
883,2025-02-20 23:00,-1.9,33,9.6,0,975,1029.5,67.5,,
883,2025-02-21 00:00,-1.9,30.3,8.4,0,975.3,1029.8,71.8,,
883,2025-02-21 01:00,-1.9,31.4,9.2,0,975.4,1029.9,66.9,,
883,2025-02-21 02:00,-1.9,31.8,8.5,0,975.5,1030,72.9,,
883,2025-02-21 03:00,-1.8,35.9,8,0,975.2,1029.7,76.1,,
883,2025-02-21 04:00,-1.7,27.1,9.3,0,975.2,1029.7,72.8,,
883,2025-02-21 05:00,-1.5,27.6,8.9,0,975.2,1029.6,77.8,,
883,2025-02-21 06:00,-1.7,27.5,9.7,0,975.4,1029.9,76.3,,
883,2025-02-21 07:00,-1.8,27,8.8,0,976.1,1030.7,78.4,,
883,2025-02-21 08:00,-1.4,33.3,8.2,0,976.6,1031.1,78.2,,
883,2025-02-21 09:00,-.1,32.7,8.3,0,976.7,1030.9,72.3,,
883,2025-02-21 10:00,.3,27.1,8.7,0,976.5,1030.6,67.5,,
883,2025-02-21 11:00,1.9,32.7,9.6,0,976.3,1030.1,58.6,,
883,2025-02-21 12:00,1.9,26.3,8,0,976.2,1030,71.5,,
883,2025-02-21 13:00,1.3,28.4,8.1,0,975.4,1029.3,61.5,,
883,2025-02-21 14:00,1.2,25.4,9.3,0,975.7,1029.6,56.5,,
883,2025-02-21 15:00,1.1,27.6,9.8,0,976.1,1030,52.2,,
883,2025-02-21 16:00,1.1,26.8,9.5,0,975.6,1029.5,51.4,,
883,2025-02-21 17:00,0,28.1,10.2,0,976,1030.2,55.6,,
883,2025-02-21 18:00,-.7,28.3,7.8,0,976.4,1030.7,64.3,,
883,2025-02-21 19:00,-1.4,33.1,7.9,0,976.6,1031.1,64.6,,
883,2025-02-21 20:00,-1.9,31.7,8,0,977,1031.6,63.5,,
883,2025-02-21 21:00,-2.3,37.1,5.5,0,977,1031.7,69.2,,
883,2025-02-21 22:00,-2.5,38,5.3,0,977.3,1032.1,75.5,,
883,2025-02-21 23:00,-2.7,40.6,4.7,0,977.5,1032.3,78.2,,
883,2025-02-22 00:00,-2.8,47.1,4,0,977.7,1032.5,84.3,,
883,2025-02-22 01:00,-2.4,42.8,4.5,0,977.9,1032.7,81.4,,
883,2025-02-22 02:00,-2.4,31.1,6.8,0,978.2,1033,82.8,,
883,2025-02-22 03:00,-2.9,38.6,5.1,0,978.1,1033,85.8,,
883,2025-02-22 04:00,-2.8,36.8,5.6,0,977.8,1032.7,87,,
883,2025-02-22 05:00,-2.3,41.1,5.2,0,977.7,1032.4,85.3,,
883,2025-02-22 06:00,-2.7,36.5,5.1,0,978,1032.9,85.1,,
883,2025-02-22 07:00,-2.7,40.6,4.5,0,978.5,1033.4,80.8,,
883,2025-02-22 08:00,-1.6,37.2,4.9,0,978.6,1033.3,77.4,,
883,2025-02-22 09:00,.1,30.5,5.7,0,979,1033.3,67.5,,
883,2025-02-22 10:00,-.4,33.7,4,0,979.2,1033.6,83,,
883,2025-02-22 11:00,.8,31.3,6.9,0,978.8,1033,78.3,,
883,2025-02-22 12:00,1.3,21,5.7,0,978.9,1033,75.9,,
883,2025-02-22 13:00,1.3,29.5,6,0,978,1032,75.1,,
883,2025-02-22 14:00,1.4,24,7.3,0,977.4,1031.4,70.6,,
883,2025-02-22 15:00,.6,26.5,7.6,0,977.1,1031.2,72.4,,
883,2025-02-22 16:00,.1,36.7,6.9,0,977,1031.2,70,,
883,2025-02-22 17:00,-.4,33.4,6.9,0,976.6,1030.9,74.7,,
883,2025-02-22 18:00,-1,26.9,6.8,0,976.7,1031.1,78.5,,
883,2025-02-22 19:00,-1.7,23.8,6.4,0,977.3,1031.9,78.6,,
883,2025-02-22 20:00,-2.1,26.9,5.4,0,977.5,1032.2,77.9,,
883,2025-02-22 21:00,-1.9,23.7,5.8,0,978,1032.7,78.2,,
883,2025-02-22 22:00,-1.7,27,6.8,0,978.1,1032.7,77.8,,
883,2025-02-22 23:00,-1.6,29.2,6.9,0,977.7,1032.3,79.8,,
883,2025-02-23 00:00,-1.6,25.5,7.7,0,977.7,1032.2,77.5,,
883,2025-02-23 01:00,-1.7,26,7.6,0,977.5,1032.1,77.3,,
883,2025-02-23 02:00,-1.7,28.5,8.7,0,977.1,1031.7,75.3,,
883,2025-02-23 03:00,-1.7,28,7.4,0,977.1,1031.7,77.8,,
883,2025-02-23 04:00,-1.8,23.8,7.9,0,977,1031.6,74.7,,
883,2025-02-23 05:00,-1.8,24.2,8.2,0,976.9,1031.5,76.9,,
883,2025-02-23 06:00,-1.8,25.5,8.8,0,977.3,1031.9,72,,
883,2025-02-23 07:00,-2,27.1,8.4,0,977.4,1032.1,77.4,,
883,2025-02-23 08:00,-1.7,27.5,8,0,977.8,1032.4,68.8,,
883,2025-02-23 09:00,-1.1,32.3,6.2,0,978.3,1032.8,73.6,,
883,2025-02-23 10:00,-2,29,7,0,978.3,1033,99.2,,
883,2025-02-23 11:00,-2.1,27.5,6.4,0,978.4,1033.1,100,,
883,2025-02-23 12:00,-.8,34.2,6.9,0,977.9,1032.3,64.1,,
883,2025-02-23 13:00,.4,17.1,6.8,0,977.4,1031.6,55.4,,
883,2025-02-23 14:00,-1,22.4,9,0,976.9,1031.3,72.6,,
883,2025-02-23 15:00,-2.2,29.1,8.8,0,976.5,1031.2,100,,
883,2025-02-23 16:00,-2.2,24.8,8.1,0,976.7,1031.4,93.5,,
883,2025-02-23 17:00,-2.3,30.3,6.9,0,977,1031.7,94.1,,
883,2025-02-23 18:00,-3.3,28,9.5,0,977,1031.9,100,,
883,2025-02-23 19:00,-2.4,24.2,10.1,0,977,1031.7,82.3,,
883,2025-02-23 20:00,-2.9,33.4,6.3,0,977.4,1032.3,97.4,,
883,2025-02-23 21:00,-3.5,28.2,8,0,977.8,1032.8,100,,
883,2025-02-23 22:00,-3.6,28.6,7.7,0,978.2,1033.3,100,,
883,2025-02-23 23:00,-3,33.4,7.5,.5,977.8,1032.7,90.6,,
883,2025-02-24 00:00,-2.8,39.7,7.9,0,977.4,1032.2,66.9,,
883,2025-02-24 01:00,-2.7,36.4,6.2,0,977.5,1032.3,86.8,,
883,2025-02-24 02:00,-3.2,30.4,5,0,977.5,1032.4,100,,
883,2025-02-24 03:00,-2.2,35.5,5.1,0,977.1,1031.8,79.8,,
883,2025-02-24 04:00,-2.5,37.1,7.1,0,977,1031.8,73.8,,
883,2025-02-24 05:00,-2,31.8,6.2,0,977.3,1032,70.4,,
883,2025-02-24 06:00,-2.1,21.8,5.8,0,977.6,1032.3,61.1,,
883,2025-02-24 07:00,-2,29.8,5.2,0,978,1032.7,67.2,,
883,2025-02-24 08:00,-1.8,348.2,5.2,0,978.5,1033.2,64.4,,
883,2025-02-24 09:00,-1.4,36.2,6.6,0,979.4,1034.1,70.6,,
883,2025-02-24 10:00,-1.1,29.4,6.5,0,979.9,1034.5,73.8,,
883,2025-02-24 11:00,-1,24.9,6.5,0,980,1034.6,74.3,,
883,2025-02-24 12:00,-.3,28,6.1,0,980,1034.5,75,,
883,2025-02-24 13:00,-.4,36.1,6.8,0,979.4,1033.8,72.8,,
883,2025-02-24 14:00,.1,33.8,7.7,0,978.4,1032.7,73.2,,
883,2025-02-24 15:00,.9,22.7,8.4,0,977.8,1031.9,71,,
883,2025-02-24 16:00,.5,26.8,8.1,0,977.8,1032,67.4,,
883,2025-02-24 17:00,.5,28.7,9.4,0,977.6,1031.8,72.6,,
883,2025-02-24 18:00,-.3,26.4,8.9,0,978,1032.3,77.5,,
883,2025-02-24 19:00,-.9,26.6,9.2,0,978.2,1032.7,81.9,,
883,2025-02-24 20:00,-1.3,29.8,7.6,0,978.2,1032.8,83.8,,
883,2025-02-24 21:00,-1.8,35.8,6.7,0,978.1,1032.8,86.6,,
883,2025-02-24 22:00,-2,44.9,4,0,978.8,1033.5,89.5,,
883,2025-02-24 23:00,-1.6,57.5,3.3,0,978.9,1033.6,86.3,,
883,2025-02-25 00:00,-2,53.1,4.1,0,978.2,1032.8,89.1,,
883,2025-02-25 01:00,-2.8,47.7,2.6,0,977.4,1032.2,90.8,,
883,2025-02-25 02:00,-3.5,60.7,3.9,0,977.4,1032.4,89.1,,
883,2025-02-25 03:00,-4.2,48.1,3.3,0,977.1,1032.2,84.2,,
883,2025-02-25 04:00,-3.9,42.2,3.2,0,976.4,1031.4,63.8,,
883,2025-02-25 05:00,-5.7,73.8,2.3,0,976.3,1031.7,63.6,,
883,2025-02-25 06:00,-5.8,62.8,1.5,0,976.7,1032.1,55.2,,
883,2025-02-25 07:00,-4.5,64.7,3.9,0,976.9,1032.1,75.2,,
883,2025-02-25 08:00,-2.1,85.7,2.9,0,976.9,1031.6,63.4,,
883,2025-02-25 09:00,1.3,32.6,2.8,0,977.5,1031.5,71.6,,
883,2025-02-25 10:00,2.9,346.8,2.4,0,977.1,1030.7,67.7,,
883,2025-02-25 11:00,4.3,25.1,2.5,0,976.6,1029.9,54.8,,
883,2025-02-25 12:00,4.4,320.9,3.1,0,976.1,1029.4,56.4,,
883,2025-02-25 13:00,5.3,269.9,2.6,0,975.6,1028.6,58.7,,
883,2025-02-25 14:00,5.7,305.9,2.2,0,974.4,1027.3,63.6,,
883,2025-02-25 15:00,4.2,282.6,2.6,0,974.1,1027.3,70.3,,
883,2025-02-25 16:00,3.9,323.5,2.8,0,973.8,1027,74,,
883,2025-02-25 17:00,3.6,295.7,2.5,0,973.2,1026.5,78.1,,
883,2025-02-25 18:00,3.1,248.4,2.1,0,974.1,1027.5,80.1,,
883,2025-02-25 19:00,2.4,213.9,1.7,0,974.1,1027.7,85.5,,
883,2025-02-25 20:00,2.4,199.4,1.1,0,974,1027.6,87.1,,
883,2025-02-25 21:00,1.6,183.4,2.3,0,973.8,1027.5,91.9,,
883,2025-02-25 22:00,1.5,211.4,1.4,0,973.8,1027.5,91.6,,
883,2025-02-25 23:00,.9,184.9,1.4,0,973.5,1027.3,93.5,,
883,2025-02-26 00:00,2,236.1,.5,0,973.3,1026.8,90.5,,
883,2025-02-26 01:00,2.5,0,.4,0,973.5,1027,90.8,,
883,2025-02-26 02:00,3.2,291.9,1.8,0,973.3,1026.7,88.3,,
883,2025-02-26 03:00,3.7,275.2,2.6,0,972.9,1026.1,85.9,,
883,2025-02-26 04:00,3.6,71.6,1.6,0,972.7,1025.9,82.6,,
883,2025-02-26 05:00,3.2,39.9,2.7,0,972.7,1026,87.1,,
883,2025-02-26 06:00,2.6,37.5,2.6,0,972.8,1026.3,86.6,,
883,2025-02-26 07:00,2.1,26.9,3,0,973.1,1026.7,96.7,,
883,2025-02-26 08:00,2,32.1,2.7,0,973.5,1027.1,87.4,,
883,2025-02-26 09:00,4.1,30.2,5.2,0,974,1027.2,85.4,,
883,2025-02-26 10:00,4.8,28.4,4.9,0,974.2,1027.3,78.3,,
883,2025-02-26 11:00,6.9,29.3,4.8,0,974.2,1026.8,63.8,,
883,2025-02-26 12:00,7.6,10.9,5.3,0,973.7,1026.2,60,,
883,2025-02-26 13:00,8.5,24.4,5.3,0,973.4,1025.7,52.3,,
883,2025-02-26 14:00,8.9,21.3,5.7,0,972.8,1025,51.5,,
883,2025-02-26 15:00,8.5,12.2,4.5,0,972.2,1024.4,54,,
883,2025-02-26 16:00,7.4,22.5,5.8,0,972,1024.4,59.1,,
883,2025-02-26 17:00,6.5,26.2,4.8,0,972,1024.6,65.3,,
883,2025-02-26 18:00,5.2,40.2,3.2,0,972.1,1025,73,,
883,2025-02-26 19:00,3.7,52.1,2.1,0,972.3,1025.5,62.3,,
883,2025-02-26 20:00,2.3,45.8,1.4,0,972.6,1026.1,73.9,,
883,2025-02-26 21:00,2.5,80.7,3.1,0,972.5,1026,73.7,,
883,2025-02-26 22:00,2,74.4,3.9,0,972.3,1025.8,70.1,,
883,2025-02-26 23:00,2,81.8,3.3,0,972.4,1026,35.2,,
883,2025-02-27 00:00,.6,79.5,2,0,972.2,1026,36,,
883,2025-02-27 01:00,-1.5,94.1,2.7,0,972,1026.3,44.3,,
883,2025-02-27 02:00,-.9,73.4,2,0,971.7,1025.8,46.9,,
883,2025-02-27 03:00,.1,87.1,2,0,971,1024.9,64.4,,
883,2025-02-27 04:00,4.2,153.7,3.9,0,970.8,1023.8,63.8,,
883,2025-02-27 05:00,4.6,148.6,3.7,0,970.7,1023.6,49.4,,
883,2025-02-27 06:00,4,129.3,2.1,0,970.8,1023.9,53.9,,
883,2025-02-27 07:00,3.9,147.9,4,0,971,1024.1,73.5,,
883,2025-02-27 08:00,6.6,133.2,5.1,0,970.8,1023.3,48.5,,
883,2025-02-27 09:00,7.4,17.9,.8,0,971.4,1023.8,36,,
883,2025-02-27 10:00,10,143.4,3.5,0,971,1022.8,22.5,,
883,2025-02-27 11:00,9,283.8,2.4,0,971.1,1023.2,49.7,,
883,2025-02-27 12:00,10.2,164.9,5.9,0,970.3,1022.1,28.1,,
883,2025-02-27 13:00,9.8,173.4,5.4,0,969.3,1021.1,36,,
883,2025-02-27 14:00,7.4,136,5.5,0,967.6,1019.8,61.5,,
883,2025-02-27 15:00,6.4,118.5,5.7,.5,967.7,1020.1,66.9,,
883,2025-02-27 16:00,6.5,135.2,5.6,0,966.8,1019.1,75.4,,
883,2025-02-27 17:00,7.1,119.4,4.7,0,966.8,1019,87,,
883,2025-02-27 18:00,5,27,3.8,.5,966.7,1019.3,95.8,,
883,2025-02-27 19:00,4.9,55.8,2.7,.5,966.4,1019,100,,
883,2025-02-27 20:00,5.6,187.8,1.9,0,966.7,1019.2,100,,
883,2025-02-27 21:00,8.1,159.8,6,0,966.8,1018.8,100,,
883,2025-02-27 22:00,8.9,158.9,7.7,0,966.4,1018.2,99.3,,
883,2025-02-27 23:00,8.9,169.1,6.6,0,966.9,1018.8,98.5,,
883,2025-02-28 00:00,9.6,158.4,7.1,0,966.7,1018.4,100,-9.97,17.9
883,2025-02-28 01:00,9.7,152.3,4.4,0,966.5,1018.2,100,,
883,2025-02-28 02:00,9.8,154.9,5.1,0,966.3,1017.9,100,,
883,2025-02-28 03:00,9.8,170.6,4.1,0,966.1,1017.7,100,,
883,2025-02-28 04:00,9.8,171.3,3.1,0,966,1017.6,100,,
883,2025-02-28 05:00,10.1,198.8,1.5,0,966.2,1017.8,100,,
883,2025-02-28 06:00,9.8,191.1,1.8,0,966.4,1018,100,,
883,2025-02-28 07:00,9.8,250.4,1.5,0,966.9,1018.6,100,,
883,2025-02-28 08:00,9,298.7,1.6,.5,967.7,1019.6,99.9,,
883,2025-02-28 09:00,8.7,307.2,2.2,0,968,1020,100,,
883,2025-02-28 10:00,8.8,10.7,2.1,0,968.6,1020.6,100,,
883,2025-02-28 11:00,10.6,.6,1.9,0,968.7,1020.3,100,,
883,2025-02-28 12:00,11.8,348.8,2.3,0,968.5,1019.9,96.2,,
883,2025-02-28 13:00,12.1,26,4.2,0,968.1,1019.4,99.8,,
883,2025-02-28 14:00,10.4,19.3,3.2,0,968.2,1019.8,100,,
883,2025-02-28 15:00,11.7,339.3,2.9,0,968,1019.4,100,,
883,2025-02-28 16:00,10.6,333.2,2.8,0,968,1019.6,100,,
883,2025-02-28 17:00,9.7,24.2,3.4,0,967.6,1019.3,100,,
883,2025-02-28 18:00,8.9,37,3,0,967.7,1019.6,100,,
883,2025-02-28 19:00,7.9,266.7,1,0,968.1,1020.2,100,,
883,2025-02-28 20:00,7.3,100,1.9,0,968,1020.2,100,,
883,2025-02-28 21:00,10.8,161.3,4.1,0,968,1019.5,67.8,,
883,2025-02-28 22:00,10.2,149.3,5.4,0,968,1019.6,74.6,,
883,2025-02-28 23:00,9.9,154.9,4.3,0,968.1,1019.8,86.7,,
883,2025-03-01 00:00,9.4,151.5,6.7,0,967.7,1019.5,100,,
883,2025-03-01 01:00,9.7,147.2,6.5,0,967.8,1019.5,93.5,,
883,2025-03-01 02:00,11,184.1,4.7,0,967.7,1019.2,71.4,,
883,2025-03-01 03:00,12.2,184.2,3.8,0,967.3,1018.5,79.7,,
883,2025-03-01 04:00,11.8,191.9,3.4,0,966.8,1018.1,86.8,,
883,2025-03-01 05:00,12.5,193,3.6,0,966.8,1017.9,88.7,,
883,2025-03-01 06:00,11.3,182,5.1,0,967,1018.4,99.9,,
883,2025-03-01 07:00,12.5,170.8,5.4,0,966.8,1017.9,100,,
883,2025-03-01 08:00,12.5,156,5,0,966.8,1017.9,100,,
883,2025-03-01 09:00,13.3,167.6,5.3,.5,966.7,1017.7,100,,
883,2025-03-01 10:00,13.5,169.4,5.9,.5,966.4,1017.3,100,,
883,2025-03-01 11:00,14,161.2,7.9,0,966.1,1016.9,100,,
883,2025-03-01 12:00,13.8,170.1,6.7,0,965.6,1016.4,100,,
883,2025-03-01 13:00,13.6,179.5,6.8,3,965.1,1015.9,100,,
883,2025-03-01 14:00,14.4,195.8,6.2,4,964.3,1014.9,100,,
883,2025-03-01 15:00,14.6,207.9,6.1,0,963.7,1014.2,100,,
883,2025-03-01 16:00,14.5,210.4,5.5,.5,963.4,1014,100,,
883,2025-03-01 17:00,14.7,216,4.9,0,963.1,1013.6,100,,
883,2025-03-01 18:00,14.8,222.6,5.3,0,963.7,1014.2,100,,
883,2025-03-01 19:00,15,218.6,3.9,0,964,1014.5,100,,
883,2025-03-01 20:00,14.6,216.4,4.3,1,964.6,1015.2,100,,
883,2025-03-01 21:00,14.7,210.5,4.2,.5,964.7,1015.3,100,,
883,2025-03-01 22:00,14.6,179,5.1,0,964.5,1015.1,100,,
883,2025-03-01 23:00,14.4,176.3,5.4,.5,964.3,1014.9,99.9,,
883,2025-03-02 00:00,14.2,173.9,5.2,0,964.1,1014.7,100,,
883,2025-03-02 01:00,14.1,167.8,6.2,0,963.6,1014.2,100,,
883,2025-03-02 02:00,14.1,183.6,5.2,0,963.8,1014.5,100,,
883,2025-03-02 03:00,14,183.4,6.1,0,963.8,1014.5,100,,
883,2025-03-02 04:00,14.3,188.6,5.1,0,963.7,1014.3,100,,
883,2025-03-02 05:00,14.4,199.4,4.5,0,963.7,1014.3,100,,
883,2025-03-02 06:00,14.5,201.1,4.4,.5,964.1,1014.7,100,,
883,2025-03-02 07:00,14.1,190.9,4.3,.5,964.5,1015.2,100,,
883,2025-03-02 08:00,15,201.7,4,0,964.8,1015.3,100,,
883,2025-03-02 09:00,15.7,195.1,3.8,0,964.8,1015.2,100,,
883,2025-03-02 10:00,16.8,192.8,3.7,0,964,1014.1,100,,
883,2025-03-02 11:00,17.1,185.8,3.5,0,963.1,1013.1,100,,
883,2025-03-02 12:00,15.9,186.7,3.7,3,962.4,1012.6,100,,
883,2025-03-02 13:00,16,182,5.4,2.5,961.4,1011.5,100,,
883,2025-03-02 14:00,15.5,197.2,4.4,2,960.6,1010.8,100,,
883,2025-03-02 15:00,15.8,195.2,4,1,959.4,1009.5,100,,
883,2025-03-02 16:00,15.4,202,4.3,2.5,959.1,1009.2,100,,
883,2025-03-02 17:00,16.1,199.5,5.1,1.5,958.7,1008.7,100,,
883,2025-03-02 18:00,16.4,208.2,5.3,4.5,958.5,1008.4,100,,
883,2025-03-02 19:00,15.8,213.3,5.4,.5,958.7,1008.7,100,,
883,2025-03-02 20:00,15.9,213.8,5.4,0,958.8,1008.8,100,,
883,2025-03-02 21:00,15.6,203.3,6.5,0,958.5,1008.6,100,,
883,2025-03-02 22:00,15.4,200.7,6.9,.5,958.2,1008.3,100,,
883,2025-03-02 23:00,15.4,207.4,6.3,.5,957.9,1008,100,,
883,2025-03-03 00:00,15.5,205.4,6.6,1.5,957.9,1007.8,100,,
883,2025-03-03 01:00,15.2,204.9,6.2,1.5,958.1,1008.2,100,,
883,2025-03-03 02:00,14.4,213.6,5.3,1.5,957.7,1008,100,,
883,2025-03-03 03:00,12.7,288.9,5.6,1.5,959,1009.7,100,,
883,2025-03-03 04:00,14.8,144.5,2.3,11.5,956.9,1007.1,100,,
883,2025-03-03 05:00,15.6,181.6,3.2,1,956.8,1006.8,100,,
883,2025-03-03 06:00,13.5,37.4,1,0,957.4,1007.8,100,,
883,2025-03-03 07:00,12.1,298,1.7,0,958.3,1009.1,99.9,,
883,2025-03-03 08:00,11.9,243.1,1.3,0,958.2,1009,100,,
883,2025-03-03 09:00,11,267.6,.9,0,959.6,1010.6,100,,
883,2025-03-03 10:00,10.1,339.4,1.8,0,959.8,1011,100,,
883,2025-03-03 11:00,10.3,239.8,1.1,0,960.5,1011.7,100,,
883,2025-03-03 12:00,11.3,257.6,1.8,0,960.5,1011.5,99.9,,
883,2025-03-03 13:00,10.4,234.3,2.6,0,961.3,1012.6,100,,
883,2025-03-03 14:00,10.2,359,.5,0,960.6,1011.9,100,,
883,2025-03-03 15:00,9.3,59.9,2.4,0,959.4,1010.8,100,,
883,2025-03-03 16:00,9.7,242.2,2.6,0,959.2,1010.5,100,,
883,2025-03-03 17:00,8.8,258.1,2.2,0,960,1011.5,100,,
883,2025-03-03 18:00,7.8,262.4,1.1,0,960.7,1012.4,100,,
883,2025-03-03 19:00,6.5,197.6,.7,3.5,963.2,1015.3,100,,
883,2025-03-03 20:00,6.3,258.1,2.1,3,961.8,1013.9,99.9,,
883,2025-03-03 21:00,6.3,242.2,1.2,0,961.3,1013.4,99.9,,
883,2025-03-03 22:00,6.2,193.4,.8,0,962.3,1014.4,99.9,,
883,2025-03-03 23:00,6.4,159,1.3,0,962.4,1014.5,100,,
883,2025-03-04 00:00,6.5,0,0,0,961.7,1013.6,100,,
883,2025-03-04 01:00,6.5,278.4,1.5,0,961.7,1013.8,100,,
883,2025-03-04 02:00,6.5,233.2,2.1,0,961.7,1013.8,100,,
883,2025-03-04 03:00,6.8,82.9,1.8,0,960.8,1012.7,100,,
883,2025-03-04 04:00,7.2,59.1,.7,0,959.7,1011.5,99.9,,
883,2025-03-04 05:00,7.4,117.3,3.8,0,959.3,1011,100,,
883,2025-03-04 06:00,6.7,122.5,2.7,2,960,1011.9,100,,
883,2025-03-04 07:00,6.7,222.4,1.1,.5,958.9,1010.8,100,,
883,2025-03-04 08:00,6.9,133.6,1.5,0,959.3,1011.1,100,,
883,2025-03-04 09:00,7.4,215.1,1.3,0,959.9,1011.7,100,,
883,2025-03-04 10:00,8.4,251.3,1.3,0,959.5,1011.1,100,,
883,2025-03-04 11:00,8.6,270,.8,0,959.8,1011.3,100,,
883,2025-03-04 12:00,8.9,0,.4,0,960.5,1012,100,,
883,2025-03-04 13:00,11,326.8,2.6,0,959.3,1010.3,98.3,,
883,2025-03-04 14:00,9.3,87.5,6.9,0,959.2,1010.6,86,,
883,2025-03-04 15:00,8,74.4,6.3,0,959.9,1011.6,92.6,,
883,2025-03-04 16:00,6.9,75.9,4.4,0,960.4,1012.3,97.2,,
883,2025-03-04 17:00,7.4,102.7,4,0,960.2,1012,91.3,,
883,2025-03-04 18:00,5.5,85.5,6.8,0,960.8,1013,100,,
883,2025-03-04 19:00,7.1,230.9,1.6,0,962.5,1014.5,100,,
883,2025-03-04 20:00,5.6,0,0,0,962.2,1014.5,100,,
883,2025-03-04 21:00,5.6,206.1,1.1,0,962.1,1014.4,100,,
883,2025-03-04 22:00,5.6,290.1,2.6,0,965.3,1017.7,100,,
883,2025-03-04 23:00,5.4,329,.5,0,966,1018.5,100,,
883,2025-03-05 00:00,5.6,91,1.8,0,965.4,1017.8,100,,
883,2025-03-05 01:00,6.1,117,2.9,0,963.6,1015.8,100,,
883,2025-03-05 02:00,5.7,351.6,3,0,964.8,1017.2,100,,
883,2025-03-05 03:00,5,92.4,4.3,0,964.5,1017,99.9,,
883,2025-03-05 04:00,4.7,83,5.3,0,965.4,1018,100,,
883,2025-03-05 05:00,4.1,36.1,3.9,0,965.5,1018.2,100,,
883,2025-03-05 06:00,3.9,49,3.2,0,965.7,1018.5,100,,
883,2025-03-05 07:00,5.1,34.2,2.1,0,966.3,1018.9,99.6,,
883,2025-03-05 08:00,5.7,45.1,.8,0,967.4,1019.9,94.1,,
883,2025-03-05 09:00,5.7,29.3,3.1,0,968.1,1020.7,100,,
883,2025-03-05 10:00,5.6,53.8,5.9,0,967.1,1019.6,100,,
883,2025-03-05 11:00,7.3,53.9,5.7,0,967.8,1020,86.2,,
883,2025-03-05 12:00,7.4,33.2,5.1,0,967.8,1020,90.2,,
883,2025-03-05 13:00,6.9,31.1,5.3,0,967.4,1019.7,94.8,,
883,2025-03-05 14:00,6.9,35,5.2,0,967.2,1019.5,93.6,,
883,2025-03-05 15:00,5.4,20.6,5,0,967.7,1020.3,100,,
883,2025-03-05 16:00,3.5,28.2,4.5,0,967.1,1020.1,100,,
883,2025-03-05 17:00,3.9,24.6,3.7,.5,968.1,1021,100,,
883,2025-03-05 18:00,3.4,27.6,3.4,0,968.1,1021.1,100,,
883,2025-03-05 19:00,3.3,22.9,4.3,0,969.3,1022.4,100,,
883,2025-03-05 20:00,2.9,29.5,3.7,0,969.7,1022.9,100,,
883,2025-03-05 21:00,3,35.8,4.1,0,969.2,1022.4,100,,
883,2025-03-05 22:00,2.9,29.8,3.9,0,969.9,1023.1,100,,
883,2025-03-05 23:00,2.9,45.6,3.5,0,969.4,1022.6,100,,
883,2025-03-06 00:00,2.9,35,4.5,0,968.9,1022,100,,
883,2025-03-06 01:00,2.9,34.7,4.4,0,969.1,1022.3,100,,
883,2025-03-06 02:00,3.1,50.9,3.2,0,969.8,1023,100,,
883,2025-03-06 03:00,3,31.3,4.2,0,969.9,1023.1,100,,
883,2025-03-06 04:00,3,35.1,3.7,0,969.6,1022.8,100,,
883,2025-03-06 05:00,3.1,28.5,5,0,969.7,1022.9,100,,
883,2025-03-06 06:00,3.2,31.6,4.1,0,970.1,1023.3,100,,
883,2025-03-06 07:00,2.8,26.6,5.6,.5,971.1,1024.4,100,,
883,2025-03-06 08:00,2.7,30.7,4.8,0,972.2,1025.6,100,,
883,2025-03-06 09:00,2.8,32,7.1,0,972.2,1025.6,100,,
883,2025-03-06 10:00,3.8,33.1,8.8,0,972.2,1025.4,100,,
883,2025-03-06 11:00,3.8,32.1,9,0,972.3,1025.5,96,,
883,2025-03-06 12:00,4.7,30.7,9.5,0,972.1,1025.1,84.3,,
883,2025-03-06 13:00,5.1,31.6,9.6,0,971.6,1024.5,66.6,,
883,2025-03-06 14:00,5.3,28,10.3,0,971.9,1024.7,65.7,,
883,2025-03-06 15:00,4.9,25.8,9.7,0,971.8,1024.7,72.5,,
883,2025-03-06 16:00,4.3,26.7,9.1,0,971.7,1024.7,72.1,,
883,2025-03-06 17:00,4.2,29,9.3,0,971.7,1024.8,70.6,,
883,2025-03-06 18:00,3.3,24.7,7.7,0,972.3,1025.6,72.5,,
883,2025-03-06 19:00,2.6,25.5,7.6,0,972.8,1026.3,75.3,,
883,2025-03-06 20:00,2.1,26.8,8.6,0,973.4,1027,71.7,,
883,2025-03-06 21:00,2,27.4,7.8,0,973.9,1027.5,72.5,,
883,2025-03-06 22:00,1.4,43.9,4.8,0,974.6,1028.4,78.5,,
883,2025-03-06 23:00,.8,46.8,3.8,0,974.6,1028.5,86.3,,
883,2025-03-07 00:00,.5,40.1,5.5,0,973.4,1027.3,86.3,,
883,2025-03-07 01:00,.8,71.6,3.9,0,974.4,1028.3,87.7,,
883,2025-03-07 02:00,1.4,79.6,4.3,0,974.1,1027.9,86.2,,
883,2025-03-07 03:00,1,65,3.4,0,974.1,1028,85.8,,
883,2025-03-07 04:00,.5,102,3.5,0,974,1028,88.1,,
883,2025-03-07 05:00,.5,78.6,3.7,0,974.2,1028.2,96.2,,
883,2025-03-07 06:00,.6,74.8,3.1,0,974.6,1028.6,98,,
883,2025-03-07 07:00,.8,70.8,3.3,0,974.8,1028.7,98.6,,
883,2025-03-07 08:00,1.9,90.1,4.6,0,974.6,1028.3,70.9,,
883,2025-03-07 09:00,6.8,211.3,.7,0,974.5,1027.2,48.2,,
883,2025-03-07 10:00,6.5,35.6,2.6,0,974.7,1027.5,49.6,,
883,2025-03-07 11:00,8,211.7,3.5,0,974.7,1027.2,55.8,,
883,2025-03-07 12:00,7.5,20.8,3.5,0,974.1,1026.6,59.9,,
883,2025-03-07 13:00,8.5,25.5,2.8,0,972.8,1025,60.4,,
883,2025-03-07 14:00,8.3,306.6,2,0,972.4,1024.7,64.4,,
883,2025-03-07 15:00,7.6,192.2,2.7,0,972.1,1024.5,64.5,,
883,2025-03-07 16:00,6.6,172.4,4,0,971.9,1024.5,69,,
883,2025-03-07 17:00,6.2,160.6,4,0,972.1,1024.8,70.8,,
883,2025-03-07 18:00,5.9,151.8,5,0,972.3,1025,73.6,,
883,2025-03-07 19:00,5.8,92.3,2.1,0,972.3,1025.1,70.3,,
883,2025-03-07 20:00,5.6,164.4,1.1,0,972.5,1025.3,76.4,,
883,2025-03-07 21:00,4.7,0,.1,0,972.7,1025.7,85.3,,
883,2025-03-07 22:00,4.8,64.1,1.2,0,972.8,1025.8,85.3,,
883,2025-03-07 23:00,4.6,115,1.5,0,972.4,1025.4,83.9,,
883,2025-03-08 00:00,3.4,111.5,.9,0,972,1025.1,93.4,,
883,2025-03-08 01:00,4.3,155.7,1.9,0,972,1025.1,89.6,,
883,2025-03-08 02:00,4,97.3,2.2,0,971.7,1024.8,90.1,,
883,2025-03-08 03:00,4.9,94.4,1.1,0,971.2,1024.1,80.3,,
883,2025-03-08 04:00,4.6,0,.1,0,971.5,1024.5,91.1,,
883,2025-03-08 05:00,4.4,43.9,1,0,971.4,1024.4,93.8,,
883,2025-03-08 06:00,4.1,0,0,0,971.7,1024.8,100,,
883,2025-03-08 07:00,3.6,120,.9,.5,972,1025.2,100,,
883,2025-03-08 08:00,4.3,150.1,4.4,0,972,1025.1,100,,
883,2025-03-08 09:00,5.2,118.7,4.2,.5,972.3,1025.2,92.9,,
883,2025-03-08 10:00,8.4,147.8,3.2,0,972.2,1024.4,77.2,,
883,2025-03-08 11:00,9,175.7,3.4,0,972.3,1024.4,68.8,,
883,2025-03-08 12:00,8.5,201,3.5,0,972.3,1024.5,65.3,,
883,2025-03-08 13:00,6.6,306.8,2.7,0,972.3,1024.9,89.4,,
883,2025-03-08 14:00,5,316,3.6,0,972.1,1025,100,,
883,2025-03-08 15:00,5.4,273.5,1.5,0,972.1,1024.9,100,,
883,2025-03-08 16:00,5.2,20.7,1.8,2,972.2,1025.1,100,,
883,2025-03-08 17:00,5.3,19.8,1.3,.5,972.4,1025.3,100,,
883,2025-03-08 18:00,5.1,40.1,1.2,.5,972.7,1025.6,99.9,,
883,2025-03-08 19:00,4.3,37.6,2.1,0,972.8,1025.9,100,,
883,2025-03-08 20:00,3.8,100.9,3.6,0,973.1,1026.3,100,,
883,2025-03-08 21:00,3.3,102.5,4,0,973.7,1027.1,100,,
883,2025-03-08 22:00,1.9,104.4,3.1,0,974.1,1027.8,100,,
883,2025-03-08 23:00,2.4,107.5,2.9,0,974.2,1027.8,100,,
883,2025-03-09 00:00,3.6,101,3.7,0,974.5,1027.7,100,,
883,2025-03-09 01:00,3.8,103.8,3.6,0,975.4,1028.7,100,,
883,2025-03-09 02:00,3,97.7,4.8,0,974.8,1028.3,100,,
883,2025-03-09 03:00,2.9,102,4.7,0,974.4,1027.9,100,,
883,2025-03-09 04:00,3.1,97.5,4.3,0,974.4,1027.8,97.8,,
883,2025-03-09 05:00,2.8,96.9,4.2,0,974.7,1028.2,99.5,,
883,2025-03-09 06:00,2.4,100.4,4,0,975.4,1029,98.2,,
883,2025-03-09 07:00,2.8,87,3.5,0,975.7,1029.3,100,,
883,2025-03-09 08:00,4.5,76,3.9,0,976.1,1029.3,100,,
883,2025-03-09 09:00,6.3,55.3,2.3,0,976.7,1029.6,72,,
883,2025-03-09 10:00,7.8,50,4.3,0,976.8,1029.4,52.6,,
883,2025-03-09 11:00,8.8,47.5,4.8,0,976.9,1029.3,46.1,,
883,2025-03-09 12:00,9.7,38.4,5.1,0,976.8,1029,51.2,,
883,2025-03-09 13:00,10.5,37,5.6,0,976.2,1028.2,55.1,,
883,2025-03-09 14:00,10.6,28.2,6.5,0,975.6,1027.6,54.7,,
883,2025-03-09 15:00,10.6,32.7,5.3,0,975.2,1027.2,56.1,,
883,2025-03-09 16:00,10.1,26.4,5.6,0,975.1,1027.1,55,,
883,2025-03-09 17:00,9.4,32.1,3.9,0,975.6,1027.8,55.2,,
883,2025-03-09 18:00,8.4,64.8,1.1,0,975.7,1028.1,62.8,,
883,2025-03-09 19:00,6.3,203.5,1.6,0,975.7,1028.6,89.6,,
883,2025-03-09 20:00,4.4,106,2.7,0,975.9,1029.2,99.6,,
883,2025-03-09 21:00,4.5,115.7,2.4,0,976.3,1029.6,86.5,,
883,2025-03-09 22:00,4.1,95.9,2.4,0,975.8,1029.1,80.3,,
883,2025-03-09 23:00,2.3,103.1,2.4,0,976.1,1029.8,89,,
883,2025-03-10 00:00,2.7,107.5,2.4,0,975.6,1029.1,84.4,,
883,2025-03-10 01:00,2.4,144.9,2,0,975.3,1028.9,96.4,,
883,2025-03-10 02:00,1.3,104.3,2.1,0,975,1028.8,100,,
883,2025-03-10 03:00,2.5,88.4,3.2,0,974.4,1028,77.6,,
883,2025-03-10 04:00,1.5,103.8,2.6,0,974.1,1027.9,91.5,,
883,2025-03-10 05:00,1,98.1,2.7,0,974,1027.9,93.7,,
883,2025-03-10 06:00,1.5,103.9,2.9,0,974,1027.7,92.3,,
883,2025-03-10 07:00,3.5,95.2,3.2,0,974,1027.3,87.4,,
883,2025-03-10 08:00,5.4,74.6,1.5,0,973.8,1026.7,82.4,,
883,2025-03-10 09:00,7.8,30.6,.7,0,974.6,1027.1,56.4,,
883,2025-03-10 10:00,8,202.8,.6,0,974.7,1027.2,56.6,,
883,2025-03-10 11:00,9.1,255.3,2.7,0,973.9,1026.1,52.2,,
883,2025-03-10 12:00,9.3,311.9,2.1,0,973.5,1025.6,54.2,,
883,2025-03-10 13:00,9.1,338.9,2,0,973.2,1025.3,57.3,,
883,2025-03-10 14:00,9.1,36.3,1.9,0,972.3,1024.4,57.6,,
883,2025-03-10 15:00,9.5,7.2,1.5,0,971.8,1023.8,59.5,,
883,2025-03-10 16:00,9.5,0,.4,0,971.4,1023.4,67.7,,
883,2025-03-10 17:00,10.1,96,1.8,0,970.9,1022.7,63.5,,
883,2025-03-10 18:00,9.1,167.1,1.9,0,970.5,1022.5,70.7,,
883,2025-03-10 19:00,8,77.6,2.6,0,970.1,1022.3,55.5,,
883,2025-03-10 20:00,7.2,97.8,2.8,0,970.2,1022.6,59,,
883,2025-03-10 21:00,7.8,97.3,2.7,0,970.3,1022.6,52.4,,
883,2025-03-10 22:00,7.7,102.3,1.1,0,970.5,1022.8,56.1,,
883,2025-03-10 23:00,7.4,105.3,1.5,0,970.2,1022.5,67.3,,
883,2025-03-11 00:00,7.1,149.1,1,0,969.8,1022,66.9,,
883,2025-03-11 01:00,7.4,82.8,2.4,0,969.5,1021.8,55.8,,
883,2025-03-11 02:00,7.2,77.5,2.9,0,969.2,1021.5,79.4,,
883,2025-03-11 03:00,6.7,103.1,1.8,0,968.8,1021.2,72.9,,
883,2025-03-11 04:00,7.6,74.6,1.9,0,968.4,1020.6,76.9,,
883,2025-03-11 05:00,8.1,38,.9,0,968.5,1020.6,78.2,,
883,2025-03-11 06:00,8.1,0,.4,0,968,1020.1,73.7,,
883,2025-03-11 07:00,8.2,173.5,2.5,0,968.2,1020.3,81.4,,
883,2025-03-11 08:00,9.2,0,.4,0,968.7,1020.6,90.8,,
883,2025-03-11 09:00,9.8,321.6,1.7,0,968.9,1020.7,67.1,,
883,2025-03-11 10:00,10.8,262.7,1.8,0,968.8,1020.4,68,,
883,2025-03-11 11:00,11.4,260.2,1.1,0,968.6,1020,66.4,,
883,2025-03-11 12:00,12.5,254,2.5,0,968.2,1019.4,65.5,,
883,2025-03-11 13:00,11.8,32.7,2.9,0,967.7,1019,84.2,,
883,2025-03-11 14:00,13.3,250.6,1.6,0,967.1,1018.1,79.9,,
883,2025-03-11 15:00,13.7,267.9,2.4,0,966.7,1017.6,77.4,,
883,2025-03-11 16:00,13.6,248.7,2.3,0,966.6,1017.5,78.4,,
883,2025-03-11 17:00,12,228.9,2.1,0,966,1017.2,86.8,,
883,2025-03-11 18:00,11.2,168.2,1.3,0,966.2,1017.6,95.4,,
883,2025-03-11 19:00,9.4,144.8,1.9,0,966.1,1017.8,100,,
883,2025-03-11 20:00,8.6,35.1,2.7,0,967.7,1019.7,100,,
883,2025-03-11 21:00,9.4,60.7,2.6,0,968.1,1019.9,97.3,,
883,2025-03-11 22:00,8.7,80.3,2.8,0,967.3,1019.2,100,,
883,2025-03-11 23:00,8.1,0,.1,0,967,1019,100,,
883,2025-03-12 00:00,7.4,82,1.1,0,966.5,1018.5,100,,
883,2025-03-12 01:00,6.5,141.8,1.1,0,966.3,1018.6,100,,
883,2025-03-12 02:00,7.8,157.3,2.8,0,966,1018,95.9,,
883,2025-03-12 03:00,8.1,173,2.1,0,965.6,1017.5,100,,
883,2025-03-12 04:00,8.7,167.3,3.1,0,964.9,1016.7,100,,
883,2025-03-12 05:00,7.7,154.7,2.9,0,964.1,1016,98.1,,
883,2025-03-12 06:00,8.1,167.9,2.9,0,964.4,1016.3,99.9,,
883,2025-03-12 07:00,8.3,161.2,2.9,0,964.2,1016,100,,
883,2025-03-12 08:00,10,26.4,1.6,0,965,1016.5,,,
883,2025-03-12 09:00,10.2,0,0,0,965.7,1017.2,,,
883,2025-03-12 10:00,12.2,211.5,1.6,0,965.7,1016.8,73.1,,
883,2025-03-12 11:00,11.6,296.8,1.3,0,965.9,1017.2,76.4,,
883,2025-03-12 12:00,11.1,306.3,2.8,0,965.9,1017.3,77.7,,
883,2025-03-12 13:00,11.2,33.9,2.2,0,965.5,1016.8,79.4,,
883,2025-03-12 14:00,12.7,36.8,1.7,0,964.3,1015.3,73.5,,
883,2025-03-12 15:00,11.9,15.3,3.2,0,964.5,1015.6,75.4,,
883,2025-03-12 16:00,11.2,29.2,2.9,0,964.5,1015.8,79.1,,
883,2025-03-12 17:00,11.5,26.6,3.8,0,964.3,1015.5,75.3,,
883,2025-03-12 18:00,11.2,40.3,2.9,0,964.5,1015.8,76.4,,
883,2025-03-12 19:00,10.3,30.1,3.8,0,964.7,1016.2,78.9,,
883,2025-03-12 20:00,9.5,62.2,3.7,0,964.9,1016.5,83.7,,
883,2025-03-12 21:00,9.6,59.5,3.5,0,965.4,1017,82.4,,
883,2025-03-12 22:00,9.2,58.7,3.9,0,965.6,1017.3,84,,
883,2025-03-12 23:00,8.8,35.3,4.1,0,966.2,1018,86.5,,
883,2025-03-13 00:00,8.2,30.5,5.8,0,966.4,1018.2,93.5,,
883,2025-03-13 01:00,7.9,44.1,4.3,0,966.5,1018.5,95.1,,
883,2025-03-13 02:00,7.4,41.6,5.2,0,966.2,1018.3,95.8,,
883,2025-03-13 03:00,7.4,66.5,5.8,0,966,1018.1,95.8,,
883,2025-03-13 04:00,8.7,67.4,7,0,965.6,1017.4,53.2,,
883,2025-03-13 05:00,9.9,68,6,0,965.9,1017.5,29,,
883,2025-03-13 06:00,9.8,53.3,4,0,966.3,1017.9,21.1,,
883,2025-03-13 07:00,10.7,72.4,8.7,0,965.7,1017.1,11.2,,
883,2025-03-13 08:00,10.6,69.5,5.1,0,966.5,1018,11.7,,
883,2025-03-13 09:00,11.1,153.6,1.4,0,967.1,1018.5,50.3,,
883,2025-03-13 10:00,11.2,34.7,2.9,0,968,1019.4,46,,
883,2025-03-13 11:00,10.6,52.6,5.3,0,968.4,1020,55,,
883,2025-03-13 12:00,11.1,67.2,6.1,0,968.4,1019.9,54.5,,
883,2025-03-13 13:00,15.2,71.7,5.7,0,968.1,1018.8,19.7,,
883,2025-03-13 14:00,14.9,48.6,6.4,0,967,1017.7,23.2,,
883,2025-03-13 15:00,13.4,73.7,2.7,0,967,1018,27.9,,
883,2025-03-13 16:00,12.6,61.8,5.7,0,966.4,1017.5,25.6,,
883,2025-03-13 17:00,13.8,205.6,1.1,0,966.5,1017.4,35.1,,
883,2025-03-13 18:00,12.2,140.6,2.1,0,966.3,1017.5,24,,
883,2025-03-13 19:00,10.3,145.5,.5,0,967.5,1019.1,49.6,,
883,2025-03-13 20:00,9.7,136.9,1.7,0,968.4,1020.2,48.9,,
883,2025-03-13 21:00,9.1,165,2.9,0,968.3,1020.2,51.5,,
883,2025-03-13 22:00,8.3,172.6,2.8,0,969.3,1021.4,53.9,,
883,2025-03-13 23:00,9,168.9,2.8,0,970.2,1022.2,49,,
883,2025-03-14 00:00,7.2,103.7,2.4,0,969.6,1021.8,52.9,,
883,2025-03-14 01:00,7.6,124.6,2.2,0,969.8,1022.1,60.3,,
883,2025-03-14 02:00,7.7,135.9,1.8,0,970,1022.3,67.2,,
883,2025-03-14 03:00,7.2,79.8,1.3,0,968.3,1020.6,63,,
883,2025-03-14 04:00,8,62,1.7,0,968.2,1020.3,49.2,,
883,2025-03-14 05:00,10.2,70.5,3.4,0,968.8,1020.5,34.1,,
883,2025-03-14 06:00,10.4,74.3,2.7,0,968.8,1020.5,24.8,,
883,2025-03-14 07:00,9.6,110.2,1.5,0,970,1021.9,29.4,,
883,2025-03-14 08:00,10.5,87.4,1.6,0,971,1022.7,31.5,,
883,2025-03-14 09:00,12.4,163.4,2.5,0,970,1021.3,32,,
883,2025-03-14 10:00,12.3,290.2,1.2,0,970.3,1021.7,31.9,,
883,2025-03-14 11:00,14.2,305.2,1,0,970,1021,26.5,,
883,2025-03-14 12:00,17.6,82.1,4.1,0,969.3,1019.5,21.3,,
883,2025-03-14 13:00,18,295.8,2.9,0,968.2,1018.3,22.5,,
883,2025-03-14 14:00,18.2,49.8,5,0,967.8,1017.8,21.4,,
883,2025-03-14 15:00,17,63.4,5.1,0,967.7,1018,25.7,,
883,2025-03-14 16:00,16.6,72.4,3.2,0,967.9,1018.3,20.7,,
883,2025-03-14 17:00,18.2,268.9,2.4,0,967.9,1017.9,18.6,,
883,2025-03-14 18:00,15,290.6,2.1,0,968,1018.7,25.4,,
883,2025-03-14 19:00,13.6,72.7,.6,0,967.8,1018.8,29.4,,
883,2025-03-14 20:00,12.8,238.9,2.3,0,968,1019.1,31.1,,
883,2025-03-14 21:00,12.3,75,.6,0,966.9,1018.1,33.7,,
883,2025-03-14 22:00,11.2,54.4,2.9,0,966.7,1018.1,40.2,,
883,2025-03-14 23:00,11.1,24.3,2.1,0,967.2,1018.6,43.4,,
883,2025-03-15 00:00,8.2,90.8,3.4,.5,968.5,1020.4,78.3,,
883,2025-03-15 01:00,8.2,70.7,6.4,1,966.3,1018.3,77.3,,
883,2025-03-15 02:00,7.8,98.4,3.9,1.5,967,1019.1,82.1,,
883,2025-03-15 03:00,7.6,78,8.4,4,967.2,1019.3,84.7,,
883,2025-03-15 04:00,7.1,80.5,8.7,2,965.2,1017.3,79.3,,
883,2025-03-15 05:00,7,81.9,10.2,.5,963.5,1015.5,82.6,,
883,2025-03-15 06:00,7,75.2,13.5,1,964,1016.1,82,,
883,2025-03-15 07:00,6.7,67,15.3,1.5,963.2,1015.3,84.6,,
883,2025-03-15 08:00,6.8,71.3,12.5,.5,964.1,1016.2,85.1,,
883,2025-03-15 09:00,6.5,65.9,14.1,0,963.6,1015.8,85.2,,
883,2025-03-15 10:00,7.5,78.2,11.4,0,963.9,1015.9,79.2,,
883,2025-03-15 11:00,8.6,89.2,10.5,0,963.9,1015.7,75.8,,
883,2025-03-15 12:00,9.2,81.4,7.7,0,963.7,1015.3,75.7,,
883,2025-03-15 13:00,9.3,87.7,9.4,0,963.7,1015.3,71,,
883,2025-03-15 14:00,8.3,92.6,9.8,0,963.9,1015.7,75.7,,
883,2025-03-15 15:00,8.3,78.4,9.1,0,963.4,1015.2,77.7,,
883,2025-03-15 16:00,7.4,67.4,11.2,0,962.9,1014.8,83.8,,
883,2025-03-15 17:00,6,54.9,8.7,.5,963.6,1015.9,91.2,,
883,2025-03-15 18:00,5.4,50.2,7.2,.5,964.5,1016.9,91.5,,
883,2025-03-15 19:00,5.2,46.3,8.5,.5,964.1,1016.5,92,,
883,2025-03-15 20:00,5.2,46.9,8.5,.5,964.2,1016.7,91.5,,
883,2025-03-15 21:00,5.2,46.1,6.8,0,965.2,1017.7,91.4,,
883,2025-03-15 22:00,5.2,47.7,6,0,965,1017.5,90.1,,
883,2025-03-15 23:00,5,44.2,6.4,0,964.5,1017,91.4,,
883,2025-03-16 00:00,5.2,43,5.6,0,964.7,1017.1,88.8,,
883,2025-03-16 01:00,5.1,38.2,5.7,0,964,1016.5,89.4,,
883,2025-03-16 02:00,5,33.9,5,0,963.9,1016.4,90.4,,
883,2025-03-16 03:00,5.1,27.3,4.8,0,963.4,1015.8,93.4,,
883,2025-03-16 04:00,5.2,27,5.6,0,963,1015.4,94.5,,
883,2025-03-16 05:00,4.9,24.9,6.9,0,962.9,1015.3,93.7,,
883,2025-03-16 06:00,4.8,26.5,7.1,0,962.6,1015,94.9,,
883,2025-03-16 07:00,4.2,25.7,7.5,0,962.6,1015.2,95.3,,
883,2025-03-16 08:00,3.9,26,7.9,0,963.3,1016,89.8,,
883,2025-03-16 09:00,4.2,25.6,8.1,0,964,1016.6,82.3,,
883,2025-03-16 10:00,3.7,26.6,8.2,0,964.4,1017.2,84.6,,
883,2025-03-16 11:00,3.2,24.2,6.3,0,963.8,1016.6,90.6,,
883,2025-03-16 12:00,2.9,29.7,6.2,.5,963.5,1016.4,88.2,,
883,2025-03-16 13:00,2.7,346.2,5.5,0,963.4,1016.3,83.1,,
883,2025-03-16 14:00,2.4,14.8,6.1,0,963.1,1016.1,77.9,,
883,2025-03-16 15:00,1.7,12.9,6.5,0,963.4,1016.5,79.1,,
883,2025-03-16 16:00,1.5,18,7.3,0,963.5,1016.7,75.2,,
883,2025-03-16 17:00,.9,27,7.4,0,964.1,1017.4,69.3,,
883,2025-03-16 18:00,.2,30.9,7.6,0,965.1,1018.6,60.4,,
883,2025-03-16 19:00,.2,29.4,7.9,0,965.3,1018.8,54.6,,
883,2025-03-16 20:00,.2,29.7,8.7,0,965.6,1019.2,50.4,,
883,2025-03-16 21:00,-1,44.9,7.7,0,966.4,1020.2,72,,
883,2025-03-16 22:00,-1.4,353.1,6.3,0,966.7,1020.6,89.2,,
883,2025-03-16 23:00,-.2,4.3,8.2,0,966.5,1020.2,74.2,,
883,2025-03-17 00:00,-.2,7.6,7.1,0,966.1,1019.7,68.7,,
883,2025-03-17 01:00,-.1,29.2,8.5,0,966.1,1019.7,59.4,,
883,2025-03-17 02:00,-.6,10,7.3,0,965.6,1019.3,52.6,,
883,2025-03-17 03:00,-.4,31.4,7.8,0,964.9,1018.5,52.2,,
883,2025-03-17 04:00,-.6,38.5,9,0,964.8,1018.5,61.1,,
883,2025-03-17 05:00,-.4,37.6,10,0,965,1018.6,57.5,,
883,2025-03-17 06:00,-.4,32.2,9.7,0,965.5,1019.2,56.9,,
883,2025-03-17 07:00,-.3,35.6,7.7,0,966,1019.7,58.9,,
883,2025-03-17 08:00,0,40.3,7,0,966.5,1020.1,58.2,,
883,2025-03-17 09:00,.4,12.9,5.2,0,967.5,1021.1,56.8,,
883,2025-03-17 10:00,1.9,32.9,7.3,0,967.7,1021,55.2,,
883,2025-03-17 11:00,1.8,29.7,6.5,0,968.2,1021.6,53.1,,
883,2025-03-17 12:00,2.2,25.6,7.7,0,967.7,1021,50.2,,
883,2025-03-17 13:00,2.1,25.8,9,0,967.1,1020.3,55.1,,
883,2025-03-17 14:00,2.4,26.9,7.5,0,966.5,1019.6,52.7,,
883,2025-03-17 15:00,2.5,28.6,7.9,0,966,1019.1,57.6,,
883,2025-03-17 16:00,3.2,28.7,9.3,0,965.6,1018.5,47.8,,
883,2025-03-17 17:00,2.7,33.2,6.4,0,965.8,1018.8,46.4,,
883,2025-03-17 18:00,2.1,12.8,4.6,0,966.4,1019.6,45,,
883,2025-03-17 19:00,.3,36.4,1.6,0,966.6,1020.2,60.3,,
883,2025-03-17 20:00,-.2,61.6,2.2,0,966.3,1020,66.8,,
883,2025-03-17 21:00,-.6,83.6,1.4,0,966.6,1020.4,71.8,,
883,2025-03-17 22:00,-1.1,131.9,1.4,0,966.7,1020.6,76.6,,
883,2025-03-17 23:00,-.8,184.4,1.9,0,967.1,1020.9,74.8,,
883,2025-03-18 00:00,.6,184.6,3.5,0,966.2,1019.6,68.2,,
883,2025-03-18 01:00,1,184.3,3.6,0,966,1019.4,69.8,,
883,2025-03-18 02:00,2.5,198.4,3.7,0,965.7,1018.8,71.6,,
883,2025-03-18 03:00,3.5,228.1,4.8,0,965.3,1018.2,70.1,,
883,2025-03-18 04:00,.9,284.6,5.9,1,965.1,1018.5,93.9,,
883,2025-03-18 05:00,.6,304.7,3.4,1,964.6,1018,92.6,,
883,2025-03-18 06:00,1.6,31,4.8,1.5,964.5,1017.7,80.5,,
883,2025-03-18 07:00,1,26.7,4.4,.5,964.6,1017.9,85,,
883,2025-03-18 08:00,1.1,52.2,4.5,0,964.9,1018.2,70.1,,
883,2025-03-18 09:00,1.4,341.2,3.8,0,965.4,1018.7,65.3,,
883,2025-03-18 10:00,1.8,270.1,6.2,0,965.5,1018.7,54.4,,
883,2025-03-18 11:00,.8,311.4,4.2,0,965.4,1018.8,62.3,,
883,2025-03-18 12:00,1.8,52.7,5.3,0,965.3,1018.5,60.1,,
883,2025-03-18 13:00,-.4,37.4,6.8,0,965.8,1019.5,89.2,,
883,2025-03-18 14:00,-.1,46.7,6.6,0,965.9,1019.5,76.9,,
883,2025-03-18 15:00,.4,39.6,5.9,0,965.9,1019.4,68.7,,
883,2025-03-18 16:00,.1,22.5,7.5,0,966.1,1019.7,75.6,,
883,2025-03-18 17:00,.7,28.9,8.1,0,966.6,1020.1,61.1,,
883,2025-03-18 18:00,.4,27.8,6.3,0,967,1020.6,63.6,,
883,2025-03-18 19:00,.1,13.8,6.4,0,968,1021.7,62.7,,
883,2025-03-18 20:00,-.2,36.2,8.7,0,968.4,1022.2,58.8,,
883,2025-03-18 21:00,-.2,36,7.5,0,969.3,1023.1,57.9,,
883,2025-03-18 22:00,-.2,25.8,7.7,0,969.8,1023.7,57.8,,
883,2025-03-18 23:00,-.2,17.8,6.8,0,970.1,1024,53.9,,
883,2025-03-19 00:00,-.1,43.4,7.8,0,970.3,1024.1,56,,
883,2025-03-19 01:00,-.1,29.3,9.9,0,970.4,1024.3,56,,
883,2025-03-19 02:00,0,27.2,9.1,0,970,1023.8,61.3,,
883,2025-03-19 03:00,-.1,28.6,9.2,0,970,1023.9,66,,
883,2025-03-19 04:00,-.4,26.8,8.3,0,970,1023.9,65.6,,
883,2025-03-19 05:00,-.2,25.5,7.1,0,970.6,1024.5,59.2,,
883,2025-03-19 06:00,-.7,33,5.3,0,971.1,1025.1,61.3,,
883,2025-03-19 07:00,-.4,30.1,4.9,0,971.7,1025.7,62.9,,
883,2025-03-19 08:00,.7,28.7,3.6,0,972.1,1025.9,57.3,,
883,2025-03-19 09:00,1.2,26.2,4.4,0,972.8,1026.5,60,,
883,2025-03-19 10:00,.9,18.7,3.8,0,973,1026.8,65.5,,
883,2025-03-19 11:00,1.9,14,5.9,0,972.8,1026.4,53.8,,
883,2025-03-19 12:00,2,26,5.4,0,972.6,1026.2,61.2,,
883,2025-03-19 13:00,2.5,19.3,5.7,0,972.2,1025.6,52.6,,
883,2025-03-19 14:00,2.9,26.9,7.4,0,971.9,1025.2,53.5,,
883,2025-03-19 15:00,3.5,27.3,7.6,0,971.6,1024.8,52.4,,
883,2025-03-19 16:00,3.4,31.1,6.8,0,971.5,1024.7,53.7,,
883,2025-03-19 17:00,2.7,29,8.4,0,971.4,1024.8,57.8,,
883,2025-03-19 18:00,1.9,27.8,7.9,0,971.3,1024.8,59.6,,
883,2025-03-19 19:00,.9,21.5,4.9,0,971.9,1025.7,67,,
883,2025-03-19 20:00,.3,23.5,4.3,0,972.3,1026.2,69.7,,
883,2025-03-19 21:00,.3,39.3,3.3,0,972.8,1026.7,74.8,,
883,2025-03-19 22:00,0,35.6,2.3,0,973,1027,79.8,,
883,2025-03-19 23:00,.6,48.8,2.4,0,973,1026.9,81,,
883,2025-03-20 00:00,.6,58.8,1.2,0,972.8,1026.6,82.3,,
883,2025-03-20 01:00,.5,65.5,2.3,0,972.7,1026.6,82,,
883,2025-03-20 02:00,.5,69.6,2,0,972.2,1026.1,82.9,,
883,2025-03-20 03:00,.9,66.9,1.7,0,972,1025.8,83.5,,
883,2025-03-20 04:00,1.7,0,.3,0,972.1,1025.7,82.2,,
883,2025-03-20 05:00,.4,114.1,1.8,0,972,1025.9,85.4,,
883,2025-03-20 06:00,.5,110.8,2,0,971.9,1025.7,85.5,,
883,2025-03-20 07:00,.9,142,1.9,0,972,1025.8,83.9,,
883,2025-03-20 08:00,5.2,207.9,2.3,0,972.1,1025,75.7,,
883,2025-03-20 09:00,7.1,234.2,3.2,0,972.2,1024.7,73.8,,
883,2025-03-20 10:00,8.3,239.1,4.1,0,972.4,1024.7,72,,
883,2025-03-20 11:00,9.6,246.8,4.4,0,972.2,1024.2,64.6,,
883,2025-03-20 12:00,10.1,236.5,4.3,0,971.9,1023.8,64.1,,
883,2025-03-20 13:00,10.9,245.9,4.4,0,971.4,1023.1,58.1,,
883,2025-03-20 14:00,10.9,255.5,4.6,0,970.5,1022.1,58.8,,
883,2025-03-20 15:00,11,259.8,4.4,0,969.8,1021.4,55.9,,
883,2025-03-20 16:00,10.2,263.4,5.1,0,969.4,1021.1,56.8,,
883,2025-03-20 17:00,9.4,268,4.4,0,969.1,1021,64.2,,
883,2025-03-20 18:00,8.1,266.4,3.2,0,968.9,1021,68.6,,
883,2025-03-20 19:00,6.3,215.2,2.8,0,968.7,1021.2,76.3,,
883,2025-03-20 20:00,5.7,194.5,3.2,0,969,1021.6,80.9,,
883,2025-03-20 21:00,5.8,191.4,3.3,0,969.3,1021.9,84.8,,
883,2025-03-20 22:00,5.7,189,3.5,0,969.4,1022,83.6,,
883,2025-03-20 23:00,5.8,176.1,3.8,0,969.1,1021.7,81.1,,
883,2025-03-21 00:00,6,172,4.1,0,968.9,1021.3,78.6,,
883,2025-03-21 01:00,6.2,182.5,3.8,0,968.9,1021.4,79.3,,
883,2025-03-21 02:00,6.2,182.6,4.6,0,968.8,1021.3,81.3,,
883,2025-03-21 03:00,6.2,183.6,4.6,0,968.5,1021,80.6,,
883,2025-03-21 04:00,6.3,183.9,5.1,0,968.1,1020.5,82.2,,
883,2025-03-21 05:00,6.5,181.7,4.7,0,967.7,1020.1,84.5,,
883,2025-03-21 06:00,7.4,179.9,6.6,0,967.4,1019.6,82.5,,
883,2025-03-21 07:00,7.6,179.9,4.9,0,967.4,1019.5,84.8,,
883,2025-03-21 08:00,8.6,176.4,4.6,0,967.6,1019.5,83.8,,
883,2025-03-21 09:00,10.4,198.7,3.8,0,967.6,1019.2,77.6,,
883,2025-03-21 10:00,12.7,226,3.6,0,967.6,1018.7,64.5,,
883,2025-03-21 11:00,14.6,241.6,3,0,967.3,1018,54.3,,
883,2025-03-21 12:00,15.4,257.7,3.3,0,967.1,1017.7,50.7,,
883,2025-03-21 13:00,15.9,263.9,3.1,0,966.4,1016.8,49.8,,
883,2025-03-21 14:00,16,259.6,3.1,0,965.7,1016.1,45.2,,
883,2025-03-21 15:00,16.4,270.3,3.9,0,965.3,1015.6,36.2,,
883,2025-03-21 16:00,16.4,284.4,4.3,0,964.9,1015.1,36,,
883,2025-03-21 17:00,15.7,282.4,3.7,0,964.8,1015.2,35.3,,
883,2025-03-21 18:00,13.6,260.5,2.7,0,964.9,1015.7,41.7,,
883,2025-03-21 19:00,12.3,237.8,2.2,0,964.9,1016,37.2,,
883,2025-03-21 20:00,10.7,217.4,2.4,0,965.3,1016.7,48.1,,
883,2025-03-21 21:00,10.5,218.2,2.4,0,965.8,1017.3,50.4,,
883,2025-03-21 22:00,11.3,246.3,.9,0,965.9,1017.2,40.4,,
883,2025-03-21 23:00,11.1,214,2.5,0,966.2,1017.6,51,,
883,2025-03-22 00:00,10.7,211.2,2.6,0,966,1017.3,57.6,,
883,2025-03-22 01:00,10.1,214.5,2.1,0,965.7,1017.2,63.3,,
883,2025-03-22 02:00,8.5,160.4,1.7,0,965.4,1017.3,70.6,,
883,2025-03-22 03:00,10.1,158.1,1.2,0,965,1016.5,65.1,,
883,2025-03-22 04:00,10,120.3,.8,0,964.8,1016.3,60.2,,
883,2025-03-22 05:00,10,200.4,1.9,0,964.8,1016.3,63,,
883,2025-03-22 06:00,11.4,257.1,2.7,0,964.9,1016.1,54.8,,
883,2025-03-22 07:00,11.1,237.4,1.4,0,965,1016.3,54.2,,
883,2025-03-22 08:00,12.5,221.6,2.3,0,965.3,1016.3,54.1,,
883,2025-03-22 09:00,14.4,250.1,3.5,0,965.5,1016.2,46.3,,
883,2025-03-22 10:00,16.3,248.5,3.9,0,965.9,1016.2,41.7,,
883,2025-03-22 11:00,17.5,247.7,4.4,0,966,1016.1,40,,
883,2025-03-22 12:00,17.6,257.8,4.9,0,965.7,1015.7,37.8,,
883,2025-03-22 13:00,17.4,281.5,5.4,0,965.2,1015.3,34.5,,
883,2025-03-22 14:00,18.5,278.2,5.4,0,964.5,1014.3,32.1,,
883,2025-03-22 15:00,18.5,288,5,0,964.1,1013.9,29.2,,
883,2025-03-22 16:00,17.9,286.7,5.2,0,963.9,1013.8,28.7,,
883,2025-03-22 17:00,17.3,273.1,4,0,963.5,1013.5,30.3,,
883,2025-03-22 18:00,15,255.3,2.7,0,963.8,1014.3,35.2,,
883,2025-03-22 19:00,13.4,226.6,1.4,0,963.7,1014.5,34.2,,
883,2025-03-22 20:00,12.5,229.5,1.9,0,963.9,1014.9,39.6,,
883,2025-03-22 21:00,12.1,231.9,2.5,0,964.4,1015.5,44.3,,
883,2025-03-22 22:00,11.9,219.9,2.4,0,964.7,1015.8,48.1,,
883,2025-03-22 23:00,12.1,212.2,2.1,0,964.7,1015.8,50.5,,
883,2025-03-23 00:00,12.6,220.9,3.4,0,964.5,1015.3,49.8,,
883,2025-03-23 01:00,12,218.1,2.7,0,964.5,1015.6,52.9,,
883,2025-03-23 02:00,12.5,212.9,2.2,0,964.2,1015.2,49.5,,
883,2025-03-23 03:00,12.4,226.4,2.3,0,963.7,1014.7,52.3,,
883,2025-03-23 04:00,11.1,205.5,2.1,0,963.8,1015,59.2,,
883,2025-03-23 05:00,11.4,206.4,3,0,963.9,1015.1,55.2,,
883,2025-03-23 06:00,11.6,212.3,2.3,0,964.1,1015.3,51.9,,
883,2025-03-23 07:00,12.5,218.9,1.9,0,964.3,1015.3,45,,
883,2025-03-23 08:00,14.3,185.5,1.5,0,964.5,1015.2,39.4,,
883,2025-03-23 09:00,16.7,253,1.5,0,965,1015.2,31.7,,
883,2025-03-23 10:00,18.3,243,3.1,0,965.1,1015,31.4,,
883,2025-03-23 11:00,20,238.7,3.7,0,964.9,1014.4,24.6,,
883,2025-03-23 12:00,21,249.8,3.8,0,964.3,1013.6,21.4,,
883,2025-03-23 13:00,21.2,230.1,4.6,0,963.6,1012.8,19.5,,
883,2025-03-23 14:00,22,219.9,4.1,0,962.1,1011.1,19.8,,
883,2025-03-23 15:00,21.6,210,4.3,0,961.5,1010.6,22,,
883,2025-03-23 16:00,21.2,206.8,4.3,0,961.2,1010.3,22.4,,
883,2025-03-23 17:00,20,192.7,3.7,0,960.9,1010.2,24,,
883,2025-03-23 18:00,18,182,3.7,0,960.7,1010.4,27.6,,
883,2025-03-23 19:00,16.4,164.9,5.1,0,960.3,1010.3,30.5,,
883,2025-03-23 20:00,15.5,177.9,4.1,0,960.4,1010.6,33.4,,
883,2025-03-23 21:00,15,190,3.8,0,960.5,1010.8,34.9,,
883,2025-03-23 22:00,14.6,192.8,3.6,0,960.4,1010.8,36.5,,
883,2025-03-23 23:00,15.1,205.4,4,0,960.1,1010.4,34.5,,
883,2025-03-24 00:00,13.8,189.2,3.6,0,960,1010.2,42.6,,
883,2025-03-24 01:00,14.3,228.1,4.2,0,960.1,1010.5,37.6,,
883,2025-03-24 02:00,13,215.3,4.4,0,959.8,1010.5,56.6,,
883,2025-03-24 03:00,12.8,238.2,4.8,0,959.7,1010.4,61.8,,
883,2025-03-24 04:00,11.9,271,3.1,0,959.8,1010.7,72.2,,
883,2025-03-24 05:00,12.2,178.8,2.4,0,958.9,1009.7,71.4,,
883,2025-03-24 06:00,14.2,209.7,3.3,0,958.4,1008.8,51.9,,
883,2025-03-24 07:00,14.1,211.2,3.1,0,958.6,1009,52,,
883,2025-03-24 08:00,14.8,222.7,3.9,0,958.9,1009.2,58,,
883,2025-03-24 09:00,15.6,231.9,3.3,0,958.8,1008.9,61.7,,
883,2025-03-24 10:00,15.8,226.8,4.1,0,959.3,1009.4,64,,
883,2025-03-24 11:00,17.2,223.8,4,0,959.2,1009,62.2,,
883,2025-03-24 12:00,17.1,239.6,4.6,0,959,1008.8,60.2,,
883,2025-03-24 13:00,18,225.4,4.9,0,958.2,1007.8,59.3,,
883,2025-03-24 14:00,17.8,243.9,5.9,0,957.5,1007.1,57.7,,
883,2025-03-24 15:00,18.5,237.5,4.9,0,957.1,1006.5,54.6,,
883,2025-03-24 16:00,18.5,226.4,3.6,0,957,1006.4,50.7,,
883,2025-03-24 17:00,17.2,217.1,3.8,0,956.7,1006.4,55.7,,
883,2025-03-24 18:00,14.8,211.7,4,0,956.6,1006.7,63.7,,
883,2025-03-24 19:00,13,197.6,3.4,0,956.5,1007,70.6,,
883,2025-03-24 20:00,13,199.8,3.6,0,956.9,1007.4,70.1,,
883,2025-03-24 21:00,13.2,208.4,3.9,0,957.5,1008,68.4,,
883,2025-03-24 22:00,13.3,204.7,4.3,0,957.7,1008.2,68.3,,
883,2025-03-24 23:00,13.5,212.7,3.8,0,957.8,1008.3,64.3,,
883,2025-03-25 00:00,13.1,241.3,4.3,0,957.8,1008.1,69.2,,
883,2025-03-25 01:00,11.9,228.2,3.1,0,957.3,1008,76.3,,
883,2025-03-25 02:00,12,176,3.2,0,956.8,1007.5,72.6,,
883,2025-03-25 03:00,11.8,183.2,2.6,0,956.2,1006.9,73.2,,
883,2025-03-25 04:00,12.1,197.6,2.2,0,955.6,1006.2,68.2,,
883,2025-03-25 05:00,13,181.8,3.9,0,955.2,1005.6,62.9,,
883,2025-03-25 06:00,13.4,184.3,3.2,0,955.4,1005.8,55.9,,
883,2025-03-25 07:00,14.5,183.9,3.8,0,955.4,1005.5,52.9,,
883,2025-03-25 08:00,15.8,183.1,3.6,0,955.8,1005.7,52.9,,
883,2025-03-25 09:00,16.7,199.2,4.2,0,956,1005.7,53,,
883,2025-03-25 10:00,18.5,222.6,5.1,0,955.9,1005.3,47.3,,
883,2025-03-25 11:00,19.6,217.6,5.2,0,955.7,1004.8,44,,
883,2025-03-25 12:00,21.1,212.7,4.8,0,955.3,1004.1,41.3,,
883,2025-03-25 13:00,22.1,214.5,4.9,0,954.5,1003.1,35.8,,
883,2025-03-25 14:00,22.3,221.8,5.2,0,953.7,1002.2,35.7,,
883,2025-03-25 15:00,21.9,221.6,5.2,0,953.2,1001.8,35.5,,
883,2025-03-25 16:00,20.7,225.7,5,0,953.4,1002.2,36.2,,
883,2025-03-25 17:00,18.9,221.3,4.5,0,953.4,1002.6,43,,
883,2025-03-25 18:00,17.2,215.2,4.4,0,953.9,1003.4,48.6,,
883,2025-03-25 19:00,16,205.9,4.5,0,953.8,1003.5,49.9,,
883,2025-03-25 20:00,14.6,204.2,2.5,0,955.2,1005.3,61.8,,
883,2025-03-25 21:00,15.9,285.8,2.5,0,956.1,1006,47.3,,
883,2025-03-25 22:00,14.6,98.2,1.6,0,956.1,1006.3,55.7,,
883,2025-03-25 23:00,12.7,4.9,1.7,0,956,1006.5,64.4,,
883,2025-03-26 00:00,15.5,44.7,2.4,0,956.5,1006.3,48.5,,
883,2025-03-26 01:00,15,92.1,2.1,0,956.3,1006.4,53.5,,
883,2025-03-26 02:00,13,105.1,1.9,0,956.3,1006.8,61.4,,
883,2025-03-26 03:00,13.5,89.7,2.7,0,956.3,1006.7,58.8,,
883,2025-03-26 04:00,14,125.7,2,0,956.2,1006.5,55.9,,
883,2025-03-26 05:00,12.5,146.3,2.2,0,956.2,1006.8,60.9,,
883,2025-03-26 06:00,13.6,165.2,3,0,956.5,1006.9,54.1,,
883,2025-03-26 07:00,17.8,165.4,3.7,0,956.7,1006.2,38,,
883,2025-03-26 08:00,19.6,163,3.7,0,956.9,1006.1,34.8,,
883,2025-03-26 09:00,21.9,183,4.4,0,957.3,1006.1,29,,
883,2025-03-26 10:00,23.7,182.5,5.3,0,957.3,1005.7,24.6,,
883,2025-03-26 11:00,25,186.4,4.6,0,957.2,1005.4,27.6,,
883,2025-03-26 12:00,25.5,176.8,6.6,0,956.3,1004.4,28.5,,
883,2025-03-26 13:00,23.8,190.1,7.1,0,955.6,1003.9,37.5,,
883,2025-03-26 14:00,22.5,188.1,6.9,0,955,1003.5,47.9,,
883,2025-03-26 15:00,22.7,193.6,7.1,0,954.4,1002.9,44.1,,
883,2025-03-26 16:00,21.9,193.6,6.8,0,953.8,1002.4,46.1,,
883,2025-03-26 17:00,20.7,194.7,7.5,0,953.6,1002.4,53.9,,
883,2025-03-26 18:00,18.4,183.3,8.2,0,953.6,1002.9,79.5,,
883,2025-03-26 19:00,17.9,180.1,8.5,0,953.7,1003.1,81.9,,
883,2025-03-26 20:00,17.9,189.1,8.6,0,953.7,1003.1,66.6,,
883,2025-03-26 21:00,17.4,179.4,8.6,0,953.9,1003.4,73.2,,
883,2025-03-26 22:00,18.1,171,8.9,0,953.9,1003.2,89.2,,
883,2025-03-26 23:00,18.3,190.6,7.4,0,954.5,1003.8,92,,
883,2025-03-27 00:00,18.2,186.4,7.3,0,954,1002.9,95.7,,
883,2025-03-27 01:00,17.9,191.6,8.7,0,953.5,1002.9,96.1,,
883,2025-03-27 02:00,18.3,195.6,6.7,.5,953.1,1002.4,96.9,,
883,2025-03-27 03:00,18.1,203,7.1,0,952.5,1001.8,97.1,,
883,2025-03-27 04:00,17.9,213.5,7,.5,951.9,1001.2,97,,
883,2025-03-27 05:00,17.6,209.5,6.7,.5,951.2,1000.5,97.3,,
883,2025-03-27 06:00,16.8,203.6,6.3,.5,951.2,1000.7,97.2,,
883,2025-03-27 07:00,16.1,197.2,5.3,0,951.5,1001.1,97.4,,
883,2025-03-27 08:00,16.1,185.6,5.5,0,951.7,1001.3,97.5,,
883,2025-03-27 09:00,16.1,194.8,4,0,952,1001.6,97.3,,
883,2025-03-27 10:00,18.3,210.5,1.3,0,951,1000.2,94.4,,
883,2025-03-27 11:00,20.1,36.4,4.2,0,949.8,998.5,85.1,,
883,2025-03-27 12:00,14,209.8,6.5,0,952.8,1002.9,95.7,,
883,2025-03-27 13:00,15.5,81.9,4.9,2,950.2,999.9,97.7,,
883,2025-03-27 14:00,19.6,56.9,2.5,0,947.8,996.5,75.4,,
883,2025-03-27 15:00,13.5,251.1,2,2.5,951.3,1001.4,95,,
883,2025-03-27 16:00,10.6,29,7.7,2,949.2,999.8,96.7,,
883,2025-03-27 17:00,7.9,25.2,8.3,.5,950.1,1001.2,97.4,,
883,2025-03-27 18:00,8.2,34.1,7,.5,952.3,1003.5,97.8,,
883,2025-03-27 19:00,8.9,44.6,8.3,0,952.9,1004,96.1,,
883,2025-03-27 20:00,8,49.7,8.3,0,953.5,1004.8,66.7,,
883,2025-03-27 21:00,6.4,34.3,9.3,0,955.1,1006.8,81.5,,
883,2025-03-27 22:00,7.6,47,8.5,0,955.4,1006.9,42.2,,
883,2025-03-27 23:00,5.6,27,10.2,0,957.8,1009.8,69.3,,
883,2025-03-28 00:00,4.3,22.9,11.8,0,958.9,1011.2,90.2,,
883,2025-03-28 01:00,4.6,35.2,8.6,0,959.9,1012.2,81.2,,
883,2025-03-28 02:00,4.4,22.4,10,0,958.8,1011.1,85.9,,
883,2025-03-28 03:00,3.7,29.5,10.6,.5,959,1011.5,94,,
883,2025-03-28 04:00,3.4,26.4,11.3,0,958.7,1011.2,96.3,,
883,2025-03-28 05:00,3.1,29.6,11.5,0,960.1,1012.8,93.7,,
883,2025-03-28 06:00,2.6,28.1,11.4,.5,961.7,1014.5,92.8,,
883,2025-03-28 07:00,2.7,25.4,10,0,961.8,1014.6,91.5,,
883,2025-03-28 08:00,3,25.9,10.4,0,962.1,1014.9,88.9,,
883,2025-03-28 09:00,3.2,26.7,10.8,0,962.2,1014.9,86.1,,
883,2025-03-28 10:00,4.8,23.6,9.7,0,962.6,1015,85.5,,
883,2025-03-28 11:00,4.3,23.6,12.2,0,962.7,1015.3,76.2,,
883,2025-03-28 12:00,5.2,24.7,12.1,0,962.7,1015.1,77.9,,
883,2025-03-28 13:00,4.9,29.9,13.4,0,962.3,1014.7,74.2,,
883,2025-03-28 14:00,4.5,27.9,13.2,0,962.8,1015.3,70.6,,
883,2025-03-28 15:00,4.4,24.3,14.1,0,962.6,1015.1,72.2,,
883,2025-03-28 16:00,4.3,26.4,13.7,0,962.6,1015.1,74.3,,
883,2025-03-28 17:00,3.7,26.4,12.8,0,962.8,1015.5,70,,
883,2025-03-28 18:00,3.5,26.8,11.5,0,963.7,1016.5,69,,
883,2025-03-28 19:00,3.2,26.4,10.3,0,964.8,1017.7,63,,
883,2025-03-28 20:00,3.1,28.4,9.2,0,965.6,1018.6,61.3,,
883,2025-03-28 21:00,3.1,26.6,9.2,0,966,1019,64.2,,
883,2025-03-28 22:00,3.2,26.3,8,0,967.2,1020.2,63.3,,
883,2025-03-28 23:00,2.9,28.3,7,0,967.6,1020.7,66.7,,
883,2025-03-29 00:00,2.9,27.7,5.8,0,968.7,1021.7,69.1,,
883,2025-03-29 01:00,2.8,21.8,4.9,0,969.4,1022.6,72.1,,
883,2025-03-29 02:00,2.2,38.5,2.9,0,969.1,1022.4,74.2,,
883,2025-03-29 03:00,1.9,53.3,2.3,0,969.1,1022.5,76.2,,
883,2025-03-29 04:00,1.2,29.9,2.3,0,968.9,1022.4,80.6,,
883,2025-03-29 05:00,1.1,32.9,1.9,0,968.8,1022.3,83.5,,
883,2025-03-29 06:00,.6,31.2,2.2,0,969.4,1023.1,84.6,,
883,2025-03-29 07:00,1.5,29.9,3.2,0,969.7,1023.2,81.6,,
883,2025-03-29 08:00,3.1,31.4,4.9,0,969.8,1023,78.8,,
883,2025-03-29 09:00,3.3,25.5,7,0,970.4,1023.6,72.6,,
883,2025-03-29 10:00,5.2,28.3,7,0,970.9,1023.7,47.3,,
883,2025-03-29 11:00,6.1,20,6.3,0,971.3,1024,48.8,,
883,2025-03-29 12:00,5.3,29.1,5.9,0,971,1023.8,50,,
883,2025-03-29 13:00,4.7,18.7,5.2,0,970.9,1023.8,60.9,,
883,2025-03-29 14:00,5.2,29.7,4,0,970.6,1023.4,50.8,,
883,2025-03-29 15:00,5,3.9,4.1,0,970.2,1023,64.9,,
883,2025-03-29 16:00,3.1,0,4.2,0,970,1023.2,84.4,,
883,2025-03-29 17:00,2.5,27.4,6,0,970.2,1023.5,90.1,,
883,2025-03-29 18:00,2.5,29.1,7.9,0,970.5,1023.8,66,,
883,2025-03-29 19:00,2.2,30.6,8.1,0,970.6,1024,72.8,,
883,2025-03-29 20:00,1.9,24.7,7.8,0,971.1,1024.6,70.2,,
883,2025-03-29 21:00,1.7,24.6,8.5,0,972.3,1025.9,71.2,,
883,2025-03-29 22:00,1.2,26.4,8.9,0,973.6,1027.4,69.4,,
883,2025-03-29 23:00,.8,25.8,8.3,0,973.7,1027.6,64.8,,
883,2025-03-30 00:00,.4,28.7,8.1,0,973.7,1027.6,51.7,,
883,2025-03-30 01:00,.5,25.8,8.2,0,974.4,1028.4,47.8,,
883,2025-03-30 02:00,.2,26.8,7.7,0,974.5,1028.5,50.2,,
883,2025-03-30 03:00,.1,24.7,7.7,0,974.7,1028.8,56.2,,
883,2025-03-30 04:00,.1,24.5,8,0,975.1,1029.2,59.2,,
883,2025-03-30 05:00,-.4,30.6,8.1,0,974.9,1029.1,60.7,,
883,2025-03-30 06:00,-.9,39.7,5.6,0,975.2,1029.5,61.4,,
883,2025-03-30 07:00,-.5,38.1,6.3,0,975.3,1029.5,63,,
883,2025-03-30 08:00,1.2,43.4,6.4,0,975.7,1029.6,52,,
883,2025-03-30 09:00,2.5,40.5,7.9,0,975.9,1029.5,41.6,,
883,2025-03-30 10:00,4.1,37.6,8,0,976.5,1029.8,34.2,,
883,2025-03-30 11:00,5.2,36.9,8.4,0,976.6,1029.7,28.3,,
883,2025-03-30 12:00,5.6,31.2,9.2,0,976.9,1030,25.1,,
883,2025-03-30 13:00,4.1,25,8.9,0,976.9,1030.3,27.9,,
883,2025-03-30 14:00,4,28.4,7.9,0,975.8,1029.1,34.2,,
883,2025-03-30 15:00,4.3,35.6,7.5,0,975.6,1028.9,40.8,,
883,2025-03-30 16:00,4,26.6,7.3,0,974.8,1028.1,47.3,,
883,2025-03-30 17:00,3.3,23.4,7.4,0,974.3,1027.7,42.1,,
883,2025-03-30 18:00,2.8,26.7,5.7,0,974.9,1028.4,45.4,,
883,2025-03-30 19:00,2.2,23.3,4,0,975.4,1029.1,54.9,,
883,2025-03-30 20:00,1.7,26.1,4.5,0,975.2,1029,58.3,,
883,2025-03-30 21:00,1.4,50.9,3.4,0,975.5,1029.3,59.1,,
883,2025-03-30 22:00,1.2,43.5,3.5,0,975.6,1029.5,60.9,,
883,2025-03-30 23:00,1.1,52.3,3.4,0,975.2,1029.1,66,,
883,2025-03-31 00:00,1.1,71.7,3.9,0,975.4,1029.2,70,-9.97,17.9
883,2025-03-31 01:00,1,49.1,2.5,0,975.3,1029.2,74.1,,
883,2025-03-31 02:00,.8,57.1,3.2,0,975.1,1029.1,74.8,,
883,2025-03-31 03:00,1,65.1,3.9,0,974.7,1028.6,76.2,,
883,2025-03-31 04:00,1.2,65.7,4,0,974.4,1028.2,75.9,,
883,2025-03-31 05:00,1.7,76.1,4.4,0,974.4,1028.1,74.3,,
883,2025-03-31 06:00,2,71.7,4,0,974.6,1028.3,74.3,,
883,2025-03-31 07:00,2.3,67.2,4.1,0,974.5,1028.1,75.2,,
883,2025-03-31 08:00,3.9,55.6,2.6,0,974.6,1027.9,71.4,,
883,2025-03-31 09:00,5.9,40.4,3.9,0,974.6,1027.5,56.6,,
883,2025-03-31 10:00,7.5,32.1,5.5,0,974.7,1027.3,46.9,,
883,2025-03-31 11:00,8.1,31.7,5.7,0,975.1,1027.6,44.3,,
883,2025-03-31 12:00,9,41.5,5.1,0,974.4,1026.6,34.1,,
883,2025-03-31 13:00,9.2,27.7,5.7,0,974.1,1026.3,37.8,,
883,2025-03-31 14:00,9.1,25.3,5.4,0,973.1,1025.2,45.3,,
883,2025-03-31 15:00,9.3,32.6,5.7,0,972.3,1024.4,33.5,,
883,2025-03-31 16:00,8.1,26.8,4.9,0,972.2,1024.5,43.9,,
883,2025-03-31 17:00,7.2,30,4.2,0,971.9,1024.4,57.5,,
883,2025-03-31 18:00,6,24.1,4.4,0,971.6,1024.3,65.4,,
883,2025-03-31 19:00,4.7,43.4,2.5,0,971.7,1024.7,72.4,,
883,2025-03-31 20:00,4.4,63.4,3.1,0,971.9,1024.9,75.1,,
883,2025-03-31 21:00,4.4,62,4,0,972.3,1025.4,76.7,,
883,2025-03-31 22:00,4.3,82.8,2.6,0,972.2,1025.3,79.8,,
883,2025-03-31 23:00,4.1,60.3,3.2,0,972.2,1025.3,74.9,,
883,2025-04-01 00:00,4.3,69.8,3.8,0,972.1,1025.1,80.1,,
883,2025-04-01 01:00,4.5,70.2,4.2,0,971.9,1024.9,81.7,,
883,2025-04-01 02:00,4.7,73.2,5.8,0,971.4,1024.3,64.5,,
883,2025-04-01 03:00,4.5,59.6,3.8,0,970.8,1023.8,65.2,,
883,2025-04-01 04:00,4.9,70.3,4.4,0,970.2,1023,58.1,,
883,2025-04-01 05:00,4.9,64.7,6.4,0,970.1,1022.9,51.8,,
883,2025-04-01 06:00,4.4,89.8,3.8,0,970.1,1023,56.1,,
883,2025-04-01 07:00,4.4,51.5,2.8,0,969.7,1022.6,59.9,,
883,2025-04-01 08:00,5.7,45.1,3.6,0,970.1,1022.8,72.6,,
883,2025-04-01 09:00,7,47.8,4.9,0,970.2,1022.6,66.6,,
883,2025-04-01 10:00,8.3,39.1,5.7,0,970.3,1022.5,57.5,,
883,2025-04-01 11:00,10.2,41.2,6.7,0,969.9,1021.7,48,,
883,2025-04-01 12:00,11.4,36.8,7.4,0,969.3,1020.8,45.6,,
883,2025-04-01 13:00,11.1,29.6,9.2,0,968.5,1020,44.3,,
883,2025-04-01 14:00,11.9,45.5,6.9,0,968.1,1019.4,38.3,,
883,2025-04-01 15:00,12,45.7,7.5,0,967.3,1018.6,39.2,,
883,2025-04-01 16:00,11.4,45.2,7.4,0,967.2,1018.6,34.6,,
883,2025-04-01 17:00,10.7,54.7,6.9,0,966.9,1018.4,31,,
883,2025-04-01 18:00,9.7,61.3,5.5,0,967.2,1018.9,33.4,,
883,2025-04-01 19:00,8.5,100.9,4.4,0,967.6,1019.6,27.5,,
883,2025-04-01 20:00,6.9,84.3,2.8,0,967.6,1019.9,34.4,,
883,2025-04-01 21:00,5.6,42.5,3.4,0,967.8,1020.4,44.1,,
883,2025-04-01 22:00,6.2,51.1,3.3,0,968.1,1020.6,56.4,,
883,2025-04-01 23:00,5.9,63.1,3.5,0,968.5,1021,69.8,,
883,2025-04-02 00:00,4.9,97.7,2.9,0,968.5,1021.2,74.7,,
883,2025-04-02 01:00,5.4,44.1,4.5,0,967.8,1020.4,78.7,,
883,2025-04-02 02:00,5.3,78.5,4,0,967.1,1019.7,33.1,,
883,2025-04-02 03:00,4.5,108.3,2.6,0,966.7,1019.4,31.6,,
883,2025-04-02 04:00,7.4,87.6,2.3,0,966.8,1018.9,27.4,,
883,2025-04-02 05:00,5.4,46.5,2.8,0,967,1019.6,38.4,,
883,2025-04-02 06:00,5.4,65.7,1.4,0,967,1019.6,43.5,,
883,2025-04-02 07:00,4.1,137.8,2.1,0,967.2,1020,45.6,,
883,2025-04-02 08:00,8,35.1,4.4,0,967.8,1019.9,46.5,,
883,2025-04-02 09:00,9.5,36.2,5.2,0,968.1,1019.9,38.6,,
883,2025-04-02 10:00,11.2,32.5,4.8,0,968.1,1019.6,36.1,,
883,2025-04-02 11:00,13.3,26.3,4.4,0,968.2,1019.2,34,,
883,2025-04-02 12:00,13.8,332.2,3.5,0,967.8,1018.7,28.7,,
883,2025-04-02 13:00,13.5,289,5.9,0,967.6,1018.6,37,,
883,2025-04-02 14:00,11.9,358.9,4.4,0,967.3,1018.6,38.1,,
883,2025-04-02 15:00,12.5,359.7,4.7,0,966.8,1017.9,35.6,,
883,2025-04-02 16:00,11.8,29.9,4.9,0,966.7,1018,36.9,,
883,2025-04-02 17:00,10.3,30.3,4.8,0,966.8,1018.4,48.9,,
883,2025-04-02 18:00,8.2,20.3,6.2,0,966.8,1018.8,71.7,,
883,2025-04-02 19:00,6.5,71.3,3.1,0,966.5,1018.8,57.6,,
883,2025-04-02 20:00,6.1,37.4,2.3,0,967.1,1019.5,50.1,,
883,2025-04-02 21:00,5.6,47.2,2.9,0,967.7,1020.3,64.5,,
883,2025-04-02 22:00,5,43.7,2.6,0,968.1,1020.8,71.4,,
883,2025-04-02 23:00,5,60,4,0,967.9,1020.6,77.5,,
883,2025-04-03 00:00,5.3,47.5,3.1,0,967.8,1020.4,79.7,,
883,2025-04-03 01:00,4.9,40.8,3.1,0,967.4,1020.1,87.4,,
883,2025-04-03 02:00,4.9,33.6,4,0,967.7,1020.4,90.4,,
883,2025-04-03 03:00,5.3,40.6,3.6,0,967.5,1020.1,91.7,,
883,2025-04-03 04:00,4.4,40.5,3.6,0,967.5,1020.3,92.3,,
883,2025-04-03 05:00,4.6,25.9,6.2,0,967.7,1020.5,86.1,,
883,2025-04-03 06:00,4.5,26.6,6.6,0,967.9,1020.7,87,,
883,2025-04-03 07:00,4.9,25.4,5.4,0,968.7,1021.5,87.3,,
883,2025-04-03 08:00,5.9,26.7,6.2,0,969,1021.6,80.9,,
883,2025-04-03 09:00,6.9,29.3,6.5,0,969.2,1021.6,76.7,,
883,2025-04-03 10:00,7.5,29.7,6.1,0,968.9,1021.1,72.5,,
883,2025-04-03 11:00,7.7,29.3,6.9,0,968.6,1020.8,67.1,,
883,2025-04-03 12:00,8.3,23,5.3,0,968.5,1020.6,64.1,,
883,2025-04-03 13:00,8.5,23.3,5.2,0,968.2,1020.2,61.7,,
883,2025-04-03 14:00,8.2,17.8,4.7,0,968.4,1020.5,68.4,,
883,2025-04-03 15:00,7.9,13.6,5,0,968,1020.1,66.5,,
883,2025-04-03 16:00,8,320.1,4,0,967.5,1019.6,65.7,,
883,2025-04-03 17:00,6,4.9,3.1,0,967.7,1020.2,72.6,,
883,2025-04-03 18:00,5.2,337.2,2.8,0,967.6,1020.2,76.5,,
883,2025-04-03 19:00,4.2,14.7,1.8,0,967.8,1020.7,80.1,,
883,2025-04-03 20:00,3.5,72.2,1.3,0,967.9,1020.9,82.3,,
883,2025-04-03 21:00,4,98.2,2,0,968.1,1021,82.1,,
883,2025-04-03 22:00,3.4,46.5,2.1,0,967.8,1020.8,84.5,,
883,2025-04-03 23:00,3,109.9,2.7,0,968.3,1021.4,86.4,,
883,2025-04-04 00:00,2,109,1.8,0,968.5,1021.7,88.4,,
883,2025-04-04 01:00,3,98,1.2,0,968.7,1021.8,88.7,,
883,2025-04-04 02:00,3.8,74.8,1.4,0,968.8,1021.8,90,,
883,2025-04-04 03:00,4.1,78.4,2.3,0,968.5,1021.4,89.5,,
883,2025-04-04 04:00,3.5,70.7,1.6,0,968.5,1021.5,91.1,,
883,2025-04-04 05:00,3.3,95.7,3.1,0,968.2,1021.3,85.4,,
883,2025-04-04 06:00,3.2,93.2,4,0,968.1,1021.2,85.1,,
883,2025-04-04 07:00,4.1,97.2,3.1,0,968.3,1021.2,78.6,,
883,2025-04-04 08:00,5.6,55.1,1.6,0,968.5,1021.1,79,,
883,2025-04-04 09:00,8,299.3,2.7,0,968.9,1021,72.8,,
883,2025-04-04 10:00,10.4,220,2.5,0,969,1020.7,58.7,,
883,2025-04-04 11:00,11,226.7,2.7,0,968.8,1020.3,59.3,,
883,2025-04-04 12:00,10.2,282.7,2.8,0,968.8,1020.5,70.8,,
883,2025-04-04 13:00,11,308.7,2.8,0,968.4,1019.9,72.8,,
883,2025-04-04 14:00,10.2,308.2,2.8,0,968.1,1019.8,73.1,,
883,2025-04-04 15:00,11.1,328.3,3.3,0,967.5,1018.9,71.2,,
883,2025-04-04 16:00,8.5,321.3,3.3,0,967.5,1019.5,80.6,,
883,2025-04-04 17:00,8.2,261.8,1.2,0,967.6,1019.6,79.3,,
883,2025-04-04 18:00,8.2,258.5,.8,0,967.6,1019.6,79.3,,
883,2025-04-04 19:00,6.8,229.3,1,0,967.2,1019.5,84.8,,
883,2025-04-04 20:00,6.4,203.6,1.9,0,966.8,1019.1,85.7,,
883,2025-04-04 21:00,8.2,155.6,5,0,967.5,1019.5,73.7,,
883,2025-04-04 22:00,8.8,145.6,8.9,0,966.1,1017.9,71.2,,
883,2025-04-04 23:00,8.7,155.9,7.4,0,965.8,1017.6,72.9,,
883,2025-04-05 00:00,8.9,162.4,8.1,0,965.6,1017.2,71.8,,
883,2025-04-05 01:00,8.6,164.6,7,0,965.2,1017,72.3,,
883,2025-04-05 02:00,10.7,157.8,5.9,0,963.9,1015.2,40.2,,
883,2025-04-05 03:00,11.5,145.6,6.8,0,963.7,1014.9,27.2,,
883,2025-04-05 04:00,10.4,162.7,6.9,0,964,1015.4,41.1,,
883,2025-04-05 05:00,9.7,168.6,8.4,0,963.7,1015.2,65,,
883,2025-04-05 06:00,9.2,172.7,8,0,963.9,1015.5,83.9,,
883,2025-04-05 07:00,9.3,163.8,7.6,0,963.7,1015.3,85.1,,
883,2025-04-05 08:00,9.8,172.1,5.7,0,964,1015.5,74.3,,
883,2025-04-05 09:00,11.6,167.6,5.4,0,963.3,1014.4,38.5,,
883,2025-04-05 10:00,11.7,180.2,5.2,0,963.9,1015,54.9,,
883,2025-04-05 11:00,11.5,207.7,5.6,0,964,1015.2,64.5,,
883,2025-04-05 12:00,11.2,221.5,3.7,0,963.4,1014.6,73.2,,
883,2025-04-05 13:00,9.5,231.9,3.6,0,962.8,1014.3,90.7,,
883,2025-04-05 14:00,9.9,227.9,2.3,1,961.9,1013.3,94.3,,
883,2025-04-05 15:00,9.7,221.2,3.1,0,961.3,1012.7,94.9,,
883,2025-04-05 16:00,11.8,196.1,3.3,0,961.4,1012.4,84.6,,
883,2025-04-05 17:00,11.3,246.6,3.5,0,961.7,1012.8,85,,
883,2025-04-05 18:00,10.2,267.4,3.6,0,962,1013.3,86.8,,
883,2025-04-05 19:00,9.4,291.4,2,0,962.1,1013.6,89.7,,
883,2025-04-05 20:00,9.3,281,2.5,0,962.5,1014,90.8,,
883,2025-04-05 21:00,9.1,289.7,3.4,0,963.1,1014.7,93.8,,
883,2025-04-05 22:00,8.1,27.8,3.8,0,963.5,1015.3,94.3,,
883,2025-04-05 23:00,7.2,29.7,4.8,0,963.8,1015.8,93.4,,
883,2025-04-06 00:00,6,54.3,4.6,0,963.6,1015.8,78.9,,
883,2025-04-06 01:00,5.6,61.4,5,0,963.6,1015.9,68.3,,
883,2025-04-06 02:00,5.6,61.8,5.3,0,963.2,1015.5,59.4,,
883,2025-04-06 03:00,5.1,54.8,4.6,0,963,1015.4,54.7,,
883,2025-04-06 04:00,5,52.9,4,0,963.2,1015.6,50.1,,
883,2025-04-06 05:00,6.1,61,4.4,0,963.6,1015.8,46.7,,
883,2025-04-06 06:00,6.3,57.4,3.8,0,963.9,1016.1,49.1,,
883,2025-04-06 07:00,7,57.5,4.2,0,964.5,1016.6,40.4,,
883,2025-04-06 08:00,8.9,28,4.9,0,965,1016.8,39.6,,
883,2025-04-06 09:00,10.2,28.8,5.7,0,965.6,1017.1,36.9,,
883,2025-04-06 10:00,11.2,27.7,5.7,0,966.3,1017.7,36.2,,
883,2025-04-06 11:00,11.8,26.5,4.9,0,966.5,1017.8,33.1,,
883,2025-04-06 12:00,12,30.8,5,0,966.4,1017.6,34,,
883,2025-04-06 13:00,12.9,32.3,4.6,0,966.3,1017.3,34.7,,
883,2025-04-06 14:00,12.5,348.1,4.2,0,966.3,1017.4,37.1,,
883,2025-04-06 15:00,13.2,6.6,4.6,0,966,1016.9,37.8,,
883,2025-04-06 16:00,13,26.1,5.1,0,965.7,1016.7,39.8,,
883,2025-04-06 17:00,12.8,22.5,5.3,0,966,1017,36.9,,
883,2025-04-06 18:00,11.2,26.8,5.2,0,966.1,1017.4,40.3,,
883,2025-04-06 19:00,8.9,44.4,1.9,0,966.4,1018.2,43.7,,
883,2025-04-06 20:00,7.4,117.7,1.9,0,966.9,1019.1,37.1,,
883,2025-04-06 21:00,6,103,2.3,0,967.2,1019.7,38.8,,
883,2025-04-06 22:00,5.4,133.6,2,0,967.3,1019.9,38.8,,
883,2025-04-06 23:00,5,102.1,1.7,0,967.6,1020.3,37.4,,
883,2025-04-07 00:00,4.3,104.8,1.8,0,967.6,1020.4,39.6,,
883,2025-04-07 01:00,4.6,139.4,2.7,0,967.3,1020,39.8,,
883,2025-04-07 02:00,5.7,167.4,3.4,0,967.4,1019.9,38.5,,
883,2025-04-07 03:00,4.7,132.4,1.8,0,966.8,1019.5,39,,
883,2025-04-07 04:00,8.8,175,3.9,0,967.1,1019,21.2,,
883,2025-04-07 05:00,8.3,180.2,4.2,0,967.7,1019.7,26.7,,
883,2025-04-07 06:00,9.3,170.1,4.3,0,967.7,1019.5,23.3,,
883,2025-04-07 07:00,10.3,175,4.3,0,968,1019.6,20.3,,
883,2025-04-07 08:00,13.1,163.2,4.1,0,968.1,1019.2,17,,
883,2025-04-07 09:00,16.4,183.2,4,0,968.6,1019,11.7,,
883,2025-04-07 10:00,17,192.7,4.8,0,968.9,1019.2,16.4,,
883,2025-04-07 11:00,18.5,209.5,4.2,0,969.3,1019.4,16.4,,
883,2025-04-07 12:00,17.7,204.4,4.4,0,969.2,1019.4,22.7,,
883,2025-04-07 13:00,17.9,207.4,4.5,0,968.7,1018.8,34.6,,
883,2025-04-07 14:00,17.2,205.2,5.1,0,968.3,1018.6,36.1,,
883,2025-04-07 15:00,16.7,205.8,4.7,0,967.8,1018.1,35.3,,
883,2025-04-07 16:00,16.5,207.4,4.4,0,967.2,1017.5,37.2,,
883,2025-04-07 17:00,15.8,189.9,4.8,0,967.2,1017.7,35.2,,
883,2025-04-07 18:00,13.9,188.7,3.9,0,967.1,1018,42.3,,
883,2025-04-07 19:00,12.1,186.1,4.8,0,966.9,1018.1,48,,
883,2025-04-07 20:00,11.9,176.7,6.1,0,967.2,1018.5,50.3,,
883,2025-04-07 21:00,11.8,187.5,5,0,967.7,1019,49.6,,
883,2025-04-07 22:00,11.4,178.2,5.6,0,967.9,1019.3,53.2,,
883,2025-04-07 23:00,11.7,175.8,6,0,967.5,1018.8,50.8,,
883,2025-04-08 00:00,12.3,177.6,5.9,0,967.6,1018.6,49.1,,
883,2025-04-08 01:00,12.2,171.4,6.3,0,967.3,1018.5,50.2,,
883,2025-04-08 02:00,12.2,164.5,6.4,0,966.7,1017.9,49.1,,
883,2025-04-08 03:00,12,166.2,6.7,0,966.2,1017.4,51.4,,
883,2025-04-08 04:00,11.2,167.4,5.7,0,966.2,1017.6,54.4,,
883,2025-04-08 05:00,11.7,167.5,6.6,0,965.7,1016.9,50,,
883,2025-04-08 06:00,11.6,182.6,5.5,0,966.3,1017.6,53.5,,
883,2025-04-08 07:00,12.4,188,5.2,0,966.4,1017.5,52.3,,
883,2025-04-08 08:00,14,193.7,5.2,0,966.4,1017.2,46.7,,
883,2025-04-08 09:00,15.8,210.1,5.2,0,966.4,1016.8,40.8,,
883,2025-04-08 10:00,17.4,229.8,4.9,0,966.7,1016.8,37.3,,
883,2025-04-08 11:00,17.9,233.2,5.3,0,966.9,1017,40.2,,
883,2025-04-08 12:00,18.5,252.2,5.1,0,966.7,1016.6,39.2,,
883,2025-04-08 13:00,18,270,5.1,0,966.1,1016.1,46.9,,
883,2025-04-08 14:00,18,267.5,4.1,0,965.2,1015.1,55.3,,
883,2025-04-08 15:00,15.9,279.8,3.6,0,964.9,1015.2,64.3,,
883,2025-04-08 16:00,15.1,305.4,2.3,0,964,1014.5,67.4,,
883,2025-04-08 17:00,17.2,23,3.7,0,963.2,1013.2,53.4,,
883,2025-04-08 18:00,14.1,21.2,4.1,0,963.1,1013.7,74.9,,
883,2025-04-08 19:00,12.1,37.8,3,0,963.2,1014.2,83.5,,
883,2025-04-08 20:00,11.4,34.1,3.8,0,963.6,1014.8,60,,
883,2025-04-08 21:00,14.2,79.3,3.5,0,963.8,1014.4,20.2,,
883,2025-04-08 22:00,11.6,39.6,2.6,0,964.2,1015.4,21.6,,
883,2025-04-08 23:00,13.2,80.8,3.4,0,964.1,1014.9,23.2,,
883,2025-04-09 00:00,13.2,95.5,4.7,0,963.9,1014.5,21.3,,
883,2025-04-09 01:00,12.5,84.4,3.7,0,963.8,1014.8,19.9,,
883,2025-04-09 02:00,12.9,107.9,4,0,963,1013.8,12.9,,
883,2025-04-09 03:00,10.1,76.9,1.3,0,962.4,1013.8,23.2,,
883,2025-04-09 04:00,8.2,120.9,2,0,961.9,1013.6,27.7,,
883,2025-04-09 05:00,7.7,107.8,2.5,0,961.6,1013.4,30,,
883,2025-04-09 06:00,7.5,92.9,2.8,0,961.7,1013.6,30.6,,
883,2025-04-09 07:00,11.1,130.4,2.5,0,961.8,1012.9,25.2,,
883,2025-04-09 08:00,14.8,215.1,1.4,0,962.1,1012.5,26.1,,
883,2025-04-09 09:00,18.7,191.9,2.4,0,962.1,1011.7,21.6,,
883,2025-04-09 10:00,19.7,193.1,3.6,0,962.3,1011.8,24.6,,
883,2025-04-09 11:00,20.5,196.1,4.3,0,961.8,1011.1,23.2,,
883,2025-04-09 12:00,20.6,206.2,2.9,0,961.5,1010.7,27.4,,
883,2025-04-09 13:00,20.9,220.4,3.1,0,960.9,1010.1,30.7,,
883,2025-04-09 14:00,20.3,188.5,5.1,0,960.2,1009.4,35.9,,
883,2025-04-09 15:00,19.2,196.4,4.1,0,959.9,1009.3,57.5,,
883,2025-04-09 16:00,18.7,219.5,4.4,0,958.8,1008.3,76,,
883,2025-04-09 17:00,15.7,204.5,4.4,0,958.8,1008.9,88.5,,
883,2025-04-09 18:00,14.3,189.6,6.7,.5,957.6,1007.9,91.9,,
883,2025-04-09 19:00,14.1,191.4,2,0,959.2,1009.6,89.3,,
883,2025-04-09 20:00,13.9,179.3,4.2,0,958.6,1009,87,,
883,2025-04-09 21:00,14.1,179.1,3.8,0,958.8,1009.2,93.4,,
883,2025-04-09 22:00,13.8,163.8,4.9,0,958.9,1009.4,94.6,,
883,2025-04-09 23:00,14.5,164.6,4.7,0,958.5,1008.8,92.1,,
883,2025-04-10 00:00,13.6,173.4,4.3,0,958.8,1009,93.6,,
883,2025-04-10 01:00,13.8,178.3,3.7,0,958.2,1008.6,91.2,,
883,2025-04-10 02:00,13.4,197,2.6,0,957.9,1008.4,93.8,,
883,2025-04-10 03:00,13.3,200.3,1.1,0,957,1007.5,88.5,,
883,2025-04-10 04:00,13.1,152,.8,0,956.8,1007.3,87.7,,
883,2025-04-10 05:00,13.3,60.3,1.8,0,956.3,1006.7,82,,
883,2025-04-10 06:00,10.4,68.6,2.5,0,956.2,1007.2,90.3,,
883,2025-04-10 07:00,10.9,58,3.5,0,956.9,1007.8,95.2,,
883,2025-04-10 08:00,13.4,39.4,2.9,0,956.9,1007.3,78.9,,
883,2025-04-10 09:00,16.8,40.4,2,0,956.9,1006.7,54,,
883,2025-04-10 10:00,18,36.5,2.5,0,957.1,1006.6,44.8,,
883,2025-04-10 11:00,17.4,23.9,3.5,0,957.1,1006.7,48.3,,
883,2025-04-10 12:00,17.3,26.8,4.2,0,957.2,1006.9,45.8,,
883,2025-04-10 13:00,16.9,31.6,4.3,0,957.3,1007.1,43.9,,
883,2025-04-10 14:00,15.3,37.7,3.6,0,956.9,1007,58.9,,
883,2025-04-10 15:00,15.1,23.7,5.4,0,956.4,1006.5,55.5,,
883,2025-04-10 16:00,14.4,35.4,5.7,0,956.2,1006.4,57.4,,
883,2025-04-10 17:00,12.4,24.1,7.3,0,955.9,1006.5,53.6,,
883,2025-04-10 18:00,10.9,27.7,7.9,0,956,1006.9,55.4,,
883,2025-04-10 19:00,9.1,44.3,4.8,0,956.2,1007.4,61.7,,
883,2025-04-10 20:00,9.1,53.2,5.2,0,956.6,1007.9,57.3,,
883,2025-04-10 21:00,9,46.9,4.6,0,956.9,1008.2,56.1,,
883,2025-04-10 22:00,8.7,40.8,4.5,0,957.3,1008.7,55,,
883,2025-04-10 23:00,9.4,46.1,4.2,0,957.4,1008.6,51.5,,
883,2025-04-11 00:00,9.9,46,4.5,0,957.5,1008.6,50.4,,
883,2025-04-11 01:00,9.5,52.5,4.7,0,957.5,1008.7,52.4,,
883,2025-04-11 02:00,9.5,48.8,3.7,0,957.4,1008.6,48.4,,
883,2025-04-11 03:00,9.2,107.5,3.3,0,957.7,1009,45.1,,
883,2025-04-11 04:00,8.5,94,2.4,0,957.8,1009.2,47.7,,
883,2025-04-11 05:00,7.3,108.2,2.4,0,958.2,1009.9,55.5,,
883,2025-04-11 06:00,6.3,87.3,1.8,0,958.6,1010.5,66.7,,
883,2025-04-11 07:00,7.4,104.9,2.9,0,959.1,1010.8,67.6,,
883,2025-04-11 08:00,13.6,170.5,1.6,0,959.7,1010.2,47.8,,
883,2025-04-11 09:00,15.7,233.5,3.3,0,960.3,1010.4,45.8,,
883,2025-04-11 10:00,16.9,224.1,2.8,0,960.4,1010.3,43.7,,
883,2025-04-11 11:00,17.4,176.2,2.6,0,960.2,1010,54.4,,
883,2025-04-11 12:00,18.8,227.9,2,0,960.4,1009.9,53.9,,
883,2025-04-11 13:00,19.6,208.7,2.6,0,960.1,1009.5,55.5,,
883,2025-04-11 14:00,18,305.4,3.4,0,960,1009.7,58.1,,
883,2025-04-11 15:00,18,314.1,1.9,0,959.8,1009.5,55.2,,
883,2025-04-11 16:00,17.8,314.3,3.7,0,959.8,1009.5,60.6,,
883,2025-04-11 17:00,16.7,251.6,2.4,0,960.2,1010.1,61.1,,
883,2025-04-11 18:00,14.5,7.2,2,0,960,1010.4,72.5,,
883,2025-04-11 19:00,12.6,10.1,.6,0,959.8,1010.5,78.7,,
883,2025-04-11 20:00,14,164.6,4.9,0,961,1011.5,59.6,,
883,2025-04-11 21:00,14.8,166.3,4.7,0,960.6,1010.9,50.9,,
883,2025-04-11 22:00,14.4,183.2,2.9,0,961,1011.4,43,,
883,2025-04-11 23:00,15.6,151.6,7.4,0,960.7,1010.9,31.5,,
883,2025-04-12 00:00,16.8,146.3,7.2,0,960.6,1010.3,37.1,,
883,2025-04-12 01:00,15.5,145.3,6.9,0,960.8,1011,27.1,,
883,2025-04-12 02:00,16.6,143,6.2,0,960.2,1010.2,22.9,,
883,2025-04-12 03:00,16.5,146,5.4,0,959,1008.9,36.6,,
883,2025-04-12 04:00,17,141.7,6.2,0,958.5,1008.3,51,,
883,2025-04-12 05:00,17.8,140.2,7.6,0,958.3,1007.9,52,,
883,2025-04-12 06:00,15,150.9,9.5,0,958.5,1008.7,42.1,,
883,2025-04-12 07:00,17.1,146.8,7.5,0,957.8,1007.5,45.9,,
883,2025-04-12 08:00,17.9,146.2,8.1,0,957.9,1007.5,58.2,,
883,2025-04-12 09:00,16.1,156.5,8.9,0,958.7,1008.7,39.2,,
883,2025-04-12 10:00,17.2,162.9,8.7,0,958.8,1008.6,41.2,,
883,2025-04-12 11:00,17.1,160.1,7.9,0,957.7,1007.4,60.1,,
883,2025-04-12 12:00,16.7,173.4,7.8,0,956.4,1006.1,77.7,,
883,2025-04-12 13:00,15.2,193.3,7.2,0,955.8,1005.8,91.8,,
883,2025-04-12 14:00,14.9,189.9,8.6,3,954.5,1004.5,93.6,,
883,2025-04-12 15:00,13.2,188.9,10.4,9.5,952.6,1002.8,95.2,,
883,2025-04-12 16:00,13,173.2,12.6,6,951.5,1001.7,94.7,,
883,2025-04-12 17:00,12.7,160,14.6,7,950.7,1000.9,93.2,,
883,2025-04-12 18:00,13.4,159.8,13.6,9,949.9,1000,92.4,,
883,2025-04-12 19:00,13.5,169.2,13.1,5,949.3,999.3,92.7,,
883,2025-04-12 20:00,13.5,189.8,8.3,6.5,949.5,999.5,94.9,,
883,2025-04-12 21:00,12.4,238.7,4.3,4.5,950.2,1000.5,96.2,,
883,2025-04-12 22:00,4.9,27.1,11.1,7.5,954.8,1006.8,97.3,,
883,2025-04-12 23:00,4.6,28.7,11.8,4,953.5,1005.5,97.7,,
883,2025-04-13 00:00,4.1,26.5,11.7,.5,954.2,1006.3,97.1,,
883,2025-04-13 01:00,4,23.9,10.5,0,954.3,1006.5,92.6,,
883,2025-04-13 02:00,4,28.7,9.2,0,954.2,1006.3,93.2,,
883,2025-04-13 03:00,4.4,41.7,5.7,0,954.7,1006.8,91,,
883,2025-04-13 04:00,4.7,33.4,4.3,0,954.7,1006.7,81.4,,
883,2025-04-13 05:00,5.1,302,6.6,0,954.8,1006.8,73.2,,
883,2025-04-13 06:00,5.6,314.2,8.3,0,954.6,1006.4,54.8,,
883,2025-04-13 07:00,5.9,313.2,7,0,955.2,1007,47.3,,
883,2025-04-13 08:00,6.7,315.3,9.2,0,955.5,1007.2,39.6,,
883,2025-04-13 09:00,8.1,299.1,6,0,955.7,1007.1,44.5,,
883,2025-04-13 10:00,9.1,254.2,6.8,0,956.1,1007.3,47.7,,
883,2025-04-13 11:00,8.4,253.1,7.8,0,955.9,1007.3,56,,
883,2025-04-13 12:00,10,251.8,7.9,0,955.1,1006.1,48.4,,
883,2025-04-13 13:00,10,265.7,7.3,0,954.6,1005.6,42.3,,
883,2025-04-13 14:00,7.7,284.6,6.7,0,954.3,1005.7,45.7,,
883,2025-04-13 15:00,7.9,286.3,6.6,0,953.6,1004.9,47.8,,
883,2025-04-13 16:00,8.2,291.1,6.7,0,953.6,1004.9,42.4,,
883,2025-04-13 17:00,7.6,306.8,5.3,0,953.5,1004.9,45.5,,
883,2025-04-13 18:00,6.6,289.9,5.9,0,954.4,1006,52.2,,
883,2025-04-13 19:00,5.5,300.3,4,0,954.9,1006.8,53.9,,
883,2025-04-13 20:00,5.1,297.9,4.1,0,955.4,1007.4,56,,
883,2025-04-13 21:00,4.5,236.6,1.6,0,955.4,1007.5,60,,
883,2025-04-13 22:00,4.6,176.3,3.2,0,955.2,1007.3,64.3,,
883,2025-04-13 23:00,5.9,180.1,5.3,0,954.4,1006.2,60.4,,
883,2025-04-14 00:00,6,174,7.2,0,953.3,1004.9,65.7,,
883,2025-04-14 01:00,6.9,180.2,7.5,0,952.2,1003.7,68,,
883,2025-04-14 02:00,8,221.2,6.2,0,952.6,1003.9,77,,
883,2025-04-14 03:00,7.5,240,6.3,1,951.7,1003,91.9,,
883,2025-04-14 04:00,7.8,231.7,6.9,2.5,950.2,1001.4,95.3,,
883,2025-04-14 05:00,7.8,221.7,6,0,949.9,1001.1,95.9,,
883,2025-04-14 06:00,8.1,226.6,4.4,0,950.1,1001.2,96.2,,
883,2025-04-14 07:00,8.3,233.5,4.3,0,950.5,1001.6,95.1,,
883,2025-04-14 08:00,8.6,249.9,3.4,0,950.5,1001.5,94.2,,
883,2025-04-14 09:00,10.4,267.2,4.1,0,950.6,1001.3,79.7,,
883,2025-04-14 10:00,11.7,273.5,4.3,0,950.7,1001.1,67.4,,
883,2025-04-14 11:00,11.5,289.4,6.3,0,951,1001.5,57.8,,
883,2025-04-14 12:00,11,293.1,6.7,0,951,1001.6,49.3,,
883,2025-04-14 13:00,11.3,284.1,7.1,0,951,1001.5,51.9,,
883,2025-04-14 14:00,10.1,297.8,6.5,0,950.7,1001.4,58.4,,
883,2025-04-14 15:00,10.1,280.8,8.4,0,950.4,1001.1,56,,
883,2025-04-14 16:00,8.2,287.6,7.2,0,950.9,1002,63.9,,
883,2025-04-14 17:00,7.5,288.1,8.1,0,950.6,1001.9,70.6,,
883,2025-04-14 18:00,7.2,287.4,8.2,0,950.9,1002.2,75.4,,
883,2025-04-14 19:00,7.3,304.4,9.5,0,951.5,1002.8,75.4,,
883,2025-04-14 20:00,6.1,305.9,9.8,1.5,952.1,1003.7,89.9,,
883,2025-04-14 21:00,5,21.2,7.3,.5,953.2,1005.1,86.4,,
883,2025-04-14 22:00,4.8,32.1,7.4,0,953.9,1005.9,76.4,,
883,2025-04-14 23:00,4.8,26.6,5.2,0,954.2,1006.2,78.1,,
883,2025-04-15 00:00,4.7,54,6.6,0,954.2,1006.2,78.7,,
883,2025-04-15 01:00,4.5,33,6.6,0,953.7,1005.7,81.2,,
883,2025-04-15 02:00,4.3,67.2,5.6,0,954,1006.1,80.3,,
883,2025-04-15 03:00,4.3,22,6,0,954.4,1006.5,80.9,,
883,2025-04-15 04:00,4.2,33.5,7.1,0,955,1007.2,78.9,,
883,2025-04-15 05:00,4,34.8,6.3,0,955.6,1007.8,79.8,,
883,2025-04-15 06:00,4,31.7,6.4,0,956.1,1008.4,79.7,,
883,2025-04-15 07:00,4.4,28.1,5.8,0,957,1009.2,80,,
883,2025-04-15 08:00,5,19.8,4.6,0,957.9,1010,79.7,,
883,2025-04-15 09:00,6.5,34.6,4.6,0,958.2,1010.1,68.8,,
883,2025-04-15 10:00,8.5,24.1,4.6,0,958.4,1009.9,54.5,,
883,2025-04-15 11:00,9.1,31.2,4.9,0,959,1010.4,52.5,,
883,2025-04-15 12:00,10.2,14,4.3,0,958.8,1010,48.2,,
883,2025-04-15 13:00,10,306.6,4.7,0,958.7,1009.9,54.8,,
883,2025-04-15 14:00,10.7,318.3,3.9,0,958.5,1009.5,58.1,,
883,2025-04-15 15:00,10.9,326.3,4.3,0,958.2,1009.2,59,,
883,2025-04-15 16:00,11.2,313.9,3.4,0,958,1008.9,64.1,,
883,2025-04-15 17:00,11.8,308.7,2.7,0,958,1008.8,65.4,,
883,2025-04-15 18:00,10.5,325.9,2.9,0,958.2,1009.3,70.6,,
883,2025-04-15 19:00,8.7,243.2,.5,0,958.5,1009.9,80.8,,
883,2025-04-15 20:00,8.5,148.4,1.2,0,959.3,1010.8,81,,
883,2025-04-15 21:00,8.2,130.6,2.1,0,960.3,1011.9,71.6,,
883,2025-04-15 22:00,9.6,66.6,2.8,0,960.3,1011.7,55.2,,
883,2025-04-15 23:00,11.1,68.6,2.2,0,960.5,1011.6,45.6,,
883,2025-04-16 00:00,9.9,0,.3,0,960.6,1011.9,54.1,,
883,2025-04-16 01:00,9.1,121.1,1.7,0,960.8,1012.3,57.5,,
883,2025-04-16 02:00,9.4,173.4,2.2,0,960.5,1011.9,60.2,,
883,2025-04-16 03:00,11.3,196.3,3.2,0,960.6,1011.6,58.8,,
883,2025-04-16 04:00,11.8,193.6,3.4,0,960.4,1011.3,60.9,,
883,2025-04-16 05:00,12.7,210.6,4,0,960.3,1011,60.7,,
883,2025-04-16 06:00,11.9,203.9,3.8,0,960.5,1011.4,65.7,,
883,2025-04-16 07:00,13.8,186.2,3.8,0,960.7,1011.3,54.3,,
883,2025-04-16 08:00,14.8,187.6,3.8,0,961.1,1011.5,54.5,,
883,2025-04-16 09:00,16.2,198.2,4.3,0,961,1011.1,51.9,,
883,2025-04-16 10:00,17.3,201.6,4.7,0,961.2,1011.1,54.5,,
883,2025-04-16 11:00,18.8,206.6,5.6,0,961.1,1010.7,49.2,,
883,2025-04-16 12:00,19.4,203.3,6.1,0,961,1010.5,50.9,,
883,2025-04-16 13:00,18.6,203.6,6.7,0,960.8,1010.4,51.8,,
883,2025-04-16 14:00,18,214.7,7.9,0,960.6,1010.3,60.4,,
883,2025-04-16 15:00,17.9,213.1,7,0,960,1009.7,59.5,,
883,2025-04-16 16:00,18.3,209.8,6.9,0,959.7,1009.3,54.2,,
883,2025-04-16 17:00,17.3,213.8,7.3,0,959.5,1009.3,61.8,,
883,2025-04-16 18:00,16.1,206.5,6.9,0,959.5,1009.5,65.6,,
883,2025-04-16 19:00,14.9,196.2,7.1,0,959.2,1009.5,71.3,,
883,2025-04-16 20:00,14.7,194.2,7.2,0,959.6,1009.9,67.6,,
883,2025-04-16 21:00,14.4,189.2,7.3,0,960.1,1010.5,68.2,,
883,2025-04-16 22:00,14.5,195,7.6,0,959.9,1010.3,72.8,,
883,2025-04-16 23:00,14.9,188.6,8.5,0,959.9,1010.2,72.7,,
883,2025-04-17 00:00,14.9,186.1,9.1,0,960.1,1010.3,77.8,,
883,2025-04-17 01:00,14.9,181.7,8.3,0,959.9,1010.2,82.2,,
883,2025-04-17 02:00,15.2,180.9,8.6,0,959.8,1010,82.8,,
883,2025-04-17 03:00,15.6,181.9,7.9,0,959.9,1010,82.5,,
883,2025-04-17 04:00,15.5,183.6,7.4,0,959.3,1009.4,85.4,,
883,2025-04-17 05:00,15.5,192.1,7.5,0,959.1,1009.2,88.3,,
883,2025-04-17 06:00,15.2,185.9,7.8,0,959.1,1009.3,90.7,,
883,2025-04-17 07:00,15.2,192.6,6,0,959.5,1009.7,90.8,,
883,2025-04-17 08:00,15.5,186,6.1,0,959.6,1009.8,92.6,,
883,2025-04-17 09:00,15.7,191.3,6,0,959.6,1009.7,91.1,,
883,2025-04-17 10:00,16.2,186.3,6.7,0,959.5,1009.5,88.9,,
883,2025-04-17 11:00,17.2,181.2,7.1,0,959.4,1009.2,86.6,,
883,2025-04-17 12:00,16.7,185.9,6.9,0,959.6,1009.5,88.6,,
883,2025-04-17 13:00,16.9,175.2,7.7,0,958.9,1008.7,86.7,,
883,2025-04-17 14:00,16.5,168.1,7.4,0,958.5,1008.4,89.5,,
883,2025-04-17 15:00,17.6,171.5,6.7,0,958,1007.7,85.9,,
883,2025-04-17 16:00,16.7,178.2,6.8,0,957.8,1007.6,89.8,,
883,2025-04-17 17:00,16.4,185.4,6.3,0,957.9,1007.8,93.1,,
883,2025-04-17 18:00,16,188.5,6,0,958.2,1008.2,95.7,,
883,2025-04-17 19:00,16.3,197,7,0,958.4,1008.3,96.2,,
883,2025-04-17 20:00,16.3,203.4,7.8,0,959.1,1009.1,96,,
883,2025-04-17 21:00,16.7,209,7.8,0,959.8,1009.7,94.5,,
883,2025-04-17 22:00,16.1,197.9,7.3,0,959.6,1009.6,94.6,,
883,2025-04-17 23:00,15.3,202.5,7.6,0,959.9,1010.1,94.2,,
883,2025-04-18 00:00,15.5,207.5,5.8,0,960.3,1010.3,87.6,,
883,2025-04-18 01:00,16.2,205.8,4.7,0,960.3,1010.3,81.4,,
883,2025-04-18 02:00,16.2,203.7,5.2,0,960.1,1010.1,71.2,,
883,2025-04-18 03:00,16.3,200.4,5.2,0,959.9,1009.9,66.3,,
883,2025-04-18 04:00,16.8,184.5,5.4,0,959.8,1009.7,63.3,,
883,2025-04-18 05:00,15.4,176.9,6,0,960.4,1010.6,88.7,,
883,2025-04-18 06:00,15.1,189.9,4.9,0,960.8,1011.1,92.4,,
883,2025-04-18 07:00,16.2,185.7,4.7,0,961.6,1011.7,90.5,,
883,2025-04-18 08:00,16.9,179,4.9,0,962.3,1012.3,88.1,,
883,2025-04-18 09:00,17.4,195.9,4.5,0,962.7,1012.6,91.7,,
883,2025-04-18 10:00,18,186.8,4.9,0,962.8,1012.6,90.1,,
883,2025-04-18 11:00,17.1,185.7,5,0,963.1,1013.1,92.5,,
883,2025-04-18 12:00,18,193.7,4.6,0,962.7,1012.5,91.6,,
883,2025-04-18 13:00,18.5,214.5,3.2,0,963.1,1012.8,90.4,,
883,2025-04-18 14:00,19.9,211.1,3.6,0,962.9,1012.4,87,,
883,2025-04-18 15:00,19.5,218,3.4,0,962.3,1011.8,86.8,,
883,2025-04-18 16:00,19.2,209.1,3.8,0,961.3,1010.8,90.6,,
883,2025-04-18 17:00,17.8,202.6,4.4,0,961.4,1011.2,94.8,,
883,2025-04-18 18:00,16.8,206.4,4.5,0,962.2,1012.2,96.9,,
883,2025-04-18 19:00,16.8,195.4,4.3,0,962,1012,97.3,,
883,2025-04-18 20:00,16.8,192.3,4.5,0,962.6,1012.6,97.6,,
883,2025-04-18 21:00,16.4,175.1,4.4,0,963,1013.1,97.6,,
883,2025-04-18 22:00,16.4,176.5,5.1,0,963.1,1013.3,97.7,,
883,2025-04-18 23:00,16.1,165.7,7.1,0,962.4,1012.6,97.4,,
883,2025-04-19 00:00,16.5,167.2,7.5,0,962.3,1012.1,84.8,,
883,2025-04-19 01:00,15.9,173.6,7.9,0,962.2,1012.4,88.9,,
883,2025-04-19 02:00,16,172.2,9,0,961.7,1011.9,92.2,,
883,2025-04-19 03:00,16.1,178.7,8.2,0,961.3,1011.4,91.2,,
883,2025-04-19 04:00,16,174.5,6.4,0,961.4,1011.5,90.8,,
883,2025-04-19 05:00,15.8,183.8,5.6,0,961.4,1011.6,91.5,,
883,2025-04-19 06:00,16,189.5,6.2,0,961.4,1011.5,91.8,,
883,2025-04-19 07:00,16.4,184.3,6.7,0,961.6,1011.7,89.2,,
883,2025-04-19 08:00,16.3,190.1,7.1,0,961.4,1011.5,92.4,,
883,2025-04-19 09:00,16.8,185,8.2,0,961.2,1011.2,92.6,,
883,2025-04-19 10:00,17.3,179.6,8.5,0,961.4,1011.3,89.6,,
883,2025-04-19 11:00,18.2,175.2,8,0,961.1,1010.8,86.7,,
883,2025-04-19 12:00,18.4,184.3,7.2,0,961.3,1011,87.6,,
883,2025-04-19 13:00,18.3,169.7,8.9,0,960.5,1010.1,85.6,,
883,2025-04-19 14:00,17.8,178.5,7.6,0,960.2,1009.9,88.2,,
883,2025-04-19 15:00,17.4,178.9,7.1,0,959.6,1009.4,89.6,,
883,2025-04-19 16:00,15.9,182,7.5,0,959.3,1009.4,94.1,,
883,2025-04-19 17:00,15.2,186.9,7,0,959.4,1009.6,96.3,,
883,2025-04-19 18:00,15.1,188.6,7,1,959.2,1009.4,96.5,,
883,2025-04-19 19:00,15,163,10.6,0,958.3,1008.5,95.2,,
883,2025-04-19 20:00,15.5,161.9,7.4,0,959,1009.1,89.8,,
883,2025-04-19 21:00,16.2,164.6,8.9,0,959.7,1009.7,92.9,,
883,2025-04-19 22:00,16.1,178.7,8,0,959.6,1009.6,94.8,,
883,2025-04-19 23:00,16.6,167.6,9.1,0,959.1,1009,93.6,,
883,2025-04-20 00:00,16.9,165,8.4,0,959,1008.6,94.3,,
883,2025-04-20 01:00,17.2,150.7,7.2,0,958.6,1008.4,94.5,,
883,2025-04-20 02:00,17.1,161,7.1,.5,958.1,1007.9,96.2,,
883,2025-04-20 03:00,17.2,155.5,6.9,0,958.2,1007.9,96.6,,
883,2025-04-20 04:00,17.9,142.6,6.6,0,958,1007.6,92,,
883,2025-04-20 05:00,17.8,148.7,4.8,0,957.9,1007.5,93.4,,
883,2025-04-20 06:00,18,162.1,4.3,0,958,1007.6,95.3,,
883,2025-04-20 07:00,18.9,105,1.2,0,959.1,1008.6,91.7,,
883,2025-04-20 08:00,19.8,48.5,1.3,0,959.6,1008.9,86.5,,
883,2025-04-20 09:00,20.4,30.8,2.5,0,959.9,1009.1,81.7,,
883,2025-04-20 10:00,19.2,334.7,4,0,960.9,1010.4,84.7,,
883,2025-04-20 11:00,19.3,348.4,2.9,0,961.4,1010.9,87.9,,
883,2025-04-20 12:00,19.6,326.1,2.7,0,961.3,1010.7,85.1,,
883,2025-04-20 13:00,19.3,44.4,4.7,0,961.6,1011.1,87.4,,
883,2025-04-20 14:00,20.6,30.9,4.8,0,961.2,1010.4,82.8,,
883,2025-04-20 15:00,22.8,189.4,3.9,0,960.8,1009.6,83.5,,
883,2025-04-20 16:00,22.9,171.5,4.2,0,960.6,1009.4,80.7,,
883,2025-04-20 17:00,19.9,7.9,1.6,0,961.3,1010.7,83.2,,
883,2025-04-20 18:00,18.4,318.6,.8,0,961.7,1011.4,88,,
883,2025-04-20 19:00,17.8,249.1,.9,0,962.1,1011.9,93.2,,
883,2025-04-20 20:00,18,251.1,.7,0,962.8,1012.6,96.4,,
883,2025-04-20 21:00,17.8,192.5,.6,0,963.5,1013.4,95.9,,
883,2025-04-20 22:00,16.9,28.1,2.6,0,963.8,1013.9,97,,
883,2025-04-20 23:00,16.3,0,.2,0,963.8,1014,97.7,,
883,2025-04-21 00:00,16.4,129.9,1.2,0,963.9,1013.9,98.2,,
883,2025-04-21 01:00,17.6,133.2,4,0,963.7,1013.6,95.6,,
883,2025-04-21 02:00,18.7,137.2,4.2,0,963.5,1013.2,84.4,,
883,2025-04-21 03:00,19,142.9,4.2,0,963.2,1012.8,80.5,,
883,2025-04-21 04:00,15,70.3,1,0,963.4,1013.9,96.8,,
883,2025-04-21 05:00,18.5,148.3,6,0,963,1012.7,86.3,,
883,2025-04-21 06:00,18.8,148.1,5.3,0,963.4,1013.1,80.8,,
883,2025-04-21 07:00,19.2,153.3,3.7,0,963.9,1013.5,79.7,,
883,2025-04-21 08:00,21.4,189.8,1.7,0,964.3,1013.5,75.7,,
883,2025-04-21 09:00,22.6,175.9,3.6,0,964.4,1013.4,67.2,,
883,2025-04-21 10:00,23.5,204.2,2.9,0,964.6,1013.4,70.8,,
883,2025-04-21 11:00,24.7,187.9,4.1,0,964.4,1013,61.4,,
883,2025-04-21 12:00,24.4,190.1,4.9,0,964,1012.6,62.7,,
883,2025-04-21 13:00,24.1,162.7,7.8,0,963.1,1011.8,64.6,,
883,2025-04-21 14:00,23.1,163.4,8.2,0,962.6,1011.4,69.1,,
883,2025-04-21 15:00,22.9,162.8,9,0,961.4,1010.2,66.8,,
883,2025-04-21 16:00,21.7,157,8,0,962.1,1011.2,71.1,,
883,2025-04-21 17:00,20.9,166.7,8.4,0,962,1011.2,73.6,,
883,2025-04-21 18:00,19.4,164.2,9.6,0,961.8,1011.3,77.6,,
883,2025-04-21 19:00,18.7,170.7,6.7,0,961.9,1011.5,82,,
883,2025-04-21 20:00,18.5,160.4,7.5,0,961.7,1011.4,85.5,,
883,2025-04-21 21:00,19,152.2,6.8,0,961.8,1011.4,84.8,,
883,2025-04-21 22:00,18.5,154.2,7.2,0,961.5,1011.2,87.4,,
883,2025-04-21 23:00,18.3,160.6,8.1,0,960.9,1010.6,89,,
883,2025-04-22 00:00,18.2,166,8.6,0,960.3,1009.5,91.8,,
883,2025-04-22 01:00,17.8,170.9,8.6,0,959.5,1009.2,95.4,,
883,2025-04-22 02:00,18,180.3,9.8,0,958.7,1008.3,94.6,,
883,2025-04-22 03:00,17.8,186.9,7.6,1,958.1,1007.7,96.2,,
883,2025-04-22 04:00,17.7,180.3,10.5,3.5,957.2,1006.8,95.4,,
883,2025-04-22 05:00,17.7,180.2,7.2,8,956.9,1006.5,96,,
883,2025-04-22 06:00,17.8,175.3,10.3,11.5,956.1,1005.6,96.2,,
883,2025-04-22 07:00,17.7,181.7,8.2,11,955.7,1005.2,96.1,,
883,2025-04-22 08:00,17.4,177.2,8,10.5,955.3,1004.8,96.1,,
883,2025-04-22 09:00,17.6,180,9,12,955,1004.5,95.8,,
883,2025-04-22 10:00,16.7,202.4,5.8,5,955.4,1005.1,96.8,,
883,2025-04-22 11:00,16.2,193.4,5,2.5,954.6,1004.4,97.5,,
883,2025-04-22 12:00,16,183.2,4.9,0,953.7,1003.4,97.9,,
883,2025-04-22 13:00,15.7,193.7,3.8,.5,953.2,1003,98.1,,
883,2025-04-22 14:00,16.6,214.1,2.6,0,952.6,1002.2,97.7,,
883,2025-04-22 15:00,16.4,227.8,1.4,0,952.2,1001.8,98.2,,
883,2025-04-22 16:00,17.4,252.9,2.3,0,952,1001.4,96.6,,
883,2025-04-22 17:00,15.9,314.5,1.3,0,952.3,1002,97.8,,
883,2025-04-22 18:00,15.8,336.4,2.6,0,952.7,1002.4,96.4,,
883,2025-04-22 19:00,15.8,26.5,2.5,0,952.7,1002.4,96.3,,
883,2025-04-22 20:00,14.7,34.7,3.3,0,953.2,1003.2,98.4,,
883,2025-04-22 21:00,12.6,4.3,5.7,0,953.8,1004.2,98.4,,
883,2025-04-22 22:00,13.3,26.4,7.4,0,953.8,1004.1,99.2,,
883,2025-04-22 23:00,13.8,44.5,6.2,0,954,1004.2,99.2,,
883,2025-04-23 00:00,11.9,20.4,6.5,0,954.2,1004.6,98.8,,
883,2025-04-23 01:00,11.2,23.5,6.5,0,954.1,1004.8,99.1,,
883,2025-04-23 02:00,10.9,25,5.9,0,954,1004.8,99.3,,
883,2025-04-23 03:00,10.9,18.7,6.1,.5,954.1,1004.9,99.3,,
883,2025-04-23 04:00,10.5,22.2,5.2,0,954.2,1005.1,99.3,,
883,2025-04-23 05:00,10.9,22.6,5.1,0,954.3,1005.1,99.4,,
883,2025-04-23 06:00,11.4,23.4,5.7,0,954.8,1005.5,99.4,,
883,2025-04-23 07:00,11.5,33.3,4.8,0,955.7,1006.4,99.5,,
883,2025-04-23 08:00,12.2,33,6.8,0,956.1,1006.7,99.5,,
883,2025-04-23 09:00,13.3,22.4,4.9,0,956.6,1007,99.4,,
883,2025-04-23 10:00,13.4,29.9,4.5,0,956.8,1007.2,99.5,,
883,2025-04-23 11:00,13.3,25.1,3.6,0,957,1007.5,99.2,,
883,2025-04-23 12:00,14.3,159,1,0,956.8,1007,99.3,,
883,2025-04-23 13:00,15.8,224.8,2,0,956.8,1006.7,96.4,,
883,2025-04-23 14:00,16.1,244.4,2.5,0,956.6,1006.5,92.9,,
883,2025-04-23 15:00,14.3,32.2,1.4,0,956.8,1007,96.2,,
883,2025-04-23 16:00,13.7,306.7,2.7,0,957.2,1007.6,95.7,,
883,2025-04-23 17:00,12.4,356.8,.9,0,957.2,1007.8,98.2,,
883,2025-04-23 18:00,13.2,318.2,1.1,0,956.9,1007.4,96.6,,
883,2025-04-23 19:00,13,355.7,1.7,0,957.1,1007.6,95.1,,
883,2025-04-23 20:00,12.5,30.4,2.1,0,957.7,1008.3,92.9,,
883,2025-04-23 21:00,11.4,356.1,2.7,0,958,1008.9,98.9,,
883,2025-04-23 22:00,10.6,85.5,2.8,0,958.1,1009.1,98.9,,
883,2025-04-23 23:00,9.9,144.1,1.8,0,958.4,1009.6,97.9,,
883,2025-04-24 00:00,9.5,139,1.5,0,958.2,1009.4,94.3,,
883,2025-04-24 01:00,7.8,84.5,1.5,0,958.1,1009.7,96.1,,
883,2025-04-24 02:00,8.8,75.4,2,0,958.2,1009.6,98.9,,
883,2025-04-24 03:00,10.2,24.1,2,0,958.3,1009.4,99.3,,
883,2025-04-24 04:00,10.2,50.2,3.1,,957.5,1008.6,94.3,,
883,2025-04-24 05:00,10.2,56.2,4.1,,957.5,1008.6,90.4,,
883,2025-04-24 06:00,9.6,67.1,1.9,,958.6,1009.9,94.3,,
883,2025-04-24 07:00,10.6,64.8,1.9,,959.5,1010.6,90.3,,
883,2025-04-24 08:00,13.6,35.3,3.2,,959.6,1010.1,84.3,,
883,2025-04-24 09:00,15,25.2,3.9,,959.8,1010.1,76.4,,
883,2025-04-24 10:00,16.9,29.2,3.1,,959.9,1009.8,69.8,,
883,2025-04-24 11:00,17.4,10.3,3.9,,960.3,1010.1,57.2,,
883,2025-04-24 12:00,16.2,331,3.8,,960.2,1010.2,62.6,,
883,2025-04-24 13:00,18.9,23.2,3.9,,960.2,1009.7,51.4,,
883,2025-04-24 14:00,16.1,8.2,4.9,,959.9,1009.9,63.2,,
883,2025-04-24 15:00,20,39.8,4.1,,959,1008.2,35.6,,
883,2025-04-24 16:00,16,21,6.1,,959.1,1009.1,54.8,,
883,2025-04-24 17:00,15,25.7,6.1,,959.3,1009.5,43,,
883,2025-04-24 18:00,13.9,21.2,5.5,,959.8,1010.3,44.7,,
883,2025-04-24 19:00,13.8,50.1,3.8,,960.1,1010.6,65,,
883,2025-04-24 20:00,13.9,32,4.6,,960.8,1011.3,72.8,,
883,2025-04-24 21:00,12.3,28.1,5.9,,961.2,1012.1,66.7,,
883,2025-04-24 22:00,12.2,41.4,6.2,,961.5,1012.4,58.4,,
883,2025-04-24 23:00,11.7,44.1,6.5,,961.7,1012.7,39.8,,
883,2025-04-25 00:00,10.4,39.9,7.1,,961.8,1013,56.9,,
883,2025-04-25 01:00,9.6,35.1,7.5,0,961.7,1013.1,56.8,,
883,2025-04-25 02:00,12.3,61.7,7.8,0,961.8,1012.7,12.2,,
883,2025-04-25 03:00,11,48.7,7,0,961.9,1013.1,18,,
883,2025-04-25 04:00,9.5,41.6,7.4,0,962.2,1013.7,27.6,,
883,2025-04-25 05:00,9.5,40.9,6.8,0,962.7,1014.2,32.2,,
883,2025-04-25 06:00,9.1,43.3,6.5,0,963.2,1014.8,33.2,,
883,2025-04-25 07:00,10.7,46.5,7.1,0,963.5,1014.8,25.3,,
883,2025-04-25 08:00,11.7,50.9,7.6,0,964.4,1015.6,21.4,,
883,2025-04-25 09:00,12.3,47.7,6.3,0,965.2,1016.3,22.6,,
883,2025-04-25 10:00,12.6,45.2,7.3,0,965.5,1016.5,22.7,,
883,2025-04-25 11:00,13.2,46.4,7.6,0,965.9,1016.8,23.5,,
883,2025-04-25 12:00,14.4,39.1,7.5,0,966.2,1016.9,22.7,,
883,2025-04-25 13:00,14.1,37.5,7.5,0,966,1016.8,25.2,,
883,2025-04-25 14:00,14.9,30.4,7.9,0,965.9,1016.5,24.1,,
883,2025-04-25 15:00,15.1,30.4,8.6,0,965.3,1015.8,32.5,,
883,2025-04-25 16:00,14.4,27.6,8.6,0,965.1,1015.8,29.2,,
883,2025-04-25 17:00,13.2,24.5,8.4,0,965.6,1016.5,39.4,,
883,2025-04-25 18:00,11.4,28.3,8.5,0,965.4,1016.7,45.3,,
883,2025-04-25 19:00,9.7,43.2,5.9,0,965.8,1017.4,47.5,,
883,2025-04-25 20:00,8.7,56.5,5.6,0,966,1017.8,42.9,,
883,2025-04-25 21:00,8.8,51.9,5.6,0,966.8,1018.7,31.1,,
883,2025-04-25 22:00,9.3,50.5,5.7,0,967.1,1018.9,24.7,,
883,2025-04-25 23:00,8.8,54.2,4.8,0,967.1,1019,25.4,,
883,2025-04-26 00:00,9,49.6,4.8,0,967,1018.8,22.9,,
883,2025-04-26 01:00,8.9,54.4,4.3,0,967,1018.9,23.4,,
883,2025-04-26 02:00,9.5,49.7,5,0,967.2,1018.9,21,,
883,2025-04-26 03:00,8.8,54.3,4.1,0,967.6,1019.5,23.2,,
883,2025-04-26 04:00,8.7,57.6,4.5,0,967.7,1019.6,23.7,,
883,2025-04-26 05:00,9.2,52,4.1,0,967.9,1019.7,22.1,,
883,2025-04-26 06:00,9,57.9,3.7,0,968.3,1020.2,26.6,,
883,2025-04-26 07:00,11.4,62.6,4.8,0,968.8,1020.3,28.9,,
883,2025-04-26 08:00,14.2,56.7,4.4,0,969.1,1020,22.9,,
883,2025-04-26 09:00,16.5,43.6,5,0,969.2,1019.7,18.3,,
883,2025-04-26 10:00,18.4,41,4,0,969.6,1019.7,19.5,,
883,2025-04-26 11:00,20.2,23.1,3.3,0,969.6,1019.3,19.5,,
883,2025-04-26 12:00,20.9,342.1,3.3,0,969.5,1019.1,20.6,,
883,2025-04-26 13:00,19.6,243.8,3.6,0,969.3,1019.1,40.2,,
883,2025-04-26 14:00,19.1,222.1,3.2,0,969.1,1019,42.4,,
883,2025-04-26 15:00,18.6,229.2,2.6,0,969.3,1019.3,40.1,,
883,2025-04-26 16:00,18.2,247.2,2.2,0,968.9,1019,38.5,,
883,2025-04-26 17:00,17.6,345.7,2.9,0,968.8,1019,45.8,,
883,2025-04-26 18:00,15.6,25.9,2.8,0,968.3,1018.9,55.1,,
883,2025-04-26 19:00,12.4,50.7,1.4,0,968.3,1019.5,64.4,,
883,2025-04-26 20:00,10.9,0,0,0,968.9,1020.5,70.7,,
883,2025-04-26 21:00,10.7,191.1,1.2,0,969.3,1020.9,65.7,,
883,2025-04-26 22:00,9.9,122.5,2.4,0,969.6,1021.4,57.1,,
883,2025-04-26 23:00,9.3,106.9,2.7,0,969.6,1021.5,52.5,,
883,2025-04-27 00:00,9.5,128.8,2.2,0,969.3,1021.1,44.6,,
883,2025-04-27 01:00,11,168.7,3.3,0,969.1,1020.6,43.8,,
883,2025-04-27 02:00,10.3,158.4,2.7,0,968.2,1019.8,42,,
883,2025-04-27 03:00,12.5,0,.3,0,967.5,1018.7,36.9,,
883,2025-04-27 04:00,14.4,146.2,3.1,0,967,1017.8,32.8,,
883,2025-04-27 05:00,15.3,149.4,3.3,0,967.1,1017.7,31.1,,
883,2025-04-27 06:00,15.1,145.6,3.3,0,967,1017.6,32.5,,
883,2025-04-27 07:00,16.2,158.1,3.3,0,967.2,1017.6,33.8,,
883,2025-04-27 08:00,18,165.9,4.1,0,967.1,1017.1,33.8,,
883,2025-04-27 09:00,19.1,172.2,4.8,0,966.9,1016.7,28.9,,
883,2025-04-27 10:00,19.6,173.5,5.3,0,967.1,1016.8,27.8,,
883,2025-04-27 11:00,21.4,187.8,5.2,0,966.7,1016.1,22.6,,
883,2025-04-27 12:00,20.2,180,6.1,0,966.2,1015.8,22.1,,
883,2025-04-27 13:00,20.1,184.3,6.2,0,965.4,1014.9,23.5,,
883,2025-04-27 14:00,18.4,193.7,4.7,0,964.7,1014.5,37.6,,
883,2025-04-27 15:00,16.9,181.8,4.5,0,963.9,1014,47.6,,
883,2025-04-27 16:00,17.2,181.8,5.5,0,963.3,1013.3,66.5,,
883,2025-04-27 17:00,15,161.6,3.5,0,963.3,1013.7,84.7,,
883,2025-04-27 18:00,14.5,124.5,2.4,1.5,962.8,1013.3,89,,
883,2025-04-27 19:00,13.5,190.2,2.2,4.5,962.9,1013.6,94.1,,
883,2025-04-27 20:00,12,226.3,2.6,1,963.6,1014.7,96.1,,
883,2025-04-27 21:00,11.9,0,0,1,963.5,1014.6,97,,
883,2025-04-27 22:00,12.1,163.3,2.2,.5,963,1014,97,,
883,2025-04-27 23:00,12.3,163.1,1.7,.5,962.7,1013.7,95.6,,
883,2025-04-28 00:00,12.5,159.3,7.1,0,960.6,1011.2,94.2,,
883,2025-04-28 01:00,12,59.9,3,0,961,1011.9,96.2,,
883,2025-04-28 02:00,11.9,33.3,2.8,0,960,1010.9,95.6,,
883,2025-04-28 03:00,11.8,62.9,3.4,0,959.6,1010.5,97.8,,
883,2025-04-28 04:00,11.9,51.9,3.7,0,959.5,1010.4,98.4,,
883,2025-04-28 05:00,11.6,28,7.1,.5,959,1009.9,98.4,,
883,2025-04-28 06:00,11.5,38.1,6.2,.5,958.7,1009.6,98.7,,
883,2025-04-28 07:00,11.8,53,3.6,0,959,1009.9,98.8,,
883,2025-04-28 08:00,12.2,57.5,5.2,.5,959.4,1010.2,98.6,,
883,2025-04-28 09:00,13.5,32.2,5.1,0,959.4,1009.9,94.9,,
883,2025-04-28 10:00,13.7,26.9,6.8,0,959.6,1010.1,89.9,,
883,2025-04-28 11:00,14.9,25.4,7.5,0,959.8,1010.1,85.1,,
883,2025-04-28 12:00,15.9,33.6,8.2,0,960.2,1010.3,79.9,,
883,2025-04-28 13:00,16,30.4,7.6,0,959.9,1010,75.4,,
883,2025-04-28 14:00,14.5,26.2,8.8,0,959.9,1010.3,72.5,,
883,2025-04-28 15:00,14.3,28.2,7.7,0,959.7,1010.1,75.2,,
883,2025-04-28 16:00,13.6,27.2,9.3,0,959.5,1010,68.2,,
883,2025-04-28 17:00,13.6,26.5,8.4,0,959.7,1010.2,71.1,,
883,2025-04-28 18:00,12.4,29.2,8.7,0,959.9,1010.7,53,,
883,2025-04-28 19:00,10.4,25.7,7.6,0,960,1011.2,58.8,,
883,2025-04-28 20:00,9.7,35.9,6.2,0,960.5,1011.8,61.3,,
883,2025-04-28 21:00,8.9,29.8,6.9,0,960.9,1012.4,70.1,,
883,2025-04-28 22:00,9.4,37.4,6.8,0,961.5,1013,52.8,,
883,2025-04-28 23:00,9.1,45.8,6.5,0,961.6,1013.1,50,,
883,2025-04-29 00:00,9,50.4,5.5,0,961.8,1013.4,42.3,,
883,2025-04-29 01:00,8.7,38.4,5.9,0,961.7,1013.3,38.3,,
883,2025-04-29 02:00,8,31.4,5.1,0,961.6,1013.3,32.3,,
883,2025-04-29 03:00,9.4,47.4,4.3,0,961.5,1013,20.2,,
883,2025-04-29 04:00,6.5,32,3.8,0,961.5,1013.5,46.6,,
883,2025-04-29 05:00,10,63.5,5.7,0,961.6,1012.9,16.2,,
883,2025-04-29 06:00,8.4,42.3,2.9,0,962.1,1013.8,22.1,,
883,2025-04-29 07:00,9.7,50.4,3.4,0,962.5,1014,29.5,,
883,2025-04-29 08:00,11.1,21.6,4.9,0,963.1,1014.3,65.6,,
883,2025-04-29 09:00,13.4,23.7,5.4,0,962.9,1013.6,56.2,,
883,2025-04-29 10:00,14.7,27.2,5.7,0,963.1,1013.6,56.4,,
883,2025-04-29 11:00,15.8,26.8,4,0,963.9,1014.2,51.2,,
883,2025-04-29 12:00,17.4,26.8,3.7,0,964,1014,49.1,,
883,2025-04-29 13:00,18.2,25.5,3.6,0,963.9,1013.7,28.9,,
883,2025-04-29 14:00,18.8,21.4,3.9,0,963.4,1013.1,25.8,,
883,2025-04-29 15:00,17.2,331.1,3.5,0,963.2,1013.2,38.2,,
883,2025-04-29 16:00,17.8,297.4,2.7,0,963.1,1013,30.4,,
883,2025-04-29 17:00,17.2,264.6,2.2,0,963.1,1013.1,52.2,,
883,2025-04-29 18:00,15.1,335.8,1.7,0,963.3,1013.7,43.8,,
883,2025-04-29 19:00,13,0,0,0,963.5,1014.4,65.9,,
883,2025-04-29 20:00,11.8,78.5,3,0,963.9,1015,41.7,,
883,2025-04-29 21:00,9.9,82.4,2.2,0,964.3,1015.8,50.4,,
883,2025-04-29 22:00,12.9,100.3,4.4,0,964.7,1015.6,55.4,,
883,2025-04-29 23:00,13.1,89.7,1.7,0,964.6,1015.5,56.8,,
883,2025-04-30 00:00,10.8,115.8,1.6,0,964.9,1016.2,68.7,-9.97,17.9
883,2025-04-30 01:00,10.2,149.3,2.7,0,964.9,1016.4,73.8,,
883,2025-04-30 02:00,14,160.9,3.5,0,964.5,1015.2,45.4,,
883,2025-04-30 03:00,14.7,159.8,4.4,0,964.5,1015.1,38.3,,
883,2025-04-30 04:00,14.9,154.1,3.7,0,964.6,1015.1,33.6,,
883,2025-04-30 05:00,14.3,161.9,4,0,964.4,1015,34.3,,
883,2025-04-30 06:00,14.4,157.5,4.2,0,964.6,1015.2,28.5,,
883,2025-04-30 07:00,15.8,161.5,3.9,0,964.8,1015.2,30.3,,
883,2025-04-30 08:00,18.4,179.3,2.2,0,965.1,1015,35.5,,
883,2025-04-30 09:00,17.6,198.8,3.2,0,965.4,1015.4,34.3,,
883,2025-04-30 10:00,18.7,188.5,3.2,0,965.7,1015.5,30.1,,
883,2025-04-30 11:00,19.2,192.2,4.7,0,965.6,1015.3,30.4,,
883,2025-04-30 12:00,20,187.3,4.6,0,965.3,1014.9,35.1,,
883,2025-04-30 13:00,19.7,181.1,4.7,0,964.8,1014.4,41.5,,
883,2025-04-30 14:00,18.9,176.3,5.8,0,964.5,1014.2,38.2,,
883,2025-04-30 15:00,19.1,173.5,5.5,0,963.9,1013.6,54.2,,
883,2025-04-30 16:00,18.3,158.7,5.7,0,963.4,1013.2,54.9,,
883,2025-04-30 17:00,18,175.6,3.6,0,963.3,1013.1,54,,
883,2025-04-30 18:00,16.3,171.4,5.8,0,963,1013.2,33.4,,
883,2025-04-30 19:00,14.4,167,6.5,0,963,1013.6,29.9,,
883,2025-04-30 20:00,14,165.3,7.8,0,962.8,1013.4,43.4,,
883,2025-04-30 21:00,13.7,166.5,8.3,0,963.1,1013.8,64.6,,
883,2025-04-30 22:00,13.8,161.5,9.9,0,962.8,1013.5,74.9,,
883,2025-04-30 23:00,14,164.9,10.1,0,962.7,1013.3,81.6,,
883,2025-05-01 00:00,13.9,164.6,9,0,962.6,1012.9,81.6,,
883,2025-05-01 01:00,13.8,158.3,9.7,0,962.2,1012.8,77.7,,
883,2025-05-01 02:00,14.3,157,10.3,0,962.1,1012.6,82.7,,
883,2025-05-01 03:00,14.6,164,8.9,0,961.7,1012.1,83.6,,
883,2025-05-01 04:00,15,165.8,8.9,0,961.5,1011.9,81.4,,
883,2025-05-01 05:00,15.1,164.8,8.5,0,961.4,1011.7,80.1,,
883,2025-05-01 06:00,15.5,174.8,8.3,0,961.6,1011.9,81.4,,
883,2025-05-01 07:00,15.7,179.4,7.1,0,960.9,1011.1,82.7,,
883,2025-05-01 08:00,16.1,186.8,7.4,0,960.6,1010.7,69.3,,
883,2025-05-01 09:00,14.5,182.6,6.6,1,960.3,1010.7,88.1,,
883,2025-05-01 10:00,14.7,197,5.6,1.5,959.9,1010.2,91.8,,
883,2025-05-01 11:00,14.4,203.4,5.8,5,959.5,1009.9,95.1,,
883,2025-05-01 12:00,13.7,218.3,5.9,4.5,958.9,1009.4,96.3,,
883,2025-05-01 13:00,14.2,212.1,6.1,2.5,957.9,1008.2,97.4,,
883,2025-05-01 14:00,14.3,205.2,6.8,.5,957.1,1007.4,98.1,,
883,2025-05-01 15:00,13.6,242.9,4.1,23.5,957.9,1008.3,98.2,,
883,2025-05-01 16:00,13.8,205.9,3.1,4,957.4,1007.8,97.2,,
883,2025-05-01 17:00,13.6,221.7,2.6,2,956.9,1007.3,98,,
883,2025-05-01 18:00,13.4,221.8,1.5,0,957.3,1007.8,98.3,,
883,2025-05-01 19:00,13.7,265.7,.7,0,957.2,1007.6,98.3,,
883,2025-05-01 20:00,13.4,313.3,2.3,0,957.8,1008.3,98.6,,
883,2025-05-01 21:00,12.8,27.2,3.2,.5,958.5,1009.1,98.6,,
883,2025-05-01 22:00,12.1,27.5,5.7,0,959.5,1010.3,98.9,,
883,2025-05-01 23:00,11,30.2,7.4,0,960.4,1011.5,98.8,,
883,2025-05-02 00:00,10.4,44.5,5,0,960.8,1011.9,94.3,,
883,2025-05-02 01:00,9.5,34.3,5.5,0,960.5,1011.9,70.3,,
883,2025-05-02 02:00,9,39.9,4.8,0,960.3,1011.8,78.1,,
883,2025-05-02 03:00,9,43.1,6.3,0,960,1011.5,79.4,,
883,2025-05-02 04:00,8.7,47.4,5.8,0,960.3,1011.8,70.8,,
883,2025-05-02 05:00,7.7,41.1,5.7,0,960.3,1012,74.7,,
883,2025-05-02 06:00,7.8,52.2,5.8,0,960.6,1012.3,69.8,,
883,2025-05-02 07:00,9.5,42.2,6.6,0,960.8,1012.2,50.1,,
883,2025-05-02 08:00,12.4,32.2,6.7,0,961,1011.8,41.6,,
883,2025-05-02 09:00,14.4,50.5,6.5,0,961.3,1011.8,28.2,,
883,2025-05-02 10:00,16.2,27.9,7,0,962.2,1012.3,38.1,,
883,2025-05-02 11:00,14.9,27.5,5.7,0,962.9,1013.3,42.6,,
883,2025-05-02 12:00,15.6,33.1,6.2,0,963,1013.3,45.8,,
883,2025-05-02 13:00,15.8,33.4,4.8,0,963,1013.3,44.2,,
883,2025-05-02 14:00,16.9,25.2,5.9,0,962.1,1012.1,39.1,,
883,2025-05-02 15:00,17.2,24.4,5.2,0,961.6,1011.5,47.2,,
883,2025-05-02 16:00,16.7,23,6.2,0,960.8,1010.8,42.3,,
883,2025-05-02 17:00,15.2,21.9,6.4,0,961,1011.3,49.2,,
883,2025-05-02 18:00,14.3,12.2,3.4,0,961.1,1011.6,50.3,,
883,2025-05-02 19:00,12.2,63.7,2.3,0,961.2,1012.1,55.2,,
883,2025-05-02 20:00,11.3,106.1,2.7,0,960.9,1012,65.8,,
883,2025-05-02 21:00,14.2,155.9,5.6,0,960.4,1010.9,35.7,,
883,2025-05-02 22:00,13.5,147.5,2.5,0,960.9,1011.5,36.4,,
883,2025-05-02 23:00,11.8,129.6,.5,0,960.5,1011.4,46.2,,
883,2025-05-03 00:00,12.3,177.6,3.4,0,960.5,1011.1,41.8,,
883,2025-05-03 01:00,14.6,158.2,4.7,0,959.3,1009.6,24.8,,
883,2025-05-03 02:00,15.2,160.1,5.5,0,958.8,1009,26.3,,
883,2025-05-03 03:00,14.9,168.6,6,0,958.7,1008.9,24,,
883,2025-05-03 04:00,14.4,162.4,7.8,0,958.4,1008.7,22.2,,
883,2025-05-03 05:00,14.7,167.1,8.3,0,958.2,1008.4,25.7,,
883,2025-05-03 06:00,14.9,170,9.4,0,957.9,1008.1,28.4,,
883,2025-05-03 07:00,15.5,182.2,7.9,0,957.8,1007.9,26.1,,
883,2025-05-03 08:00,16.4,192.4,7.8,0,957.9,1007.8,29.7,,
883,2025-05-03 09:00,16.8,192.7,7.8,0,956.6,1006.3,38.6,,
883,2025-05-03 10:00,17.4,212.4,7.2,0,958.2,1007.9,65.4,,
883,2025-05-03 11:00,15.9,228.6,6.6,0,957.5,1007.5,86.2,,
883,2025-05-03 12:00,15.3,225,6.3,0,957.1,1007.2,92.5,,
883,2025-05-03 13:00,14.6,237.4,5,0,956.8,1007,96.1,,
883,2025-05-03 14:00,14,263.6,3.1,0,956.4,1006.7,97.3,,
883,2025-05-03 15:00,13,312.5,3.9,0,956.4,1006.9,97.7,,
883,2025-05-03 16:00,12.2,23.7,6.8,0,956.4,1007,98,,
883,2025-05-03 17:00,11.4,30.6,8.9,0,956.4,1007.2,97.9,,
883,2025-05-03 18:00,10.9,26.6,9.8,0,956.9,1007.8,95.1,,
883,2025-05-03 19:00,10.1,33,9,0,957.4,1008.5,91.3,,
883,2025-05-03 20:00,9.4,40.2,8.4,0,958.5,1009.8,82.5,,
883,2025-05-03 21:00,8.7,34,8.2,0,960.1,1011.6,90.4,,
883,2025-05-03 22:00,8.7,43.5,7.3,0,960.9,1012.5,81.7,,
883,2025-05-03 23:00,9.1,34.8,9.5,0,961.1,1012.6,73,,
883,2025-05-04 00:00,8.4,46.4,7.3,0,961.3,1012.8,76.4,,
883,2025-05-04 01:00,8.7,51.2,7.8,0,961.1,1012.7,62.6,,
883,2025-05-04 02:00,8.5,40.6,6.5,0,961.4,1013,47.5,,
883,2025-05-04 03:00,8.2,43.4,6.2,0,961.7,1013.4,55.6,,
883,2025-05-04 04:00,7.9,41.9,6.2,0,961.6,1013.4,57.1,,
883,2025-05-04 05:00,8,57.5,5.3,0,962.3,1014.1,54.2,,
883,2025-05-04 06:00,8.1,53.6,4.9,0,962.4,1014.2,56.1,,
883,2025-05-04 07:00,9.8,51,5.6,0,962.9,1014.4,50.9,,
883,2025-05-04 08:00,12.2,48.7,4.9,0,963.4,1014.4,41.8,,
883,2025-05-04 09:00,14.1,32.2,6.5,0,963.5,1014.1,39.9,,
883,2025-05-04 10:00,14.9,42.1,5.9,0,963.9,1014.4,37.8,,
883,2025-05-04 11:00,16.4,26.5,6.5,0,964.1,1014.3,36.9,,
883,2025-05-04 12:00,17.5,28.7,6.1,0,963.8,1013.8,40.1,,
883,2025-05-04 13:00,17.3,26.1,6.9,0,963.3,1013.3,39.7,,
883,2025-05-04 14:00,18.2,23.9,6.1,0,963.4,1013.2,37.8,,
883,2025-05-04 15:00,17.1,37.9,5.1,0,963.1,1013.1,38.2,,
883,2025-05-04 16:00,16.5,28,4.8,0,962.9,1013,35.8,,
883,2025-05-04 17:00,16,22.7,4.5,0,962.8,1013,42.7,,
883,2025-05-04 18:00,15,22.2,4.3,0,963,1013.4,46.5,,
883,2025-05-04 19:00,12,25.6,3.7,0,963.3,1014.3,53.7,,
883,2025-05-04 20:00,9.8,84.7,1.6,0,963.8,1015.3,73.1,,
883,2025-05-04 21:00,8.5,93.8,2.5,0,964.3,1016.1,76.5,,
883,2025-05-04 22:00,10.3,99.3,2.8,0,964.7,1016.2,62.6,,
883,2025-05-04 23:00,8.6,123.4,2.4,0,964.6,1016.4,60.7,,
883,2025-05-05 00:00,8.5,113.7,2.4,0,964.7,1016.3,59.2,,
883,2025-05-05 01:00,11.1,178.1,2.6,0,964.4,1015.7,30.1,,
883,2025-05-05 02:00,7.4,92.8,2.7,0,964,1016,50.9,,
883,2025-05-05 03:00,7.1,82.5,2.1,0,963.3,1015.3,51.3,,
883,2025-05-05 04:00,11.2,101.8,1.6,0,962.7,1013.9,30,,
883,2025-05-05 05:00,10,98.1,3.1,0,962,1013.4,33.3,,
883,2025-05-05 06:00,8.4,109.7,2.4,0,961.3,1013,42.6,,
883,2025-05-05 07:00,12.8,98.1,3.3,0,961.1,1011.9,31.1,,
883,2025-05-05 08:00,14.1,26,3.5,0,960.3,1010.8,37.9,,
883,2025-05-05 09:00,17.4,133,3.1,0,960,1009.8,18.1,,
883,2025-05-05 10:00,18.5,154.4,11,0,959.2,1008.7,15.5,,
883,2025-05-05 11:00,18,155.4,10.9,0,958.5,1008.1,14,,
883,2025-05-05 12:00,16.2,127.4,9.3,0,958.7,1008.7,23.3,,
883,2025-05-05 13:00,16.6,114.6,2.9,0,958.8,1008.7,15.5,,
883,2025-05-05 14:00,12.7,115.6,3.5,0,958.9,1009.6,49.8,,
883,2025-05-05 15:00,10.8,101.8,3,.5,958.7,1009.7,70.9,,
883,2025-05-05 16:00,11,122.6,5,.5,957.6,1008.5,69.5,,
883,2025-05-05 17:00,11.8,78,1,0,956.1,1006.8,71.3,,
883,2025-05-05 18:00,10.2,253.5,.6,.5,955.7,1006.7,88.9,,
883,2025-05-05 19:00,9.9,122.8,1.7,1.5,955.5,1006.5,90.7,,
883,2025-05-05 20:00,12.1,154.8,10.2,3,954.6,1005.2,91.4,,
883,2025-05-05 21:00,13.9,144.7,4.4,1,954.8,1005,87.7,,
883,2025-05-05 22:00,14.3,150.7,7.4,0,954.4,1004.5,88.5,,
883,2025-05-05 23:00,15.6,144.1,4,0,954.5,1004.4,85.7,,
883,2025-05-06 00:00,12.5,54.4,2.1,0,954.5,1004.8,93,,
883,2025-05-06 01:00,13.6,100.8,1.6,0,954,1004.2,91.1,,
883,2025-05-06 02:00,13.6,0,.2,0,953.6,1003.8,94.1,,
883,2025-05-06 03:00,13.2,120.6,1.2,0,953.7,1004,94,,
883,2025-05-06 04:00,13.4,183.2,1.5,0,953.4,1003.6,95.5,,
883,2025-05-06 05:00,13.2,281,1.3,0,953.5,1003.8,96.5,,
883,2025-05-06 06:00,12.6,0,.1,0,954.2,1004.6,97.3,,
883,2025-05-06 07:00,13.1,239.7,.7,.5,954.4,1004.8,97.1,,
883,2025-05-06 08:00,13.9,257.9,1.2,0,954.9,1005.1,96.9,,
883,2025-05-06 09:00,13.6,323,1.6,0,955.2,1005.5,97.2,,
883,2025-05-06 10:00,13.4,321.9,2.4,0,955.4,1005.8,94.2,,
883,2025-05-06 11:00,12.9,312.9,3.6,0,956.2,1006.7,94.9,,
883,2025-05-06 12:00,14,30,3.3,0,955.3,1005.5,93.4,,
883,2025-05-06 13:00,15.2,311.8,2.9,0,955.2,1005.2,85.7,,
883,2025-05-06 14:00,12.2,281.2,3.6,0,955.7,1006.3,95.3,,
883,2025-05-06 15:00,11.5,22.4,2.9,0,955.9,1006.6,97.8,,
883,2025-05-06 16:00,10.5,30.4,4.9,.5,956,1006.9,98.5,,
883,2025-05-06 17:00,10.3,28.2,5.3,.5,956.3,1007.3,98.6,,
883,2025-05-06 18:00,10.7,27,4.2,0,956.7,1007.6,97.9,,
883,2025-05-06 19:00,9.3,36.2,5,0,957,1008.2,97.2,,
883,2025-05-06 20:00,8.2,46.7,3.8,0,957.9,1009.4,92.1,,
883,2025-05-06 21:00,8.1,52.8,3.2,0,958.6,1010.2,88.5,,
883,2025-05-06 22:00,8.5,62.5,3.9,0,959.7,1011.2,83.8,,
883,2025-05-06 23:00,8.4,63.3,3.6,0,960.4,1012,78.2,,
883,2025-05-07 00:00,8.2,71.8,2.8,0,960.9,1012.4,75.9,,
883,2025-05-07 01:00,9.1,69.4,4.9,0,960.6,1012.1,66.4,,
883,2025-05-07 02:00,8.5,97.9,3.5,0,960.7,1012.3,67.4,,
883,2025-05-07 03:00,8,83.3,3.7,0,960.9,1012.6,69.6,,
883,2025-05-07 04:00,7.6,79.3,4.1,0,961.1,1012.9,68.2,,
883,2025-05-07 05:00,7.9,95.5,4.1,0,961,1012.7,67,,
883,2025-05-07 06:00,7.7,93.1,3.6,0,960.9,1012.7,69.5,,
883,2025-05-07 07:00,10.2,66.2,3.7,0,961.7,1013,58.4,,
883,2025-05-07 08:00,13.2,72.2,2.7,0,962,1012.7,63.2,,
883,2025-05-07 09:00,15.3,294.5,1.4,0,962.3,1012.6,62.8,,
883,2025-05-07 10:00,16.3,269.8,1.7,0,962.4,1012.5,59.5,,
883,2025-05-07 11:00,16.3,18.5,3.5,0,962.8,1013,74.1,,
883,2025-05-07 12:00,18.7,214.2,2.5,0,962.7,1012.4,64.6,,
883,2025-05-07 13:00,18.2,252.7,2.9,0,962.8,1012.6,63.9,,
883,2025-05-07 14:00,17,349.4,2.6,0,962.8,1012.8,67.9,,
883,2025-05-07 15:00,17.6,21.3,3.2,0,962.3,1012.2,62.4,,
883,2025-05-07 16:00,14.8,298.9,3.7,0,962.7,1013.2,65.7,,
883,2025-05-07 17:00,15.5,336.2,2.1,0,963.2,1013.5,64.8,,
883,2025-05-07 18:00,13.9,344,2.7,0,963.4,1014.1,73.3,,
883,2025-05-07 19:00,11.9,3.9,2.5,0,963.9,1015,83.3,,
883,2025-05-07 20:00,11.3,161.9,2.6,0,964,1015.2,89.9,,
883,2025-05-07 21:00,10.7,142.1,1.7,0,965.2,1016.6,91.2,,
883,2025-05-07 22:00,10.8,170.2,3.1,0,965,1016.4,87.8,,
883,2025-05-07 23:00,10.7,174.7,3.7,0,964.9,1016.3,89.9,,
883,2025-05-08 00:00,8.8,95.3,2.2,0,965.6,1017.2,82,,
883,2025-05-08 01:00,8.7,117.1,2.1,0,964.9,1016.7,84.8,,
883,2025-05-08 02:00,8.7,113.5,2.3,0,965.4,1017.2,86.3,,
883,2025-05-08 03:00,11.8,139,2.2,0,964.8,1016,66.7,,
883,2025-05-08 04:00,8.2,113.5,2,0,965.1,1017,80.7,,
883,2025-05-08 05:00,7.7,73.5,2.4,0,965.3,1017.3,76.2,,
883,2025-05-08 06:00,8.9,96.4,1.7,0,965.5,1017.3,71.3,,
883,2025-05-08 07:00,14,127,4.7,0,965.7,1016.5,49.4,,
883,2025-05-08 08:00,15.3,41.4,1.9,0,966.4,1016.9,61.6,,
883,2025-05-08 09:00,17.4,293.5,1.1,0,966.3,1016.4,55.2,,
883,2025-05-08 10:00,18.6,162.7,5.4,0,965.6,1015.4,45,,
883,2025-05-08 11:00,19.7,174.3,4.1,0,965.9,1015.5,47.9,,
883,2025-05-08 12:00,19.7,160.4,3.7,0,966.2,1015.9,44.6,,
883,2025-05-08 13:00,19.8,145.1,5.5,0,965.4,1015,52,,
883,2025-05-08 14:00,18.7,339.6,2.6,0,964.4,1014.2,50.9,,
883,2025-05-08 15:00,18.5,304,2.4,0,964.3,1014.1,58.2,,
883,2025-05-08 16:00,17.5,39,2.6,0,964.2,1014.2,68,,
883,2025-05-08 17:00,17.9,150.3,4,0,964.5,1014.4,35.3,,
883,2025-05-08 18:00,17.4,130.7,5.1,0,963.8,1013.8,33.7,,
883,2025-05-08 19:00,17.2,127.8,4.7,0,963.7,1013.7,35.7,,
883,2025-05-08 20:00,16.7,147.9,7.9,0,963.2,1013.3,48.8,,
883,2025-05-08 21:00,15.4,140.1,11,0,963.5,1013.9,63.1,,
883,2025-05-08 22:00,17.8,142,9.4,0,963,1012.9,28.8,,
883,2025-05-08 23:00,15.5,170.3,10.5,0,964.6,1015,79.1,,
883,2025-05-09 00:00,16.2,147.8,9.5,0,963,1013,72.5,,
883,2025-05-09 01:00,15.2,160.6,6.9,0,961.2,1011.5,84.1,,
883,2025-05-09 02:00,16.3,160.7,8.5,.5,960,1010,91.4,,
883,2025-05-09 03:00,15.4,172,10.5,3,958.5,1008.6,91.4,,
883,2025-05-09 04:00,14.6,171.7,10.1,4,958.4,1008.7,93.2,,
883,2025-05-09 05:00,15.2,168.8,10.9,3,956.6,1006.7,94.3,,
883,2025-05-09 06:00,14.9,154.9,16.1,3,954.5,1004.5,93.3,,
883,2025-05-09 07:00,15.7,147,12.7,5.5,953.2,1003,93.1,,
883,2025-05-09 08:00,16.1,153.4,15.7,3.5,953.4,1003.1,94.2,,
883,2025-05-09 09:00,17.2,147.8,14.2,11,953.1,1002.6,93.6,,
883,2025-05-09 10:00,17.7,151.8,10.9,6,952.6,1002,93.6,,
883,2025-05-09 11:00,18.5,192.7,7.3,19,952.7,1001.9,97.2,,
883,2025-05-09 12:00,18.4,221.7,7.8,4,952.4,1001.6,97.8,,
883,2025-05-09 13:00,18,226.1,7.3,2.5,952.3,1001.6,98.2,,
883,2025-05-09 14:00,17.8,232.3,7.2,6,952.1,1001.4,98.4,,
883,2025-05-09 15:00,17.1,233.6,4.9,2,951.9,1001.3,98.5,,
883,2025-05-09 16:00,16.8,243.4,5.2,2,951.7,1001.2,98.7,,
883,2025-05-09 17:00,16.5,243.3,3.9,0,952.2,1001.8,98.8,,
883,2025-05-09 18:00,15.6,249.7,4.6,0,952.8,1002.6,98.9,,
883,2025-05-09 19:00,14.4,241.4,4.5,0,953.2,1003.2,99,,
883,2025-05-09 20:00,13.5,226.7,5.3,0,953.5,1003.7,98.9,,
883,2025-05-09 21:00,13.1,223,5.6,0,954.2,1004.5,98.9,,
883,2025-05-09 22:00,12.3,251.2,5.1,0,955.1,1005.6,98.8,,
883,2025-05-09 23:00,11.4,278.8,5.2,0,955.5,1006.2,99.1,,
883,2025-05-10 00:00,10.9,300.1,6.5,0,955.2,1005.9,99.3,,
883,2025-05-10 01:00,10.6,315.5,7.2,0,955.5,1006.4,99.3,,
883,2025-05-10 02:00,10.5,322,6.5,0,955.2,1006.1,99.3,,
883,2025-05-10 03:00,10.1,315.4,4.3,.5,955,1006,99.4,,
883,2025-05-10 04:00,9.8,34.2,4.1,0,954.9,1005.9,99.4,,
883,2025-05-10 05:00,9.8,35.2,3.2,0,954.6,1005.6,99.5,,
883,2025-05-10 06:00,9.5,13.5,3.4,0,954.5,1005.6,99.5,,
883,2025-05-10 07:00,9.8,295.5,3.7,0,955.7,1006.8,99.5,,
883,2025-05-10 08:00,10,297.7,3,0,956.3,1007.4,99.6,,
883,2025-05-10 09:00,10.8,295.4,4.2,0,957,1007.9,99.7,,
883,2025-05-10 10:00,12.7,302.9,3.7,0,956.9,1007.5,95.6,,
883,2025-05-10 11:00,12.4,304.8,4.9,0,957.5,1008.2,90.5,,
883,2025-05-10 12:00,11.6,309.4,4.6,0,958,1008.8,93.3,,
883,2025-05-10 13:00,12.2,287.2,4.3,0,957.5,1008.2,93.2,,
883,2025-05-10 14:00,12.6,284.1,4.3,0,957.6,1008.2,92.1,,
883,2025-05-10 15:00,11.6,291.2,4.4,0,957.3,1008.1,96.3,,
883,2025-05-10 16:00,11.6,303.7,4.8,0,957.4,1008.2,95.5,,
883,2025-05-10 17:00,11.2,308.6,4.8,0,958,1008.9,93,,
883,2025-05-10 18:00,10.6,298.4,5.2,0,958,1009,94.4,,
883,2025-05-10 19:00,10.3,284.2,3.6,0,959.3,1010.5,95.7,,
883,2025-05-10 20:00,10.2,290.6,4,0,959.6,1010.8,96.5,,
883,2025-05-10 21:00,9.9,310,3.1,0,960.2,1011.5,97.2,,
883,2025-05-10 22:00,10.2,314.9,2.9,0,961,1012.3,97.7,,
883,2025-05-10 23:00,10.3,313.2,2.7,0,961.1,1012.4,98,,
883,2025-05-11 00:00,10.1,34.9,3.2,0,960,1011.2,98.1,,
883,2025-05-11 01:00,10.2,30.7,3.1,0,959.5,1010.7,97.8,,
883,2025-05-11 02:00,10.2,30.2,3.6,0,959.5,1010.7,95.9,,
883,2025-05-11 03:00,9.9,31.8,2.6,0,958.9,1010.1,96.4,,
883,2025-05-11 04:00,10,31.3,2.4,0,958.2,1009.4,95.7,,
883,2025-05-11 05:00,10.6,34.3,2.8,0,958.4,1009.5,94.7,,
883,2025-05-11 06:00,10.8,38.2,2.9,0,958.7,1009.7,95.6,,
883,2025-05-11 07:00,11.2,16.1,1.9,0,959,1010,96.4,,
883,2025-05-11 08:00,11.6,34.3,2.1,0,958.9,1009.8,96.3,,
883,2025-05-11 09:00,11.8,349.3,1.2,0,959.3,1010.2,93.9,,
883,2025-05-11 10:00,12.6,324.3,1,0,959.3,1010,91.9,,
883,2025-05-11 11:00,15.5,306.7,2.3,0,959.2,1009.3,77.8,,
883,2025-05-11 12:00,16.2,276.7,3,0,958.7,1008.7,74,,
883,2025-05-11 13:00,16.4,281.7,3.4,0,958.5,1008.4,74.1,,
883,2025-05-11 14:00,17,271.5,3.1,0,958.2,1008,75.3,,
883,2025-05-11 15:00,16,262.7,3.5,0,957.6,1007.5,79,,
883,2025-05-11 16:00,15.7,262.5,3.4,0,957.6,1007.6,79.8,,
883,2025-05-11 17:00,14,267.4,2.7,0,957.7,1008.1,84.5,,
883,2025-05-11 18:00,13.6,279.6,2.4,0,957.7,1008.1,83.5,,
883,2025-05-11 19:00,12.1,213.2,1.2,0,957.6,1008.3,90.4,,
883,2025-05-11 20:00,11,178,1.3,0,958.1,1009.1,93.8,,
883,2025-05-11 21:00,10.5,182.9,1.7,0,959,1010.1,95.4,,
883,2025-05-11 22:00,10.7,163.5,2.8,0,959.3,1010.4,94.9,,
883,2025-05-11 23:00,10.6,175.2,3,0,959.5,1010.6,95.6,,
883,2025-05-12 00:00,10.9,210.6,2.3,0,959.9,1010.9,96.4,,
883,2025-05-12 01:00,10.5,198.4,2.2,0,959.9,1011.1,95.9,,
883,2025-05-12 02:00,10.8,193.1,2.3,0,959.9,1011,95.8,,
883,2025-05-12 03:00,10.9,208.7,2,0,960,1011.1,96.1,,
883,2025-05-12 04:00,9.7,170.3,2.4,0,959.8,1011.1,96.3,,
883,2025-05-12 05:00,9.2,151.7,1.8,0,959.9,1011.3,93.5,,
883,2025-05-12 06:00,8.6,111.7,1.7,0,960.3,1011.9,92.4,,
883,2025-05-12 07:00,12.6,159.5,2.4,0,960.5,1011.3,82.9,,
883,2025-05-12 08:00,15.2,175.1,2.3,0,961.1,1011.4,71,,
883,2025-05-12 09:00,16.9,206.5,2.7,0,961.3,1011.3,55.6,,
883,2025-05-12 10:00,17.9,204.3,3.3,0,961.8,1011.6,59.5,,
883,2025-05-12 11:00,19,210.2,3.2,0,962.1,1011.7,57.4,,
883,2025-05-12 12:00,19.2,212.8,4,0,962.3,1011.9,56.4,,
883,2025-05-12 13:00,19.8,204.7,4.1,0,962.1,1011.5,50.6,,
883,2025-05-12 14:00,19.8,205.9,4.2,0,961.8,1011.2,49.7,,
883,2025-05-12 15:00,19.6,201.2,4.4,0,961.6,1011,55.8,,
883,2025-05-12 16:00,19.4,204.1,3.6,0,961.7,1011.2,69.9,,
883,2025-05-12 17:00,18.9,187.6,3.3,0,961.6,1011.2,63.3,,
883,2025-05-12 18:00,18.6,200.4,2.6,0,961.6,1011.2,54.3,,
883,2025-05-12 19:00,16.9,180.3,2.2,0,961.9,1011.9,64,,
883,2025-05-12 20:00,14.1,134.7,1.9,0,962.4,1013,72.4,,
883,2025-05-12 21:00,13.5,135.6,2,0,963.2,1013.9,72.1,,
883,2025-05-12 22:00,13,125.5,2.5,0,963.6,1014.5,69,,
883,2025-05-12 23:00,13,152.3,2.8,0,963.8,1014.7,67.6,,
883,2025-05-13 00:00,15.7,157.3,3.5,0,963.7,1013.8,51.8,,
883,2025-05-13 01:00,15.5,156.3,3,0,963.6,1014,49.5,,
883,2025-05-13 02:00,16.2,156.2,3.6,0,963.9,1014.1,46.6,,
883,2025-05-13 03:00,15.8,157.9,4,0,964.3,1014.6,47,,
883,2025-05-13 04:00,15.6,158.8,4.1,0,964.4,1014.8,45.9,,
883,2025-05-13 05:00,14.9,162.4,4.9,0,964.3,1014.8,44.9,,
883,2025-05-13 06:00,15.4,168.5,4.3,0,964.7,1015.1,43.1,,
883,2025-05-13 07:00,16.9,161.8,4.5,0,965.1,1015.3,43.6,,
883,2025-05-13 08:00,19.1,185.5,2.8,0,965.7,1015.5,43.3,,
883,2025-05-13 09:00,20.2,190.6,3.4,0,966.3,1015.9,39.8,,
883,2025-05-13 10:00,21.3,209.5,3.5,0,966.7,1016.1,44.8,,
883,2025-05-13 11:00,22.3,205.2,3.4,0,966.8,1016,44.2,,
883,2025-05-13 12:00,23,224.7,3.4,0,966.9,1016,50.2,,
883,2025-05-13 13:00,21.9,237.4,3.3,0,967.1,1016.4,56.2,,
883,2025-05-13 14:00,22.9,226.8,3.7,0,967,1016.1,41.3,,
883,2025-05-13 15:00,22.1,222,3.6,0,966.7,1015.9,44.3,,
883,2025-05-13 16:00,21.2,192.5,3.8,0,965.9,1015.3,44.6,,
883,2025-05-13 17:00,21.1,176.3,4.5,0,965.8,1015.2,42.2,,
883,2025-05-13 18:00,19.8,187,2.7,0,965.6,1015.2,49.5,,
883,2025-05-13 19:00,16.9,189.6,2.9,0,965.8,1016,64.5,,
883,2025-05-13 20:00,15,172,3.3,0,965.6,1016.2,74.3,,
883,2025-05-13 21:00,14.7,168.6,4.9,0,965.7,1016.3,75.1,,
883,2025-05-13 22:00,15,159.2,8,0,965.3,1015.9,66,,
883,2025-05-13 23:00,14.6,154.4,7.2,0,965.8,1016.5,67.3,,
883,2025-05-14 00:00,14.8,160.4,7.4,0,965.6,1016.1,71.9,,
883,2025-05-14 01:00,14.8,155.9,5.7,0,965.1,1015.7,58.9,,
883,2025-05-14 02:00,15,173.9,6.1,0,965.3,1015.9,63.4,,
883,2025-05-14 03:00,14.8,173,5.5,0,965.1,1015.7,75.8,,
883,2025-05-14 04:00,14.4,167.6,4.4,0,965.9,1016.6,80.3,,
883,2025-05-14 05:00,14,163.1,5.1,0,966.1,1016.9,81.7,,
883,2025-05-14 06:00,14.6,161.2,5.1,0,966.2,1016.9,78.7,,
883,2025-05-14 07:00,16.2,169.3,5.1,0,966.7,1017.1,73.3,,
883,2025-05-14 08:00,18.1,180.8,4.9,0,966.8,1016.8,66.7,,
883,2025-05-14 09:00,19.2,179.8,6,0,966.9,1016.7,66,,
883,2025-05-14 10:00,20.3,173.3,5.9,0,967,1016.6,63.6,,
883,2025-05-14 11:00,21.5,167.7,5.7,0,967.1,1016.5,62.4,,
883,2025-05-14 12:00,20.8,154.4,7.4,0,966.8,1016.3,68.9,,
883,2025-05-14 13:00,21,160,6.1,0,966.7,1016.1,66.1,,
883,2025-05-14 14:00,19.9,157.4,7.4,0,965.9,1015.5,71.2,,
883,2025-05-14 15:00,19.3,157.3,8.3,0,965.4,1015.1,70.1,,
883,2025-05-14 16:00,18.8,167.1,6.9,0,965.2,1015,69.9,,
883,2025-05-14 17:00,18.2,160.5,8.6,0,965,1014.9,72.4,,
883,2025-05-14 18:00,18.4,159.7,9.4,0,964.2,1014,74.9,,
883,2025-05-14 19:00,17.9,168.1,9.2,0,964.5,1014.4,78.8,,
883,2025-05-14 20:00,18.1,181,6.4,0,965.4,1015.3,82.7,,
883,2025-05-14 21:00,17.8,188.8,4.8,0,965.9,1015.9,86.4,,
883,2025-05-14 22:00,17.5,176.8,6.2,0,966.5,1016.6,90,,
883,2025-05-14 23:00,17.3,184.8,4.4,0,966.5,1016.7,92.2,,
883,2025-05-15 00:00,17.1,191.3,4.6,0,966.4,1016.3,94.8,,
883,2025-05-15 01:00,17.1,190.8,4.8,0,965.7,1015.8,96.1,,
883,2025-05-15 02:00,17.2,188.1,5.2,0,965.5,1015.6,96.7,,
883,2025-05-15 03:00,17.4,181,6,0,964.7,1014.7,97.3,,
883,2025-05-15 04:00,17.7,189.1,5.2,0,965.1,1015.1,97.6,,
883,2025-05-15 05:00,17.8,196.7,3.7,.5,965.4,1015.4,98,,
883,2025-05-15 06:00,17.9,187.5,3.6,.5,965.9,1015.9,98.3,,
883,2025-05-15 07:00,18.2,186,4.5,0,966,1015.9,98.4,,
883,2025-05-15 08:00,18.4,175,4.4,0,966.2,1016.1,98.5,,
883,2025-05-15 09:00,18.7,177.6,4.9,0,966.3,1016.2,98.5,,
883,2025-05-15 10:00,18.7,185.7,3.9,0,967,1016.9,98.7,,
883,2025-05-15 11:00,18.6,186.2,5.2,0,966.9,1016.8,98.8,,
883,2025-05-15 12:00,18.6,191.8,4.3,0,966.9,1016.8,98.8,,
883,2025-05-15 13:00,18.7,180.6,6.7,0,965.9,1015.7,98.9,,
883,2025-05-15 14:00,18.7,193.4,4.8,0,965.7,1015.5,99,,
883,2025-05-15 15:00,18.7,200.1,3.1,0,965.8,1015.6,99,,
883,2025-05-15 16:00,18.9,208.1,3.3,0,965.7,1015.5,99,,
883,2025-05-15 17:00,18.7,208.6,3.6,0,965.6,1015.4,99,,
883,2025-05-15 18:00,19,205.6,3.3,0,965.7,1015.5,99.1,,
883,2025-05-15 19:00,19,192.2,3.2,0,965.9,1015.7,99.1,,
883,2025-05-15 20:00,19.2,187.9,3,0,966.6,1016.4,99.1,,
883,2025-05-15 21:00,19.1,182.4,3.2,0,966.8,1016.6,99.2,,
883,2025-05-15 22:00,19,164.7,4.5,0,967.1,1016.9,99.1,,
883,2025-05-15 23:00,19,169.9,4.5,0,966.8,1016.6,99.2,,
883,2025-05-16 00:00,18.9,173.2,5,0,966.7,1016.1,99.2,,
883,2025-05-16 01:00,19.1,174.7,5.7,0,966.3,1016.1,99.4,,
883,2025-05-16 02:00,19,165.4,6.6,0,965.6,1015.4,99.3,,
883,2025-05-16 03:00,19.4,148.3,6.5,0,964.6,1014.2,95.5,,
883,2025-05-16 04:00,18.8,166.8,4.5,0,965,1014.8,97.7,,
883,2025-05-16 05:00,18.9,157.7,7.5,0,963.8,1013.5,94.1,,
883,2025-05-16 06:00,18.7,157.5,3.1,0,964.4,1014.2,92.8,,
883,2025-05-16 07:00,19.3,166.4,7,0,964.2,1013.8,94,,
883,2025-05-16 08:00,19.6,170.2,7.3,0,964.4,1014,94.1,,
883,2025-05-16 09:00,20,168.4,7.7,0,964.1,1013.6,91.7,,
883,2025-05-16 10:00,19.9,165.1,6.1,0,963.9,1013.4,95.2,,
883,2025-05-16 11:00,19.6,172.1,5.1,1.5,962.7,1012.2,98.2,,
883,2025-05-16 12:00,19.3,178.4,6.2,3,961.6,1011.1,98.9,,
883,2025-05-16 13:00,19.3,153.2,5.4,.5,960.7,1010.2,96.8,,
883,2025-05-16 14:00,19,179.3,8.5,12,959.4,1008.8,97.7,,
883,2025-05-16 15:00,17.9,168.4,9.5,14,957.4,1007,97.8,,
883,2025-05-16 16:00,18.6,180.1,5.8,23.5,957,1006.4,98.2,,
883,2025-05-16 17:00,18.3,210.3,6.7,15.5,956.6,1006,98.9,,
883,2025-05-16 18:00,18.5,206.4,7.9,3,955.9,1005.3,99.3,,
883,2025-05-16 19:00,18.1,208.4,7,0,955.8,1005.2,99.5,,
883,2025-05-16 20:00,17.9,210.7,7.2,.5,955.8,1005.3,99.5,,
883,2025-05-16 21:00,16.7,220.5,7.1,0,956.1,1005.8,99.5,,
883,2025-05-16 22:00,16.1,219.4,6.3,0,956.3,1006.2,99.7,,
883,2025-05-16 23:00,15.7,219.3,6,0,956.2,1006.1,99.6,,
883,2025-05-17 00:00,14.6,222.6,5.6,.5,956.2,1006.3,99.7,,
883,2025-05-17 01:00,13.9,222.9,4.6,0,956.5,1006.8,99.7,,
883,2025-05-17 02:00,14,213.5,2.4,0,956.7,1007,99.7,,
883,2025-05-17 03:00,14,248.1,1.1,0,956.7,1007,99.7,,
883,2025-05-17 04:00,14.5,26.4,1.7,0,956.9,1007.1,99.7,,
883,2025-05-17 05:00,14.1,46.9,1,0,957,1007.3,99.7,,
883,2025-05-17 06:00,14.2,27.9,2.8,0,957.4,1007.7,99.7,,
883,2025-05-17 07:00,15.5,42.2,3.1,0,958,1008.1,99.6,,
883,2025-05-17 08:00,18.3,33.6,3.2,0,958.3,1007.8,94.3,,
883,2025-05-17 09:00,19.6,28.5,2.6,0,958.2,1007.5,87.8,,
883,2025-05-17 10:00,20.3,36.1,1.6,0,958.5,1007.6,79.4,,
883,2025-05-17 11:00,20,10.5,3.6,0,959.3,1008.5,83.6,,
883,2025-05-17 12:00,19.2,299.7,2.5,0,959.6,1009,83.3,,
883,2025-05-17 13:00,22.3,15.6,1.7,0,959.2,1008,77.9,,
883,2025-05-17 14:00,21.7,244.5,1.7,0,959,1007.9,77,,
883,2025-05-17 15:00,21.3,269,1.5,0,958.7,1007.7,73.9,,
883,2025-05-17 16:00,21.6,240.8,1.2,0,958.3,1007.2,76.1,,
883,2025-05-17 17:00,21.6,219.7,.6,0,958.2,1007.1,82,,
883,2025-05-17 18:00,18.6,235.8,2.6,0,958.1,1007.6,85.3,,
883,2025-05-17 19:00,17.4,217.8,1.1,0,959.1,1008.8,87.6,,
883,2025-05-17 20:00,16.5,345.7,1,0,959.8,1009.8,94.1,,
883,2025-05-17 21:00,16.9,23.9,2,0,960.3,1010.2,95.2,,
883,2025-05-17 22:00,16.8,37.6,2.2,0,960.9,1010.9,96.8,,
883,2025-05-17 23:00,16.8,27.2,2.3,0,960.9,1010.9,98.5,,
883,2025-05-18 00:00,15.6,21.6,2.8,0,960.4,1010.4,98.9,,
883,2025-05-18 01:00,14.7,36.9,3.3,0,960,1010.3,99,,
883,2025-05-18 02:00,14.3,17.9,4.7,.5,959.9,1010.3,99.2,,
883,2025-05-18 03:00,14.4,28.4,5.7,0,959.7,1010.1,99.3,,
883,2025-05-18 04:00,13.7,36.5,4.6,0,959.6,1010.1,99.2,,
883,2025-05-18 05:00,13.7,48.5,4.3,0,959.4,1009.9,80.9,,
883,2025-05-18 06:00,12,35.7,4.3,0,960,1010.9,98.2,,
883,2025-05-18 07:00,13.1,53.7,4.2,0,960.7,1011.4,78.5,,
883,2025-05-18 08:00,13.5,33.8,5.6,0,961.3,1011.9,84.1,,
883,2025-05-18 09:00,13.6,21.9,5.9,0,961.4,1012,80.6,,
883,2025-05-18 10:00,16.9,37.6,5.4,0,961.6,1011.6,54,,
883,2025-05-18 11:00,18.6,31,5.9,0,961.7,1011.3,62.9,,
883,2025-05-18 12:00,18.5,27.9,6.3,0,961.4,1011,49.2,,
883,2025-05-18 13:00,20.3,23,5,0,961.2,1010.5,54.4,,
883,2025-05-18 14:00,19.5,26.9,4.2,0,960.6,1010,62.9,,
883,2025-05-18 15:00,17.9,324.6,4.3,0,960,1009.7,69.6,,
883,2025-05-18 16:00,16.7,27,3.7,0,960.1,1010,76.5,,
883,2025-05-18 17:00,18.1,41.1,1,0,960,1009.7,61.8,,
883,2025-05-18 18:00,16.3,43.9,1,0,959.7,1009.7,84.1,,
883,2025-05-18 19:00,15.7,0,.4,0,960.1,1010.2,40.4,,
883,2025-05-18 20:00,12.9,86.8,2.2,0,959.8,1010.5,44.9,,
883,2025-05-18 21:00,11.8,103.2,2.4,0,960.4,1011.3,45.8,,
883,2025-05-18 22:00,12.1,95.1,2.2,0,961.2,1012.1,42.9,,
883,2025-05-18 23:00,10.9,104,2.6,0,961.4,1012.6,47.2,,
883,2025-05-19 00:00,13.3,167.9,3.3,0,961.4,1011.8,31.5,,
883,2025-05-19 01:00,15.7,165.9,4,0,961.3,1011.5,14.7,,
883,2025-05-19 02:00,15.6,166.1,3.7,0,960.7,1010.9,14.4,,
883,2025-05-19 03:00,15.1,171.9,4.1,0,960.7,1011,15.5,,
883,2025-05-19 04:00,15.6,169.1,4.7,0,960.4,1010.6,12.4,,
883,2025-05-19 05:00,16.9,196.5,3,0,960.4,1010.3,11.6,,
883,2025-05-19 06:00,16.7,195.1,2.8,0,960.1,1010,29.7,,
883,2025-05-19 07:00,17.4,181,2.8,0,960.6,1010.4,61.5,,
883,2025-05-19 08:00,18.3,186.5,3.5,0,960.4,1010,80.7,,
883,2025-05-19 09:00,19.7,169.9,5.2,0,960.2,1009.6,80.2,,
883,2025-05-19 10:00,21.8,188.7,4.3,0,960,1008.9,74.7,,
883,2025-05-19 11:00,22.3,174.7,4.9,0,959.6,1008.4,71.4,,
883,2025-05-19 12:00,22.9,187,4.7,0,959.4,1008.1,69.2,,
883,2025-05-19 13:00,21.9,174,4.9,0,959.4,1008.3,76.3,,
883,2025-05-19 14:00,22.1,181.6,4.8,0,959,1007.8,75.4,,
883,2025-05-19 15:00,22.3,183.6,4.8,0,958.6,1007.4,75.4,,
883,2025-05-19 16:00,19.5,175.8,7.7,0,958.3,1007.6,84.3,,
883,2025-05-19 17:00,18.2,178.8,6.5,0,958.3,1007.8,89.7,,
883,2025-05-19 18:00,18.3,184.9,5.6,0,958,1007.5,91.8,,
883,2025-05-19 19:00,18,171.7,8.3,0,957.9,1007.5,92.5,,
883,2025-05-19 20:00,17.9,172.7,8,0,958,1007.6,94.9,,
883,2025-05-19 21:00,18.2,173.3,6.5,0,958.5,1008.1,91.4,,
883,2025-05-19 22:00,18.7,171.1,7.6,0,959.1,1008.6,85.5,,
883,2025-05-19 23:00,18.7,175,7.3,0,959.2,1008.7,89.1,,
883,2025-05-20 00:00,18.5,182.3,5.7,0,959.4,1008.5,95.6,,
883,2025-05-20 01:00,18.9,182.1,5.6,0,959.5,1009,95.8,,
883,2025-05-20 02:00,19.6,175.1,5.6,0,959.5,1008.8,95.1,,
883,2025-05-20 03:00,19.9,169.6,5.6,0,959.4,1008.7,94,,
883,2025-05-20 04:00,19.9,171,4.9,0,959.4,1008.7,95.7,,
883,2025-05-20 05:00,20,164.7,5,0,959.7,1009,95.3,,
883,2025-05-20 06:00,20.5,173.8,4.3,0,960.2,1009.4,95.5,,
883,2025-05-20 07:00,20.8,167.9,4.3,0,960.7,1009.9,96.8,,
883,2025-05-20 08:00,20.8,178.2,3.7,0,960.8,1010,98.1,,
883,2025-05-20 09:00,21.3,177.2,3.8,0,961,1010.1,98.1,,
883,2025-05-20 10:00,22.3,180.7,4,0,961,1009.9,94.4,,
883,2025-05-20 11:00,22.6,192.5,3.7,0,960.9,1009.7,96.1,,
883,2025-05-20 12:00,24.1,195.5,3.9,0,960.7,1009.2,91.4,,
883,2025-05-20 13:00,23.3,208.6,3.1,0,960.3,1009,92.8,,
883,2025-05-20 14:00,21.7,191.9,4,0,960.1,1009.1,97.3,,
883,2025-05-20 15:00,21.1,182.1,3.5,0,959.5,1008.5,98.3,,
883,2025-05-20 16:00,20.9,179,3.6,0,959.3,1008.4,98.6,,
883,2025-05-20 17:00,19.6,190.5,3.3,.5,959.3,1008.6,98.7,,
883,2025-05-20 18:00,19.3,188.2,3.4,2,959.3,1008.7,98.9,,
883,2025-05-20 19:00,19.7,181,6.3,.5,959.2,1008.5,98.5,,
883,2025-05-20 20:00,19.4,177.4,9.6,0,958.2,1007.5,96.2,,
883,2025-05-20 21:00,18.9,192.3,3.6,0,959.8,1009.3,94.5,,
883,2025-05-20 22:00,20.1,170.8,9.1,0,959.3,1008.5,86.7,,
883,2025-05-20 23:00,20.2,166.8,8.5,0,959.3,1008.5,85.3,,
883,2025-05-21 00:00,20.2,159.4,7.9,0,959,1008.1,85.7,,
883,2025-05-21 01:00,20,154.7,9.7,0,958.5,1007.7,87,,
883,2025-05-21 02:00,20.4,149.6,8.2,0,958,1007.1,89.9,,
883,2025-05-21 03:00,19.8,148.8,5.2,0,958.3,1007.5,94.7,,
883,2025-05-21 04:00,19.7,145.1,3.6,0,958.1,1007.3,94.4,,
883,2025-05-21 05:00,20.4,140.8,2.8,0,958,1007.1,92.7,,
883,2025-05-21 06:00,20.9,174.1,1.7,0,957.8,1006.8,91,,
883,2025-05-21 07:00,22.5,0,.2,0,957,1005.6,88.3,,
883,2025-05-21 08:00,22.2,141.8,1.3,0,956.6,1005.3,89.4,,
883,2025-05-21 09:00,22.5,178.2,2.2,0,956.9,1005.5,90.5,,
883,2025-05-21 10:00,22.3,26.4,3,0,956.3,1005,92.4,,
883,2025-05-21 11:00,21.8,0,0,1,956.5,1005.3,96,,
883,2025-05-21 12:00,21.4,154.7,3.2,3.5,956.4,1005.2,92.8,,
883,2025-05-21 13:00,20.2,158.9,2.2,4,955.4,1004.4,93.9,,
883,2025-05-21 14:00,21,65.2,3.6,2.5,954.3,1003.1,95.8,,
883,2025-05-21 15:00,21.3,105.9,3.5,1,953,1001.7,92.6,,
883,2025-05-21 16:00,20.6,312.2,1.4,.5,953.2,1002,96.6,,
883,2025-05-21 17:00,20.5,21.7,2,0,953.2,1002,98.1,,
883,2025-05-21 18:00,19.9,23.3,2.9,0,953.2,1002.2,98.4,,
883,2025-05-21 19:00,19.5,358.1,.9,0,953.4,1002.4,98.8,,
883,2025-05-21 20:00,19.5,99.9,4.9,0,954.2,1003.3,98.8,,
883,2025-05-21 21:00,18.5,29.3,5.2,0,955.2,1004.5,99,,
883,2025-05-21 22:00,18.8,48.6,4.1,0,956,1005.3,99.2,,
883,2025-05-21 23:00,17.5,33.4,5.9,0,956,1005.6,99.2,,
883,2025-05-22 00:00,18.2,36.2,6,0,956,1005,99.4,,
883,2025-05-22 01:00,18.6,27.9,7.6,.5,955.8,1005.1,99.2,,
883,2025-05-22 02:00,18.9,36,6.7,0,955.9,1005.2,99.3,,
883,2025-05-22 03:00,19.1,39.9,5.1,0,956.2,1005.5,99.1,,
883,2025-05-22 04:00,19.1,53.1,3.4,0,956.3,1005.6,97.8,,
883,2025-05-22 05:00,18.6,46.3,4.4,0,956.7,1006.1,98.1,,
883,2025-05-22 06:00,18.6,64,5,0,957.5,1006.9,97,,
883,2025-05-22 07:00,18.6,69.2,4.9,0,958,1007.5,97.5,,
883,2025-05-22 08:00,20.4,35.9,4.7,0,958.3,1007.4,95.1,,
883,2025-05-22 09:00,20.4,37.6,5.2,0,958.6,1007.7,93.9,,
883,2025-05-22 10:00,23.3,41.3,6.3,0,958,1006.5,87.2,,
883,2025-05-22 11:00,24.6,34.7,5.4,0,958.5,1006.8,78.6,,
883,2025-05-22 12:00,26.3,31.1,4.7,0,958.4,1006.4,78.1,,
883,2025-05-22 13:00,22.2,319.9,3.8,0,958.5,1007.3,86.6,,
883,2025-05-22 14:00,22.6,322.6,3.7,0,958.3,1007,83.4,,
883,2025-05-22 15:00,22.7,331.3,2.7,0,958.7,1007.4,82.8,,
883,2025-05-22 16:00,24.3,33.2,3.3,0,958.1,1006.5,75.1,,
883,2025-05-22 17:00,24.6,24.2,2.8,0,957.9,1006.2,78.1,,
883,2025-05-22 18:00,19.2,332,3.8,0,957.6,1006.9,90.5,,
883,2025-05-22 19:00,17.6,30.4,2.7,0,957.8,1007.4,95.6,,
883,2025-05-22 20:00,18,213.9,1.6,0,958.2,1007.8,97.8,,
883,2025-05-22 21:00,17.4,0,.1,0,958.7,1008.4,98.6,,
883,2025-05-22 22:00,17.5,224.7,.7,0,958.9,1008.6,98.8,,
883,2025-05-22 23:00,17.3,21.3,2.6,0,959.5,1009.3,99,,
883,2025-05-23 00:00,17.1,0,.2,0,959.1,1008.6,99.1,,
883,2025-05-23 01:00,16.9,19.8,2.9,0,959.8,1009.7,99.1,,
883,2025-05-23 02:00,16.8,25.7,2.1,0,959.4,1009.3,99.2,,
883,2025-05-23 03:00,16.1,41.5,2.3,0,957.8,1007.7,98.8,,
883,2025-05-23 04:00,16.1,0,0,0,957.9,1007.8,99.2,,
883,2025-05-23 05:00,16.4,310.9,1.2,0,958.2,1008.1,99.4,,
883,2025-05-23 06:00,16.2,332.8,1.1,0,958.9,1008.9,99.5,,
883,2025-05-23 07:00,16.4,349.8,1,0,958.7,1008.6,99.5,,
883,2025-05-23 08:00,16.3,34.1,.7,0,958.9,1008.9,99.5,,
883,2025-05-23 09:00,16.8,0,.1,,959,1008.9,99.5,,
883,2025-05-23 10:00,19.1,31.5,.8,,958.9,1008.3,99.5,,
883,2025-05-23 11:00,18.1,263.7,.6,,958.9,1008.5,99.4,,
883,2025-05-23 12:00,18.7,193.2,1.1,,958.7,1008.2,99.4,,
883,2025-05-23 13:00,18.3,32.7,1.1,,958.2,1007.7,98.5,,
883,2025-05-23 14:00,18.2,208,1.2,,958,1007.5,98.5,,
883,2025-05-23 15:00,18.7,0,0,,957.7,1007.1,96.7,,
883,2025-05-23 16:00,18.5,144.9,.6,,957.4,1006.8,99.1,,
883,2025-05-23 17:00,18.8,29.6,2.4,,957.5,1006.9,96.9,,
883,2025-05-23 18:00,17.6,108.7,.5,,957.6,1007.2,98.2,,
883,2025-05-23 19:00,17,41.8,2,,957.7,1007.5,99.1,,
883,2025-05-23 20:00,17.3,0,.2,,957.7,1007.4,99.2,,
883,2025-05-23 21:00,17.9,0,0,,958,1007.6,98.8,,
883,2025-05-23 22:00,16.5,297.6,1.6,,957.9,1007.8,98.8,,
883,2025-05-23 23:00,16.2,35.1,4.2,,957.3,1007.2,98.4,,
883,2025-05-24 00:00,16.2,101.6,2.1,,956.6,1006.2,99.3,,
883,2025-05-24 01:00,16.5,0,0,0,956,1005.8,98.9,,
883,2025-05-24 02:00,16.4,108.2,1.9,0,955.4,1005.2,99,,
883,2025-05-24 03:00,16.6,0,.3,0,954.5,1004.2,98.4,,
883,2025-05-24 04:00,16.9,151.3,3.7,0,954,1003.6,96.1,,
883,2025-05-24 05:00,14.3,71.6,6.3,0,954.5,1004.6,94.4,,
883,2025-05-24 06:00,14.8,91.3,5.6,0,953.8,1003.8,91.8,,
883,2025-05-24 07:00,14.8,92.5,8.6,.5,954.5,1004.5,92.1,,
883,2025-05-24 08:00,16.4,81.9,6.2,0,954.4,1004.1,86.6,,
883,2025-05-24 09:00,15.4,41.3,5.4,0,955,1004.9,91.8,,
883,2025-05-24 10:00,16.8,27.4,4.8,0,955.2,1004.9,87.8,,
883,2025-05-24 11:00,17.4,54.1,4.5,0,955.4,1005,88.4,,
883,2025-05-24 12:00,16.2,30.5,6.8,0,955.9,1005.7,91.5,,
883,2025-05-24 13:00,13.3,28.5,6.9,0,956.1,1006.5,96.2,,
883,2025-05-24 14:00,14.4,37.1,5.3,0,956.5,1006.7,89.2,,
883,2025-05-24 15:00,17.4,28.7,5.4,0,956.5,1006.1,81,,
883,2025-05-24 16:00,16,28.6,7.1,0,956.7,1006.6,81.4,,
883,2025-05-24 17:00,14.9,28.7,6.3,0,956.8,1006.9,83.1,,
883,2025-05-24 18:00,13.8,22.5,6.2,0,957.3,1007.7,89.2,,
883,2025-05-24 19:00,12.8,24.2,5.1,0,957.6,1008.2,92.9,,
883,2025-05-24 20:00,12.2,33.8,4.2,0,958.6,1009.4,98.6,,
883,2025-05-24 21:00,11.9,20.8,4.6,0,959.3,1010.1,99,,
883,2025-05-24 22:00,11.6,34.1,4.3,0,960.3,1011.3,99,,
883,2025-05-24 23:00,11.7,12.9,3.4,0,960.3,1011.2,99.1,,
883,2025-05-25 00:00,11.9,6.9,3.2,0,960.6,1011.3,99.3,,
883,2025-05-25 01:00,11.4,22.8,3.8,0,960.7,1011.7,99.4,,
883,2025-05-25 02:00,11.3,23.4,5.6,0,960.3,1011.3,99.2,,
883,2025-05-25 03:00,11.2,30.3,5.4,0,960.4,1011.4,99.1,,
883,2025-05-25 04:00,10.9,54.6,3.8,0,960.7,1011.8,97.9,,
883,2025-05-25 05:00,10.6,34.9,4.5,0,961.1,1012.3,97.9,,
883,2025-05-25 06:00,11.5,29,6.9,0,961.5,1012.5,96.8,,
883,2025-05-25 07:00,12.1,29.7,6.5,0,962.4,1013.4,94.7,,
883,2025-05-25 08:00,12.5,28.2,6.7,0,963.2,1014.1,94.5,,
883,2025-05-25 09:00,15.2,28.2,6.9,0,963.7,1014.1,84.8,,
883,2025-05-25 10:00,16.3,37,7.4,0,964.2,1014.4,72.7,,
883,2025-05-25 11:00,18.5,31.3,6.5,0,964.4,1014.2,72.9,,
883,2025-05-25 12:00,19.1,28.8,2.9,0,964.5,1014.2,68.3,,
883,2025-05-25 13:00,20.1,15.9,4,0,964.7,1014.2,71,,
883,2025-05-25 14:00,19.7,18.1,4.3,0,964.7,1014.3,71.2,,
883,2025-05-25 15:00,20.2,28.3,3.9,0,964.7,1014.2,66.5,,
883,2025-05-25 16:00,18.8,27.9,3.7,0,964.8,1014.6,76.8,,
883,2025-05-25 17:00,16.9,13.6,4,0,965.1,1015.3,79.8,,
883,2025-05-25 18:00,15.8,29.1,4.2,0,965.1,1015.5,82,,
883,2025-05-25 19:00,13.8,20.7,3.5,0,965.7,1016.5,84,,
883,2025-05-25 20:00,13.1,61.8,3.7,0,966.1,1017.1,77.5,,
883,2025-05-25 21:00,12.3,89.5,3.7,0,966.4,1017.5,81.4,,
883,2025-05-25 22:00,13.5,89.6,4.2,0,966.7,1017.6,66.6,,
883,2025-05-25 23:00,13,81.9,3.4,0,966.9,1017.9,63.6,,
883,2025-05-26 00:00,13.2,99.2,4.5,0,966.7,1017.4,54,,
883,2025-05-26 01:00,13.3,101.4,4.5,0,966.6,1017.6,50.1,,
883,2025-05-26 02:00,13.6,98.3,3.7,0,966.5,1017.4,52.8,,
883,2025-05-26 03:00,12.3,74.5,2.5,0,966.6,1017.8,60,,
883,2025-05-26 04:00,13.9,83.4,2.4,0,966.8,1017.7,48.6,,
883,2025-05-26 05:00,13.6,101.3,4,0,966.9,1017.8,49.7,,
883,2025-05-26 06:00,12.9,97.3,3.4,0,967.3,1018.4,53.9,,
883,2025-05-26 07:00,14.8,90.9,3.1,0,967.5,1018.2,50.5,,
883,2025-05-26 08:00,17,44.5,1.9,0,967.7,1018,60.3,,
883,2025-05-26 09:00,20,38,2.6,0,967.8,1017.5,36.9,,
883,2025-05-26 10:00,21.7,26.9,2.7,0,967.8,1017.2,44.3,,
883,2025-05-26 11:00,22.3,19.4,3.8,0,967.9,1017.1,38.1,,
883,2025-05-26 12:00,23.2,30.8,3.8,0,967.8,1016.9,41.2,,
883,2025-05-26 13:00,22.2,308,3.5,0,967.7,1017,45,,
883,2025-05-26 14:00,21.4,11.6,3.5,0,967.9,1017.3,42.2,,
883,2025-05-26 15:00,21.5,31.2,3.9,0,967.7,1017.1,46.3,,
883,2025-05-26 16:00,20.6,28,3.9,0,967.6,1017.2,49.3,,
883,2025-05-26 17:00,20.5,20.6,4.6,0,967.5,1017.1,41.2,,
883,2025-05-26 18:00,19.2,26.9,3.3,0,967.5,1017.3,38.7,,
883,2025-05-26 19:00,16.1,33.9,2,0,967.5,1017.9,50.1,,
883,2025-05-26 20:00,15,96.1,3.2,0,967.6,1018.3,44.3,,
883,2025-05-26 21:00,14.8,102.3,3.8,0,968.1,1018.8,40.2,,
883,2025-05-26 22:00,14.1,100.3,3.5,0,968.3,1019.2,43.6,,
883,2025-05-26 23:00,14.6,106.5,4.5,0,968,1018.8,41.3,,
883,2025-05-27 00:00,14.8,110.3,3.9,0,968,1018.6,43.6,,
883,2025-05-27 01:00,14.6,106.8,3.9,0,967.8,1018.6,46.7,,
883,2025-05-27 02:00,14.7,106.3,3.8,0,967.6,1018.3,47.8,,
883,2025-05-27 03:00,14.6,103.8,4.6,0,967.8,1018.6,49.3,,
883,2025-05-27 04:00,14,68.2,2.7,0,968.1,1019,50.4,,
883,2025-05-27 05:00,14.6,79.1,1.8,0,968.1,1018.9,44.8,,
883,2025-05-27 06:00,12.5,84.5,2,0,968.4,1019.6,58.2,,
883,2025-05-27 07:00,15,128.9,1.5,0,968.9,1019.6,59,,
883,2025-05-27 08:00,19.5,21.1,1.1,0,969.4,1019.3,48.5,,
883,2025-05-27 09:00,21.1,13.6,2.5,0,969.5,1019.1,39.9,,
883,2025-05-27 10:00,22.3,23.1,3.2,0,969.4,1018.7,44.1,,
883,2025-05-27 11:00,22.3,329.2,2.7,0,969.2,1018.5,40.8,,
883,2025-05-27 12:00,21.8,329.7,2.8,0,969,1018.4,34.8,,
883,2025-05-27 13:00,22.1,322,3.5,0,968.8,1018.1,35.9,,
883,2025-05-27 14:00,23.3,30,4.1,0,968.3,1017.4,37.5,,
883,2025-05-27 15:00,23.1,35.3,3.7,0,967.9,1017,35.3,,
883,2025-05-27 16:00,22.3,16.7,3.8,0,968,1017.2,37.2,,
883,2025-05-27 17:00,20.9,342.9,3.4,0,967.6,1017.1,39.6,,
883,2025-05-27 18:00,20.2,22.5,3.9,0,967.5,1017.1,40.6,,
883,2025-05-27 19:00,16.9,38.5,2.4,0,967.8,1018.1,49.2,,
883,2025-05-27 20:00,15.6,58.3,1.9,0,968.6,1019.2,52.9,,
883,2025-05-27 21:00,15.8,101.2,3.3,0,968.7,1019.3,49.7,,
883,2025-05-27 22:00,14.4,43.3,1.5,0,969,1019.9,62.8,,
883,2025-05-27 23:00,14.2,73.9,2.7,0,968.8,1019.7,59.7,,
883,2025-05-28 00:00,15.9,102.5,4.2,0,968.5,1018.8,46.5,,
883,2025-05-28 01:00,17.1,101.6,4.3,0,968.1,1018.4,44.4,,
883,2025-05-28 02:00,16.2,85,5.2,0,967.7,1018.1,48.1,,
883,2025-05-28 03:00,15.9,86.7,4.5,0,967.6,1018.1,50.6,,
883,2025-05-28 04:00,16.8,74.6,3.6,0,967.4,1017.7,46.1,,
883,2025-05-28 05:00,15.8,108.5,2.9,0,967,1017.5,48.8,,
883,2025-05-28 06:00,17.4,101.1,5,0,967.1,1017.3,49.3,,
883,2025-05-28 07:00,16.7,265.8,1.1,0,967.4,1017.7,54.8,,
883,2025-05-28 08:00,20,85,4.9,0,967.5,1017.2,40.1,,
883,2025-05-28 09:00,21.2,217.7,1,0,967.9,1017.4,56.5,,
883,2025-05-28 10:00,22.2,244.2,1.5,0,968.2,1017.5,48.8,,
883,2025-05-28 11:00,23.9,22.5,3.8,0,967.8,1016.7,49.8,,
883,2025-05-28 12:00,23.1,330.3,2.5,0,967.7,1016.8,49.2,,
883,2025-05-28 13:00,23.6,6.6,2.9,0,967.3,1016.3,43.2,,
883,2025-05-28 14:00,23.3,284.8,1.9,0,967,1016,50,,
883,2025-05-28 15:00,22.6,321.4,2.2,0,966.7,1015.8,49.3,,
883,2025-05-28 16:00,22.3,334.6,3,0,966.3,1015.5,57,,
883,2025-05-28 17:00,21,302.4,1.1,0,966.4,1015.8,60.7,,
883,2025-05-28 18:00,19.7,216.4,1.6,0,966.3,1016,61.2,,
883,2025-05-28 19:00,17.6,212.6,1,0,966.2,1016.3,72.3,,
883,2025-05-28 20:00,17.1,81.9,1,0,966.4,1016.6,77.7,,
883,2025-05-28 21:00,16.1,68.1,1.7,0,966.6,1017,77.5,,
883,2025-05-28 22:00,17.4,66.8,3.1,0,966.7,1016.8,68.5,,
883,2025-05-28 23:00,17.9,101.4,4.5,0,966.6,1016.6,52.1,,
883,2025-05-29 00:00,16.9,118.6,.9,0,966.6,1016.5,59,,
883,2025-05-29 01:00,15.6,77.4,3,0,966,1016.5,66.5,,
883,2025-05-29 02:00,15.2,112.7,1.4,0,965.4,1015.9,72.1,,
883,2025-05-29 03:00,14.1,114.2,2,0,965,1015.7,73.5,,
883,2025-05-29 04:00,14.5,128.2,2.7,0,964.7,1015.3,67.6,,
883,2025-05-29 05:00,13.9,130.7,1.9,0,964.7,1015.4,68.5,,
883,2025-05-29 06:00,14,118.6,2.2,0,964.8,1015.5,68.8,,
883,2025-05-29 07:00,17.5,140,1.3,0,964.9,1014.9,63.3,,
883,2025-05-29 08:00,19.3,0,.1,0,965.2,1014.9,53.3,,
883,2025-05-29 09:00,20,314.9,2,0,965.3,1014.9,55.1,,
883,2025-05-29 10:00,21.4,322.3,2.3,0,965.2,1014.5,61.4,,
883,2025-05-29 11:00,22.9,347.8,2.7,0,964.9,1013.9,57.5,,
883,2025-05-29 12:00,24.6,31.3,3.6,0,964.4,1013,60.3,,
883,2025-05-29 13:00,24.8,80.3,3.2,0,963.9,1012.5,35.5,,
883,2025-05-29 14:00,23.9,178.3,2.2,0,963.7,1012.4,47.1,,
883,2025-05-29 15:00,24.1,43.9,4.2,0,963.3,1012,46.6,,
883,2025-05-29 16:00,23.3,38.7,4.8,0,963.3,1012.1,49.4,,
883,2025-05-29 17:00,22.5,29.9,5,0,963,1012,49.8,,
883,2025-05-29 18:00,21,27.5,4.8,0,962.9,1012.1,51.7,,
883,2025-05-29 19:00,17.9,60.8,3.5,0,963,1012.8,54.6,,
883,2025-05-29 20:00,17.1,85.9,2.9,0,963.2,1013.2,63.7,,
883,2025-05-29 21:00,16.4,92.6,4.4,0,963.2,1013.4,72.9,,
883,2025-05-29 22:00,16.8,97.9,3.4,0,963.2,1013.3,71.2,,
883,2025-05-29 23:00,14.9,131.9,1.1,0,963.1,1013.6,76.1,,
883,2025-05-30 00:00,14.3,100.9,1.1,0,962.9,1013.4,80.4,,
883,2025-05-30 01:00,13.1,106.2,2.6,0,962.5,1013.3,84.4,,
883,2025-05-30 02:00,13.6,78.4,2.6,0,962.3,1013,72.4,,
883,2025-05-30 03:00,14.6,99.1,3.9,0,961.8,1012.2,66.6,,
883,2025-05-30 04:00,15.2,57.4,2.7,0,961.9,1012.2,66.9,,
883,2025-05-30 05:00,15.3,77.7,3.5,0,962.1,1012.4,67.4,,
883,2025-05-30 06:00,16.1,69.6,3.4,0,962.4,1012.6,64.1,,
883,2025-05-30 07:00,17.1,47.9,3.3,0,962.9,1012.9,68.6,,
883,2025-05-30 08:00,18.8,55.2,4.5,0,963.1,1012.8,63.3,,
883,2025-05-30 09:00,21,29.2,5.9,0,963.4,1012.7,52.7,,
883,2025-05-30 10:00,21.4,31.9,6.3,0,963.3,1012.5,44.6,,
883,2025-05-30 11:00,22.7,31.6,5.5,0,963.2,1012.1,50.6,,
883,2025-05-30 12:00,22.7,32.5,5.9,0,962.9,1011.8,49.6,,
883,2025-05-30 13:00,22.6,36.3,6,0,962.9,1011.8,51.9,,
883,2025-05-30 14:00,23,25.1,4.6,0,962.7,1011.5,57.1,,
883,2025-05-30 15:00,22.2,29.8,4,0,962.2,1011.2,56.1,,
883,2025-05-30 16:00,22.7,29.1,4.1,0,961.9,1010.8,54.8,,
883,2025-05-30 17:00,19.7,285.6,4.1,0,961.9,1011.3,58.5,,
883,2025-05-30 18:00,19.2,24.5,2.7,0,961.4,1010.9,58.1,,
883,2025-05-30 19:00,16.8,33.5,2.8,0,961.4,1011.4,63.5,,
883,2025-05-30 20:00,14.3,38.1,2.1,0,961.5,1012,76,,
883,2025-05-30 21:00,13.9,78.1,1.7,0,961.6,1012.2,65.4,,
883,2025-05-30 22:00,14.5,72.7,2.7,0,962.2,1012.7,69.7,,
883,2025-05-30 23:00,14.5,105.8,3.3,0,962.4,1012.9,71.4,,
883,2025-05-31 00:00,14.2,111.9,1.5,0,962.2,1012.7,78.7,-9.97,17.9
883,2025-05-31 01:00,12.9,216.6,1.1,0,962.2,1013,82,,
883,2025-05-31 02:00,12.6,122.9,1.2,0,961.7,1012.5,85.5,,
883,2025-05-31 03:00,12.9,63.4,1.9,0,961.9,1012.7,83.8,,
883,2025-05-31 04:00,12.2,102.9,3.1,0,961.7,1012.6,86.2,,
883,2025-05-31 05:00,12.2,120.8,.7,0,962,1012.9,87.7,,
883,2025-05-31 06:00,12.8,121,2.1,0,962,1012.8,85.8,,
883,2025-05-31 07:00,15.5,0,0,0,962.6,1012.9,81.3,,
883,2025-05-31 08:00,17.8,0,0,0,962.7,1012.6,76.5,,
883,2025-05-31 09:00,19,323.5,1,0,963,1012.6,74.5,,
883,2025-05-31 10:00,19.1,319.6,2.4,0,962.4,1012,76.4,,
883,2025-05-31 11:00,19.3,327.2,2,0,962.1,1011.6,75.9,,
883,2025-05-31 12:00,21.2,327.5,2.8,0,961.8,1010.9,73.2,,
883,2025-05-31 13:00,18.5,314.1,2.7,0,961.7,1011.4,79.1,,
883,2025-05-31 14:00,20.6,42.1,1.9,0,961.1,1010.3,70.8,,
883,2025-05-31 15:00,19.1,201.1,1.3,0,960.5,1010,77.4,,
883,2025-05-31 16:00,19.1,297.3,2.3,0,960.5,1010,76.7,,
883,2025-05-31 17:00,19.3,9.6,2.5,0,960.4,1009.8,74.9,,
883,2025-05-31 18:00,16.8,269.9,2.1,0,960.2,1010.1,87.1,,
883,2025-05-31 19:00,16,0,.4,0,960.2,1010.3,88.2,,
883,2025-05-31 20:00,16.7,110.9,2.3,0,959.7,1009.6,78.3,,
883,2025-05-31 21:00,15.6,183.9,2.1,0,960.6,1010.8,85.4,,
883,2025-05-31 22:00,14.5,192,1.1,0,961.3,1011.7,90.3,,
883,2025-05-31 23:00,14.3,103.3,1.6,0,961.1,1011.6,88.5,,
883,2025-06-01 00:00,13.8,103.6,1.6,0,960.7,1011,77.7,,
883,2025-06-01 01:00,13.4,105.8,2,0,960.5,1011.1,71.7,,
883,2025-06-01 02:00,13.5,91.7,1.3,0,960.6,1011.2,75.3,,
883,2025-06-01 03:00,12.6,163,2.2,0,960.6,1011.4,82.5,,
883,2025-06-01 04:00,14.3,180.1,2.8,0,960.7,1011.2,69.9,,
883,2025-06-01 05:00,13.7,143.7,2.9,0,960.7,1011.3,63.5,,
883,2025-06-01 06:00,13.9,129,2.4,0,960.7,1011.2,68.7,,
883,2025-06-01 07:00,16.3,118.4,2.5,0,961.1,1011.2,67.3,,
883,2025-06-01 08:00,19.3,175.6,1.4,0,961.6,1011.1,61.2,,
883,2025-06-01 09:00,20.9,336.7,1.3,0,961.1,1010.3,53.4,,
883,2025-06-01 10:00,21.6,206.2,2,0,960.9,1009.9,49,,
883,2025-06-01 11:00,22.1,215.8,2.5,0,960.9,1009.8,45.4,,
883,2025-06-01 12:00,23,225.9,2.7,0,960.8,1009.5,45.1,,
883,2025-06-01 13:00,22.9,224.8,2.4,0,960.2,1008.9,48.6,,
883,2025-06-01 14:00,24.3,216.6,2.5,0,959.7,1008.2,46.9,,
883,2025-06-01 15:00,22.8,212,2.4,0,959.5,1008.2,47.9,,
883,2025-06-01 16:00,23.3,163.1,3.3,0,958.5,1007.1,40.1,,
883,2025-06-01 17:00,21.2,224.8,1.4,0,958.4,1007.4,61.5,,
883,2025-06-01 18:00,20,343.4,3,0,958.3,1007.5,57.6,,
883,2025-06-01 19:00,18.4,335.2,2.8,0,958.6,1008.1,64,,
883,2025-06-01 20:00,16.7,31.1,.6,0,958.5,1008.4,73.2,,
883,2025-06-01 21:00,15.7,116.9,1.7,0,958.6,1008.7,77.8,,
883,2025-06-01 22:00,18.4,136.7,6.1,0,958.6,1008.1,41.5,,
883,2025-06-01 23:00,19,143.9,4,0,958.2,1007.6,38.3,,
883,2025-06-02 00:00,19.2,129.3,3.5,0,957.7,1007,37.2,,
883,2025-06-02 01:00,17.8,0,.4,0,957.2,1006.8,45.7,,
883,2025-06-02 02:00,17.9,147.1,2.5,0,956.4,1005.9,44.5,,
883,2025-06-02 03:00,18,147.5,3.8,0,955.6,1005,41.9,,
883,2025-06-02 04:00,15.5,150.4,2.4,0,955.7,1005.6,65.4,,
883,2025-06-02 05:00,14.3,132.5,7.3,.5,954.9,1005,78.3,,
883,2025-06-02 06:00,14.1,117.2,2.1,.5,954.7,1004.9,84.9,,
883,2025-06-02 07:00,14.6,51.6,3.6,0,954,1004,86.5,,
883,2025-06-02 08:00,15.2,41.5,1.7,0,954.3,1004.2,93.9,,
883,2025-06-02 09:00,15.2,327.3,2.6,.5,954.1,1004,93.9,,
883,2025-06-02 10:00,15.9,26.2,2.6,0,953.6,1003.4,92,,
883,2025-06-02 11:00,16.5,22.7,2.6,0,953,1002.6,93.5,,
883,2025-06-02 12:00,16.9,358.8,2.4,0,952.2,1001.7,92.6,,
883,2025-06-02 13:00,20.1,120.2,3.2,0,950.7,999.5,82.2,,
883,2025-06-02 14:00,18.6,99.7,2.6,0,949.9,998.9,88.6,,
883,2025-06-02 15:00,20.1,114.3,5.7,0,949.1,997.8,80.7,,
883,2025-06-02 16:00,17.7,122.5,3.1,1.5,948.5,997.6,89.4,,
883,2025-06-02 17:00,16.8,42.1,3.5,2.5,947.8,997.1,96.2,,
883,2025-06-02 18:00,16.8,34.1,3.3,2,947.8,997.1,96.9,,
883,2025-06-02 19:00,17,41.9,1.2,1,947.7,996.9,96.9,,
883,2025-06-02 20:00,16.9,0,0,1.5,948.1,997.4,97.3,,
883,2025-06-02 21:00,17.4,0,.4,2.5,947.5,996.6,96.6,,
883,2025-06-02 22:00,17.1,117.6,1.8,.5,948.2,997.4,97.6,,
883,2025-06-02 23:00,17,30.9,1.9,0,948,997.2,97.3,,
883,2025-06-03 00:00,16.9,119.5,2.2,.5,948.1,997.1,93.7,,
883,2025-06-03 01:00,15.4,66.5,4.5,0,948,997.6,94.4,,
883,2025-06-03 02:00,14.8,48.4,5.3,0,948,997.7,95,,
883,2025-06-03 03:00,14.2,37.9,8.5,0,948,997.8,97.5,,
883,2025-06-03 04:00,14.2,30.4,8.7,0,949.1,999,98,,
883,2025-06-03 05:00,14.3,26.4,8.2,1,949.5,999.4,98.2,,
883,2025-06-03 06:00,14.2,32.9,7.3,0,949.9,999.8,98.2,,
883,2025-06-03 07:00,14.1,26.7,10,0,951.1,1001.1,98.2,,
883,2025-06-03 08:00,15.3,35.9,7.7,0,951.8,1001.6,91.4,,
883,2025-06-03 09:00,16.8,25.8,9.2,0,952,1001.5,86.2,,
883,2025-06-03 10:00,17.7,28,10.5,0,952.2,1001.5,80.3,,
883,2025-06-03 11:00,17.8,26.7,10.9,0,952.5,1001.8,82.7,,
883,2025-06-03 12:00,19.1,29.6,8.8,0,953.3,1002.4,79.8,,
883,2025-06-03 13:00,18.7,25.9,8.9,0,953.3,1002.5,81.4,,
883,2025-06-03 14:00,19.4,27.5,8,0,953.2,1002.3,82,,
883,2025-06-03 15:00,18.8,25.6,6.7,0,953.3,1002.5,79.7,,
883,2025-06-03 16:00,19.2,33.3,6.1,0,953.1,1002.2,79.7,,
883,2025-06-03 17:00,16.5,26.5,6.4,0,953.3,1002.9,89,,
883,2025-06-03 18:00,15.5,25.1,5.9,0,953.4,1003.2,93.5,,
883,2025-06-03 19:00,15,33.8,5.7,0,954.2,1004.2,94.4,,
883,2025-06-03 20:00,14.6,25.7,4.9,0,954.9,1005,94.8,,
883,2025-06-03 21:00,14.1,38.4,3,0,955.1,1005.3,78.9,,
883,2025-06-03 22:00,13.4,46.9,2,0,956,1006.4,84.7,,
883,2025-06-03 23:00,13.9,47.9,2.1,0,956.4,1006.7,93.7,,
883,2025-06-04 00:00,15.9,85.9,3,0,955.8,1005.5,35.3,,
883,2025-06-04 01:00,15.3,73.5,2.1,0,955.8,1005.8,33.8,,
883,2025-06-04 02:00,13.5,34.5,1.5,0,956.2,1006.6,41.4,,
883,2025-06-04 03:00,11.7,103.9,2.8,0,956.9,1007.7,67.9,,
883,2025-06-04 04:00,12.9,97.3,2.3,0,957,1007.5,52.7,,
883,2025-06-04 05:00,11.5,115.1,2.5,0,957.1,1007.9,55,,
883,2025-06-04 06:00,12.3,136.3,1.8,0,957.9,1008.6,57.3,,
883,2025-06-04 07:00,16.6,169,2.1,0,958,1007.8,47.6,,
883,2025-06-04 08:00,19.6,194.1,1.9,0,958.7,1008,37.5,,
883,2025-06-04 09:00,21.3,195.9,2.2,0,958.7,1007.7,40.8,,
883,2025-06-04 10:00,19.5,210,2.3,0,959,1008.3,50.8,,
883,2025-06-04 11:00,20.3,221.2,3,0,958.9,1008.1,50.5,,
883,2025-06-04 12:00,21.4,238,3.5,0,958.5,1007.4,70.5,,
883,2025-06-04 13:00,18.9,272.6,3.6,0,958.5,1007.9,87.9,,
883,2025-06-04 14:00,19.2,310.5,3.7,0,958.4,1007.8,89.4,,
883,2025-06-04 15:00,19,316.8,3.9,0,958.3,1007.7,89.3,,
883,2025-06-04 16:00,21.9,28,4.8,0,958.1,1006.9,72.1,,
883,2025-06-04 17:00,21.9,27.5,5.6,0,958.1,1006.9,57.5,,
883,2025-06-04 18:00,20.5,35.8,5,0,958.6,1007.7,56.9,,
883,2025-06-04 19:00,18.3,31.2,3.3,0,959.2,1008.8,54.3,,
883,2025-06-04 20:00,17.5,50.5,2.1,0,959.9,1009.7,39.9,,
883,2025-06-04 21:00,17.4,43.2,1.8,0,960.4,1010.2,36.2,,
883,2025-06-04 22:00,16.6,43.6,2.4,0,961,1011,38.4,,
883,2025-06-04 23:00,16.6,54.4,2.7,0,961.3,1011.3,37.1,,
883,2025-06-05 00:00,16.7,62,3.1,0,961,1010.7,37,,
883,2025-06-05 01:00,16.2,57.8,2.8,0,961.3,1011.4,36.3,,
883,2025-06-05 02:00,16.6,65.4,3.7,0,961.4,1011.4,34.7,,
883,2025-06-05 03:00,16.7,74.6,4.2,0,961.3,1011.3,32.3,,
883,2025-06-05 04:00,15.6,87.3,3.9,0,961.8,1012,37.4,,
883,2025-06-05 05:00,15.6,84.1,3,0,961.9,1012.2,39.9,,
883,2025-06-05 06:00,15.5,98.9,3.9,0,962.6,1012.9,42.5,,
883,2025-06-05 07:00,18.8,101.8,2.9,0,963.1,1012.8,40.3,,
883,2025-06-05 08:00,22.1,60.5,1.7,0,963.3,1012.3,31.9,,
883,2025-06-05 09:00,23.6,28.6,2.3,0,963.4,1012.2,35.3,,
883,2025-06-05 10:00,23.9,18.4,2.3,0,963.3,1012,35.9,,
883,2025-06-05 11:00,24,310.8,2.3,0,963.1,1011.8,29.6,,
883,2025-06-05 12:00,25.1,277.4,1.8,0,963.2,1011.7,28.8,,
883,2025-06-05 13:00,25.7,321.9,2.6,0,962.7,1011.1,30.5,,
883,2025-06-05 14:00,24.7,301,3.1,0,962.6,1011.1,29.5,,
883,2025-06-05 15:00,25.1,318.9,3.1,0,962.3,1010.7,42.2,,
883,2025-06-05 16:00,25.5,250.9,2,0,961.9,1010.2,35.2,,
883,2025-06-05 17:00,22.9,216.8,2,0,961.6,1010.4,36.6,,
883,2025-06-05 18:00,20.8,187.7,2.2,0,961.4,1010.6,40.9,,
883,2025-06-05 19:00,21.1,166.4,2.9,0,961.6,1010.8,31.1,,
883,2025-06-05 20:00,20.2,178.2,3.2,0,962.3,1011.7,27.7,,
883,2025-06-05 21:00,19.2,166.3,5.2,0,962.5,1012.1,24.5,,
883,2025-06-05 22:00,19.1,168.8,4,0,962.6,1012.2,25.9,,
883,2025-06-05 23:00,18.6,165.5,4.2,0,962.5,1012.2,29.5,,
883,2025-06-06 00:00,19,173.2,4.6,0,962.2,1011.8,24.9,,
883,2025-06-06 01:00,18.5,171.6,4.3,0,961.7,1011.4,26.2,,
883,2025-06-06 02:00,18.5,167.6,4.6,0,961.3,1010.9,29.9,,
883,2025-06-06 03:00,18.3,166,4,0,961.1,1010.8,31.1,,
883,2025-06-06 04:00,18.4,163.1,3.9,0,961.1,1010.8,32.1,,
883,2025-06-06 05:00,18.1,163.8,3.6,0,961.1,1010.8,33.6,,
883,2025-06-06 06:00,18.1,166.5,3.4,0,961.4,1011.1,34.7,,
883,2025-06-06 07:00,18.9,166.2,3.8,0,961.5,1011.1,36.1,,
883,2025-06-06 08:00,20.3,162.4,4.1,0,961.4,1010.7,39.4,,
883,2025-06-06 09:00,22.6,180.4,3,0,961.9,1010.8,37.3,,
883,2025-06-06 10:00,23.6,179,3.6,0,961.6,1010.3,39.5,,
883,2025-06-06 11:00,22.8,190.4,3.1,0,961.6,1010.4,45,,
883,2025-06-06 12:00,24.1,172.7,4.4,0,961.5,1010.1,43,,
883,2025-06-06 13:00,24.6,183.8,4.1,0,961,1009.5,42.4,,
883,2025-06-06 14:00,22.6,185.7,3.7,0,960.7,1009.5,38,,
883,2025-06-06 15:00,23.3,196.5,3.3,0,960.5,1009.2,37.6,,
883,2025-06-06 16:00,22.8,179.3,3.3,0,960.3,1009.1,40.9,,
883,2025-06-06 17:00,22.1,184.2,2.8,0,960,1008.9,50.9,,
883,2025-06-06 18:00,21.3,192,2.8,0,959.7,1008.7,57.3,,
883,2025-06-06 19:00,20.2,173.8,4.4,0,959.8,1009,67.7,,
883,2025-06-06 20:00,19.5,160.5,5.8,0,959.5,1008.9,67.7,,
883,2025-06-06 21:00,19.8,156,4.5,0,960.3,1009.6,28.7,,
883,2025-06-06 22:00,19.1,158.2,3.9,0,960.9,1010.4,48.8,,
883,2025-06-06 23:00,18.5,159.6,5.1,0,960.1,1009.7,71.6,,
883,2025-06-07 00:00,18.9,174.7,4.2,0,960.5,1009.5,68.5,,
883,2025-06-07 01:00,18.7,167.3,5.1,0,960,1009.5,67.5,,
883,2025-06-07 02:00,18.7,155.7,4,0,959.7,1009.2,65.7,,
883,2025-06-07 03:00,18.8,147.1,4.6,0,959.9,1009.4,65.4,,
883,2025-06-07 04:00,18.9,157.6,4.7,0,959.4,1008.9,67.8,,
883,2025-06-07 05:00,19.1,156.1,4.3,0,959.6,1009,73.2,,
883,2025-06-07 06:00,19.1,153.5,4.5,0,959.4,1008.8,77.2,,
883,2025-06-07 07:00,19.9,155.5,4.7,0,959,1008.3,79,,
883,2025-06-07 08:00,21.6,164.5,5.4,0,959.2,1008.1,78.4,,
883,2025-06-07 09:00,22,168,4.8,0,959.7,1008.6,79.1,,
883,2025-06-07 10:00,21.5,171.5,4.2,0,960.4,1009.4,82,,
883,2025-06-07 11:00,23.1,188,4.1,0,959.9,1008.6,75.6,,
883,2025-06-07 12:00,23,187.1,3.6,0,959.8,1008.5,75.3,,
883,2025-06-07 13:00,21.6,181.3,4.9,0,959.5,1008.4,84.7,,
883,2025-06-07 14:00,21.3,170.2,6.5,0,959.1,1008.1,82.9,,
883,2025-06-07 15:00,20.1,175.6,4.7,0,958.8,1008,85.6,,
883,2025-06-07 16:00,20.8,165.6,4,0,958.7,1007.8,80.9,,
883,2025-06-07 17:00,20.7,170.5,3.7,0,958.6,1007.7,81.4,,
883,2025-06-07 18:00,20.7,155.7,4.4,0,958.8,1007.9,73.5,,
883,2025-06-07 19:00,19.6,166.3,4.4,0,959.2,1008.5,85.8,,
883,2025-06-07 20:00,19.7,157.3,5.2,.5,959.2,1008.5,87.4,,
883,2025-06-07 21:00,20.4,149.5,6.2,0,959.6,1008.8,77.6,,
883,2025-06-07 22:00,20.7,150.8,6,0,959.9,1009,70.6,,
883,2025-06-07 23:00,20.3,154.4,4,0,960,1009.2,75.5,,
883,2025-06-08 00:00,20.7,150.3,4.6,0,959.9,1008.9,76.3,,
883,2025-06-08 01:00,20.6,147.7,5.5,0,959.1,1008.2,79.9,,
883,2025-06-08 02:00,20.7,110.5,3.9,0,958.4,1007.5,73.9,,
883,2025-06-08 03:00,21,149.1,5.9,0,957.6,1006.6,68.9,,
883,2025-06-08 04:00,21.1,112.4,3.1,0,958,1007,71,,
883,2025-06-08 05:00,20.4,79.1,2.8,0,958,1007.1,74.1,,
883,2025-06-08 06:00,19.1,58.1,1.4,0,958.4,1007.8,83.4,,
883,2025-06-08 07:00,19.7,25.5,3.4,0,958.5,1007.8,84.3,,
883,2025-06-08 08:00,21,89.3,4.9,0,958.8,1007.8,72.8,,
883,2025-06-08 09:00,21.1,62.7,2.6,0,959,1008,85.2,,
883,2025-06-08 10:00,21,149.1,3.4,0,958.7,1007.7,82.7,,
883,2025-06-08 11:00,20.1,55.3,1.7,0,959.1,1008.3,87.4,,
883,2025-06-08 12:00,20.7,33,4.7,.5,958,1007,80.3,,
883,2025-06-08 13:00,21.3,154.1,1.8,0,959,1008,81.4,,
883,2025-06-08 14:00,20.9,173.5,4.2,0,958.4,1007.4,86.9,,
883,2025-06-08 15:00,22.1,182.2,2.5,0,957.7,1006.5,85.3,,
883,2025-06-08 16:00,22,30.1,1.6,0,958,1006.8,85.4,,
883,2025-06-08 17:00,20.9,174.5,2.8,0,958.3,1007.3,86.8,,
883,2025-06-08 18:00,21.5,128.3,4.6,0,958.2,1007.1,80.3,,
883,2025-06-08 19:00,20.5,29.2,1.6,0,957.9,1007,88.3,,
883,2025-06-08 20:00,19.8,0,.2,0,957.7,1006.9,88.4,,
883,2025-06-08 21:00,18.8,226.7,1,0,958.7,1008.2,94.2,,
883,2025-06-08 22:00,18.4,232.3,1,0,959.8,1009.4,96.2,,
883,2025-06-08 23:00,18,76.7,2.7,0,959.6,1009.3,94.1,,
883,2025-06-09 00:00,17.7,57.3,2.4,0,959.2,1008.5,90.6,,
883,2025-06-09 01:00,18,75.8,2.3,0,958.8,1008.4,87.9,,
883,2025-06-09 02:00,18.2,51.4,2.2,0,958.2,1007.7,91.4,,
883,2025-06-09 03:00,17.7,39,1.3,0,958.1,1007.7,93.4,,
883,2025-06-09 04:00,17.7,0,.3,0,957.7,1007.3,94.9,,
883,2025-06-09 05:00,17.8,0,.3,0,957,1006.6,88.5,,
883,2025-06-09 06:00,18,63.3,1.8,0,957,1006.5,86.8,,
883,2025-06-09 07:00,18.8,159.8,2.2,0,957.2,1006.6,90.6,,
883,2025-06-09 08:00,20,210.8,1.2,0,957.5,1006.7,88.4,,
883,2025-06-09 09:00,21.2,333.4,2.4,0,957.9,1006.8,84.3,,
883,2025-06-09 10:00,20.7,318.9,1.7,0,957.8,1006.8,86.3,,
883,2025-06-09 11:00,21.5,270.9,1.2,0,957.9,1006.8,86.8,,
883,2025-06-09 12:00,21.5,283.2,1.7,0,958,1006.9,87,,
883,2025-06-09 13:00,21.1,335.6,2.8,0,957.9,1006.9,86.9,,
883,2025-06-09 14:00,21.8,298.9,.9,0,957.4,1006.2,85.6,,
883,2025-06-09 15:00,22.5,323.6,2.4,0,956.7,1005.3,83.6,,
883,2025-06-09 16:00,24,258.1,.7,0,956.4,1004.7,77,,
883,2025-06-09 17:00,23.9,4.7,1.8,0,956.5,1004.9,76.6,,
883,2025-06-09 18:00,22.8,287.7,1.6,0,956.5,1005.1,81,,
883,2025-06-09 19:00,21.6,327.7,2.2,0,956.4,1005.2,82.9,,
883,2025-06-09 20:00,19.1,35.6,.5,0,956.6,1005.9,91.1,,
883,2025-06-09 21:00,18.2,154.8,.7,0,956.7,1006.2,93.3,,
883,2025-06-09 22:00,17.9,93.1,2.3,0,956.9,1006.4,93.2,,
883,2025-06-09 23:00,17.9,106.3,1.6,0,956.6,1006.1,93.5,,
883,2025-06-10 00:00,18.4,36.5,2.3,0,956.8,1005.8,90.9,,
883,2025-06-10 01:00,18,40.7,3,0,957,1006.5,90,,
883,2025-06-10 02:00,18.7,64.1,3.2,0,957.1,1006.5,87.6,,
883,2025-06-10 03:00,18.4,43.8,2.7,0,956.6,1006,88.1,,
883,2025-06-10 04:00,18.6,55.4,1.9,0,956,1005.4,84,,
883,2025-06-10 05:00,20,97,2.3,0,956.2,1005.3,79.7,,
883,2025-06-10 06:00,19.5,36.4,.6,0,956.6,1005.8,84.7,,
883,2025-06-10 07:00,19,91.6,4.2,0,956.7,1006,87.3,,
883,2025-06-10 08:00,21.6,261.9,1.7,0,957,1005.8,84.3,,
883,2025-06-10 09:00,21.9,15.2,3.9,0,957.7,1006.5,82.3,,
883,2025-06-10 10:00,21.7,238.4,2.3,0,957.9,1006.7,85.1,,
883,2025-06-10 11:00,22.9,213.4,1.4,0,957.7,1006.3,83.8,,
883,2025-06-10 12:00,21.4,265,1.8,0,959,1008,89.2,,
883,2025-06-10 13:00,20.3,300.9,.5,0,958.6,1007.8,93.6,,
883,2025-06-10 14:00,21.8,144.9,.7,0,957.6,1006.4,90.7,,
883,2025-06-10 15:00,21.6,18,2.1,0,958.2,1007.1,90.5,,
883,2025-06-10 16:00,19.7,330.9,2.1,0,958.9,1008.2,95.7,,
883,2025-06-10 17:00,18.7,137,.7,0,958.6,1008.1,97.4,,
883,2025-06-10 18:00,18.3,306.9,1.8,0,959.1,1008.7,97.6,,
883,2025-06-10 19:00,18.2,0,.2,0,959.3,1008.9,97.7,,
883,2025-06-10 20:00,18.2,4.1,2.8,0,959.3,1008.9,97.8,,
883,2025-06-10 21:00,16.8,40,3.2,0,959.8,1009.7,97.8,,
883,2025-06-10 22:00,16.8,36.7,3.1,0,960.1,1010,97,,
883,2025-06-10 23:00,16.8,32.4,4.1,0,960.8,1010.8,97.1,,
883,2025-06-11 00:00,17.2,47.6,3.1,0,960.6,1010.1,94,,
883,2025-06-11 01:00,18.2,78.3,4.4,0,960.4,1010.1,87.4,,
883,2025-06-11 02:00,17.2,26.7,4.8,0,959.8,1009.6,93.5,,
883,2025-06-11 03:00,17.3,43.6,3.5,0,959.7,1009.5,93.1,,
883,2025-06-11 04:00,18.5,71.5,4.7,0,959.7,1009.3,84,,
883,2025-06-11 05:00,18.5,63.7,4.2,0,959.8,1009.4,81.5,,
883,2025-06-11 06:00,19.3,87.4,3.1,0,960.3,1009.7,46.9,,
883,2025-06-11 07:00,17.6,45.8,2.3,0,961.5,1011.3,75.2,,
883,2025-06-11 08:00,18.8,52.7,3.3,0,962.2,1011.8,59.6,,
883,2025-06-11 09:00,21.5,20.4,4.2,0,962.5,1011.6,65.7,,
883,2025-06-11 10:00,22,33.6,4,0,962.4,1011.4,62.9,,
883,2025-06-11 11:00,21.4,16.3,3.8,0,962.8,1012,66.7,,
883,2025-06-11 12:00,23,26.3,4.9,0,962.6,1011.4,65,,
883,2025-06-11 13:00,24.4,33.6,4,0,962.3,1010.9,59.9,,
883,2025-06-11 14:00,24.4,11.8,4.1,0,962,1010.5,59.3,,
883,2025-06-11 15:00,24.7,25,4,0,962,1010.5,65.6,,
883,2025-06-11 16:00,25.5,25.7,3,0,962,1010.4,61.5,,
883,2025-06-11 17:00,23.9,263.4,1.1,0,962.1,1010.7,68.8,,
883,2025-06-11 18:00,20.2,55.2,.8,0,962.4,1011.8,78.2,,
883,2025-06-11 19:00,19.3,189.2,1.3,0,962.9,1012.5,81.1,,
883,2025-06-11 20:00,19.2,123,1.4,0,962.9,1012.5,78.4,,
883,2025-06-11 21:00,19.3,161.7,3.1,0,963.3,1012.9,68.8,,
883,2025-06-11 22:00,19.4,109.9,1.2,0,964,1013.6,68.9,,
883,2025-06-11 23:00,17.7,275.7,1.2,0,964.1,1014,78.5,,
883,2025-06-12 00:00,17.7,87.6,1.4,0,963.9,1013.5,78.6,,
883,2025-06-12 01:00,17.5,102.5,2.8,0,963.9,1013.9,74.7,,
883,2025-06-12 02:00,17.4,88.8,1.7,0,963.4,1013.4,65.2,,
883,2025-06-12 03:00,17.6,208.6,1.9,0,963.4,1013.3,69.9,,
883,2025-06-12 04:00,17.2,42.9,1.3,0,964.2,1014.3,66.2,,
883,2025-06-12 05:00,18.2,132.6,2.6,0,964.2,1014.1,64.7,,
883,2025-06-12 06:00,18,176,2.2,0,964,1013.9,71.9,,
883,2025-06-12 07:00,18.5,135.7,1.5,0,964.1,1013.9,67.2,,
883,2025-06-12 08:00,19.6,153.3,4,0,964.1,1013.7,61.3,,
883,2025-06-12 09:00,20.2,356.9,2.1,0,964.7,1014.2,67.8,,
883,2025-06-12 10:00,19.8,28.1,1.2,0,964.5,1014.1,81.6,,
883,2025-06-12 11:00,19.8,32.2,2.2,0,965,1014.6,83.8,,
883,2025-06-12 12:00,20.1,2.1,2.4,0,964.9,1014.4,83.1,,
883,2025-06-12 13:00,19,303.6,2.2,.5,965.6,1015.4,87.6,,
883,2025-06-12 14:00,20.1,53.6,2,0,964.2,1013.7,92.6,,
883,2025-06-12 15:00,19.8,20.9,1.5,.5,964.4,1013.9,88.1,,
883,2025-06-12 16:00,19,298.6,1.4,0,964.6,1014.3,94.7,,
883,2025-06-12 17:00,18.4,0,.1,.5,964.4,1014.2,93.6,,
883,2025-06-12 18:00,19.4,57.5,1.3,0,964.2,1013.8,95.1,,
883,2025-06-12 19:00,19.8,154.7,1.4,0,964.4,1013.9,95.4,,
883,2025-06-12 20:00,19.3,0,0,0,965,1014.7,95.8,,
883,2025-06-12 21:00,19.8,179.2,1.8,0,965.3,1014.9,93.7,,
883,2025-06-12 22:00,19.6,174.1,1.5,0,965.1,1014.7,94.6,,
883,2025-06-12 23:00,19.7,49,.8,0,965.1,1014.7,92.9,,
883,2025-06-13 00:00,20,83.6,2.2,0,965,1014.4,91.4,,
883,2025-06-13 01:00,19.4,254.4,.7,0,964.7,1014.3,93.2,,
883,2025-06-13 02:00,20.8,163.8,2.1,0,964.6,1014,90.9,,
883,2025-06-13 03:00,22.5,143.3,3.3,0,964.2,1013.2,84.8,,
883,2025-06-13 04:00,20.3,40.1,1.6,0,964.4,1013.9,90.7,,
883,2025-06-13 05:00,21,161.4,2.5,0,964.6,1013.9,90.2,,
883,2025-06-13 06:00,21.1,146.3,2.5,0,964.9,1014.2,91.4,,
883,2025-06-13 07:00,22.6,149.6,3.9,0,964.9,1013.9,89.8,,
883,2025-06-13 08:00,23.6,166.4,2.6,.5,964.8,1013.6,93.9,,
883,2025-06-13 09:00,24.6,186.5,2.4,0,964.5,1013.1,92.1,,
883,2025-06-13 10:00,24.7,167.5,3.9,.5,964.3,1012.9,90.8,,
883,2025-06-13 11:00,25.3,168.9,3.8,0,964,1012.5,88.4,,
883,2025-06-13 12:00,25.2,161.1,6,0,963.7,1012.2,86,,
883,2025-06-13 13:00,25.3,165.2,6.7,0,963.1,1011.5,87.6,,
883,2025-06-13 14:00,25.4,165.3,7.3,0,962.3,1010.7,86.7,,
883,2025-06-13 15:00,24.2,171.7,5.7,0,961.5,1010.1,92.8,,
883,2025-06-13 16:00,23.9,175.3,6.2,0,960.7,1009.3,95.4,,
883,2025-06-13 17:00,23.5,183,6.1,1.5,959.7,1008.3,97,,
883,2025-06-13 18:00,23.5,186.3,5.8,.5,959,1007.6,97.4,,
883,2025-06-13 19:00,23.5,195.3,6.1,20.5,959.3,1007.9,97.1,,
883,2025-06-13 20:00,23.2,201.7,5.2,1.5,959.2,1007.8,97.7,,
883,2025-06-13 21:00,23,208.4,6,1.5,959.3,1008,97.8,,
883,2025-06-13 22:00,22.8,201.3,5.9,1.5,958.8,1007.5,97.9,,
883,2025-06-13 23:00,23.1,208.5,5.9,10,958.3,1006.9,98.1,,
883,2025-06-14 00:00,22.8,211.2,6.1,9.5,957.9,1006.2,98.1,,
883,2025-06-14 01:00,22.5,199.2,6,3.5,956.5,1005.1,98.3,,
883,2025-06-14 02:00,21.8,212.1,6.8,2,955.9,1004.6,98.1,,
883,2025-06-14 03:00,21.8,215.8,7,0,955.1,1003.8,98.2,,
883,2025-06-14 04:00,21.5,216.4,5.7,2.5,954.7,1003.4,98.4,,
883,2025-06-14 05:00,21.4,215.1,5.1,4.5,954.2,1002.9,98.5,,
883,2025-06-14 06:00,21.5,205.8,6.1,.5,953.8,1002.5,98.5,,
883,2025-06-14 07:00,21.7,202.8,6.8,2.5,953.2,1001.8,98.7,,
883,2025-06-14 08:00,21.2,186,5.2,23.5,952.5,1001.2,98.6,,
883,2025-06-14 09:00,20.9,206.2,4.7,7,952.9,1001.6,98.4,,
883,2025-06-14 10:00,20.8,208,4,.5,952.5,1001.2,98.5,,
883,2025-06-14 11:00,20.7,203.3,3.1,2.5,952.5,1001.3,98.6,,
883,2025-06-14 12:00,20.9,216.4,2.9,.5,952.4,1001.1,98.3,,
883,2025-06-14 13:00,20.7,0,.2,1,951.9,1000.6,98.2,,
883,2025-06-14 14:00,24.6,33.1,3.2,0,951.2,999.2,96.1,,
883,2025-06-14 15:00,21.1,18.1,3.8,0,951.8,1000.5,98,,
883,2025-06-14 16:00,22.9,29.2,3.9,0,951.8,1000.1,94.4,,
883,2025-06-14 17:00,23,26.3,3.7,0,951.9,1000.2,89.9,,
883,2025-06-14 18:00,21.8,27.5,3.6,0,952.6,1001.2,93.9,,
883,2025-06-14 19:00,21.7,26.8,2.8,0,953.5,1002.1,93.1,,
883,2025-06-14 20:00,19.5,64.8,2.2,0,954,1003.1,98,,
883,2025-06-14 21:00,18.9,75,2,0,954.7,1003.9,98.2,,
883,2025-06-14 22:00,20.6,31.5,.8,0,955,1003.9,88.4,,
883,2025-06-14 23:00,20.5,48,2,0,955.2,1004.1,87.2,,
883,2025-06-15 00:00,21.4,152.2,1.3,0,954.8,1003.3,83.5,,
883,2025-06-15 01:00,20.7,187,1,0,954.7,1003.6,85.4,,
883,2025-06-15 02:00,20.7,167.1,2.1,0,954.3,1003.2,89.5,,
883,2025-06-15 03:00,20.8,180.7,2.6,0,953.8,1002.6,92.8,,
883,2025-06-15 04:00,21.2,174.6,2.8,0,953.9,1002.6,95.4,,
883,2025-06-15 05:00,21.5,176.8,1.4,0,954,1002.7,92.1,,
883,2025-06-15 06:00,22.2,161.5,2.8,0,953.9,1002.4,91.9,,
883,2025-06-15 07:00,23,168.9,1.9,0,953.8,1002.2,92.4,,
883,2025-06-15 08:00,23.9,162,3.2,0,953.4,1001.6,91.4,,
883,2025-06-15 09:00,23.1,177.2,2.7,0,953.4,1001.8,92.8,,
883,2025-06-15 10:00,23.3,162.9,4.7,0,952.9,1001.2,95.6,,
883,2025-06-15 11:00,25.8,172.1,5.1,0,952.5,1000.3,89.6,,
883,2025-06-15 12:00,26.2,183.7,4.6,0,952.5,1000.3,86.6,,
883,2025-06-15 13:00,23.2,186.7,3.7,0,952.4,1000.7,94.5,,
883,2025-06-15 14:00,22.5,191.4,4.3,0,951.9,1000.3,96.8,,
883,2025-06-15 15:00,22.7,192.8,3.8,0,951.7,1000,96.6,,
883,2025-06-15 16:00,22.4,189.5,4,0,951.2,999.6,95.8,,
883,2025-06-15 17:00,22.2,193.7,4.2,0,951,999.4,98,,
883,2025-06-15 18:00,21.7,196.5,3.9,1.5,951,999.5,98.2,,
883,2025-06-15 19:00,22,208.8,3.1,2,951.2,999.6,98.3,,
883,2025-06-15 20:00,21.4,224,3.6,7.5,951.5,1000.1,98.4,,
883,2025-06-15 21:00,21.4,212.8,3.4,10.5,951.6,1000.2,98.5,,
883,2025-06-15 22:00,22,177.4,6.1,5.5,950.3,998.7,98.4,,
883,2025-06-15 23:00,21.8,209.8,4.3,1,950.9,999.4,98.3,,
883,2025-06-16 00:00,21.3,217.9,3.4,1,950.9,999.2,98.6,,
883,2025-06-16 01:00,21.1,183.9,4.6,.5,950.5,999.1,98.4,,
883,2025-06-16 02:00,20.7,219.7,3.2,1,951.3,1000,98.4,,
883,2025-06-16 03:00,20.7,236.9,2.2,0,951.4,1000.1,98.9,,
883,2025-06-16 04:00,20.5,253.8,3.5,.5,952,1000.8,98.7,,
883,2025-06-16 05:00,20.3,244.5,3.1,.5,952.2,1001,98.9,,
883,2025-06-16 06:00,19.5,237.6,2.2,.5,951.8,1000.8,98.8,,
883,2025-06-16 07:00,18.7,233.9,2.1,5.5,951.9,1001,98.9,,
883,2025-06-16 08:00,18.8,222.7,1.7,10.5,952.6,1001.7,99,,
883,2025-06-16 09:00,19.1,291,1.4,6.5,952.6,1001.7,98.9,,
883,2025-06-16 10:00,19.5,169.6,1.2,2.5,951.7,1000.7,98.6,,
883,2025-06-16 11:00,19.4,249.9,4.1,.5,953.6,1002.7,98.9,,
883,2025-06-16 12:00,20.5,205.9,3.2,0,955,1003.9,99,,
883,2025-06-16 13:00,20.3,217.4,4.1,0,955.3,1004.3,97.2,,
883,2025-06-16 14:00,22,230.2,4.2,0,954.8,1003.4,91.5,,
883,2025-06-16 15:00,22.6,228.7,5,0,954.5,1003,84.4,,
883,2025-06-16 16:00,22.5,227.1,4.5,0,954.4,1002.9,84.6,,
883,2025-06-16 17:00,22.7,220.6,4,,954,1002.5,82.7,,
883,2025-06-16 18:00,21.9,216.1,4.1,,954.2,1002.8,83.5,,
883,2025-06-16 19:00,20.6,203.1,3.5,,954.4,1003.3,87.5,,
883,2025-06-16 20:00,19.9,185,4.3,,954.6,1003.6,87.6,,
883,2025-06-16 21:00,20,178.3,5.9,,954.8,1003.8,85.7,,
883,2025-06-16 22:00,19.2,179,5.8,,955.8,1005,90.1,,
883,2025-06-16 23:00,18.9,187.6,4.7,,956.4,1005.7,95.1,,
883,2025-06-17 00:00,19,180.7,5.5,,956.4,1005.7,94.7,,
883,2025-06-17 01:00,19.1,191.4,4.1,0,957.2,1006.5,95.6,,
883,2025-06-17 02:00,19.2,184.3,4.9,0,957.1,1006.4,95,,
883,2025-06-17 03:00,19.1,180.7,4.7,0,956.7,1006,94.4,,
883,2025-06-17 04:00,19.8,185.6,4.5,0,956.2,1005.3,89.5,,
883,2025-06-17 05:00,19.8,178.2,4.5,0,956.6,1005.7,90,,
883,2025-06-17 06:00,20.4,173.8,4.4,0,957,1006.1,93,,
883,2025-06-17 07:00,20.6,172.2,3.7,0,957.8,1006.9,92.7,,
883,2025-06-17 08:00,21.8,166.3,4.7,0,957.5,1006.3,89.8,,
883,2025-06-17 09:00,23.2,191.9,3.6,0,957.8,1006.4,87.9,,
883,2025-06-17 10:00,25.4,188.6,3.6,0,957.9,1006.1,82.9,,
883,2025-06-17 11:00,24.2,188.3,3.5,0,958,1006.4,84.9,,
883,2025-06-17 12:00,24.1,193.8,3.1,0,958.2,1006.6,85.5,,
883,2025-06-17 13:00,26.6,182.9,3.4,0,957.9,1005.9,77.6,,
883,2025-06-17 14:00,26.7,210.8,3.1,0,957.8,1005.7,79.2,,
883,2025-06-17 15:00,26.1,212.4,3,0,957.6,1005.6,75.4,,
883,2025-06-17 16:00,26.8,210.1,2.8,0,957.6,1005.5,76.4,,
883,2025-06-17 17:00,25.7,214.3,2.9,0,957.8,1005.9,79.8,,
883,2025-06-17 18:00,25.6,204.8,2.9,0,957.9,1006,82.5,,
883,2025-06-17 19:00,23.3,195.6,2.3,0,958.7,1007.3,87.7,,
883,2025-06-17 20:00,21.7,182.6,2.1,0,959.1,1008,90.1,,
883,2025-06-17 21:00,21.5,164.3,3.2,0,959.5,1008.5,81.1,,
883,2025-06-17 22:00,20.7,167.5,3.4,0,960,1009.1,76.7,,
883,2025-06-17 23:00,20.6,166.2,4.2,0,960.4,1009.6,73.2,,
883,2025-06-18 00:00,20.2,171.6,3.6,0,960.3,1009.4,74.8,,
883,2025-06-18 01:00,19.3,176.4,3.4,0,960.5,1009.9,78,,
883,2025-06-18 02:00,19.6,173.4,3.7,0,960.5,1009.9,69.3,,
883,2025-06-18 03:00,19,173.3,2.7,0,960.4,1009.9,70.7,,
883,2025-06-18 04:00,17.4,142.3,1.9,0,960.7,1010.5,78.6,,
883,2025-06-18 05:00,16.5,114.1,3.3,0,961.2,1011.2,80.4,,
883,2025-06-18 06:00,16.9,136.1,2.6,0,961.7,1011.7,80.4,,
883,2025-06-18 07:00,20.6,103.5,1.8,0,962.4,1011.7,73.5,,
883,2025-06-18 08:00,23.9,170.6,1.5,0,962.9,1011.6,62.9,,
883,2025-06-18 09:00,25.8,232.1,1.2,0,963,1011.4,48.6,,
883,2025-06-18 10:00,26.6,277.1,.6,0,963.2,1011.4,51,,
883,2025-06-18 11:00,27.1,225.5,2.5,0,963.2,1011.3,70.3,,
883,2025-06-18 12:00,27.3,186.8,2.7,0,963.3,1011.4,55.6,,
883,2025-06-18 13:00,27.4,191.9,3,0,963.3,1011.4,53.7,,
883,2025-06-18 14:00,28,211.3,2.9,0,962.9,1010.9,53.8,,
883,2025-06-18 15:00,28.6,216.9,2.3,0,962.8,1010.7,52.3,,
883,2025-06-18 16:00,28.4,232.9,2.4,0,963,1010.9,59.1,,
883,2025-06-18 17:00,28.6,170.7,2.1,0,962.7,1010.5,48.9,,
883,2025-06-18 18:00,25.7,188.9,3.3,0,962.8,1011.2,65.2,,
883,2025-06-18 19:00,24,184.9,2.8,0,962.8,1011.5,69.7,,
883,2025-06-18 20:00,22.7,160.3,4.4,0,962.8,1011.7,72,,
883,2025-06-18 21:00,22.4,155.2,4.2,0,963.5,1012.5,72.5,,
883,2025-06-18 22:00,22,167.5,4.7,0,963.8,1012.9,73.5,,
883,2025-06-18 23:00,22.3,172.9,4.6,0,963.8,1012.8,72.8,,
883,2025-06-19 00:00,22.2,175,5.5,0,963.5,1012.2,84.4,,
883,2025-06-19 01:00,22.7,177.1,4.3,0,963.9,1012.9,88.7,,
883,2025-06-19 02:00,23,169.3,5.4,0,963.6,1012.5,89.1,,
883,2025-06-19 03:00,23,173.1,5.5,0,963.5,1012.4,89.7,,
883,2025-06-19 04:00,23,168.4,5.2,0,963.4,1012.3,89,,
883,2025-06-19 05:00,23.1,173.3,4.7,0,963.5,1012.4,87.9,,
883,2025-06-19 06:00,23,156.5,6.7,0,963.4,1012.3,87.4,,
883,2025-06-19 07:00,24.3,159.2,6.7,0,963.8,1012.5,84.6,,
883,2025-06-19 08:00,24.5,153.2,6.9,0,964,1012.6,82.2,,
883,2025-06-19 09:00,24.9,159.1,7.3,0,964.3,1012.9,78.5,,
883,2025-06-19 10:00,25.3,160.3,7.7,0,964.3,1012.8,83.3,,
883,2025-06-19 11:00,24.2,158,7.5,0,964.3,1013,89,,
883,2025-06-19 12:00,23.8,182.7,5.5,0,964.1,1012.9,94.7,,
883,2025-06-19 13:00,25.5,169.9,6.4,0,963.8,1012.2,89.6,,
883,2025-06-19 14:00,24.8,164.9,6.9,0,963.7,1012.3,89.1,,
883,2025-06-19 15:00,24.3,178.4,4.9,0,963.6,1012.2,93.7,,
883,2025-06-19 16:00,25.3,181.4,4.6,0,963.3,1011.8,90.1,,
883,2025-06-19 17:00,24.7,190.7,4.6,0,963.2,1011.8,90,,
883,2025-06-19 18:00,24.7,181.1,4.7,0,962.8,1011.3,90.8,,
883,2025-06-19 19:00,23.8,171,5.3,0,963.1,1011.8,90.7,,
883,2025-06-19 20:00,23.5,168.5,6.6,0,963.2,1012,90.4,,
883,2025-06-19 21:00,23.1,176.5,6.3,0,963.2,1012.1,95,,
883,2025-06-19 22:00,23.1,183.5,5.2,0,963.6,1012.5,93.9,,
883,2025-06-19 23:00,23,190.5,4.6,0,963.6,1012.5,95.7,,
883,2025-06-20 00:00,22.8,195.8,4.5,0,963.1,1011.6,96.2,,
883,2025-06-20 01:00,22.7,200.8,4.9,0,962.7,1011.6,97.1,,
883,2025-06-20 02:00,22.8,198.2,5,0,962.2,1011.1,97.7,,
883,2025-06-20 03:00,22.8,201.1,5,0,961.8,1010.6,97.6,,
883,2025-06-20 04:00,22.7,191.8,5.9,0,961.4,1010.2,97.6,,
883,2025-06-20 05:00,22.9,196.7,6.3,0,961.3,1010.1,97.5,,
883,2025-06-20 06:00,22.9,191.8,5.7,0,961.3,1010.1,97.5,,
883,2025-06-20 07:00,22.8,188.7,6.2,0,961.2,1010,95.8,,
883,2025-06-20 08:00,23.3,187.7,6.5,0,961.1,1009.8,93.9,,
883,2025-06-20 09:00,23.3,192.6,6.3,0,961.1,1009.8,94.9,,
883,2025-06-20 10:00,23.2,199.9,5.5,0,960.9,1009.6,94.5,,
883,2025-06-20 11:00,23.3,209.7,5.6,0,960.7,1009.4,94.4,,
883,2025-06-20 12:00,23.6,209.3,6.3,0,960.7,1009.3,93.4,,
883,2025-06-20 13:00,23.7,205.6,6.4,0,960.2,1008.8,93,,
883,2025-06-20 14:00,23.2,208.3,6.3,0,959.7,1008.4,95.4,,
883,2025-06-20 15:00,23,208.3,5.5,0,959.6,1008.3,97.3,,
883,2025-06-20 16:00,23.1,199.6,5.4,0,959.7,1008.4,98.3,,
883,2025-06-20 17:00,22.8,195.2,5.6,.5,959.6,1008.3,98.3,,
883,2025-06-20 18:00,22.7,192.2,5.7,.5,959.3,1008,98.4,,
883,2025-06-20 19:00,22.6,193.5,5.6,1,959.2,1007.9,98.5,,
883,2025-06-20 20:00,22.6,201.7,6.1,0,959.7,1008.5,98.6,,
883,2025-06-20 21:00,22.6,197.9,5.9,.5,959.8,1008.6,98.7,,
883,2025-06-20 22:00,22.5,199.4,5.8,0,960,1008.8,98.7,,
883,2025-06-20 23:00,22.6,204.5,5.6,0,959.9,1008.7,98.7,,
883,2025-06-21 00:00,22.3,207.8,6.7,0,959.7,1008.2,98.7,,
883,2025-06-21 01:00,22.3,212.2,6.1,0,959.4,1008.2,98.7,,
883,2025-06-21 02:00,22,214.3,5.8,0,959.2,1008.1,98.4,,
883,2025-06-21 03:00,22.2,214.6,5.3,0,959,1007.8,98.5,,
883,2025-06-21 04:00,22.2,214.4,6.1,0,958.5,1007.3,98.6,,
883,2025-06-21 05:00,22.2,210.7,6,1,958.1,1006.9,98.8,,
883,2025-06-21 06:00,22.2,207.9,6.5,.5,957.9,1006.7,99,,
883,2025-06-21 07:00,22.4,209.8,5.9,.5,957.9,1006.6,99.1,,
883,2025-06-21 08:00,22.4,211.8,5.9,0,957.8,1006.5,99.1,,
883,2025-06-21 09:00,22.5,217.3,6.2,0,957.8,1006.5,99.1,,
883,2025-06-21 10:00,22.6,208.4,6.2,0,957.7,1006.4,99.2,,
883,2025-06-21 11:00,22.6,210.5,5.4,0,957.5,1006.2,99.2,,
883,2025-06-21 12:00,22.6,213.1,4.8,0,957.3,1005.9,99.2,,
883,2025-06-21 13:00,22.9,220,6,.5,956.7,1005.3,99.2,,
883,2025-06-21 14:00,22.9,218.9,5.9,0,956.1,1004.6,99.3,,
883,2025-06-21 15:00,22.8,212,5.7,0,955.8,1004.3,99.3,,
883,2025-06-21 16:00,22.7,213.2,5.7,0,955.7,1004.2,99.3,,
883,2025-06-21 17:00,22.5,214.9,4.3,0,955.4,1004,99.4,,
883,2025-06-21 18:00,22.2,205.6,3.7,.5,955.4,1004,99.3,,
883,2025-06-21 19:00,22.1,200.8,4,.5,955.4,1004,99.4,,
883,2025-06-21 20:00,22.3,205.2,5,0,955.8,1004.4,99.4,,
883,2025-06-21 21:00,22.3,209.3,5.2,0,956.1,1004.7,99.4,,
883,2025-06-21 22:00,22.4,211.5,5.4,0,956.7,1005.4,99.5,,
883,2025-06-21 23:00,22.1,215.2,5.4,0,956.7,1005.4,99.5,,
883,2025-06-22 00:00,21.8,225,4.5,1,956.5,1005,99.7,,
883,2025-06-22 01:00,21.3,218.7,2.9,16,956.3,1005.1,99.7,,
883,2025-06-22 02:00,20.8,246.7,1.5,.5,956.4,1005.3,99.5,,
883,2025-06-22 03:00,20.6,0,.2,0,956.3,1005.3,99.6,,
883,2025-06-22 04:00,20.3,46.4,3.1,.5,955.9,1004.9,99.5,,
883,2025-06-22 05:00,20.2,39.5,2.5,.5,956.3,1005.4,99.3,,
883,2025-06-22 06:00,21.2,68.5,4.2,0,955.8,1004.6,96.7,,
883,2025-06-22 07:00,20,58.2,3.3,.5,957,1006.1,94,,
883,2025-06-22 08:00,20.1,81.1,4,0,957.5,1006.6,76.3,,
883,2025-06-22 09:00,21.2,100.2,3.3,0,958,1006.9,76.1,,
883,2025-06-22 10:00,23.8,39.6,2,0,958.3,1006.8,85.3,,
883,2025-06-22 11:00,24.3,23.7,5.1,0,957.7,1006,83.7,,
883,2025-06-22 12:00,24.9,42.5,4.5,0,957.1,1005.3,74.3,,
883,2025-06-22 13:00,23.6,183.9,1.3,0,957.8,1006.3,83.9,,
883,2025-06-22 14:00,24.3,41,4.2,0,958,1006.4,53.6,,
883,2025-06-22 15:00,24.8,32.8,2.8,0,958.2,1006.5,65.1,,
883,2025-06-22 16:00,23.9,28.3,2.8,0,958.1,1006.5,63.6,,
883,2025-06-22 17:00,21.9,315.9,2.8,0,957.9,1006.7,87.7,,
883,2025-06-22 18:00,21.2,15.5,3.1,0,957.3,1006.2,90.3,,
883,2025-06-22 19:00,21.1,64.9,3.8,0,957.3,1006.2,57.8,,
883,2025-06-22 20:00,19.7,140,2.1,0,958.3,1007.6,94,,
883,2025-06-22 21:00,19.8,68,1.8,0,958.7,1008,90.8,,
883,2025-06-22 22:00,19.1,80.4,1.6,0,959,1008.4,89.3,,
883,2025-06-22 23:00,18,102.2,2.1,0,959.3,1008.9,87.4,,
883,2025-06-23 00:00,18.1,94.4,2.7,0,958.6,1007.8,84.7,,
883,2025-06-23 01:00,18.6,90.7,3.3,0,958.3,1007.8,67.6,,
883,2025-06-23 02:00,18.2,125.1,2.8,0,958.3,1007.8,71,,
883,2025-06-23 03:00,17.3,103.1,2.7,0,958,1007.7,75.3,,
883,2025-06-23 04:00,16.2,117.7,1.7,0,957.9,1007.8,82.9,,
883,2025-06-23 05:00,15.8,100.1,2.4,0,958.1,1008.1,83.2,,
883,2025-06-23 06:00,16.4,96.2,1.7,0,958.3,1008.2,80.5,,
883,2025-06-23 07:00,19.8,72.7,2,0,958.1,1007.3,72.3,,
883,2025-06-23 08:00,22.7,12.5,.7,0,958.3,1007,67.4,,
883,2025-06-23 09:00,23.7,281.4,.8,0,958.2,1006.7,64.1,,
883,2025-06-23 10:00,23.2,322.4,1.9,0,958,1006.6,77.4,,
883,2025-06-23 11:00,25.4,23.7,2.4,0,958,1006.2,75.2,,
883,2025-06-23 12:00,25.3,348.9,2.1,0,957.8,1006,79.8,,
883,2025-06-23 13:00,25,302,1.5,0,957.5,1005.7,79.3,,
883,2025-06-23 14:00,24.8,21.9,1.4,0,957.1,1005.3,81.1,,
883,2025-06-23 15:00,23.7,262.6,2,0,956.6,1005,84.6,,
883,2025-06-23 16:00,23.5,255,2,0,956.3,1004.7,85,,
883,2025-06-23 17:00,22.5,225.2,1.2,0,956.3,1004.9,85.1,,
883,2025-06-23 18:00,21.1,46.9,1.4,0,956.5,1005.4,91.1,,
883,2025-06-23 19:00,21.2,92.6,1.1,0,956.5,1005.4,92.5,,
883,2025-06-23 20:00,21.9,32.9,1.2,0,956.5,1005.2,90.3,,
883,2025-06-23 21:00,21.4,0,0,0,957,1005.9,90.9,,
883,2025-06-23 22:00,22.1,0,.2,0,957.3,1006,88.2,,
883,2025-06-23 23:00,21.7,155.9,1.8,0,957,1005.8,89.3,,
883,2025-06-24 00:00,21.8,0,.2,0,956.7,1005.2,88.2,,
883,2025-06-24 01:00,21.2,43.8,1.7,0,956.5,1005.4,90.4,,
883,2025-06-24 02:00,21.2,0,.3,0,956,1004.8,91.1,,
883,2025-06-24 03:00,21.4,0,.2,0,955.8,1004.6,92.9,,
883,2025-06-24 04:00,21.1,185.3,.6,0,955.6,1004.4,95.7,,
883,2025-06-24 05:00,21.6,179.5,2.4,.5,955.7,1004.5,96.9,,
883,2025-06-24 06:00,21.7,205.1,2.6,.5,956,1004.8,97.5,,
883,2025-06-24 07:00,21.7,205.2,2.6,1,956.4,1005.2,97.5,,
883,2025-06-24 08:00,21.8,203.3,3.5,0,956.5,1005.3,98.1,,
883,2025-06-24 09:00,21.8,211.4,4,.5,956.5,1005.3,98.3,,
883,2025-06-24 10:00,21.6,205.7,3.7,0,956.3,1005.1,98.4,,
883,2025-06-24 11:00,21.6,195.6,3.6,0,957,1005.8,97.7,,
883,2025-06-24 12:00,21.7,199.3,3.8,0,957.2,1006,96.9,,
883,2025-06-24 13:00,22.4,194.2,4.1,0,957,1005.7,92.8,,
883,2025-06-24 14:00,22.6,200.3,4.2,0,956.8,1005.4,90.6,,
883,2025-06-24 15:00,23.2,196.6,5.2,0,956.3,1004.8,90.3,,
883,2025-06-24 16:00,22.3,200.3,4.7,0,956.2,1004.8,92.4,,
883,2025-06-24 17:00,21.1,202.7,3.9,0,956.5,1005.4,95.1,,
883,2025-06-24 18:00,21.5,201.5,4.4,0,956.4,1005.2,91.9,,
883,2025-06-24 19:00,20.2,200.5,3.7,0,956.6,1005.7,94.5,,
883,2025-06-24 20:00,19.5,213.2,3.8,0,957,1006.2,97.7,,
883,2025-06-24 21:00,19.4,201.3,3.2,0,957.2,1006.5,98.1,,
883,2025-06-24 22:00,18.7,205.8,3.3,0,957.9,1007.3,98.5,,
883,2025-06-24 23:00,18.5,196,3.5,0,958.1,1007.6,98.5,,
883,2025-06-25 00:00,17.9,205.7,3.1,0,958.4,1007.6,98.7,,
883,2025-06-25 01:00,17.4,233.6,1.7,0,958.7,1008.4,98.8,,
883,2025-06-25 02:00,17.3,0,.2,0,958.7,1008.4,98.6,,
883,2025-06-25 03:00,17.3,225.3,1.3,0,958.7,1008.4,98.4,,
883,2025-06-25 04:00,17.3,253.2,2.1,0,958.6,1008.3,98.6,,
883,2025-06-25 05:00,17.4,197.7,2,0,958.6,1008.3,97.8,,
883,2025-06-25 06:00,17.3,246.5,2.2,0,959.4,1009.2,97.6,,
883,2025-06-25 07:00,17.8,225.9,1.5,0,960.2,1009.9,97.1,,
883,2025-06-25 08:00,18.4,252.1,2,0,960.6,1010.2,96.3,,
883,2025-06-25 09:00,19.4,308,1.6,0,960.6,1010,93.3,,
883,2025-06-25 10:00,20.1,324.2,2.2,0,960.2,1009.5,92,,
883,2025-06-25 11:00,22.6,307.7,2,0,960.5,1009.3,81.7,,
883,2025-06-25 12:00,22.4,269,1.8,0,960.6,1009.5,84.2,,
883,2025-06-25 13:00,23.5,230.2,1.8,0,960.2,1008.8,81.4,,
883,2025-06-25 14:00,23.6,269.5,2.5,0,960.2,1008.8,78.8,,
883,2025-06-25 15:00,24.1,284.7,2.1,0,960.4,1008.9,76.9,,
883,2025-06-25 16:00,24.1,258.3,1.9,0,960.1,1008.6,79.6,,
883,2025-06-25 17:00,23.8,289.6,1.7,0,960.3,1008.9,78.1,,
883,2025-06-25 18:00,22.3,275.2,1,0,960.1,1008.9,84.7,,
883,2025-06-25 19:00,21.9,275.3,.8,0,960.3,1009.2,87.2,,
883,2025-06-25 20:00,19.4,0,.2,0,960.4,1009.8,92.6,,
883,2025-06-25 21:00,18.4,191.3,1.3,0,961.1,1010.8,88.9,,
883,2025-06-25 22:00,18.5,165.4,2.4,0,961.5,1011.2,79.4,,
883,2025-06-25 23:00,18.4,166.9,2.8,0,961.7,1011.4,74.7,,
883,2025-06-26 00:00,18,166.9,2.9,0,961.7,1011.1,76.2,,
883,2025-06-26 01:00,17.9,168.3,2.7,0,961.7,1011.5,76.5,,
883,2025-06-26 02:00,18.6,183.3,1.6,0,961.5,1011.1,73.1,,
883,2025-06-26 03:00,18.1,176.5,1.8,0,961.2,1010.9,77.9,,
883,2025-06-26 04:00,18,178.9,1.7,0,961.1,1010.8,78.5,,
883,2025-06-26 05:00,17.8,156.5,1.7,0,961.1,1010.9,84.8,,
883,2025-06-26 06:00,18.3,144.1,2.1,0,961,1010.7,84.7,,
883,2025-06-26 07:00,20.1,168,2.2,0,960.7,1010,84.1,,
883,2025-06-26 08:00,23.1,209.1,1.2,0,961.3,1010.1,71.3,,
883,2025-06-26 09:00,23.2,229.1,1.3,0,961.6,1010.4,73,,
883,2025-06-26 10:00,24.8,290.4,1.6,0,961.5,1010,65.5,,
883,2025-06-26 11:00,26,258.1,1.4,0,961.5,1009.7,68.9,,
883,2025-06-26 12:00,25.1,264.4,2.2,0,961.1,1009.5,74.3,,
883,2025-06-26 13:00,26.5,272.6,2.3,0,960.7,1008.8,65.8,,
883,2025-06-26 14:00,26.3,278.5,2.8,0,960.8,1009,68.9,,
883,2025-06-26 15:00,25.4,261.4,2.5,0,960.9,1009.2,67.1,,
883,2025-06-26 16:00,25.8,241.6,2,0,960.7,1008.9,64.2,,
883,2025-06-26 17:00,25.6,321.6,1.9,0,960.5,1008.8,66.7,,
883,2025-06-26 18:00,25.2,0,.3,0,960.3,1008.6,65.4,,
883,2025-06-26 19:00,22.7,18.2,1.1,0,960.7,1009.5,77.7,,
883,2025-06-26 20:00,19.6,177.9,1.5,0,960.6,1010,88.7,,
883,2025-06-26 21:00,19.2,93.2,2.1,0,960.7,1010.2,81.8,,
883,2025-06-26 22:00,20.4,155.6,2.9,0,961,1010.3,72,,
883,2025-06-26 23:00,21.1,170.9,4.3,0,961,1010.1,68.9,,
883,2025-06-27 00:00,20.8,176.9,3.6,0,960.6,1009.6,69.2,,
883,2025-06-27 01:00,20.4,173.6,3.1,0,960.2,1009.4,70.5,,
883,2025-06-27 02:00,21,169.2,3.3,0,959.6,1008.7,75.3,,
883,2025-06-27 03:00,21,174.9,2.9,0,960,1009.1,90.1,,
883,2025-06-27 04:00,21.5,185.7,2.1,0,960.1,1009.1,93.6,,
883,2025-06-27 05:00,21.7,171.9,3.2,0,960.4,1009.4,94.6,,
883,2025-06-27 06:00,22.5,176.4,2.5,0,960.5,1009.3,94,,
883,2025-06-27 07:00,22.7,202.1,2.2,0,960.7,1009.5,97,,
883,2025-06-27 08:00,24.8,185.6,1.6,0,960.7,1009.1,88.4,,
883,2025-06-27 09:00,25.5,202,2.2,0,960.5,1008.8,86.8,,
883,2025-06-27 10:00,25.5,204.1,3.1,0,960.5,1008.8,87.3,,
883,2025-06-27 11:00,26.9,197.1,3.1,0,960.5,1008.5,81.9,,
883,2025-06-27 12:00,27.2,195.5,2.8,0,960.4,1008.4,83,,
883,2025-06-27 13:00,28.3,207.5,2.8,0,960.1,1007.9,79.5,,
883,2025-06-27 14:00,27.5,201.7,3.5,0,959.9,1007.8,79.5,,
883,2025-06-27 15:00,29.1,199.6,2.8,0,959.7,1007.3,76.9,,
883,2025-06-27 16:00,26.8,195.3,3.1,0,959.7,1007.7,81.7,,
883,2025-06-27 17:00,27,192.3,2.8,0,959.5,1007.5,81.5,,
883,2025-06-27 18:00,26.4,189.6,2.7,0,959.3,1007.4,85.4,,
883,2025-06-27 19:00,24.9,173.5,3.5,0,959.5,1007.8,87.5,,
883,2025-06-27 20:00,24.2,177.8,2.9,0,960,1008.5,90.4,,
883,2025-06-27 21:00,23.8,170.7,3.7,0,960.4,1009,92.4,,
883,2025-06-27 22:00,23.7,171.1,4.3,0,960.4,1009,92.6,,
883,2025-06-27 23:00,23.6,167.9,4.2,0,960.5,1009.1,92.2,,
883,2025-06-28 00:00,23.6,169.8,3.5,0,960.3,1008.5,92.8,,
883,2025-06-28 01:00,23.4,165.4,3.9,0,960,1008.6,91.9,,
883,2025-06-28 02:00,23.3,180.7,2.5,0,959.9,1008.5,93.2,,
883,2025-06-28 03:00,23.1,162.1,4,0,959.4,1008.1,92.7,,
883,2025-06-28 04:00,23,171.4,3.8,0,959.4,1008.1,93.6,,
883,2025-06-28 05:00,22.8,177.2,3.1,0,959.9,1008.6,94,,
883,2025-06-28 06:00,23.5,205.3,2.1,0,960.3,1008.9,94.4,,
883,2025-06-28 07:00,24.1,195.1,1.9,0,960.3,1008.8,93.7,,
883,2025-06-28 08:00,26.4,216.2,2.6,0,960.5,1008.6,87.2,,
883,2025-06-28 09:00,26.9,211.3,2.7,0,960.3,1008.3,84.4,,
883,2025-06-28 10:00,27.3,212.4,3,0,960.3,1008.3,82.9,,
883,2025-06-28 11:00,28.1,207.4,2.8,0,960.2,1008,75,,
883,2025-06-28 12:00,28.8,211,2.6,0,960,1007.7,75.3,,
883,2025-06-28 13:00,28.6,206.2,3,0,959.6,1007.3,78.9,,
883,2025-06-28 14:00,29.1,197.4,2.8,0,959.4,1007,77.6,,
883,2025-06-28 15:00,28.6,198.3,3.3,0,959.2,1006.9,76.7,,
883,2025-06-28 16:00,27.6,198.1,3.5,0,959.1,1006.9,80.5,,
883,2025-06-28 17:00,27.4,205.3,3.3,0,958.8,1006.7,78.6,,
883,2025-06-28 18:00,26.4,201.6,3.3,0,958.8,1006.8,83.5,,
883,2025-06-28 19:00,24.7,177.8,3.2,0,958.6,1006.9,87.4,,
883,2025-06-28 20:00,23.7,176.1,2.5,0,958.6,1007.1,88.1,,
883,2025-06-28 21:00,22.9,164.8,2.3,0,959,1007.7,89.7,,
883,2025-06-28 22:00,22.2,190.1,1.8,0,959.8,1008.6,94.4,,
883,2025-06-28 23:00,23.2,184.5,2.8,0,960,1008.7,92,,
883,2025-06-29 00:00,22.6,179.6,2.9,0,959.4,1007.8,92.1,,
883,2025-06-29 01:00,22.7,175.8,3.8,0,959.1,1007.8,92.2,,
883,2025-06-29 02:00,22.5,181.2,2.9,0,959.2,1008,93.5,,
883,2025-06-29 03:00,22.3,178.6,3.6,0,959,1007.8,93.4,,
883,2025-06-29 04:00,22.2,186.9,2.9,0,958.8,1007.6,94,,
883,2025-06-29 05:00,22,175.4,3.4,0,959,1007.8,93.7,,
883,2025-06-29 06:00,22.3,193.4,2.4,0,959.6,1008.4,91.6,,
883,2025-06-29 07:00,23.8,184.3,2.6,0,960.2,1008.8,90.9,,
883,2025-06-29 08:00,25.5,182.9,2.8,0,960.4,1008.7,86.2,,
883,2025-06-29 09:00,26.6,196.1,2.8,0,960.5,1008.6,79.8,,
883,2025-06-29 10:00,27.3,206.3,3.2,0,960.7,1008.7,79.4,,
883,2025-06-29 11:00,28,207.2,3.2,0,960.8,1008.7,77.7,,
883,2025-06-29 12:00,28.6,208.7,3.1,0,960.4,1008.1,76.9,,
883,2025-06-29 13:00,28.4,210.6,2.9,0,960.2,1008,77.5,,
883,2025-06-29 14:00,28.4,196.2,3.6,0,960,1007.7,77.6,,
883,2025-06-29 15:00,27.8,194.4,3.5,0,960.2,1008.1,79.1,,
883,2025-06-29 16:00,27.8,190.6,3.5,0,960.1,1008,77.4,,
883,2025-06-29 17:00,27.6,195.2,3.3,0,959.8,1007.7,78.3,,
883,2025-06-29 18:00,26.8,176.1,4.4,0,959.6,1007.6,80.3,,
883,2025-06-29 19:00,25.3,180.6,2.9,0,960,1008.3,87.2,,
883,2025-06-29 20:00,24.2,182.5,3,0,960.4,1008.9,91.6,,
883,2025-06-29 21:00,24.1,177.3,4.4,0,960.4,1008.9,86.6,,
883,2025-06-29 22:00,23.8,167.9,3.5,0,960.8,1009.4,87.9,,
883,2025-06-29 23:00,24.1,177.6,4.8,0,960.9,1009.4,88.2,,
883,2025-06-30 00:00,23.5,171.1,3.1,0,961.1,1009.3,89.2,-9.97,17.9
883,2025-06-30 01:00,23.1,170,3.6,0,961.4,1010.2,92,,
883,2025-06-30 02:00,23.4,179.3,3.7,0,961.4,1010.1,90.8,,
883,2025-06-30 03:00,23.3,162.7,4.2,0,961.2,1009.9,89.6,,
883,2025-06-30 04:00,23.1,167,4,0,961.5,1010.3,89.2,,
883,2025-06-30 05:00,23.1,163.6,4.5,0,961.5,1010.3,91.1,,
883,2025-06-30 06:00,23.5,156.5,4.1,0,962,1010.7,90.6,,
883,2025-06-30 07:00,24.9,159.8,4.1,0,962.2,1010.7,87.1,,
883,2025-06-30 08:00,26.2,165.4,3.9,0,962.5,1010.8,82.6,,
883,2025-06-30 09:00,27,171.3,3.7,0,962.7,1010.8,80.2,,
883,2025-06-30 10:00,27.7,171,4.2,0,962.8,1010.8,80.2,,
883,2025-06-30 11:00,28.6,190.4,3,0,963,1010.9,77.9,,
883,2025-06-30 12:00,28.1,180.6,4,0,962.9,1010.8,76.7,,
883,2025-06-30 13:00,29,179.1,3.4,0,963.2,1011,75.6,,
883,2025-06-30 14:00,29,189.6,3.2,0,963.1,1010.9,74.6,,
883,2025-06-30 15:00,28.7,177.9,3.3,0,963.2,1011.1,75.5,,
883,2025-06-30 16:00,28.8,186.2,3.4,0,962.8,1010.6,76,,
883,2025-06-30 17:00,28.4,179.9,3.3,0,962.7,1010.6,77.3,,
883,2025-06-30 18:00,27.6,173.3,3.9,0,962.4,1010.4,80.7,,
883,2025-06-30 19:00,25.5,187.2,3,0,962.5,1010.9,87.3,,
883,2025-06-30 20:00,24.7,162,3.4,0,962.6,1011.1,89,,
883,2025-06-30 21:00,24.8,168.6,3.9,0,962.9,1011.4,88.2,,
883,2025-06-30 22:00,24.9,156.8,3.5,0,963.5,1012,88.1,,
883,2025-06-30 23:00,24.9,164,4,0,963.5,1012,88.2,,
883,2025-07-01 00:00,24.9,159.6,4.3,0,963.1,1011.6,90,,
883,2025-07-01 01:00,24.8,163.2,4,0,963.3,1011.8,90.9,,
883,2025-07-01 02:00,24.6,168.3,3.6,0,963.4,1012,91.4,,
883,2025-07-01 03:00,24.7,162.9,3.3,0,964,1012.6,92.1,,
883,2025-07-01 04:00,24.5,168,2.9,0,964.4,1013.1,93,,
883,2025-07-01 05:00,24.4,174.5,2.7,0,964.4,1013.1,94.7,,
883,2025-07-01 06:00,24.5,180,2.8,0,964.7,1013.4,94.3,,
883,2025-07-01 07:00,25.2,172.3,3.4,0,964.9,1013.5,92,,
883,2025-07-01 08:00,26.5,177.7,3.5,0,965.3,1013.6,89,,
883,2025-07-01 09:00,27.5,170.3,4.3,0,965,1013.2,86.4,,
883,2025-07-01 10:00,28.6,179.6,3.8,0,965.1,1013.1,84.8,,
883,2025-07-01 11:00,29,173.7,4.2,0,965.1,1013,82.2,,
883,2025-07-01 12:00,29.9,176.6,3.7,0,965.2,1013,78.1,,
883,2025-07-01 13:00,29.7,178.4,3.7,0,965.3,1013.1,77.7,,
883,2025-07-01 14:00,30,180.8,3.2,0,964.9,1012.6,77.5,,
883,2025-07-01 15:00,30.1,203,3.1,0,964.8,1012.5,78.9,,
883,2025-07-01 16:00,29.5,219.2,2.8,0,964.8,1012.6,77.8,,
883,2025-07-01 17:00,28.4,192.5,2.5,0,964.2,1012.2,80.6,,
883,2025-07-01 18:00,28,192.1,2.2,0,964,1012,82.4,,
883,2025-07-01 19:00,26.4,181.9,2.4,0,964.2,1012.5,84.5,,
883,2025-07-01 20:00,24.6,185.9,1.4,0,964.5,1013.1,93.4,,
883,2025-07-01 21:00,24.3,163.6,1.9,0,964.6,1013.3,92.9,,
883,2025-07-01 22:00,24.2,157.3,2.8,0,964.8,1013.5,90.1,,
883,2025-07-01 23:00,24.1,164.4,3,0,964.8,1013.5,92.3,,
883,2025-07-02 00:00,24.1,164.3,4,0,964.5,1013.2,92,,
883,2025-07-02 01:00,23.9,162.9,3.5,0,964.6,1013.4,87.5,,
883,2025-07-02 02:00,23.2,151.5,3,0,964.7,1013.6,89.9,,
883,2025-07-02 03:00,23.9,156.8,3.5,0,965,1013.8,87,,
883,2025-07-02 04:00,22.9,167.2,2.4,0,965,1014,90.6,,
883,2025-07-02 05:00,23,163.2,3.1,0,965,1014,90.8,,
883,2025-07-02 06:00,23.1,174.5,3.3,0,965.1,1014,89.6,,
883,2025-07-02 07:00,24.8,187.5,2.6,0,965.2,1013.8,84.5,,
883,2025-07-02 08:00,25.8,185.7,3.3,0,965.4,1013.9,82.9,,
883,2025-07-02 09:00,26.9,184.8,3.4,0,965.5,1013.8,79.5,,
883,2025-07-02 10:00,28.5,198.3,2.9,0,965.5,1013.5,74.6,,
883,2025-07-02 11:00,29.1,195.9,3,0,965.1,1013,71.5,,
883,2025-07-02 12:00,28.9,199.6,3.3,0,964.9,1012.8,72.4,,
883,2025-07-02 13:00,29.6,221,2.7,0,964.6,1012.4,72.4,,
883,2025-07-02 14:00,29.6,240.8,2.6,0,964.3,1012.1,69.9,,
883,2025-07-02 15:00,29.5,239.1,2.7,0,964.3,1012.1,71.6,,
883,2025-07-02 16:00,29.6,225,1.4,0,964.1,1011.8,76.9,,
883,2025-07-02 17:00,28.7,225.1,1.8,0,963.5,1011.4,78.6,,
883,2025-07-02 18:00,27,209.2,1.8,0,963.3,1011.5,84,,
883,2025-07-02 19:00,25.8,203.6,1.7,0,963.4,1011.8,88.1,,
883,2025-07-02 20:00,24.3,177.1,2.2,0,963.7,1012.4,91.7,,
883,2025-07-02 21:00,23.8,184.4,2.1,0,964.1,1012.9,93.5,,
883,2025-07-02 22:00,23.8,175.8,3.4,0,964.3,1013.1,92.1,,
883,2025-07-02 23:00,23.5,177.7,3.3,0,964.2,1013,91.3,,
883,2025-07-03 00:00,23,183.9,2.8,0,964.1,1012.6,89.9,,
883,2025-07-03 01:00,22.8,176.3,3.5,0,963.7,1012.6,90.1,,
883,2025-07-03 02:00,22.7,165.7,3.4,0,963.6,1012.5,90.8,,
883,2025-07-03 03:00,22.5,176.6,3.1,0,963.2,1012.2,91.5,,
883,2025-07-03 04:00,22.7,178.1,3.1,0,963.1,1012,92.7,,
883,2025-07-03 05:00,23.1,178.6,3.7,0,962.9,1011.7,92.7,,
883,2025-07-03 06:00,23.1,186.5,2.8,0,963.1,1011.9,92.5,,
883,2025-07-03 07:00,24.4,179.1,4.2,0,963.2,1011.8,86.7,,
883,2025-07-03 08:00,26.3,195.2,2.3,0,963.8,1012.1,81.7,,
883,2025-07-03 09:00,27.2,193,2.8,0,963.7,1011.8,81.6,,
883,2025-07-03 10:00,28.6,204.6,2.8,0,963.6,1011.5,72.4,,
883,2025-07-03 11:00,28.7,202.9,3,0,963.4,1011.3,71.6,,
883,2025-07-03 12:00,29.6,216.4,2.5,0,963.3,1011,64,,
883,2025-07-03 13:00,29.2,227.3,3.2,0,962.7,1010.4,64.6,,
883,2025-07-03 14:00,29.5,222.9,2.9,0,962.3,1010,72.7,,
883,2025-07-03 15:00,29,199.6,2.6,0,962.2,1010,72.2,,
883,2025-07-03 16:00,28.4,208.1,2.6,0,962,1009.8,72.6,,
883,2025-07-03 17:00,27.3,184.6,3.1,0,961.7,1009.7,76.8,,
883,2025-07-03 18:00,26.2,208.5,3.3,0,961.7,1009.9,77.2,,
883,2025-07-03 19:00,24.9,179.4,3.8,0,961.6,1010,80.6,,
883,2025-07-03 20:00,23.6,183.8,3.6,0,961.4,1010.1,89.7,,
883,2025-07-03 21:00,22.9,167,3.1,0,962,1010.8,84.2,,
883,2025-07-03 22:00,23.3,179,4.2,0,962.4,1011.2,88.9,,
883,2025-07-03 23:00,23.4,184.9,3.4,0,962.3,1011,90.1,,
883,2025-07-04 00:00,23.4,179.9,4.6,0,961.9,1010.2,90.5,,
883,2025-07-04 01:00,23.6,176.1,5.2,0,961.4,1010.1,90.5,,
883,2025-07-04 02:00,23.5,180.3,4.2,0,960.5,1009.1,91.1,,
883,2025-07-04 03:00,23.3,190.5,3.8,0,960.1,1008.8,92.3,,
883,2025-07-04 04:00,22.9,184,3.5,0,960.2,1008.9,91.4,,
883,2025-07-04 05:00,22.6,174,4.1,0,959.9,1008.7,91.8,,
883,2025-07-04 06:00,22.8,174.6,4.2,0,960.2,1009,89.2,,
883,2025-07-04 07:00,24,167.5,4,0,961,1009.6,84.3,,
883,2025-07-04 08:00,25.9,202.1,2.2,0,961.5,1009.8,80.5,,
883,2025-07-04 09:00,27.2,196.3,2.1,0,961.4,1009.4,80.2,,
883,2025-07-04 10:00,27.5,206.5,3.1,0,961.3,1009.3,79.5,,
883,2025-07-04 11:00,27.8,217.8,3,0,961.5,1009.4,78.2,,
883,2025-07-04 12:00,28.7,204.7,3.1,0,961.3,1009.1,73.5,,
883,2025-07-04 13:00,27.9,205.2,4.1,0,960.9,1008.8,73.5,,
883,2025-07-04 14:00,28.2,202.1,3.5,0,960.7,1008.5,76.3,,
883,2025-07-04 15:00,28.5,210.5,4,0,960,1007.7,74.1,,
883,2025-07-04 16:00,27,197.3,3.7,0,959.7,1007.7,79.3,,
883,2025-07-04 17:00,26.8,196.2,3.3,0,959.4,1007.4,75.8,,
883,2025-07-04 18:00,26.1,196.7,4,0,959,1007.1,82.7,,
883,2025-07-04 19:00,24.7,186.2,3.3,0,959.3,1007.7,87,,
883,2025-07-04 20:00,23.9,173.7,4.5,0,959.1,1007.6,89.8,,
883,2025-07-04 21:00,23.8,167.3,5.2,0,959.2,1007.7,89.8,,
883,2025-07-04 22:00,23.7,170.2,3.6,0,959.5,1008,90.2,,
883,2025-07-04 23:00,23.6,165.1,4.1,0,959.3,1007.9,90.3,,
883,2025-07-05 00:00,23.4,170.3,4.1,0,959.1,1007.3,90,,
883,2025-07-05 01:00,23.4,169.2,4.3,0,959,1007.6,90.6,,
883,2025-07-05 02:00,23.3,174.7,3.6,0,959,1007.6,92.1,,
883,2025-07-05 03:00,23.4,185,2.9,0,959.1,1007.7,92.8,,
883,2025-07-05 04:00,23.3,187.7,2.4,0,959,1007.6,94.3,,
883,2025-07-05 05:00,23.2,192.9,2.2,0,959.1,1007.7,94.2,,
883,2025-07-05 06:00,23.2,198,2.1,0,959.4,1008,94.4,,
883,2025-07-05 07:00,24.1,199.3,2.3,0,959.4,1007.9,92.5,,
883,2025-07-05 08:00,24.8,212.1,2.4,0,959.5,1007.9,89.6,,
883,2025-07-05 09:00,25.3,208.1,2.8,0,959.7,1008,87.1,,
883,2025-07-05 10:00,27.4,191.5,3.2,0,959.5,1007.4,78.8,,
883,2025-07-05 11:00,28.5,202.9,2.8,0,959.5,1007.2,76.8,,
883,2025-07-05 12:00,28.2,207,3.4,0,959,1006.7,78,,
883,2025-07-05 13:00,28.8,196.5,3.6,0,958.8,1006.4,78.1,,
883,2025-07-05 14:00,29,201.6,2.4,0,958.8,1006.4,76.5,,
883,2025-07-05 15:00,29,213.6,3.2,0,958.3,1005.9,75,,
883,2025-07-05 16:00,29,203.5,3,0,957.8,1005.3,76.9,,
883,2025-07-05 17:00,26.5,195.4,2.5,0,958,1006,83.8,,
883,2025-07-05 18:00,26.5,206.2,2.7,0,957.9,1005.9,84.3,,
883,2025-07-05 19:00,24.6,200.8,2.5,0,958,1006.3,91.3,,
883,2025-07-05 20:00,23.7,190.3,2.1,0,958.2,1006.7,93.6,,
883,2025-07-05 21:00,23.4,179.9,2,0,958.4,1007,93.5,,
883,2025-07-05 22:00,23.6,202.6,2.2,0,958.9,1007.4,93.8,,
883,2025-07-05 23:00,23.7,199.8,2.4,0,959,1007.5,95.1,,
883,2025-07-06 00:00,23.7,206.1,3.2,0,958.6,1006.7,95.1,,
883,2025-07-06 01:00,23.6,209.5,3.1,0,958.5,1007,95.6,,
883,2025-07-06 02:00,23.7,210.9,3,0,958.5,1007,95.2,,
883,2025-07-06 03:00,23.7,213.7,2.8,0,958.4,1006.9,96,,
883,2025-07-06 04:00,23.7,216.9,3,0,958.3,1006.8,96.1,,
883,2025-07-06 05:00,23.7,213.7,2.5,0,958.3,1006.8,96.2,,
883,2025-07-06 06:00,23.8,215.8,2.6,0,958.3,1006.8,96,,
883,2025-07-06 07:00,24.6,207.9,2.9,0,958.6,1006.9,93.2,,
883,2025-07-06 08:00,26.4,212.2,2.9,0,959,1007,87.8,,
883,2025-07-06 09:00,27.1,216.7,3.6,0,958.9,1006.8,84.5,,
883,2025-07-06 10:00,27,229.9,3.4,0,959,1006.9,86.9,,
883,2025-07-06 11:00,28,226,2.8,0,958.9,1006.7,81.2,,
883,2025-07-06 12:00,29,244.1,2.3,0,958.6,1006.2,78.6,,
883,2025-07-06 13:00,29.4,268.8,2.2,0,958.3,1005.8,77.5,,
883,2025-07-06 14:00,29.1,243.7,2.7,0,957.9,1005.4,75.4,,
883,2025-07-06 15:00,28.8,231.3,2.9,0,957.3,1004.8,80,,
883,2025-07-06 16:00,28.7,231.7,3.5,0,956.9,1004.4,82.6,,
883,2025-07-06 17:00,28.8,207,2.9,0,956.9,1004.4,81.8,,
883,2025-07-06 18:00,26.7,206.2,2.5,0,957.3,1005.2,87.7,,
883,2025-07-06 19:00,26.3,214.1,1.8,0,957.5,1005.5,88.6,,
883,2025-07-06 20:00,24.6,185.2,2.4,0,957.8,1006.1,92,,
883,2025-07-06 21:00,24.6,184.5,2,0,958.2,1006.5,92.8,,
883,2025-07-06 22:00,23.5,190.6,1.7,0,958.6,1007.1,94,,
883,2025-07-06 23:00,24,217.9,2.7,0,958.7,1007.2,95.6,,
883,2025-07-07 00:00,23.7,205.3,1.4,0,958.4,1006.5,95.7,,
883,2025-07-07 01:00,23.4,174.1,3.3,0,958,1006.5,94.3,,
883,2025-07-07 02:00,23.6,185.3,2.2,0,958.1,1006.6,94.6,,
883,2025-07-07 03:00,23.3,207.9,1.2,0,958,1006.5,96.7,,
883,2025-07-07 04:00,23.1,162,2.7,0,957.9,1006.5,95.6,,
883,2025-07-07 05:00,22.6,156.6,2,0,957.8,1006.5,94.5,,
883,2025-07-07 06:00,22.3,166.9,2.3,0,957.8,1006.5,94.3,,
883,2025-07-07 07:00,25,135.7,1.2,0,958,1006.2,88.4,,
883,2025-07-07 08:00,27.2,37.6,.7,0,957.9,1005.7,76.3,,
883,2025-07-07 09:00,28,344.8,1.5,0,957.9,1005.6,75.6,,
883,2025-07-07 10:00,30.1,349.4,1.5,0,957.8,1005.2,75.9,,
883,2025-07-07 11:00,29.1,241.8,1,0,958.1,1005.6,77.1,,
883,2025-07-07 12:00,28.2,301.7,2.1,0,958,1005.7,83.4,,
883,2025-07-07 13:00,29.1,359.9,2.9,0,957.7,1005.2,83.7,,
883,2025-07-07 14:00,29.2,321.6,2.5,0,957.4,1004.9,80.7,,
883,2025-07-07 15:00,29,336.1,1.7,0,957.4,1004.9,83.5,,
883,2025-07-07 16:00,27.3,319.1,3.3,0,957.4,1005.2,86.5,,
883,2025-07-07 17:00,26.9,319.1,3.2,0,957.2,1005.1,86.5,,
883,2025-07-07 18:00,27.7,312.3,2.1,0,957.2,1004.9,83.6,,
883,2025-07-07 19:00,25.7,309.3,1.7,0,957.2,1005.3,91,,
883,2025-07-07 20:00,24.8,47.6,1.7,0,956.9,1005.1,92.8,,
883,2025-07-07 21:00,24.6,27.9,2.8,0,957.4,1005.7,93.5,,
883,2025-07-07 22:00,23.6,89.5,2.5,0,958.2,1006.7,90.5,,
883,2025-07-07 23:00,23,107.8,2.3,0,957.9,1006.5,90.4,,
883,2025-07-08 00:00,22.1,121.9,1.2,0,958.2,1006.7,92,,
883,2025-07-08 01:00,22.1,100.5,2.9,0,958.1,1006.9,92.7,,
883,2025-07-08 02:00,22.1,90.7,2.7,0,957.9,1006.7,92.6,,
883,2025-07-08 03:00,22.2,99.6,2.9,0,957.5,1006.2,92.8,,
883,2025-07-08 04:00,20.7,97.8,2.7,0,957.8,1006.8,89.7,,
883,2025-07-08 05:00,21.4,102.3,3.3,0,957.9,1006.8,91,,
883,2025-07-08 06:00,22.6,98.8,3.2,0,957.8,1006.5,88,,
883,2025-07-08 07:00,24.6,90.9,2.8,0,957.9,1006.2,82.7,,
883,2025-07-08 08:00,26.9,217.2,1.1,0,958,1005.9,78.5,,
883,2025-07-08 09:00,27,260.5,1.4,0,958.2,1006.1,82.6,,
883,2025-07-08 10:00,27.4,296.8,2.5,0,958.3,1006.1,81.9,,
883,2025-07-08 11:00,27.8,297.1,1.8,0,958.2,1006,81.1,,
883,2025-07-08 12:00,30.1,297.1,2.9,0,957.8,1005.2,80.1,,
883,2025-07-08 13:00,30.6,298.7,4.4,0,957.4,1004.7,74.3,,
883,2025-07-08 14:00,30,297,5.2,0,957.3,1004.6,75.5,,
883,2025-07-08 15:00,30.9,260,2.7,0,957.2,1004.4,73.1,,
883,2025-07-08 16:00,30.2,279.8,3.5,0,957,1004.3,76.3,,
883,2025-07-08 17:00,28.4,274.1,2.9,0,956.9,1004.5,81.9,,
883,2025-07-08 18:00,28.3,294.9,2.4,0,956.9,1004.5,81.1,,
883,2025-07-08 19:00,27.2,275.6,.5,0,957,1004.8,85,,
883,2025-07-08 20:00,25.2,12.7,.8,0,957.7,1005.9,90.7,,
883,2025-07-08 21:00,25,0,.1,0,958.3,1006.6,91.1,,
883,2025-07-08 22:00,24.3,192.9,.6,0,958.7,1007.1,92,,
883,2025-07-08 23:00,23.8,164.8,1.5,0,958.7,1007.2,93.3,,
883,2025-07-09 00:00,23.8,99.9,2.4,0,958.9,1007,90,,
883,2025-07-09 01:00,24.6,85.3,2.4,0,958.5,1006.8,78.1,,
883,2025-07-09 02:00,27.2,133.3,5.8,0,958.4,1006.3,68.5,,
883,2025-07-09 03:00,24.2,91.9,2,0,958.2,1006.6,85.7,,
883,2025-07-09 04:00,23.7,92.5,2.6,0,958.1,1006.6,85.2,,
883,2025-07-09 05:00,23.7,122.5,2.3,0,958.2,1006.7,82.8,,
883,2025-07-09 06:00,23.5,27.9,2.9,0,958.6,1007.1,84.5,,
883,2025-07-09 07:00,24.8,195.6,.5,0,959.1,1007.4,83.9,,
883,2025-07-09 08:00,25.4,137.2,.9,0,959.3,1007.5,85.4,,
883,2025-07-09 09:00,27.3,0,0,0,959.3,1007.2,79,,
883,2025-07-09 10:00,28.5,341,1.9,0,959.5,1007.2,76,,
883,2025-07-09 11:00,29.2,330,1.8,0,959.5,1007.1,76.3,,
883,2025-07-09 12:00,27.7,281.1,2.8,0,959.3,1007.1,82.2,,
883,2025-07-09 13:00,28.3,288.2,1.4,0,958.7,1006.4,81.9,,
883,2025-07-09 14:00,25.6,18.2,3.5,2.5,958.3,1006.4,92.9,,
883,2025-07-09 15:00,28.2,271.1,1.6,6.5,958.5,1006.2,89.1,,
883,2025-07-09 16:00,28.4,200.7,1.3,0,958.2,1005.9,86.3,,
883,2025-07-09 17:00,28.3,258.1,3,0,958,1005.7,79.8,,
883,2025-07-09 18:00,25.9,286.6,2.4,1.5,958.1,1006.2,89.5,,
883,2025-07-09 19:00,25.5,309.8,1.6,0,958.5,1006.7,93.9,,
883,2025-07-09 20:00,24.6,0,.1,0,958.7,1007,94.8,,
883,2025-07-09 21:00,24.4,98.7,2,0,959.2,1007.6,93.1,,
883,2025-07-09 22:00,24,101.9,2.2,0,959.9,1008.4,89.9,,
883,2025-07-09 23:00,24.6,124.9,3.2,0,959.9,1008.3,81.6,,
883,2025-07-10 00:00,24.4,134.8,3,0,959.6,1008,81.6,,
883,2025-07-10 01:00,23,79.8,2.5,0,959.5,1008.2,88.1,,
883,2025-07-10 02:00,23.3,119,1.8,0,959.3,1007.9,88.1,,
883,2025-07-10 03:00,21.7,67.3,1.4,0,959.2,1008.1,92.2,,
883,2025-07-10 04:00,22.4,124.4,1.9,0,958.6,1007.4,90.3,,
883,2025-07-10 05:00,22.1,124.2,2.4,0,958.5,1007.3,90.2,,
883,2025-07-10 06:00,22.4,96.6,2.9,0,958.6,1007.4,87.3,,
883,2025-07-10 07:00,24.3,104.2,3.9,0,958.9,1007.3,84.7,,
883,2025-07-10 08:00,24.5,233.8,1,0,959.3,1007.7,85.9,,
883,2025-07-10 09:00,25.9,268.1,1,0,959.2,1007.3,87,,
883,2025-07-10 10:00,28.2,227.6,1.4,0,959.4,1007.2,77.6,,
883,2025-07-10 11:00,28.8,309.1,2.8,0,959.2,1006.8,78.4,,
883,2025-07-10 12:00,30.2,271,2,0,959.2,1006.6,69.6,,
883,2025-07-10 13:00,28.3,59.1,5.2,0,959.1,1006.8,75.1,,
883,2025-07-10 14:00,29.4,50.7,6.2,0,958.7,1006.2,73.3,,
883,2025-07-10 15:00,28.7,51.6,6.2,0,958.7,1006.3,73.1,,
883,2025-07-10 16:00,28,64.2,6.7,0,958.6,1006.3,75.9,,
883,2025-07-10 17:00,27.9,49.6,6.5,0,958.5,1006.3,71.6,,
883,2025-07-10 18:00,27.4,75.3,5,0,958.2,1006,73,,
883,2025-07-10 19:00,25.6,33.7,6.1,0,958.1,1006.2,80.6,,
883,2025-07-10 20:00,24.7,59.8,4.3,0,958.5,1006.8,79.8,,
883,2025-07-10 21:00,24,117.1,1.8,0,959.2,1007.7,84.6,,
883,2025-07-10 22:00,23.3,154.9,1.6,0,959.4,1008,89.5,,
883,2025-07-10 23:00,24.4,275.3,1.5,0,959.4,1007.8,83.1,,
883,2025-07-11 00:00,24.3,24,1.6,0,959.1,1007.5,85.6,,
883,2025-07-11 01:00,23.5,56.1,2.7,0,958.6,1007.1,88.5,,
883,2025-07-11 02:00,23.6,37.8,2.5,0,958,1006.5,87.5,,
883,2025-07-11 03:00,24.6,83.2,1.9,0,958.1,1006.4,83.5,,
883,2025-07-11 04:00,24.3,82.9,4.6,0,958.2,1006.6,84.2,,
883,2025-07-11 05:00,23.5,296.6,1.3,0,958.6,1007.1,88.2,,
883,2025-07-11 06:00,22.6,57,2,0,958.2,1006.9,92.3,,
883,2025-07-11 07:00,25.5,3.9,1.8,0,958.4,1006.6,83.5,,
883,2025-07-11 08:00,24.8,26.7,2.8,0,958.5,1006.8,85.1,,
883,2025-07-11 09:00,25.8,235.1,.9,0,958.9,1007,85.4,,
883,2025-07-11 10:00,25.9,253.5,2.2,0,959.1,1007.2,84.7,,
883,2025-07-11 11:00,28.3,223.8,2.3,0,959.1,1006.8,79.6,,
883,2025-07-11 12:00,30,41.3,3,0,959.2,1006.6,73.6,,
883,2025-07-11 13:00,28.7,61.6,2.9,0,959.3,1007,73.8,,
883,2025-07-11 14:00,28.9,42.1,3.1,0,959.3,1006.9,77.5,,
883,2025-07-11 15:00,28.1,322.3,2.9,0,959.2,1007,77.9,,
883,2025-07-11 16:00,27.3,52.6,5.2,0,959.3,1007.2,79.5,,
883,2025-07-11 17:00,27.7,55.5,4.5,0,959.1,1006.9,74.9,,
883,2025-07-11 18:00,26.2,28,3.7,0,959.2,1007.3,82.7,,
883,2025-07-11 19:00,25,274.6,1.2,0,959.7,1008,86.2,,
883,2025-07-11 20:00,24.3,226.3,.6,0,960,1008.5,87.8,,
883,2025-07-11 21:00,24.1,183.3,.7,0,960.6,1009.1,88.2,,
883,2025-07-11 22:00,23.8,98.8,1,0,960.6,1009.2,90,,
883,2025-07-11 23:00,23.8,0,.4,0,960.6,1009.2,90.3,,
883,2025-07-12 00:00,23.2,260.3,1,0,960.1,1008.4,90.7,,
883,2025-07-12 01:00,23.4,104.6,1.6,0,959.6,1008.2,89.4,,
883,2025-07-12 02:00,23.4,91.3,1.2,0,959.1,1007.7,89,,
883,2025-07-12 03:00,22.4,246.9,.7,0,958.6,1007.4,92.4,,
883,2025-07-12 04:00,22.9,167.1,1,0,958.8,1007.5,90.2,,
883,2025-07-12 05:00,25.9,126.9,3.7,0,958.5,1006.6,76,,
883,2025-07-12 06:00,26.3,141.2,5.1,0,958.9,1007,73,,
883,2025-07-12 07:00,23.5,37.3,2.9,0,959,1007.6,88.6,,
883,2025-07-12 08:00,24.8,29.8,2.3,0,959.2,1007.5,85.5,,
883,2025-07-12 09:00,26,32.8,2.1,0,959.1,1007.2,82.8,,
883,2025-07-12 10:00,25.5,251.8,1.2,0,959.1,1007.3,85.1,,
883,2025-07-12 11:00,25.5,284.1,1.2,0,959.3,1007.5,86.5,,
883,2025-07-12 12:00,25.4,314,.6,0,959.1,1007.3,84.4,,
883,2025-07-12 13:00,25.2,278,1.2,0,958.8,1007,86.4,,
883,2025-07-12 14:00,24.2,251.1,1.5,0,958.4,1006.8,91.3,,
883,2025-07-12 15:00,24,259.8,.8,0,958.1,1006.5,92.6,,
883,2025-07-12 16:00,23.7,0,0,.5,957.7,1006.2,95,,
883,2025-07-12 17:00,23.6,269.3,1.2,0,957.7,1006.2,94.7,,
883,2025-07-12 18:00,23.3,234.1,.5,0,957.8,1006.3,95.4,,
883,2025-07-12 19:00,23.4,30.7,1.5,0,958,1006.5,96.3,,
883,2025-07-12 20:00,22.9,0,0,0,957.6,1006.2,96.9,,
883,2025-07-12 21:00,23,187.9,1,.5,957.2,1005.8,96.7,,
883,2025-07-12 22:00,22.7,44.9,1,0,957.1,1005.7,96.6,,
883,2025-07-12 23:00,22.5,186.4,.8,0,957.2,1005.9,97,,
883,2025-07-13 00:00,22.3,0,.4,0,956.8,1005.2,96.9,,
883,2025-07-13 01:00,23.2,260.8,1,0,956.4,1004.9,91.1,,
883,2025-07-13 02:00,22.3,199.8,.7,0,956.1,1004.7,96.2,,
883,2025-07-13 03:00,22.3,229.3,.6,0,955.4,1004,96.2,,
883,2025-07-13 04:00,22.4,0,.4,1,954.8,1003.4,96.8,,
883,2025-07-13 05:00,22.8,81.4,2.5,0,954.7,1003.2,93.8,,
883,2025-07-13 06:00,22.4,50.8,3.9,0,954.5,1003,94.3,,
883,2025-07-13 07:00,22.2,40.5,2.3,0,954.6,1003.2,96.2,,
883,2025-07-13 08:00,22.2,59.2,4.8,0,954,1002.6,94.1,,
883,2025-07-13 09:00,23.1,23,4.7,0,953.6,1002,93.3,,
883,2025-07-13 10:00,23.2,54.5,3.7,0,953.2,1001.5,91.7,,
883,2025-07-13 11:00,25.8,58.4,4,0,952.8,1000.6,86,,
883,2025-07-13 12:00,24.1,55.6,3.7,0,952.6,1000.7,88.6,,
883,2025-07-13 13:00,24.6,50.8,3.7,0,951.7,999.7,87.8,,
883,2025-07-13 14:00,24.5,30.2,6.8,0,951.5,999.5,87.5,,
883,2025-07-13 15:00,21.3,31.7,5.7,0,951.4,1000,96.4,,
883,2025-07-13 16:00,21.3,42.2,4.6,.5,951.3,999.9,96.7,,
883,2025-07-13 17:00,21.3,32,9.2,6,950.8,999.4,97.1,,
883,2025-07-13 18:00,21.2,46.4,7.5,1,949.6,998.1,97.8,,
883,2025-07-13 19:00,20.7,42,6.8,0,949.8,998.4,95.7,,
883,2025-07-13 20:00,20.7,61.8,5.1,0,950.2,998.8,97.5,,
883,2025-07-13 21:00,20.9,46.9,6.1,0,949.7,998.3,95.6,,
883,2025-07-13 22:00,20.8,64.1,5.5,0,949.6,998.2,95.4,,
883,2025-07-13 23:00,20,38,5,.5,949.8,998.6,95.9,,
883,2025-07-14 00:00,19.7,40.8,5.4,0,948.9,997.6,94.2,,
883,2025-07-14 01:00,20,29.7,6.3,0,949.1,997.8,96.6,,
883,2025-07-14 02:00,20.4,26.3,6.6,0,949,997.6,97.5,,
883,2025-07-14 03:00,20.3,23,7,0,948.8,997.5,97.5,,
883,2025-07-14 04:00,20.2,25.2,7.1,0,948.5,997.2,97.6,,
883,2025-07-14 05:00,20.1,33.9,4.7,0,948.4,997.1,96.9,,
883,2025-07-14 06:00,20.3,23.9,4.7,0,948.6,997.2,97.1,,
883,2025-07-14 07:00,20.6,33.8,4,0,948.6,997.2,93.4,,
883,2025-07-14 08:00,22.7,29.8,5,0,949,997.2,91.1,,
883,2025-07-14 09:00,23.5,32.2,4.8,0,949.1,997.2,89,,
883,2025-07-14 10:00,23.9,31.9,4.8,0,948.9,996.9,88.2,,
883,2025-07-14 11:00,25,35.7,2.3,0,948.7,996.5,89.1,,
883,2025-07-14 12:00,24.5,301.1,4.6,0,948.3,996.1,89,,
883,2025-07-14 13:00,25.3,43.7,3,0,947.9,995.6,86,,
883,2025-07-14 14:00,24.3,43.2,4.2,0,947.6,995.4,88.8,,
883,2025-07-14 15:00,23.6,22.3,4.5,0,947.6,995.6,88.9,,
883,2025-07-14 16:00,24,2.7,4.8,0,947.3,995.2,87.7,,
883,2025-07-14 17:00,21.8,28.2,2.9,8,947.5,995.8,95.8,,
883,2025-07-14 18:00,22.3,38.4,4.7,0,947.5,995.7,95.2,,
883,2025-07-14 19:00,21.8,39.1,4.4,0,948,996.3,93.3,,
883,2025-07-14 20:00,21.4,25.4,3.5,0,948.1,996.5,94.3,,
883,2025-07-14 21:00,21.1,28.2,3.4,0,948.4,996.9,94.4,,
883,2025-07-14 22:00,21.1,26.2,3.2,0,948.3,996.8,93,,
883,2025-07-14 23:00,20.7,38.5,3.1,0,948,996.5,93.3,,
883,2025-07-15 00:00,20.8,48.9,2.7,0,947.8,996.1,93.6,,
883,2025-07-15 01:00,21,31.6,4.1,0,947.6,996.1,93.8,,
883,2025-07-15 02:00,21,26.2,2.8,0,947.6,996.1,95.8,,
883,2025-07-15 03:00,21,25.1,2.4,0,947.6,996.1,94.7,,
883,2025-07-15 04:00,21,318.9,2,0,947.5,996,95.6,,
883,2025-07-15 05:00,21.1,294.3,4.1,0,947.8,996.2,96.6,,
883,2025-07-15 06:00,21,22.8,2.9,0,948.4,996.9,96.6,,
883,2025-07-15 07:00,21.8,28.6,2.6,0,948.7,997.1,89.5,,
883,2025-07-15 08:00,24.3,12.1,2.4,0,949.1,997,85.9,,
883,2025-07-15 09:00,22.9,3.6,2.3,0,949.5,997.7,87.1,,
883,2025-07-15 10:00,22,316.3,1.9,.5,949.8,998.2,91.4,,
883,2025-07-15 11:00,22.7,287.1,2.2,0,950,998.3,89.6,,
883,2025-07-15 12:00,23.9,298.7,4,0,950.2,998.2,85.1,,
883,2025-07-15 13:00,25.2,282.7,3.5,0,950.1,997.9,81,,
883,2025-07-15 14:00,24.5,287.6,3.8,0,950.1,998,82.5,,
883,2025-07-15 15:00,24.7,295.3,4.3,0,950.4,998.3,86.8,,
883,2025-07-15 16:00,25.4,288.7,3.2,0,950.7,998.5,79.8,,
883,2025-07-15 17:00,25.1,261.3,2.9,0,950.9,998.8,74.9,,
883,2025-07-15 18:00,24.1,245.1,2.4,0,951.3,999.4,73.9,,
883,2025-07-15 19:00,23,213.2,1.2,0,951.8,1000.1,83.3,,
883,2025-07-15 20:00,21.2,194.7,1.3,0,952,1000.6,93.4,,
883,2025-07-15 21:00,21.5,203.1,2.3,0,952.3,1000.9,95,,
883,2025-07-15 22:00,21.1,192.5,2.2,0,953.2,1001.9,94.6,,
883,2025-07-15 23:00,21.3,195.1,2.1,0,953.4,1002.1,95.3,,
883,2025-07-16 00:00,21.9,201.8,3.2,0,953.6,1001.9,94.3,,
883,2025-07-16 01:00,22.1,207.1,3.8,0,953.2,1001.7,93.9,,
883,2025-07-16 02:00,22.4,200.9,4.1,0,953.1,1001.6,93.8,,
883,2025-07-16 03:00,22.4,204.2,3.8,0,953.1,1001.6,93,,
883,2025-07-16 04:00,22.4,201.8,4.1,0,953.3,1001.8,93.5,,
883,2025-07-16 05:00,22.5,197.6,4.1,0,953.8,1002.3,93.1,,
883,2025-07-16 06:00,22.5,198,3.9,0,954,1002.5,92.1,,
883,2025-07-16 07:00,22.9,194.6,3.9,0,954.6,1003.1,91.3,,
883,2025-07-16 08:00,23.4,186.6,5.1,0,955,1003.4,89.7,,
883,2025-07-16 09:00,23.9,186.2,5,0,955.2,1003.5,88.6,,
883,2025-07-16 10:00,23.8,178.3,6.5,0,954.9,1003.2,86.2,,
883,2025-07-16 11:00,23.8,169.9,8,0,955.4,1003.7,86.3,,
883,2025-07-16 12:00,24.2,168.5,8.5,0,955.4,1003.7,75.1,,
883,2025-07-16 13:00,25.7,172.5,7.5,0,955.4,1003.4,70.6,,
883,2025-07-16 14:00,24.9,172.3,7.5,0,954.9,1003,72.3,,
883,2025-07-16 15:00,23.3,161.1,8,0,954.5,1002.9,83.4,,
883,2025-07-16 16:00,23.8,153.5,9.6,0,954.3,1002.6,84.1,,
883,2025-07-16 17:00,24,156.2,9.3,0,954,1002.2,87.2,,
883,2025-07-16 18:00,24.2,162.4,8.6,0,954,1002.2,92.1,,
883,2025-07-16 19:00,24.2,174.8,5.3,0,955,1003.2,95.3,,
883,2025-07-16 20:00,24.5,182.4,5.1,0,955.2,1003.4,96.3,,
883,2025-07-16 21:00,24.5,185.1,5.8,0,955.2,1003.4,97.7,,
883,2025-07-16 22:00,24.6,182.7,6.1,0,955.6,1003.8,97.7,,
883,2025-07-16 23:00,24.8,193.8,6.2,0,955.9,1004.1,98,,
883,2025-07-17 00:00,24.7,209.1,6.2,0,956,1004.2,97.7,,
883,2025-07-17 01:00,24.6,196.2,5.8,0,955.7,1003.9,97.5,,
883,2025-07-17 02:00,24.7,201.9,6.4,0,955.8,1004,96.9,,
883,2025-07-17 03:00,24.8,204.4,6,0,955.7,1003.9,95.6,,
883,2025-07-17 04:00,24.8,223.8,5.3,0,955.9,1004.1,96.7,,
883,2025-07-17 05:00,25,216,5.3,0,955.7,1003.8,96.3,,
883,2025-07-17 06:00,24.9,216.7,4.7,0,955.9,1004.1,97.6,,
883,2025-07-17 07:00,24.9,224.4,5.2,0,956.1,1004.3,97.3,,
883,2025-07-17 08:00,25.1,224.6,5.5,0,956.5,1004.6,96.3,,
883,2025-07-17 09:00,25.2,209.8,5.6,0,956.2,1004.3,96.1,,
883,2025-07-17 10:00,25.2,218.7,6.8,0,956.6,1004.7,96.4,,
883,2025-07-17 11:00,25.3,213.3,6.6,0,957,1005.1,94.7,,
883,2025-07-17 12:00,25.5,210.7,5.7,0,957.2,1005.3,93.8,,
883,2025-07-17 13:00,25.9,206.7,6.3,0,957,1005,90.8,,
883,2025-07-17 14:00,25.5,209.1,5.5,0,956.6,1004.7,92.7,,
883,2025-07-17 15:00,25.9,205.7,5.7,0,956.3,1004.3,90.1,,
883,2025-07-17 16:00,25.9,205.5,6.9,0,955.9,1003.9,91.4,,
883,2025-07-17 17:00,25.5,198.6,6.3,0,955.8,1003.8,91.3,,
883,2025-07-17 18:00,25.6,201.4,5.9,0,955.9,1003.9,92.2,,
883,2025-07-17 19:00,25.1,190.9,6,0,956.1,1004.2,92.7,,
883,2025-07-17 20:00,24.9,194.5,5.9,0,956.8,1005,92.6,,
883,2025-07-17 21:00,24.8,196.2,4.9,0,957.1,1005.3,93.2,,
883,2025-07-17 22:00,24.9,201.2,5.3,0,957.7,1005.9,93.9,,
883,2025-07-17 23:00,24.7,196.5,4.8,0,957.6,1005.9,94.2,,
883,2025-07-18 00:00,24.6,190.7,5.4,0,957.9,1006.2,93.9,,
883,2025-07-18 01:00,24.1,195.4,4.4,1.5,957.7,1006.1,96.2,,
883,2025-07-18 02:00,23.9,199.2,3.8,0,957.8,1006.2,96.3,,
883,2025-07-18 03:00,24.2,186.5,3.7,.5,957.3,1005.6,96.3,,
883,2025-07-18 04:00,24.2,224.6,1.8,0,957.4,1005.8,96.7,,
883,2025-07-18 05:00,24,195.3,1.4,4,957.6,1006,97,,
883,2025-07-18 06:00,23.4,155,2.2,0,957.1,1005.6,96.4,,
883,2025-07-18 07:00,24.5,164.3,3.4,0,957.5,1005.8,95.8,,
883,2025-07-18 08:00,25.9,163.3,3.5,0,957.7,1005.8,92.2,,
883,2025-07-18 09:00,25.3,167.7,4.1,0,957.5,1005.7,91.9,,
883,2025-07-18 10:00,26.7,165.6,6.5,0,956.9,1004.8,89.2,,
883,2025-07-18 11:00,27.8,165.4,7.6,0,956.5,1004.2,86.3,,
883,2025-07-18 12:00,27.9,168,4.2,0,957.6,1005.3,85.6,,
883,2025-07-18 13:00,27.5,169,4.3,0,957.6,1005.4,86.4,,
883,2025-07-18 14:00,25.5,193.7,4.8,3.5,957,1005.1,96.2,,
883,2025-07-18 15:00,25.4,202.5,5,0,957.2,1005.3,96.6,,
883,2025-07-18 16:00,24.2,182.9,4.3,1.5,957.4,1005.8,97.5,,
883,2025-07-18 17:00,23.7,205.7,4.3,12.5,957.4,1005.8,97.9,,
883,2025-07-18 18:00,24,195.6,4.3,14.5,957.7,1006.1,98.1,,
883,2025-07-18 19:00,24.2,188.9,5.3,0,957.9,1006.3,98.4,,
883,2025-07-18 20:00,22.6,179.9,5.3,4,958.4,1007.1,97.8,,
883,2025-07-18 21:00,23.6,192.1,5.6,1.5,958.6,1007.1,98.3,,
883,2025-07-18 22:00,24.2,198.3,5.5,4.5,958.8,1007.2,98.1,,
883,2025-07-18 23:00,24.5,195.6,5.9,1,959,1007.4,98.3,,
883,2025-07-19 00:00,24.5,210.6,6.1,0,958.7,1007,98.6,,
883,2025-07-19 01:00,23.7,196.6,6.3,0,958.2,1006.7,98.2,,
883,2025-07-19 02:00,23.6,190.5,7.5,0,958.2,1006.7,98.4,,
883,2025-07-19 03:00,23.4,193.4,6.3,0,958.3,1006.8,97.8,,
883,2025-07-19 04:00,24.1,205.1,6.2,0,958.5,1006.9,98,,
883,2025-07-19 05:00,24.4,214.5,5.1,0,959.1,1007.5,97.6,,
883,2025-07-19 06:00,23.7,192.1,6.8,0,959.4,1007.9,97.3,,
883,2025-07-19 07:00,24.1,190.8,6.6,0,959.2,1007.7,97.6,,
883,2025-07-19 08:00,24.4,189,7.1,0,959.3,1007.7,98.1,,
883,2025-07-19 09:00,24,194.7,5.2,0,960.2,1008.7,95.1,,
883,2025-07-19 10:00,24.5,206.6,4.5,0,960.8,1009.3,95.2,,
883,2025-07-19 11:00,25,206.9,3.8,0,961.2,1009.6,94.5,,
883,2025-07-19 12:00,25,205.7,4.3,0,961.3,1009.7,93.8,,
883,2025-07-19 13:00,25.1,202.2,4.7,1.5,961.2,1009.6,96.1,,
883,2025-07-19 14:00,26.2,187.8,5.2,0,961.2,1009.4,92.7,,
883,2025-07-19 15:00,26.5,189.4,6.3,0,961.1,1009.2,89.3,,
883,2025-07-19 16:00,26.8,188.5,6.1,0,961.1,1009.2,88.1,,
883,2025-07-19 17:00,25.5,182.9,5.2,0,961.1,1009.4,90,,
883,2025-07-19 18:00,25,178.8,7.5,0,960.6,1009,88.6,,
883,2025-07-19 19:00,24.7,172.7,9.1,0,960.6,1009,88.7,,
883,2025-07-19 20:00,24.4,166.8,5.7,0,962.1,1010.7,90.3,,
883,2025-07-19 21:00,24.4,166.3,5.1,0,962.7,1011.3,90.5,,
883,2025-07-19 22:00,24.5,160.5,5.6,0,963.2,1011.8,90.2,,
883,2025-07-19 23:00,24.4,162.6,7,0,962.8,1011.4,90.2,,
883,2025-07-20 00:00,24.2,156.9,6.8,0,962.1,1010.7,88.1,,
883,2025-07-20 01:00,24,151,5.6,0,961.9,1010.5,87.8,,
883,2025-07-20 02:00,23.9,142.3,5.4,0,961.7,1010.3,88.8,,
883,2025-07-20 03:00,23.8,147.9,4.6,0,961.5,1010.1,88,,
883,2025-07-20 04:00,24,139.5,5.3,0,961.5,1010.1,88.7,,
883,2025-07-20 05:00,24.1,142,5.6,0,961.9,1010.5,91.5,,
883,2025-07-20 06:00,24.1,153.4,5.3,0,962.5,1011.1,92.3,,
883,2025-07-20 07:00,24.3,152.2,4.4,0,963.2,1011.8,91.7,,
883,2025-07-20 08:00,25.2,141.7,4.4,0,963.6,1012.1,89.4,,
883,2025-07-20 09:00,25,152.2,4.7,0,963.7,1012.2,90.8,,
883,2025-07-20 10:00,25.8,148.7,5.2,0,963.4,1011.8,88.8,,
883,2025-07-20 11:00,27.4,150.1,6.4,0,963.1,1011.2,84.2,,
883,2025-07-20 12:00,26.5,159.6,6.3,0,963.1,1011.3,88,,
883,2025-07-20 13:00,28.1,160.1,5.1,0,962.8,1010.7,83.8,,
883,2025-07-20 14:00,28,154.4,5.9,0,962.4,1010.3,84.5,,
883,2025-07-20 15:00,27.1,156.5,6.4,0,962.2,1010.3,85.9,,
883,2025-07-20 16:00,26.2,147.5,5.3,0,962.3,1010.5,86.5,,
883,2025-07-20 17:00,26.8,155.9,6,0,962.4,1010.5,85.1,,
883,2025-07-20 18:00,25.5,144,5.6,0,962.4,1010.8,88.1,,
883,2025-07-20 19:00,25.1,143.7,4.4,0,962.9,1011.4,88.6,,
883,2025-07-20 20:00,24.5,136,3.5,0,963.3,1011.9,89.4,,
883,2025-07-20 21:00,24.2,148.2,3.9,0,963.8,1012.5,91.1,,
883,2025-07-20 22:00,24.2,159.9,3.9,0,964.3,1013,92.2,,
883,2025-07-20 23:00,24.2,175.9,4.1,0,964.6,1013.3,93.9,,
883,2025-07-21 00:00,24.2,180.9,4.1,0,964.7,1013.4,95.4,,
883,2025-07-21 01:00,24.1,175,4.6,.5,964.5,1013.2,95.3,,
883,2025-07-21 02:00,24.1,179.9,4.3,0,964.3,1013,95.9,,
883,2025-07-21 03:00,24,175.7,4.7,0,964,1012.7,95.3,,
883,2025-07-21 04:00,24,177.2,4.9,0,964,1012.7,94.3,,
883,2025-07-21 05:00,24,168.7,5.9,0,963.8,1012.5,93.8,,
883,2025-07-21 06:00,23.9,169.5,5.5,0,964,1012.7,93.9,,
883,2025-07-21 07:00,24.5,174.8,5.4,0,964.2,1012.8,93.3,,
883,2025-07-21 08:00,25.7,173.9,5.5,0,964.4,1012.8,90.3,,
883,2025-07-21 09:00,25.6,183.8,3.9,0,965.2,1013.7,91.7,,
883,2025-07-21 10:00,27.2,185.9,4,.5,965.4,1013.6,88,,
883,2025-07-21 11:00,27,189.8,3.8,0,965.9,1014.2,87.9,,
883,2025-07-21 12:00,28.3,190.6,3.9,0,966,1014.1,85.3,,
883,2025-07-21 13:00,28.3,186.6,5.3,0,965.6,1013.6,79.6,,
883,2025-07-21 14:00,28.7,185.5,5.2,0,965.3,1013.3,77.1,,
883,2025-07-21 15:00,29.2,175.2,3.8,0,965.1,1013,75.4,,
883,2025-07-21 16:00,28.2,187.9,3.9,0,964.9,1012.9,75.9,,
883,2025-07-21 17:00,27.8,172.4,5,0,964.8,1012.9,79.9,,
883,2025-07-21 18:00,26.9,159.5,4.5,0,964.8,1013,82.1,,
883,2025-07-21 19:00,25.7,162.8,5,0,964.7,1013.2,84.6,,
883,2025-07-21 20:00,24.8,125.3,3.4,0,965,1013.6,80.4,,
883,2025-07-21 21:00,24.8,137.5,3.6,0,965.4,1014,79.1,,
883,2025-07-21 22:00,24.6,145.4,3.7,0,965.6,1014.3,82.9,,
883,2025-07-21 23:00,24.6,131.9,3.5,0,965.6,1014.3,82.2,,
883,2025-07-22 00:00,24.4,131.5,4,0,965.5,1014.2,81.9,,
883,2025-07-22 01:00,23.7,147.4,2.7,0,965.4,1014.2,87.5,,
883,2025-07-22 02:00,23.8,152.1,3.4,0,964.9,1013.7,88.3,,
883,2025-07-22 03:00,23.6,150.1,3.5,0,965.1,1014,87.8,,
883,2025-07-22 04:00,24.1,133.5,4.5,0,964.9,1013.6,88.7,,
883,2025-07-22 05:00,23.3,149.3,3.5,0,964.9,1013.8,90.3,,
883,2025-07-22 06:00,23.9,128.2,4,0,964.8,1013.6,85.7,,
883,2025-07-22 07:00,24.8,116.6,3.3,0,965.1,1013.7,83.8,,
883,2025-07-22 08:00,26.1,149.1,3.7,0,965.5,1013.9,83.9,,
883,2025-07-22 09:00,27.8,144.8,4,0,965.6,1013.7,78.5,,
883,2025-07-22 10:00,27.8,159.2,4.7,0,965.6,1013.7,80.2,,
883,2025-07-22 11:00,27,336.3,2.4,0,965.7,1014,84.2,,
883,2025-07-22 12:00,28.9,153.9,5.3,0,965.5,1013.4,74.5,,
883,2025-07-22 13:00,29.3,166.8,4.3,0,965.2,1013.1,74.6,,
883,2025-07-22 14:00,28.9,102.9,3.3,0,964.9,1012.8,78.2,,
883,2025-07-22 15:00,29,229.3,2.4,0,964.6,1012.5,76.5,,
883,2025-07-22 16:00,29,41.6,1.6,0,964.2,1012.1,82.1,,
883,2025-07-22 17:00,28.3,29.8,2.9,0,964.2,1012.2,80.1,,
883,2025-07-22 18:00,28.1,29.1,2.5,0,964.1,1012.1,81.7,,
883,2025-07-22 19:00,26.6,0,0,0,964.2,1012.5,87.4,,
883,2025-07-22 20:00,24.4,106.1,3.1,0,964.5,1013.2,79.3,,
883,2025-07-22 21:00,24.5,124.5,3.9,0,964.8,1013.5,74.4,,
883,2025-07-22 22:00,24.5,127.4,4.2,0,965,1013.7,74.2,,
883,2025-07-22 23:00,24.1,124.9,4.1,0,965.2,1014,74.7,,
883,2025-07-23 00:00,24.8,134.1,5.5,0,964.9,1013.5,78.3,,
883,2025-07-23 01:00,23.9,138.6,5.2,0,964.5,1013.3,81.8,,
883,2025-07-23 02:00,23.7,127.9,2.2,0,964.5,1013.3,83.2,,
883,2025-07-23 03:00,23.3,114.5,3.1,0,964.1,1013,86,,
883,2025-07-23 04:00,22.7,152.7,2.7,0,963.9,1012.9,89.5,,
883,2025-07-23 05:00,24,114.5,2.5,0,964,1012.7,84.9,,
883,2025-07-23 06:00,23,65.4,1.2,0,964.4,1013.3,87.4,,
883,2025-07-23 07:00,25.5,99.9,1.6,0,964.7,1013.2,79.6,,
883,2025-07-23 08:00,27,44.3,1.2,0,965,1013.2,74.2,,
883,2025-07-23 09:00,27.2,356.5,1.7,0,965.2,1013.4,78.3,,
883,2025-07-23 10:00,28.4,0,.1,0,965.3,1013.3,75.6,,
883,2025-07-23 11:00,29.4,315.4,.9,0,965,1012.8,70.6,,
883,2025-07-23 12:00,28.3,62.7,.9,0,964.5,1012.5,76.5,,
883,2025-07-23 13:00,27.7,227.4,1.2,0,963.9,1012,82.2,,
883,2025-07-23 14:00,29.4,301.7,4.2,0,963.4,1011.1,79,,
883,2025-07-23 15:00,29.4,295.7,3.1,0,963,1010.7,78.7,,
883,2025-07-23 16:00,26.9,262.9,2,0,962.9,1011.1,83.1,,
883,2025-07-23 17:00,26.9,274.1,1.6,0,962.6,1010.7,84,,
883,2025-07-23 18:00,26.7,0,0,0,962.3,1010.5,85.1,,
883,2025-07-23 19:00,25.8,0,0,0,962.4,1010.7,87.7,,
883,2025-07-23 20:00,24.1,0,0,0,962.4,1011,92.2,,
883,2025-07-23 21:00,23.2,115.1,1.5,0,962.8,1011.6,92.7,,
883,2025-07-23 22:00,22.4,96.1,3,0,962.9,1011.9,86.2,,
883,2025-07-23 23:00,24.7,119.2,3.2,0,963,1011.5,78.8,,
883,2025-07-24 00:00,22.5,78.5,2.9,0,963,1011.6,87.4,,
883,2025-07-24 01:00,22.3,146.6,2.4,0,962.8,1011.8,83,,
883,2025-07-24 02:00,22.2,65.8,4.1,0,962.5,1011.5,81.4,,
883,2025-07-24 03:00,21.7,0,0,0,962.2,1011.3,86.7,,
883,2025-07-24 04:00,22.7,105.5,2.6,0,962.2,1011.1,86,,
883,2025-07-24 05:00,23.6,134.7,1,0,962.3,1011,82.5,,
883,2025-07-24 06:00,23.9,133.7,2.2,0,962.2,1010.8,82.2,,
883,2025-07-24 07:00,24.9,96.4,2.5,0,962.3,1010.8,79,,
883,2025-07-24 08:00,27.6,0,0,0,962.4,1010.4,71.9,,
883,2025-07-24 09:00,28.9,342.8,.9,0,962.2,1010,74.4,,
883,2025-07-24 10:00,30.1,27.2,1.6,0,962.2,1009.8,68.7,,
883,2025-07-24 11:00,30.4,0,.1,0,962,1009.5,68.4,,
883,2025-07-24 12:00,29.7,28.4,2.7,0,961.3,1008.9,74.4,,
883,2025-07-24 13:00,29.1,39,2.4,0,960.9,1008.6,76.1,,
883,2025-07-24 14:00,28.2,252.3,1.2,0,960.7,1008.5,79,,
883,2025-07-24 15:00,29.5,288.8,2.5,0,960.5,1008.1,76.4,,
883,2025-07-24 16:00,28.6,257.2,1.5,0,960.2,1007.9,80.1,,
883,2025-07-24 17:00,29.9,290.6,1,0,959.7,1007.2,72.8,,
883,2025-07-24 18:00,28.8,286.3,2,0,959.7,1007.4,75.6,,
883,2025-07-24 19:00,27.1,303.5,.9,0,960.1,1008.1,80.2,,
883,2025-07-24 20:00,24.4,0,0,0,960.4,1008.9,88,,
883,2025-07-24 21:00,24.2,98.7,2.7,0,960.5,1009,87.1,,
883,2025-07-24 22:00,23.6,107.5,2.3,0,960.5,1009.1,86.8,,
883,2025-07-24 23:00,23.4,104.6,1.4,0,960.1,1008.7,80.1,,
883,2025-07-25 00:00,26.7,144.4,2.9,0,960,1007.9,68.2,,
883,2025-07-25 01:00,24.7,164,.8,0,959.5,1007.9,72.9,,
883,2025-07-25 02:00,25,117.1,.7,0,959.4,1007.7,73.2,,
883,2025-07-25 03:00,23.5,103.8,1.4,0,958.8,1007.4,80.8,,
883,2025-07-25 04:00,26.3,148.6,5.6,0,958.6,1006.6,71.7,,
883,2025-07-25 05:00,24.3,123,2.7,0,958.5,1006.9,77.4,,
883,2025-07-25 06:00,22.2,0,.1,0,958.7,1007.5,86.1,,
883,2025-07-25 07:00,25,84.1,1.4,0,959.3,1007.6,80,,
883,2025-07-25 08:00,27.1,347.2,1.8,0,959.4,1007.3,76.4,,
883,2025-07-25 09:00,29.2,359.1,1.6,0,959.3,1006.9,78.4,,
883,2025-07-25 10:00,29.1,26,2.6,0,959.5,1007.1,81.2,,
883,2025-07-25 11:00,28.3,61.9,4.7,0,959.1,1006.8,79.6,,
883,2025-07-25 12:00,28.7,57.8,3.3,0,958.7,1006.3,80.7,,
883,2025-07-25 13:00,31.1,63,2.3,0,958.3,1005.5,70.8,,
883,2025-07-25 14:00,31.5,120,3.2,0,958.1,1005.2,60.4,,
883,2025-07-25 15:00,30.9,132.8,5.4,0,958,1005.2,62.3,,
883,2025-07-25 16:00,30.4,137.1,5.7,0,957.9,1005.2,63.3,,
883,2025-07-25 17:00,29.6,138.5,7.4,0,957.8,1005.2,63.3,,
883,2025-07-25 18:00,29.1,126,5.5,0,957.8,1005.3,64.9,,
883,2025-07-25 19:00,28.2,112.1,3.1,0,958.3,1006,66.7,,
883,2025-07-25 20:00,26.9,134.9,3.5,0,958.8,1006.7,71.1,,
883,2025-07-25 21:00,26.4,124.6,2.7,0,959,1007,72.3,,
883,2025-07-25 22:00,23.8,0,0,0,959.1,1007.6,86.3,,
883,2025-07-25 23:00,23.7,0,0,0,958.9,1007.4,84.3,,
883,2025-07-26 00:00,24,99.9,2,0,958.4,1006.8,81.9,,
883,2025-07-26 01:00,24.1,0,0,0,957.9,1006.3,81.3,,
883,2025-07-26 02:00,26,128.3,3.4,0,957.4,1005.4,74.5,,
883,2025-07-26 03:00,25.9,102.4,2.8,0,957.3,1005.3,77,,
883,2025-07-26 04:00,25.9,111.6,4.4,0,957.2,1005.2,74.4,,
883,2025-07-26 05:00,25.3,101,3.8,0,957.2,1005.3,76.4,,
883,2025-07-26 06:00,25.2,112,2.7,0,957.4,1005.6,76.1,,
883,2025-07-26 07:00,26.5,94.2,2.7,0,957.4,1005.3,73.3,,
883,2025-07-26 08:00,27.7,129.2,5.8,0,957.7,1005.5,68.4,,
883,2025-07-26 09:00,28.9,36.2,3.8,0,957.9,1005.5,76.5,,
883,2025-07-26 10:00,30.3,78,3.4,0,957.8,1005.1,62.9,,
883,2025-07-26 11:00,28.3,36.9,6.6,0,957.5,1005.1,77.4,,
883,2025-07-26 12:00,28.7,40.4,6,0,957.4,1005,78.9,,
883,2025-07-26 13:00,29.6,41.7,6.4,0,956.9,1004.3,77.6,,
883,2025-07-26 14:00,30.1,53.6,5.6,0,956.5,1003.8,74.7,,
883,2025-07-26 15:00,30.4,43.6,5.9,0,956.2,1003.4,73.5,,
883,2025-07-26 16:00,30.3,57.9,4.6,0,956.2,1003.4,72.8,,
883,2025-07-26 17:00,29.5,38.6,4.8,0,955.9,1003.3,77.9,,
883,2025-07-26 18:00,28.1,62.5,4.8,0,955.8,1003.4,78.6,,
883,2025-07-26 19:00,26.6,73.2,3.6,0,955.9,1003.8,81.1,,
883,2025-07-26 20:00,25,53.4,3.1,0,956.1,1004.2,87.7,,
883,2025-07-26 21:00,24.6,69.4,2.1,0,956.3,1004.5,86.4,,
883,2025-07-26 22:00,25.2,78.2,3.2,0,956.4,1004.5,84.2,,
883,2025-07-26 23:00,25.3,96.8,3.2,0,956.2,1004.3,84.6,,
883,2025-07-27 00:00,24.9,0,.3,0,956.1,1004.2,86.6,,
883,2025-07-27 01:00,25.3,80.4,1.5,0,955.5,1003.6,79.9,,
883,2025-07-27 02:00,24.1,45.3,2.3,0,955.5,1003.8,88.5,,
883,2025-07-27 03:00,25.1,38.2,2.5,0,955,1003.1,79.9,,
883,2025-07-27 04:00,24.6,57.3,1.9,0,954.9,1003.1,80.8,,
883,2025-07-27 05:00,24.1,65.7,3,0,955,1003.2,85.2,,
883,2025-07-27 06:00,25.2,124.9,8,0,955.2,1003.3,80.8,,
883,2025-07-27 07:00,26.1,117.8,8.4,0,955.1,1003,76.3,,
883,2025-07-27 08:00,27.4,103.5,5.3,0,955.3,1003,72,,
883,2025-07-27 09:00,28.2,92.3,4.6,0,955.6,1003.2,70.8,,
883,2025-07-27 10:00,28.8,107.7,6.7,0,955.5,1003,67.1,,
883,2025-07-27 11:00,29.3,108.9,6.9,0,955.5,1002.9,66.3,,
883,2025-07-27 12:00,29.8,115.5,7.6,0,955.4,1002.7,64.4,,
883,2025-07-27 13:00,30.3,126.3,7.8,0,955.2,1002.4,61.9,,
883,2025-07-27 14:00,30.9,120.9,7.5,0,955.2,1002.3,60.2,,
883,2025-07-27 15:00,29.4,129.6,6.4,0,955.2,1002.5,64.9,,
883,2025-07-27 16:00,29.9,120,6.6,0,954.9,1002.1,62.8,,
883,2025-07-27 17:00,30,124,5.7,0,954.5,1001.7,62,,
883,2025-07-27 18:00,28.5,127.3,9.1,0,954.2,1001.6,62.9,,
883,2025-07-27 19:00,27.5,146.2,9,0,954,1001.6,67.9,,
883,2025-07-27 20:00,26.6,148.6,8.6,0,954.4,1002.2,74.6,,
883,2025-07-27 21:00,26.1,116.4,3.5,0,955.4,1003.3,77.3,,
883,2025-07-27 22:00,26.2,146.3,3.2,0,955.6,1003.5,74.3,,
883,2025-07-27 23:00,26.2,133.8,5.6,0,955.7,1003.6,73.2,,
883,2025-07-28 00:00,26.1,137.2,7.1,0,955.6,1003.4,74.1,,
883,2025-07-28 01:00,25.8,141,7,0,955.8,1003.8,75.7,,
883,2025-07-28 02:00,25.5,128.4,5.8,0,955.6,1003.6,75.4,,
883,2025-07-28 03:00,25.4,128.2,6.2,0,955.6,1003.6,76.8,,
883,2025-07-28 04:00,25.5,133.8,7.4,0,955.3,1003.3,76.3,,
883,2025-07-28 05:00,25.1,145.7,9,0,954.7,1002.8,77.4,,
883,2025-07-28 06:00,26,117.8,6.7,0,954.8,1002.7,69.1,,
883,2025-07-28 07:00,26.4,117.7,5,0,954.9,1002.7,69.6,,
883,2025-07-28 08:00,25.9,95.2,3.9,0,955.1,1003,69.4,,
883,2025-07-28 09:00,26.1,0,.1,0,955.1,1003,78.5,,
883,2025-07-28 10:00,29.2,295.3,2.8,0,954.9,1002.3,66.1,,
883,2025-07-28 11:00,31.1,25.7,2.2,0,955.1,1002.2,62.9,,
883,2025-07-28 12:00,32.1,26.8,3.6,0,954.7,1001.6,60.6,,
883,2025-07-28 13:00,31.4,295,2.1,0,954.4,1001.4,64.5,,
883,2025-07-28 14:00,32.8,259.5,.8,0,953.9,1000.6,51.3,,
883,2025-07-28 15:00,31.2,350.5,2.2,0,953.6,1000.6,63.5,,
883,2025-07-28 16:00,30.8,250,2.1,0,953.3,1000.3,69.1,,
883,2025-07-28 17:00,30,271.8,2.1,0,953.1,1000.2,68.5,,
883,2025-07-28 18:00,29,274.8,2.1,0,952.9,1000.2,74.3,,
883,2025-07-28 19:00,27.2,245.4,.7,0,952.9,1000.5,79.8,,
883,2025-07-28 20:00,24.7,0,0,0,952.9,1000.9,87.2,,
883,2025-07-28 21:00,23.7,0,0,0,953.2,1001.4,91,,
883,2025-07-28 22:00,22.7,123,1,0,953.7,1002.1,89.3,,
883,2025-07-28 23:00,23,171,1.9,0,953.3,1001.7,88.2,,
883,2025-07-29 00:00,21.2,80.1,.5,0,953.5,1002,86.9,,
883,2025-07-29 01:00,20.9,92.4,1.8,0,952.8,1001.5,78.2,,
883,2025-07-29 02:00,24.6,128.1,2.7,0,952.3,1000.3,70.2,,
883,2025-07-29 03:00,25.5,137.1,4.9,0,952.3,1000.2,67.5,,
883,2025-07-29 04:00,23.9,147.1,2.8,0,952.3,1000.4,74.2,,
883,2025-07-29 05:00,25.1,112.8,4.1,0,952.6,1000.6,65.7,,
883,2025-07-29 06:00,25.6,125,5.4,0,952.8,1000.7,68.6,,
883,2025-07-29 07:00,24.9,89.2,2.5,0,952.9,1000.9,71.9,,
883,2025-07-29 08:00,27.4,0,.4,0,952.7,1000.3,69.2,,
883,2025-07-29 09:00,28.7,5.8,2.4,0,952.8,1000.1,67.8,,
883,2025-07-29 10:00,29.3,294.8,2.6,0,952.5,999.7,63.8,,
883,2025-07-29 11:00,29.9,297.5,1.3,0,952,999.1,67.2,,
883,2025-07-29 12:00,31.9,302.6,5.1,0,951.5,998.3,61.5,,
883,2025-07-29 13:00,31.4,139.7,6.8,0,951.6,998.4,59.3,,
883,2025-07-29 14:00,31,139.3,7,0,951.6,998.5,60.7,,
883,2025-07-29 15:00,31,144.1,7.3,0,951.1,998,60.4,,
883,2025-07-29 16:00,29.2,132.9,3.6,0,950.9,998.1,65.8,,
883,2025-07-29 17:00,29.6,135,5.7,0,950.4,997.5,62.1,,
883,2025-07-29 18:00,27.6,135.5,7.6,0,950.5,997.9,66.3,,
883,2025-07-29 19:00,27.6,126.6,7.9,0,950.7,998.1,65.2,,
883,2025-07-29 20:00,26.5,122.7,6.1,0,950.8,998.4,71.8,,
883,2025-07-29 21:00,26.4,109,5.6,0,951.4,999.1,71.5,,
883,2025-07-29 22:00,25.9,110.6,5,0,951.8,999.6,72.5,,
883,2025-07-29 23:00,24.9,85.9,1.6,0,952.1,1000.1,75.5,,
883,2025-07-30 00:00,26.2,96.4,3.7,0,951.8,999.4,70.4,,
883,2025-07-30 01:00,26.1,110.3,5.6,0,951.8,999.5,69,,
883,2025-07-30 02:00,25.2,100.2,3.7,0,951.7,999.6,72.9,,
883,2025-07-30 03:00,25,83.6,3.5,0,951,998.9,73.5,,
883,2025-07-30 04:00,23.7,0,0,0,950.9,999,81.2,,
883,2025-07-30 05:00,24.2,90.2,2.8,0,950.8,998.8,72.7,,
883,2025-07-30 06:00,25.2,128.2,4.6,0,950.7,998.5,70.4,,
883,2025-07-30 07:00,25.8,132.6,6.6,0,951.1,998.9,71.5,,
883,2025-07-30 08:00,25.8,125.6,5.5,0,951.2,999,70.2,,
883,2025-07-30 09:00,26.1,125.7,4.6,0,951.1,998.8,69.8,,
883,2025-07-30 10:00,26.5,124.4,4.9,0,951,998.6,65.6,,
883,2025-07-30 11:00,27.5,121.6,6.2,0,951.1,998.6,65.1,,
883,2025-07-30 12:00,27,134.9,6,0,951.2,998.7,72.7,,
883,2025-07-30 13:00,26.3,135.2,5.7,0,951,998.7,74.2,,
883,2025-07-30 14:00,26.8,148.1,3.3,0,950.6,998.2,71.5,,
883,2025-07-30 15:00,25.8,132.8,5.1,0,950.2,997.9,74.1,,
883,2025-07-30 16:00,26.3,143,5.2,0,950.5,998.1,67.9,,
883,2025-07-30 17:00,24.6,116.5,4,0,950,997.9,74.4,,
883,2025-07-30 18:00,25.3,147.1,6.1,0,950.1,997.9,71.2,,
883,2025-07-30 19:00,25.3,133,7.3,0,950.5,998.3,78.7,,
883,2025-07-30 20:00,25,128.4,4.4,0,951.3,999.2,80.1,,
883,2025-07-30 21:00,25.1,133.1,6.5,0,951.7,999.6,79.5,,
883,2025-07-30 22:00,25.2,147.2,5.7,0,952.1,1000,75.1,,
883,2025-07-30 23:00,25.1,146,7.2,0,952.1,1000,80.3,,
883,2025-07-31 00:00,25.1,161.8,8.1,0,951.8,999.6,79.5,-9.97,17.9
883,2025-07-31 01:00,24.8,161.6,9.5,0,951.6,999.6,82.5,,
883,2025-07-31 02:00,24.6,164.3,8.3,0,951.7,999.7,83.5,,
883,2025-07-31 03:00,23.9,162.7,8.6,0,951.3,999.4,86.4,,
883,2025-07-31 04:00,23.7,161.6,6.4,0,951.9,1000.1,89.4,,
883,2025-07-31 05:00,24,152.8,6.7,0,952.4,1000.5,86.5,,
883,2025-07-31 06:00,24.1,149.8,6.7,0,952.8,1000.9,85.6,,
883,2025-07-31 07:00,24.4,143.8,4.2,0,953,1001.1,84.2,,
883,2025-07-31 08:00,25.2,146,4.1,0,953.5,1001.5,81.7,,
883,2025-07-31 09:00,25.8,151.5,3.9,0,953.7,1001.6,82,,
883,2025-07-31 10:00,27.3,128.5,5.2,0,953.7,1001.3,74.6,,
883,2025-07-31 11:00,28.4,167.1,5.4,0,953.5,1000.9,73.6,,
883,2025-07-31 12:00,29.9,157.3,6.8,0,953.2,1000.4,68.5,,
883,2025-07-31 13:00,30,150,5.9,0,953.1,1000.2,65,,
883,2025-07-31 14:00,31.5,23.7,2.9,0,953,999.9,65,,
883,2025-07-31 15:00,29.9,159.3,5.1,0,953,1000.2,63,,
883,2025-07-31 16:00,29.2,163,7.1,0,952.7,999.9,63.1,,
883,2025-07-31 17:00,28.5,161.6,6.4,0,952.9,1000.3,65.2,,
883,2025-07-31 18:00,27.8,147.4,4.2,0,953,1000.5,62.8,,
883,2025-07-31 19:00,26.2,176.4,2.7,0,953.3,1001.1,75.4,,
883,2025-07-31 20:00,25,152.5,2.3,0,953.7,1001.7,77.3,,
883,2025-07-31 21:00,25.5,119.1,1.7,0,954.2,1002.2,76.4,,
883,2025-07-31 22:00,25.5,146.9,3.2,0,954.7,1002.7,79.2,,
883,2025-07-31 23:00,24.9,0,.3,0,955,1003.1,84.5,,
883,2025-08-01 00:00,25.6,0,0,0,954.7,1002.6,82.7,,
883,2025-08-01 01:00,25.9,121.3,2.9,0,954.3,1002.2,81.2,,
883,2025-08-01 02:00,24.2,0,.1,0,954,1002.2,87.2,,
883,2025-08-01 03:00,24.7,154.8,1,0,953.5,1001.6,86.4,,
883,2025-08-01 04:00,24.5,151.6,.5,0,953.4,1001.5,88.1,,
883,2025-08-01 05:00,24.4,68.5,1,0,953.6,1001.7,86.3,,
883,2025-08-01 06:00,23.9,62.7,1,0,953.7,1001.9,86.6,,
883,2025-08-01 07:00,25.2,0,.1,0,954,1002,82.8,,
883,2025-08-01 08:00,27.7,0,0,0,954.3,1001.9,72.9,,
883,2025-08-01 09:00,28,285.8,1.3,0,954.7,1002.3,76.1,,
883,2025-08-01 10:00,28.8,321.9,1.6,0,954.8,1002.2,73.8,,
883,2025-08-01 11:00,31.3,155,2.9,0,954.6,1001.6,62.4,,
883,2025-08-01 12:00,31.5,147.6,.9,0,954.6,1001.6,57.4,,
883,2025-08-01 13:00,32.1,192.5,1.5,0,954.4,1001.3,59,,
883,2025-08-01 14:00,30.8,178.3,2.4,0,954.4,1001.5,71.4,,
883,2025-08-01 15:00,30.1,320.3,3.5,0,954.1,1001.3,68.8,,
883,2025-08-01 16:00,31.2,155.5,2.8,0,953.8,1000.8,48.7,,
883,2025-08-01 17:00,29.9,123.2,3.3,0,953.7,1000.9,67.4,,
883,2025-08-01 18:00,27.2,290,2,0,953.9,1001.6,85.2,,
883,2025-08-01 19:00,27.2,10,1.2,0,954,1001.7,87.2,,
883,2025-08-01 20:00,25.9,138.2,1.8,0,954.3,1002.2,75.5,,
883,2025-08-01 21:00,26.5,151.5,5.1,0,954.7,1002.5,59.6,,
883,2025-08-01 22:00,26.7,132.4,4.5,0,955.2,1003,57.5,,
883,2025-08-01 23:00,25.7,137.1,3.3,0,955.6,1003.6,60,,
883,2025-08-02 00:00,25.3,134.3,3.3,0,955.6,1003.6,61.9,,
883,2025-08-02 01:00,24.8,138.3,3,0,955.4,1003.5,67.8,,
883,2025-08-02 02:00,24.5,132.5,2.3,0,955.1,1003.3,68.8,,
883,2025-08-02 03:00,24.5,140.6,2.4,0,954.7,1002.9,70.8,,
883,2025-08-02 04:00,23.5,97.9,3.5,0,955,1003.4,76.3,,
883,2025-08-02 05:00,22.4,0,0,0,954.9,1003.5,80,,
883,2025-08-02 06:00,21.4,138.7,.9,0,955,1003.8,85.1,,
883,2025-08-02 07:00,23.7,0,0,0,955,1003.3,80.6,,
883,2025-08-02 08:00,26.9,0,0,0,955.3,1003.1,74.3,,
883,2025-08-02 09:00,28.6,201.3,.6,0,955.5,1003,71.3,,
883,2025-08-02 10:00,29.3,190.9,1.9,0,955.6,1003,72.5,,
883,2025-08-02 11:00,30.3,201.4,2,0,955.3,1002.5,68.8,,
883,2025-08-02 12:00,30.8,202.6,2.2,0,955.1,1002.2,67.7,,
883,2025-08-02 13:00,30.7,197.3,1.5,0,955,1002.1,63.5,,
883,2025-08-02 14:00,32.2,227.2,1.6,0,954.7,1001.6,58.6,,
883,2025-08-02 15:00,31.4,188.6,1.1,0,954.4,1001.4,57.9,,
883,2025-08-02 16:00,30,0,.3,0,954.1,1001.3,69.3,,
883,2025-08-02 17:00,29.9,218.7,1.3,0,953.9,1001.1,66.5,,
883,2025-08-02 18:00,28.6,250.3,1.2,0,953.8,1001.2,71.7,,
883,2025-08-02 19:00,25.7,0,0,0,954.2,1002.1,80.4,,
883,2025-08-02 20:00,24.1,107,1.7,0,954.1,1002.3,85.4,,
883,2025-08-02 21:00,23.4,0,0,0,954.9,1003.3,88.4,,
883,2025-08-02 22:00,22.9,169.8,1.9,0,955.2,1003.7,80.5,,
883,2025-08-02 23:00,23.8,159,3,0,955.6,1003.9,73.6,,
883,2025-08-03 00:00,23.2,159.9,2.3,0,955.4,1003.4,74.1,,
883,2025-08-03 01:00,25.3,145.8,3.4,0,954.8,1002.8,66.5,,
883,2025-08-03 02:00,24.1,161.6,3,0,954.5,1002.7,65.5,,
883,2025-08-03 03:00,24.3,152.3,3.3,0,954.5,1002.7,85.8,,
883,2025-08-03 04:00,24.8,148.5,4,0,954,1002.1,85.4,,
883,2025-08-03 05:00,25,157.6,3.6,0,954,1002,86.4,,
883,2025-08-03 06:00,24,166.2,3.6,2,953.9,1002.1,93.8,,
883,2025-08-03 07:00,24.6,181.1,3,.5,953.8,1001.9,94.6,,
883,2025-08-03 08:00,24.7,190.6,3.3,3,953.9,1002,95.4,,
883,2025-08-03 09:00,24.7,189.6,4.3,1,953.8,1001.9,95.1,,
883,2025-08-03 10:00,25.1,201.7,5,0,953.7,1001.7,94,,
883,2025-08-03 11:00,25.3,208.7,5.5,0,953.5,1001.5,94.2,,
883,2025-08-03 12:00,25.8,209.9,5.9,0,953.2,1001.1,92.9,,
883,2025-08-03 13:00,25.8,206.8,5.7,0,952.7,1000.5,91.9,,
883,2025-08-03 14:00,26.2,210.1,6,0,952.3,1000,90.6,,
883,2025-08-03 15:00,26,208.8,6.4,0,952,999.8,91.6,,
883,2025-08-03 16:00,25.7,212.5,5.8,0,951.6,999.4,92.9,,
883,2025-08-03 17:00,25.2,206,5.7,.5,951.5,999.4,95.2,,
883,2025-08-03 18:00,25.1,210.5,6.2,1.5,951.5,999.4,96.5,,
883,2025-08-03 19:00,25.3,210.5,6.1,5,951.7,999.6,97.1,,
883,2025-08-03 20:00,25.2,208.7,6.4,.5,951.8,999.7,97.4,,
883,2025-08-03 21:00,25.2,210.6,5.9,0,952.3,1000.2,97.5,,
883,2025-08-03 22:00,25.3,207.5,5.6,0,952.7,1000.6,97.3,,
883,2025-08-03 23:00,25.2,224.7,6,0,952.8,1000.7,97.3,,
883,2025-08-04 00:00,25.3,222.6,5.9,0,952.8,1000.7,97.2,,
883,2025-08-04 01:00,25.2,229.1,5.6,3.5,952.5,1000.4,97.5,,
883,2025-08-04 02:00,25.3,233.8,4.6,0,952.6,1000.5,97.8,,
883,2025-08-04 03:00,25.1,237.9,4.8,0,952.5,1000.4,97.7,,
883,2025-08-04 04:00,25,231.9,4.5,0,952.4,1000.4,97.6,,
883,2025-08-04 05:00,25.1,236.5,4.3,0,952.9,1000.9,97.7,,
883,2025-08-04 06:00,25.2,233.5,3.6,0,953.1,1001.1,97.7,,
883,2025-08-04 07:00,25.3,237.4,3.3,.5,953.6,1001.6,98,,
883,2025-08-04 08:00,25.3,227.7,3.2,1.5,954,1002,98.1,,
883,2025-08-04 09:00,25.5,217.4,4.3,1.5,954.3,1002.3,98.1,,
883,2025-08-04 10:00,25.6,218.6,3.8,.5,954.4,1002.4,98.1,,
883,2025-08-04 11:00,25.7,208.8,4.7,0,954.3,1002.2,98.3,,
883,2025-08-04 12:00,25.7,216.3,4.5,0,954.4,1002.3,98.2,,
883,2025-08-04 13:00,25.7,212.9,4.6,.5,954.8,1002.8,98.2,,
883,2025-08-04 14:00,25.8,212.2,4,5,954.5,1002.4,97.8,,
883,2025-08-04 15:00,26.3,213.1,4.4,0,954.3,1002.1,95.7,,
883,2025-08-04 16:00,25.9,215,3.7,.5,954.6,1002.5,97.2,,
883,2025-08-04 17:00,25.8,208.1,4.4,0,954.5,1002.4,96.8,,
883,2025-08-04 18:00,25.6,196.8,3.9,0,954.6,1002.6,97.4,,
883,2025-08-04 19:00,25.3,199.8,3.5,.5,955.1,1003.1,97.5,,
883,2025-08-04 20:00,25.2,207.8,3.3,1.5,955.6,1003.7,97.7,,
883,2025-08-04 21:00,25.2,207.2,3.8,0,956,1004.1,97.8,,
883,2025-08-04 22:00,25.3,211.4,2.8,.5,956.7,1004.8,98,,
883,2025-08-04 23:00,25.3,213.2,3.3,0,956.8,1004.9,98.1,,
883,2025-08-05 00:00,25.2,212.2,3.7,0,956.8,1004.9,98,,
883,2025-08-05 01:00,25.3,226.7,3.7,0,956.8,1004.9,98,,
883,2025-08-05 02:00,25.1,233.7,2.8,.5,956.8,1005,98.1,,
883,2025-08-05 03:00,25,230.1,2.7,0,956.7,1004.9,98.1,,
883,2025-08-05 04:00,25.1,229.2,2.1,.5,956.4,1004.5,98.1,,
883,2025-08-05 05:00,25,231,3.1,1,956.7,1004.9,98.1,,
883,2025-08-05 06:00,25,222.6,2.1,0,957,1005.2,98.2,,
883,2025-08-05 07:00,25,224.9,2.8,.5,957.4,1005.6,98.3,,
883,2025-08-05 08:00,25.2,221.5,3.3,0,957.6,1005.8,98.2,,
883,2025-08-05 09:00,25.5,218,3.2,0,958.1,1006.3,97.6,,
883,2025-08-05 10:00,26.1,223.3,3.3,0,958.2,1006.3,96.9,,
883,2025-08-05 11:00,26.2,227.3,4.1,0,958.8,1006.9,93.2,,
883,2025-08-05 12:00,26.8,225.7,4.9,0,958.8,1006.8,89.4,,
883,2025-08-05 13:00,27.6,229.6,5.3,0,958.8,1006.6,88.9,,
883,2025-08-05 14:00,28.5,231.7,5.9,0,958.4,1006,84.3,,
883,2025-08-05 15:00,28.1,235.9,5,0,958.1,1005.8,82.6,,
883,2025-08-05 16:00,27.1,224.4,4.4,0,958.1,1006,85.8,,
883,2025-08-05 17:00,26.7,211.3,3.5,0,958.1,1006,89.1,,
883,2025-08-05 18:00,27,194.6,3.2,0,957.7,1005.6,88.4,,
883,2025-08-05 19:00,26,193.2,3.9,0,957.4,1005.4,90.7,,
883,2025-08-05 20:00,25.2,182.9,4.9,0,957.6,1005.8,91.7,,
883,2025-08-05 21:00,25.6,180.8,5.2,0,958.4,1006.6,91.7,,
883,2025-08-05 22:00,25.4,188.2,4.9,0,958.5,1006.7,94.4,,
883,2025-08-05 23:00,25.5,190.9,4.3,0,958.7,1006.9,94.9,,
883,2025-08-06 00:00,25.5,198.3,4.4,0,957.8,1005.9,95.2,,
883,2025-08-06 01:00,25.4,207.1,4.3,0,957.7,1005.9,95.5,,
883,2025-08-06 02:00,25,209,4,0,957.9,1006.1,94.9,,
883,2025-08-06 03:00,25.1,218.2,5.4,0,957.9,1006.1,93.9,,
883,2025-08-06 04:00,25.3,224.4,6.3,0,957.8,1006,92.7,,
883,2025-08-06 05:00,25.2,213,6,0,957.1,1005.3,92.5,,
883,2025-08-06 06:00,25.1,209.1,6.1,0,956.7,1004.9,93.7,,
883,2025-08-06 07:00,25.2,217.7,6.5,0,957.1,1005.3,93.7,,
883,2025-08-06 08:00,25.6,209.2,6,0,957.2,1005.3,93.4,,
883,2025-08-06 09:00,25.1,212.6,6,2,957,1005.2,96.8,,
883,2025-08-06 10:00,25.3,208.6,5.5,0,957,1005.1,97.1,,
883,2025-08-06 11:00,25.4,215.3,5.8,.5,957.2,1005.3,96.2,,
883,2025-08-06 12:00,25.5,216.4,5.5,1.5,957,1005.1,97,,
883,2025-08-06 13:00,25.4,209.6,5.2,.5,956.6,1004.7,97.3,,
883,2025-08-06 14:00,25.6,216.2,5.1,0,956.3,1004.3,96.7,,
883,2025-08-06 15:00,25.5,214.1,4.3,.5,956.1,1004.2,96.4,,
883,2025-08-06 16:00,25.4,215.4,5.2,0,955.8,1003.9,96.6,,
883,2025-08-06 17:00,25.4,218.6,4,0,955.8,1003.9,96.3,,
883,2025-08-06 18:00,25.2,222.4,4.6,0,955.7,1003.8,96,,
883,2025-08-06 19:00,25.1,214.7,3.7,0,955.8,1003.9,96.5,,
883,2025-08-06 20:00,24.9,220.2,3,0,955.8,1003.9,97.1,,
883,2025-08-06 21:00,24.9,218.7,3.6,0,956.1,1004.3,97.2,,
883,2025-08-06 22:00,25,217.8,3.6,0,956.5,1004.7,97.5,,
883,2025-08-06 23:00,25,229.9,3.5,0,957,1005.2,97.4,,
883,2025-08-07 00:00,24.9,232.3,3.7,0,957,1005.2,97.5,,
883,2025-08-07 01:00,25,237.1,4.1,0,956.6,1004.8,97.4,,
883,2025-08-07 02:00,25,248.8,3.7,0,956.4,1004.6,97.9,,
883,2025-08-07 03:00,25.1,251,2.7,0,956,1004.1,98.4,,
883,2025-08-07 04:00,25.3,254.9,2,0,955.8,1003.9,98.8,,
883,2025-08-07 05:00,25.2,264.9,2.2,0,955.6,1003.7,99.1,,
883,2025-08-07 06:00,25.2,270.8,2.4,.5,955.7,1003.8,99.2,,
883,2025-08-07 07:00,25.3,286.4,3.2,.5,956.1,1004.2,99.3,,
883,2025-08-07 08:00,25.3,306.2,2,0,956.4,1004.5,99.3,,
883,2025-08-07 09:00,25.3,306.3,2.2,0,956.5,1004.6,99.4,,
883,2025-08-07 10:00,25.8,320.4,.5,0,956.5,1004.5,99,,
883,2025-08-07 11:00,26.6,315.9,2.8,0,956.8,1004.7,89.9,,
883,2025-08-07 12:00,26.6,318.4,2.2,0,956.8,1004.7,89.9,,
883,2025-08-07 13:00,27.1,331.2,1.8,0,956.6,1004.4,87.4,,
883,2025-08-07 14:00,26.5,319.1,1.4,0,956.5,1004.4,93.1,,
883,2025-08-07 15:00,28.3,311.3,1.2,0,956.3,1003.9,86.5,,
883,2025-08-07 16:00,28.3,0,.3,0,955.9,1003.5,84.5,,
883,2025-08-07 17:00,26.8,314.6,2.1,0,956.1,1003.9,91.1,,
883,2025-08-07 18:00,26.4,315.4,.5,0,955.8,1003.7,90.9,,
883,2025-08-07 19:00,25.5,0,0,0,956.1,1004.2,94.3,,
883,2025-08-07 20:00,25.1,0,0,0,956.7,1004.9,96.9,,
883,2025-08-07 21:00,25.1,0,.2,0,957.3,1005.5,94.8,,
883,2025-08-07 22:00,25.2,60.6,1.2,0,957.4,1005.6,95.6,,
883,2025-08-07 23:00,25,0,0,0,956.9,1005.1,95.3,,
883,2025-08-08 00:00,25,0,0,0,956.6,1004.7,95.8,,
883,2025-08-08 01:00,24.9,0,0,0,956.4,1004.6,96.3,,
883,2025-08-08 02:00,25,0,.3,0,956.5,1004.7,97.7,,
883,2025-08-08 03:00,24.1,262.2,.8,.5,956.2,1004.5,98.1,,
883,2025-08-08 04:00,23.1,0,0,0,956,1004.5,97.1,,
883,2025-08-08 05:00,23.5,0,0,0,956,1004.4,97.6,,
883,2025-08-08 06:00,23.6,39.6,1.5,0,956.2,1004.6,96.3,,
883,2025-08-08 07:00,24.4,80.5,.9,0,956.4,1004.7,92.7,,
883,2025-08-08 08:00,24.9,0,0,0,956.8,1005,93,,
883,2025-08-08 09:00,25.4,0,0,0,957.4,1005.5,93.9,,
883,2025-08-08 10:00,25.6,226.4,.8,0,957.1,1005.2,93.4,,
883,2025-08-08 11:00,27.3,194.4,1.1,0,957.6,1005.4,87.4,,
883,2025-08-08 12:00,27.1,227.1,1.3,0,957.2,1005,86.1,,
883,2025-08-08 13:00,27.8,224.8,.7,0,956.8,1004.5,85.7,,
883,2025-08-08 14:00,25.6,303.5,3.2,0,956.9,1005,89.5,,
883,2025-08-08 15:00,26.1,279.4,1.6,0,956.8,1004.8,88.9,,
883,2025-08-08 16:00,25.4,273.6,.6,0,956.8,1004.9,90.4,,
883,2025-08-08 17:00,24.5,283.1,.5,0,956.9,1005.2,95.3,,
883,2025-08-08 18:00,24.7,0,.1,0,956.4,1004.6,94.8,,
883,2025-08-08 19:00,24.5,0,0,0,956.7,1005,96.1,,
883,2025-08-08 20:00,23.5,0,0,0,956.8,1005.3,90.4,,
883,2025-08-08 21:00,23.7,157,2.4,0,957.3,1005.7,85.5,,
883,2025-08-08 22:00,23.2,39.4,2.1,0,957.7,1006.3,87.4,,
883,2025-08-08 23:00,23.1,0,0,0,957.9,1006.5,89.6,,
883,2025-08-09 00:00,23.4,147.3,1.3,0,957.6,1005.7,87.9,,
883,2025-08-09 01:00,23.2,155.1,2.3,0,957.1,1005.6,90.2,,
883,2025-08-09 02:00,24,158.3,2.9,0,956.6,1004.9,94,,
883,2025-08-09 03:00,24.7,180.6,2.3,0,956.3,1004.5,94.9,,
883,2025-08-09 04:00,23.6,183.1,2.9,.5,956.1,1004.5,95.4,,
883,2025-08-09 05:00,24.2,182.4,3.3,0,955.9,1004.2,96.2,,
883,2025-08-09 06:00,24.3,202.4,2.5,1,956,1004.3,97.5,,
883,2025-08-09 07:00,24.6,204.4,2,.5,956.1,1004.3,97.8,,
883,2025-08-09 08:00,24.7,214.6,3.2,0,955.9,1004.1,97.9,,
883,2025-08-09 09:00,25.2,224.3,3.1,0,955.9,1004,97.6,,
883,2025-08-09 10:00,25.8,220.7,3.6,0,955.8,1003.8,95.5,,
883,2025-08-09 11:00,25.4,238.7,3.2,0,955.9,1004,97.1,,
883,2025-08-09 12:00,25.4,240.7,2.7,1.5,955.6,1003.6,97.8,,
883,2025-08-09 13:00,25.5,226.8,3.2,2,955,1003,98.2,,
883,2025-08-09 14:00,25.5,230.2,3.4,0,954.6,1002.6,98.2,,
883,2025-08-09 15:00,25.6,236.2,3.9,0,954.2,1002.1,98.3,,
883,2025-08-09 16:00,25.7,242.7,2.8,0,953.9,1001.8,98.5,,
883,2025-08-09 17:00,25.7,243.6,2.4,0,953.8,1001.7,98.3,,
883,2025-08-09 18:00,25.7,232.2,2.6,0,953.9,1001.8,98.5,,
883,2025-08-09 19:00,25.6,236.8,2.3,0,954.2,1002.1,98.2,,
883,2025-08-09 20:00,25.4,229.2,2.9,0,954.4,1002.4,98.2,,
883,2025-08-09 21:00,25.2,225.1,2.5,0,954.7,1002.7,98.1,,
883,2025-08-09 22:00,24.9,216.1,2.8,.5,955,1003.1,97.1,,
883,2025-08-09 23:00,24.5,201.6,2.8,5,954.6,1002.8,97.8,,
883,2025-08-10 00:00,25.2,225.4,3.5,1.5,954.3,1002.3,97.9,,
883,2025-08-10 01:00,25.2,228.4,5,1,953.7,1001.7,98.2,,
883,2025-08-10 02:00,24.1,210.6,4.1,0,953.7,1001.9,98.1,,
883,2025-08-10 03:00,24.4,199.6,4.4,0,952.6,1000.7,98.1,,
883,2025-08-10 04:00,25.2,211.7,4.1,0,952.8,1000.7,98.9,,
883,2025-08-10 05:00,25.1,219.4,4,0,952.8,1000.8,98.9,,
883,2025-08-10 06:00,25.2,227.9,4.4,0,952.9,1000.8,99,,
883,2025-08-10 07:00,25.1,221.8,3.6,.5,953.3,1001.3,98.9,,
883,2025-08-10 08:00,25.3,226.6,3.5,0,953.5,1001.5,99,,
883,2025-08-10 09:00,25.5,236.3,3.9,0,953.7,1001.6,99,,
883,2025-08-10 10:00,24.6,264.2,3.8,4,954.2,1002.3,98.9,,
883,2025-08-10 11:00,25.1,244.5,4.3,2,954.5,1002.5,99,,
883,2025-08-10 12:00,25.4,241.5,3.6,0,954.4,1002.4,97.8,,
883,2025-08-10 13:00,25.4,237.5,3.8,0,954,1002,97.6,,
883,2025-08-10 14:00,27.1,253,2.7,0,953.9,1001.6,94.7,,
883,2025-08-10 15:00,25.5,250.1,1,0,953.8,1001.7,98.2,,
883,2025-08-10 16:00,25.5,260.7,1.4,0,954.1,1002.1,96.8,,
883,2025-08-10 17:00,24.9,279.9,2.1,0,954.3,1002.4,95.9,,
883,2025-08-10 18:00,22.9,12.3,2.6,0,954.4,1002.8,96,,
883,2025-08-10 19:00,22.4,59.5,2.6,0,954.6,1003.1,93.7,,
883,2025-08-10 20:00,22.3,0,.1,.5,954.9,1003.5,92.1,,
883,2025-08-10 21:00,21.5,29.4,2.7,0,955.4,1004.2,94.1,,
883,2025-08-10 22:00,21.8,59.9,3.2,0,955.7,1004.4,87.4,,
883,2025-08-10 23:00,22.1,76,3,0,955.4,1004,90.1,,
883,2025-08-11 00:00,22,66.5,2.1,0,955.6,1004,87.9,,
883,2025-08-11 01:00,21.4,0,.3,0,955.8,1004.6,84.6,,
883,2025-08-11 02:00,21,0,.2,0,955.4,1004.3,86.1,,
883,2025-08-11 03:00,20.9,0,0,0,955.4,1004.3,84.7,,
883,2025-08-11 04:00,20.9,0,.1,0,955.1,1004,88.9,,
883,2025-08-11 05:00,22.5,167,1.7,0,955,1003.5,89,,
883,2025-08-11 06:00,22.7,169.3,1.2,0,955.3,1003.8,93.5,,
883,2025-08-11 07:00,24,167.6,1.2,0,955.4,1003.7,92,,
883,2025-08-11 08:00,23.2,0,.4,0,955.4,1003.8,96.2,,
883,2025-08-11 09:00,21.3,170.2,3.7,24,955.8,1004.6,97.5,,
883,2025-08-11 10:00,22.6,183.7,2.3,10,955.7,1004.3,97.6,,
883,2025-08-11 11:00,23,183.7,2.1,7.5,955.7,1004.2,98.3,,
883,2025-08-11 12:00,23.7,186.6,3.3,3.5,955.7,1004.1,98.3,,
883,2025-08-11 13:00,24,186,3.3,2,955.3,1003.6,98.5,,
883,2025-08-11 14:00,24.4,189.3,3.2,1.5,955.2,1003.4,98.6,,
883,2025-08-11 15:00,25,194.3,2.9,.5,955.1,1003.2,98.8,,
883,2025-08-11 16:00,25.4,217.9,4.3,.5,955.1,1003.1,99.1,,
883,2025-08-11 17:00,25.3,219.5,3.2,0,955,1003,99.2,,
883,2025-08-11 18:00,25,241.2,1.8,0,955.4,1003.5,99.2,,
883,2025-08-11 19:00,24.5,0,.1,.5,955.8,1004,99.3,,
883,2025-08-11 20:00,24.6,227.1,1.2,0,956.2,1004.4,99.3,,
883,2025-08-11 21:00,24.5,199.7,1.3,0,956.7,1005,99.5,,
883,2025-08-11 22:00,24.7,203.4,2.8,0,957,1005.2,99.2,,
883,2025-08-11 23:00,24.8,230.5,2.6,0,957.9,1006.2,99.1,,
883,2025-08-12 00:00,21.9,0,0,3.5,958.6,1007.2,98.6,,
883,2025-08-12 01:00,23.5,172.6,2.8,1.5,957.9,1006.4,97.8,,
883,2025-08-12 02:00,24.5,206.6,1.5,0,957.9,1006.2,98.4,,
883,2025-08-12 03:00,24.6,201.2,2.2,0,958.1,1006.4,98.5,,
883,2025-08-12 04:00,24.8,213.6,2.1,0,958.5,1006.8,98.6,,
883,2025-08-12 05:00,24.8,222.3,4.4,.5,958.4,1006.7,98.6,,
883,2025-08-12 06:00,24.9,223.3,3.6,.5,958.5,1006.8,98.7,,
883,2025-08-12 07:00,24.8,219.5,4.2,1,959.3,1007.6,98.7,,
883,2025-08-12 08:00,24.8,222.6,5.1,0,959.3,1007.6,98.5,,
883,2025-08-12 09:00,25.1,228.5,4.9,0,960.1,1008.4,97.8,,
883,2025-08-12 10:00,25.1,223.4,4.3,1.5,960.5,1008.8,97.9,,
883,2025-08-12 11:00,25.4,225.6,4.1,0,960.8,1009.1,96.8,,
883,2025-08-12 12:00,25.4,232.5,3.9,1,961,1009.3,96.5,,
883,2025-08-12 13:00,25.6,231.7,4.5,0,961.2,1009.5,95.4,,
883,2025-08-12 14:00,25.9,226.6,3.9,.5,961.4,1009.7,96.6,,
883,2025-08-12 15:00,26,226,3.3,0,961.6,1009.8,94.4,,
883,2025-08-12 16:00,26.3,230.3,3.3,0,961.8,1010,93.5,,
883,2025-08-12 17:00,26.5,226.1,2.9,0,962.2,1010.4,90.2,,
883,2025-08-12 18:00,25.4,202.1,1.9,0,962.4,1010.8,94.8,,
883,2025-08-12 19:00,24.8,198.3,2.1,0,962.6,1011.1,95,,
883,2025-08-12 20:00,24.5,194.9,1.9,0,963,1011.6,96.7,,
883,2025-08-12 21:00,24.7,182.2,3.5,.5,963.3,1011.9,96.2,,
883,2025-08-12 22:00,24.6,187.3,3.3,0,963.7,1012.3,96.4,,
883,2025-08-12 23:00,24.7,181.7,4.1,0,963.7,1012.3,95.8,,
883,2025-08-13 00:00,24.8,183.5,4.2,0,963.8,1012.3,95.7,,
883,2025-08-13 01:00,24.7,178.7,4.4,0,963.8,1012.4,95.4,,
883,2025-08-13 02:00,24.5,176,5.3,0,963.6,1012.2,94.8,,
883,2025-08-13 03:00,24.4,178.1,4.5,0,963.7,1012.3,94.5,,
883,2025-08-13 04:00,24.6,179.1,4.1,0,963.8,1012.4,95.3,,
883,2025-08-13 05:00,24.5,184.6,3.8,0,964,1012.6,96,,
883,2025-08-13 06:00,24.5,183.5,4.4,0,964.2,1012.8,94.9,,
883,2025-08-13 07:00,24.7,187.9,3.8,0,964.6,1013.2,95,,
883,2025-08-13 08:00,24.9,183.4,4.1,0,965.2,1013.8,94.7,,
883,2025-08-13 09:00,26,184.8,3.6,0,965.2,1013.6,91.1,,
883,2025-08-13 10:00,26.2,193.7,3,0,965.7,1014.1,91.7,,
883,2025-08-13 11:00,27.1,188.5,3.3,0,965.8,1014.1,89.4,,
883,2025-08-13 12:00,27.4,187.6,3.1,0,965.9,1014.1,87.1,,
883,2025-08-13 13:00,28.2,191.5,4.1,0,965.5,1013.6,84,,
883,2025-08-13 14:00,27.9,189.9,4.5,0,965.5,1013.6,84.2,,
883,2025-08-13 15:00,27.8,186.6,2.8,0,965.6,1013.7,82.3,,
883,2025-08-13 16:00,27.3,177.2,2.9,0,965.4,1013.6,85.5,,
883,2025-08-13 17:00,27.4,182.5,2.2,0,965.2,1013.4,83.1,,
883,2025-08-13 18:00,26.5,167.3,3.9,0,965.1,1013.4,85.6,,
883,2025-08-13 19:00,25.2,168.3,3.2,0,965.2,1013.8,91,,
883,2025-08-13 20:00,24.3,155.8,4.3,0,965.3,1014,90.7,,
883,2025-08-13 21:00,24.3,159.7,6.1,0,965.6,1014.3,89.3,,
883,2025-08-13 22:00,24.3,162.5,5.6,0,966,1014.8,91,,
883,2025-08-13 23:00,24.5,174.8,4.1,0,966.4,1015.2,92.4,,
883,2025-08-14 00:00,24.5,178.3,4,0,966.3,1015,93.3,,
883,2025-08-14 01:00,24.5,178.7,4,0,966.2,1014.9,92.8,,
883,2025-08-14 02:00,24.6,190.3,3,0,966,1014.7,94.3,,
883,2025-08-14 03:00,24.5,186,3,0,965.8,1014.5,94.7,,
883,2025-08-14 04:00,24.2,176.6,3.3,0,965.8,1014.6,94.9,,
883,2025-08-14 05:00,23.5,201.7,1.2,0,966.3,1015.2,96,,
883,2025-08-14 06:00,23.8,183.4,2.7,0,966.7,1015.6,95.7,,
883,2025-08-14 07:00,24.8,169.8,3.7,0,967,1015.7,92.9,,
883,2025-08-14 08:00,25.9,188.3,2.6,0,967,1015.5,91,,
883,2025-08-14 09:00,27.1,190.3,2.5,0,967.2,1015.5,86.5,,
883,2025-08-14 10:00,27.5,197.8,1.9,0,967.4,1015.7,83.9,,
883,2025-08-14 11:00,27.2,208.9,1.5,0,967.9,1016.2,85.9,,
883,2025-08-14 12:00,29.7,187.3,1.5,0,968,1015.9,78.1,,
883,2025-08-14 13:00,30.2,0,.4,0,967.9,1015.7,77.8,,
883,2025-08-14 14:00,30.3,268.7,.6,0,967.7,1015.5,79.1,,
883,2025-08-14 15:00,29.5,247.2,1.3,0,967.2,1015.1,78.6,,
883,2025-08-14 16:00,29.6,259.7,.8,0,967.2,1015.1,79.5,,
883,2025-08-14 17:00,27.8,67,.9,0,967.1,1015.3,81.9,,
883,2025-08-14 18:00,26.3,113.4,.7,0,967.1,1015.6,91.2,,
883,2025-08-14 19:00,26,0,.1,0,967.2,1015.7,92.1,,
883,2025-08-14 20:00,24.8,183,1.7,0,967.6,1016.4,94.4,,
883,2025-08-14 21:00,24.3,176.9,2.3,0,967.7,1016.6,95.4,,
883,2025-08-14 22:00,23.7,174.2,2.6,0,967.4,1016.3,93.8,,
883,2025-08-14 23:00,23.3,158,2.6,0,967.4,1016.4,88.5,,
883,2025-08-15 00:00,23.4,153.1,2.4,0,967,1015.6,86.5,,
883,2025-08-15 01:00,23.4,160.7,1.9,0,966.8,1015.8,84.2,,
883,2025-08-15 02:00,22.9,168.8,2.1,0,966.5,1015.6,85.6,,
883,2025-08-15 03:00,22.1,171.1,1.8,0,966.6,1015.8,91.4,,
883,2025-08-15 04:00,21.3,117.5,2.3,0,966.8,1016.2,94.2,,
883,2025-08-15 05:00,21.2,0,.2,0,966.9,1016.3,95.6,,
883,2025-08-15 06:00,21.1,112.7,1.6,0,967.4,1016.8,95.8,,
883,2025-08-15 07:00,23.5,99.8,1,0,967.6,1016.6,92.4,,
883,2025-08-15 08:00,26.1,0,0,0,967.8,1016.3,86.7,,
883,2025-08-15 09:00,27.1,0,0,0,967.8,1016.2,78.9,,
883,2025-08-15 10:00,28.3,0,0,0,968,1016.2,77.1,,
883,2025-08-15 11:00,29.3,0,.1,0,967.7,1015.7,75.7,,
883,2025-08-15 12:00,29.2,0,.2,0,967.3,1015.3,75.3,,
883,2025-08-15 13:00,29.4,3.6,2.5,0,967.1,1015,80.3,,
883,2025-08-15 14:00,29.2,31.5,1.7,0,966.8,1014.7,78.4,,
883,2025-08-15 15:00,30.1,354.3,2.4,0,966.4,1014.2,77.8,,
883,2025-08-15 16:00,29.3,26.1,1.9,0,966.4,1014.3,77.6,,
883,2025-08-15 17:00,28.3,26.7,2.8,0,966.3,1014.4,79.7,,
883,2025-08-15 18:00,27.8,24.8,3,0,965.9,1014,80.8,,
883,2025-08-15 19:00,25.8,24.3,2.4,0,965.9,1014.4,88.8,,
883,2025-08-15 20:00,24,0,.2,0,965.8,1014.6,95.4,,
883,2025-08-15 21:00,23.6,127,1.6,0,966.1,1015,92.7,,
883,2025-08-15 22:00,22.9,99.7,1.5,0,966.1,1015.1,92.6,,
883,2025-08-15 23:00,22.4,95.9,.9,0,966.1,1015.2,93.1,,
883,2025-08-16 00:00,22,105.5,.8,0,965.7,1014.6,95.1,,
883,2025-08-16 01:00,21.5,99.8,1.7,0,965.5,1014.8,95.2,,
883,2025-08-16 02:00,21.7,94.2,1.2,0,965.5,1014.7,95.3,,
883,2025-08-16 03:00,21.8,96.9,2.6,0,965.5,1014.7,92.6,,
883,2025-08-16 04:00,21.8,100.3,2.6,0,965.4,1014.6,92.8,,
883,2025-08-16 05:00,20.9,93.5,1.3,0,965.4,1014.8,95.7,,
883,2025-08-16 06:00,20.9,104.5,1.3,0,965.5,1014.9,95.5,,
883,2025-08-16 07:00,23.1,0,.1,0,965.8,1014.8,90.7,,
883,2025-08-16 08:00,26.5,0,0,0,965.9,1014.3,76.1,,
883,2025-08-16 09:00,28,0,.2,0,966.1,1014.2,74.5,,
883,2025-08-16 10:00,28.3,0,.1,0,966.2,1014.3,75.5,,
883,2025-08-16 11:00,29.2,0,.4,0,966,1013.9,73.8,,
883,2025-08-16 12:00,30.3,246,.6,0,965.8,1013.5,69.6,,
883,2025-08-16 13:00,28.6,300.1,3,0,965.8,1013.8,79.2,,
883,2025-08-16 14:00,30.6,289.3,.5,0,965.4,1013.1,73.7,,
883,2025-08-16 15:00,29.8,332,1.3,0,965.1,1012.9,74.3,,
883,2025-08-16 16:00,29.4,31.6,1.3,0,965.1,1012.9,79,,
883,2025-08-16 17:00,28.1,23.9,2.2,0,965,1013,81.9,,
883,2025-08-16 18:00,28.4,29.7,1.5,0,964.8,1012.8,80,,
883,2025-08-16 19:00,26,0,0,0,965,1013.4,88.9,,
883,2025-08-16 20:00,24.3,160,1.8,0,965,1013.7,92.4,,
883,2025-08-16 21:00,23.9,152,2.2,0,965.4,1014.2,92.6,,
883,2025-08-16 22:00,23.7,152.6,3.1,0,965.6,1014.5,90.8,,
883,2025-08-16 23:00,22.4,0,.1,0,965.8,1014.9,93.5,,
883,2025-08-17 00:00,22.8,155.8,2.5,0,965.9,1014.6,93.5,,
883,2025-08-17 01:00,22.9,159.5,2.5,0,965.5,1014.5,93.1,,
883,2025-08-17 02:00,23,153.6,3.1,0,965,1014,94.3,,
883,2025-08-17 03:00,22.8,155.9,2.9,0,965,1014,94.3,,
883,2025-08-17 04:00,23,163,3,0,965.3,1014.3,94.2,,
883,2025-08-17 05:00,23,159.5,2.5,0,965.7,1014.7,93.3,,
883,2025-08-17 06:00,23.1,161.2,2.6,0,965.9,1014.9,93.5,,
883,2025-08-17 07:00,24.4,159.8,2.6,0,966,1014.8,90.8,,
883,2025-08-17 08:00,26.3,173.8,.5,0,966.4,1014.8,86.1,,
883,2025-08-17 09:00,27.5,0,.1,0,967,1015.3,77,,
883,2025-08-17 10:00,28.3,0,0,0,967.5,1015.6,74.6,,
883,2025-08-17 11:00,28.9,0,.1,0,967.6,1015.6,75.8,,
883,2025-08-17 12:00,29.7,0,.1,0,967.3,1015.2,73.6,,
883,2025-08-17 13:00,28.4,297.4,.8,0,967,1015.1,82.2,,
883,2025-08-17 14:00,29.8,295.6,1.3,0,966.5,1014.3,80.7,,
883,2025-08-17 15:00,28.9,0,.4,0,966,1014,76.1,,
883,2025-08-17 16:00,29.2,299.9,1.4,0,965.9,1013.8,79.2,,
883,2025-08-17 17:00,28.8,24.4,1.1,0,965.7,1013.7,79,,
883,2025-08-17 18:00,27,0,.1,0,965.7,1014,84.7,,
883,2025-08-17 19:00,25.1,170.6,.9,0,965.8,1014.4,89.5,,
883,2025-08-17 20:00,24.2,154.1,1.6,0,966,1014.8,92.6,,
883,2025-08-17 21:00,24.6,139.5,2.6,0,966.9,1015.7,90.9,,
883,2025-08-17 22:00,23.9,138.8,1.2,0,967.4,1016.3,89.4,,
883,2025-08-17 23:00,24.3,150.2,3.5,0,967.1,1015.9,87.4,,
883,2025-08-18 00:00,23.9,154.5,3.1,0,966.8,1015.2,91,,
883,2025-08-18 01:00,24.1,156.8,3.7,0,966.2,1015,89.2,,
883,2025-08-18 02:00,23.6,165.8,2.1,0,966.1,1015,94.1,,
883,2025-08-18 03:00,23.8,156.9,3.5,0,966,1014.9,89.4,,
883,2025-08-18 04:00,24.3,138.9,2.2,0,966.5,1015.3,88.8,,
883,2025-08-18 05:00,23.4,171.7,1.2,0,966.9,1015.9,95.3,,
883,2025-08-18 06:00,23.5,170.1,1,.5,966.9,1015.9,95.7,,
883,2025-08-18 07:00,24.1,163.7,2.2,0,967.1,1016,94.3,,
883,2025-08-18 08:00,26.3,0,0,0,967.5,1016,86.5,,
883,2025-08-18 09:00,28,0,.1,0,967.7,1015.9,78.8,,
883,2025-08-18 10:00,28.8,0,.2,0,967.5,1015.6,72.9,,
883,2025-08-18 11:00,30,0,.2,0,967.2,1015,73.9,,
883,2025-08-18 12:00,29.9,214.4,1,0,966.9,1014.7,72.4,,
883,2025-08-18 13:00,30.8,0,.1,0,966.2,1013.9,71.4,,
883,2025-08-18 14:00,28.4,30.7,2.7,0,965.8,1013.8,80.8,,
883,2025-08-18 15:00,29.1,30,2.4,0,965.6,1013.5,79.1,,
883,2025-08-18 16:00,27.4,0,.1,0,965.5,1013.7,85.4,,
883,2025-08-18 17:00,28.4,194.3,1.4,0,965.5,1013.5,82.5,,
883,2025-08-18 18:00,26.9,200.3,1,0,965.2,1013.5,84.7,,
883,2025-08-18 19:00,25.5,193.6,1,0,965.7,1014.2,89.7,,
883,2025-08-18 20:00,24.5,181.4,1.6,0,966,1014.7,92.2,,
883,2025-08-18 21:00,23.9,175.3,1.9,0,966.6,1015.5,92,,
883,2025-08-18 22:00,23.7,157.6,2.3,0,966.7,1015.6,92.7,,
883,2025-08-18 23:00,23.4,161.5,3,0,966.3,1015.3,92.1,,
883,2025-08-19 00:00,23.6,162.5,3.7,0,965.9,1014.4,89.6,,
883,2025-08-19 01:00,23.5,165.9,3.3,0,965.1,1014,90.3,,
883,2025-08-19 02:00,23.8,159.6,3.1,0,964.7,1013.5,91.4,,
883,2025-08-19 03:00,23.5,164.6,2.6,0,964.4,1013.2,93,,
883,2025-08-19 04:00,23.6,170.8,2.2,0,964.1,1012.9,93.6,,
883,2025-08-19 05:00,23.5,176,1.9,0,964.2,1013,94.9,,
883,2025-08-19 06:00,23.4,162.6,2.3,0,964.6,1013.5,89.8,,
883,2025-08-19 07:00,23.8,0,.2,0,965,1013.8,89.8,,
883,2025-08-19 08:00,25.2,0,.4,0,965.1,1013.7,86.5,,
883,2025-08-19 09:00,27.3,189.3,.9,0,965.1,1013.3,77.2,,
883,2025-08-19 10:00,26.8,203.4,.7,0,965.3,1013.6,83.1,,
883,2025-08-19 11:00,27.9,193.5,.6,0,965.3,1013.4,82.5,,
883,2025-08-19 12:00,29.3,220.2,1.2,0,965.1,1012.9,75.9,,
883,2025-08-19 13:00,28.4,210.5,1,0,964.8,1012.8,78.2,,
883,2025-08-19 14:00,30.1,216.6,1.2,0,964.1,1011.8,72.9,,
883,2025-08-19 15:00,29.4,207.7,1.5,0,963.2,1010.9,74.1,,
883,2025-08-19 16:00,29.1,190.3,1.2,0,962.7,1010.5,74.3,,
883,2025-08-19 17:00,28.8,199.7,1.3,0,962.7,1010.5,73,,
883,2025-08-19 18:00,27.1,198.3,1.5,0,962.6,1010.7,83.5,,
883,2025-08-19 19:00,25.4,190.5,2.7,0,963,1011.4,89.6,,
883,2025-08-19 20:00,24.5,172.6,3.1,0,963.2,1011.8,90.2,,
883,2025-08-19 21:00,24.2,161.1,3.8,0,963.6,1012.3,89.9,,
883,2025-08-19 22:00,23.6,162.3,2.7,0,963.4,1012.2,86.2,,
883,2025-08-19 23:00,23.5,161.3,2.7,0,963.1,1011.9,87.1,,
883,2025-08-20 00:00,23.8,157.7,3.4,0,962.5,1010.7,85.9,,
883,2025-08-20 01:00,24.3,148.9,3.7,0,962.2,1010.8,87.2,,
883,2025-08-20 02:00,24.4,156.6,2.4,0,962.1,1010.7,91.7,,
883,2025-08-20 03:00,24.2,170.2,.9,0,961.9,1010.5,94.5,,
883,2025-08-20 04:00,23.8,154,3,3.5,961.9,1010.6,96,,
883,2025-08-20 05:00,23.2,127.7,.8,10,962.3,1011.1,96.1,,
883,2025-08-20 06:00,23.6,139.8,3.3,2,962.2,1010.9,94.7,,
883,2025-08-20 07:00,24.5,143.6,3.4,0,962.1,1010.6,91.9,,
883,2025-08-20 08:00,26.1,144.8,1.5,0,962.1,1010.4,86.8,,
883,2025-08-20 09:00,28,0,.2,0,962,1009.9,78.4,,
883,2025-08-20 10:00,28.5,0,.4,0,962,1009.8,77.1,,
883,2025-08-20 11:00,29.3,182,1,0,961.7,1009.4,76.3,,
883,2025-08-20 12:00,28.6,180.2,1.4,0,961.9,1009.7,78.7,,
883,2025-08-20 13:00,29.4,184.5,2,0,961.5,1009.2,77.1,,
883,2025-08-20 14:00,28.5,190.6,2.5,0,961.2,1009,79.4,,
883,2025-08-20 15:00,27.8,192.5,2.1,0,960.9,1008.8,82.1,,
883,2025-08-20 16:00,28,192.9,.8,0,960.8,1008.7,77.1,,
883,2025-08-20 17:00,26.7,30.5,1.9,0,960.6,1008.7,83.7,,
883,2025-08-20 18:00,26.3,17.7,.7,0,960.3,1008.4,86.9,,
883,2025-08-20 19:00,25.3,0,0,0,960.4,1008.7,92.2,,
883,2025-08-20 20:00,24.7,45.9,2.2,0,960.7,1009.1,92.5,,
883,2025-08-20 21:00,24.3,0,.2,0,961.3,1009.8,93,,
883,2025-08-20 22:00,24.6,0,.2,0,961.8,1010.3,93.1,,
883,2025-08-20 23:00,24.9,327.2,1.2,0,961.8,1010.2,94.2,,
883,2025-08-21 00:00,24.6,28.3,1.8,0,961.7,1010.2,96.4,,
883,2025-08-21 01:00,24.3,85.5,1.1,.5,961.7,1010.3,96.2,,
883,2025-08-21 02:00,23.6,88,1.9,0,962,1010.7,94.3,,
883,2025-08-21 03:00,23.8,91.1,.5,0,962.2,1010.9,95.5,,
883,2025-08-21 04:00,24,0,.4,0,961.9,1010.5,96.3,,
883,2025-08-21 05:00,24,63.4,.8,0,961.8,1010.4,96.7,,
883,2025-08-21 06:00,23.2,89.8,1.9,0,961.8,1010.6,94.6,,
883,2025-08-21 07:00,23.5,97.6,2.4,0,962,1010.7,89.3,,
883,2025-08-21 08:00,26.2,0,.3,0,962.1,1010.3,82.8,,
883,2025-08-21 09:00,27.6,0,0,0,962.2,1010.2,75.6,,
883,2025-08-21 10:00,27.6,350,.5,0,962.5,1010.5,79.1,,
883,2025-08-21 11:00,29.5,354.3,1,0,962.4,1010.1,81.3,,
883,2025-08-21 12:00,28.7,47.6,2.1,0,962.4,1010.2,81.3,,
883,2025-08-21 13:00,26.6,208.2,.5,0,962.1,1010.3,89.7,,
883,2025-08-21 14:00,28.6,207.2,1.1,0,961.8,1009.6,85.3,,
883,2025-08-21 15:00,28.1,222.6,.5,0,961.4,1009.3,83.9,,
883,2025-08-21 16:00,27.3,13.7,.5,0,961.3,1009.3,87,,
883,2025-08-21 17:00,26.8,88.7,.8,0,961,1009.1,87.8,,
883,2025-08-21 18:00,26.6,0,0,0,960.9,1009,87.8,,
883,2025-08-21 19:00,25.1,0,0,0,960.9,1009.3,91.9,,
883,2025-08-21 20:00,24.6,0,.3,0,961.1,1009.6,94.4,,
883,2025-08-21 21:00,24.3,0,0,0,961.7,1010.3,93.6,,
883,2025-08-21 22:00,24,163.9,2.7,0,962,1010.6,93.8,,
883,2025-08-21 23:00,24.2,162.4,2.4,0,962,1010.6,91.6,,
883,2025-08-22 00:00,23.8,163.3,2,0,961.9,1010.1,91.1,,
883,2025-08-22 01:00,24,151.9,2.1,0,961.7,1010.3,89.4,,
883,2025-08-22 02:00,23.3,167.3,1.8,0,961.5,1010.2,90.2,,
883,2025-08-22 03:00,23.3,175.5,1.7,0,961.4,1010.1,93.4,,
883,2025-08-22 04:00,22.7,0,0,0,961.2,1010,94.2,,
883,2025-08-22 05:00,22.3,0,0,0,961.3,1010.2,95.6,,
883,2025-08-22 06:00,22.1,0,0,0,961.5,1010.5,96,,
883,2025-08-22 07:00,23.4,0,0,0,961.7,1010.4,93.2,,
883,2025-08-22 08:00,26.4,0,0,0,961.7,1009.9,83.3,,
883,2025-08-22 09:00,27.8,0,0,0,961.6,1009.5,81.2,,
883,2025-08-22 10:00,28.8,0,.3,0,962,1009.8,79.3,,
883,2025-08-22 11:00,26.6,0,.2,0,962.3,1010.5,87.1,,
883,2025-08-22 12:00,27.3,0,.4,0,962.1,1010.1,85.5,,
883,2025-08-22 13:00,28.4,228.6,1.3,0,961.7,1009.5,83,,
883,2025-08-22 14:00,27.8,235.4,1.6,0,961.5,1009.4,84.1,,
883,2025-08-22 15:00,29.3,245.1,1.7,0,961,1008.6,78.7,,
883,2025-08-22 16:00,29.8,261.6,1.1,0,960.9,1008.5,78.8,,
883,2025-08-22 17:00,28.8,261.6,.8,0,960.8,1008.5,77.6,,
883,2025-08-22 18:00,28.1,247.9,.8,0,960.8,1008.6,80.6,,
883,2025-08-22 19:00,26,0,.3,0,960.8,1009,90.2,,
883,2025-08-22 20:00,24.8,0,.2,0,961.2,1009.6,94.6,,
883,2025-08-22 21:00,24.3,0,0,0,962.1,1010.7,95.7,,
883,2025-08-22 22:00,23.9,165.4,2.5,0,962.1,1010.7,94.8,,
883,2025-08-22 23:00,23.8,170.8,3.3,0,962.3,1011,92.2,,
883,2025-08-23 00:00,23.7,176.2,2.8,0,962.3,1010.6,93.1,,
883,2025-08-23 01:00,24.3,192.5,1.9,0,962.2,1010.8,95.5,,
883,2025-08-23 02:00,24.5,216.5,2.1,0,962,1010.5,95.6,,
883,2025-08-23 03:00,24.4,206.8,1.3,0,962,1010.5,96.7,,
883,2025-08-23 04:00,24.4,219.3,1.8,0,962.1,1010.7,96.8,,
883,2025-08-23 05:00,24.3,217.3,1.5,0,962.1,1010.7,96.8,,
883,2025-08-23 06:00,23.9,207.2,.7,0,962.4,1011.1,97.2,,
883,2025-08-23 07:00,24.3,0,.2,0,962.5,1011.1,97,,
883,2025-08-23 08:00,26.1,0,.1,0,962.9,1011.2,90.9,,
883,2025-08-23 09:00,28.2,213.7,.5,0,963.1,1011,84.3,,
883,2025-08-23 10:00,28.8,243.2,.5,0,963.4,1011.2,79.7,,
883,2025-08-23 11:00,29.3,263.3,.5,0,963.4,1011.2,75.2,,
883,2025-08-23 12:00,29.4,273.1,1.5,0,963.2,1010.9,74.7,,
883,2025-08-23 13:00,29.9,265.4,1.4,0,963,1010.6,72.7,,
883,2025-08-23 14:00,29,237.1,1.3,0,963,1010.8,76.5,,
883,2025-08-23 15:00,29.7,245.1,1.3,0,962.6,1010.3,71.2,,
883,2025-08-23 16:00,30.1,249.5,.9,0,962.2,1009.8,71,,
883,2025-08-23 17:00,28.7,219.3,1.3,0,962.1,1009.9,79.4,,
883,2025-08-23 18:00,28.4,228.8,1,0,962.1,1010,81.6,,
883,2025-08-23 19:00,25.8,0,.2,0,962.2,1010.5,88.9,,
883,2025-08-23 20:00,24.6,0,0,0,962.9,1011.5,91.8,,
883,2025-08-23 21:00,24.6,155.8,2.2,0,963.6,1012.2,93.3,,
883,2025-08-23 22:00,24.2,167,2.6,0,963.8,1012.5,92.6,,
883,2025-08-23 23:00,24.3,166.6,2.5,0,963.7,1012.4,86.3,,
883,2025-08-24 00:00,24.3,169.4,3,0,963.9,1012.5,85.5,,
883,2025-08-24 01:00,24.4,170.5,2.2,0,963.6,1012.2,90.6,,
883,2025-08-24 02:00,24.7,180.9,1.9,0,963.5,1012.1,93.5,,
883,2025-08-24 03:00,24.6,186.7,1.6,0,963.3,1011.9,93.9,,
883,2025-08-24 04:00,24.6,191.1,1.5,0,963.6,1012.2,94.5,,
883,2025-08-24 05:00,24.8,196.4,1,0,963.7,1012.3,95.5,,
883,2025-08-24 06:00,24.7,192.7,1.4,0,963.6,1012.2,96.5,,
883,2025-08-24 07:00,24.6,212.7,1.6,1.5,964.2,1012.8,96.4,,
883,2025-08-24 08:00,25.3,214.4,1,0,964.4,1012.9,97.1,,
883,2025-08-24 09:00,27.3,204.2,1.3,0,964.7,1012.9,93.5,,
883,2025-08-24 10:00,28,202.2,.9,0,964.7,1012.7,87.6,,
883,2025-08-24 11:00,29,213.1,.8,0,964.9,1012.8,76.4,,
883,2025-08-24 12:00,29.4,207.6,1.1,0,964.5,1012.3,76.2,,
883,2025-08-24 13:00,29.6,204.8,1.7,0,964.2,1012,79.8,,
883,2025-08-24 14:00,29.6,206.5,1.3,0,963.8,1011.5,82,,
883,2025-08-24 15:00,30,225.8,1.7,0,963.4,1011.1,79.7,,
883,2025-08-24 16:00,29.1,229.1,2.4,0,963.1,1010.9,78.3,,
883,2025-08-24 17:00,27.5,213.3,1.2,0,963.2,1011.3,84.1,,
883,2025-08-24 18:00,26.8,0,.4,0,963.3,1011.5,88.2,,
883,2025-08-24 19:00,26.2,203.7,.5,0,963.3,1011.6,91.2,,
883,2025-08-24 20:00,24.9,0,.1,0,963.5,1012,94,,
883,2025-08-24 21:00,24.8,178.1,.6,0,964.2,1012.8,94.6,,
883,2025-08-24 22:00,24.5,157.8,2,0,964.4,1013.1,93.6,,
883,2025-08-24 23:00,24.2,164.3,2.1,0,964.3,1013,91.2,,
883,2025-08-25 00:00,24.2,157.4,3.4,0,963.9,1012.6,91.4,,
883,2025-08-25 01:00,24.2,170.5,1.3,0,963.8,1012.5,94.5,,
883,2025-08-25 02:00,24.5,177.9,2.2,0,963.7,1012.3,94.5,,
883,2025-08-25 03:00,24.6,171.4,2.5,0,963.5,1012.1,94.1,,
883,2025-08-25 04:00,24.6,185,2.4,0,963.5,1012.1,95.6,,
883,2025-08-25 05:00,24.7,181.3,1.9,0,963.3,1011.9,96.2,,
883,2025-08-25 06:00,24.7,209.1,1.9,0,963.8,1012.4,96.8,,
883,2025-08-25 07:00,24.8,178.5,1.7,0,963.9,1012.5,96.7,,
883,2025-08-25 08:00,25.5,195.5,1.5,.5,964.1,1012.6,94.8,,
883,2025-08-25 09:00,26.2,197.8,2.1,0,964.3,1012.6,89.4,,
883,2025-08-25 10:00,28.4,194,2.3,0,964.6,1012.6,83.1,,
883,2025-08-25 11:00,28.5,195.3,1.1,0,964.6,1012.6,82,,
883,2025-08-25 12:00,29,194.5,1.7,0,964.4,1012.3,84.2,,
883,2025-08-25 13:00,29.8,203.8,1.5,0,964,1011.7,75,,
883,2025-08-25 14:00,28.5,215.3,1.9,0,963.6,1011.5,83.6,,
883,2025-08-25 15:00,29.5,191.5,1.7,0,962.9,1010.6,78.3,,
883,2025-08-25 16:00,28.7,198.8,2.1,0,962.7,1010.5,78.1,,
883,2025-08-25 17:00,28.3,201.4,2.1,0,962.4,1010.3,80.3,,
883,2025-08-25 18:00,26.6,191.7,1.7,0,962.5,1010.7,88,,
883,2025-08-25 19:00,25.7,188.9,1.8,0,962.5,1010.8,93.4,,
883,2025-08-25 20:00,25.4,183.3,3,0,962.8,1011.2,93,,
883,2025-08-25 21:00,25.3,189,2.8,0,963.1,1011.5,93.9,,
883,2025-08-25 22:00,24.9,185.3,1.8,0,962.9,1011.4,94.8,,
883,2025-08-25 23:00,24.8,192.1,2.6,.5,962.8,1011.3,96.7,,
883,2025-08-26 00:00,24.8,202.8,2.2,0,962.7,1011.2,97,,
883,2025-08-26 01:00,25,218.5,3,0,963.1,1011.6,96.9,,
883,2025-08-26 02:00,24.7,215.8,2.4,0,963.1,1011.7,97.4,,
883,2025-08-26 03:00,24.7,221.2,2.6,0,962.9,1011.4,97.4,,
883,2025-08-26 04:00,24.6,211.3,2.3,.5,962.6,1011.1,97.4,,
883,2025-08-26 05:00,24.7,214.9,2.1,0,962.6,1011.1,97.4,,
883,2025-08-26 06:00,24.5,211.7,1.6,0,962.8,1011.4,97.3,,
883,2025-08-26 07:00,23.4,228.6,2.1,7,963.3,1012.1,97.1,,
883,2025-08-26 08:00,24.9,210.4,1.4,0,963.4,1011.9,98,,
883,2025-08-26 09:00,26,230.6,2.4,0,963.4,1011.7,96.2,,
883,2025-08-26 10:00,26.9,253,3.2,0,963.9,1012.1,89.3,,
883,2025-08-26 11:00,27.7,244.9,1.5,0,963.7,1011.8,88.5,,
883,2025-08-26 12:00,28.4,236.9,1.8,0,962.8,1010.7,85.3,,
883,2025-08-26 13:00,29.1,225.8,.8,0,962.7,1010.5,84.2,,
883,2025-08-26 14:00,29.8,224.1,1.8,0,962.1,1009.7,82.2,,
883,2025-08-26 15:00,29.5,231.2,2.5,0,961.7,1009.3,84.2,,
883,2025-08-26 16:00,29.1,230.1,2.1,0,961.5,1009.2,83.6,,
883,2025-08-26 17:00,26.7,232.4,1.6,0,961.7,1009.8,89.7,,
883,2025-08-26 18:00,26.5,232,1.7,0,961.6,1009.8,91.7,,
883,2025-08-26 19:00,25.4,244,1,0,962,1010.4,94.5,,
883,2025-08-26 20:00,25.1,269.3,.9,0,962.5,1010.9,96.6,,
883,2025-08-26 21:00,24.8,0,.2,.5,962.8,1011.3,97.3,,
883,2025-08-26 22:00,25,0,.1,0,963,1011.5,97,,
883,2025-08-26 23:00,25,0,0,0,962.9,1011.4,97.3,,
883,2025-08-27 00:00,24.8,0,0,0,962.8,1011.3,97.4,,
883,2025-08-27 01:00,24.6,0,0,0,962.5,1011,97,,
883,2025-08-27 02:00,24.3,0,0,0,962.2,1010.8,96.3,,
883,2025-08-27 03:00,24.5,0,0,0,962.6,1011.2,96.6,,
883,2025-08-27 04:00,23.7,171,2.5,0,961.8,1010.5,95.6,,
883,2025-08-27 05:00,23.6,170,1,0,961.9,1010.6,95.8,,
883,2025-08-27 06:00,23.3,0,.1,0,962.3,1011.1,96.1,,
883,2025-08-27 07:00,24.5,0,.3,0,962.4,1011,95.2,,
883,2025-08-27 08:00,25.5,0,0,0,962.8,1011.2,92.7,,
883,2025-08-27 09:00,26.4,0,.4,0,963,1011.2,88.9,,
883,2025-08-27 10:00,27.8,0,.4,0,963.1,1011.1,82.2,,
883,2025-08-27 11:00,27.9,0,.3,0,963.3,1011.3,82.6,,
883,2025-08-27 12:00,28.6,0,.3,0,962.8,1010.7,83.6,,
883,2025-08-27 13:00,26.6,314.4,3.3,0,963,1011.2,88.3,,
883,2025-08-27 14:00,27.9,303.2,1.8,0,962.8,1010.8,86.4,,
883,2025-08-27 15:00,28.6,305.6,1.7,0,962.6,1010.4,79.4,,
883,2025-08-27 16:00,29.1,274.8,.6,0,962.6,1010.4,79.1,,
883,2025-08-27 17:00,27.5,319.8,1.4,0,962.8,1010.8,83.1,,
883,2025-08-27 18:00,26.8,313.9,1,0,962.9,1011.1,88.6,,
883,2025-08-27 19:00,25.3,0,0,0,963.3,1011.8,90.8,,
883,2025-08-27 20:00,24.3,0,0,0,963.7,1012.4,95.2,,
883,2025-08-27 21:00,24.1,0,0,0,964,1012.7,95.2,,
883,2025-08-27 22:00,23.8,0,0,0,964.3,1013.1,93.8,,
883,2025-08-27 23:00,23.2,0,0,0,964.4,1013.3,95.9,,
883,2025-08-28 00:00,23,0,0,0,964.2,1012.7,94.4,,
883,2025-08-28 01:00,23.6,139,1.9,0,963.9,1012.7,94.5,,
883,2025-08-28 02:00,22.7,0,.1,0,963.9,1012.9,93.3,,
883,2025-08-28 03:00,23,154.8,2.1,0,963.8,1012.7,93.7,,
883,2025-08-28 04:00,22.5,110.8,.8,0,963.7,1012.7,94.8,,
883,2025-08-28 05:00,22.1,0,.1,0,963.8,1012.9,95.9,,
883,2025-08-28 06:00,21.7,101.5,2.5,0,964,1013.2,95,,
883,2025-08-28 07:00,23.3,0,.3,0,964.7,1013.6,91.5,,
883,2025-08-28 08:00,25.9,0,0,0,964.9,1013.3,84.5,,
883,2025-08-28 09:00,27.7,0,.2,0,965.1,1013.2,77.7,,
883,2025-08-28 10:00,28.4,0,.1,0,965.2,1013.2,70.8,,
883,2025-08-28 11:00,29.5,226.6,1.1,0,965,1012.8,72.1,,
883,2025-08-28 12:00,30.6,0,.3,0,964.5,1012.1,70,,
883,2025-08-28 13:00,30.7,199.8,.6,0,964.3,1011.9,69.4,,
883,2025-08-28 14:00,28.3,202,.5,0,964.3,1012.3,74,,
883,2025-08-28 15:00,29.9,202.9,.9,0,964,1011.7,72.4,,
883,2025-08-28 16:00,29.5,232.8,1.2,0,963.8,1011.6,76.5,,
883,2025-08-28 17:00,28.7,225.2,1,0,963.8,1011.7,79.8,,
883,2025-08-28 18:00,27.3,181.4,.6,0,964,1012.1,84.4,,
883,2025-08-28 19:00,25.4,0,.1,0,964.1,1012.6,90.6,,
883,2025-08-28 20:00,24.7,163.4,.6,0,964.6,1013.2,93.9,,
883,2025-08-28 21:00,24.3,152.3,2.5,0,965.2,1013.9,92.2,,
883,2025-08-28 22:00,24.2,154,2.5,0,965.6,1014.4,92.4,,
883,2025-08-28 23:00,24,158.3,1.9,0,965.7,1014.5,92.5,,
883,2025-08-29 00:00,23.7,148.9,2.5,0,965.4,1013.8,93.9,,
883,2025-08-29 01:00,23.6,156.1,2.6,0,965.1,1014,92.9,,
883,2025-08-29 02:00,23.9,166.2,2.6,0,965,1013.8,94,,
883,2025-08-29 03:00,23.8,157.5,2.8,0,965,1013.8,92.8,,
883,2025-08-29 04:00,23.5,172.6,2.3,0,965,1013.9,92.8,,
883,2025-08-29 05:00,24.2,177.5,2.4,0,965.2,1013.9,95.1,,
883,2025-08-29 06:00,23.8,164.6,2,0,965.5,1014.3,94.7,,
883,2025-08-29 07:00,24.6,166.8,2.6,0,966,1014.7,87.9,,
883,2025-08-29 08:00,26.7,0,.2,0,966.4,1014.8,84.6,,
883,2025-08-29 09:00,28.1,0,.2,0,966.7,1014.8,80.3,,
883,2025-08-29 10:00,26.3,234.5,1.5,0,966.8,1015.3,91.3,,
883,2025-08-29 11:00,28.6,217.9,.5,.5,966.8,1014.9,87,,
883,2025-08-29 12:00,29.6,198.8,1,0,966.6,1014.5,81,,
883,2025-08-29 13:00,30.3,207.4,.8,0,966.3,1014,74.2,,
883,2025-08-29 14:00,30.5,227.6,.9,0,966,1013.7,73,,
883,2025-08-29 15:00,30.1,223,1.3,0,965.7,1013.4,74.2,,
883,2025-08-29 16:00,29.9,0,.4,0,965.7,1013.5,71.4,,
883,2025-08-29 17:00,29.5,0,.4,0,965.8,1013.7,75.2,,
883,2025-08-29 18:00,27.7,0,.4,0,965.9,1014.1,80.7,,
883,2025-08-29 19:00,25.6,0,0,0,966.1,1014.6,87.6,,
883,2025-08-29 20:00,25,0,0,0,966.7,1015.4,89.1,,
883,2025-08-29 21:00,24,0,0,0,967.2,1016.1,90.8,,
883,2025-08-29 22:00,23.4,0,0,0,967.2,1016.2,86.7,,
883,2025-08-29 23:00,23.2,0,0,0,967.1,1016.1,91.9,,
883,2025-08-30 00:00,23.8,169.3,2.8,0,966.9,1015.4,91.2,,
883,2025-08-30 01:00,24.3,151.7,3.6,0,966.6,1015.4,81.8,,
883,2025-08-30 02:00,24.3,157.5,2.5,0,966.6,1015.4,87.6,,
883,2025-08-30 03:00,24.2,155.8,2,0,966.5,1015.3,85,,
883,2025-08-30 04:00,22.2,99.8,2,0,966.3,1015.5,89.8,,
883,2025-08-30 05:00,23.7,155.6,1.9,0,966.3,1015.2,87.1,,
883,2025-08-30 06:00,24.4,146.9,2.4,0,966.5,1015.3,83.2,,
883,2025-08-30 07:00,25.3,151,.9,0,966.8,1015.4,79.7,,
883,2025-08-30 08:00,26.2,152.3,1.6,0,966.7,1015.2,82.4,,
883,2025-08-30 09:00,27.9,166.6,2.5,0,966.4,1014.6,82,,
883,2025-08-30 10:00,28.7,165.7,2.9,0,966.3,1014.3,78.1,,
883,2025-08-30 11:00,28.6,197.2,1.3,0,966.4,1014.4,80,,
883,2025-08-30 12:00,30.7,207.8,.9,0,966,1013.7,73.1,,
883,2025-08-30 13:00,30.4,222.2,1.6,0,965.8,1013.5,73.2,,
883,2025-08-30 14:00,30.8,193.5,.7,0,965.4,1013,69,,
883,2025-08-30 15:00,28.9,104.8,.6,0,964.9,1012.8,74.9,,
883,2025-08-30 16:00,29.9,222.6,1.2,0,964.8,1012.5,74.1,,
883,2025-08-30 17:00,27.8,0,.3,0,964.7,1012.8,79,,
883,2025-08-30 18:00,25.5,112.3,1.1,0,964.3,1012.8,87.2,,
883,2025-08-30 19:00,25.3,0,.4,0,964.3,1012.8,90.4,,
883,2025-08-30 20:00,24.8,162.1,3.6,0,964.8,1013.4,89.5,,
883,2025-08-30 21:00,24.7,155.5,4.1,0,965.2,1013.9,86.3,,
883,2025-08-30 22:00,24.8,143.3,2.7,0,965.3,1013.9,87.1,,
883,2025-08-30 23:00,24.3,147.7,2.5,0,964.9,1013.6,77.8,,
883,2025-08-31 00:00,23.9,151.8,5.2,0,964.1,1012.4,85.1,-9.97,17.9
883,2025-08-31 01:00,24.5,149.3,4.2,0,963.8,1012.4,79.4,,
883,2025-08-31 02:00,24.8,146.3,2.9,0,963.4,1011.9,81.9,,
883,2025-08-31 03:00,24.8,148.7,2.4,0,963.4,1011.9,83.3,,
883,2025-08-31 04:00,25,147.3,2.2,0,963.2,1011.7,85.6,,
883,2025-08-31 05:00,24.8,0,0,0,963.2,1011.7,87,,
883,2025-08-31 06:00,23.7,206.1,1.7,2,963.3,1012,95.7,,
883,2025-08-31 07:00,24.3,167,2.7,1,962.8,1011.4,95,,
883,2025-08-31 08:00,24.4,142.7,3.8,0,963.1,1011.7,90.3,,
883,2025-08-31 09:00,25.5,159.5,4,4,962.5,1010.9,92.5,,
883,2025-08-31 10:00,24.1,161.9,1.9,8.5,963.3,1012,96.2,,
883,2025-08-31 11:00,25.4,160.6,4.3,6,962.7,1011.1,94.9,,
883,2025-08-31 12:00,26.3,180.4,3.1,0,961.9,1010.1,89.2,,
883,2025-08-31 13:00,28.1,170,2.8,0,961.6,1009.5,84.2,,
883,2025-08-31 14:00,27.4,209,1.9,0,961.4,1009.4,87.4,,
883,2025-08-31 15:00,27.5,207.4,2.3,0,960.9,1008.8,84.7,,
883,2025-08-31 16:00,26.6,205.6,1.8,0,961,1009.1,88.3,,
883,2025-08-31 17:00,26.2,204.9,3.1,0,960.3,1008.4,86.3,,
883,2025-08-31 18:00,26.1,206,1.6,0,959.9,1008,88.7,,
883,2025-08-31 19:00,24.3,209.7,.5,0,960.2,1008.7,93.9,,
883,2025-08-31 20:00,23.8,182.8,2.2,0,960.3,1008.9,95.1,,
883,2025-08-31 21:00,23.9,175,2.7,0,960.8,1009.4,94.5,,
883,2025-08-31 22:00,23.6,184.3,2.4,.5,960.9,1009.5,96.7,,
883,2025-08-31 23:00,22.8,168.2,3,0,960.2,1009,89.6,,
883,2025-09-01 00:00,23.5,171.9,3.9,0,960.3,1008.5,93.4,,
883,2025-09-01 01:00,24.2,179.4,3.5,0,960.2,1008.7,95.4,,
883,2025-09-01 02:00,24.4,178,4.5,0,959.5,1007.9,95.2,,
883,2025-09-01 03:00,23.8,200.2,2.3,3.5,959.5,1008,97.5,,
883,2025-09-01 04:00,24.1,205.9,2.4,.5,959.4,1007.9,97.8,,
883,2025-09-01 05:00,23.2,174.9,3.2,6.5,959.1,1007.7,97.5,,
883,2025-09-01 06:00,23.6,181.3,3.4,0,959.5,1008.1,97.7,,
883,2025-09-01 07:00,23.9,173.9,4,0,959.7,1008.2,96.9,,
883,2025-09-01 08:00,24.4,173.2,3.4,0,959.8,1008.2,95.3,,
883,2025-09-01 09:00,26.1,194.4,1.3,0,960,1008.1,95.1,,
883,2025-09-01 10:00,27.7,235,1.7,0,960.1,1008,86.9,,
883,2025-09-01 11:00,29,229.7,.6,0,959.6,1007.2,81.7,,
883,2025-09-01 12:00,28.6,234.4,.6,0,959.4,1007.1,82.8,,
883,2025-09-01 13:00,28.4,237.8,1.2,0,959.6,1007.3,83,,
883,2025-09-01 14:00,29,226.5,1.9,0,959.2,1006.8,79.3,,
883,2025-09-01 15:00,29,212.9,1.6,0,959.1,1006.7,81.1,,
883,2025-09-01 16:00,28,196.7,1.3,0,959.3,1007.1,82.7,,
883,2025-09-01 17:00,27,208.3,1.1,0,959.2,1007.1,88.2,,
883,2025-09-01 18:00,26.9,216.1,1.8,0,959.2,1007.2,89.1,,
883,2025-09-01 19:00,25.5,210.9,1,0,959.6,1007.8,93.3,,
883,2025-09-01 20:00,24.6,188,1.4,0,960,1008.4,95.3,,
883,2025-09-01 21:00,24.9,184.3,2,0,960.4,1008.8,95.1,,
883,2025-09-01 22:00,24.7,199.2,1.7,0,960.6,1009,96.2,,
883,2025-09-01 23:00,24.6,184.5,1.8,0,960.4,1008.8,95.7,,
883,2025-09-02 00:00,24.6,209.3,1.7,0,960.3,1008.7,96.5,,
883,2025-09-02 01:00,24.5,212,.7,0,960.1,1008.5,97.4,,
883,2025-09-02 02:00,24.7,217.2,.9,0,960.1,1008.5,97.2,,
883,2025-09-02 03:00,24.8,0,0,.5,960.1,1008.5,97.7,,
883,2025-09-02 04:00,24.5,215.7,.7,.5,960.2,1008.6,97.7,,
883,2025-09-02 05:00,24.3,0,.1,0,960.1,1008.6,97.7,,
883,2025-09-02 06:00,24,121.4,.6,0,960.1,1008.6,96.3,,
883,2025-09-02 07:00,24.1,0,.3,0,961.2,1009.8,95.5,,
883,2025-09-02 08:00,25,0,0,0,961,1009.4,93.5,,
883,2025-09-02 09:00,26.4,48.8,1,0,961,1009.1,89,,
883,2025-09-02 10:00,26.7,5.4,1.2,0,962.1,1010.2,86.2,,
883,2025-09-02 11:00,28.3,33.5,2.2,0,962.2,1010.1,84.6,,
883,2025-09-02 12:00,26.1,31.8,4.7,0,962.3,1010.6,88,,
883,2025-09-02 13:00,24.3,57.1,2.6,0,961.8,1010.4,92.8,,
883,2025-09-02 14:00,25.1,126.2,3.4,.5,961.4,1009.8,90.7,,
883,2025-09-02 15:00,26.6,156.5,3.4,0,960.8,1008.9,85.1,,
883,2025-09-02 16:00,28.1,0,.3,0,960.2,1008,79.6,,
883,2025-09-02 17:00,27.5,0,0,0,960,1007.9,82.2,,
883,2025-09-02 18:00,26,0,0,0,960,1008.2,83,,
883,2025-09-02 19:00,24.8,0,.1,0,960.4,1008.8,94.1,,
883,2025-09-02 20:00,23.9,49.4,.6,0,961.2,1009.8,96.1,,
883,2025-09-02 21:00,23.7,0,.1,0,962.1,1010.8,96,,
883,2025-09-02 22:00,23.1,146.8,.7,0,962.8,1011.6,95.8,,
883,2025-09-02 23:00,22.6,109.6,.5,0,962.6,1011.5,92,,
883,2025-09-03 00:00,23,161.5,2.7,0,962.2,1010.6,88.4,,
883,2025-09-03 01:00,22.9,160.6,2.8,0,961.9,1010.7,85.4,,
883,2025-09-03 02:00,23.6,133.1,1.6,0,961.9,1010.6,87.5,,
883,2025-09-03 03:00,22.3,72,2.5,0,962,1010.9,85.9,,
883,2025-09-03 04:00,20.9,0,0,0,961.9,1011.1,91.4,,
883,2025-09-03 05:00,21.1,0,.1,0,961.7,1010.9,92.2,,
883,2025-09-03 06:00,22.8,148.3,3.8,0,961.4,1010.2,86.1,,
883,2025-09-03 07:00,23.1,0,.2,0,962.1,1010.9,83.4,,
883,2025-09-03 08:00,26.3,0,0,0,962,1010.2,72.3,,
883,2025-09-03 09:00,27.1,0,0,0,962.1,1010.2,79.1,,
883,2025-09-03 10:00,27,0,.3,0,962.4,1010.5,80.3,,
883,2025-09-03 11:00,28,30.3,.5,0,962.1,1010,78.3,,
883,2025-09-03 12:00,27,0,.1,0,961.8,1009.9,80.7,,
883,2025-09-03 13:00,26.5,253.6,.8,0,961.3,1009.4,88.5,,
883,2025-09-03 14:00,22.7,30.6,4,3.5,961.3,1010.1,94.5,,
883,2025-09-03 15:00,25.4,0,.4,0,960.9,1009.2,88.5,,
883,2025-09-03 16:00,25.3,0,.4,0,960.7,1009,89.7,,
883,2025-09-03 17:00,25.9,0,0,1.5,960.4,1008.6,95.7,,
883,2025-09-03 18:00,26.3,0,0,0,960.6,1008.7,86.4,,
883,2025-09-03 19:00,24.2,0,0,0,961,1009.5,95,,
883,2025-09-03 20:00,23.6,0,0,0,961.4,1010.1,95.8,,
883,2025-09-03 21:00,23.2,0,0,0,961.8,1010.6,96,,
883,2025-09-03 22:00,23.2,91.1,2.5,0,962,1010.8,93.4,,
883,2025-09-03 23:00,23.5,89.1,2,0,961.7,1010.4,93,,
883,2025-09-04 00:00,22.2,0,0,0,961.6,1010.2,95.8,,
883,2025-09-04 01:00,22.5,0,0,0,960.9,1009.7,96.4,,
883,2025-09-04 02:00,21.7,116.6,1.5,0,960.4,1009.4,95.8,,
883,2025-09-04 03:00,21.4,105.1,2.2,0,960.3,1009.3,94.3,,
883,2025-09-04 04:00,21.3,106.6,2.2,0,959.9,1008.9,95.2,,
883,2025-09-04 05:00,21.4,0,0,0,959.5,1008.5,95.5,,
883,2025-09-04 06:00,21,0,0,0,959.7,1008.8,95.8,,
883,2025-09-04 07:00,22.4,116.1,2.2,0,960,1008.8,94,,
883,2025-09-04 08:00,25.7,177.3,.5,0,960.4,1008.6,87.3,,
883,2025-09-04 09:00,27.2,0,.1,0,960.5,1008.5,83,,
883,2025-09-04 10:00,28.2,0,0,0,960.6,1008.4,79.2,,
883,2025-09-04 11:00,28.8,311.6,.5,0,960.2,1007.9,74.5,,
883,2025-09-04 12:00,28,0,.4,0,959.7,1007.5,85.2,,
883,2025-09-04 13:00,29.7,33.7,3.8,0,959.3,1006.8,81.9,,
883,2025-09-04 14:00,28.2,31.2,3.9,0,958.9,1006.6,84.3,,
883,2025-09-04 15:00,25.6,99.7,.7,.5,958.7,1006.9,92.5,,
883,2025-09-04 16:00,26.7,155.7,.5,.5,958.4,1006.4,89.4,,
883,2025-09-04 17:00,28.1,60.7,2.4,0,958.7,1006.4,80.4,,
883,2025-09-04 18:00,26.9,48.4,1.8,0,958.6,1006.5,84.1,,
883,2025-09-04 19:00,24.7,0,0,0,958.6,1006.9,89.2,,
883,2025-09-04 20:00,23,0,.1,0,959.3,1008,88.2,,
883,2025-09-04 21:00,23.1,123.6,3,0,959.8,1008.5,84.8,,
883,2025-09-04 22:00,23.3,0,0,0,959.9,1008.5,91.6,,
883,2025-09-04 23:00,22.9,105.1,1.7,0,959.9,1008.6,95.1,,
883,2025-09-05 00:00,23.5,179.2,1.1,0,959.9,1008.1,96.8,,
883,2025-09-05 01:00,22.9,110.3,2.3,0,959.5,1008.2,95.8,,
883,2025-09-05 02:00,22.1,0,.2,0,959.9,1008.8,95.9,,
883,2025-09-05 03:00,21.8,102.5,.8,0,960.1,1009,94.9,,
883,2025-09-05 04:00,22.1,137.7,1.5,0,960.3,1009.2,95.1,,
883,2025-09-05 05:00,21.8,99.1,2.7,0,960.5,1009.5,94.6,,
883,2025-09-05 06:00,22.1,98.6,2.6,0,960.7,1009.6,92.7,,
883,2025-09-05 07:00,24.2,143.6,1.5,0,961.2,1009.7,89.7,,
883,2025-09-05 08:00,26.4,0,.2,0,961.5,1009.7,83.8,,
883,2025-09-05 09:00,27.4,179.6,.7,0,961.7,1009.7,82.4,,
883,2025-09-05 10:00,27.7,223.1,.9,0,962.4,1010.4,82.9,,
883,2025-09-05 11:00,28.3,218.2,.6,0,962.3,1010.2,78.7,,
883,2025-09-05 12:00,28.5,272.1,.6,0,962.2,1010,79.4,,
883,2025-09-05 13:00,26.7,0,.2,0,962,1010.1,88.3,,
883,2025-09-05 14:00,25.2,302.7,2.5,0,961.8,1010.2,94.2,,
883,2025-09-05 15:00,27.8,0,.1,0,961.8,1009.7,89.2,,
883,2025-09-05 16:00,26.9,326.7,.9,0,961.7,1009.8,88.4,,
883,2025-09-05 17:00,26.2,0,0,0,961.9,1010.1,88.9,,
883,2025-09-05 18:00,25.6,187.9,1.5,0,962.2,1010.5,90.7,,
883,2025-09-05 19:00,24.5,168.1,1.2,0,962.3,1010.8,94.1,,
883,2025-09-05 20:00,24.2,148.7,3.2,0,962.7,1011.3,90.7,,
883,2025-09-05 21:00,24.6,138.9,3.8,0,962.9,1011.5,86.5,,
883,2025-09-05 22:00,24.6,141.4,3.8,0,963.1,1011.7,83.5,,
883,2025-09-05 23:00,24.4,148,3.9,0,963.1,1011.7,84.5,,
883,2025-09-06 00:00,24.3,147.3,3,0,962.9,1011.5,83.8,,
883,2025-09-06 01:00,23.9,154,3.7,0,962.4,1011.1,92.3,,
883,2025-09-06 02:00,23.6,152,2.7,0,962.5,1011.2,93.1,,
883,2025-09-06 03:00,23.5,167.4,2.4,0,962.7,1011.4,94.6,,
883,2025-09-06 04:00,23.5,159.5,3.4,0,962.4,1011.1,90.6,,
883,2025-09-06 05:00,23.2,167.6,2.8,0,962.2,1011,93.1,,
883,2025-09-06 06:00,23.7,158.5,3.2,0,962.3,1011,93.4,,
883,2025-09-06 07:00,24.2,174.5,2.4,0,962.4,1011,92.5,,
883,2025-09-06 08:00,25.7,172.8,3.3,0,962.3,1010.6,91.7,,
883,2025-09-06 09:00,25.9,210.6,.8,.5,962.5,1010.8,93.6,,
883,2025-09-06 10:00,27.6,194,1.1,0,962.5,1010.5,85.8,,
883,2025-09-06 11:00,26.2,233.8,1.4,0,962.6,1010.9,88.3,,
883,2025-09-06 12:00,29,218.6,2.3,0,962.4,1010.2,78.5,,
883,2025-09-06 13:00,27.2,217.5,2.4,0,962.2,1010.3,87,,
883,2025-09-06 14:00,28.6,225.6,3.5,0,961.9,1009.7,82.4,,
883,2025-09-06 15:00,28.6,240.4,2.2,0,961.6,1009.4,79.6,,
883,2025-09-06 16:00,28.1,240.7,2.4,0,961.5,1009.4,78.4,,
883,2025-09-06 17:00,27.2,226.9,1.6,0,961.3,1009.3,85.3,,
883,2025-09-06 18:00,25.9,207,1.5,0,961,1009.2,91.1,,
883,2025-09-06 19:00,25.1,203.4,.7,0,961.6,1010,93.4,,
883,2025-09-06 20:00,24.9,195.6,1.5,0,961.9,1010.4,94.5,,
883,2025-09-06 21:00,24.8,193.5,1.7,0,962.2,1010.7,95.3,,
883,2025-09-06 22:00,24.8,201.5,2.3,0,962.4,1010.9,95.5,,
883,2025-09-06 23:00,24.8,198.1,1.5,0,962,1010.5,95.8,,
883,2025-09-07 00:00,24.8,205.6,2.9,0,961.1,1009.5,96.5,,
883,2025-09-07 01:00,24.5,205.2,2.3,0,961,1009.5,96.4,,
883,2025-09-07 02:00,24.3,212,1.4,0,960.9,1009.4,97,,
883,2025-09-07 03:00,24.5,202.5,1.9,0,960.5,1009,97.1,,
883,2025-09-07 04:00,24.9,217.4,2.8,0,960.2,1008.6,96.7,,
883,2025-09-07 05:00,24.9,210.3,2.5,0,960.1,1008.5,96.8,,
883,2025-09-07 06:00,25,211.4,1.7,0,960.6,1009,97.1,,
883,2025-09-07 07:00,25.2,219.5,1.8,0,960.9,1009.3,96.9,,
883,2025-09-07 08:00,26,229.9,3,0,961.1,1009.3,95.6,,
883,2025-09-07 09:00,26.8,243,3,0,961.5,1009.6,91.7,,
883,2025-09-07 10:00,27.1,258.8,1.6,0,961.9,1010,91.1,,
883,2025-09-07 11:00,25.2,282.3,2.5,2,961.9,1010.3,92.9,,
883,2025-09-07 12:00,27.5,243.3,2.7,1.5,961.1,1009.1,89.6,,
883,2025-09-07 13:00,28.6,239.8,2.5,0,960.9,1008.7,86.8,,
883,2025-09-07 14:00,28.7,231,2.6,0,960.3,1008,84,,
883,2025-09-07 15:00,28.9,241.4,3.1,0,960.3,1008,83.9,,
883,2025-09-07 16:00,26.3,260.5,1.6,.5,960.5,1008.6,93.9,,
883,2025-09-07 17:00,25.7,295.9,1.1,.5,960.9,1009.2,94.6,,
883,2025-09-07 18:00,26,0,.3,0,960.9,1009.1,95.8,,
883,2025-09-07 19:00,24.9,0,.3,0,960.8,1009.2,96.5,,
883,2025-09-07 20:00,24.5,0,0,0,961.3,1009.8,97.1,,
883,2025-09-07 21:00,24.3,0,0,0,961.3,1009.8,96.8,,
883,2025-09-07 22:00,24,161.7,2.3,0,961.4,1010,95.3,,
883,2025-09-07 23:00,23.6,168.9,1.1,0,961.8,1010.5,95,,
883,2025-09-08 00:00,23.9,166.8,2.5,0,961.9,1010.1,94.7,,
883,2025-09-08 01:00,24.7,212.1,.8,0,962.3,1010.8,97,,
883,2025-09-08 02:00,24.5,0,0,0,962.1,1010.6,97.7,,
883,2025-09-08 03:00,24.6,197.9,.6,0,961.9,1010.4,97.7,,
883,2025-09-08 04:00,24.8,192.2,1.6,0,961.5,1010,96.8,,
883,2025-09-08 05:00,24.8,150.5,.5,0,961.5,1010,97.2,,
883,2025-09-08 06:00,23.5,157.5,1.1,3.5,961.4,1010.1,97.2,,
883,2025-09-08 07:00,,,,0,,,,,
883,2025-09-08 08:00,25.9,0,0,0,961.9,1010.2,96.9,,
883,2025-09-08 09:00,26.5,211.2,.8,0,962.2,1010.4,94,,
883,2025-09-08 10:00,26.9,216.7,.7,0,962.7,1010.8,89.8,,
883,2025-09-08 11:00,26.8,228.6,.7,0,962.7,1010.9,90.3,,
883,2025-09-08 12:00,26.9,301.6,.9,0,962.3,1010.4,91.1,,
883,2025-09-08 13:00,28,0,.2,0,961.6,1009.5,82.1,,
883,2025-09-08 14:00,27.8,229.9,.9,0,961.2,1009.1,85.6,,
883,2025-09-08 15:00,29.1,234.2,1,0,960.6,1008.3,79.2,,
883,2025-09-08 16:00,27.1,219.7,.6,0,960.7,1008.7,89.2,,
883,2025-09-08 17:00,27.2,0,.1,4,960.9,1008.9,92.8,,
883,2025-09-08 18:00,25.6,0,0,.5,961.2,1009.5,96.4,,
883,2025-09-08 19:00,24.7,0,.2,0,961.6,1010.1,97.1,,
883,2025-09-08 20:00,24.5,162.1,2.4,0,961.8,1010.3,97.3,,
883,2025-09-08 21:00,24.4,162.3,2.5,0,961.9,1010.4,96,,
883,2025-09-08 22:00,24.6,157.5,3,0,961.8,1010.3,95.8,,
883,2025-09-08 23:00,24.6,174.6,2.7,0,961.3,1009.8,95.4,,
883,2025-09-09 00:00,24.9,187.8,1.7,0,961.9,1010.3,96.4,,
883,2025-09-09 01:00,23.2,174.6,3.3,.5,962.4,1011.2,95.4,,
883,2025-09-09 02:00,24,200,1.6,0,961.8,1010.4,97.1,,
883,2025-09-09 03:00,24.3,193.3,1.6,.5,961.7,1010.3,97.5,,
883,2025-09-09 04:00,24.5,213.4,2.3,0,961.4,1009.9,97.4,,
883,2025-09-09 05:00,24.5,208.4,1.4,0,961.1,1009.6,97.9,,
883,2025-09-09 06:00,24.7,215.6,1.5,0,961.6,1010.1,98,,
883,2025-09-09 07:00,24.9,0,.3,0,961.7,1010.1,98,,
883,2025-09-09 08:00,24.8,354.8,.8,0,961.8,1010.3,96.4,,
883,2025-09-09 09:00,25.8,327.8,1.2,0,961.7,1010,94,,
883,2025-09-09 10:00,27.4,203.7,.6,0,962,1010,89.8,,
883,2025-09-09 11:00,27.1,218.4,.6,0,961.7,1009.8,88.8,,
883,2025-09-09 12:00,27.9,211.1,1,0,961.4,1009.3,84.6,,
883,2025-09-09 13:00,26.9,0,.4,0,961.3,1009.4,89.2,,
883,2025-09-09 14:00,23.8,111.7,2.5,20.5,960.9,1009.5,96.6,,
883,2025-09-09 15:00,22.8,139.9,4.9,39.5,961,1009.8,95.9,,
883,2025-09-09 16:00,24.4,108.9,2.3,0,960.7,1009.2,91.7,,
883,2025-09-09 17:00,23.5,109.5,1.9,2,960.7,1009.3,94.9,,
883,2025-09-09 18:00,22.6,156.6,1.8,1.5,959.8,1008.6,95.1,,
883,2025-09-09 19:00,22.6,12.8,1,0,961,1009.8,96,,
883,2025-09-09 20:00,22.2,88.8,1.1,0,961.1,1010,94.8,,
883,2025-09-09 21:00,22.1,0,0,0,961.4,1010.3,96.4,,
883,2025-09-09 22:00,22.2,0,0,0,961.5,1010.4,95.3,,
883,2025-09-09 23:00,22.5,107.7,2.2,0,961.6,1010.5,93.2,,
883,2025-09-10 00:00,22.4,0,0,0,961,1009.5,96.4,,
883,2025-09-10 01:00,22.3,0,0,0,960.8,1009.7,96,,
883,2025-09-10 02:00,22,88,2.7,0,960.3,1009.2,95.4,,
883,2025-09-10 03:00,21.7,0,.3,.5,960.5,1009.5,95.8,,
883,2025-09-10 04:00,21.7,94,1.7,0,960.6,1009.6,95.2,,
883,2025-09-10 05:00,22.4,0,0,0,960.5,1009.3,96.5,,
883,2025-09-10 06:00,22.3,63.2,3.6,0,960.6,1009.5,96.1,,
883,2025-09-10 07:00,22,25.3,5.2,0,961.1,1010.1,98.5,,
883,2025-09-10 08:00,22.1,56.4,4.3,0,961.2,1010.1,99.3,,
883,2025-09-10 09:00,22.2,28.7,5.3,0,961.9,1010.9,99.4,,
883,2025-09-10 10:00,22.3,33.3,4.7,0,962.2,1011.2,99.2,,
883,2025-09-10 11:00,23.3,36,4.8,0,962.1,1010.9,95.6,,
883,2025-09-10 12:00,24.7,35.5,4.7,0,961.7,1010.2,91.5,,
883,2025-09-10 13:00,24.9,29.1,4.5,0,961.4,1009.8,89.4,,
883,2025-09-10 14:00,26.2,8.1,4.2,0,961.2,1009.4,85.3,,
883,2025-09-10 15:00,26.1,63.9,3.7,0,961.2,1009.4,84.5,,
883,2025-09-10 16:00,26,50.4,4.1,0,961.5,1009.7,84.1,,
883,2025-09-10 17:00,24.9,94.3,4,0,961.5,1009.9,87,,
883,2025-09-10 18:00,24.3,0,0,0,961.5,1010,90.9,,
883,2025-09-10 19:00,23.7,0,.2,0,961.7,1010.4,90.7,,
883,2025-09-10 20:00,22.4,103.1,2.9,0,962.3,1011.2,92.6,,
883,2025-09-10 21:00,22.1,96.2,4.1,0,962.9,1011.9,90.2,,
883,2025-09-10 22:00,21.9,92.6,2.7,0,963.3,1012.4,89.8,,
883,2025-09-10 23:00,22,113.4,4.4,0,962.9,1011.9,88.9,,
883,2025-09-11 00:00,21.9,105.7,4,0,963.1,1011.9,88.5,,
883,2025-09-11 01:00,22.3,81.1,3.5,0,962.9,1011.9,91.7,,
883,2025-09-11 02:00,22.6,98.4,4.9,0,962.9,1011.8,89.5,,
883,2025-09-11 03:00,22.7,87.4,5.4,0,962.9,1011.8,89.5,,
883,2025-09-11 04:00,22.2,83.2,3.4,0,962.6,1011.6,88.8,,
883,2025-09-11 05:00,21.1,94.2,2.6,0,963.1,1012.3,92,,
883,2025-09-11 06:00,21.5,105,3.5,0,963.3,1012.5,90,,
883,2025-09-11 07:00,22.3,0,.2,0,963.7,1012.7,87.6,,
883,2025-09-11 08:00,24.9,141.5,.7,0,963.9,1012.5,81.5,,
883,2025-09-11 09:00,26.8,0,0,0,964.4,1012.6,72.6,,
883,2025-09-11 10:00,27.1,235.6,.5,0,964.6,1012.8,76.1,,
883,2025-09-11 11:00,27.6,219.7,.5,0,964.4,1012.5,74.8,,
883,2025-09-11 12:00,28.3,0,.1,0,964.1,1012.1,69.8,,
883,2025-09-11 13:00,29.4,235.4,1.1,0,963.3,1011,68.9,,
883,2025-09-11 14:00,28.9,50.4,1.1,0,962.7,1010.5,76.2,,
883,2025-09-11 15:00,27,46,3.1,0,962.3,1010.4,76.6,,
883,2025-09-11 16:00,27.8,75.7,3.9,0,962.5,1010.5,76.8,,
883,2025-09-11 17:00,26.5,69,4.7,0,962.5,1010.7,79.1,,
883,2025-09-11 18:00,24.8,90.3,1.7,0,962.6,1011.1,84.8,,
883,2025-09-11 19:00,24,100.2,3.3,0,962.7,1011.4,87.5,,
883,2025-09-11 20:00,23.6,84.1,1.8,0,962.7,1011.4,88.5,,
883,2025-09-11 21:00,22.8,0,.3,0,963,1011.9,91.8,,
883,2025-09-11 22:00,22.7,0,.1,0,963,1011.9,92.7,,
883,2025-09-11 23:00,23.1,0,0,0,962.8,1011.6,90.1,,
883,2025-09-12 00:00,23.1,28,.8,0,962.9,1011.3,91.3,,
883,2025-09-12 01:00,22.7,0,.3,1,962.5,1011.4,94.7,,
883,2025-09-12 02:00,22.5,0,0,.5,962.3,1011.2,96.8,,
883,2025-09-12 03:00,23.4,78.6,2.8,.5,962,1010.7,94.8,,
883,2025-09-12 04:00,23.3,0,0,1,962,1010.8,96.8,,
883,2025-09-12 05:00,22.9,0,.2,5,962,1010.8,97.7,,
883,2025-09-12 06:00,22.6,0,.2,6,961.4,1010.3,97.8,,
883,2025-09-12 07:00,23,158,5.2,0,961.8,1010.6,92.4,,
883,2025-09-12 08:00,24.7,155.4,6.1,0,961.9,1010.4,88.1,,
883,2025-09-12 09:00,26.2,156.5,5.3,0,961.8,1010,86,,
883,2025-09-12 10:00,26.9,171.6,7,0,961.9,1010,82.2,,
883,2025-09-12 11:00,27.4,173.5,6.2,0,962.1,1010.1,76.9,,
883,2025-09-12 12:00,28.4,167.9,6.6,0,961.9,1009.7,80.3,,
883,2025-09-12 13:00,27.5,193.2,2,.5,961.6,1009.6,90.9,,
883,2025-09-12 14:00,27.5,187.2,3.6,0,961.1,1009.1,87.6,,
883,2025-09-12 15:00,26.2,220.7,2.5,2.5,960.9,1009.1,94.9,,
883,2025-09-12 16:00,26.5,229.5,2.1,.5,961.1,1009.2,88.8,,
883,2025-09-12 17:00,25.3,219.8,1.2,.5,961.3,1009.7,95.9,,
883,2025-09-12 18:00,24.7,208.6,2,1,961.2,1009.7,96.3,,
883,2025-09-12 19:00,24,212.3,1.5,0,961.1,1009.7,97.2,,
883,2025-09-12 20:00,23.6,207.1,2,0,961.6,1010.3,97.2,,
883,2025-09-12 21:00,23.3,190.9,2.6,0,961.9,1010.6,96.5,,
883,2025-09-12 22:00,23.3,182.9,3.2,0,961.6,1010.3,94,,
883,2025-09-12 23:00,23.8,190.1,3.3,0,961,1009.6,95.7,,
883,2025-09-13 00:00,24.3,195.9,3.2,0,960.4,1008.9,96.9,,
883,2025-09-13 01:00,24.8,221,3.2,0,960.2,1008.6,97.1,,
883,2025-09-13 02:00,24.8,216.3,3.7,0,959.7,1008.1,96.7,,
883,2025-09-13 03:00,24.4,219,4.2,1,959.5,1007.9,98.2,,
883,2025-09-13 04:00,24.5,226.3,5.2,1,959.5,1007.9,97.5,,
883,2025-09-13 05:00,24.6,223.9,4.5,0,958.8,1007.2,97,,
883,2025-09-13 06:00,24.9,225.8,5,0,959.6,1007.9,96.4,,
883,2025-09-13 07:00,25,227.3,4.7,0,959.6,1007.9,96,,
883,2025-09-13 08:00,25.1,235.8,4.6,1.5,959.7,1008,96.9,,
883,2025-09-13 09:00,25.3,226.5,4.7,0,959.5,1007.8,97.5,,
883,2025-09-13 10:00,25.6,236.3,3.6,0,960.3,1008.6,96.6,,
883,2025-09-13 11:00,25.5,234.7,3.2,.5,960.2,1008.5,97.2,,
883,2025-09-13 12:00,25.4,232.5,3.5,2.5,960,1008.3,97.8,,
883,2025-09-13 13:00,24.1,242,1.6,15.5,960.2,1008.7,98.4,,
883,2025-09-13 14:00,24.9,231.2,1.8,0,960,1008.4,97.6,,
883,2025-09-13 15:00,25.6,235.6,2.6,0,959.9,1008.1,96.4,,
883,2025-09-13 16:00,25.8,230.3,2.4,0,960,1008.2,95.3,,
883,2025-09-13 17:00,25.2,239.1,2.1,0,960.2,1008.5,95,,
883,2025-09-13 18:00,24.6,221.9,2,0,960.5,1008.9,96.2,,
883,2025-09-13 19:00,24,224.1,.7,0,960.9,1009.5,96.9,,
883,2025-09-13 20:00,23.9,221.2,.7,0,961.5,1010.1,97.4,,
883,2025-09-13 21:00,23.7,223.7,1,0,961.7,1010.4,97.6,,
883,2025-09-13 22:00,23.2,197.7,.9,0,961.6,1010.4,97.7,,
883,2025-09-13 23:00,23.3,210.8,1.3,0,962.2,1011,98.2,,
883,2025-09-14 00:00,23.2,0,.4,0,962.3,1010.7,98,,
883,2025-09-14 01:00,23.5,227.5,1,0,961.7,1010.4,98.1,,
883,2025-09-14 02:00,23.3,0,0,0,961.6,1010.3,98.1,,
883,2025-09-14 03:00,23.5,0,.1,0,961.9,1010.6,97.7,,
883,2025-09-14 04:00,23.6,0,0,0,962,1010.7,96.2,,
883,2025-09-14 05:00,23.7,0,.3,0,962,1010.7,92.3,,
883,2025-09-14 06:00,23.2,0,.1,0,962.3,1011.1,95.1,,
883,2025-09-14 07:00,23.4,0,.1,0,962.7,1011.5,95,,
883,2025-09-14 08:00,24.3,68.3,.8,0,962.8,1011.4,91.7,,
883,2025-09-14 09:00,25.9,46.8,1.8,0,963.2,1011.5,84.5,,
883,2025-09-14 10:00,27.2,0,0,0,963.1,1011.2,77.7,,
883,2025-09-14 11:00,27.6,238.6,.6,0,963.4,1011.5,81.2,,
883,2025-09-14 12:00,26.8,0,.1,0,963.1,1011.3,87,,
883,2025-09-14 13:00,27,213.3,.6,0,962.9,1011,88.3,,
883,2025-09-14 14:00,26.7,0,.3,0,962.9,1011.1,87.7,,
883,2025-09-14 15:00,26.3,198.1,.7,0,962.7,1010.9,89.5,,
883,2025-09-14 16:00,26.5,202.7,.8,0,962.5,1010.7,89.5,,
883,2025-09-14 17:00,25.9,0,.3,0,962.6,1010.9,90.4,,
883,2025-09-14 18:00,22.9,116.4,3.2,28.5,963.2,1012.1,97.6,,
883,2025-09-14 19:00,23,149.7,5.2,30,963.6,1012.5,97.7,,
883,2025-09-14 20:00,22.7,161.4,3,31.5,963.8,1012.8,96.8,,
883,2025-09-14 21:00,23.2,193.7,.5,5.5,964.4,1013.3,98,,
883,2025-09-14 22:00,23.1,0,.4,3,965.5,1014.5,98.3,,
883,2025-09-14 23:00,22.7,150.3,4.7,2,964.5,1013.5,95.5,,
883,2025-09-15 00:00,23.1,162,5,0,965.3,1013.9,94.1,,
883,2025-09-15 01:00,22.9,162.9,3.3,0,964.7,1013.7,91.7,,
883,2025-09-15 02:00,23,162.2,2.6,0,965,1014,91.8,,
883,2025-09-15 03:00,23.2,169.3,2.1,0,964.8,1013.7,94.1,,
883,2025-09-15 04:00,23.8,170.4,1.6,0,964.9,1013.7,94.4,,
883,2025-09-15 05:00,23.8,170.2,1.1,0,965.1,1013.9,97,,
883,2025-09-15 06:00,23.7,152.1,2.8,0,965.1,1013.9,95,,
883,2025-09-15 07:00,24,165.1,1.8,0,965.5,1014.3,95.1,,
883,2025-09-15 08:00,25.9,178.8,.6,0,966,1014.5,90.7,,
883,2025-09-15 09:00,26.2,185.3,1.4,0,966.4,1014.9,90,,
883,2025-09-15 10:00,27.1,177.1,.9,0,966.9,1015.2,88.8,,
883,2025-09-15 11:00,26.5,203.5,.9,0,966.9,1015.3,89.8,,
883,2025-09-15 12:00,22.9,307.3,1.8,13.5,966.9,1016,97,,
883,2025-09-15 13:00,26.6,108.1,2.4,5.5,965.9,1014.3,90.9,,
883,2025-09-15 14:00,27.6,247.2,.5,0,965.6,1013.8,85.5,,
883,2025-09-15 15:00,28.9,0,0,0,965.3,1013.2,83.8,,
883,2025-09-15 16:00,27,301.8,.6,0,965.4,1013.7,88.4,,
883,2025-09-15 17:00,28.4,0,.3,0,965.4,1013.4,84.5,,
883,2025-09-15 18:00,26.4,0,.1,0,965.6,1014,89.2,,
883,2025-09-15 19:00,24.8,0,0,0,965.8,1014.5,94.5,,
883,2025-09-15 20:00,24.1,163.7,2.2,0,966.1,1014.9,96.6,,
883,2025-09-15 21:00,23.9,158.4,2.3,0,966.8,1015.7,93.3,,
883,2025-09-15 22:00,23.5,161.4,2.7,0,966.7,1015.7,93.8,,
883,2025-09-15 23:00,23.5,160.4,2.7,0,966.7,1015.7,94.3,,
883,2025-09-16 00:00,23.8,162.6,2.3,0,966.7,1015.1,94.5,,
883,2025-09-16 01:00,24,174.5,2.3,0,966.6,1015.5,96.2,,
883,2025-09-16 02:00,24.1,183.5,2.1,0,966.2,1015,96.5,,
883,2025-09-16 03:00,23.9,189,1.9,0,965.9,1014.7,96.8,,
883,2025-09-16 04:00,24.2,194.8,1.5,0,965.8,1014.6,96.9,,
883,2025-09-16 05:00,24.2,198.8,1,0,965.6,1014.4,96.7,,
883,2025-09-16 06:00,24.1,0,.4,0,965.7,1014.5,97.6,,
883,2025-09-16 07:00,23.9,0,.3,.5,965.7,1014.5,97.7,,
883,2025-09-16 08:00,25.4,199.5,1,0,965.7,1014.3,92.2,,
883,2025-09-16 09:00,25.4,233.2,.7,0,966.2,1014.8,91.7,,
883,2025-09-16 10:00,28.5,221.5,.9,0,966.2,1014.2,85.4,,
883,2025-09-16 11:00,28,230.3,.7,0,966.2,1014.3,83.8,,
883,2025-09-16 12:00,28,242.4,2.4,0,965.5,1013.6,84.1,,
883,2025-09-16 13:00,27.6,251.2,1.9,0,964.8,1012.9,90.6,,
883,2025-09-16 14:00,29,222.6,2.2,0,964.1,1011.9,81.8,,
883,2025-09-16 15:00,28.5,223.7,1.6,0,964,1011.9,80.5,,
883,2025-09-16 16:00,27.7,222.3,1.6,0,963.9,1012,84.4,,
883,2025-09-16 17:00,27.6,222.2,1,0,963.8,1011.9,83,,
883,2025-09-16 18:00,25.9,210.4,2.1,0,963.4,1011.8,89,,
883,2025-09-16 19:00,24.7,189.9,1.3,0,963.7,1012.3,94.5,,
883,2025-09-16 20:00,24.5,194.2,.9,0,964.3,1012.9,96.4,,
883,2025-09-16 21:00,24.3,191.4,.8,0,965,1013.7,96.2,,
883,2025-09-16 22:00,24.4,191.4,1.3,0,965,1013.7,96.5,,
883,2025-09-16 23:00,24.2,199.4,1.3,0,964.7,1013.4,96.7,,
883,2025-09-17 00:00,24.3,204.6,1.4,0,964.2,1012.9,96.6,,
883,2025-09-17 01:00,24.3,195.4,1.9,0,964.2,1012.9,96.5,,
883,2025-09-17 02:00,24.2,209.6,2.5,0,964.2,1012.9,96.9,,
883,2025-09-17 03:00,24.4,202.5,2.9,0,963.1,1011.7,97.3,,
883,2025-09-17 04:00,24.2,204.5,2.7,0,963,1011.6,97.3,,
883,2025-09-17 05:00,24.6,206.4,2.6,0,963.2,1011.8,97.3,,
883,2025-09-17 06:00,24.8,213.5,2.4,0,963.4,1011.9,96.7,,
883,2025-09-17 07:00,23.9,196.9,2.5,1.5,963.8,1012.5,97.9,,
883,2025-09-17 08:00,25.2,204.2,2.7,0,963.5,1012,97.8,,
883,2025-09-17 09:00,25.7,229,2.8,0,964.2,1012.6,96.2,,
883,2025-09-17 10:00,27.1,225.7,4.1,0,964,1012.2,90.5,,
883,2025-09-17 11:00,28,227.8,3.3,0,963.8,1011.8,84.8,,
883,2025-09-17 12:00,28,233.9,3.5,0,963.6,1011.6,82.8,,
883,2025-09-17 13:00,27.7,245.7,3.3,0,963.6,1011.6,84.8,,
883,2025-09-17 14:00,26.8,259.3,2.9,0,962.9,1011.1,86.7,,
883,2025-09-17 15:00,25.4,33.7,1.1,0,962.5,1010.9,90.6,,
883,2025-09-17 16:00,27.6,256.1,2,0,961.8,1009.8,85.7,,
883,2025-09-17 17:00,26.5,234,1.8,0,962,1010.2,89,,
883,2025-09-17 18:00,25.4,227.4,1.3,0,962.2,1010.6,93.4,,
883,2025-09-17 19:00,25.1,216.7,.6,0,962.4,1010.8,95.7,,
883,2025-09-17 20:00,25,236.4,1.6,6.5,962.4,1010.9,97.9,,
883,2025-09-17 21:00,24.9,224.9,1.1,0,962.8,1011.3,98.1,,
883,2025-09-17 22:00,22.9,28.1,3.1,7.5,963.5,1012.4,98.1,,
883,2025-09-17 23:00,22.6,37.2,1.8,0,964,1013,97.5,,
883,2025-09-18 00:00,22.9,22.6,3.1,0,963.9,1012.5,97.9,,
883,2025-09-18 01:00,22.5,64.3,3.8,0,963.2,1012.2,98.3,,
883,2025-09-18 02:00,21.7,25.7,4.4,0,963.6,1012.7,98.2,,
883,2025-09-18 03:00,21.3,45.2,2.3,0,964,1013.2,98.3,,
883,2025-09-18 04:00,21.3,35.8,3.3,0,963.9,1013.1,98.3,,
883,2025-09-18 05:00,21,26.7,5.9,0,963.5,1012.8,98,,
883,2025-09-18 06:00,20.3,32.1,5.7,0,963.8,1013.2,97.4,,
883,2025-09-18 07:00,20,31.6,5.2,0,964.4,1013.9,97,,
883,2025-09-18 08:00,21,32.8,6.4,0,964.7,1014,93,,
883,2025-09-18 09:00,21.7,47.3,5.1,0,965.1,1014.3,87.7,,
883,2025-09-18 10:00,24.7,29.5,5.3,0,965.5,1014.2,79.7,,
883,2025-09-18 11:00,24.3,27.3,6.3,0,965.5,1014.2,79.8,,
883,2025-09-18 12:00,25.5,27.8,5.8,0,964.9,1013.4,77.2,,
883,2025-09-18 13:00,25.7,31.2,4.2,0,965,1013.5,75.5,,
883,2025-09-18 14:00,25.8,22.5,4.4,0,964.9,1013.3,74.4,,
883,2025-09-18 15:00,25.3,31.5,4.3,0,964.5,1013,74.3,,
883,2025-09-18 16:00,25.3,31,4.5,0,964.7,1013.2,77.1,,
883,2025-09-18 17:00,23.3,35.9,4.4,0,965,1013.9,83.4,,
883,2025-09-18 18:00,22.3,65.6,.6,0,964.8,1013.9,85.4,,
883,2025-09-18 19:00,20.9,65.5,1.6,0,965.5,1014.9,91.5,,
883,2025-09-18 20:00,20.7,0,.1,0,966.5,1016,91.4,,
883,2025-09-18 21:00,20.7,89.8,1.6,0,966.9,1016.4,91.9,,
883,2025-09-18 22:00,19.6,102.8,1.7,0,966.6,1016.3,93.4,,
883,2025-09-18 23:00,19.5,106.7,2.1,0,966.4,1016.1,91,,
883,2025-09-19 00:00,19.7,102.3,2.6,0,966.3,1015.9,91,,
883,2025-09-19 01:00,19.6,103,2.7,0,966.2,1015.9,86.4,,
883,2025-09-19 02:00,19.1,0,0,0,966,1015.8,93.9,,
883,2025-09-19 03:00,20.9,0,0,0,965.9,1015.3,89.9,,
883,2025-09-19 04:00,20.6,0,0,0,965.7,1015.2,91.8,,
883,2025-09-19 05:00,21,0,0,0,965.9,1015.3,92,,
883,2025-09-19 06:00,21,0,0,0,965.7,1015.1,93,,
883,2025-09-19 07:00,20.5,0,0,0,965.9,1015.4,93,,
883,2025-09-19 08:00,22.9,0,0,0,966.5,1015.6,89.2,,
883,2025-09-19 09:00,25.2,0,.2,0,966.5,1015.1,81.5,,
883,2025-09-19 10:00,26.4,28.1,.5,0,966.1,1014.5,76.2,,
883,2025-09-19 11:00,26.9,307.2,.9,0,965.8,1014.1,81.5,,
883,2025-09-19 12:00,27.2,269.1,1.1,0,965.4,1013.6,78.3,,
883,2025-09-19 13:00,27.2,0,.1,0,964.4,1012.6,78.3,,
883,2025-09-19 14:00,27.8,150.1,6.8,0,963.3,1011.3,74.1,,
883,2025-09-19 15:00,27,144.2,6.4,0,963.1,1011.2,76.3,,
883,2025-09-19 16:00,26.1,125.3,6.6,0,962.8,1011.1,77.3,,
883,2025-09-19 17:00,25,146.4,5.9,0,963,1011.5,80.9,,
883,2025-09-19 18:00,23.9,158,3.5,0,962.9,1011.6,85.3,,
883,2025-09-19 19:00,23.2,139.2,6.1,0,962.7,1011.5,86.9,,
883,2025-09-19 20:00,23.7,153.3,5.5,0,962.5,1011.2,82.8,,
883,2025-09-19 21:00,23.7,162.2,5.1,0,962.8,1011.5,85.7,,
883,2025-09-19 22:00,23.3,182.5,4.2,0,962.8,1011.6,91.6,,
883,2025-09-19 23:00,23.1,187.6,4.1,0,962.2,1011,92.4,,
883,2025-09-20 00:00,23.3,192.6,3.6,0,961.8,1010.1,92.1,,
883,2025-09-20 01:00,23.5,201.9,2.4,0,961.4,1010.1,94,,
883,2025-09-20 02:00,23.9,209.8,2.8,0,960.9,1009.5,94.8,,
883,2025-09-20 03:00,24.1,219.5,3.1,0,960.3,1008.8,94.7,,
883,2025-09-20 04:00,24.2,227.8,3.5,0,960.4,1008.9,94.4,,
883,2025-09-20 05:00,24.3,232.9,3.6,0,960.5,1009,96.1,,
883,2025-09-20 06:00,24.2,233.4,4.3,5.5,960,1008.5,97.4,,
883,2025-09-20 07:00,24.2,244.5,4.2,.5,959.7,1008.2,97.1,,
883,2025-09-20 08:00,23.4,235.4,4.4,2,960.1,1008.7,97.5,,
883,2025-09-20 09:00,22.9,260.7,1.9,1.5,961.1,1009.9,98.7,,
883,2025-09-20 10:00,22,305.3,2.8,0,961.8,1010.8,98.1,,
883,2025-09-20 11:00,22.4,36.9,3.8,0,961.9,1010.8,96.7,,
883,2025-09-20 12:00,22.2,30.8,5,0,961.8,1010.8,91.1,,
883,2025-09-20 13:00,22.2,30.8,5.1,0,961.1,1010,92.4,,
883,2025-09-20 14:00,22.9,25.3,6.8,0,960.8,1009.6,87.1,,
883,2025-09-20 15:00,21.4,24.5,7.2,0,960.8,1009.9,89.7,,
883,2025-09-20 16:00,21.5,24.9,6.3,0,961.1,1010.1,90.5,,
883,2025-09-20 17:00,21,25.5,6.7,0,961.5,1010.7,89.5,,
883,2025-09-20 18:00,20.2,25.3,6.9,0,961.8,1011.1,89.9,,
883,2025-09-20 19:00,19.5,27.7,6.4,0,962.1,1011.6,89.8,,
883,2025-09-20 20:00,18.4,28.7,4.8,0,962.9,1012.6,91.2,,
883,2025-09-20 21:00,18,52.4,3.3,0,963.7,1013.6,88.8,,
883,2025-09-20 22:00,17.7,61.8,3.6,0,963.7,1013.6,87.8,,
883,2025-09-20 23:00,17.5,66.9,3.8,0,963.5,1013.5,88.5,,
883,2025-09-21 00:00,17.3,67.7,3.4,0,963.6,1013.3,88.8,,
883,2025-09-21 01:00,17.4,67,3.6,0,963.9,1013.9,88.4,,
883,2025-09-21 02:00,17.6,70.6,3.5,0,963.5,1013.4,89.2,,
883,2025-09-21 03:00,18.1,61.2,3.6,0,963.5,1013.3,89.5,,
883,2025-09-21 04:00,18.8,51.5,2.4,0,963.6,1013.3,89.2,,
883,2025-09-21 05:00,18.6,49.8,2.1,0,964.4,1014.2,90,,
883,2025-09-21 06:00,17.7,66.7,2.4,0,964.8,1014.8,89.5,,
883,2025-09-21 07:00,18.1,52.9,2.6,0,965.1,1015,90.5,,
883,2025-09-21 08:00,19.8,50.7,3,0,965.2,1014.8,86.3,,
883,2025-09-21 09:00,21.5,46.9,3.7,0,965.3,1014.6,84.1,,
883,2025-09-21 10:00,22.6,41.2,4.2,0,965.4,1014.5,79.3,,
883,2025-09-21 11:00,22.2,35.7,4.5,0,965.3,1014.4,82,,
883,2025-09-21 12:00,23.3,47.5,3.7,0,965,1013.9,76.8,,
883,2025-09-21 13:00,22.1,51.4,3.5,0,964.8,1013.9,75.2,,
883,2025-09-21 14:00,22.4,56,3.8,0,964.2,1013.2,74.6,,
883,2025-09-21 15:00,23.7,37.6,4.6,0,964.1,1012.9,70.8,,
883,2025-09-21 16:00,23.5,64,3.9,0,964,1012.8,76.2,,
883,2025-09-21 17:00,22.2,71,2.6,0,964.3,1013.4,80.3,,
883,2025-09-21 18:00,20.8,66.3,.7,0,965.1,1014.5,83.3,,
883,2025-09-21 19:00,18.8,107.7,3.3,0,965.1,1014.9,87.1,,
883,2025-09-21 20:00,19.5,99.7,2.4,0,966.1,1015.8,79,,
883,2025-09-21 21:00,18.9,160.6,2.7,0,966.5,1016.3,81.4,,
883,2025-09-21 22:00,17,0,.3,0,967,1017.2,86.7,,
883,2025-09-21 23:00,18.5,73.5,1.2,0,967.4,1017.4,85.4,,
883,2025-09-22 00:00,19.3,144.9,2.6,0,967.1,1016.8,80.9,,
883,2025-09-22 01:00,19.3,83.7,1.9,0,967.1,1016.9,88.3,,
883,2025-09-22 02:00,20.5,79.4,7.1,0,966.4,1015.9,83.1,,
883,2025-09-22 03:00,20,87.3,2.2,0,966.7,1016.3,83.8,,
883,2025-09-22 04:00,19.7,112.5,5,0,966.5,1016.2,77.5,,
883,2025-09-22 05:00,19.6,84.1,5,0,966.4,1016.1,82.9,,
883,2025-09-22 06:00,19.2,99,4.5,0,966.6,1016.4,82.8,,
883,2025-09-22 07:00,19.7,104.4,4.7,0,967.1,1016.8,83.1,,
883,2025-09-22 08:00,21.7,92.2,4.9,0,967,1016.3,75.9,,
883,2025-09-22 09:00,23.5,78.5,3.5,0,967.3,1016.3,70,,
883,2025-09-22 10:00,25.2,89.2,.7,0,967.8,1016.5,68.6,,
883,2025-09-22 11:00,25.8,0,.3,0,967.6,1016.2,65.9,,
883,2025-09-22 12:00,26.2,239.8,.8,0,967,1015.5,61.6,,
883,2025-09-22 13:00,28,35.4,1.2,0,966.4,1014.5,57.6,,
883,2025-09-22 14:00,28,34.8,2.3,0,966,1014.1,57.7,,
883,2025-09-22 15:00,26.7,45.9,3.4,0,965.6,1013.9,63.1,,
883,2025-09-22 16:00,26.1,41.3,3.5,0,965.5,1013.9,67.5,,
883,2025-09-22 17:00,24.5,50.8,2.9,0,965.9,1014.6,72.8,,
883,2025-09-22 18:00,23.1,0,.2,0,966.1,1015.1,79.8,,
883,2025-09-22 19:00,21.4,0,0,0,966.2,1015.5,86.6,,
883,2025-09-22 20:00,20.3,0,.3,0,966.8,1016.4,89.9,,
883,2025-09-22 21:00,19.5,0,0,0,967.2,1017,91.5,,
883,2025-09-22 22:00,18.9,109.9,1.2,0,967.4,1017.3,91.8,,
883,2025-09-22 23:00,19,102.1,1.9,0,967.2,1017,88.2,,
883,2025-09-23 00:00,18.8,117,2.7,0,967.3,1016.7,85.4,,
883,2025-09-23 01:00,18.9,165,1.1,0,967.1,1017,88.2,,
883,2025-09-23 02:00,17.9,0,.2,0,966.7,1016.7,90.9,,
883,2025-09-23 03:00,17.7,0,.2,0,966.4,1016.5,92.2,,
883,2025-09-23 04:00,17.8,101,2.6,0,966.3,1016.3,89.5,,
883,2025-09-23 05:00,18.1,107,2.7,0,966.2,1016.2,87.9,,
883,2025-09-23 06:00,17.3,118.9,.8,0,966.5,1016.7,91.6,,
883,2025-09-23 07:00,18.3,0,0,0,966.8,1016.8,86.9,,
883,2025-09-23 08:00,22.2,0,0,0,967,1016.2,79.2,,
883,2025-09-23 09:00,24.2,0,.2,0,967.3,1016.2,68.7,,
883,2025-09-23 10:00,25.1,0,.1,0,967.4,1016.1,65.7,,
883,2025-09-23 11:00,27.1,42.5,2.4,0,966.8,1015.1,67.7,,
883,2025-09-23 12:00,27.4,35,2.8,0,966.3,1014.5,68.9,,
883,2025-09-23 13:00,27.3,29.4,4.1,0,965.9,1014.1,69.5,,
883,2025-09-23 14:00,27.6,26.3,3.7,0,965.4,1013.6,68.8,,
883,2025-09-23 15:00,27.3,34.8,3.6,0,964.9,1013.1,71,,
883,2025-09-23 16:00,26.9,32.6,2.8,0,964.6,1012.8,75.6,,
883,2025-09-23 17:00,26.1,317.9,.7,0,964.9,1013.3,74.6,,
883,2025-09-23 18:00,23.7,0,0,0,965.1,1013.9,86.2,,
883,2025-09-23 19:00,21.9,0,0,0,965.1,1014.3,92.3,,
883,2025-09-23 20:00,21.4,0,0,0,965.5,1014.8,91.9,,
883,2025-09-23 21:00,21,0,.3,0,966,1015.4,93.1,,
883,2025-09-23 22:00,21.8,79.8,1,0,966.2,1015.5,87.1,,
883,2025-09-23 23:00,22.4,141,.9,0,965.9,1015,86.5,,
883,2025-09-24 00:00,23.4,138.8,2.6,0,965.4,1013.9,80.1,,
883,2025-09-24 01:00,21.2,0,0,0,965.5,1014.8,91,,
883,2025-09-24 02:00,21.1,0,0,0,964.9,1014.2,88.8,,
883,2025-09-24 03:00,22.4,148,1.2,0,964.5,1013.6,93,,
883,2025-09-24 04:00,23.1,151.8,3,0,964.1,1013,83.5,,
883,2025-09-24 05:00,23.4,148.6,2.7,0,963.8,1012.6,81.5,,
883,2025-09-24 06:00,23.1,162.7,2.4,0,963.8,1012.7,85.3,,
883,2025-09-24 07:00,23.7,155.6,3.1,0,964.1,1012.9,86.4,,
883,2025-09-24 08:00,24.2,164.6,2.7,0,964.3,1013,87.5,,
883,2025-09-24 09:00,25.7,180.7,2.5,0,964.7,1013.2,87.5,,
883,2025-09-24 10:00,25.7,182.8,3.2,0,965.1,1013.6,89.3,,
883,2025-09-24 11:00,26,215.1,2.1,.5,965.3,1013.7,92.4,,
883,2025-09-24 12:00,26.6,194,1.9,0,965,1013.3,86.7,,
883,2025-09-24 13:00,27.7,209.2,1.7,0,965,1013.1,82.4,,
883,2025-09-24 14:00,26.5,201.4,2.3,0,964.8,1013.1,85.2,,
883,2025-09-24 15:00,27.5,200.9,2.1,0,964.7,1012.8,82.4,,
883,2025-09-24 16:00,26.3,210,1.3,0,964.6,1012.9,86.5,,
883,2025-09-24 17:00,25.9,210.6,1.1,0,964.8,1013.2,87.6,,
883,2025-09-24 18:00,24.6,189.1,.7,0,965.2,1013.9,91.1,,
883,2025-09-24 19:00,24.1,0,.4,0,965.7,1014.5,93.5,,
883,2025-09-24 20:00,24.1,172.3,2.5,0,965.9,1014.7,93,,
883,2025-09-24 21:00,23.9,163.2,2.7,0,966.3,1015.2,93.5,,
883,2025-09-24 22:00,23.9,173.2,2.4,0,966.6,1015.5,93.9,,
883,2025-09-24 23:00,24,185.6,1,0,966.6,1015.5,95,,
883,2025-09-25 00:00,24.2,182.9,2.4,0,966.4,1015.2,94.4,,
883,2025-09-25 01:00,24.5,206.1,1.8,0,966.5,1015.3,95.8,,
883,2025-09-25 02:00,23.3,183,.9,0,966.8,1015.8,91.7,,
883,2025-09-25 03:00,24,186.6,.7,0,966.7,1015.6,96.1,,
883,2025-09-25 04:00,24.2,193.7,1.4,0,966.5,1015.3,97,,
883,2025-09-25 05:00,23.9,194.6,1.8,0,966.2,1015.1,96.4,,
883,2025-09-25 06:00,24.1,199.7,1.9,0,966.6,1015.4,96.4,,
883,2025-09-25 07:00,23.9,185.3,2,0,967.2,1016.1,95.7,,
883,2025-09-25 08:00,24.6,200.4,1.4,0,967.8,1016.6,95.6,,
883,2025-09-25 09:00,26,203.6,2.6,0,968.3,1016.9,92.1,,
883,2025-09-25 10:00,26.2,207.2,1.9,0,968.7,1017.3,90.3,,
883,2025-09-25 11:00,26.9,203.9,.7,0,968.5,1016.9,84.6,,
883,2025-09-25 12:00,28.4,240.1,.6,0,968.5,1016.7,80.2,,
883,2025-09-25 13:00,27.4,231.5,.8,0,968.1,1016.4,84.6,,
883,2025-09-25 14:00,27.9,241.5,.8,0,967.8,1016,82.3,,
883,2025-09-25 15:00,25,48.1,3.7,0,967.7,1016.4,88.7,,
883,2025-09-25 16:00,23.4,68.1,4.2,0,967.9,1016.9,92.9,,
883,2025-09-25 17:00,25.9,121.1,2,0,967.8,1016.4,88.2,,
883,2025-09-25 18:00,24.9,189.7,1,0,968.3,1017.1,92.9,,
883,2025-09-25 19:00,24.4,168,1.6,0,968.5,1017.4,93,,
883,2025-09-25 20:00,24.1,146.1,2.2,0,969.1,1018.1,93.3,,
883,2025-09-25 21:00,24,0,0,0,969.3,1018.3,92.5,,
883,2025-09-25 22:00,23.8,0,0,0,969.4,1018.4,90.7,,
883,2025-09-25 23:00,23.4,0,.3,0,969.3,1018.4,92,,
883,2025-09-26 00:00,23.5,159.1,1.9,0,969.1,1017.7,90.8,,
883,2025-09-26 01:00,23.7,156,2.3,0,969,1018,90.6,,
883,2025-09-26 02:00,23.4,157.4,2.3,0,968.9,1018,90.8,,
883,2025-09-26 03:00,23.5,165.3,1.4,0,968.7,1017.8,90.6,,
883,2025-09-26 04:00,23.1,0,.4,0,968.7,1017.8,92.2,,
883,2025-09-26 05:00,22.5,0,0,0,968.5,1017.7,93.7,,
883,2025-09-26 06:00,22.4,0,0,0,968.9,1018.2,94.6,,
883,2025-09-26 07:00,23.4,0,0,0,969.4,1018.5,95.5,,
883,2025-09-26 08:00,24.3,0,.1,.5,969.5,1018.4,96.6,,
883,2025-09-26 09:00,25.2,0,0,0,969.6,1018.4,92,,
883,2025-09-26 10:00,25.6,0,0,0,969.8,1018.5,85.3,,
883,2025-09-26 11:00,25.1,0,0,0,969.8,1018.6,89.6,,
883,2025-09-26 12:00,24.9,0,0,0,969.7,1018.5,90.9,,
883,2025-09-26 13:00,24.2,0,0,0,969.5,1018.5,94,,
883,2025-09-26 14:00,23.6,0,0,1,969.1,1018.2,96.6,,
883,2025-09-26 15:00,24.1,26.6,2.4,1,968.2,1017.1,96.5,,
883,2025-09-26 16:00,24.8,27.3,1.8,0,968.2,1017,92.1,,
883,2025-09-26 17:00,24.6,0,0,0,967.9,1016.7,93.2,,
883,2025-09-26 18:00,23.9,0,0,0,968.3,1017.3,95.4,,
883,2025-09-26 19:00,23,0,0,0,968.3,1017.4,96,,
883,2025-09-26 20:00,21.9,0,0,0,968.7,1018.1,95,,
883,2025-09-26 21:00,22.7,170.4,.7,0,969,1018.2,92.2,,
883,2025-09-26 22:00,22.3,0,0,0,969,1018.3,94.7,,
883,2025-09-26 23:00,22.2,0,0,0,968.7,1018,95.3,,
883,2025-09-27 00:00,22.7,173.2,.5,0,968.3,1017.1,93.6,,
883,2025-09-27 01:00,22.5,167.7,1,0,968.2,1017.4,95.3,,
883,2025-09-27 02:00,22.9,164.3,2.1,0,967.6,1016.7,93.6,,
883,2025-09-27 03:00,22.6,167.1,.5,0,967.2,1016.3,95.2,,
883,2025-09-27 04:00,22.8,0,.4,0,967,1016.1,95.7,,
883,2025-09-27 05:00,21.6,32.5,2,2.5,967.2,1016.5,98.7,,
883,2025-09-27 06:00,21,89.1,3.8,0,967,1016.4,99.1,,
883,2025-09-27 07:00,21.3,0,.2,0,967.2,1016.6,98.6,,
883,2025-09-27 08:00,21.6,67,2.3,12.5,967.7,1017.1,98.5,,
883,2025-09-27 09:00,21.9,108.6,2.9,15,967.5,1016.8,97.8,,
883,2025-09-27 10:00,23.1,0,0,1.5,967.5,1016.6,97.6,,
883,2025-09-27 11:00,23.1,0,.1,0,967.2,1016.3,96.4,,
883,2025-09-27 12:00,25,0,.1,0,966.7,1015.4,94.1,,
883,2025-09-27 13:00,23,325.9,1.8,0,966.4,1015.4,96.6,,
883,2025-09-27 14:00,24.2,0,0,0,966,1014.8,91.1,,
883,2025-09-27 15:00,22.9,322.7,1.8,0,965.6,1014.6,93.7,,
883,2025-09-27 16:00,23.4,0,.3,0,965.5,1014.4,92.5,,
883,2025-09-27 17:00,23.1,0,.1,0,965.6,1014.6,93,,
883,2025-09-27 18:00,22.7,0,0,0,965.6,1014.6,95.3,,
883,2025-09-27 19:00,22.1,0,0,0,965.6,1014.8,97.2,,
883,2025-09-27 20:00,22.2,0,0,0,966,1015.2,95.4,,
883,2025-09-27 21:00,21.9,0,0,0,965.7,1014.9,96.5,,
883,2025-09-27 22:00,21.6,0,0,0,965.9,1015.2,97,,
883,2025-09-27 23:00,21.8,0,0,0,965.5,1014.7,95.4,,
883,2025-09-28 00:00,21.5,0,0,0,964.8,1013.8,96.2,,
883,2025-09-28 01:00,21.9,0,.1,0,964.4,1013.5,95.3,,
883,2025-09-28 02:00,22.5,146,2.4,0,963.9,1012.9,90,,
883,2025-09-28 03:00,22.1,144.6,2.5,0,963.3,1012.3,93.1,,
883,2025-09-28 04:00,21.7,164.4,5.3,4,962.8,1011.9,95,,
883,2025-09-28 05:00,21.2,93.2,1.8,22.5,963.5,1012.7,97.2,,
883,2025-09-28 06:00,21.5,0,0,1.5,963.7,1012.9,98,,
883,2025-09-28 07:00,22.1,263.1,1.2,1,963.9,1013,98.5,,
883,2025-09-28 08:00,22.3,275.4,1.5,0,964,1013,98.6,,
883,2025-09-28 09:00,22.9,262,1.1,0,964.2,1013.1,97.9,,
883,2025-09-28 10:00,23,259.2,2.3,0,964.5,1013.4,96.2,,
883,2025-09-28 11:00,23.1,269.9,2.3,.5,964.2,1013.1,96.6,,
883,2025-09-28 12:00,23.8,292.4,2.5,0,964,1012.8,93.9,,
883,2025-09-28 13:00,24.3,261.9,3.1,0,963.4,1012,90.9,,
883,2025-09-28 14:00,24,268.8,2.5,0,962.9,1011.6,93.5,,
883,2025-09-28 15:00,24.1,290.3,3.2,0,962.6,1011.2,93.3,,
883,2025-09-28 16:00,23.7,290.2,2.2,0,962.2,1010.9,94.8,,
883,2025-09-28 17:00,24,280.6,1.4,0,962.1,1010.7,93.9,,
883,2025-09-28 18:00,22.7,311.7,4,.5,962.6,1011.5,95,,
883,2025-09-28 19:00,22.2,311.1,1.1,1.5,962.6,1011.6,98.6,,
883,2025-09-28 20:00,22.6,314.8,3.3,0,962.8,1011.7,98.6,,
883,2025-09-28 21:00,22.1,38.6,2,0,963.3,1012.3,98.5,,
883,2025-09-28 22:00,21.4,34.3,3.6,0,963.6,1012.8,98.5,,
883,2025-09-28 23:00,21.1,23.6,3.4,0,963.5,1012.7,98.4,,
883,2025-09-29 00:00,20.6,34.4,3.7,0,962.8,1012,98.5,,
883,2025-09-29 01:00,20,51.2,3.2,0,962.7,1012.1,98.1,,
883,2025-09-29 02:00,19.4,37.8,4.1,0,962.4,1011.9,96.8,,
883,2025-09-29 03:00,19.5,33.4,4.4,0,962.4,1011.9,97.7,,
883,2025-09-29 04:00,19.5,29.3,5,0,962.4,1011.9,97.9,,
883,2025-09-29 05:00,19.2,35.9,3.6,0,962.9,1012.5,97.7,,
883,2025-09-29 06:00,19.2,41.2,3.1,0,963.2,1012.8,96.3,,
883,2025-09-29 07:00,18.9,42.2,3.2,0,963.2,1012.9,96.1,,
883,2025-09-29 08:00,19.5,42.1,4,0,963.6,1013.2,94.9,,
883,2025-09-29 09:00,20.1,37.3,4.1,0,964.1,1013.6,92,,
883,2025-09-29 10:00,21.3,33.4,5,0,963.9,1013.1,85.4,,
883,2025-09-29 11:00,22.5,31.1,4.8,0,964.4,1013.4,83.2,,
883,2025-09-29 12:00,21.7,31.4,5.1,0,963.9,1013.1,82.6,,
883,2025-09-29 13:00,23.9,37.1,4.7,0,963.2,1011.9,74.4,,
883,2025-09-29 14:00,23.6,27.6,4.6,0,963.2,1012,78.9,,
883,2025-09-29 15:00,23.1,34.3,4.7,0,962.8,1011.6,74.8,,
883,2025-09-29 16:00,20.8,28.9,4.9,0,962.8,1012.1,85.5,,
883,2025-09-29 17:00,20.8,28.2,4.9,0,962.9,1012.2,85.3,,
883,2025-09-29 18:00,19.3,30.6,4.2,0,963.3,1012.9,88.2,,
883,2025-09-29 19:00,18.3,40.3,1.7,0,963.2,1013,86.7,,
883,2025-09-29 20:00,18.2,51.2,2.8,0,963.7,1013.5,84.6,,
883,2025-09-29 21:00,17.7,61.6,2.7,0,964.1,1014,87.9,,
883,2025-09-29 22:00,17.6,74.7,3.6,0,964.1,1014.1,87.4,,
883,2025-09-29 23:00,17.3,65.5,3,0,964.1,1014.1,90.7,,
883,2025-09-30 00:00,17.2,71,3.4,0,964.1,1013.8,91.7,-9.97,17.9
883,2025-09-30 01:00,17.2,67.6,3.2,0,964.1,1014.1,91.8,,
883,2025-09-30 02:00,17.1,75.3,3.5,0,963.6,1013.6,90.5,,
883,2025-09-30 03:00,16.4,85,3.4,0,963.7,1013.9,90,,
883,2025-09-30 04:00,15.8,92.9,3.8,0,963.5,1013.8,89.7,,
883,2025-09-30 05:00,15.9,89.7,2.5,0,963.3,1013.6,92.7,,
883,2025-09-30 06:00,16.4,72.5,2.8,0,963.7,1013.9,93,,
883,2025-09-30 07:00,16.6,104.5,3.7,0,963.7,1013.8,89.7,,
883,2025-09-30 08:00,17.9,73.1,1.9,0,964.3,1014.2,81.3,,
883,2025-09-30 09:00,20.3,64.3,.9,0,964.5,1014,76.2,,
883,2025-09-30 10:00,21,0,0,0,964.2,1013.5,75.8,,
883,2025-09-30 11:00,21.1,43.3,.5,0,963.7,1013,69,,
883,2025-09-30 12:00,22.7,16.6,1.9,0,963.5,1012.4,61.3,,
883,2025-09-30 13:00,22.2,36.3,1.6,0,962.6,1011.6,71.5,,
883,2025-09-30 14:00,23,27.6,1.4,0,962.5,1011.3,69.4,,
883,2025-09-30 15:00,23.1,34.7,3.4,0,962.2,1011,75,,
883,2025-09-30 16:00,21.1,28.2,1.9,0,962.3,1011.5,70,,
883,2025-09-30 17:00,20.3,0,0,0,962.3,1011.6,79.4,,
883,2025-09-30 18:00,19.5,0,0,0,962.2,1011.7,76.2,,
883,2025-09-30 19:00,17.2,107.9,2.6,0,962.3,1012.3,76.4,,
883,2025-09-30 20:00,16.2,0,.1,0,962.9,1013.1,77.8,,
883,2025-09-30 21:00,16,91.1,1.6,0,963.4,1013.7,74.2,,
883,2025-09-30 22:00,16,90.6,2.7,0,963.5,1013.8,66.2,,
883,2025-09-30 23:00,15.6,87.5,2.7,0,963.4,1013.7,68.6,,
883,2025-10-01 00:00,15.6,80.1,2.8,0,963.3,1013.5,76.3,,
883,2025-10-01 01:00,15.6,94.5,3.1,0,963.3,1013.6,80.5,,
883,2025-10-01 02:00,16.2,93.4,3.4,0,962.7,1012.9,70.9,,
883,2025-10-01 03:00,15.7,87.3,1.9,0,962.8,1013.1,75.7,,
883,2025-10-01 04:00,17.5,71.9,3.5,0,962.7,1012.6,69.4,,
883,2025-10-01 05:00,17.7,69.6,3.3,0,962.7,1012.6,73.8,,
883,2025-10-01 06:00,18,72.6,3.7,0,963,1012.8,76.1,,
883,2025-10-01 07:00,18,72.8,4,0,963.5,1013.4,79.3,,
883,2025-10-01 08:00,19.2,65.5,2.8,0,964.1,1013.8,73.9,,
883,2025-10-01 09:00,21.1,43.2,2.7,0,964.3,1013.6,64.1,,
883,2025-10-01 10:00,22.2,42.4,3.7,0,964.8,1013.9,63.9,,
883,2025-10-01 11:00,22.4,38.1,4,0,964.8,1013.9,57.2,,
883,2025-10-01 12:00,24.1,34.5,4.2,0,964.4,1013.1,55.5,,
883,2025-10-01 13:00,23.9,29.3,4.5,0,964.2,1012.9,49.9,,
883,2025-10-01 14:00,23.9,30.5,3.2,0,964.2,1012.9,54.6,,
883,2025-10-01 15:00,23.7,29.6,3.8,0,963.6,1012.4,50.4,,
883,2025-10-01 16:00,23.2,29.9,2.7,0,963.6,1012.5,52.5,,
883,2025-10-01 17:00,22.1,25.2,3.2,0,964,1013.1,62.4,,
883,2025-10-01 18:00,19,35.1,.7,0,964.1,1013.8,75.3,,
883,2025-10-01 19:00,17.9,109.5,2.8,0,964.6,1014.5,78,,
883,2025-10-01 20:00,18,96.8,2.7,0,965.6,1015.6,52.7,,
883,2025-10-01 21:00,17.3,87.4,2.8,0,966.2,1016.3,69,,
883,2025-10-01 22:00,18.2,104.3,2.6,0,966.5,1016.5,79.2,,
883,2025-10-01 23:00,17.2,93.3,3.1,0,966.5,1016.7,74.2,,
883,2025-10-02 00:00,17.8,99,2.8,0,966.2,1015.9,85.1,,
883,2025-10-02 01:00,17.8,149.1,.9,0,966,1016,69.5,,
883,2025-10-02 02:00,17.6,115.3,2.8,0,965.7,1015.7,71.8,,
883,2025-10-02 03:00,17.9,0,0,0,965.5,1015.5,74.5,,
883,2025-10-02 04:00,16.2,102.2,2,0,965.4,1015.7,78.2,,
883,2025-10-02 05:00,16,104.4,1.1,0,965.6,1016,78.3,,
883,2025-10-02 06:00,15.1,105.1,2.6,0,966.2,1016.8,80.4,,
883,2025-10-02 07:00,17.4,103.1,2.3,0,967,1017.2,71.7,,
883,2025-10-02 08:00,20.1,104.5,1.7,0,967.3,1016.9,57.3,,
883,2025-10-02 09:00,23.2,0,0,0,967.4,1016.4,48.8,,
883,2025-10-02 10:00,25.5,0,.4,0,967.4,1016,40.6,,
883,2025-10-02 11:00,25.3,358.8,1,0,967.3,1016,44.8,,
883,2025-10-02 12:00,26.6,39.1,.7,0,967,1015.4,43.7,,
883,2025-10-02 13:00,27.2,29.5,3.4,0,966.4,1014.7,51.7,,
883,2025-10-02 14:00,23.8,66.6,3.4,0,966.1,1015,67.1,,
883,2025-10-02 15:00,25.4,0,.3,0,965.7,1014.3,68.5,,
883,2025-10-02 16:00,24.1,0,.1,0,965.8,1014.6,72.3,,
883,2025-10-02 17:00,21.5,0,.1,0,966.4,1015.7,75.3,,
883,2025-10-02 18:00,20.8,0,.1,0,966.3,1015.8,79.8,,
883,2025-10-02 19:00,21.1,136.6,4.4,0,966.2,1015.6,39.9,,
883,2025-10-02 20:00,20.7,151.8,1,0,966.2,1015.7,56.1,,
883,2025-10-02 21:00,19,98.5,2.8,0,966.4,1016.2,74.1,,
883,2025-10-02 22:00,20.5,149,5.2,0,966,1015.5,80.5,,
883,2025-10-02 23:00,19.8,117.6,2,0,965.8,1015.4,79,,
883,2025-10-03 00:00,19.3,116.3,3.2,0,965.6,1015.3,86.2,,
883,2025-10-03 01:00,20.5,132.8,3,0,964.7,1014.1,80.2,,
883,2025-10-03 02:00,20.9,149.8,3,0,965,1014.4,78.3,,
883,2025-10-03 03:00,19.3,142,4.6,.5,963.8,1013.4,84.7,,
883,2025-10-03 04:00,20.1,146.5,8.1,.5,962.3,1011.7,84.8,,
883,2025-10-03 05:00,19.9,154.1,10.8,1,961.5,1010.9,89.2,,
883,2025-10-03 06:00,19.9,162.5,10.9,2.5,962,1011.4,92.9,,
883,2025-10-03 07:00,20.2,167.1,12.2,4.5,962.1,1011.5,94.4,,
883,2025-10-03 08:00,20.3,164.1,13.2,5,961.7,1011,94.6,,
883,2025-10-03 09:00,20.4,180.6,8.9,4,962.6,1011.9,96.1,,
883,2025-10-03 10:00,22,195.1,5,5.5,964.4,1013.5,97.4,,
883,2025-10-03 11:00,22,236.1,2.8,12,964.6,1013.7,97.7,,
883,2025-10-03 12:00,21.9,242.3,5.7,4.5,964.5,1013.6,97.8,,
883,2025-10-03 13:00,22.7,203.7,2.9,.5,963.7,1012.7,96.2,,
883,2025-10-03 14:00,23,197,2.9,7.5,962.9,1011.8,97.8,,
883,2025-10-03 15:00,23.3,205.8,4.1,1.5,962.6,1011.4,97.4,,
883,2025-10-03 16:00,23.8,217.1,4.4,4.5,962.7,1011.4,97.8,,
883,2025-10-03 17:00,23.8,223.8,4.2,2,962.8,1011.5,98,,
883,2025-10-03 18:00,23.8,222.9,4,1,962.8,1011.5,98.1,,
883,2025-10-03 19:00,23.9,219.2,2.9,.5,963.1,1011.8,98.4,,
883,2025-10-03 20:00,24,226.1,3.2,0,963.5,1012.2,98.5,,
883,2025-10-03 21:00,24.1,227.2,3.3,.5,963.9,1012.6,98.8,,
883,2025-10-03 22:00,24,227.3,3.9,2,964,1012.7,99,,
883,2025-10-03 23:00,23.4,249.6,2,.5,964.4,1013.3,99.4,,
883,2025-10-04 00:00,23.1,247.4,2.9,0,964.1,1012.6,99.4,,
883,2025-10-04 01:00,22.8,246.5,2.3,0,963.9,1012.8,99.4,,
883,2025-10-04 02:00,22,237.4,1.2,0,963.9,1013,99.3,,
883,2025-10-04 03:00,21.5,218.3,2.3,0,963.7,1012.9,99.1,,
883,2025-10-04 04:00,21.5,250.7,.6,0,963.8,1013,99.1,,
883,2025-10-04 05:00,21.5,249.8,2,0,963.9,1013.1,99,,
883,2025-10-04 06:00,21.4,233.8,2.4,0,964,1013.2,98.7,,
883,2025-10-04 07:00,21.3,236.1,1.6,0,964.6,1013.9,98.6,,
883,2025-10-04 08:00,21.4,235.8,.9,0,965.1,1014.4,98.2,,
883,2025-10-04 09:00,22.5,252,.7,0,965.2,1014.3,94.5,,
883,2025-10-04 10:00,22.1,297.5,2.3,0,965.5,1014.7,96,,
883,2025-10-04 11:00,23.3,310.6,3.1,0,965.4,1014.3,88.7,,
883,2025-10-04 12:00,23.9,321.9,3.6,0,964.8,1013.6,88.9,,
883,2025-10-04 13:00,23,325.2,5.1,0,964.4,1013.3,89.7,,
883,2025-10-04 14:00,22.5,316.5,2.8,0,964.1,1013.1,93,,
883,2025-10-04 15:00,22.8,321.5,3.7,0,964.1,1013.1,92.3,,
883,2025-10-04 16:00,22.2,357.2,2.8,0,964.1,1013.2,90.3,,
883,2025-10-04 17:00,21.5,26.5,4.1,0,964,1013.2,93.2,,
883,2025-10-04 18:00,20.6,24.1,4,0,964.1,1013.5,94.6,,
883,2025-10-04 19:00,19.7,31.3,2.7,0,964.4,1014,96.3,,
883,2025-10-04 20:00,19.7,48.5,2.8,0,964.9,1014.5,95.4,,
883,2025-10-04 21:00,19.6,43.4,2.4,0,965.2,1014.8,95,,
883,2025-10-04 22:00,19.5,60.6,3.2,0,965.2,1014.8,95.1,,
883,2025-10-04 23:00,18.7,40.2,1,0,965.4,1015.2,95.1,,
883,2025-10-05 00:00,18.7,23.3,1.9,0,965.2,1014.5,97.6,,
883,2025-10-05 01:00,18.8,62.2,.8,0,965.2,1015,97.8,,
883,2025-10-05 02:00,18.7,36.1,.5,0,965.2,1015,97.7,,
883,2025-10-05 03:00,18.9,50.2,1.7,0,965.1,1014.9,96.8,,
883,2025-10-05 04:00,19.4,61.6,2.5,0,964.9,1014.6,96.6,,
883,2025-10-05 05:00,19.1,64.3,2.7,0,964.9,1014.6,96.9,,
883,2025-10-05 06:00,19.4,48.9,2,0,965.3,1015,96.3,,
883,2025-10-05 07:00,19.5,25.9,1.8,0,965.6,1015.3,97.4,,
883,2025-10-05 08:00,20.6,34.1,2.2,0,966,1015.5,93.2,,
883,2025-10-05 09:00,22.2,29.1,4.3,0,966.1,1015.3,85.5,,
883,2025-10-05 10:00,24.1,28.5,3.1,0,966.2,1015,81.3,,
883,2025-10-05 11:00,24.1,38.9,3.5,0,966.3,1015.1,76.5,,
883,2025-10-05 12:00,24.7,38.5,3.2,0,965.9,1014.6,73.8,,
883,2025-10-05 13:00,25.8,23.9,2.8,0,965.2,1013.7,67.3,,
883,2025-10-05 14:00,25.8,26.3,2.7,0,964.6,1013,66.8,,
883,2025-10-05 15:00,25,31.8,3.9,0,964,1012.5,75.3,,
883,2025-10-05 16:00,24.7,24.7,3.5,0,964.2,1012.8,65.9,,
883,2025-10-05 17:00,24.3,31.8,3.4,0,964.3,1013,67.8,,
883,2025-10-05 18:00,22,46.6,2,0,964.1,1013.2,79.1,,
883,2025-10-05 19:00,20.1,0,0,0,964.3,1013.8,87.7,,
883,2025-10-05 20:00,19.3,29.9,2.6,0,965,1014.7,92.9,,
883,2025-10-05 21:00,19.7,46.7,2.1,0,965.4,1015,88.1,,
883,2025-10-05 22:00,19.5,28.3,1.6,0,965.4,1015.1,88.7,,
883,2025-10-05 23:00,20.3,85.4,2.5,0,965,1014.5,88.4,,
883,2025-10-06 00:00,20.3,62.9,2.2,0,965.2,1014.6,89.7,,
883,2025-10-06 01:00,20.6,78.2,3.1,0,965.1,1014.5,86.5,,
883,2025-10-06 02:00,20.3,54.4,1.9,0,965,1014.5,89.4,,
883,2025-10-06 03:00,19.5,63.7,1.6,0,964.7,1014.3,90.8,,
883,2025-10-06 04:00,20.1,75.8,2.8,0,964.6,1014.1,89.3,,
883,2025-10-06 05:00,19.6,84.3,2.9,0,964.6,1014.2,91.8,,
883,2025-10-06 06:00,19.9,99.7,2.9,0,964.5,1014,90.6,,
883,2025-10-06 07:00,20.2,92.5,2.7,0,964.8,1014.3,90,,
883,2025-10-06 08:00,22.5,71.5,1.7,0,965.6,1014.7,85.2,,
883,2025-10-06 09:00,24.3,54,1,0,965.7,1014.5,78.5,,
883,2025-10-06 10:00,26.3,32,1.1,0,965.7,1014.1,73.7,,
883,2025-10-06 11:00,25.9,337.8,1.1,0,965.9,1014.4,75.5,,
883,2025-10-06 12:00,26.9,327.2,1.7,0,965.6,1013.9,71.5,,
883,2025-10-06 13:00,26.8,305.3,1.3,0,964.8,1013.1,73.2,,
883,2025-10-06 14:00,25.5,247,.8,0,964.4,1012.9,83.6,,
883,2025-10-06 15:00,25.4,0,.3,0,964.3,1012.8,82,,
883,2025-10-06 16:00,24.9,26.3,1.5,0,964.7,1013.3,83.6,,
883,2025-10-06 17:00,23.9,0,.2,0,965.1,1013.9,86,,
883,2025-10-06 18:00,23.1,0,0,0,965.4,1014.4,90.6,,
883,2025-10-06 19:00,22.1,168,.7,0,965.7,1014.9,94,,
883,2025-10-06 20:00,22.5,184.1,.5,0,966,1015.1,94.1,,
883,2025-10-06 21:00,22.6,149.9,1.2,0,966.1,1015.2,92.9,,
883,2025-10-06 22:00,22.6,160.5,2.4,0,965.5,1014.6,91.9,,
883,2025-10-06 23:00,22.1,172.4,2.5,0,965.6,1014.8,92.9,,
883,2025-10-07 00:00,22.7,176.7,1.9,0,965.8,1014.5,92.2,,
883,2025-10-07 01:00,22.7,168.4,2.4,0,965.6,1014.6,92.7,,
883,2025-10-07 02:00,22.7,172.8,2.4,0,965.1,1014.1,93.7,,
883,2025-10-07 03:00,22.8,163.7,2.7,0,964.9,1013.9,94.1,,
883,2025-10-07 04:00,22.6,184.1,1.4,0,965,1014,95.8,,
883,2025-10-07 05:00,22.7,179.2,.8,0,964.9,1013.9,96.6,,
883,2025-10-07 06:00,23.2,242.8,1.1,.5,965.1,1014,97.8,,
883,2025-10-07 07:00,23.1,293.5,2.4,.5,965.5,1014.5,98.4,,
883,2025-10-07 08:00,22.9,301.8,2.3,0,965.9,1014.9,99,,
883,2025-10-07 09:00,22.5,296.4,2,0,966.3,1015.4,99,,
883,2025-10-07 10:00,21.6,30.8,2.5,0,966.5,1015.8,98.7,,
883,2025-10-07 11:00,21.8,39.3,3.8,0,966.4,1015.7,97.4,,
883,2025-10-07 12:00,21.8,23.4,3.3,0,966.1,1015.3,96.3,,
883,2025-10-07 13:00,23.6,30.5,4.6,0,965.4,1014.3,85.9,,
883,2025-10-07 14:00,22.3,25.9,5.4,0,965.1,1014.2,89.9,,
883,2025-10-07 15:00,22,26.7,5.6,0,964.6,1013.7,88,,
883,2025-10-07 16:00,20.9,30,5.7,0,964.4,1013.7,92.7,,
883,2025-10-07 17:00,20.5,27,4.9,0,964.5,1013.9,91.7,,
883,2025-10-07 18:00,19.7,26.2,6,0,964.8,1014.4,94.4,,
883,2025-10-07 19:00,19.3,26.1,6.5,0,965.3,1015,95.3,,
883,2025-10-07 20:00,18.9,29.2,6.8,0,965.8,1015.6,97.3,,
883,2025-10-07 21:00,18.3,37.5,5.1,0,966,1015.9,96.8,,
883,2025-10-07 22:00,18.2,35.5,4.5,0,966.4,1016.4,97.6,,
883,2025-10-07 23:00,18.2,35,5.1,0,965.9,1015.8,97.6,,
883,2025-10-08 00:00,18.1,28.8,6.4,0,965.6,1015.1,97.9,,
883,2025-10-08 01:00,18.1,27,5.4,0,965.2,1015.1,97.6,,
883,2025-10-08 02:00,18.2,28.9,5.6,0,965,1014.9,97.9,,
883,2025-10-08 03:00,18.1,26.5,5.5,.5,964.8,1014.7,98.5,,
883,2025-10-08 04:00,18.2,37.1,3.6,0,964.5,1014.4,98.5,,
883,2025-10-08 05:00,18.4,31.3,5.8,0,964.4,1014.2,98.6,,
883,2025-10-08 06:00,18.6,27.7,5.6,0,964.7,1014.5,98.8,,
883,2025-10-08 07:00,18.6,31.8,5.3,.5,964.9,1014.7,98.9,,
883,2025-10-08 08:00,18.9,27.2,5.7,.5,965.2,1015,99,,
883,2025-10-08 09:00,19.7,32.7,4.6,0,965.9,1015.5,98.5,,
883,2025-10-08 10:00,20.1,43.6,2.9,0,966.3,1015.9,96.6,,
883,2025-10-08 11:00,21.1,33.2,3.6,0,966.1,1015.5,95.8,,
883,2025-10-08 12:00,22.9,22.6,5.3,0,965.7,1014.7,90.6,,
883,2025-10-08 13:00,22.6,34.9,4.7,0,965.1,1014.1,90,,
883,2025-10-08 14:00,21.2,34.7,4.4,0,964.4,1013.7,91.2,,
883,2025-10-08 15:00,23,38,4.1,0,963.9,1012.8,85.8,,
883,2025-10-08 16:00,21.3,39.7,4,0,963.8,1013,91.4,,
883,2025-10-08 17:00,21.2,50.2,3,0,963.9,1013.2,91.6,,
883,2025-10-08 18:00,21.3,0,.1,0,964.3,1013.6,89.3,,
883,2025-10-08 19:00,20.2,78.9,3.5,0,964.4,1013.9,89,,
883,2025-10-08 20:00,20.2,86.9,2.6,0,965,1014.5,89.8,,
883,2025-10-08 21:00,19.2,107.8,.9,0,965.5,1015.2,93,,
883,2025-10-08 22:00,19.4,139.6,1.1,0,965.6,1015.3,94.9,,
883,2025-10-08 23:00,20.1,91.8,3,0,965.7,1015.3,87.8,,
883,2025-10-09 00:00,20.3,89.7,5,0,965.7,1015.1,89,,
883,2025-10-09 01:00,20.7,74.5,4.9,0,965.4,1014.8,86.7,,
883,2025-10-09 02:00,19.5,73.1,2.2,0,965.7,1015.4,88.4,,
883,2025-10-09 03:00,18.8,115,2.4,0,965.6,1015.4,89.3,,
883,2025-10-09 04:00,18.1,112,1,0,965.5,1015.4,91.4,,
883,2025-10-09 05:00,18.3,171.2,2.6,0,965.4,1015.3,93,,
883,2025-10-09 06:00,18.6,102.8,.7,0,965.9,1015.8,88.6,,
883,2025-10-09 07:00,19.6,117.5,3.4,0,966.1,1015.8,86.7,,
883,2025-10-09 08:00,22.4,122.5,1.8,0,966.5,1015.7,77.6,,
883,2025-10-09 09:00,23.9,345.2,.5,0,966.8,1015.7,76.8,,
883,2025-10-09 10:00,24.8,208.3,.8,0,967,1015.7,73.7,,
883,2025-10-09 11:00,24,31.2,2.5,0,967.1,1016,77.3,,
883,2025-10-09 12:00,23.6,58.5,4.1,0,966.5,1015.4,76.4,,
883,2025-10-09 13:00,24.7,61,3.2,0,966,1014.7,71.1,,
883,2025-10-09 14:00,25.1,248.7,.7,0,965.7,1014.3,74.7,,
883,2025-10-09 15:00,24.2,33.7,2.6,0,965.5,1014.3,75.7,,
883,2025-10-09 16:00,24.3,41.3,3.1,0,965.6,1014.3,74.5,,
883,2025-10-09 17:00,23.8,0,.3,0,966.1,1015,77.3,,
883,2025-10-09 18:00,20.9,11.2,1.6,0,966.6,1016,83.7,,
883,2025-10-09 19:00,19,127.4,2,0,966.6,1016.4,88.7,,
883,2025-10-09 20:00,19.1,107.3,2.9,0,967.2,1017,82.7,,
883,2025-10-09 21:00,17.7,109.6,1.1,0,967.4,1017.5,89.9,,
883,2025-10-09 22:00,17.8,0,0,0,967.2,1017.3,91.9,,
883,2025-10-09 23:00,17.2,0,.1,0,967.2,1017.4,92.3,,
883,2025-10-10 00:00,16.9,100.1,1,0,967.2,1017.2,93.4,,
883,2025-10-10 01:00,16.5,107.8,1.1,0,966.7,1017,93.6,,
883,2025-10-10 02:00,16.9,102.7,2.2,0,966.9,1017.2,91.6,,
883,2025-10-10 03:00,17.2,103.5,2.4,0,966.6,1016.8,90.7,,
883,2025-10-10 04:00,16.2,0,.1,0,966.2,1016.6,93.2,,
883,2025-10-10 05:00,16.6,101.7,.6,0,966.4,1016.7,92.7,,
883,2025-10-10 06:00,16.5,118.5,.7,0,966.6,1016.9,95.1,,
883,2025-10-10 07:00,16.8,104.6,2.5,0,966.6,1016.9,94,,
883,2025-10-10 08:00,20.5,0,.1,0,966.8,1016.3,85,,
883,2025-10-10 09:00,22.2,0,0,0,967.1,1016.3,82.4,,
883,2025-10-10 10:00,23.8,0,0,0,967,1015.9,74.1,,
883,2025-10-10 11:00,24.7,358.7,.5,0,966.9,1015.6,73.3,,
883,2025-10-10 12:00,25.5,0,.4,0,966.5,1015.1,70.7,,
883,2025-10-10 13:00,25.8,275.2,.9,0,966.1,1014.6,71.7,,
883,2025-10-10 14:00,27.3,31.7,2,0,965.7,1013.9,69,,
883,2025-10-10 15:00,25.6,272.3,1.1,0,965.3,1013.8,75.4,,
883,2025-10-10 16:00,24.6,274.9,.9,0,965.2,1013.9,76.8,,
883,2025-10-10 17:00,23.6,287.8,1,0,965.3,1014.2,81.6,,
883,2025-10-10 18:00,21.6,0,0,0,965.4,1014.6,88.1,,
883,2025-10-10 19:00,20.4,0,0,0,965.3,1014.8,90.8,,
883,2025-10-10 20:00,19.6,0,0,0,965.7,1015.4,93.5,,
883,2025-10-10 21:00,19,0,0,0,965.7,1015.5,94.1,,
883,2025-10-10 22:00,18.5,0,0,0,965.9,1015.8,95,,
883,2025-10-10 23:00,18.3,0,0,0,965.7,1015.6,95.7,,
883,2025-10-11 00:00,18.5,0,.4,0,965.4,1014.8,96.2,,
883,2025-10-11 01:00,17.7,0,.2,0,964.8,1014.8,95.3,,
883,2025-10-11 02:00,18,99.7,2.4,0,964.6,1014.5,94.5,,
883,2025-10-11 03:00,17.7,86.1,2.1,0,964,1013.9,95.3,,
883,2025-10-11 04:00,17.2,0,0,0,964.1,1014.1,93.9,,
883,2025-10-11 05:00,17,0,0,0,963.9,1014,96,,
883,2025-10-11 06:00,18.1,163.7,2.6,0,964,1013.9,90.6,,
883,2025-10-11 07:00,17.2,114.6,.6,0,964.1,1014.1,91.1,,
883,2025-10-11 08:00,21.5,0,.3,0,964.2,1013.4,81,,
883,2025-10-11 09:00,24.1,0,0,0,964.7,1013.4,72.2,,
883,2025-10-11 10:00,25.2,321.8,1.3,0,964.7,1013.2,74.9,,
883,2025-10-11 11:00,26,0,.1,0,964.2,1012.6,72.1,,
883,2025-10-11 12:00,26.8,1.4,.6,0,963.7,1011.9,72.3,,
883,2025-10-11 13:00,26.3,313.5,1.9,0,963.2,1011.5,75.1,,
883,2025-10-11 14:00,26.5,344.5,1.5,0,962.5,1010.7,77.2,,
883,2025-10-11 15:00,27.3,23.7,.9,0,962.2,1010.2,71.7,,
883,2025-10-11 16:00,26.6,20.7,1.5,0,962.3,1010.5,69.5,,
883,2025-10-11 17:00,24.4,36.5,.6,0,962.6,1011.2,77,,
883,2025-10-11 18:00,21.9,33.2,1.3,0,962.5,1011.5,91.2,,
883,2025-10-11 19:00,21.5,65.8,3.1,0,962.6,1011.7,81.7,,
883,2025-10-11 20:00,19.8,0,0,0,963,1012.5,84.7,,
883,2025-10-11 21:00,18.9,0,.1,0,963.2,1012.9,84.7,,
883,2025-10-11 22:00,18.4,0,.3,0,963.3,1013.1,84.1,,
883,2025-10-11 23:00,18.9,0,0,0,963,1012.7,78.4,,
883,2025-10-12 00:00,17.9,0,0,0,962.9,1012.4,89.4,,
883,2025-10-12 01:00,17.8,0,.4,0,962.9,1012.8,90.2,,
883,2025-10-12 02:00,19.2,61.6,3.2,0,962.5,1012.1,92.1,,
883,2025-10-12 03:00,19.3,44.3,3.2,0,962.3,1011.8,95.8,,
883,2025-10-12 04:00,19.6,41.6,3.5,0,962.2,1011.7,96.5,,
883,2025-10-12 05:00,19.5,56.8,3.4,0,962.3,1011.8,95.2,,
883,2025-10-12 06:00,19,39.7,3.1,0,962.6,1012.2,94.9,,
883,2025-10-12 07:00,19.2,47,2.9,0,962.9,1012.5,93.9,,
883,2025-10-12 08:00,20.5,53.9,3.2,0,963.6,1013,90.8,,
883,2025-10-12 09:00,22.7,37.2,3.8,0,963.9,1012.9,87.6,,
883,2025-10-12 10:00,25.2,31.1,3.1,0,963.9,1012.4,79.8,,
883,2025-10-12 11:00,26.5,31.5,3,0,964.3,1012.6,76.2,,
883,2025-10-12 12:00,25.9,10.4,3.1,0,964.4,1012.8,78.3,,
883,2025-10-12 13:00,26,23.9,3,0,963.8,1012.2,79.1,,
883,2025-10-12 14:00,25,21.3,2.9,0,963.5,1012,80.5,,
883,2025-10-12 15:00,25.1,33.8,2.8,0,963.4,1011.9,79.5,,
883,2025-10-12 16:00,24.8,22,3.4,0,963.7,1012.3,82.2,,
883,2025-10-12 17:00,23.7,28.7,2.4,0,963.7,1012.5,84.5,,
883,2025-10-12 18:00,21.4,24,3.3,0,963.9,1013.1,93.6,,
883,2025-10-12 19:00,20.4,30.4,2.6,0,963.9,1013.3,96,,
883,2025-10-12 20:00,20.3,65.9,2.4,0,964.4,1013.9,95.1,,
883,2025-10-12 21:00,19.9,104.6,3.9,0,964.4,1013.9,85.5,,
883,2025-10-12 22:00,19.7,0,0,0,964.7,1014.3,91.5,,
883,2025-10-12 23:00,19.4,100.1,2.6,0,965,1014.7,93.3,,
883,2025-10-13 00:00,19.6,116.9,1.3,0,964.6,1014.1,93.3,,
883,2025-10-13 01:00,19.2,0,.4,0,964.5,1014.2,95.4,,
883,2025-10-13 02:00,19.8,67.8,2.7,0,964.8,1014.4,94,,
883,2025-10-13 03:00,19.3,117.2,1.1,0,964.5,1014.2,94,,
883,2025-10-13 04:00,19,94.7,2,0,964.4,1014.1,95.9,,
883,2025-10-13 05:00,19.9,102.9,2.2,0,964.5,1014,94.9,,
883,2025-10-13 06:00,18.3,100.7,2,0,964.6,1014.5,94.6,,
883,2025-10-13 07:00,21.1,145.7,3.6,0,964.5,1013.8,85.7,,
883,2025-10-13 08:00,22.2,150.7,2.5,0,965,1014.1,85.6,,
883,2025-10-13 09:00,24.2,171.5,1.9,0,965.5,1014.3,84.3,,
883,2025-10-13 10:00,25.8,177.9,1.4,0,965.9,1014.4,80.7,,
883,2025-10-13 11:00,25.3,196.1,.8,0,965.8,1014.4,84.6,,
883,2025-10-13 12:00,26.6,210.3,1.9,0,965.4,1013.7,76.6,,
883,2025-10-13 13:00,26.1,213.3,1.8,0,964.9,1013.3,73.5,,
883,2025-10-13 14:00,26,223.4,1.4,0,964.7,1013.1,70.7,,
883,2025-10-13 15:00,24.9,260.4,1.3,0,964.6,1013.2,78.7,,
883,2025-10-13 16:00,25.1,259.9,.7,0,964.3,1012.8,79.1,,
883,2025-10-13 17:00,23.6,0,0,0,964.6,1013.4,88.1,,
883,2025-10-13 18:00,22.4,0,.1,0,964.7,1013.8,92.9,,
883,2025-10-13 19:00,22.3,163.2,2.3,0,964.8,1013.9,93.4,,
883,2025-10-13 20:00,22.1,167.8,2,0,964.9,1014,94.7,,
883,2025-10-13 21:00,22.4,171.7,2.7,0,965.3,1014.4,95.1,,
883,2025-10-13 22:00,22.7,177.6,2,0,965.6,1014.6,96.3,,
883,2025-10-13 23:00,22.8,203.2,2.7,0,965.1,1014.1,97.5,,
883,2025-10-14 00:00,22.8,206.7,1.8,0,965,1013.6,97.7,,
883,2025-10-14 01:00,22.8,219.9,1.8,0,964.8,1013.8,97.7,,
883,2025-10-14 02:00,22.7,221.9,1.8,0,964.6,1013.6,97.8,,
883,2025-10-14 03:00,22.7,235.3,3,0,964.2,1013.2,97.7,,
883,2025-10-14 04:00,22.8,236.1,2.7,0,963.9,1012.8,97.8,,
883,2025-10-14 05:00,22.5,249.3,2.8,.5,963.9,1012.9,97.7,,
883,2025-10-14 06:00,22.3,323.7,3.7,2,964.5,1013.6,98.4,,
883,2025-10-14 07:00,21.1,29.7,3.3,0,965.1,1014.4,99.1,,
883,2025-10-14 08:00,20.1,30.8,4.5,.5,965.7,1015.3,99.2,,
883,2025-10-14 09:00,20.4,29.3,4.2,0,966,1015.5,99.4,,
883,2025-10-14 10:00,21.5,40.7,2.5,0,966.1,1015.4,99.6,,
883,2025-10-14 11:00,22.4,34.5,4,0,966.4,1015.5,89.5,,
883,2025-10-14 12:00,23.2,46.1,2.2,0,966.1,1015.1,84.7,,
883,2025-10-14 13:00,24.1,30.4,4,0,965.7,1014.5,83.5,,
883,2025-10-14 14:00,23.2,28.1,4.5,0,965.3,1014.2,85.4,,
883,2025-10-14 15:00,20.5,34.6,4.9,0,965,1014.4,91.3,,
883,2025-10-14 16:00,20.3,30.8,4.6,0,965.4,1014.9,92.7,,
883,2025-10-14 17:00,20.2,41.3,3.6,0,965.6,1015.1,92.8,,
883,2025-10-14 18:00,19.6,36.5,3.8,0,966.1,1015.8,95.1,,
883,2025-10-14 19:00,19.3,24.3,4.4,0,966.5,1016.3,96.1,,
883,2025-10-14 20:00,19.1,26.4,4.5,0,967,1016.8,96,,
883,2025-10-14 21:00,19.2,31.2,1.6,0,967.3,1017.1,96.3,,
883,2025-10-14 22:00,19.2,0,.1,0,967.5,1017.3,95.4,,
883,2025-10-14 23:00,19.6,95.1,2.3,0,967.7,1017.5,93.9,,
883,2025-10-15 00:00,20.4,0,0,0,967.6,1017.1,95.7,,
883,2025-10-15 01:00,20.5,0,0,0,967.6,1017.2,95.2,,
883,2025-10-15 02:00,20.4,100.2,1.8,0,967.4,1017,93.4,,
883,2025-10-15 03:00,20.3,0,0,0,967.4,1017,94,,
883,2025-10-15 04:00,20.2,0,0,0,967.1,1016.7,94,,
883,2025-10-15 05:00,20.3,0,0,0,967,1016.6,94,,
883,2025-10-15 06:00,20.5,0,0,0,967.3,1016.9,93.2,,
883,2025-10-15 07:00,20.4,0,0,0,967.4,1017,93.8,,
883,2025-10-15 08:00,21.3,0,.3,0,967.8,1017.2,91.3,,
883,2025-10-15 09:00,23.9,0,.2,0,968.1,1017,81.2,,
883,2025-10-15 10:00,24.3,0,.3,0,968.2,1017.1,83.7,,
883,2025-10-15 11:00,25.1,0,.1,0,968,1016.7,81.2,,
883,2025-10-15 12:00,25,0,.3,0,967.3,1016,83.2,,
883,2025-10-15 13:00,25.2,0,.1,0,966.9,1015.6,79.2,,
883,2025-10-15 14:00,23.8,167.1,1.2,0,966.3,1015.2,88.5,,
883,2025-10-15 15:00,23.3,175.2,.5,0,966.2,1015.2,91.1,,
883,2025-10-15 16:00,22.2,141.4,1.8,.5,966.1,1015.3,92.8,,
883,2025-10-15 17:00,23.9,0,0,.5,966,1014.8,90.3,,
883,2025-10-15 18:00,21.9,0,0,0,966.1,1015.3,95.8,,
883,2025-10-15 19:00,21.7,0,0,0,966.2,1015.5,96,,
883,2025-10-15 20:00,21.2,154.6,.9,0,966.6,1016,97.3,,
883,2025-10-15 21:00,21.1,155.1,2.1,0,966.7,1016.1,95.2,,
883,2025-10-15 22:00,21.1,164.5,2.5,0,966.5,1015.9,94.5,,
883,2025-10-15 23:00,21.3,168.7,2.6,0,966.1,1015.4,93.5,,
883,2025-10-16 00:00,21.7,180,2.8,0,966.2,1015.2,95.2,,
883,2025-10-16 01:00,22.2,196,2,0,965.8,1015,95.9,,
883,2025-10-16 02:00,22.4,213.3,2.7,0,965.4,1014.5,97.3,,
883,2025-10-16 03:00,22.4,231.4,2.6,0,965.3,1014.4,96.9,,
883,2025-10-16 04:00,22.8,236.4,4.1,0,964.9,1013.9,96.8,,
883,2025-10-16 05:00,22.8,239.5,3.5,0,965.5,1014.5,95.6,,
883,2025-10-16 06:00,22.8,261.2,3.2,.5,965.9,1014.9,97.8,,
883,2025-10-16 07:00,21.6,261.9,2.9,4,966.5,1015.8,97.9,,
883,2025-10-16 08:00,21.6,246.3,2.1,2,966.6,1015.9,98.2,,
883,2025-10-16 09:00,21.8,263.8,2.9,0,967,1016.3,98.5,,
883,2025-10-16 10:00,21.6,28.4,1.6,1,967.2,1016.5,98.8,,
883,2025-10-16 11:00,21.3,25.4,2.4,0,967,1016.4,99.1,,
883,2025-10-16 12:00,21,30.3,4.3,0,966.5,1015.9,98.6,,
883,2025-10-16 13:00,20.2,26.7,5.4,0,966.3,1015.9,98.4,,
883,2025-10-16 14:00,19.9,27,5.2,0,966.1,1015.7,98.2,,
883,2025-10-16 15:00,19.7,27.4,5.2,0,966.1,1015.8,97.2,,
883,2025-10-16 16:00,19.7,27.4,4.4,0,966.5,1016.2,96.3,,
883,2025-10-16 17:00,19.6,40,3.5,0,967.1,1016.8,96,,
883,2025-10-16 18:00,19.2,44.1,3.3,0,967.9,1017.7,96.5,,
883,2025-10-16 19:00,19.1,59.5,3.4,0,968.3,1018.2,94.8,,
883,2025-10-16 20:00,19.2,83.8,2.3,0,968.7,1018.6,92.8,,
883,2025-10-16 21:00,18.8,99.7,2.1,0,968.8,1018.8,93.5,,
883,2025-10-16 22:00,19.2,110.9,1.5,0,969.2,1019.1,93.4,,
883,2025-10-16 23:00,19.1,96.6,.5,0,969.5,1019.4,96.8,,
883,2025-10-17 00:00,19.6,97.4,1.7,0,969.5,1019.3,95.6,,
883,2025-10-17 01:00,18.9,0,0,0,969.2,1019.2,97.5,,
883,2025-10-17 02:00,18.4,0,.4,0,968.9,1019,96.4,,
883,2025-10-17 03:00,18.1,110.7,.9,0,969,1019.1,97.2,,
883,2025-10-17 04:00,18.3,117.1,1.9,0,969,1019.1,97,,
883,2025-10-17 05:00,18.2,0,.2,0,969,1019.1,95.9,,
883,2025-10-17 06:00,17.9,139.8,1.7,0,969.3,1019.5,97.1,,
883,2025-10-17 07:00,18.4,91.1,3.3,0,969.4,1019.5,93.9,,
883,2025-10-17 08:00,19.9,78.6,.6,0,969.3,1019.1,91.2,,
883,2025-10-17 09:00,21.4,0,.4,0,969.7,1019.2,90.3,,
883,2025-10-17 10:00,22.5,0,0,0,969.7,1019,87.6,,
883,2025-10-17 11:00,24.6,0,0,0,969.2,1018.1,79.8,,
883,2025-10-17 12:00,24.5,339.6,1.1,0,968.4,1017.3,82.7,,
883,2025-10-17 13:00,25.1,261.1,.6,0,967.4,1016.1,82,,
883,2025-10-17 14:00,23.9,308.6,3.1,0,967.4,1016.3,83.2,,
883,2025-10-17 15:00,24.4,0,.1,0,967.1,1015.9,81.9,,
883,2025-10-17 16:00,24.6,161.9,.9,0,966.9,1015.7,77.4,,
883,2025-10-17 17:00,22.1,0,0,0,967.2,1016.4,88.6,,
883,2025-10-17 18:00,20.7,0,0,.5,967.7,1017.2,96.7,,
883,2025-10-17 19:00,20.5,0,.1,0,967.6,1017.2,96.9,,
883,2025-10-17 20:00,20.8,165.7,1.3,0,967.8,1017.3,94.8,,
883,2025-10-17 21:00,21.2,0,.3,0,967.7,1017.1,92.1,,
883,2025-10-17 22:00,21.1,147.6,2.6,0,967.6,1017.1,91.4,,
883,2025-10-17 23:00,21.3,166.4,2.8,0,967.2,1016.6,90.9,,
883,2025-10-18 00:00,21.2,173.4,2.5,0,967.2,1016.4,91.3,,
883,2025-10-18 01:00,21,185.6,1.7,0,966.8,1016.2,92.4,,
883,2025-10-18 02:00,21,189.9,2,0,966.7,1016.1,93.5,,
883,2025-10-18 03:00,20.9,215.8,1.1,0,966.3,1015.7,95.9,,
883,2025-10-18 04:00,20.8,192.4,1.4,0,965.8,1015.2,95.5,,
883,2025-10-18 05:00,20.9,0,.3,.5,966,1015.4,96.6,,
883,2025-10-18 06:00,20.5,300,.5,0,966.3,1015.8,96.1,,
883,2025-10-18 07:00,19.4,35.3,.8,1,966.7,1016.4,97.7,,
883,2025-10-18 08:00,19.6,40.9,.5,.5,967.1,1016.8,96,,
883,2025-10-18 09:00,19.5,30.3,3.1,1,967.9,1017.7,97.8,,
883,2025-10-18 10:00,19.1,28.9,5.5,1,968.1,1018,98.6,,
883,2025-10-18 11:00,19.5,27.7,6,0,968.2,1018,98.4,,
883,2025-10-18 12:00,18.6,28.2,7.7,.5,968.2,1018.2,97.8,,
883,2025-10-18 13:00,18.2,29.7,8,0,967.7,1017.7,96.9,,
883,2025-10-18 14:00,17.6,41.1,5.6,0,967,1017.1,96.1,,
883,2025-10-18 15:00,17.4,31.2,7.9,0,967.6,1017.8,94.7,,
883,2025-10-18 16:00,17.1,37.7,5.3,0,967.8,1018.1,96.7,,
883,2025-10-18 17:00,16.9,32.7,7.1,0,968.3,1018.6,96.7,,
883,2025-10-18 18:00,16.4,42.6,5.5,0,968.5,1018.9,95.8,,
883,2025-10-18 19:00,16.4,48.7,5,0,969.2,1019.7,95.6,,
883,2025-10-18 20:00,16.1,31.6,5.8,0,969.2,1019.7,95.6,,
883,2025-10-18 21:00,16.2,32.8,4.8,0,969.4,1019.9,94.8,,
883,2025-10-18 22:00,16.1,31.5,5.2,0,969.6,1020.2,95.1,,
883,2025-10-18 23:00,16,41.6,3.7,0,969.6,1020.2,91.9,,
883,2025-10-19 00:00,16.2,97.5,2.5,0,969.4,1019.7,91.5,,
883,2025-10-19 01:00,15.8,56.5,1.8,0,969.6,1020.2,94.2,,
883,2025-10-19 02:00,17.3,96.7,3.7,0,968.9,1019.2,89.7,,
883,2025-10-19 03:00,17.8,57.4,4.1,0,968.7,1018.9,94.6,,
883,2025-10-19 04:00,18.4,101.1,3.6,0,968.7,1018.7,89,,
883,2025-10-19 05:00,18.9,67.3,2.5,0,968.4,1018.3,90.8,,
883,2025-10-19 06:00,19,56.5,4.7,0,968.2,1018.1,91.5,,
883,2025-10-19 07:00,19.2,85.6,4.7,0,968.5,1018.4,91.2,,
883,2025-10-19 08:00,19.6,30,2.8,0,969.3,1019.1,90.4,,
883,2025-10-19 09:00,20.5,144.6,2.4,0,969.9,1019.6,87,,
883,2025-10-19 10:00,20.2,46.8,5.6,0,969.4,1019.1,90.2,,
883,2025-10-19 11:00,19.7,69.9,4.4,0,969.7,1019.5,88.2,,
883,2025-10-19 12:00,20.4,79.7,2.8,0,969.1,1018.8,85.3,,
883,2025-10-19 13:00,19.9,65.7,7.4,0,968.1,1017.8,87.8,,
883,2025-10-19 14:00,19.6,79.8,5.3,0,968.1,1017.9,86.5,,
883,2025-10-19 15:00,18.9,81,6.7,0,968.4,1018.3,87.4,,
883,2025-10-19 16:00,18.7,66.4,5.3,0,968.6,1018.6,87.4,,
883,2025-10-19 17:00,18.2,65.9,5.7,0,969.2,1019.3,88.2,,
883,2025-10-19 18:00,17.1,35.6,6.2,0,969.7,1020.1,96.6,,
883,2025-10-19 19:00,16.7,40,5.3,.5,970.5,1021,96.9,,
883,2025-10-19 20:00,16.5,51.4,5.1,0,970.7,1021.2,95.5,,
883,2025-10-19 21:00,16.1,32.2,7.4,0,970.3,1020.9,96.9,,
883,2025-10-19 22:00,16.1,28.7,6.9,0,971.1,1021.7,97.4,,
883,2025-10-19 23:00,15.7,30.6,7.9,0,971.2,1021.9,97.1,,
883,2025-10-20 00:00,14.9,31,4.6,0,971.7,1022.5,95.6,,
883,2025-10-20 01:00,14.4,43.9,3.3,0,972.2,1023.2,92.5,,
883,2025-10-20 02:00,13.8,58.2,2.8,0,972.3,1023.5,88.4,,
883,2025-10-20 03:00,13.8,45.6,3.6,0,972,1023.1,92,,
883,2025-10-20 04:00,13.3,44.4,4.5,0,971.8,1023,90.2,,
883,2025-10-20 05:00,12.9,37.2,6.2,0,971.7,1023,90.8,,
883,2025-10-20 06:00,12.4,37.4,6.3,0,972.1,1023.5,90.5,,
883,2025-10-20 07:00,11.9,39.2,5.7,0,972.2,1023.7,91,,
883,2025-10-20 08:00,12,34.3,6.4,0,972.2,1023.7,91.5,,
883,2025-10-20 09:00,13.1,30.5,7.9,0,972.8,1024.1,86.4,,
883,2025-10-20 10:00,13.6,35.7,6.7,0,972.5,1023.7,86.5,,
883,2025-10-20 11:00,14.3,32.3,8.4,0,972.5,1023.6,82.3,,
883,2025-10-20 12:00,14.8,37.3,7.2,0,972.2,1023.2,79,,
883,2025-10-20 13:00,14.4,33.9,6.8,0,972,1023,74.3,,
883,2025-10-20 14:00,15.5,29.1,8.1,0,972,1022.8,68.8,,
883,2025-10-20 15:00,14.6,38.1,6.5,0,972,1023,69.7,,
883,2025-10-20 16:00,14.9,38.9,6.3,0,971.8,1022.7,70.3,,
883,2025-10-20 17:00,13.3,54.7,4.5,0,971.6,1022.8,77.3,,
883,2025-10-20 18:00,11.8,59.8,3.3,0,972.1,1023.6,84.1,,
883,2025-10-20 19:00,11.8,75.2,4.1,0,972.7,1024.3,84.7,,
883,2025-10-20 20:00,11.8,83.9,3.2,0,972.9,1024.5,85.9,,
883,2025-10-20 21:00,12.6,56.2,4.7,0,973.5,1025,85.2,,
883,2025-10-20 22:00,12.4,46.3,4.6,0,972.9,1024.4,86.9,,
883,2025-10-20 23:00,12.6,42.8,4.6,0,972.5,1023.9,86.3,,
883,2025-10-21 00:00,12.5,38.3,4.3,0,972.9,1024.1,89.3,,
883,2025-10-21 01:00,13.3,48.6,3.9,0,973.3,1024.6,87.4,,
883,2025-10-21 02:00,13.4,29.4,6.3,0,973.1,1024.4,89,,
883,2025-10-21 03:00,13.4,47.8,4.4,0,973,1024.3,90.9,,
883,2025-10-21 04:00,13.6,46.3,3.3,0,972.8,1024,92.7,,
883,2025-10-21 05:00,13.6,42.1,4.6,0,972.7,1023.9,94.1,,
883,2025-10-21 06:00,13.7,52,4.5,0,973.1,1024.3,93.5,,
883,2025-10-21 07:00,13.4,35.4,5.6,0,972.9,1024.2,93.8,,
883,2025-10-21 08:00,13.6,39.5,4.3,0,973.9,1025.2,93.8,,
883,2025-10-21 09:00,13.8,35.7,4.8,0,974.3,1025.6,93.6,,
883,2025-10-21 10:00,13.7,27.3,6,0,974.1,1025.4,93.7,,
883,2025-10-21 11:00,14.8,37.2,3.7,0,974,1025,92.1,,
883,2025-10-21 12:00,14.9,29.8,5.9,0,973.8,1024.8,90.3,,
883,2025-10-21 13:00,14.4,31.8,6.7,0,973.1,1024.2,91.8,,
883,2025-10-21 14:00,14.4,29.2,7.2,0,972.8,1023.9,92.1,,
883,2025-10-21 15:00,14.2,29.9,7.2,0,972.5,1023.6,92.2,,
883,2025-10-21 16:00,13.6,33.6,6.5,0,972.7,1023.9,92.5,,
883,2025-10-21 17:00,13.5,30.4,6.9,0,972.9,1024.2,91.7,,
883,2025-10-21 18:00,13.4,39.5,5.3,0,973.2,1024.5,91.3,,
883,2025-10-21 19:00,13.3,40.2,4.9,0,973.4,1024.7,91.6,,
883,2025-10-21 20:00,13.2,44.3,4.9,0,973.9,1025.3,91.1,,
883,2025-10-21 21:00,12.9,45.2,4.2,0,973.7,1025.1,91.7,,
883,2025-10-21 22:00,12.8,43.7,3.7,0,973.8,1025.2,92.4,,
883,2025-10-21 23:00,12.4,36.5,3.5,0,973.7,1025.2,94.4,,
883,2025-10-22 00:00,12.4,33.5,3.8,0,973.7,1025,95.2,,
883,2025-10-22 01:00,12.2,30.7,5.4,0,972.9,1024.4,95.6,,
883,2025-10-22 02:00,12.4,50.6,3.9,0,973.1,1024.6,94.5,,
883,2025-10-22 03:00,13.1,40.7,4.2,0,972.9,1024.2,95.7,,
883,2025-10-22 04:00,13.5,41.3,3.9,0,972.7,1023.9,96.2,,
883,2025-10-22 05:00,13.5,32,5,0,972.2,1023.4,96.3,,
883,2025-10-22 06:00,13.7,40.5,4.8,0,972.3,1023.5,96,,
883,2025-10-22 07:00,13.7,44.6,3.9,0,972.7,1023.9,95.9,,
883,2025-10-22 08:00,15,48.3,4.8,0,973.2,1024.2,90.9,,
883,2025-10-22 09:00,16.3,47.5,5.7,0,973.6,1024.3,86.9,,
883,2025-10-22 10:00,17.7,49.7,6.2,0,973.7,1024.1,82.4,,
883,2025-10-22 11:00,18.3,42.4,6.5,0,973,1023.3,79.9,,
883,2025-10-22 12:00,19,39.2,8.2,0,972.7,1022.8,79.2,,
883,2025-10-22 13:00,19.2,35,7.1,0,972.2,1022.3,78.4,,
883,2025-10-22 14:00,19.4,47.5,5.6,0,971.9,1021.9,75.4,,
883,2025-10-22 15:00,18.5,49.5,6.5,0,971.9,1022.1,79.8,,
883,2025-10-22 16:00,17.6,44.8,5.6,0,972.4,1022.8,82.4,,
883,2025-10-22 17:00,16.7,55.7,4.7,0,972.5,1023.1,86.4,,
883,2025-10-22 18:00,16.3,62.6,4.7,0,972.9,1023.6,88,,
883,2025-10-22 19:00,16.2,62.8,5.3,0,973,1023.7,87.8,,
883,2025-10-22 20:00,16,58.6,4.5,0,973.1,1023.9,93.2,,
883,2025-10-22 21:00,15.9,70.2,7.7,.5,972.9,1023.7,90.2,,
883,2025-10-22 22:00,15.9,71.7,6.6,0,972.9,1023.7,87.1,,
883,2025-10-22 23:00,15.6,68.7,5.2,0,972.9,1023.7,92.2,,
883,2025-10-23 00:00,15.5,56.1,5.1,0,973,1023.7,94.3,,
883,2025-10-23 01:00,15.4,48.6,4.8,.5,972.5,1023.3,94,,
883,2025-10-23 02:00,15.6,63.9,8,0,972.4,1023.2,92.7,,
883,2025-10-23 03:00,15.4,63.3,7.2,0,972.1,1022.9,92.3,,
883,2025-10-23 04:00,15.4,66.6,8,0,971.7,1022.5,91.1,,
883,2025-10-23 05:00,15.6,69.5,7.1,0,971.9,1022.7,90.2,,
883,2025-10-23 06:00,15.3,71.9,7.3,0,972.2,1023.1,90.2,,
883,2025-10-23 07:00,15.1,68.1,6.9,0,972.8,1023.7,91.7,,
883,2025-10-23 08:00,15.9,68.8,7.2,0,973.2,1024,87.5,,
883,2025-10-23 09:00,16.7,70.9,7.7,0,973.5,1024.1,85,,
883,2025-10-23 10:00,17.9,69.2,6.6,0,973.2,1023.6,79.3,,
883,2025-10-23 11:00,19.3,62.8,6.2,0,973,1023.1,71.3,,
883,2025-10-23 12:00,19.5,55.7,6.6,0,972.4,1022.4,75.6,,
883,2025-10-23 13:00,19.5,55.5,6.6,0,972.4,1022.4,77.1,,
883,2025-10-23 14:00,19.3,56.4,6.9,0,971.9,1021.9,75.4,,
883,2025-10-23 15:00,18.7,61.4,7.3,0,972.2,1022.4,73.4,,
883,2025-10-23 16:00,18.2,67.9,7.4,0,972.1,1022.4,76.3,,
883,2025-10-23 17:00,16.9,66.5,6.9,0,972.4,1022.9,78.8,,
883,2025-10-23 18:00,15.5,62.4,5.6,0,972.7,1023.5,81.6,,
883,2025-10-23 19:00,15.6,72,5.4,0,973.4,1024.3,75.8,,
883,2025-10-23 20:00,15.4,66.9,5.1,0,973.7,1024.6,77.2,,
883,2025-10-23 21:00,15.6,47.9,4,0,973.9,1024.8,77.9,,
883,2025-10-23 22:00,15.3,34.3,5.7,0,974.2,1025.2,90,,
883,2025-10-23 23:00,14.8,34.7,4.4,0,973.9,1024.9,91.9,,
883,2025-10-24 00:00,14.6,40.9,3.3,0,973.8,1024.8,91.8,,
883,2025-10-24 01:00,14.6,46.7,3.3,0,973.7,1024.8,91.2,,
883,2025-10-24 02:00,14,35.7,4.8,0,973.2,1024.4,93.7,,
883,2025-10-24 03:00,14.1,61.7,4.7,0,972.8,1023.9,91.1,,
883,2025-10-24 04:00,13.9,83,3.5,0,972.8,1024,90.2,,
883,2025-10-24 05:00,13.8,46.2,2.9,0,972.6,1023.8,93,,
883,2025-10-24 06:00,14.4,52.1,2.9,0,972.6,1023.7,94.9,,
883,2025-10-24 07:00,14.5,53.3,3.6,0,972.9,1024,94,,
883,2025-10-24 08:00,15.5,56,3.8,0,973.4,1024.3,87.8,,
883,2025-10-24 09:00,16.9,64.7,4.6,0,973.6,1024.2,81.9,,
883,2025-10-24 10:00,18,58.1,5.7,0,973.5,1023.9,72.8,,
883,2025-10-24 11:00,20.1,49.1,5.7,0,972.9,1022.8,69.4,,
883,2025-10-24 12:00,19.5,52.2,6.3,0,972.1,1022.1,68.4,,
883,2025-10-24 13:00,18.1,56.8,5.3,0,971.5,1021.7,72.8,,
883,2025-10-24 14:00,18.8,51,5.5,0,970.8,1020.9,67.2,,
883,2025-10-24 15:00,19.2,50,6,0,970.7,1020.7,70.5,,
883,2025-10-24 16:00,18,69.9,5.1,0,970.8,1021,72.3,,
883,2025-10-24 17:00,16.7,61.3,4.3,0,971,1021.5,77.5,,
883,2025-10-24 18:00,14.4,38.5,3.1,0,971.1,1022.1,85.4,,
883,2025-10-24 19:00,14.6,59.4,3.7,0,971.3,1022.2,86.2,,
883,2025-10-24 20:00,15.1,79.2,5,0,971.5,1022.4,85.4,,
883,2025-10-24 21:00,14.4,102.2,4.8,0,971.5,1022.5,78.1,,
883,2025-10-24 22:00,14.9,77.3,4.3,0,971.7,1022.6,82.9,,
883,2025-10-24 23:00,14.6,70.2,4.3,0,971.2,1022.1,84.6,,
883,2025-10-25 00:00,14,81.8,3.7,0,971,1022,88.4,,
883,2025-10-25 01:00,13.9,57.5,3.3,0,970.8,1021.9,91.8,,
883,2025-10-25 02:00,13.7,37.3,2.8,0,970.6,1021.7,93.8,,
883,2025-10-25 03:00,14.8,51.3,3.6,0,970.5,1021.4,93.6,,
883,2025-10-25 04:00,14.9,33.8,4.6,0,970.3,1021.1,95.5,,
883,2025-10-25 05:00,14.7,39,3.8,0,970.2,1021.1,95.9,,
883,2025-10-25 06:00,14.5,34.6,4.7,0,970.3,1021.2,96.2,,
883,2025-10-25 07:00,14.5,50,3.3,0,970.3,1021.2,96.3,,
883,2025-10-25 08:00,15.1,41.8,4.1,0,970.4,1021.2,94.8,,
883,2025-10-25 09:00,16.3,33.4,5.3,0,970.9,1021.5,89.8,,
883,2025-10-25 10:00,17.4,37.5,6,0,970.4,1020.7,82.9,,
883,2025-10-25 11:00,19,41.2,5.5,0,970.1,1020.1,80.5,,
883,2025-10-25 12:00,18.6,28.4,6.2,0,969.5,1019.5,81.8,,
883,2025-10-25 13:00,17.9,29.6,6.4,0,969,1019.2,82.2,,
883,2025-10-25 14:00,18.2,33.5,5.6,0,968.4,1018.5,80.5,,
883,2025-10-25 15:00,17.4,32.9,5.7,0,968.1,1018.3,78.5,,
883,2025-10-25 16:00,17.5,28.4,6.1,0,967.9,1018.1,81.5,,
883,2025-10-25 17:00,15.6,32.8,5.5,0,967.8,1018.4,87,,
883,2025-10-25 18:00,14.4,47.5,3.6,0,967.5,1018.3,91,,
883,2025-10-25 19:00,14,56.3,2.8,0,967.6,1018.5,92.2,,
883,2025-10-25 20:00,13.7,54.8,2.9,0,967.7,1018.6,93.1,,
883,2025-10-25 21:00,13.2,37.2,3.5,0,967.7,1018.7,94.4,,
883,2025-10-25 22:00,13,45.6,3.2,0,967.3,1018.4,94.1,,
883,2025-10-25 23:00,12.9,51.9,3,0,967.6,1018.7,94.2,,
883,2025-10-26 00:00,13.2,47,2.9,0,967.8,1018.6,92.6,,
883,2025-10-26 01:00,13.5,39.8,2.9,0,967.7,1018.7,91.8,,
883,2025-10-26 02:00,13,35.4,3.4,0,967.3,1018.4,88,,
883,2025-10-26 03:00,12.8,37.7,4.8,0,967,1018.1,83.2,,
883,2025-10-26 04:00,12.3,36.1,5,0,966.4,1017.5,81.4,,
883,2025-10-26 05:00,12.4,39.6,5.5,0,966.7,1017.8,79,,
883,2025-10-26 06:00,11.5,40.4,6.1,0,966.4,1017.7,86,,
883,2025-10-26 07:00,12.2,46.5,5.3,0,966.6,1017.8,85.1,,
883,2025-10-26 08:00,12.6,40.8,6.9,0,966.8,1017.9,85.3,,
883,2025-10-26 09:00,12.4,43.7,5.2,.5,967.2,1018.4,87.4,,
883,2025-10-26 10:00,13,57.2,4.2,0,967.1,1018.1,86.8,,
883,2025-10-26 11:00,14.6,30.4,6.9,0,966.9,1017.6,77.7,,
883,2025-10-26 12:00,16.2,37.5,8.6,0,966.6,1017,66.5,,
883,2025-10-26 13:00,16.9,35,6.6,0,966.3,1016.5,67.3,,
883,2025-10-26 14:00,15.5,27,7,0,966.2,1016.7,66.7,,
883,2025-10-26 15:00,14.3,28.1,5.3,0,966.3,1017,72.7,,
883,2025-10-26 16:00,14.7,34.2,6.2,0,966.5,1017.2,73.5,,
883,2025-10-26 17:00,13.9,34.8,7.1,0,966.7,1017.5,74.6,,
883,2025-10-26 18:00,13.4,38.4,5.6,0,966.9,1017.9,78.6,,
883,2025-10-26 19:00,13.2,34.4,5.3,0,967.4,1018.4,82.4,,
883,2025-10-26 20:00,13,34.8,4.5,0,967.9,1019,84.7,,
883,2025-10-26 21:00,13,35.7,4.8,0,968.4,1019.5,84,,
883,2025-10-26 22:00,12.9,28.6,4.9,0,968.4,1019.5,84,,
883,2025-10-26 23:00,12.6,41.8,4.7,0,968.5,1019.7,84.6,,
883,2025-10-27 00:00,11.8,30.2,4.1,0,968.4,1019.6,88.2,,
883,2025-10-27 01:00,13.3,31.6,5.3,0,968.4,1019.5,81.8,,
883,2025-10-27 02:00,13.2,41.2,4.9,0,968.5,1019.6,81.3,,
883,2025-10-27 03:00,12.6,27.5,4.1,0,968.3,1019.5,83.5,,
883,2025-10-27 04:00,12.3,41.6,5.1,0,968,1019.2,88.5,,
883,2025-10-27 05:00,12.7,42.5,5.7,0,968.4,1019.6,85.6,,
883,2025-10-27 06:00,12.1,36.7,6.4,0,969,1020.3,83.1,,
883,2025-10-27 07:00,11.3,36.4,6.2,0,969.8,1021.3,81.2,,
883,2025-10-27 08:00,11.5,36.4,6.8,0,970,1021.5,77.2,,
883,2025-10-27 09:00,12.5,24.8,8.2,0,970.3,1021.6,73.6,,
883,2025-10-27 10:00,13,30.3,8.4,0,970.4,1021.6,67.9,,
883,2025-10-27 11:00,12.8,28.8,8.3,0,970.3,1021.6,68.8,,
883,2025-10-27 12:00,12.9,37.8,9.7,0,969.7,1020.9,65.9,,
883,2025-10-27 13:00,12.4,27.9,9.7,0,969.6,1020.9,62.4,,
883,2025-10-27 14:00,11.4,32.3,8.9,0,969.8,1021.3,63.7,,
883,2025-10-27 15:00,12.5,32.9,8.9,0,969.7,1021,62,,
883,2025-10-27 16:00,10.9,37.9,8.1,0,970,1021.6,63.8,,
883,2025-10-27 17:00,10.1,27.4,7.1,0,970.1,1021.9,69.9,,
883,2025-10-27 18:00,8.9,25.6,7.3,0,970.6,1022.7,75,,
883,2025-10-27 19:00,8.9,28.3,6.8,0,970.9,1023,75.7,,
883,2025-10-27 20:00,9.1,26.8,7.4,0,971.2,1023.2,72.6,,
883,2025-10-27 21:00,9,28,6.6,0,971.2,1023.3,75.2,,
883,2025-10-27 22:00,9.1,29.4,5.9,0,971.6,1023.7,73.9,,
883,2025-10-27 23:00,9,25.6,6.3,0,971.5,1023.6,74.6,,
883,2025-10-28 00:00,8.8,29.4,5.2,0,971.5,1023.4,74.7,,
883,2025-10-28 01:00,9.1,25.7,5.4,0,971.7,1023.8,74.7,,
883,2025-10-28 02:00,9.5,27,4.1,0,971.8,1023.8,76.7,,
883,2025-10-28 03:00,9.8,30.3,5.4,0,972,1023.9,80.5,,
883,2025-10-28 04:00,9.6,28.1,7,0,971.9,1023.9,74.4,,
883,2025-10-28 05:00,9.1,35.2,4.8,0,972.5,1024.6,80,,
883,2025-10-28 06:00,8.5,60.3,4.3,0,973.2,1025.5,78.1,,
883,2025-10-28 07:00,8.3,58.5,4.4,0,973.6,1025.9,78.4,,
883,2025-10-28 08:00,8.6,61.5,4.8,0,974.1,1026.4,75.5,,
883,2025-10-28 09:00,11,63,5.2,0,974.6,1026.4,67.4,,
883,2025-10-28 10:00,10.9,60.8,6.4,0,975,1026.9,65.9,,
883,2025-10-28 11:00,12.8,43.7,5.4,0,974.9,1026.4,61.6,,
883,2025-10-28 12:00,12.4,40.6,6,0,974.5,1026.1,59.2,,
883,2025-10-28 13:00,12.8,52.2,6.2,0,974.1,1025.6,56.3,,
883,2025-10-28 14:00,13.4,45.3,5.2,0,973.7,1025,50,,
883,2025-10-28 15:00,13.3,31.2,6.8,0,973.6,1024.9,52.4,,
883,2025-10-28 16:00,12,39.1,5.7,0,974,1025.6,56.5,,
883,2025-10-28 17:00,10.5,35.1,5.1,0,974.3,1026.2,59.2,,
883,2025-10-28 18:00,8.2,65.9,3.1,0,974.4,1026.8,72,,
883,2025-10-28 19:00,7.8,96.1,3.4,0,974.6,1027.1,71.7,,
883,2025-10-28 20:00,7.3,92.3,4.8,0,975.2,1027.8,67.5,,
883,2025-10-28 21:00,7.4,103.1,4.6,0,975.4,1028,65.6,,
883,2025-10-28 22:00,7.7,96,4.7,0,975.6,1028.2,65,,
883,2025-10-28 23:00,7.6,97.5,4.2,0,975.7,1028.3,65.9,,
883,2025-10-29 00:00,7.2,81.8,3.4,0,975.4,1027.9,70.2,,
883,2025-10-29 01:00,6.7,91.2,4.5,0,975.3,1028,79.6,,
883,2025-10-29 02:00,6.2,107.9,3.3,0,975.6,1028.5,83.7,,
883,2025-10-29 03:00,6.9,101.2,3.9,0,975.3,1028,72.2,,
883,2025-10-29 04:00,7.9,94.2,4.3,0,974.8,1027.3,69.2,,
883,2025-10-29 05:00,8.1,100.7,5,0,974.9,1027.3,71,,
883,2025-10-29 06:00,8.1,99.5,4.8,0,975.3,1027.8,69.7,,
883,2025-10-29 07:00,7.5,94.3,4.9,0,975.3,1027.9,67.1,,
883,2025-10-29 08:00,8.9,100.5,4.4,0,975.6,1027.9,62.5,,
883,2025-10-29 09:00,12.8,108.8,3.2,0,975.8,1027.3,52.7,,
883,2025-10-29 10:00,14,83.5,1.9,0,976.1,1027.4,49.6,,
883,2025-10-29 11:00,15.9,203.6,1.9,0,975.7,1026.6,44.4,,
883,2025-10-29 12:00,16.4,237,1.8,0,975.3,1026.1,45.4,,
883,2025-10-29 13:00,17.5,202.5,1.6,0,974.5,1025,43.6,,
883,2025-10-29 14:00,16.7,309.3,2.1,0,974.1,1024.8,53.7,,
883,2025-10-29 15:00,17.1,329.3,2.5,0,973.9,1024.5,57.6,,
883,2025-10-29 16:00,16.4,10.2,2,0,973.5,1024.2,62,,
883,2025-10-29 17:00,14.1,63.6,3.1,0,973.6,1024.8,66.2,,
883,2025-10-29 18:00,11.6,111.5,3.5,0,973.6,1025.3,75.7,,
883,2025-10-29 19:00,9.8,111.9,2.8,0,973.8,1025.8,71.7,,
883,2025-10-29 20:00,9.1,110.8,2.9,0,974.5,1026.7,81.4,,
883,2025-10-29 21:00,11.1,82,3.2,0,974.2,1026,71.2,,
883,2025-10-29 22:00,7.8,108.9,2.8,0,973.9,1026.3,80.7,,
883,2025-10-29 23:00,10.2,123.4,2.4,0,974.7,1026.7,69.7,,
883,2025-10-30 00:00,8.1,98.1,2.7,0,973.8,1026,78.5,,
883,2025-10-30 01:00,10.5,154.4,3.1,0,973.5,1025.4,67.9,,
883,2025-10-30 02:00,9.2,101.8,3.6,0,973.3,1025.4,75,,
883,2025-10-30 03:00,8.7,0,.3,0,973.1,1025.3,77.9,,
883,2025-10-30 04:00,10.7,168.7,3.3,0,973.1,1024.9,74.3,,
883,2025-10-30 05:00,9.7,113,3.1,0,973.2,1025.2,77.6,,
883,2025-10-30 06:00,10.7,118.4,2.9,0,973.1,1024.9,81.6,,
883,2025-10-30 07:00,8.8,104,3.2,0,973.3,1025.5,83.6,,
883,2025-10-30 08:00,11.2,98.2,3,0,973.7,1025.5,77.1,,
883,2025-10-30 09:00,15.5,66.6,3.5,0,973.6,1024.5,63.4,,
883,2025-10-30 10:00,16.6,79.9,4,0,973.1,1023.7,62.4,,
883,2025-10-30 11:00,16.8,61.5,4.1,0,972.2,1022.7,65.9,,
883,2025-10-30 12:00,18,39.6,4.1,0,971.8,1022.1,55.8,,
883,2025-10-30 13:00,18,35.7,4.4,0,971.7,1022,61.4,,
883,2025-10-30 14:00,16.6,50.4,3.8,0,971.1,1021.6,66.9,,
883,2025-10-30 15:00,15.5,51.4,4.1,0,971.1,1021.9,72.5,,
883,2025-10-30 16:00,15,68.2,4.4,0,971.3,1022.2,74.8,,
883,2025-10-30 17:00,14.3,90.8,2.9,0,970.9,1021.9,80.1,,
883,2025-10-30 18:00,13.8,105.3,3,0,970.9,1022,80.8,,
883,2025-10-30 19:00,13.4,108,2.6,0,970.6,1021.8,78.8,,
883,2025-10-30 20:00,13.5,106.4,3.5,0,970.4,1021.5,75.7,,
883,2025-10-30 21:00,13.7,100.7,4.1,0,970.5,1021.6,71.5,,
883,2025-10-30 22:00,13.1,129.1,1.8,0,970.7,1021.9,76.1,,
883,2025-10-30 23:00,12.7,90.4,.9,0,970.4,1021.7,77.7,,
883,2025-10-31 00:00,12.4,89.3,1.6,0,969.8,1020.9,80.5,-9.97,17.9
883,2025-10-31 01:00,12.7,101.4,2.7,0,969.1,1020.3,79.7,,
883,2025-10-31 02:00,13.2,106.7,2,0,968.7,1019.8,74,,
883,2025-10-31 03:00,12.6,149.8,1.8,0,968.2,1019.4,81.2,,
883,2025-10-31 04:00,13.9,163.9,2.8,0,967.5,1018.4,70.7,,
883,2025-10-31 05:00,12.8,112.8,3.1,0,966.8,1017.9,75.5,,
883,2025-10-31 06:00,11.9,135.8,.8,0,966.7,1017.9,81.3,,
883,2025-10-31 07:00,13.2,109.6,3.3,0,966.7,1017.7,77,,
883,2025-10-31 08:00,13.6,114.4,2.7,0,966.5,1017.4,81.3,,
883,2025-10-31 09:00,17.3,0,.1,0,966.8,1017,73.4,,
883,2025-10-31 10:00,18,39.5,3.7,0,966.4,1016.4,74,,
883,2025-10-31 11:00,17.3,29.7,4.4,0,965.8,1015.9,75.5,,
883,2025-10-31 12:00,19.4,28.7,3.9,0,965.1,1014.8,72.6,,
883,2025-10-31 13:00,18,23.7,4.1,0,964.5,1014.4,71.6,,
883,2025-10-31 14:00,16.8,27.9,4.6,0,964.3,1014.4,77.2,,
883,2025-10-31 15:00,15.9,29.2,4,0,964.1,1014.4,75.8,,
883,2025-10-31 16:00,15.9,32.1,5,0,963.7,1014,58.6,,
883,2025-10-31 17:00,13.7,26.2,5.5,0,963.8,1014.5,69.8,,
883,2025-10-31 18:00,11.5,31.5,3,0,964.1,1015.3,77.8,,
883,2025-10-31 19:00,10.9,30.6,2.6,0,965.1,1016.5,78.7,,
883,2025-10-31 20:00,11.2,38.3,2.6,0,965.1,1016.4,72.7,,
883,2025-10-31 21:00,11.8,42.3,1.4,0,964.7,1015.9,75.2,,
883,2025-10-31 22:00,11.6,32.1,1.6,0,964.4,1015.6,78.4,,
883,2025-10-31 23:00,12.8,29.1,2.9,0,964,1014.9,85,,
883,2025-11-01 00:00,13.3,26.3,4.2,0,963.5,1014.3,85.3,,
883,2025-11-01 01:00,13.7,273.8,3.1,0,963.3,1014,86.2,,
883,2025-11-01 02:00,12.8,35.5,4,0,963.6,1014.5,85.1,,
883,2025-11-01 03:00,13.6,271.4,4.6,0,963.4,1014.1,80.2,,
883,2025-11-01 04:00,13,30.3,5,0,963.7,1014.6,82.8,,
883,2025-11-01 05:00,12.9,31,5.6,0,963.8,1014.7,83.1,,
883,2025-11-01 06:00,12.2,39.4,5.8,0,964,1015,72.8,,
883,2025-11-01 07:00,12,34,6,0,964.6,1015.7,76.1,,
883,2025-11-01 08:00,12.4,31.5,6.2,0,965.2,1016.3,68.7,,
883,2025-11-01 09:00,14,35,6.8,0,965.8,1016.6,69.8,,
883,2025-11-01 10:00,13.9,18.9,6.1,0,965.8,1016.6,68.4,,
883,2025-11-01 11:00,15.1,39.9,4.8,0,965.8,1016.4,68.5,,
883,2025-11-01 12:00,15.5,18.4,4.6,0,965.2,1015.6,69.3,,
883,2025-11-01 13:00,15.2,312.8,4.5,0,964.7,1015.2,65.6,,
883,2025-11-01 14:00,14.7,28.8,4.5,0,964.4,1015,70.1,,
883,2025-11-01 15:00,14.4,64.6,3.9,0,964.3,1014.9,68.7,,
883,2025-11-01 16:00,14.1,38.5,4.4,0,964.3,1015,71.6,,
883,2025-11-01 17:00,13.5,47.7,3.8,0,964.8,1015.6,73.6,,
883,2025-11-01 18:00,12.8,52.2,3.1,0,965.1,1016.1,70.4,,
883,2025-11-01 19:00,12.2,65.9,2.1,0,965.9,1017,69.5,,
883,2025-11-01 20:00,11.6,32.8,3.2,0,966.4,1017.7,76.2,,
883,2025-11-01 21:00,11,19.2,2.2,0,966.6,1018,79.7,,
883,2025-11-01 22:00,12.5,53.4,2.4,0,967.1,1018.2,73.1,,
883,2025-11-01 23:00,12.1,323.4,1.1,0,967.5,1018.7,71.9,,
883,2025-11-02 00:00,12.2,279.4,2.2,0,967.4,1018.6,74,,
883,2025-11-02 01:00,11.7,46.6,1.3,0,967.1,1018.4,77.6,,
883,2025-11-02 02:00,11.8,0,.2,0,967,1018.3,78.2,,
883,2025-11-02 03:00,12.2,288.9,2.4,0,966.9,1018.1,76.2,,
883,2025-11-02 04:00,12.9,296.8,3,0,966.8,1017.9,74.7,,
883,2025-11-02 05:00,12.5,282.8,1.1,0,966.6,1017.7,78.6,,
883,2025-11-02 06:00,13.1,295.7,2.3,0,966.7,1017.7,81.4,,
883,2025-11-02 07:00,13.8,315.4,4.4,0,967,1017.9,80,,
883,2025-11-02 08:00,14,53.5,2.3,0,967.7,1018.6,77.1,,
883,2025-11-02 09:00,14.8,30.5,4.2,0,968.6,1019.4,77.4,,
883,2025-11-02 10:00,15,30.9,5.3,0,968.9,1019.6,64.7,,
883,2025-11-02 11:00,15.4,27.7,7,0,969,1019.7,54.3,,
883,2025-11-02 12:00,15,10.4,6.8,0,968.8,1019.5,57.5,,
883,2025-11-02 13:00,14.8,24.4,7,0,968.5,1019.3,61.9,,
883,2025-11-02 14:00,13.7,34.5,7.3,0,968.2,1019.2,65.7,,
883,2025-11-02 15:00,12.2,10.8,7.7,0,968.3,1019.6,71.1,,
883,2025-11-02 16:00,11.4,31.3,8.1,0,968.5,1019.9,71.2,,
883,2025-11-02 17:00,10.4,31.6,8.4,0,969.2,1020.9,71.5,,
883,2025-11-02 18:00,9.3,32.5,8.6,0,969.6,1021.5,73.7,,
883,2025-11-02 19:00,8.7,31.4,7.2,0,970.3,1022.4,73.7,,
883,2025-11-02 20:00,8.7,32.2,7.9,0,970.8,1022.9,72.2,,
883,2025-11-02 21:00,8.4,34,7.9,0,971,1023.2,72.7,,
883,2025-11-02 22:00,8.7,31.7,8.3,0,971.6,1023.7,73.6,,
883,2025-11-02 23:00,8.4,34.3,7.6,0,972,1024.2,73.7,,
883,2025-11-03 00:00,8,29.7,7.3,0,972.4,1024.7,73.7,,
883,2025-11-03 01:00,8.2,29.5,7.6,0,972.2,1024.5,75.4,,
883,2025-11-03 02:00,8.2,31.2,8.2,0,972.3,1024.6,75.7,,
883,2025-11-03 03:00,8.1,32.7,7.8,0,972.6,1024.9,75.2,,
883,2025-11-03 04:00,7.9,27.7,7.5,0,972.6,1025,75,,
883,2025-11-03 05:00,7.3,27.9,6.4,0,973.1,1025.6,77.4,,
883,2025-11-03 06:00,7,41,5,0,973.2,1025.8,75.5,,
883,2025-11-03 07:00,7.3,30.3,6,0,973.6,1026.1,79.3,,
883,2025-11-03 08:00,7,47.2,4.6,0,974.3,1026.9,78.7,,
883,2025-11-03 09:00,8,48.8,5,0,975.3,1027.8,74.1,,
883,2025-11-03 10:00,8.6,48.8,6.1,0,975.5,1027.9,68.7,,
883,2025-11-03 11:00,10.5,39.9,5.4,0,975.2,1027.2,62.3,,
883,2025-11-03 12:00,11.8,29,5.4,0,974.8,1026.5,60.7,,
883,2025-11-03 13:00,12.6,31.1,5.6,0,974.1,1025.6,60.8,,
883,2025-11-03 14:00,12.2,36.4,5.1,0,973.6,1025.1,60,,
883,2025-11-03 15:00,13.3,31.4,5,0,973.2,1024.5,57.2,,
883,2025-11-03 16:00,12.1,18.5,4.4,0,973.5,1025.1,63.1,,
883,2025-11-03 17:00,10.1,.7,2,0,973.7,1025.7,74.2,,
883,2025-11-03 18:00,7.9,104.5,2,0,973.6,1026,82.1,,
883,2025-11-03 19:00,6.8,101.1,2.7,0,973.8,1026.4,85,,
883,2025-11-03 20:00,5.7,118.7,1.8,0,974.6,1027.5,87,,
883,2025-11-03 21:00,6.3,97.9,2.3,0,974.6,1027.4,81.5,,
883,2025-11-03 22:00,7.3,98,3.1,0,974.5,1027.1,81.5,,
883,2025-11-03 23:00,6.7,97,1,0,974.5,1027.2,82,,
883,2025-11-04 00:00,8.3,90,3,0,974.2,1026.6,76.7,,
883,2025-11-04 01:00,9.1,94.2,3,0,973.7,1025.9,88.1,,
883,2025-11-04 02:00,9.8,81.1,2.9,0,974,1026.1,89.7,,
883,2025-11-04 03:00,10.4,74.6,3.2,0,973.5,1025.4,90.3,,
883,2025-11-04 04:00,10.6,75,3.4,0,973,1024.8,90.2,,
883,2025-11-04 05:00,10.6,65.4,2.8,0,973.1,1024.9,92.4,,
883,2025-11-04 06:00,10.3,58.7,2.9,0,973,1024.9,94.2,,
883,2025-11-04 07:00,10.9,53.7,2.8,0,973.3,1025.1,93.9,,
883,2025-11-04 08:00,11.4,54,1.4,0,973.6,1025.3,91.3,,
883,2025-11-04 09:00,12.9,72.1,2.8,0,974,1025.4,86.2,,
883,2025-11-04 10:00,14.8,61.7,3.1,0,974.1,1025.2,79.1,,
883,2025-11-04 11:00,15.7,44.9,3.7,0,974,1024.9,76.2,,
883,2025-11-04 12:00,16.4,31.6,4.3,0,973.7,1024.4,75.9,,
883,2025-11-04 13:00,16.9,36.4,4.1,0,972.9,1023.5,77.7,,
883,2025-11-04 14:00,16.1,42.2,3.8,0,972,1022.7,79.1,,
883,2025-11-04 15:00,15.4,37.5,3,0,972.2,1023,82.4,,
883,2025-11-04 16:00,14.9,47.7,2.6,0,972.1,1023,85.3,,
883,2025-11-04 17:00,14.5,88,2.3,0,972.3,1023.3,83.8,,
883,2025-11-04 18:00,12.6,92.5,3,0,971.9,1023.3,88,,
883,2025-11-04 19:00,12,110,3.7,0,972.4,1023.9,82.9,,
883,2025-11-04 20:00,10.1,91.1,2.3,0,972.3,1024.2,86.3,,
883,2025-11-04 21:00,10.4,137.3,1.6,0,972.6,1024.5,90.3,,
883,2025-11-04 22:00,10.3,100.4,1.8,0,972.4,1024.3,88.2,,
883,2025-11-04 23:00,9.5,101.6,2.3,0,972.2,1024.2,89.1,,
883,2025-11-05 00:00,9.5,99.9,2.6,0,972,1024,87.5,,
883,2025-11-05 01:00,10,102.8,3,0,971.8,1023.7,84.3,,
883,2025-11-05 02:00,11.1,101.6,3.7,0,971.6,1023.3,78.3,,
883,2025-11-05 03:00,11.1,105,3.4,0,971.1,1022.7,74,,
883,2025-11-05 04:00,11.1,106,3.6,0,970.9,1022.5,72.2,,
883,2025-11-05 05:00,10.3,92.4,2.8,0,970.5,1022.3,75.9,,
883,2025-11-05 06:00,9.5,89.7,2.7,0,970.4,1022.3,70.3,,
883,2025-11-05 07:00,11.7,93.1,4,0,970.7,1022.2,53.4,,
883,2025-11-05 08:00,12.9,77.1,4.9,0,970.7,1022,75.1,,
883,2025-11-05 09:00,15.7,128.8,3.9,0,971.3,1022,52.8,,
883,2025-11-05 10:00,16.4,60.1,3.6,0,971.1,1021.7,66,,
883,2025-11-05 11:00,18.1,44.3,4.7,0,970.7,1020.9,62.6,,
883,2025-11-05 12:00,19.4,76,3,0,970.4,1020.3,50.1,,
883,2025-11-05 13:00,19.3,287.3,1.5,0,969.8,1019.7,52.5,,
883,2025-11-05 14:00,18.4,52,4.5,0,968.9,1019,63,,
883,2025-11-05 15:00,19.1,29.6,4.2,0,968.4,1018.3,58.6,,
883,2025-11-05 16:00,17.6,60.1,3.9,0,968.2,1018.4,66.7,,
883,2025-11-05 17:00,15.7,66.7,2.8,0,968.6,1019.2,71.9,,
883,2025-11-05 18:00,13.2,109.2,3.7,0,968.9,1020,78.5,,
883,2025-11-05 19:00,12.3,103,3.1,0,969.5,1020.8,80.9,,
883,2025-11-05 20:00,11.6,99.6,3.4,0,969.7,1021.2,77.2,,
883,2025-11-05 21:00,12.2,115.1,4.5,0,970,1021.4,73.2,,
883,2025-11-05 22:00,13.5,104.2,5,0,970.3,1021.4,67.1,,
883,2025-11-05 23:00,13.4,145.6,3.8,0,970.2,1021.3,58.6,,
883,2025-11-06 00:00,10.7,104.8,3.1,0,969.8,1021.4,82.1,,
883,2025-11-06 01:00,11.6,99.1,5.1,0,969.4,1020.8,64.5,,
883,2025-11-06 02:00,11.6,103.3,4.6,0,969.7,1021.2,73.4,,
883,2025-11-06 03:00,12.3,101.2,3.4,0,969.8,1021.1,76,,
883,2025-11-06 04:00,12.4,59.8,2.7,0,969.9,1021.2,84.6,,
883,2025-11-06 05:00,13.2,68.8,4,0,969.7,1020.8,76.9,,
883,2025-11-06 06:00,12.1,104.3,2.7,0,970.3,1021.7,59.9,,
883,2025-11-06 07:00,11.1,89.2,3.5,0,970.6,1022.2,66.8,,
883,2025-11-06 08:00,13.4,54,3.1,0,970.8,1022,64.9,,
883,2025-11-06 09:00,15.7,70.3,4.3,0,971.3,1022,58.1,,
883,2025-11-06 10:00,16.8,61,5.1,0,972,1022.5,41.5,,
883,2025-11-06 11:00,18.1,57,5.1,0,971.6,1021.9,37.4,,
883,2025-11-06 12:00,18.9,51.3,5.3,0,971.2,1021.3,31.6,,
883,2025-11-06 13:00,18.6,53.2,5.1,0,970.4,1020.5,46.9,,
883,2025-11-06 14:00,18.4,43.5,5,0,969.6,1019.7,52.3,,
883,2025-11-06 15:00,17.7,42.5,5.7,0,969.5,1019.7,61.4,,
883,2025-11-06 16:00,17.1,53.9,4.7,0,969.5,1019.8,61.6,,
883,2025-11-06 17:00,15.1,51.9,2,0,970.3,1021.1,69.5,,
883,2025-11-06 18:00,14,71.6,3.5,0,970,1021,61.3,,
883,2025-11-06 19:00,13,67.7,3.4,0,970.2,1021.4,50.1,,
883,2025-11-06 20:00,13.1,121.5,.6,0,970.5,1021.7,66.6,,
883,2025-11-06 21:00,12.5,87.8,1.5,0,970.5,1021.8,70.5,,
883,2025-11-06 22:00,12.9,163.1,3.2,0,971.1,1022.4,67.4,,
883,2025-11-06 23:00,11.1,90.3,.7,0,970.9,1022.5,73.2,,
883,2025-11-07 00:00,10.9,111.7,2.3,0,970.8,1022.5,77,,
883,2025-11-07 01:00,11,109.9,1.2,0,971.1,1022.8,77.9,,
883,2025-11-07 02:00,12.4,89.1,3.7,0,970.9,1022.3,73.8,,
883,2025-11-07 03:00,13.6,106,3.2,0,970.6,1021.7,70.6,,
883,2025-11-07 04:00,13.8,108.9,5.7,0,970.8,1021.9,63.9,,
883,2025-11-07 05:00,11.7,113.8,1.8,0,971,1022.5,77.3,,
883,2025-11-07 06:00,11.8,108.7,2.9,0,971.1,1022.6,70.4,,
883,2025-11-07 07:00,10.9,103.4,3.5,0,971.5,1023.2,82.2,,
883,2025-11-07 08:00,12.3,97.7,2.5,0,972.1,1023.5,77.5,,
883,2025-11-07 09:00,17.6,103.5,2.3,0,972.4,1022.8,58.7,,
883,2025-11-07 10:00,19.3,269.4,.6,0,972.6,1022.7,46.1,,
883,2025-11-07 11:00,20,308.9,2.8,0,972.3,1022.2,42,,
883,2025-11-07 12:00,21.3,129.5,1.8,0,971.7,1021.3,53.9,,
883,2025-11-07 13:00,20.9,223.2,1.6,0,970.8,1020.5,50.6,,
883,2025-11-07 14:00,20.2,300.3,1.1,0,970.4,1020.2,60.8,,
883,2025-11-07 15:00,20.2,35.4,3.2,0,970.3,1020.1,57.7,,
883,2025-11-07 16:00,20.7,35,2.1,0,970,1019.7,53.5,,
883,2025-11-07 17:00,17.2,18.6,2,0,970.2,1020.6,72.2,,
883,2025-11-07 18:00,13.8,174.9,.8,0,970.3,1021.4,86.3,,
883,2025-11-07 19:00,12.8,67.9,2.6,0,971,1022.3,87.9,,
883,2025-11-07 20:00,12.3,107.4,2.8,0,971.1,1022.5,86.8,,
883,2025-11-07 21:00,12.2,103.7,3.1,0,970.7,1022.1,87.1,,
883,2025-11-07 22:00,11.1,160.8,1.5,0,970.9,1022.5,89.2,,
883,2025-11-07 23:00,11.2,113.9,1.8,0,970.8,1022.4,88.3,,
883,2025-11-08 00:00,10.4,84.7,1.3,0,970.6,1022.3,89.6,,
883,2025-11-08 01:00,11.2,121.8,2.8,0,970,1021.6,86.9,,
883,2025-11-08 02:00,10.3,109.7,2,0,970.3,1022.1,88.7,,
883,2025-11-08 03:00,10,98.6,1.2,0,970,1021.8,91.4,,
883,2025-11-08 04:00,11.2,84.9,3.2,0,969.5,1021,87.1,,
883,2025-11-08 05:00,11.8,113.9,3.2,0,969.5,1020.9,82.3,,
883,2025-11-08 06:00,12,106.3,1.6,0,969.6,1021,84.4,,
883,2025-11-08 07:00,12.8,104.2,3.1,0,969.9,1021.1,78.7,,
883,2025-11-08 08:00,14.2,116.4,.8,0,970.4,1021.4,79.1,,
883,2025-11-08 09:00,15.8,108.5,.5,0,970.5,1021.2,77.9,,
883,2025-11-08 10:00,14.6,0,0,0,970.6,1021.5,88,,
883,2025-11-08 11:00,15.5,0,0,0,969.7,1020.4,88.8,,
883,2025-11-08 12:00,18,154.8,2.6,0,968.7,1018.8,77,,
883,2025-11-08 13:00,17.6,158,5.6,0,967.7,1017.9,80.6,,
883,2025-11-08 14:00,17.1,151.5,4.7,0,966.8,1017,89.3,,
883,2025-11-08 15:00,16.1,59.1,2.2,1,966.3,1016.7,92.4,,
883,2025-11-08 16:00,15.8,43.3,1.7,2.5,965.8,1016.2,96.1,,
883,2025-11-08 17:00,15.8,37.7,2.2,2,965.5,1015.9,96.3,,
883,2025-11-08 18:00,17.4,118.3,4.4,2,965.3,1015.4,92.4,,
883,2025-11-08 19:00,16.6,61.7,.9,1,965.5,1015.7,95.6,,
883,2025-11-08 20:00,16.8,158.9,1.7,3,965.6,1015.8,95.8,,
883,2025-11-08 21:00,16.6,103.9,2.5,4.5,965.1,1015.3,95.9,,
883,2025-11-08 22:00,17,216.2,2.9,1.5,965.2,1015.3,97.2,,
883,2025-11-08 23:00,17.4,241.6,2.6,1,965,1015.1,98.2,,
883,2025-11-09 00:00,15.7,24.3,3.3,1,964.8,1015.2,98.2,,
883,2025-11-09 01:00,15,85.7,4.7,0,964.2,1014.7,97.2,,
883,2025-11-09 02:00,15.3,99.3,3.5,0,963.8,1014.2,95.6,,
883,2025-11-09 03:00,13.9,37.2,4.9,0,964.7,1015.4,97.5,,
883,2025-11-09 04:00,13.7,48.2,4.3,.5,963.9,1014.6,96.9,,
883,2025-11-09 05:00,13.7,58.7,4.4,0,963.9,1014.6,97.3,,
883,2025-11-09 06:00,13.5,64.5,5.4,0,964.5,1015.3,98.3,,
883,2025-11-09 07:00,14.5,36.1,5.2,0,964.7,1015.3,90.7,,
883,2025-11-09 08:00,13.4,26.4,7,0,965.3,1016.2,98.3,,
883,2025-11-09 09:00,13,29.4,7.2,0,966.2,1017.2,98.5,,
883,2025-11-09 10:00,13.1,28.6,8.3,0,966.2,1017.2,95.5,,
883,2025-11-09 11:00,14.8,38.4,6.9,0,965.9,1016.5,82.4,,
883,2025-11-09 12:00,15.8,45.9,5.9,0,965.9,1016.3,79,,
883,2025-11-09 13:00,16.8,42.9,6.2,0,965.3,1015.5,75.9,,
883,2025-11-09 14:00,15.9,31.1,8.2,0,965.1,1015.5,76.9,,
883,2025-11-09 15:00,15,28.4,7.7,0,965.1,1015.6,83.4,,
883,2025-11-09 16:00,14.3,26.8,7.2,0,965.2,1015.9,84.5,,
883,2025-11-09 17:00,13.4,31.3,6.7,0,965.7,1016.6,86.7,,
883,2025-11-09 18:00,12.5,28.5,6.6,0,966.1,1017.2,87,,
883,2025-11-09 19:00,12.2,31.2,6.5,0,965.7,1016.8,84.9,,
883,2025-11-09 20:00,12,38.4,6.4,0,966,1017.2,83.1,,
883,2025-11-09 21:00,11.8,34.6,6.9,0,966.2,1017.4,79.5,,
883,2025-11-09 22:00,11.5,39.1,5.8,0,966.6,1017.9,74.7,,
883,2025-11-09 23:00,11.1,34.5,5.2,0,967.5,1018.9,74.4,,
883,2025-11-10 00:00,10.8,36.5,5.8,0,967,1018.5,75.8,,
883,2025-11-10 01:00,10.7,28.4,6.6,0,967.3,1018.8,77.5,,
883,2025-11-10 02:00,10.8,27.2,6.4,0,967.3,1018.8,85.2,,
883,2025-11-10 03:00,11.2,28.4,6.9,0,966.9,1018.3,84.5,,
883,2025-11-10 04:00,11.3,28.3,8.6,0,967,1018.4,83,,
883,2025-11-10 05:00,10.5,26.2,7.7,0,967.1,1018.6,80.7,,
883,2025-11-10 06:00,10.2,27.4,6.9,0,967.1,1018.7,78,,
883,2025-11-10 07:00,9.9,38,7,0,967.4,1019.1,76.3,,
883,2025-11-10 08:00,9.8,25.6,7.4,0,967.9,1019.6,73.9,,
883,2025-11-10 09:00,10.7,29.2,8.5,0,968.2,1019.8,73.9,,
883,2025-11-10 10:00,11.1,31.1,9.8,0,968,1019.5,66.5,,
883,2025-11-10 11:00,12,32.8,7.9,0,968.3,1019.6,65.4,,
883,2025-11-10 12:00,11.9,33.4,7.9,0,968.3,1019.6,59.3,,
883,2025-11-10 13:00,12,37.8,8.2,0,967.2,1018.4,55.1,,
883,2025-11-10 14:00,12.2,29.2,8.1,0,966.9,1018.1,56.3,,
883,2025-11-10 15:00,11.9,39.1,6.1,0,967.1,1018.4,61.3,,
883,2025-11-10 16:00,11.3,35.4,5.3,0,967.1,1018.5,63.1,,
883,2025-11-10 17:00,10.1,29.6,6.9,0,966.7,1018.3,71.4,,
883,2025-11-10 18:00,8.4,46.8,4.9,0,967,1019,78.7,,
883,2025-11-10 19:00,7.7,55,4.6,0,967.1,1019.2,78.1,,
883,2025-11-10 20:00,7.4,59.8,5.2,0,967.4,1019.6,78.6,,
883,2025-11-10 21:00,6.8,55.7,3.5,0,966.8,1019.1,78.5,,
883,2025-11-10 22:00,6.4,64.9,3.3,0,967.3,1019.7,75.8,,
883,2025-11-10 23:00,5.8,46.4,2.9,0,967.6,1020.1,84.1,,
883,2025-11-11 00:00,6.4,74.6,3.8,0,967.3,1019.7,84.9,,
883,2025-11-11 01:00,6.4,60.6,4.3,0,967,1019.4,86.7,,
883,2025-11-11 02:00,6.6,46,4,0,967.5,1019.8,85.5,,
883,2025-11-11 03:00,6.7,56.7,4.7,0,967.4,1019.7,86,,
883,2025-11-11 04:00,6.8,53.2,4.7,0,967.5,1019.8,85.4,,
883,2025-11-11 05:00,7,44.4,5.1,0,967,1019.2,83.8,,
883,2025-11-11 06:00,7.4,44.2,5,0,967,1019.2,84.2,,
883,2025-11-11 07:00,7.1,67.2,4.5,0,968.1,1020.4,84.7,,
883,2025-11-11 08:00,7.2,35.7,4,0,968.5,1020.8,85.6,,
883,2025-11-11 09:00,8.1,30.3,4.6,0,968.4,1020.5,79.3,,
883,2025-11-11 10:00,12,28.3,4.2,0,968.2,1019.5,53.6,,
883,2025-11-11 11:00,12.8,27,5,0,968.8,1020,62.1,,
883,2025-11-11 12:00,14,24.7,4.3,0,968.7,1019.6,59.3,,
883,2025-11-11 13:00,16.4,17.6,3.5,0,967.8,1018.2,55.5,,
883,2025-11-11 14:00,15.5,15.7,4.7,0,967.5,1018.1,58.1,,
883,2025-11-11 15:00,13.4,29.7,5.4,0,967.6,1018.6,59.9,,
883,2025-11-11 16:00,12.8,30.5,4.8,0,967.8,1018.9,63.4,,
883,2025-11-11 17:00,11.6,27.4,2.5,0,968.2,1019.6,71.7,,
883,2025-11-11 18:00,9.1,99.8,2.9,0,968.4,1020.3,83.4,,
883,2025-11-11 19:00,8.9,101.5,4.6,0,968.5,1020.4,78.3,,
883,2025-11-11 20:00,9.6,95,4.9,0,969.2,1021,45.9,,
883,2025-11-11 21:00,7.6,113.2,.9,0,969.6,1021.9,76.5,,
883,2025-11-11 22:00,7.8,103.1,3.4,0,969.9,1022.1,68.8,,
883,2025-11-11 23:00,7.3,78.6,3,0,970,1022.3,83.2,,
883,2025-11-12 00:00,8.5,100.7,3.2,0,969.4,1021.5,72.9,,
883,2025-11-12 01:00,8.2,84.4,3.8,0,969.4,1021.5,69.9,,
883,2025-11-12 02:00,8.3,91.8,4.6,0,969,1021.1,73.5,,
883,2025-11-12 03:00,7.1,99,2.9,0,969.5,1021.9,72.8,,
883,2025-11-12 04:00,9.6,99.2,4.5,0,968.9,1020.7,71.3,,
883,2025-11-12 05:00,9.8,105.5,3.8,0,969,1020.8,66.3,,
883,2025-11-12 06:00,8.8,115.6,2.3,0,969.6,1021.6,78.6,,
883,2025-11-12 07:00,9.7,112.3,2.9,0,969.6,1021.4,77.1,,
883,2025-11-12 08:00,10.4,133.7,1.9,0,970.2,1021.9,81.4,,
883,2025-11-12 09:00,12.5,102.3,2.4,0,970.4,1021.7,75.9,,
883,2025-11-12 10:00,14.9,33,3.2,0,970.7,1021.6,78.1,,
883,2025-11-12 11:00,15.6,0,0,0,970.5,1021.2,69.9,,
883,2025-11-12 12:00,14.3,58.1,4.4,0,969,1019.9,79,,
883,2025-11-12 13:00,14.1,60.9,4.4,0,968.8,1019.7,80,,
883,2025-11-12 14:00,14.5,100.4,2.9,0,968.1,1018.9,76.1,,
883,2025-11-12 15:00,13.4,64.1,2.9,0,968,1019,85.1,,
883,2025-11-12 16:00,12.9,38.5,4.2,0,967.8,1018.9,85.4,,
883,2025-11-12 17:00,12.3,93.8,4.1,0,968.2,1019.4,79,,
883,2025-11-12 18:00,11.8,73.7,3.5,0,968.2,1019.5,79,,
883,2025-11-12 19:00,11.1,114.2,2.4,0,969.1,1020.6,69.3,,
883,2025-11-12 20:00,11.1,92,2.9,0,969.4,1020.9,77,,
883,2025-11-12 21:00,11.4,107.3,4.5,0,968.7,1020.1,67.3,,
883,2025-11-12 22:00,11.7,98.2,3.6,0,969.3,1020.7,57.5,,
883,2025-11-12 23:00,10.3,81,1.9,0,969.3,1021,71.5,,
883,2025-11-13 00:00,10.7,74.8,2.5,0,969,1020.6,67.1,,
883,2025-11-13 01:00,11.2,98.6,3,0,968.4,1019.9,58,,
883,2025-11-13 02:00,10.5,94.2,2.5,0,968.3,1019.9,63.3,,
883,2025-11-13 03:00,9.5,42.7,2.3,0,968.2,1020,70.5,,
883,2025-11-13 04:00,10.1,92.3,2,0,968,1019.7,79.3,,
883,2025-11-13 05:00,10,59,2.8,0,967.8,1019.5,78.9,,
883,2025-11-13 06:00,10.7,49,2.7,0,967.9,1019.4,89.3,,
883,2025-11-13 07:00,10.5,66.5,2.1,0,968.1,1019.7,86.7,,
883,2025-11-13 08:00,10.7,47.5,3.8,0,968.4,1020,77.6,,
883,2025-11-13 09:00,11.5,45.6,4.5,0,968.8,1020.2,65.9,,
883,2025-11-13 10:00,12.4,43.4,6,0,968.2,1019.4,58.4,,
883,2025-11-13 11:00,13.9,54.2,5.7,0,967.8,1018.7,36.5,,
883,2025-11-13 12:00,14.9,48.6,5.6,0,967.1,1017.8,35.1,,
883,2025-11-13 13:00,17.3,53.9,4.8,0,966.8,1017,27.7,,
883,2025-11-13 14:00,16.7,37.1,6.4,0,965.9,1016.1,42.2,,
883,2025-11-13 15:00,15.5,32.3,6.2,0,965.6,1016.1,54.7,,
883,2025-11-13 16:00,14.1,30.6,6.4,0,965.7,1016.5,58.6,,
883,2025-11-13 17:00,12.1,34.8,4.1,0,966.3,1017.5,72.7,,
883,2025-11-13 18:00,10.7,44.2,3.4,0,966.6,1018.1,81.9,,
883,2025-11-13 19:00,10.9,47.4,4.3,0,966.9,1018.4,86.5,,
883,2025-11-13 20:00,11.2,44.1,4.1,0,967.1,1018.5,88.3,,
883,2025-11-13 21:00,11,34.2,4.5,0,967.1,1018.5,90.6,,
883,2025-11-13 22:00,10.6,39.2,5,0,967.1,1018.6,89.2,,
883,2025-11-13 23:00,10.3,43.7,5.5,0,966.9,1018.5,84,,
883,2025-11-14 00:00,9.9,38.8,5.3,0,966.8,1018.4,76.6,,
883,2025-11-14 01:00,9.2,41.1,4.5,0,966.9,1018.7,82.2,,
883,2025-11-14 02:00,8.8,38.9,4.9,0,966.8,1018.7,83.2,,
883,2025-11-14 03:00,9.1,44.6,4.8,0,966.8,1018.6,86.5,,
883,2025-11-14 04:00,8.4,43.2,4.4,0,966.6,1018.5,86.6,,
883,2025-11-14 05:00,8.4,40.5,5.2,0,966.5,1018.4,88.3,,
883,2025-11-14 06:00,8.3,40.5,6.2,0,967,1019,86,,
883,2025-11-14 07:00,8.1,42.2,5.4,0,967.6,1019.6,82.8,,
883,2025-11-14 08:00,8.3,39.4,4.9,0,968.1,1020.1,82.6,,
883,2025-11-14 09:00,10,32.4,6.9,0,968.7,1020.4,76.7,,
883,2025-11-14 10:00,11.1,33.2,6.6,0,968.9,1020.4,71.6,,
883,2025-11-14 11:00,11.9,44.8,6,0,968.9,1020.3,69.4,,
883,2025-11-14 12:00,13.2,35.2,6.3,0,968.8,1019.9,67.6,,
883,2025-11-14 13:00,13.1,33.5,5.6,0,968.8,1019.9,60.7,,
883,2025-11-14 14:00,13.8,23.6,5.4,0,969.2,1020.2,61.5,,
883,2025-11-14 15:00,12.7,28.9,7.1,0,969,1020.2,64.9,,
883,2025-11-14 16:00,11.4,32.1,7.5,0,968.8,1020.3,71.8,,
883,2025-11-14 17:00,10.2,30.9,6.9,0,968.8,1020.5,78.3,,
883,2025-11-14 18:00,8.8,44,4.4,0,968.8,1020.8,84.3,,
883,2025-11-14 19:00,8.8,53.8,4.1,0,969.7,1021.7,84,,
883,2025-11-14 20:00,8.7,45.2,4.1,0,969.8,1021.8,84.2,,
883,2025-11-14 21:00,8.6,47.9,3.9,0,970.2,1022.3,84.3,,
883,2025-11-14 22:00,8.3,54.3,3.6,0,970.7,1022.9,85.2,,
883,2025-11-14 23:00,8.1,43.2,3.9,0,970.8,1023,86.7,,
883,2025-11-15 00:00,8.1,42.9,4.1,0,971,1023.2,86.8,,
883,2025-11-15 01:00,7.8,37.6,4,0,971.2,1023.5,87.1,,
883,2025-11-15 02:00,7.4,69.9,3.9,0,971.5,1023.9,88.6,,
883,2025-11-15 03:00,7.5,59.9,3.7,0,972,1024.4,88.9,,
883,2025-11-15 04:00,7.5,47.9,3.6,0,972.4,1024.8,89.1,,
883,2025-11-15 05:00,7.6,52.2,3.5,0,972,1024.4,85.8,,
883,2025-11-15 06:00,7.6,46.3,4.2,0,972.5,1024.9,87.1,,
883,2025-11-15 07:00,7.5,55.8,4,0,973,1025.5,85.9,,
883,2025-11-15 08:00,8.2,70.5,2.4,0,973.1,1025.4,45.3,,
883,2025-11-15 09:00,11.5,71.7,4.4,0,973.2,1024.9,25.5,,
883,2025-11-15 10:00,13.7,57.8,4.1,0,973.4,1024.6,22.3,,
883,2025-11-15 11:00,17.3,31.3,3.3,0,973.5,1024,26.5,,
883,2025-11-15 12:00,17.6,332.2,1.6,0,973.3,1023.7,35.2,,
883,2025-11-15 13:00,17.8,324.4,2.7,0,973.2,1023.6,40.9,,
883,2025-11-15 14:00,18.2,231.3,2.2,0,972.9,1023.2,54.2,,
883,2025-11-15 15:00,17.2,242.8,2.4,0,973,1023.5,59.3,,
883,2025-11-15 16:00,15,220.5,1.9,0,973.3,1024.3,73,,
883,2025-11-15 17:00,13.9,235.9,.9,0,973.8,1025,76.6,,
883,2025-11-15 18:00,11.1,0,0,0,974,1025.8,85.6,,
883,2025-11-15 19:00,9,104.3,2.2,0,974.5,1026.7,90.1,,
883,2025-11-15 20:00,8.8,110.2,2.3,0,974.7,1027,91.1,,
883,2025-11-15 21:00,7.9,101.6,2.5,0,974.8,1027.3,93.4,,
883,2025-11-15 22:00,7.6,114.1,2.2,0,975,1027.5,91.6,,
883,2025-11-15 23:00,6.8,98.1,2.7,0,975.1,1027.8,93.3,,
883,2025-11-16 00:00,6.2,107.8,3.3,0,974.3,1027.1,90.2,,
883,2025-11-16 01:00,7.8,89,3.8,0,974.3,1026.8,76.2,,
883,2025-11-16 02:00,6.2,92.5,2.6,0,974.5,1027.3,81.1,,
883,2025-11-16 03:00,7.6,85.9,3.4,0,974.6,1027.1,76.4,,
883,2025-11-16 04:00,6.2,102.2,3.3,0,974.4,1027.2,83.2,,
883,2025-11-16 05:00,6.5,103.7,3.6,0,974.1,1026.8,82.6,,
883,2025-11-16 06:00,9,98,3.5,0,974.2,1026.4,73.9,,
883,2025-11-16 07:00,7.8,104.6,3,0,974.4,1026.9,78.9,,
883,2025-11-16 08:00,9.7,109.1,3,0,974.8,1026.9,75.9,,
883,2025-11-16 09:00,14.7,0,.1,0,975.1,1026.2,70.2,,
883,2025-11-16 10:00,15.5,319.9,1.9,0,975.5,1026.5,64.2,,
883,2025-11-16 11:00,16.5,218.4,2.6,0,975.1,1025.9,67.9,,
883,2025-11-16 12:00,18.4,199.5,2.2,0,974.3,1024.6,59.9,,
883,2025-11-16 13:00,19.3,231.2,2,0,973.6,1023.7,56.2,,
883,2025-11-16 14:00,18.6,283.7,1.7,0,973.2,1023.4,49.7,,
883,2025-11-16 15:00,18,326.9,3.3,0,973.4,1023.8,71.5,,
883,2025-11-16 16:00,17.6,27.1,2.9,0,973.4,1023.8,74.8,,
883,2025-11-16 17:00,14.8,20.5,1.8,0,973.3,1024.3,84.7,,
883,2025-11-16 18:00,12.6,38.8,1.6,0,973.7,1025.2,93,,
883,2025-11-16 19:00,11.9,71.5,1.6,0,974.2,1025.8,92.6,,
883,2025-11-16 20:00,11.8,91,2.7,0,974.2,1025.9,91.8,,
883,2025-11-16 21:00,11.6,77.9,3.1,0,974.2,1025.9,92.5,,
883,2025-11-16 22:00,10.8,92.6,3.1,0,974.3,1026.2,91.9,,
883,2025-11-16 23:00,10.7,91.3,3.1,0,974.5,1026.4,93.1,,
883,2025-11-17 00:00,11.7,58.8,2.9,0,974.1,1025.8,94.7,,
883,2025-11-17 01:00,11.5,46.4,2.5,0,974.3,1026,93.7,,
883,2025-11-17 02:00,11,44.9,3,0,974.1,1025.9,91.6,,
883,2025-11-17 03:00,10.6,46.2,3.5,0,974,1025.9,93.3,,
883,2025-11-17 04:00,10.7,61.6,3.6,0,974.2,1026.1,92.3,,
883,2025-11-17 05:00,11.6,29.1,6.4,0,974,1025.7,93.5,,
883,2025-11-17 06:00,10.4,27.2,8.4,0,974.2,1026.1,92.8,,
883,2025-11-17 07:00,9.7,34.7,6.7,0,974.4,1026.5,89.2,,
883,2025-11-17 08:00,9.2,33.2,7.4,0,974.1,1026.3,87.1,,
883,2025-11-17 09:00,9.6,28.3,9.3,0,974.8,1026.9,83.7,,
883,2025-11-17 10:00,9.9,31.3,9.1,0,975,1027.1,75.2,,
883,2025-11-17 11:00,8.8,34.7,8.4,0,974.7,1027,80.5,,
883,2025-11-17 12:00,8,29,10.8,0,974.6,1027,78.7,,
883,2025-11-17 13:00,7.8,30.3,10,0,973.8,1026.2,78.2,,
883,2025-11-17 14:00,7.7,27.9,9.9,0,973.4,1025.8,75.6,,
883,2025-11-17 15:00,7.3,25.6,10.6,0,973.7,1026.2,77.5,,
883,2025-11-17 16:00,6.8,27.3,10.1,0,973.5,1026.1,78.3,,
883,2025-11-17 17:00,6.2,28.8,10.2,0,974,1026.8,77.4,,
883,2025-11-17 18:00,5.9,29.3,10.8,0,973.9,1026.7,78.1,,
883,2025-11-17 19:00,5.5,29.5,10.5,0,974.3,1027.2,78.3,,
883,2025-11-17 20:00,5.4,34.6,9.8,0,974.1,1027,79.2,,
883,2025-11-17 21:00,5.3,27.9,11.6,0,974.1,1027.1,73.4,,
883,2025-11-17 22:00,4.9,29.3,11.1,0,974.2,1027.3,75.6,,
883,2025-11-17 23:00,4.6,27.3,10.8,0,974.2,1027.3,74.8,,
883,2025-11-18 00:00,5,27.4,10.5,0,974.2,1027.2,75.2,,
883,2025-11-18 01:00,5.3,25.9,10.6,0,974.1,1027.1,74.9,,
883,2025-11-18 02:00,5.5,26.1,9.9,0,973.9,1026.8,74.3,,
883,2025-11-18 03:00,5.7,35,8.6,0,973.8,1026.7,72.9,,
883,2025-11-18 04:00,5.8,31.3,8.8,0,973.8,1026.6,74.3,,
883,2025-11-18 05:00,5.7,31.1,8.1,0,973.2,1026,78.7,,
883,2025-11-18 06:00,4.9,31.6,8,0,973.5,1026.5,86.5,,
883,2025-11-18 07:00,5.3,28.7,7.6,0,974.1,1027.1,82.1,,
883,2025-11-18 08:00,5.5,33.2,6.5,0,974.5,1027.4,79.6,,
883,2025-11-18 09:00,5.1,29.3,7.5,0,975,1028.1,86.2,,
883,2025-11-18 10:00,5.9,32.1,7.7,.5,974.8,1027.7,77.5,,
883,2025-11-18 11:00,7.6,30.9,7.2,0,974.9,1027.4,72.1,,
883,2025-11-18 12:00,6.6,34.8,7.6,0,974,1026.7,72.5,,
883,2025-11-18 13:00,7.1,36.8,5.8,0,973.1,1025.6,69.4,,
883,2025-11-18 14:00,7.2,28,6,0,972.8,1025.3,72.4,,
883,2025-11-18 15:00,5.5,50.5,4.2,0,972.1,1024.9,83.9,,
883,2025-11-18 16:00,6.5,28.6,4.2,0,972.2,1024.8,71.2,,
883,2025-11-18 17:00,5.9,28.5,4.5,0,972.1,1024.8,74.4,,
883,2025-11-18 18:00,6.1,30.5,5.1,0,972.4,1025.1,75.2,,
883,2025-11-18 19:00,6.2,50.7,3.2,0,972.8,1025.5,67.4,,
883,2025-11-18 20:00,6.2,40.7,2.2,0,973.1,1025.8,71.6,,
883,2025-11-18 21:00,4.9,301.5,4.5,.5,973.2,1026.2,88.8,,
883,2025-11-18 22:00,4.9,29.9,4.3,.5,973.3,1026.3,91.8,,
883,2025-11-18 23:00,4.3,59,3.9,0,973.5,1026.6,92.1,,
883,2025-11-19 00:00,3.4,34.1,3.9,3,973.2,1026.5,92.6,,
883,2025-11-19 01:00,4,45.5,3.3,1.5,972.9,1026.1,90,,
883,2025-11-19 02:00,3.9,29.3,3.6,.5,972.9,1026.1,91.9,,
883,2025-11-19 03:00,4.6,35.7,3.5,0,972.6,1025.6,80.9,,
883,2025-11-19 04:00,5,33.7,3.5,0,972.3,1025.2,82,,
883,2025-11-19 05:00,4.8,35,3,.5,971.9,1024.9,87.2,,
883,2025-11-19 06:00,4.9,47.6,4.1,.5,972.3,1025.3,87.9,,
883,2025-11-19 07:00,4.4,58.7,1.6,.5,972.4,1025.5,93.9,,
883,2025-11-19 08:00,4.9,59.2,2.6,1.5,972.9,1025.9,94.3,,
883,2025-11-19 09:00,5.2,53.5,2.9,.5,973.7,1026.7,94.9,,
883,2025-11-19 10:00,7.3,34.8,2.8,0,974,1026.6,87.7,,
883,2025-11-19 11:00,8.6,28.4,4,0,973.6,1025.9,86.3,,
883,2025-11-19 12:00,7.9,29.3,5,0,973.1,1025.5,82.4,,
883,2025-11-19 13:00,6.5,24.8,5.1,0,972.6,1025.2,85.8,,
883,2025-11-19 14:00,7.6,37.9,3.7,1.5,972.1,1024.5,88.9,,
883,2025-11-19 15:00,7.7,31.6,3.3,0,971.6,1023.9,86,,
883,2025-11-19 16:00,6.2,33.4,3.3,.5,971.9,1024.6,93.1,,
883,2025-11-19 17:00,6.2,32.2,3,0,972,1024.7,92.5,,
883,2025-11-19 18:00,6,37.1,3,0,972.2,1024.9,92.9,,
883,2025-11-19 19:00,5.9,51,2.6,0,972.7,1025.5,93.6,,
883,2025-11-19 20:00,6,24.3,2.6,.5,973,1025.8,92.4,,
883,2025-11-19 21:00,5.9,27.3,2.4,0,973.2,1026,94.4,,
883,2025-11-19 22:00,6.1,30.3,2.3,0,973.4,1026.2,94.5,,
883,2025-11-19 23:00,6.2,35,2.6,0,973.3,1026,84.5,,
883,2025-11-20 00:00,5.6,25.7,2.1,0,972.9,1025.7,83.2,,
883,2025-11-20 01:00,6,37,2.6,0,973.2,1026,84.1,,
883,2025-11-20 02:00,6.4,28.6,3.1,0,973.2,1025.9,84.3,,
883,2025-11-20 03:00,6.5,36.7,2.8,0,973.1,1025.8,87.8,,
883,2025-11-20 04:00,6.4,34.3,2.9,0,973,1025.7,88.5,,
883,2025-11-20 05:00,6.1,54,2.7,0,973.3,1026.1,88.4,,
883,2025-11-20 06:00,6.3,53.8,2.9,0,973.2,1025.9,86.9,,
883,2025-11-20 07:00,6.7,53.1,1.7,0,974.1,1026.8,86.1,,
883,2025-11-20 08:00,7.3,52.4,2.1,0,974.4,1027,84,,
883,2025-11-20 09:00,8.4,39.9,2.8,0,974.6,1027,80.3,,
883,2025-11-20 10:00,9.5,26.1,4.1,0,974.6,1026.7,79.1,,
883,2025-11-20 11:00,9.1,29.2,3.7,0,974.4,1026.6,79.8,,
883,2025-11-20 12:00,10,34.9,3.1,0,974.3,1026.3,69.7,,
883,2025-11-20 13:00,9.5,22.7,3.7,0,973.6,1025.7,76.7,,
883,2025-11-20 14:00,9.7,19.3,3,0,973.3,1025.3,76.4,,
883,2025-11-20 15:00,10,25.7,2.4,0,972.9,1024.9,73.4,,
883,2025-11-20 16:00,9.6,26,1.7,0,972.7,1024.7,73.9,,
883,2025-11-20 17:00,9.2,8.6,1,0,972.9,1025,78.2,,
883,2025-11-20 18:00,8.9,293.6,3.1,0,973.3,1025.5,79.5,,
883,2025-11-20 19:00,8.3,298.9,.8,0,973.7,1026,77.6,,
883,2025-11-20 20:00,7.6,39.3,2.1,0,974,1026.5,81.3,,
883,2025-11-20 21:00,7.6,34.8,1.2,0,973.8,1026.3,80.6,,
883,2025-11-20 22:00,7.6,35.7,2,0,973.9,1026.4,79.9,,
883,2025-11-20 23:00,7.5,24.6,2.3,0,973.8,1026.3,83.6,,
883,2025-11-21 00:00,8.3,33.7,2.8,0,973.6,1025.9,81.1,,
883,2025-11-21 01:00,7.9,27.9,2.5,0,973.5,1025.9,83.8,,
883,2025-11-21 02:00,8.2,41.7,1.5,0,973.3,1025.6,83.9,,
883,2025-11-21 03:00,8.4,30.4,2.9,0,973,1025.3,85.5,,
883,2025-11-21 04:00,8.4,35,1.6,0,972.8,1025.1,87.2,,
883,2025-11-21 05:00,8.9,32.7,2.7,0,972.7,1024.9,88.5,,
883,2025-11-21 06:00,8.7,26.7,3.7,0,973.1,1025.3,87.6,,
883,2025-11-21 07:00,7.9,27.2,3.4,0,973.4,1025.8,87.9,,
883,2025-11-21 08:00,7.7,41.4,2.9,0,973.8,1026.3,88.6,,
883,2025-11-21 09:00,9,30.1,4.6,0,974.2,1026.4,83,,
883,2025-11-21 10:00,9.8,27.9,5.7,0,974.2,1026.3,75.9,,
883,2025-11-21 11:00,10.7,29.8,5.7,0,974.4,1026.3,70,,
883,2025-11-21 12:00,11.6,28.1,5.1,0,974.1,1025.8,66.3,,
883,2025-11-21 13:00,11.3,27.2,5.1,0,973.5,1025.2,65.1,,
883,2025-11-21 14:00,11.4,23.1,6,0,973,1024.7,66.6,,
883,2025-11-21 15:00,10.4,19.7,6.2,0,972.8,1024.7,67.4,,
883,2025-11-21 16:00,9.9,30,5.7,0,972.9,1024.9,69.7,,
883,2025-11-21 17:00,8.1,28.3,4.8,0,973.2,1025.6,77.2,,
883,2025-11-21 18:00,6.5,35.7,2.8,0,973.5,1026.2,83.7,,
883,2025-11-21 19:00,6.6,39.8,2.8,0,973.9,1026.6,83,,
883,2025-11-21 20:00,7,55.6,3.1,0,974.1,1026.7,82.8,,
883,2025-11-21 21:00,7.2,38.4,2.8,0,974.2,1026.8,83.5,,
883,2025-11-21 22:00,7.6,49.9,2.7,0,974.5,1027,81.8,,
883,2025-11-21 23:00,6.9,39.9,2.2,0,974.2,1026.8,84.4,,
883,2025-11-22 00:00,6.6,43.2,1.9,0,974.2,1026.9,84.1,,
883,2025-11-22 01:00,6.5,62.2,2.1,0,973.9,1026.6,84.6,,
883,2025-11-22 02:00,7.7,62.8,3.2,0,973.8,1026.3,82.5,,
883,2025-11-22 03:00,6.7,72.1,3,0,973.8,1026.5,84.3,,
883,2025-11-22 04:00,7,71.5,3.8,0,973.4,1026,82.1,,
883,2025-11-22 05:00,6.4,100.2,3,0,973.4,1026.1,85,,
883,2025-11-22 06:00,6.5,102.9,3.1,0,973.8,1026.5,85.4,,
883,2025-11-22 07:00,7.4,87.3,3.1,0,974.3,1026.9,85.2,,
883,2025-11-22 08:00,8.4,74.5,2.6,0,974.6,1027,81.7,,
883,2025-11-22 09:00,9.6,30,3,0,975.1,1027.2,77.1,,
883,2025-11-22 10:00,11.4,29.8,3.3,0,975.1,1026.9,72.5,,
883,2025-11-22 11:00,12.8,36.3,2.8,0,975.1,1026.6,62.9,,
883,2025-11-22 12:00,13.2,17.3,3.4,0,974.6,1026,72.1,,
883,2025-11-22 13:00,13.2,33.1,3.9,0,974,1025.4,71.1,,
883,2025-11-22 14:00,12,37.1,3.5,0,973.5,1025.1,73,,
883,2025-11-22 15:00,12.2,33.2,3.8,0,973.5,1025,70.1,,
883,2025-11-22 16:00,11.4,14.3,3.4,0,973.4,1025.1,71.3,,
883,2025-11-22 17:00,8.7,27.8,2.8,0,973.2,1025.4,78.8,,
883,2025-11-22 18:00,7.2,52.9,2.6,0,973.5,1026,82,,
883,2025-11-22 19:00,6.2,81.2,3.1,0,973.7,1026.5,85.4,,
883,2025-11-22 20:00,6.3,79.6,3.5,0,973.2,1025.9,85.7,,
883,2025-11-22 21:00,5.9,86.3,2.9,0,973,1025.8,86.1,,
883,2025-11-22 22:00,5.8,86.1,3.5,0,973,1025.8,86.1,,
883,2025-11-22 23:00,4.4,95.1,3.1,0,972.9,1026,90.1,,
883,2025-11-23 00:00,3.5,105.9,2.7,0,972.6,1025.9,89.9,,
883,2025-11-23 01:00,3.1,108.7,2.8,0,972.5,1025.8,87.9,,
883,2025-11-23 02:00,3.2,117.8,2.2,0,972.3,1025.6,93.4,,
883,2025-11-23 03:00,2.9,106.3,2.5,0,972.4,1025.8,93.9,,
883,2025-11-23 04:00,3,97.3,2.8,0,972.3,1025.6,94.5,,
883,2025-11-23 05:00,4,97.1,3.5,0,971.8,1024.9,91.1,,
883,2025-11-23 06:00,5.2,117.6,2.8,0,971.8,1024.7,91.3,,
883,2025-11-23 07:00,3.7,115.5,2.3,0,972,1025.2,93.9,,
883,2025-11-23 08:00,4.2,109.9,2.2,0,972.2,1025.3,93.1,,
883,2025-11-23 09:00,10.8,175.5,1.8,0,972.4,1024.2,77.3,,
883,2025-11-23 10:00,12.2,222.1,2.4,0,972.6,1024.1,69,,
883,2025-11-23 11:00,13.9,234.9,2,0,972.4,1023.5,64.4,,
883,2025-11-23 12:00,14.8,232,2.1,0,971.7,1022.6,58.3,,
883,2025-11-23 13:00,15.1,281.3,2.5,0,971.1,1021.9,52.2,,
883,2025-11-23 14:00,14.6,255.2,2.3,0,970.5,1021.4,55.3,,
883,2025-11-23 15:00,15,259.1,2.1,0,970,1020.8,56.6,,
883,2025-11-23 16:00,14.5,220.1,1.8,0,970,1020.9,62,,
883,2025-11-23 17:00,11.5,223.1,2,0,970.2,1021.7,72.2,,
883,2025-11-23 18:00,9.5,156.5,2.7,0,969.9,1021.8,80.1,,
883,2025-11-23 19:00,9.2,165.2,3.1,0,969.7,1021.6,81.2,,
883,2025-11-23 20:00,9.8,176.5,2.7,0,970.4,1022.3,82,,
883,2025-11-23 21:00,9.9,181.8,2.6,0,970.4,1022.2,82.9,,
883,2025-11-23 22:00,9.8,179.1,2.9,0,969.7,1021.5,84,,
883,2025-11-23 23:00,10.2,176.4,3,0,969.5,1021.2,83.8,,
883,2025-11-24 00:00,10.4,180.8,2.9,0,969.4,1021.1,83.9,,
883,2025-11-24 01:00,10.7,182.5,2.4,0,969.8,1021.4,83.4,,
883,2025-11-24 02:00,10.7,203.7,.8,0,969.8,1021.4,84.6,,
883,2025-11-24 03:00,11,161.1,2.3,0,969.2,1020.8,82.7,,
883,2025-11-24 04:00,11.2,158.8,2.4,0,968.9,1020.4,83.8,,
883,2025-11-24 05:00,11.4,170.1,2.3,0,968.6,1020,84.1,,
883,2025-11-24 06:00,11.4,180.2,2,0,968.4,1019.8,85.2,,
883,2025-11-24 07:00,11.2,179,3,0,968.4,1019.9,85.4,,
883,2025-11-24 08:00,12.2,175.5,2.7,0,968.5,1019.8,83,,
883,2025-11-24 09:00,13.2,191.3,1.9,0,968.6,1019.7,82.3,,
883,2025-11-24 10:00,13.2,201.8,2,0,968.5,1019.6,81.8,,
883,2025-11-24 11:00,16.3,250.8,2,0,968.4,1018.9,69.1,,
883,2025-11-24 12:00,16.9,220.9,1.8,0,967.4,1017.7,62.7,,
883,2025-11-24 13:00,16,268.8,1.1,0,966.8,1017.2,68.3,,
883,2025-11-24 14:00,16.9,252.2,2.1,0,966,1016.2,58.2,,
883,2025-11-24 15:00,15.6,263.5,2.8,0,965.9,1016.4,61.7,,
883,2025-11-24 16:00,15,271.3,2.2,0,966,1016.6,61.9,,
883,2025-11-24 17:00,13.1,0,.4,0,966.2,1017.2,68.8,,
883,2025-11-24 18:00,12,0,.3,0,966,1017.2,73.3,,
883,2025-11-24 19:00,11.9,281.5,1.4,0,966.2,1017.4,68.2,,
883,2025-11-24 20:00,11.2,0,.2,0,966.3,1017.7,74.7,,
883,2025-11-24 21:00,11,319.4,.9,0,966.2,1017.6,70.9,,
883,2025-11-24 22:00,10.5,60.7,.8,0,965.6,1017.1,73.9,,
883,2025-11-24 23:00,11.3,306.9,2.2,0,965.7,1017,77.6,,
883,2025-11-25 00:00,11.9,301.1,2.7,0,965.2,1016.4,79.3,,
883,2025-11-25 01:00,10.9,304.8,2,0,965,1016.3,80.7,,
883,2025-11-25 02:00,10.1,335.3,2,0,964.7,1016.2,79,,
883,2025-11-25 03:00,10.2,285.8,2.1,0,964.5,1016,77.6,,
883,2025-11-25 04:00,9.9,275.4,1.3,0,964.1,1015.6,82.5,,
883,2025-11-25 05:00,10.4,270.1,2.4,0,964.2,1015.6,77.8,,
883,2025-11-25 06:00,11.1,295,3.9,0,964.4,1015.7,77.5,,
883,2025-11-25 07:00,10.7,302.8,6.2,0,965.3,1016.7,86,,
883,2025-11-25 08:00,10.2,316.7,4.9,0,965.6,1017.1,77.4,,
883,2025-11-25 09:00,8.8,313.1,5.2,.5,966.3,1018.1,90.3,,
883,2025-11-25 10:00,9.3,316.3,9.8,0,966.9,1018.7,69.9,,
883,2025-11-25 11:00,9.3,311.6,8.7,0,967.2,1019,60.9,,
883,2025-11-25 12:00,9.1,303.1,8.9,0,966.7,1018.5,61,,
883,2025-11-25 13:00,9.4,284.6,8.2,0,966.4,1018.1,56,,
883,2025-11-25 14:00,8.6,82.6,4.1,0,966.5,1018.4,59.7,,
883,2025-11-25 15:00,8,12.8,5.7,0,966.4,1018.4,71,,
883,2025-11-25 16:00,7.6,35.2,6.4,0,966.7,1018.8,72.3,,
883,2025-11-25 17:00,7.2,31.5,5.7,0,967.4,1019.6,65.8,,
883,2025-11-25 18:00,7,20.3,6.2,0,967.8,1020.1,64.2,,
883,2025-11-25 19:00,6.8,37.1,7.2,0,968.4,1020.8,65.4,,
883,2025-11-25 20:00,6.7,32.1,9,0,968.6,1021,67.9,,
883,2025-11-25 21:00,6.3,27.9,8.4,0,968.9,1021.4,62.7,,
883,2025-11-25 22:00,6.4,29.3,8,0,969.4,1021.9,67.5,,
883,2025-11-25 23:00,6.2,25.2,8.3,0,969.9,1022.5,72.8,,
883,2025-11-26 00:00,5.9,27.1,7.4,0,970.2,1022.8,71.2,,
883,2025-11-26 01:00,5.9,25.4,6.8,0,970.5,1023.2,72.6,,
883,2025-11-26 02:00,5.7,28.1,5.3,0,970.7,1023.4,73.8,,
883,2025-11-26 03:00,5.5,36.9,4.8,0,971.2,1024,74.2,,
883,2025-11-26 04:00,5.5,43.6,3.6,0,971.4,1024.2,75.2,,
883,2025-11-26 05:00,5.5,57,3.8,0,971.4,1024.2,75.3,,
883,2025-11-26 06:00,5.4,37.2,3.2,0,971.8,1024.6,76.8,,
883,2025-11-26 07:00,5.5,52.7,2.6,0,972.2,1025,75.6,,
883,2025-11-26 08:00,5.8,59.6,3.4,0,972.6,1025.4,74.5,,
883,2025-11-26 09:00,7.4,47.6,2.6,0,973.2,1025.7,70.3,,
883,2025-11-26 10:00,8.2,27.9,4.1,0,973.8,1026.2,65.1,,
883,2025-11-26 11:00,10,35.3,3,0,973.6,1025.6,63.1,,
883,2025-11-26 12:00,9.8,36.4,3,0,973,1025,62.9,,
883,2025-11-26 13:00,10,32.7,4,0,972.2,1024.1,63.8,,
883,2025-11-26 14:00,9.9,37.3,3.8,0,971.5,1023.4,65.3,,
883,2025-11-26 15:00,9.7,34.1,3.5,0,970.8,1022.7,64.7,,
883,2025-11-26 16:00,8.9,26.1,4.2,0,970.8,1022.9,69.6,,
883,2025-11-26 17:00,6.7,30.1,2.8,0,971.2,1023.7,77.8,,
883,2025-11-26 18:00,5.5,48.2,1.9,0,971.5,1024.3,83.1,,
883,2025-11-26 19:00,4.6,85.9,3.2,0,971.5,1024.5,84.8,,
883,2025-11-26 20:00,4.3,88.7,2.9,0,971.6,1024.6,86.8,,
883,2025-11-26 21:00,3.8,102.1,2.7,0,971.5,1024.6,88.7,,
883,2025-11-26 22:00,3.1,106.1,2.6,0,971.4,1024.7,91.4,,
883,2025-11-26 23:00,2.6,117.9,2.2,0,971.4,1024.8,92.6,,
883,2025-11-27 00:00,4,171.8,2.1,0,970.8,1023.9,94.7,,
883,2025-11-27 01:00,6,177.3,2.6,0,970.6,1023.2,86.2,,
883,2025-11-27 02:00,6.8,178.2,2.3,0,970.1,1022.5,85.2,,
883,2025-11-27 03:00,7.2,173.6,2.8,0,969,1021.3,83.2,,
883,2025-11-27 04:00,7.4,179.7,2.9,0,968,1020.2,84,,
883,2025-11-27 05:00,8.1,190.6,3.3,0,966.8,1018.8,84.6,,
883,2025-11-27 06:00,8.8,210.6,3.6,0,966.3,1018.1,84.3,,
883,2025-11-27 07:00,9.4,226.9,3.7,0,966.7,1018.4,84.7,,
883,2025-11-27 08:00,10.3,244.9,5.5,.5,966.3,1017.8,83.6,,
883,2025-11-27 09:00,10.9,249.6,4.8,0,966.3,1017.7,69,,
883,2025-11-27 10:00,12.7,259.1,4.6,0,966,1017,65.9,,
883,2025-11-27 11:00,12.2,285.6,6.4,0,966.1,1017.3,63.8,,
883,2025-11-27 12:00,11.5,300.6,7,0,966,1017.3,54.8,,
883,2025-11-27 13:00,9.1,296.3,10.8,0,965.9,1017.7,76.4,,
883,2025-11-27 14:00,8.8,279.8,7.8,0,965.8,1017.6,67.2,,
883,2025-11-27 15:00,8.7,288.2,7.8,0,966.2,1018.1,56.5,,
883,2025-11-27 16:00,8.2,289.9,6.6,0,966.3,1018.3,64.2,,
883,2025-11-27 17:00,7.9,55.5,5.9,0,966.5,1018.5,64.7,,
883,2025-11-27 18:00,7.5,71.5,4.6,0,966.8,1018.9,58.7,,
883,2025-11-27 19:00,7.2,49.8,4.5,0,967.5,1019.7,60.2,,
883,2025-11-27 20:00,7.1,290.4,2.8,0,967.7,1020,62.1,,
883,2025-11-27 21:00,7.1,290.8,4.9,0,967.8,1020.1,61.1,,
883,2025-11-27 22:00,6.9,9.8,4.7,0,968,1020.3,75.7,,
883,2025-11-27 23:00,6.5,10.8,5,0,968.4,1020.8,80.7,,
883,2025-11-28 00:00,6.2,33.9,4,0,968.2,1020.7,77,,
883,2025-11-28 01:00,5.2,27.4,5,.5,968.1,1020.8,91.7,,
883,2025-11-28 02:00,5.5,26.8,5.9,0,968,1020.6,84.9,,
883,2025-11-28 03:00,5.4,42.6,6.3,0,968,1020.6,80,,
883,2025-11-28 04:00,5.3,19.7,5.5,0,967.6,1020.2,75.3,,
883,2025-11-28 05:00,4.4,27.4,4.9,0,967.3,1020.1,75.7,,
883,2025-11-28 06:00,4,27.1,5.4,0,967.8,1020.7,73.2,,
883,2025-11-28 07:00,4.6,27.6,3.5,0,968.3,1021.1,77.7,,
883,2025-11-28 08:00,5.4,26.3,5.3,0,968.7,1021.4,75,,
883,2025-11-28 09:00,6,26.2,6.7,0,969.1,1021.7,75.4,,
883,2025-11-28 10:00,7.6,32.4,5.9,0,969.7,1022,62.6,,
883,2025-11-28 11:00,8.1,29.4,4.9,0,969.4,1021.5,62.1,,
883,2025-11-28 12:00,8,25,3.5,0,969,1021.1,65.3,,
883,2025-11-28 13:00,8.4,31.8,4.2,0,968.2,1020.2,63.3,,
883,2025-11-28 14:00,8.7,24.9,4,0,967.7,1019.6,63.7,,
883,2025-11-28 15:00,8.3,36.4,4.1,0,967.7,1019.7,66.4,,
883,2025-11-28 16:00,7.7,33.4,4.8,0,967.8,1019.9,68.2,,
883,2025-11-28 17:00,6,36,4.5,0,967.9,1020.4,76,,
883,2025-11-28 18:00,4.5,76.8,3.5,0,968,1020.8,81.8,,
883,2025-11-28 19:00,4.4,62.9,3.8,0,968.2,1021,80.7,,
883,2025-11-28 20:00,3.4,94.2,3.7,0,968.5,1021.6,83.4,,
883,2025-11-28 21:00,3.3,98.2,4,0,968.7,1021.8,83.9,,
883,2025-11-28 22:00,2.2,99.5,1.7,0,968.3,1021.6,76.6,,
883,2025-11-28 23:00,6,124,1.7,0,968.1,1020.6,84.2,,
883,2025-11-29 00:00,6.5,158.5,4.2,0,967.7,1020.1,85.4,,
883,2025-11-29 01:00,6.7,158.5,4.7,0,967.5,1019.8,87.1,,
883,2025-11-29 02:00,6.4,149.6,3.8,0,967.5,1019.9,87.3,,
883,2025-11-29 03:00,5.5,167.3,2.3,0,967.3,1019.9,88.5,,
883,2025-11-29 04:00,5,177.1,2,0,966.7,1019.3,89.6,,
883,2025-11-29 05:00,5,178.5,2.8,0,966.7,1019.3,90.3,,
883,2025-11-29 06:00,5.2,171.6,3,0,966.9,1019.5,88,,
883,2025-11-29 07:00,5.8,169.9,3.4,0,967,1019.5,87.1,,
883,2025-11-29 08:00,6.5,173.3,3.3,0,967.2,1019.5,85.6,,
883,2025-11-29 09:00,9.6,185.5,2.5,0,967.4,1019.1,79.8,,
883,2025-11-29 10:00,11.5,197.1,3.9,0,967.4,1018.8,73.7,,
883,2025-11-29 11:00,13.1,206,3.7,0,967.1,1018.1,67.6,,
883,2025-11-29 12:00,14.1,195.9,4.3,0,966.5,1017.3,63.8,,
883,2025-11-29 13:00,14.1,192.9,4.1,0,965.7,1016.5,65.8,,
883,2025-11-29 14:00,14.5,188.9,4.7,0,965.3,1016,63,,
883,2025-11-29 15:00,14.8,201.5,3.6,0,965.1,1015.7,65,,
883,2025-11-29 16:00,13.9,200.6,3.4,0,965.3,1016.1,71.5,,
883,2025-11-29 17:00,12.2,213.5,3.2,0,965.7,1016.8,77.1,,
883,2025-11-29 18:00,11.3,204.2,3.1,0,965.7,1017,81.5,,
883,2025-11-29 19:00,11.6,195.4,3,0,965.9,1017.2,81.6,,
883,2025-11-29 20:00,11.9,206.9,3,0,966.3,1017.5,79.5,,
883,2025-11-29 21:00,11.9,200.6,3.3,0,966.3,1017.5,79.4,,
883,2025-11-29 22:00,11.8,191.6,3.3,0,966.2,1017.4,80.8,,
883,2025-11-29 23:00,11.9,190.9,2.9,0,966.5,1017.7,82.3,,
883,2025-11-30 00:00,11.4,180.3,2.9,0,966.6,1017.9,84.8,,
883,2025-11-30 01:00,11.5,173.7,3.3,0,966.4,1017.7,83.9,,
883,2025-11-30 02:00,11.6,189.7,2.8,0,966.4,1017.7,86.7,,
883,2025-11-30 03:00,11.3,181.2,2.9,0,966.2,1017.5,86.6,,
883,2025-11-30 04:00,11.5,191,2.8,0,965.8,1017.1,86.4,,
883,2025-11-30 05:00,11.5,192.7,2.6,0,965.9,1017.2,87.2,,
883,2025-11-30 06:00,11.5,200.6,2.6,0,966.1,1017.4,87.6,,
883,2025-11-30 07:00,11.3,201,2.5,0,966.3,1017.6,85.6,,
883,2025-11-30 08:00,11.4,193.1,2.6,0,966.3,1017.6,87,,
883,2025-11-30 09:00,14.1,199.6,2.2,0,966.8,1017.6,80,,
883,2025-11-30 10:00,15.5,204.4,3.2,0,966.9,1017.4,70.6,,
883,2025-11-30 11:00,17.1,208.7,3.6,0,966.7,1016.9,66.4,,
883,2025-11-30 12:00,17.4,213.6,4.3,0,965.8,1015.9,67,,
883,2025-11-30 13:00,18.2,199.2,4,0,965.1,1015,62.2,,
883,2025-11-30 14:00,18,200.2,3.9,0,964.9,1014.8,62.6,,
883,2025-11-30 15:00,16.9,208.4,4.4,0,964.7,1014.8,66.2,,
883,2025-11-30 16:00,15.2,207.9,3.7,0,964.9,1015.4,77.2,,
883,2025-11-30 17:00,14.7,222.7,3.5,0,965.5,1016.1,78.2,,
883,2025-11-30 18:00,12.9,197.8,2.7,0,965.6,1016.6,83.3,,
883,2025-11-30 19:00,13.4,196,2.3,0,965.9,1016.8,84.3,,
883,2025-11-30 20:00,12.8,221.6,3,0,966.3,1017.3,88.5,,
883,2025-11-30 21:00,12.6,199.3,2.8,0,966.2,1017.3,87,,
883,2025-11-30 22:00,13,199,2.5,0,966.1,1017.1,87.1,,
883,2025-11-30 23:00,12.7,206.5,2.5,0,966.7,1017.8,88.8,,
883,2025-12-01 00:00,12.3,218.6,1.9,0,966.4,1017.5,85.6,,
883,2025-12-01 01:00,11.1,0,0,0,966.5,1017.9,87.5,,
883,2025-12-01 02:00,12.2,283.2,2.1,0,966.5,1017.7,82,,
883,2025-12-01 03:00,11.6,59.9,1.6,0,966.3,1017.6,81.6,,
883,2025-12-01 04:00,10.4,42.1,1.3,0,966.2,1017.7,87.6,,
883,2025-12-01 05:00,10.2,45,3.1,0,966.1,1017.6,89.9,,
883,2025-12-01 06:00,10.4,46.5,3.6,0,966.3,1017.8,93.1,,
883,2025-12-01 07:00,10.1,51.7,3.7,0,966.8,1018.4,93.8,,
883,2025-12-01 08:00,10,55.7,3.9,0,967.2,1018.8,92,,
883,2025-12-01 09:00,10.7,54.5,4.1,0,967.8,1019.3,93.3,,
883,2025-12-01 10:00,11.1,44.7,5.5,0,968.1,1019.6,89.3,,
883,2025-12-01 11:00,11.8,44.2,5.5,0,967.5,1018.8,83.5,,
883,2025-12-01 12:00,13.8,57.9,5.1,0,966.7,1017.6,66.2,,
883,2025-12-01 13:00,13.3,33.9,5.3,0,966.2,1017.1,61.8,,
883,2025-12-01 14:00,12,26.8,6.3,0,966.2,1017.4,63,,
883,2025-12-01 15:00,13,22.4,5.1,0,966,1017,58.4,,
883,2025-12-01 16:00,10.3,23.4,6.6,0,966.3,1017.8,66.9,,
883,2025-12-01 17:00,8.1,25.7,7.1,0,966.4,1018.4,66.2,,
883,2025-12-01 18:00,6.8,22.7,5.9,0,966.4,1018.6,70.7,,
883,2025-12-01 19:00,6.2,28.4,4.8,0,966.7,1019.1,65.8,,
883,2025-12-01 20:00,9.1,104.3,4.8,0,966.3,1018.1,23,,
883,2025-12-01 21:00,6.4,88.5,2.4,0,966.2,1018.5,42.4,,
883,2025-12-01 22:00,6.1,0,0,0,966.4,1018.8,77.6,,
883,2025-12-01 23:00,8.7,150,1.7,0,966.2,1018.1,88.1,,
883,2025-12-02 00:00,6.9,39.3,4.6,0,967.2,1019.5,85.6,,
883,2025-12-02 01:00,5.8,35.8,4.6,0,967,1019.5,87.1,,
883,2025-12-02 02:00,5.9,39.1,4.9,0,966.9,1019.4,84.1,,
883,2025-12-02 03:00,5.5,39.7,4,0,966.3,1018.8,84.5,,
883,2025-12-02 04:00,5.5,58.4,5.1,0,966.2,1018.7,85,,
883,2025-12-02 05:00,5.3,42.2,5.6,0,966.3,1018.8,88.6,,
883,2025-12-02 06:00,4.8,40.9,6.3,0,966.7,1019.4,89,,
883,2025-12-02 07:00,4.6,50.5,5.8,0,966.3,1019,85.9,,
883,2025-12-02 08:00,4.9,72,3.5,0,966.3,1018.9,71.4,,
883,2025-12-02 09:00,5.3,43.6,5.9,0,966.6,1019.2,84.3,,
883,2025-12-02 10:00,7.4,32.6,5.6,0,967.1,1019.3,75.1,,
883,2025-12-02 11:00,6.7,38.6,9.7,0,968.4,1020.8,67.1,,
883,2025-12-02 12:00,7,34,10.1,0,967.9,1020.2,67.4,,
883,2025-12-02 13:00,7.5,42.5,9.5,0,967.4,1019.6,69.2,,
883,2025-12-02 14:00,7.5,59.8,8.8,0,967,1019.1,67.5,,
883,2025-12-02 15:00,7.1,40.1,9.5,0,966.8,1019,62,,
883,2025-12-02 16:00,6.1,37.9,7.9,0,967.1,1019.5,69.2,,
883,2025-12-02 17:00,5.2,33.9,9.8,0,967.8,1020.4,74.3,,
883,2025-12-02 18:00,4.3,35.1,8.7,0,968.4,1021.3,70,,
883,2025-12-02 19:00,3.9,39.3,6.6,0,968.7,1021.7,70.6,,
883,2025-12-02 20:00,3.6,36.2,8.1,0,969.1,1022.1,70.9,,
883,2025-12-02 21:00,3,41.2,7.2,0,969.6,1022.8,71.9,,
883,2025-12-02 22:00,3,34.4,8.3,0,969.8,1023,72.1,,
883,2025-12-02 23:00,2.8,40.7,6.6,0,970.2,1023.5,75.1,,
883,2025-12-03 00:00,2.7,36.1,7.8,0,969.9,1023.2,80.1,,
883,2025-12-03 01:00,2.8,28.9,8.9,0,969.9,1023.2,82.3,,
883,2025-12-03 02:00,2.3,34.6,7.2,0,969.4,1022.7,86,,
883,2025-12-03 03:00,2.6,26.5,7.7,0,970,1023.3,82.5,,
883,2025-12-03 04:00,2.8,25.5,7.6,0,969.8,1023,82.3,,
883,2025-12-03 05:00,2.7,29,8.3,0,969.1,1022.3,88.2,,
883,2025-12-03 06:00,2.1,28.7,7.1,0,969.2,1022.6,93,,
883,2025-12-03 07:00,2,22.5,7.1,.5,969.7,1023.1,94.4,,
883,2025-12-03 08:00,2.9,35.7,6.9,.5,969.9,1023.1,87.4,,
883,2025-12-03 09:00,2.6,29.6,4.9,0,970.3,1023.6,83.3,,
883,2025-12-03 10:00,3.2,209.5,3.4,.5,970.8,1024,76.9,,
883,2025-12-03 11:00,3.5,277.5,5.6,0,970.9,1024.1,66.8,,
883,2025-12-03 12:00,2.2,266.9,5.3,0,970.7,1024.1,81.2,,
883,2025-12-03 13:00,2.6,18.8,6.7,0,970.4,1023.7,84.1,,
883,2025-12-03 14:00,3.1,337.2,5,0,970.2,1023.4,71,,
883,2025-12-03 15:00,1.9,301.6,4.9,0,970.4,1023.9,72.4,,
883,2025-12-03 16:00,1.9,20.1,5.6,0,970.4,1023.9,71.3,,
883,2025-12-03 17:00,2.1,60.9,6,0,970.8,1024.2,73.7,,
883,2025-12-03 18:00,1.8,27.1,7.4,0,971.2,1024.7,75.6,,
883,2025-12-03 19:00,1.4,24.9,6.7,0,972,1025.7,75.5,,
883,2025-12-03 20:00,.2,27.9,7.8,0,972.1,1026,93.6,,
883,2025-12-03 21:00,.9,29.4,8.7,.5,972.4,1026.2,90.4,,
883,2025-12-03 22:00,.8,31.3,6.4,0,972.4,1026.2,90.4,,
883,2025-12-03 23:00,.2,48.3,4.6,0,972.7,1026.6,95.1,,
883,2025-12-04 00:00,.1,36.6,4.8,0,972.8,1026.8,90.4,,
883,2025-12-04 01:00,.6,40.6,3.7,.5,972.7,1026.6,88.7,,
883,2025-12-04 02:00,.2,60.1,3.2,.5,972.8,1026.8,94.9,,
883,2025-12-04 03:00,.9,45.4,3,.5,972.9,1026.7,92.3,,
883,2025-12-04 04:00,.8,69.3,3.3,.5,972.6,1026.4,93.3,,
883,2025-12-04 05:00,1.1,34.5,3.4,.5,972.4,1026.1,92.3,,
883,2025-12-04 06:00,1.5,42,2.3,1,972.4,1026.1,88.1,,
883,2025-12-04 07:00,1.5,35.1,2,0,972.8,1026.5,83.4,,
883,2025-12-04 08:00,1.5,38.6,1.3,.5,973.1,1026.8,80,,
883,2025-12-04 09:00,2.6,34,1.8,0,973.4,1026.9,77.6,,
883,2025-12-04 10:00,4.2,46.5,1.3,0,973.9,1027.1,68.9,,
883,2025-12-04 11:00,4.3,31.2,2.4,0,973.7,1026.9,78.1,,
883,2025-12-04 12:00,4.6,30.5,2.7,0,973.1,1026.2,74.5,,
883,2025-12-04 13:00,5.4,327.3,3.4,0,972.5,1025.4,67.8,,
883,2025-12-04 14:00,4.8,4.5,3.4,0,972,1025,68.1,,
883,2025-12-04 15:00,4.7,354.5,3.3,0,971.8,1024.8,70,,
883,2025-12-04 16:00,4.6,16.5,3,0,971.8,1024.8,71.9,,
883,2025-12-04 17:00,4.2,29.5,3.4,0,972,1025.1,73.7,,
883,2025-12-04 18:00,4.4,21.1,2.6,0,972.5,1025.6,71,,
883,2025-12-04 19:00,4.5,24.9,3.3,0,973,1026.1,66.1,,
883,2025-12-04 20:00,4.5,33.7,3.1,0,973.1,1026.2,67.1,,
883,2025-12-04 21:00,5.2,305.1,4.3,0,973.1,1026,62,,
883,2025-12-04 22:00,5.4,312.9,4.9,0,973.1,1026,60,,
883,2025-12-04 23:00,6,311.3,5.9,0,973.1,1025.9,69,,
883,2025-12-05 00:00,5.7,73.7,3.5,0,973,1025.8,70,,
883,2025-12-05 01:00,5.9,41.4,4.4,0,972.9,1025.7,65.6,,
883,2025-12-05 02:00,6.1,86.8,3.3,0,972.6,1025.3,70.4,,
883,2025-12-05 03:00,5.7,347.1,4.9,0,973,1025.8,64.7,,
883,2025-12-05 04:00,5,34.3,5.9,0,973,1026,74.5,,
883,2025-12-05 05:00,4.2,32.5,6.5,0,973.1,1026.2,76,,
883,2025-12-05 06:00,3.4,35.5,6.3,0,973.7,1027,69.2,,
883,2025-12-05 07:00,3.2,32.8,7.8,0,974,1027.4,70.1,,
883,2025-12-05 08:00,3.1,28.1,6.8,0,974.1,1027.5,69.7,,
883,2025-12-05 09:00,4,29.8,7.2,0,974.6,1027.9,77.1,,
883,2025-12-05 10:00,4.3,41.5,6.7,0,974.9,1028.1,73.9,,
883,2025-12-05 11:00,3.6,33.7,8.6,0,974.7,1028.1,71.6,,
883,2025-12-05 12:00,5,41.1,6.7,0,974.1,1027.1,66.9,,
883,2025-12-05 13:00,4,26.9,7.3,0,973.6,1026.8,69.5,,
883,2025-12-05 14:00,4.9,42.5,5.4,0,973,1026,62.9,,
883,2025-12-05 15:00,4.7,42.9,5.6,0,972.4,1025.4,63.9,,
883,2025-12-05 16:00,3.6,31.5,4.8,0,972.3,1025.5,64.1,,
883,2025-12-05 17:00,2.4,30.9,4.8,0,972.3,1025.8,71,,
883,2025-12-05 18:00,1.2,72.2,3.7,0,972.1,1025.8,77.7,,
883,2025-12-05 19:00,1,78,3.2,0,972.2,1026,78.3,,
883,2025-12-05 20:00,2.3,41.3,3.4,0,972.4,1025.9,75.4,,
883,2025-12-05 21:00,2.1,44.7,2.8,0,972.2,1025.7,76.8,,
883,2025-12-05 22:00,1.6,37.7,2.9,0,971.8,1025.4,80,,
883,2025-12-05 23:00,0,45.5,2.5,0,971.6,1025.5,86.9,,
883,2025-12-06 00:00,1,74.1,2.8,0,971.4,1025.1,86.6,,
883,2025-12-06 01:00,1.1,76.8,2.9,0,970.9,1024.6,88.4,,
883,2025-12-06 02:00,.9,81.6,3,0,970.9,1024.6,90.1,,
883,2025-12-06 03:00,1.4,86.4,2.7,0,970.8,1024.4,90.5,,
883,2025-12-06 04:00,1.9,85.3,2.7,0,970.5,1024,89.9,,
883,2025-12-06 05:00,1,86.8,2.8,0,970.2,1023.8,92,,
883,2025-12-06 06:00,.4,90.9,2.8,0,970.2,1024,93.3,,
883,2025-12-06 07:00,.2,91.8,2.5,0,970.8,1024.6,94.2,,
883,2025-12-06 08:00,.8,94.7,3.1,0,971,1024.7,92.9,,
883,2025-12-06 09:00,4.2,80.2,2.2,0,971.2,1024.2,85.2,,
883,2025-12-06 10:00,6.5,356.3,1.2,0,971.3,1023.9,75.3,,
883,2025-12-06 11:00,8.4,237.4,1.1,0,971,1023.2,68.4,,
883,2025-12-06 12:00,10,235.4,2,0,970.2,1022,64.9,,
883,2025-12-06 13:00,10.6,230.9,3.6,0,969.5,1021.1,65.6,,
883,2025-12-06 14:00,10.9,235.8,3,0,969.3,1020.9,64.6,,
883,2025-12-06 15:00,10.8,214.5,3.4,0,969.1,1020.7,70.1,,
883,2025-12-06 16:00,10,207.2,3.6,0,969,1020.7,77.4,,
883,2025-12-06 17:00,9.5,189.2,3.1,0,969.3,1021.2,82.1,,
883,2025-12-06 18:00,9.2,234.8,2.8,0,969.7,1021.6,80.3,,
883,2025-12-06 19:00,8.1,233.3,1.9,0,970.1,1022.3,80.5,,
883,2025-12-06 20:00,7.8,231.3,.8,0,970.2,1022.4,83.5,,
883,2025-12-06 21:00,7.2,200.9,1.9,0,970.1,1022.5,84.5,,
883,2025-12-06 22:00,7.1,213.5,2.2,0,970.3,1022.7,82.7,,
883,2025-12-06 23:00,7.3,212.6,1.6,0,970.5,1022.9,83.4,,
883,2025-12-07 00:00,7.1,187.1,1.1,0,970.7,1023.1,83.4,,
883,2025-12-07 01:00,7,177.4,2,0,970.3,1022.7,82.8,,
883,2025-12-07 02:00,7,183.8,1.8,0,970.5,1022.9,80.4,,
883,2025-12-07 03:00,7.2,184.4,.5,0,970.7,1023.1,77.9,,
883,2025-12-07 04:00,6.6,189.4,1,0,970.5,1023,78.7,,
883,2025-12-07 05:00,7.2,223.7,.5,0,970.3,1022.7,76.6,,
883,2025-12-07 06:00,6.5,177,.5,0,970.4,1022.9,82.4,,
883,2025-12-07 07:00,7.9,147.3,1.1,0,970.7,1023,83.7,,
883,2025-12-07 08:00,6.9,173.8,1.2,0,970.9,1023.4,85,,
883,2025-12-07 09:00,9.9,0,.2,0,971.1,1023,79.4,,
883,2025-12-07 10:00,12.2,232.1,1.9,0,971.7,1023.1,71.1,,
883,2025-12-07 11:00,13.2,224.1,3.2,0,971.5,1022.7,68.4,,
883,2025-12-07 12:00,13.4,250,3.1,0,970.9,1022.1,65.2,,
883,2025-12-07 13:00,14.5,242.9,2.8,0,970.2,1021.1,64.7,,
883,2025-12-07 14:00,15.3,246.5,2.8,0,969.6,1020.3,61.4,,
883,2025-12-07 15:00,13,263.9,2.9,0,969.8,1021,70.7,,
883,2025-12-07 16:00,13.4,257,2.4,0,969.9,1021,68.6,,
883,2025-12-07 17:00,12,262.9,2.5,0,970.2,1021.6,75.6,,
883,2025-12-07 18:00,9.6,221.5,1.5,0,970.1,1022,83.9,,
883,2025-12-07 19:00,9,187.6,2.5,0,970.3,1022.3,84.7,,
883,2025-12-07 20:00,8.1,180.6,2.1,0,970.3,1022.5,84.3,,
883,2025-12-07 21:00,8.4,204.2,1,0,970.5,1022.6,83,,
883,2025-12-07 22:00,9.4,0,.3,0,970.5,1022.4,77.4,,
883,2025-12-07 23:00,9.9,287.1,1.9,0,971,1022.9,77.4,,
883,2025-12-08 00:00,9,31,3,0,970.8,1022.8,81.7,,
883,2025-12-08 01:00,8.5,37.4,1.9,0,970.8,1022.9,86.3,,
883,2025-12-08 02:00,8.2,29.5,4,0,971,1023.2,90.8,,
883,2025-12-08 03:00,8.5,28.2,6.2,0,971.3,1023.5,84.9,,
883,2025-12-08 04:00,6.8,32.8,5.3,0,971.4,1023.9,76.6,,
883,2025-12-08 05:00,6.4,47.2,4.5,0,971.4,1024,76.8,,
883,2025-12-08 06:00,6,39.7,5.2,0,971.7,1024.4,72.7,,
883,2025-12-08 07:00,5.6,38.3,5.2,0,971.7,1024.5,71.5,,
883,2025-12-08 08:00,5.7,36.1,5.5,0,972.2,1025,74.9,,
883,2025-12-08 09:00,6.9,31.2,7.2,0,972.9,1025.5,65.9,,
883,2025-12-08 10:00,7.9,33.1,8.7,0,973.4,1025.8,57.6,,
883,2025-12-08 11:00,7.8,31.2,7.5,0,973.4,1025.8,56.6,,
883,2025-12-08 12:00,8.7,29.8,9.1,0,973,1025.2,49.5,,
883,2025-12-08 13:00,8.5,28.9,8.8,0,972.7,1024.9,47.2,,
883,2025-12-08 14:00,8.4,27.6,7.7,0,972.5,1024.8,53.6,,
883,2025-12-08 15:00,7.7,32.8,7.3,0,973.3,1025.7,61.2,,
883,2025-12-08 16:00,6.4,30.3,8.7,0,973.4,1026.1,61.2,,
883,2025-12-08 17:00,5.6,33.3,7.7,0,973.3,1026.2,67,,
883,2025-12-08 18:00,4,30.7,6.5,0,973.8,1027,66,,
883,2025-12-08 19:00,3.3,41,4.4,0,974.1,1027.5,70.8,,
883,2025-12-08 20:00,3.1,46.1,4,0,974.3,1027.7,72.5,,
883,2025-12-08 21:00,3.3,38.9,4.9,0,974,1027.4,78.9,,
883,2025-12-08 22:00,2.8,50.9,4.3,0,974.3,1027.8,78.1,,
883,2025-12-08 23:00,2.5,53.7,4.2,0,974.1,1027.6,78,,
883,2025-12-09 00:00,2.4,49,4.2,0,974.1,1027.7,78.9,,
883,2025-12-09 01:00,2.2,50.8,4,0,974.1,1027.7,80.9,,
883,2025-12-09 02:00,2.4,52.2,4.5,0,973.7,1027.2,80,,
883,2025-12-09 03:00,2.4,49.2,4.5,0,973.8,1027.3,81.6,,
883,2025-12-09 04:00,2.7,55.2,4.3,0,974.1,1027.6,80.3,,
883,2025-12-09 05:00,2.2,58.1,4.4,0,973.8,1027.4,80.3,,
883,2025-12-09 06:00,2.3,58.3,4.1,0,973.8,1027.4,81.2,,
883,2025-12-09 07:00,2.2,46.2,4.4,0,973.6,1027.2,82.8,,
883,2025-12-09 08:00,2.7,54.3,5.3,0,973.9,1027.4,81.5,,
883,2025-12-09 09:00,3.7,46.9,5.2,0,973.9,1027.2,77.9,,
883,2025-12-09 10:00,5.7,39.5,5.7,0,973.9,1026.8,64.9,,
883,2025-12-09 11:00,6.6,41.5,6.6,0,973.7,1026.4,58.1,,
883,2025-12-09 12:00,7.6,45.3,6.6,0,973,1025.4,46.8,,
883,2025-12-09 13:00,7.6,37.6,7.9,0,973.2,1025.7,42.6,,
883,2025-12-09 14:00,8.3,37.2,6.6,0,973.2,1025.5,45.6,,
883,2025-12-09 15:00,7.6,31.8,7.7,0,973.1,1025.5,44.2,,
883,2025-12-09 16:00,6.6,27,7.5,0,973.5,1026.2,52.3,,
883,2025-12-09 17:00,4.6,30.2,5.4,0,973.9,1027,68.5,,
883,2025-12-09 18:00,3.9,64.8,4.5,0,974.2,1027.5,72.9,,
883,2025-12-09 19:00,3.9,56.1,3.6,0,974.1,1027.4,75.1,,
883,2025-12-09 20:00,4,73.8,4,0,974.6,1027.9,76.9,,
883,2025-12-09 21:00,3.9,72.3,3.3,0,974.6,1027.9,78.3,,
883,2025-12-09 22:00,4.3,71.4,3.8,0,974.4,1027.6,76.3,,
883,2025-12-09 23:00,4.2,59.6,3.5,0,974.1,1027.3,75.6,,
883,2025-12-10 00:00,3.7,70.4,3.3,0,973.9,1027.2,74.2,,
883,2025-12-10 01:00,2.9,40.7,2.8,0,973.7,1027.1,60.6,,
883,2025-12-10 02:00,3.7,104.4,3.4,0,973.8,1027.1,45.2,,
883,2025-12-10 03:00,3.4,157,2.5,0,973.7,1027,74.8,,
883,2025-12-10 04:00,3.7,90.2,2.6,0,973.5,1026.8,82.1,,
883,2025-12-10 05:00,4,96.8,2.9,0,973,1026.2,84.9,,
883,2025-12-10 06:00,4.1,123.1,1.7,0,972.9,1026.1,85.4,,
883,2025-12-10 07:00,3.4,117.1,2.4,0,973.5,1026.8,86.7,,
883,2025-12-10 08:00,5.5,163.4,2.3,0,973.6,1026.5,81,,
883,2025-12-10 09:00,9.7,0,.1,0,974,1026.1,75.4,,
883,2025-12-10 10:00,11.4,205.1,1,0,973.6,1025.3,66.4,,
883,2025-12-10 11:00,12.2,281.5,1,0,973.2,1024.7,47.9,,
883,2025-12-10 12:00,12.9,29.9,1.3,0,972.2,1023.5,50.2,,
883,2025-12-10 13:00,13.2,282.5,3,0,971.4,1022.6,48.2,,
883,2025-12-10 14:00,13.7,232.5,3,0,970.9,1022,42,,
883,2025-12-10 15:00,13.1,187.1,2.4,0,970.8,1022,48.1,,
883,2025-12-10 16:00,10.8,180.3,2.9,0,971,1022.7,54.3,,
883,2025-12-10 17:00,10,148.9,2.8,0,970.9,1022.7,56.9,,
883,2025-12-10 18:00,9.6,143.2,4.2,0,970.6,1022.5,69.9,,
883,2025-12-10 19:00,10,145.9,5,0,970.5,1022.3,70.9,,
883,2025-12-10 20:00,10,153.9,4.8,0,970.2,1022,71.9,,
883,2025-12-10 21:00,10.2,143.5,5.3,0,969.7,1021.4,71.8,,
883,2025-12-10 22:00,10.1,153.7,4.5,0,969.9,1021.7,73.8,,
883,2025-12-10 23:00,10.3,157.2,5.7,0,969.3,1021,72.4,,
883,2025-12-11 00:00,10.5,158.7,5.3,0,968.6,1020.2,73.2,,
883,2025-12-11 01:00,11,168.7,6.1,0,967.7,1019.2,73.6,,
883,2025-12-11 02:00,11.3,159.5,7.7,0,967.1,1018.5,75,,
883,2025-12-11 03:00,11.6,157.6,6.8,0,967,1018.3,75,,
883,2025-12-11 04:00,11.7,150.6,5.4,0,966.4,1017.7,76.1,,
883,2025-12-11 05:00,10.4,158.5,6.4,.5,965.8,1017.3,91.4,,
883,2025-12-11 06:00,11.5,191.4,4.3,1,965.6,1016.9,92.3,,
883,2025-12-11 07:00,12,207.4,3.5,.5,965.4,1016.6,93.2,,
883,2025-12-11 08:00,12.6,260.8,4.3,2,966,1017.1,96.4,,
883,2025-12-11 09:00,11.6,316.8,3.6,.5,967.3,1018.6,96.7,,
883,2025-12-11 10:00,11.2,25.8,5.9,0,967.6,1019,96.8,,
883,2025-12-11 11:00,10.9,27,7.3,0,967.8,1019.3,92.3,,
883,2025-12-11 12:00,11.5,25.4,7.5,0,967.5,1018.9,86.1,,
883,2025-12-11 13:00,11.2,29.3,8.6,0,967.1,1018.5,86.9,,
883,2025-12-11 14:00,10.4,26.6,9.7,0,967.1,1018.7,84.4,,
883,2025-12-11 15:00,9.5,26.5,9.1,0,967.6,1019.4,91.7,,
883,2025-12-11 16:00,8.6,28.5,9.4,0,968.1,1020.1,88,,
883,2025-12-11 17:00,7.9,27.4,9.7,0,969,1021.2,84.5,,
883,2025-12-11 18:00,7,29.2,9.7,0,969.7,1022.1,89.5,,
883,2025-12-11 19:00,6.4,32.3,8.8,0,970.3,1022.8,84.7,,
883,2025-12-11 20:00,5.3,41.5,8.2,0,971.2,1024,83.7,,
883,2025-12-11 21:00,4.8,44.3,8.7,0,971.5,1024.4,78.1,,
883,2025-12-11 22:00,4.2,40.7,8.3,0,971.8,1024.9,76.6,,
883,2025-12-11 23:00,3.9,45.4,6.5,0,972.4,1025.6,76.5,,
883,2025-12-12 00:00,3.1,42.2,5.4,0,972.8,1026.2,85.6,,
883,2025-12-12 01:00,2.7,49.4,5.3,0,972.4,1025.8,84,,
883,2025-12-12 02:00,2,57.6,4.5,0,972.9,1026.5,84.4,,
883,2025-12-12 03:00,2.1,48.2,4.9,0,973.1,1026.7,81.1,,
883,2025-12-12 04:00,1.8,46.3,4.5,0,972.6,1026.2,80.4,,
883,2025-12-12 05:00,1.9,71.4,4.6,0,972.6,1026.2,78.7,,
883,2025-12-12 06:00,2.1,63.8,4.5,0,973.4,1027,80.8,,
883,2025-12-12 07:00,1.7,40.6,4.6,0,974.2,1027.9,84.1,,
883,2025-12-12 08:00,1.6,34.6,4,0,974.3,1028,84.3,,
883,2025-12-12 09:00,4.2,41.4,2.5,0,974.7,1027.9,78.1,,
883,2025-12-12 10:00,8,94.8,2.2,0,975.1,1027.6,68.9,,
883,2025-12-12 11:00,9.1,37.4,3.1,0,974.9,1027.1,67,,
883,2025-12-12 12:00,10,33.8,3.6,0,974.2,1026.2,65.8,,
883,2025-12-12 13:00,11.1,34.8,4.2,0,973.2,1024.9,68.1,,
883,2025-12-12 14:00,10.8,42.3,4.8,0,972.9,1024.7,70.2,,
883,2025-12-12 15:00,11,58.8,4.8,0,972.5,1024.2,71.9,,
883,2025-12-12 16:00,10.8,58.5,4.1,0,972,1023.7,69.3,,
883,2025-12-12 17:00,9.5,64.6,4.5,0,972.3,1024.3,70.4,,
883,2025-12-12 18:00,8.1,96.3,4.2,0,972.8,1025.1,76.8,,
883,2025-12-12 19:00,7.8,151.9,2.9,0,973,1025.4,74.9,,
883,2025-12-12 20:00,5.4,87.1,2,0,973.7,1026.6,81.1,,
883,2025-12-12 21:00,5.8,111.1,3.1,0,973.9,1026.8,80.6,,
883,2025-12-12 22:00,3.9,105.9,2.6,0,973.2,1026.4,84.6,,
883,2025-12-12 23:00,3.5,104.6,2.8,0,972.7,1026,81.7,,
883,2025-12-13 00:00,7.8,151.9,4.9,0,972.1,1024.5,75.4,,
883,2025-12-13 01:00,9.2,133.1,9.6,0,971.3,1023.3,73.1,,
883,2025-12-13 02:00,7.1,119,2.6,0,971.5,1024,75.7,,
883,2025-12-13 03:00,5.1,96.5,2.8,0,971.5,1024.4,80.1,,
883,2025-12-13 04:00,6,112.2,2.9,0,970.7,1023.3,77.9,,
883,2025-12-13 05:00,5.1,84.6,2.5,0,970,1022.8,79.6,,
883,2025-12-13 06:00,5.5,114.6,2.2,0,969.5,1022.2,84,,
883,2025-12-13 07:00,7.1,109.2,2.6,0,969.6,1022,81.9,,
883,2025-12-13 08:00,6.9,106,.8,0,969.7,1022.1,83.8,,
883,2025-12-13 09:00,8.7,91.3,2.7,0,969.5,1021.5,77.2,,
883,2025-12-13 10:00,12,0,0,0,969.4,1020.8,66.5,,
883,2025-12-13 11:00,15,260.5,1.4,0,968.6,1019.3,62.6,,
883,2025-12-13 12:00,15,177.6,4,0,967.4,1018.1,61.8,,
883,2025-12-13 13:00,11.5,310.5,2.5,0,966.7,1018,77.2,,
883,2025-12-13 14:00,10.9,140.8,.8,0,965.8,1017.2,92.3,,
883,2025-12-13 15:00,11,186.5,2.5,0,965.2,1016.5,89,,
883,2025-12-13 16:00,8.4,293,6,1,965.6,1017.5,95.8,,
883,2025-12-13 17:00,6.8,21.2,4.3,0,965.9,1018.1,97.4,,
883,2025-12-13 18:00,6.4,34.4,5.2,1.5,965.6,1017.9,97.7,,
883,2025-12-13 19:00,5,28.4,7.4,.5,966.1,1018.7,98,,
883,2025-12-13 20:00,4.6,28.9,7,0,966.2,1018.9,97.9,,
883,2025-12-13 21:00,4.1,27.6,6.4,1.5,966.4,1019.2,97.4,,
883,2025-12-13 22:00,4.2,25.2,4,0,966.1,1018.9,96.6,,
883,2025-12-13 23:00,4.4,30.3,4.3,0,966.1,1018.8,94.9,,
883,2025-12-14 00:00,3.9,25.6,3.7,1.5,965.9,1018.7,96.5,,
883,2025-12-14 01:00,3.8,27.1,6.1,1.5,966.3,1019.2,96.1,,
883,2025-12-14 02:00,3.7,49.7,4.8,1,966.2,1019.1,93.4,,
883,2025-12-14 03:00,4,60.2,5.8,.5,966.6,1019.4,83.6,,
883,2025-12-14 04:00,3.9,49.7,4.5,0,966.2,1019,84.6,,
883,2025-12-14 05:00,3.7,30.8,6,0,966.1,1019,83,,
883,2025-12-14 06:00,3.8,13.2,5.5,0,966.3,1019.2,84.1,,
883,2025-12-14 07:00,3.8,50.5,5.8,.5,966.8,1019.7,78.8,,
883,2025-12-14 08:00,4,30.9,5.6,0,967.1,1020,73.4,,
883,2025-12-14 09:00,2.6,45,5.9,0,967.9,1021.1,91.4,,
883,2025-12-14 10:00,3.2,26,5.9,.5,968.8,1021.9,78.5,,
883,2025-12-14 11:00,3.2,36.5,7.3,0,969,1022.1,77.6,,
883,2025-12-14 12:00,3.2,39.7,5.2,0,968.8,1021.9,74.2,,
883,2025-12-14 13:00,3.2,34.9,6.6,0,968.3,1021.4,75.9,,
883,2025-12-14 14:00,3.4,6.3,5.8,0,968.1,1021.1,81.5,,
883,2025-12-14 15:00,3.8,43.7,5.6,.5,968,1020.9,79.7,,
883,2025-12-14 16:00,3.5,33,5.2,0,968.5,1021.5,83.7,,
883,2025-12-14 17:00,4,45.7,5.2,0,968.6,1021.5,71.8,,
883,2025-12-14 18:00,3.9,29.3,5.3,0,968.9,1021.9,76.7,,
883,2025-12-14 19:00,4.1,33.7,4.7,0,969.5,1022.5,76.2,,
883,2025-12-14 20:00,3.9,36.5,4.8,0,969.9,1022.9,79.9,,
883,2025-12-14 21:00,4.3,47.9,4,0,970.1,1023.1,74.5,,
883,2025-12-14 22:00,4.3,43.2,4.9,0,970.1,1023.1,74.5,,
883,2025-12-14 23:00,4.2,32.3,4.7,0,970.4,1023.4,65.4,,
883,2025-12-15 00:00,4.1,44.2,4,0,970.6,1023.6,66.1,,
883,2025-12-15 01:00,4.2,29.3,3.4,0,971,1024,70.8,,
883,2025-12-15 02:00,3.9,29.5,5.1,0,971.4,1024.5,68.6,,
883,2025-12-15 03:00,3.3,31.4,3,0,971.5,1024.7,69.7,,
883,2025-12-15 04:00,3.7,27.7,5.2,0,971.6,1024.8,72.9,,
883,2025-12-15 05:00,3.2,30.6,3.9,0,971.4,1024.7,67.7,,
883,2025-12-15 06:00,2.9,26,3.1,0,971.7,1025,71.3,,
883,2025-12-15 07:00,3.3,34.8,2.2,0,972.1,1025.4,74.5,,
883,2025-12-15 08:00,3.8,28.4,3,0,972.4,1025.6,76.5,,
883,2025-12-15 09:00,4.9,32.8,4.3,0,972.7,1025.7,71.5,,
883,2025-12-15 10:00,5.9,21.8,4.5,0,973.2,1026,67.8,,
883,2025-12-15 11:00,6.5,26.8,4.4,0,972.8,1025.5,65.6,,
883,2025-12-15 12:00,7,32.8,4,0,972.7,1025.2,63.7,,
883,2025-12-15 13:00,7.8,34.2,4.1,0,971.9,1024.2,62.4,,
883,2025-12-15 14:00,7.7,27.8,3.1,0,971.2,1023.5,63.4,,
883,2025-12-15 15:00,7.2,341.5,3,0,971.6,1024,66.9,,
883,2025-12-15 16:00,6.4,29.1,3.9,0,971.4,1024,69.9,,
883,2025-12-15 17:00,4.5,27.6,2.2,0,971.2,1024.2,75.9,,
883,2025-12-15 18:00,3,0,.2,0,971.5,1024.8,82.7,,
883,2025-12-15 19:00,1.6,108.4,1.9,0,971.4,1025,86.4,,
883,2025-12-15 20:00,2.1,0,0,0,972.1,1025.6,87.9,,
883,2025-12-15 21:00,.9,138.6,2.1,0,971.7,1025.4,89.6,,
883,2025-12-15 22:00,1.3,100.3,2.4,0,972,1025.7,91.2,,
883,2025-12-15 23:00,2.9,171.8,3,0,971.9,1025.2,89.1,,
883,2025-12-16 00:00,3.2,161.2,2.5,0,972,1025.3,88.5,,
883,2025-12-16 01:00,4.5,175.4,3.1,0,971.6,1024.6,85.8,,
883,2025-12-16 02:00,4.9,166.9,3.1,0,971.3,1024.2,85.1,,
883,2025-12-16 03:00,5.2,164.4,3,0,971.2,1024,84.7,,
883,2025-12-16 04:00,5.8,169.6,2.8,0,970.7,1023.4,84.3,,
883,2025-12-16 05:00,6,172.7,2.9,0,970.5,1023.1,84.6,,
883,2025-12-16 06:00,5.9,193.5,2,0,970.5,1023.2,86,,
883,2025-12-16 07:00,6.7,187.4,2.1,0,971,1023.5,85.2,,
883,2025-12-16 08:00,6.5,175.9,2.6,0,971.1,1023.7,83.8,,
883,2025-12-16 09:00,7.8,185.3,2.1,0,971.3,1023.6,81.6,,
883,2025-12-16 10:00,11.8,261.2,1.7,0,971.6,1023.1,70.4,,
883,2025-12-16 11:00,11.3,244,1.7,0,971.6,1023.2,69.5,,
883,2025-12-16 12:00,11.7,240.3,1.9,0,970.9,1022.4,67.2,,
883,2025-12-16 13:00,11.4,246.2,2.4,0,970.1,1021.6,65.8,,
883,2025-12-16 14:00,12.6,213.5,3,0,969.7,1021,58.9,,
883,2025-12-16 15:00,12.9,225.2,2.5,0,969.4,1020.6,63.9,,
883,2025-12-16 16:00,12.6,220.6,3,0,969.4,1020.6,62.2,,
883,2025-12-16 17:00,10.7,211.9,2.7,0,969.4,1021,71.3,,
883,2025-12-16 18:00,8.8,179.5,2.9,0,969.5,1021.5,80.2,,
883,2025-12-16 19:00,8.7,179.2,3.6,0,969.6,1021.6,79.3,,
883,2025-12-16 20:00,8.9,171.2,3.5,0,969.5,1021.5,79.7,,
883,2025-12-16 21:00,9.1,166.5,4.1,0,969.3,1021.2,79.1,,
883,2025-12-16 22:00,9.1,174.6,3.9,0,969.3,1021.2,80.2,,
883,2025-12-16 23:00,9.8,179.8,3,0,969.3,1021.1,82.2,,
883,2025-12-17 00:00,10.2,189.9,2.9,0,968.9,1020.6,83.2,,
883,2025-12-17 01:00,10.7,193.4,2.7,0,968.6,1020.2,83.1,,
883,2025-12-17 02:00,10.9,202.7,2.7,0,968.4,1019.9,85.1,,
883,2025-12-17 03:00,10.4,312.4,3.8,3,968.1,1019.7,95.5,,
883,2025-12-17 04:00,9.9,311.8,3.1,.5,968.2,1019.9,96.5,,
883,2025-12-17 05:00,8.9,21,2.8,0,967.9,1019.8,96,,
883,2025-12-17 06:00,8.6,27,4.6,0,968.2,1020.2,96,,
883,2025-12-17 07:00,7.6,34.6,3.4,0,968.6,1020.8,95,,
883,2025-12-17 08:00,7.3,25.3,3.9,0,969.2,1021.5,93.8,,
883,2025-12-17 09:00,8,25.9,5.4,0,969.9,1022.1,89.8,,
883,2025-12-17 10:00,8,24.7,6.6,0,970.6,1022.8,91.1,,
883,2025-12-17 11:00,7.5,26.8,7.7,0,970.9,1023.2,89.8,,
883,2025-12-17 12:00,7.1,28.6,7.9,0,970.7,1023.1,84.3,,
883,2025-12-17 13:00,7.6,31.5,8,0,970.1,1022.4,75.7,,
883,2025-12-17 14:00,7.5,29.5,9.3,0,970.1,1022.4,73.9,,
883,2025-12-17 15:00,6.7,28.9,8.8,0,970.3,1022.8,73.5,,
883,2025-12-17 16:00,6.3,27.6,9.2,0,970.7,1023.3,70.2,,
883,2025-12-17 17:00,5.5,27,8.3,0,971.1,1023.9,76.6,,
883,2025-12-17 18:00,5.3,25.7,7.1,0,971.6,1024.4,78.6,,
883,2025-12-17 19:00,5.2,27.2,7.7,0,972.3,1025.2,81,,
883,2025-12-17 20:00,4.3,25,7.2,0,972.6,1025.7,81.1,,
883,2025-12-17 21:00,3.9,26.5,6.7,0,972.9,1026.1,83.7,,
883,2025-12-17 22:00,3.3,31.4,5.8,0,973.1,1026.4,84,,
883,2025-12-17 23:00,3.1,50.2,3.8,0,973.4,1026.8,84.1,,
883,2025-12-18 00:00,2.8,49.7,3.4,0,973.2,1026.6,84.3,,
883,2025-12-18 01:00,2.5,66.7,4,0,973,1026.5,83.1,,
883,2025-12-18 02:00,2.5,68.1,4.6,0,972.8,1026.3,82.1,,
883,2025-12-18 03:00,2.4,63.8,4,0,972.7,1026.2,83.4,,
883,2025-12-18 04:00,2.6,63.7,4.4,0,972.5,1025.9,81.4,,
883,2025-12-18 05:00,2.9,58.1,4.2,0,972.5,1025.9,83.1,,
883,2025-12-18 06:00,3.2,68,4.6,0,973.1,1026.4,82.8,,
883,2025-12-18 07:00,2.4,95.6,4.6,0,973.8,1027.3,84.2,,
883,2025-12-18 08:00,2.6,65.9,4,0,973.9,1027.4,81.9,,
883,2025-12-18 09:00,4.5,51.4,2.5,0,974,1027.1,76.1,,
883,2025-12-18 10:00,6.3,25.9,4.7,0,974.4,1027.2,72.5,,
883,2025-12-18 11:00,7.5,27,5.2,0,974.4,1026.9,68.3,,
883,2025-12-18 12:00,8.7,32.9,4.2,0,973.6,1025.9,66.6,,
883,2025-12-18 13:00,9.1,30.5,4.1,0,972.6,1024.7,67,,
883,2025-12-18 14:00,9.2,21.3,3.3,0,971.9,1024,66.6,,
883,2025-12-18 15:00,10.2,284.4,3.1,0,971.7,1023.5,63.5,,
883,2025-12-18 16:00,9.1,35.4,2.9,0,971.6,1023.7,68.1,,
883,2025-12-18 17:00,6.8,27.4,.9,0,971.6,1024.1,73.6,,
883,2025-12-18 18:00,4.9,65.7,1.2,0,971.8,1024.7,80.9,,
883,2025-12-18 19:00,6.6,185.9,2.1,0,971.8,1024.4,82.7,,
883,2025-12-18 20:00,6,169.5,2.4,0,971.6,1024.3,83,,
883,2025-12-18 21:00,6.1,198.4,2.3,0,971.5,1024.2,84.4,,
883,2025-12-18 22:00,7,167.8,4.7,0,971.5,1024,81.9,,
883,2025-12-18 23:00,7.4,158,4.3,0,971.5,1023.9,80.3,,
883,2025-12-19 00:00,7.9,155.5,4.7,0,971.1,1023.4,78.7,,
883,2025-12-19 01:00,8.2,163.2,4.3,0,970.6,1022.8,79.1,,
883,2025-12-19 02:00,9.4,177,4.9,0,970.6,1022.5,78,,
883,2025-12-19 03:00,9.7,182.4,4.2,0,970.3,1022.2,77.4,,
883,2025-12-19 04:00,9.9,194.6,4.5,0,969.8,1021.6,78.4,,
883,2025-12-19 05:00,10.1,194.6,3.9,0,969.5,1021.2,76.6,,
883,2025-12-19 06:00,10.4,202.6,2.6,0,969.8,1021.5,77.2,,
883,2025-12-19 07:00,10.8,190.5,2.6,0,970,1021.6,77.7,,
883,2025-12-19 08:00,11.2,184.6,3,0,969.7,1021.2,72.2,,
883,2025-12-19 09:00,12,177.7,2.6,0,969.8,1021.2,73.3,,
883,2025-12-19 10:00,12.9,187.6,3.6,0,970.2,1021.4,71.7,,
883,2025-12-19 11:00,15.1,182,4.3,0,969.8,1020.6,66.7,,
883,2025-12-19 12:00,15.6,199.6,5,0,969,1019.6,65.5,,
883,2025-12-19 13:00,14.4,199.5,4.3,0,967.9,1018.7,73.3,,
883,2025-12-19 14:00,15.1,207,3.7,0,967.5,1018.1,74.9,,
883,2025-12-19 15:00,16.2,210.8,3.7,0,967.5,1017.9,68.2,,
883,2025-12-19 16:00,15,205.3,3.7,0,967.9,1018.6,72.8,,
883,2025-12-19 17:00,13.6,200.2,3.1,0,968.1,1019.1,81.4,,
883,2025-12-19 18:00,13,190.6,3.2,0,968.1,1019.2,84.5,,
883,2025-12-19 19:00,12.7,184.3,3.2,0,968,1019.2,86.2,,
883,2025-12-19 20:00,13.2,189.6,3,0,968.2,1019.3,87.9,,
883,2025-12-19 21:00,13.2,199.8,3,0,968.5,1019.6,88.7,,
883,2025-12-19 22:00,13,194.2,2.9,0,968.6,1019.7,88.9,,
883,2025-12-19 23:00,12.7,177,3.2,0,968.6,1019.8,90.6,,
883,2025-12-20 00:00,13,177,3.3,0,968.5,1019.6,91.5,,
883,2025-12-20 01:00,13.9,185.3,3.4,0,968.5,1019.4,90.2,,
883,2025-12-20 02:00,13.8,189.7,3.4,0,968.5,1019.5,91.7,,
883,2025-12-20 03:00,14.4,196.2,3.8,0,968.4,1019.2,90.9,,
883,2025-12-20 04:00,14.6,212.5,2.7,0,968.3,1019.1,92.1,,
883,2025-12-20 05:00,14.7,205.4,2.8,0,967.8,1018.5,95,,
883,2025-12-20 06:00,14.7,219.5,2.6,0,967.6,1018.3,94.5,,
883,2025-12-20 07:00,15,225.8,3.3,0,967.7,1018.4,96.4,,
883,2025-12-20 08:00,15.2,235.9,3.6,0,967.9,1018.5,96.6,,
883,2025-12-20 09:00,15.4,241.8,4,0,968.2,1018.8,97,,
883,2025-12-20 10:00,15.4,235.2,3.8,.5,968.8,1019.5,96.7,,
883,2025-12-20 11:00,15.4,247.9,2.8,0,968.8,1019.5,96.7,,
883,2025-12-20 12:00,16.3,230.3,2.3,0,967.9,1018.3,92.9,,
883,2025-12-20 13:00,16.8,235.5,2.3,0,967.1,1017.4,86.8,,
883,2025-12-20 14:00,16.6,236.8,2.4,0,966.5,1016.8,87.5,,
883,2025-12-20 15:00,16.2,259.3,3,0,966.5,1016.9,89.9,,
883,2025-12-20 16:00,15.1,287.3,3,0,966.7,1017.3,94.2,,
883,2025-12-20 17:00,13.1,30.5,2.3,0,967.3,1018.3,98,,
883,2025-12-20 18:00,11.8,29,4.5,0,967.6,1018.9,98.6,,
883,2025-12-20 19:00,10.7,32.2,5.1,0,968.2,1019.8,98.9,,
883,2025-12-20 20:00,9.6,27.2,6.7,0,968.3,1020.1,99.1,,
883,2025-12-20 21:00,8.3,27.4,8.4,0,969.1,1021.2,99.3,,
883,2025-12-20 22:00,8.1,38.9,5.9,0,969.6,1021.8,99.4,,
883,2025-12-20 23:00,7,24.6,8.1,0,970.5,1022.9,95.9,,
883,2025-12-21 00:00,6.5,28.8,9.8,0,970.1,1022.6,91.8,,
883,2025-12-21 01:00,5.2,30.5,9.2,0,970.1,1022.9,83.6,,
883,2025-12-21 02:00,4.7,32.8,9.4,0,969.8,1022.7,83.5,,
883,2025-12-21 03:00,4.6,32.6,11.4,0,970.1,1023,84,,
883,2025-12-21 04:00,4.4,29,10.8,0,970.4,1023.4,84.1,,
883,2025-12-21 05:00,3.8,29.5,12.2,0,970.5,1023.6,80.8,,
883,2025-12-21 06:00,3.4,28.8,12.3,0,970.4,1023.6,79.5,,
883,2025-12-21 07:00,3.3,28.3,12.4,0,970.7,1023.9,81.5,,
883,2025-12-21 08:00,3.1,27.1,11.4,0,971.3,1024.6,80.8,,
883,2025-12-21 09:00,3,28.9,10.3,0,972.3,1025.6,81,,
883,2025-12-21 10:00,3.2,28.8,10,0,973.5,1026.9,77.9,,
883,2025-12-21 11:00,3.6,34.3,10.2,0,973.2,1026.5,76.6,,
883,2025-12-21 12:00,3.2,32.7,10.9,0,973.2,1026.6,73.5,,
883,2025-12-21 13:00,3.6,33,11.4,0,972.4,1025.6,73.6,,
883,2025-12-21 14:00,3.5,30.7,11.5,0,972.2,1025.4,73.1,,
883,2025-12-21 15:00,3.7,31.5,11.3,0,972.4,1025.6,69.4,,
883,2025-12-21 16:00,2.7,36.5,8.8,0,973,1026.4,73.7,,
883,2025-12-21 17:00,1.8,28.9,9.2,0,973.3,1026.9,74.6,,
883,2025-12-21 18:00,.6,35.7,6,0,974.1,1028,79.8,,
883,2025-12-21 19:00,.6,42.6,5.6,0,974.1,1028,81.1,,
883,2025-12-21 20:00,0,43.5,5.5,0,973.9,1028,78.3,,
883,2025-12-21 21:00,-.4,48.2,4.7,0,974.4,1028.6,78.5,,
883,2025-12-21 22:00,-.3,46.6,5.1,0,974.7,1028.9,83.1,,
883,2025-12-21 23:00,-.1,49.1,5.1,0,974.9,1029,79.4,,
883,2025-12-22 00:00,-.3,47.2,4.1,0,974.7,1028.9,79.8,,
883,2025-12-22 01:00,-.3,50.1,4,0,974.5,1028.7,78.1,,
883,2025-12-22 02:00,-.4,52.5,3.9,0,974.2,1028.4,78.5,,
883,2025-12-22 03:00,-.3,66.6,4.2,0,973.9,1028,76.6,,
883,2025-12-22 04:00,-.1,70.7,4.2,0,973.8,1027.9,74.4,,
883,2025-12-22 05:00,-.7,42.5,3.7,0,973.5,1027.7,75.6,,
883,2025-12-22 06:00,-1.9,53.2,1.3,0,973.4,1027.8,80.3,,
883,2025-12-22 07:00,-1.5,99.3,2.5,0,974.1,1028.5,86.9,,
883,2025-12-22 08:00,.1,89.9,1.7,0,974.8,1028.9,83.7,,
883,2025-12-22 09:00,3.7,86.6,1.5,0,975.3,1028.7,81.4,,
883,2025-12-22 10:00,6.2,44.9,2.2,0,975.3,1028.1,73.5,,
883,2025-12-22 11:00,6.8,34.7,2.8,0,975.6,1028.3,64.9,,
883,2025-12-22 12:00,8.7,34.5,2.7,0,974.3,1026.6,59.4,,
883,2025-12-22 13:00,9.8,306.1,1.7,0,973.5,1025.5,57.8,,
883,2025-12-22 14:00,11.2,226.7,3.3,0,972.7,1024.4,52.5,,
883,2025-12-22 15:00,10.5,233.6,2.5,0,972.9,1024.8,52.8,,
883,2025-12-22 16:00,9.5,265.7,1.7,0,973,1025.1,57.4,,
883,2025-12-22 17:00,7.4,34,2.3,0,973.4,1025.9,71.3,,
883,2025-12-22 18:00,5.2,172.2,2.4,0,973.9,1026.9,78.4,,
883,2025-12-22 19:00,4.6,146.1,2.4,0,974.3,1027.4,79.8,,
883,2025-12-22 20:00,2.9,89.1,1.8,0,974.6,1028.1,84.7,,
883,2025-12-22 21:00,3.4,89.6,3.3,0,974.2,1027.6,83,,
883,2025-12-22 22:00,2.5,106.9,1.6,0,974.2,1027.8,79.2,,
883,2025-12-22 23:00,4.4,102.5,4.2,0,973.6,1026.7,70.2,,
883,2025-12-23 00:00,4.6,132.1,2.5,0,973.7,1026.8,81.2,,
883,2025-12-23 01:00,4.7,317.8,.8,0,973.8,1026.9,71.2,,
883,2025-12-23 02:00,4.3,109.5,3,0,973.4,1026.5,77.5,,
883,2025-12-23 03:00,3.5,110.4,1.9,0,972.7,1026,82,,
883,2025-12-23 04:00,7.8,136.8,4.1,0,971.3,1023.6,77.1,,
883,2025-12-23 05:00,4.5,118.4,2.2,0,971.4,1024.4,78.7,,
883,2025-12-23 06:00,6.3,159.8,3.2,0,971,1023.6,75.4,,
883,2025-12-23 07:00,6.9,120.6,4.3,0,971.1,1023.6,73.2,,
883,2025-12-23 08:00,7.5,114.6,3.1,0,971.2,1023.6,74.6,,
883,2025-12-23 09:00,10.6,164.5,2.9,0,970.5,1022.2,72.7,,
883,2025-12-23 10:00,12,162.1,7,0,970.5,1021.9,73.9,,
883,2025-12-23 11:00,12.1,180.7,6.3,0,970.1,1021.5,71.6,,
883,2025-12-23 12:00,12.5,173.5,7,0,968.9,1020.1,72.9,,
883,2025-12-23 13:00,14.6,176.4,6,0,967.8,1018.6,67.9,,
883,2025-12-23 14:00,13.2,168.8,5.9,0,966.7,1017.7,74.6,,
883,2025-12-23 15:00,13.1,167.5,4.3,0,967.1,1018.1,78.5,,
883,2025-12-23 16:00,13.5,185.1,3,0,967.2,1018.2,80.3,,
883,2025-12-23 17:00,12.9,183.7,3,0,966.8,1017.9,84.2,,
883,2025-12-23 18:00,12.6,196.5,2.9,0,966.8,1017.9,87.2,,
883,2025-12-23 19:00,12.7,219.8,2.2,0,967,1018.1,86.6,,
883,2025-12-23 20:00,12.6,204.3,2,0,966.7,1017.8,84.2,,
883,2025-12-23 21:00,12.3,192.5,2.4,0,966.3,1017.4,84.6,,
883,2025-12-23 22:00,12.3,208.6,1.6,0,966.3,1017.4,85.3,,
883,2025-12-23 23:00,11.9,189.3,1,0,965.8,1017,87.5,,
883,2025-12-24 00:00,12.3,0,0,0,965.5,1016.6,86.7,,
883,2025-12-24 01:00,12.2,0,.2,0,964.8,1015.9,89.1,,
883,2025-12-24 02:00,11.7,293.4,4.3,0,964.7,1015.9,95.7,,
883,2025-12-24 03:00,11.1,293.5,1.9,0,964.9,1016.2,98.1,,
883,2025-12-24 04:00,10.2,289.7,3.4,0,964.6,1016.1,98.5,,
883,2025-12-24 05:00,9.7,24.6,2.8,0,964,1015.5,98.7,,
883,2025-12-24 06:00,8.9,30.5,5.1,.5,964.1,1015.8,98.8,,
883,2025-12-24 07:00,8,33.1,6.8,0,963.8,1015.7,99,,
883,2025-12-24 08:00,7.4,35.9,6.1,0,963.7,1015.7,99.3,,
883,2025-12-24 09:00,6.9,30.2,7.3,0,964,1016.1,99.4,,
883,2025-12-24 10:00,6.2,28,7.2,.5,964.8,1017.1,99.3,,
883,2025-12-24 11:00,5.9,28.1,8.5,0,964.3,1016.6,99.3,,
883,2025-12-24 12:00,5.7,25,7.1,0,963.5,1015.8,99.3,,
883,2025-12-24 13:00,5.6,26.8,7.3,0,962.7,1015,99.2,,
883,2025-12-24 14:00,5.4,29.9,7.1,0,962.8,1015.1,98.2,,
883,2025-12-24 15:00,4.9,26.2,7.6,0,962.4,1014.8,96.2,,
883,2025-12-24 16:00,4.6,26.4,6.9,0,962.6,1015.1,93.7,,
883,2025-12-24 17:00,4.3,27.7,8.2,0,963.1,1015.7,92.2,,
883,2025-12-24 18:00,4.1,25.6,8.5,0,963.3,1015.9,92.7,,
883,2025-12-24 19:00,3.9,30,8.4,0,963.7,1016.4,92.6,,
883,2025-12-24 20:00,3.8,27.5,8.8,0,964,1016.7,90.4,,
883,2025-12-24 21:00,3.7,28.6,8.9,0,963.8,1016.5,90.2,,
883,2025-12-24 22:00,3.4,35,6.6,0,963.6,1016.4,89.9,,
883,2025-12-24 23:00,3.3,38.8,5.4,0,963.7,1016.5,87.7,,
883,2025-12-25 00:00,3.4,43.3,4.3,0,964.4,1017.2,84.8,,
883,2025-12-25 01:00,3.7,34.9,6.1,0,964.1,1016.9,87.8,,
883,2025-12-25 02:00,3.7,27,8.2,0,964.2,1017,86.2,,
883,2025-12-25 03:00,3.5,28.6,10.3,0,964.4,1017.2,82.5,,
883,2025-12-25 04:00,3.3,28.1,9.5,0,964.4,1017.2,82.7,,
883,2025-12-25 05:00,3.2,25.9,9.8,0,964.5,1017.4,79.4,,
883,2025-12-25 06:00,3.2,25.9,10.8,0,964.8,1017.7,77.4,,
883,2025-12-25 07:00,3.1,28.3,11.1,0,965.1,1018,74.9,,
883,2025-12-25 08:00,3,29.6,10.6,0,965.2,1018.2,73.8,,
883,2025-12-25 09:00,3,26.2,11.9,0,965.6,1018.6,72.5,,
883,2025-12-25 10:00,2.8,29.9,11.6,0,966.5,1019.6,74.6,,
883,2025-12-25 11:00,3.2,31.2,11.5,0,966.6,1019.6,71.7,,
883,2025-12-25 12:00,3.5,28.9,11.8,0,966,1018.9,68.5,,
883,2025-12-25 13:00,3.8,30.8,11,0,965.6,1018.4,63.3,,
883,2025-12-25 14:00,2.6,35.4,9.8,0,965.5,1018.6,74.5,,
883,2025-12-25 15:00,2.1,30.8,12.1,0,965.7,1018.9,80.6,,
883,2025-12-25 16:00,.8,37.7,9.5,0,966.3,1019.8,88,,
883,2025-12-25 17:00,1.1,34.7,10.8,0,967,1020.4,77.4,,
883,2025-12-25 18:00,.7,28.7,9.4,0,967.5,1021.1,69.8,,
883,2025-12-25 19:00,.2,31.8,8.3,0,968.2,1021.9,70.1,,
883,2025-12-25 20:00,-.4,35.3,11.5,0,968.4,1022.2,67.4,,
883,2025-12-25 21:00,-.8,28,12.5,0,968.7,1022.6,72.3,,
883,2025-12-25 22:00,-1.1,48.8,8.8,0,969,1023,74.3,,
883,2025-12-25 23:00,-1.6,33,12.1,0,969.1,1023.2,81.1,,
883,2025-12-26 00:00,-1.5,36.7,8.8,0,968.8,1022.9,80,,
883,2025-12-26 01:00,-1.7,43.8,8.2,0,968.8,1022.9,88.3,,
883,2025-12-26 02:00,-1.5,35.1,8.8,0,968.9,1023,80.5,,
883,2025-12-26 03:00,-1.6,35.6,10.3,0,969.3,1023.4,76.7,,
883,2025-12-26 04:00,-2.2,42.3,8.9,0,969.6,1023.9,79,,
883,2025-12-26 05:00,-3,28.4,10.9,0,969.1,1023.5,93.6,,
883,2025-12-26 06:00,-2.8,28.8,10.4,0,969.5,1023.9,92.8,,
883,2025-12-26 07:00,-2.8,27.1,9.9,0,970.3,1024.7,90.1,,
883,2025-12-26 08:00,-3.5,27.9,9.3,.5,971,1025.6,92.9,,
883,2025-12-26 09:00,-2.8,28.6,8.6,.5,971.8,1026.3,88.9,,
883,2025-12-26 10:00,-2.5,29.5,8.6,.5,972.4,1026.9,91,,
883,2025-12-26 11:00,-2.4,29.9,9,.5,972.5,1027,89.1,,
883,2025-12-26 12:00,-1.1,32.2,8.4,0,971.8,1026,79.4,,
883,2025-12-26 13:00,-1.5,26.3,8.8,.5,971.3,1025.5,77,,
883,2025-12-26 14:00,-1.9,28.4,8.3,0,971,1025.3,79,,
883,2025-12-26 15:00,-1.9,27.5,8.6,0,971.2,1025.5,77.5,,
883,2025-12-26 16:00,-2.2,30.7,9,0,971.8,1026.2,80,,
883,2025-12-26 17:00,-2.4,29.5,8.5,0,972,1026.5,74.5,,
883,2025-12-26 18:00,-2.6,33,8,0,971.8,1026.3,77.8,,
883,2025-12-26 19:00,-2.6,29.5,9.5,0,972,1026.5,73.8,,
883,2025-12-26 20:00,-2.7,32.4,7.8,0,971.9,1026.4,75.4,,
883,2025-12-26 21:00,-2.4,37,5.5,0,972.2,1026.7,79.5,,
883,2025-12-26 22:00,-2.5,47,5,0,972.3,1026.8,77.7,,
883,2025-12-26 23:00,-2.2,45.7,4.6,0,972.5,1026.9,79,,
883,2025-12-27 00:00,-2.4,59.7,3.6,0,972.4,1026.9,82,,
883,2025-12-27 01:00,-2.4,71.3,4.3,0,972.6,1027.1,82.5,,
883,2025-12-27 02:00,-2.2,63,3.1,0,972.6,1027,81.9,,
883,2025-12-27 03:00,-1.9,70.7,3.5,0,972.9,1027.3,80.6,,
883,2025-12-27 04:00,-1.6,62.4,3.7,0,972.5,1026.8,79.7,,
883,2025-12-27 05:00,-1.8,86.8,3.8,0,972.4,1026.7,80.3,,
883,2025-12-27 06:00,-1.7,100.3,3.2,0,972.4,1026.7,79.3,,
883,2025-12-27 07:00,-1.8,128.5,3,0,972.9,1027.3,78.5,,
883,2025-12-27 08:00,-1.5,80.3,4.3,0,972.7,1027,76.9,,
883,2025-12-27 09:00,.1,78.3,3.6,0,972.8,1026.8,70.7,,
883,2025-12-27 10:00,1.6,70.5,3.7,0,973.4,1027.1,66.4,,
883,2025-12-27 11:00,2.7,51.7,4,0,972.9,1026.3,62.2,,
883,2025-12-27 12:00,2.7,30.8,5.1,0,972.1,1025.5,66.5,,
883,2025-12-27 13:00,3.1,28.6,5.8,0,971.4,1024.7,68.5,,
883,2025-12-27 14:00,2.9,42.5,4.2,0,970.8,1024.1,70.6,,
883,2025-12-27 15:00,3.4,50.2,4.5,0,970.5,1023.7,71,,
883,2025-12-27 16:00,2.9,46.3,4.5,0,970.7,1024,71.3,,
883,2025-12-27 17:00,1.5,60.1,2.9,0,971.2,1024.8,76.7,,
883,2025-12-27 18:00,.7,91.4,2.8,0,971.6,1025.4,78.5,,
883,2025-12-27 19:00,.7,86,2.8,0,971.9,1025.7,77.7,,
883,2025-12-27 20:00,.2,97.5,3.7,0,971.9,1025.8,78.6,,
883,2025-12-27 21:00,-.3,99.5,3.4,0,972.3,1026.3,80.3,,
883,2025-12-27 22:00,-.1,105.9,4,0,972.5,1026.5,79.2,,
883,2025-12-27 23:00,.1,107.7,3.6,0,972.5,1026.5,77.5,,
883,2025-12-28 00:00,.7,92.4,3,0,972.1,1025.9,78.5,,
883,2025-12-28 01:00,.5,89.9,2.4,0,971.8,1025.6,78.1,,
883,2025-12-28 02:00,-.1,92.2,2.9,0,971.5,1025.4,78.5,,
883,2025-12-28 03:00,-.2,96.8,3,0,971.3,1025.3,76.9,,
883,2025-12-28 04:00,-.2,97.5,3.9,0,971,1024.9,75.6,,
883,2025-12-28 05:00,.1,94.6,3.4,0,970.8,1024.7,75.7,,
883,2025-12-28 06:00,.3,97,3.8,0,970.8,1024.6,76.6,,
883,2025-12-28 07:00,.4,104.8,3.9,0,971,1024.8,76.3,,
883,2025-12-28 08:00,1.2,106.9,3.8,0,971,1024.6,75,,
883,2025-12-28 09:00,3.6,98.3,3,0,971.5,1024.7,70,,
883,2025-12-28 10:00,6.7,109.7,1.9,0,971.8,1024.4,59.8,,
883,2025-12-28 11:00,8,215.7,1.3,0,971.2,1023.5,58.3,,
883,2025-12-28 12:00,8.9,262.5,1.3,0,970.4,1022.4,55.3,,
883,2025-12-28 13:00,8.7,186.2,2.3,0,969.4,1021.4,55.6,,
883,2025-12-28 14:00,10,223.2,1,0,968.5,1020.2,56.6,,
883,2025-12-28 15:00,8.6,190.2,1.8,0,968.2,1020.2,61.9,,
883,2025-12-28 16:00,8.6,218.2,2.1,0,968.4,1020.4,62.9,,
883,2025-12-28 17:00,7.6,196.1,2.5,0,968.3,1020.5,69.6,,
883,2025-12-28 18:00,6.5,177.7,3,0,968.4,1020.8,75.1,,
883,2025-12-28 19:00,5.7,173.9,3.6,0,968.5,1021.1,77.4,,
883,2025-12-28 20:00,6.7,198.1,3.1,0,968.6,1021,77.7,,
883,2025-12-28 21:00,7.3,204.9,3.2,0,968.6,1020.9,75,,
883,2025-12-28 22:00,7.5,195.1,3.3,0,968.2,1020.4,74.3,,
883,2025-12-28 23:00,7.3,210.3,3.5,0,968.1,1020.3,75.4,,
883,2025-12-29 00:00,6.5,207.3,3.2,0,968.3,1020.7,72,,
883,2025-12-29 01:00,6.3,213.9,3.1,0,968.2,1020.6,72.4,,
883,2025-12-29 02:00,5.9,224.2,2.6,0,968.1,1020.6,77.2,,
883,2025-12-29 03:00,5.7,204.5,2.7,0,967.7,1020.2,78.7,,
883,2025-12-29 04:00,5.6,200.9,2.9,0,967.4,1019.9,77.9,,
883,2025-12-29 05:00,5.7,199.9,2.9,0,966.9,1019.4,78.3,,
883,2025-12-29 06:00,6.1,195.6,3.3,0,967,1019.4,78.5,,
883,2025-12-29 07:00,6.3,180.6,3.3,0,967.2,1019.6,79.9,,
883,2025-12-29 08:00,6.4,176.1,2.6,0,967.7,1020.1,80.7,,
883,2025-12-29 09:00,8.6,207.6,2.4,0,968.1,1020.1,76.3,,
883,2025-12-29 10:00,10.5,225.8,3,0,968.6,1020.2,70.8,,
883,2025-12-29 11:00,12.3,240.6,2.7,0,968.2,1019.4,68,,
883,2025-12-29 12:00,11.3,284.5,3.5,0,967.3,1018.7,71.1,,
883,2025-12-29 13:00,12.1,255.1,3.8,0,966.3,1017.5,64.8,,
883,2025-12-29 14:00,13.2,254.4,3.5,0,965.9,1016.8,62.3,,
883,2025-12-29 15:00,12.3,257.9,3.5,0,966,1017.1,65.1,,
883,2025-12-29 16:00,12,272,3.2,0,966.3,1017.5,66.5,,
883,2025-12-29 17:00,10.6,287.5,3.4,0,966.6,1018.1,68.7,,
883,2025-12-29 18:00,9.4,300.6,2.1,0,967.2,1019,74.7,,
883,2025-12-29 19:00,9,23.9,1.3,0,967.7,1019.6,82,,
883,2025-12-29 20:00,8.4,43.2,.9,0,968,1020,85.8,,
883,2025-12-29 21:00,8,41.3,2.1,0,968.1,1020.2,90.6,,
883,2025-12-29 22:00,7.7,45.6,2.1,0,968.3,1020.5,92.2,,
883,2025-12-29 23:00,7,48.2,2.3,0,968,1020.3,92.8,,
883,2025-12-30 00:00,6.4,58.4,3.1,0,968.1,1020.5,92,,
883,2025-12-30 01:00,6.8,46.6,3.7,0,968,1020.3,91.6,,
883,2025-12-30 02:00,6.5,36.3,4.8,0,968,1020.4,93.3,,
883,2025-12-30 03:00,5.8,38.7,5.1,0,967.7,1020.2,92.9,,
883,2025-12-30 04:00,5,37.8,5.5,0,967.7,1020.4,93.3,,
883,2025-12-30 05:00,4.2,39.5,6.1,0,967.3,1020.1,91,,
883,2025-12-30 06:00,3.4,39.5,5.6,0,967.6,1020.6,88.6,,
883,2025-12-30 07:00,3.1,50.7,6,0,968,1021.1,87.8,,
883,2025-12-30 08:00,2.7,52.4,5.4,0,968.6,1021.8,87,,
883,2025-12-30 09:00,3.3,50.1,5.9,0,969.4,1022.5,85.8,,
883,2025-12-30 10:00,4.7,46.4,6,0,970.3,1023.2,75.2,,
883,2025-12-30 11:00,4.7,44.6,7.3,0,970.1,1023,70.6,,
883,2025-12-30 12:00,5.3,52.4,6.9,0,969.9,1022.6,54.8,,
883,2025-12-30 13:00,5.7,43,7,0,969.2,1021.8,43.9,,
883,2025-12-30 14:00,7.4,50.9,5.6,0,968.7,1020.9,33.1,,
883,2025-12-30 15:00,6.2,33.5,6.9,0,968.4,1020.9,40.4,,
883,2025-12-30 16:00,5.8,37.4,6.2,0,968.3,1020.9,46.5,,
883,2025-12-30 17:00,3.9,32.5,6.6,0,968.2,1021.1,54.7,,
883,2025-12-30 18:00,2.4,47.7,4.7,0,968.8,1022.1,67.3,,
883,2025-12-30 19:00,2.2,49.1,4.2,0,969.4,1022.7,70.7,,
883,2025-12-30 20:00,2.9,52.9,4.7,0,969.7,1022.9,55,,
883,2025-12-30 21:00,2.9,58.9,4,0,970.1,1023.3,50.8,,
883,2025-12-30 22:00,2.9,47.7,4.1,0,970.3,1023.6,51.7,,
883,2025-12-30 23:00,2.7,52.5,4.4,0,970.8,1024.1,57.2,,
883,2025-12-31 00:00,2.6,60.6,5.1,0,970.5,1023.8,57,-9.97,17.9
883,2025-12-31 01:00,2.5,55,4.6,0,970.2,1023.5,60.5,,
883,2025-12-31 02:00,2.5,49.5,5,0,970.2,1023.5,60.1,,
883,2025-12-31 03:00,1.8,46.3,4.8,0,970.4,1023.9,58.8,,
883,2025-12-31 04:00,1.6,45,5.9,0,970.2,1023.7,63,,
883,2025-12-31 05:00,1.3,49.7,5.6,0,970.3,1023.9,65.4,,
883,2025-12-31 06:00,1.5,48,5.7,0,970.6,1024.2,69.1,,
883,2025-12-31 07:00,1.4,46.7,5.4,0,970.8,1024.4,73,,
883,2025-12-31 08:00,1.9,40.2,5.8,0,971.1,1024.6,75.5,,
883,2025-12-31 09:00,2.7,35.4,6.5,0,971.8,1025.2,78.4,,
883,2025-12-31 10:00,2,31.2,9.7,0,972.5,1026.1,81.5,,
883,2025-12-31 11:00,1.9,30.3,10.9,0,972,1025.6,77.3,,
883,2025-12-31 12:00,1.4,34.4,9,0,971.1,1024.7,79.6,,
883,2025-12-31 13:00,1.9,30.9,8.8,0,970.5,1024,74.5,,
883,2025-12-31 14:00,.7,27,10.6,0,969.7,1023.4,73.9,,
883,2025-12-31 15:00,.3,30,9.7,0,970,1023.8,74.2,,
883,2025-12-31 16:00,-.7,30,9.2,0,970.5,1024.5,76.9,,
883,2025-12-31 17:00,-1.3,27.7,10.9,0,970.6,1024.7,75.5,,
883,2025-12-31 18:00,-1.7,30.2,11.3,0,970.5,1024.7,78.1,,
883,2025-12-31 19:00,-1.9,30.3,11.2,0,971.4,1025.7,77.7,,
883,2025-12-31 20:00,-1.9,30.6,10.9,0,971.1,1025.4,79.2,,
883,2025-12-31 21:00,-2,33.7,8.4,0,971.2,1025.5,81.3,,
883,2025-12-31 22:00,-2,32.9,7.8,0,971.6,1025.9,81.1,,
883,2025-12-31 23:00,-1.9,36.7,8.3,0,971,1025.3,83.2,,
