지점,일시,기온(°C),풍향(deg),풍속(m/s),강수량(mm),현지기압(hPa),해면기압(hPa),습도(%),일사(MJ/m^2),일조(hr)
883,2024-01-01 00:00,4.1,30.8,7.3,0,971.7,1024.8,80.2,,
883,2024-01-01 01:00,4,31.1,5.1,0,971.9,1025,75.9,,
883,2024-01-01 02:00,3.9,39.6,3.9,0,972.4,1025.4,79,,
883,2024-01-01 03:00,3.7,43.6,3.6,0,972.6,1025.7,77.5,,
883,2024-01-01 04:00,3.7,68.5,4.3,0,972.8,1025.9,82.4,,
883,2024-01-01 05:00,3.7,52.7,3.5,0,972.8,1025.9,79.4,,
883,2024-01-01 06:00,3.1,64.6,3.3,0,973.1,1026.3,80.1,,
883,2024-01-01 07:00,2.9,64.1,2.2,0,973.4,1026.7,79.3,,
883,2024-01-01 08:00,3.4,94.7,3.3,0,973.9,1027.1,76.1,,
883,2024-01-01 09:00,5,98.7,1.3,0,974.3,1027.3,71.5,,
883,2024-01-01 10:00,6.2,53.5,1.3,0,975,1027.7,65,,
883,2024-01-01 11:00,6.9,22.4,2,0,974.9,1027.4,65.5,,
883,2024-01-01 12:00,6.9,4.2,3.2,0,974.4,1026.9,62.4,,
883,2024-01-01 13:00,7.5,26.9,4,0,973.6,1025.9,66.2,,
883,2024-01-01 14:00,6.8,34.8,4.6,0,973.1,1025.6,74.1,,
883,2024-01-01 15:00,6.6,37.2,4.3,0,972.7,1025.2,78.8,,
883,2024-01-01 16:00,6.3,48.4,4.1,0,972.3,1024.9,81.2,,
883,2024-01-01 17:00,5.8,57.3,3.1,0,972.1,1024.8,85.4,,
883,2024-01-01 18:00,5.6,79.7,3,0,972.2,1024.9,85.4,,
883,2024-01-01 19:00,5.4,43.8,1,0,972.5,1025.3,83.7,,
883,2024-01-01 20:00,5.2,42.2,2.1,0,972.5,1025.3,86.4,,
883,2024-01-01 21:00,5.2,18.6,3.3,0,972.7,1025.6,87.2,,
883,2024-01-01 22:00,5.4,67.9,3.5,0,972.7,1025.5,86.5,,
883,2024-01-01 23:00,5.2,56.1,3.1,0,972.7,1025.6,88.2,,
883,2024-01-02 00:00,5.1,53.4,2.8,0,972.2,1025.1,90.4,,
883,2024-01-02 01:00,4.6,44.5,2.8,0,971.6,1024.5,90.4,,
883,2024-01-02 02:00,3.4,76.4,2.6,0,971.5,1024.6,92.3,,
883,2024-01-02 03:00,3.4,105.4,3.7,0,971.2,1024.3,90.3,,
883,2024-01-02 04:00,3.4,105.5,4,0,970.9,1023.9,88,,
883,2024-01-02 05:00,3.3,94.4,3.9,0,970.9,1024,90.7,,
883,2024-01-02 06:00,4.4,70.1,3.5,0,970.6,1023.5,80.6,,
883,2024-01-02 07:00,3.8,65.3,3.7,0,970.7,1023.6,82.3,,
883,2024-01-02 08:00,3.9,93.5,3.7,0,970.3,1023.2,78.8,,
883,2024-01-02 09:00,5.5,69.3,2.6,0,970.5,1023.2,72.8,,
883,2024-01-02 10:00,7.6,35.4,2.5,0,971.1,1023.3,68.1,,
883,2024-01-02 11:00,9.1,3.5,1.8,0,970.8,1022.8,62.9,,
883,2024-01-02 12:00,9.9,321.6,1.4,0,969.4,1021.1,60.4,,
883,2024-01-02 13:00,9.3,317.8,2.6,0,968.7,1020.5,62.6,,
883,2024-01-02 14:00,8.8,319.3,3.4,0,968.3,1020,67.2,,
883,2024-01-02 15:00,8,16.1,2.7,0,967.9,1019.8,76.3,,
883,2024-01-02 16:00,7.1,28.1,3.2,0,968,1020.1,80.9,,
883,2024-01-02 17:00,6.8,24.3,3.5,0,967.9,1020.1,84.6,,
883,2024-01-02 18:00,6.1,62.3,3.6,0,967.9,1020.3,87.8,,
883,2024-01-02 19:00,5.9,26.6,2.4,0,968.3,1020.7,90.4,,
883,2024-01-02 20:00,5,60.6,2.5,0,968,1020.6,92.7,,
883,2024-01-02 21:00,5,66.9,2.9,0,968,1020.6,90.2,,
883,2024-01-02 22:00,3.9,71.4,2.8,0,967.8,1020.6,90.3,,
883,2024-01-02 23:00,3.3,79.1,3.3,0,967.6,1020.5,89.7,,
883,2024-01-03 00:00,4.2,69.7,2.6,0,967.7,1020.5,94.1,,
883,2024-01-03 01:00,5,63.1,1.4,0,967.6,1020.2,92.3,,
883,2024-01-03 02:00,5.1,43.8,1.5,0,967.1,1019.7,92.5,,
883,2024-01-03 03:00,5.2,39.8,2.4,0,966.7,1019.2,92.5,,
883,2024-01-03 04:00,5,61.3,3,0,965.9,1018.4,90.6,,
883,2024-01-03 05:00,5,31.3,1.7,0,965.5,1018,89.7,,
883,2024-01-03 06:00,4.5,24.8,4.6,2,965.3,1017.9,98.2,,
883,2024-01-03 07:00,4,29.1,5.4,1,965.8,1018.6,99.3,,
883,2024-01-03 08:00,3.4,21.3,5.7,1,966.3,1019.1,99.3,,
883,2024-01-03 09:00,3.2,33.6,5.7,2,966.7,1019.6,98.6,,
883,2024-01-03 10:00,3.6,27.1,5.9,0,966.8,1019.6,96.8,,
883,2024-01-03 11:00,4.1,26.6,7.4,0,966.5,1019.3,84.5,,
883,2024-01-03 12:00,4.8,26.7,7.4,0,966.5,1019.1,80.2,,
883,2024-01-03 13:00,4.6,33.4,6.3,0,966.3,1019,74.7,,
883,2024-01-03 14:00,4.8,34.2,7.3,0,966.1,1018.7,73.1,,
883,2024-01-03 15:00,5.4,27.2,5.6,0,966.4,1018.9,68.1,,
883,2024-01-03 16:00,4.4,33.9,5.5,0,967,1019.7,64.3,,
883,2024-01-03 17:00,4.3,32.7,5.4,0,967.7,1020.5,64.6,,
883,2024-01-03 18:00,4.1,31.6,5.9,0,968.5,1021.4,62.3,,
883,2024-01-03 19:00,4.2,8.9,5.2,0,969,1021.9,58.9,,
883,2024-01-03 20:00,4.4,62.5,4.2,0,969.2,1022.1,56.6,,
883,2024-01-03 21:00,4.2,28.8,5.5,0,969.3,1022.2,60.9,,
883,2024-01-03 22:00,3.4,21.6,5.5,0,969.6,1022.6,59.4,,
883,2024-01-03 23:00,2.8,27.2,6.8,0,969.4,1022.5,63.2,,
883,2024-01-04 00:00,2.5,34.4,6.4,0,969.2,1022.4,65.7,,
883,2024-01-04 01:00,2.4,26.3,6.8,0,969.2,1022.4,64.5,,
883,2024-01-04 02:00,2.2,27.3,5.4,0,969.5,1022.7,68.8,,
883,2024-01-04 03:00,1.5,32.5,3.9,0,969.4,1022.8,73.4,,
883,2024-01-04 04:00,1.4,40.8,3.6,0,968.9,1022.3,75.4,,
883,2024-01-04 05:00,1.1,35.1,2.8,0,969.3,1022.8,79.1,,
883,2024-01-04 06:00,.6,28.8,2.6,0,969.5,1023.1,84.4,,
883,2024-01-04 07:00,1.6,42.9,3,0,969.9,1023.3,78.8,,
883,2024-01-04 08:00,1.6,59,2.5,0,970.4,1023.8,80.3,,
883,2024-01-04 09:00,3.2,53.1,2,0,971.3,1024.4,73,,
883,2024-01-04 10:00,4.9,31.2,2.5,0,971.8,1024.7,68.2,,
883,2024-01-04 11:00,5.9,40.8,2.5,0,971.7,1024.3,60.9,,
883,2024-01-04 12:00,5.9,312.2,2.7,0,971,1023.6,54.4,,
883,2024-01-04 13:00,6.8,312.2,2.9,0,970.5,1022.8,61.3,,
883,2024-01-04 14:00,6.6,322.7,2.8,0,969.8,1022.1,61.2,,
883,2024-01-04 15:00,7.4,272.9,3.4,0,969.7,1021.8,61.2,,
883,2024-01-04 16:00,6.4,326.8,2.1,0,969.9,1022.3,68.5,,
883,2024-01-04 17:00,5.6,328.6,1,0,970,1022.6,69.6,,
883,2024-01-04 18:00,3.5,124,1,0,970,1023,81.9,,
883,2024-01-04 19:00,2.1,147,2.5,0,969.9,1023.2,86.6,,
883,2024-01-04 20:00,3.5,157,3.1,0,970.4,1023.4,83.3,,
883,2024-01-04 21:00,3.5,168.3,3.8,0,970.5,1023.5,83.1,,
883,2024-01-04 22:00,3.4,182.2,3.8,0,970.5,1023.5,85.5,,
883,2024-01-04 23:00,3.8,181.2,4.3,0,970.5,1023.4,85,,
883,2024-01-05 00:00,3.5,176.9,4.4,0,970.2,1023.2,86.9,,
883,2024-01-05 01:00,3.3,170.4,4.9,0,969.9,1022.9,89.3,,
883,2024-01-05 02:00,3.4,166.9,4.2,0,969.9,1022.9,90.5,,
883,2024-01-05 03:00,4.6,178.9,4,0,970,1022.9,88.1,,
883,2024-01-05 04:00,5.2,192,3.9,0,969.9,1022.6,88.7,,
883,2024-01-05 05:00,5.4,197.6,3.4,0,969.7,1022.3,87.1,,
883,2024-01-05 06:00,5.7,215.9,2.9,0,970.2,1022.8,86.7,,
883,2024-01-05 07:00,5.8,206.2,2.9,0,970.4,1023,85.4,,
883,2024-01-05 08:00,6.1,213.7,2.4,0,970.6,1023.1,83.9,,
883,2024-01-05 09:00,7.1,208.5,2.5,0,970.9,1023.2,79.8,,
883,2024-01-05 10:00,8.3,205.2,2.7,0,971,1023,75.7,,
883,2024-01-05 11:00,9.3,206,3.2,0,970.8,1022.8,68.7,,
883,2024-01-05 12:00,10,228.5,4,0,970.1,1021.8,64.4,,
883,2024-01-05 13:00,10.2,228,3.7,0,969.1,1020.7,65.8,,
883,2024-01-05 14:00,11,232.8,4.1,0,968.4,1019.8,61.4,,
883,2024-01-05 15:00,10.5,240,3,0,968,1019.5,65.6,,
883,2024-01-05 16:00,10.3,244.4,2.9,0,968,1019.5,69.4,,
883,2024-01-05 17:00,9.2,247.8,2.3,0,968.2,1020,75.8,,
883,2024-01-05 18:00,7.7,210.7,1.9,0,968.6,1020.6,78.8,,
883,2024-01-05 19:00,7.4,228.8,1.3,0,968.8,1020.9,75.6,,
883,2024-01-05 20:00,6.8,203.7,1.4,0,968.8,1021,82.9,,
883,2024-01-05 21:00,7.1,175.3,2,0,968.7,1020.9,85.2,,
883,2024-01-05 22:00,7.3,210.6,1.5,0,968.7,1020.8,83.9,,
883,2024-01-05 23:00,5.4,159.7,.9,0,968.6,1021.2,87.5,,
883,2024-01-06 00:00,6.2,152.6,.7,0,968.6,1021,87.6,,
883,2024-01-06 01:00,6.5,325.4,1.5,0,968.2,1020.5,81.6,,
883,2024-01-06 02:00,6.9,60.5,3.2,0,968.1,1020.3,94,,
883,2024-01-06 03:00,6.7,27.5,4.9,0,968,1020.2,95.7,,
883,2024-01-06 04:00,6.5,24.1,4.6,0,967.8,1020.1,94.3,,
883,2024-01-06 05:00,6.2,21.4,4.6,0,967.8,1020.1,91.6,,
883,2024-01-06 06:00,5.7,25.7,5.9,0,967.8,1020.3,92.2,,
883,2024-01-06 07:00,4.7,36.3,4.7,0,968.2,1020.9,92.5,,
883,2024-01-06 08:00,4.4,39.7,4.9,0,968.5,1021.3,92.4,,
883,2024-01-06 09:00,4.3,34,6,0,969.1,1022,89.2,,
883,2024-01-06 10:00,5,37.4,7.7,0,969.2,1021.9,82.8,,
883,2024-01-06 11:00,6.3,48.5,6.2,0,968.8,1021.2,69.2,,
883,2024-01-06 12:00,7.1,42.9,6.3,0,968.2,1020.3,54.9,,
883,2024-01-06 13:00,7.8,36.4,6.5,0,967.8,1019.7,53.6,,
883,2024-01-06 14:00,7.6,34.4,6.5,0,967.5,1019.5,49.2,,
883,2024-01-06 15:00,6.9,35.1,6.1,0,968,1020.2,41.1,,
883,2024-01-06 16:00,5.7,23.1,6.6,0,968.2,1020.7,58,,
883,2024-01-06 17:00,4.6,33.1,5.4,0,968.8,1021.6,63.7,,
883,2024-01-06 18:00,3.1,27.1,5.5,0,969.3,1022.3,72.2,,
883,2024-01-06 19:00,2.7,29.8,4.7,0,969.6,1022.7,70.3,,
883,2024-01-06 20:00,3.2,28,6.4,0,969.6,1022.6,67.5,,
883,2024-01-06 21:00,2.1,28.5,5.4,0,970,1023.3,67.4,,
883,2024-01-06 22:00,1.9,26.9,4.6,0,970.4,1023.8,73.5,,
883,2024-01-06 23:00,2.6,25.9,4.5,0,970.8,1024,73.1,,
883,2024-01-07 00:00,2.2,27.8,3.8,0,970.9,1024.2,72.8,,
883,2024-01-07 01:00,3.4,33,4.2,0,970.7,1023.7,68.7,,
883,2024-01-07 02:00,3.3,26.6,4.3,0,970.5,1023.5,66.5,,
883,2024-01-07 03:00,3.2,31.4,6.2,0,970.4,1023.5,65.8,,
883,2024-01-07 04:00,3.1,36.6,6,0,970.3,1023.4,64.5,,
883,2024-01-07 05:00,2.8,24.8,6,0,970.3,1023.5,65,,
883,2024-01-07 06:00,2.1,25.7,6.4,0,970.5,1023.8,76.6,,
883,2024-01-07 07:00,2.1,32.1,6.2,0,970.9,1024.3,71.3,,
883,2024-01-07 08:00,2.1,38.4,5.8,0,971.7,1025.1,66.2,,
883,2024-01-07 09:00,2.1,16.2,6.2,0,972.3,1025.7,59.7,,
883,2024-01-07 10:00,2,37.4,6.1,0,972.6,1026.1,62.4,,
883,2024-01-07 11:00,2.6,40.8,5.2,0,972.8,1026.1,58.4,,
883,2024-01-07 12:00,3,32.9,6.9,0,972.3,1025.5,55.8,,
883,2024-01-07 13:00,2.5,30.9,8.7,0,971.8,1025.1,67.3,,
883,2024-01-07 14:00,2.4,25.7,8.5,0,971.4,1024.7,75.9,,
883,2024-01-07 15:00,2.1,18.4,7,0,971.7,1025.1,57.5,,
883,2024-01-07 16:00,1.6,28.6,9.7,0,971.9,1025.4,63.8,,
883,2024-01-07 17:00,1.4,32.8,8.1,0,972.1,1025.7,69.7,,
883,2024-01-07 18:00,1,25.8,8.6,0,972.5,1026.2,70.7,,
883,2024-01-07 19:00,1,27.4,8.4,0,972.7,1026.4,77,,
883,2024-01-07 20:00,1.3,27.7,8.4,0,972.6,1026.2,72.3,,
883,2024-01-07 21:00,1.3,25.8,8.5,0,972.9,1026.6,73.7,,
883,2024-01-07 22:00,.8,28.7,8.2,0,973.2,1027,81.7,,
883,2024-01-07 23:00,.5,25.9,7.6,0,973.5,1027.4,78.5,,
883,2024-01-08 00:00,.3,35.6,5.8,0,973.4,1027.3,75.9,,
883,2024-01-08 01:00,.2,34.1,6.4,0,973.2,1027.1,78.9,,
883,2024-01-08 02:00,0,32.8,4.9,0,973.4,1027.4,73.9,,
883,2024-01-08 03:00,-.3,42.9,3.6,0,973.1,1027.1,73.1,,
883,2024-01-08 04:00,-.4,28,4.9,0,973.1,1027.2,74.8,,
883,2024-01-08 05:00,-.7,33.9,4.4,0,973.1,1027.2,76.6,,
883,2024-01-08 06:00,-1.2,39.7,4.6,0,972.5,1026.6,76.1,,
883,2024-01-08 07:00,-1.1,59.2,3.4,0,973.1,1027.3,76.9,,
883,2024-01-08 08:00,-1.2,65.3,3.7,0,973.5,1027.7,76.2,,
883,2024-01-08 09:00,-.5,60.9,3.7,0,973.5,1027.6,73.5,,
883,2024-01-08 10:00,.3,45.2,4.4,0,973.6,1027.5,68.8,,
883,2024-01-08 11:00,2.5,30.7,4.5,0,973.1,1026.5,63.7,,
883,2024-01-08 12:00,2.9,41.3,2.7,0,972.2,1025.4,62.9,,
883,2024-01-08 13:00,4.8,183.7,2.7,0,971.7,1024.6,66.6,,
883,2024-01-08 14:00,2.6,332.9,4.1,0,971.4,1024.7,71.3,,
883,2024-01-08 15:00,2.4,28.3,2.8,0,971.3,1024.6,74.6,,
883,2024-01-08 16:00,1.9,29.2,2.8,0,971.4,1024.8,78.2,,
883,2024-01-08 17:00,1.5,23.2,1.6,0,971.8,1025.3,81.1,,
883,2024-01-08 18:00,1,138.4,1.6,0,971.7,1025.4,84,,
883,2024-01-08 19:00,-.7,106.1,1.8,0,971.6,1025.7,85.4,,
883,2024-01-08 20:00,.4,88.3,2.7,0,971.5,1025.3,82.8,,
883,2024-01-08 21:00,.4,92.1,2.1,0,971.5,1025.3,84.8,,
883,2024-01-08 22:00,.7,97.3,2.7,0,970.7,1024.4,85,,
883,2024-01-08 23:00,-.1,103.1,1.1,0,970.5,1024.4,88.5,,
883,2024-01-09 00:00,-.5,113.7,2,0,970.4,1024.3,90.1,,
883,2024-01-09 01:00,-.5,163.6,2.8,0,969.6,1023.5,91,,
883,2024-01-09 02:00,1.1,173.7,2.8,0,969.4,1022.9,85.1,,
883,2024-01-09 03:00,2.2,161,2.6,0,969.4,1022.6,78.2,,
883,2024-01-09 04:00,1.7,136.9,2.1,0,969.2,1022.6,84.2,,
883,2024-01-09 05:00,1.9,155.6,1.4,0,969.1,1022.4,86.5,,
883,2024-01-09 06:00,3.4,161.4,2.5,0,969.3,1022.3,87.9,,
883,2024-01-09 07:00,4.2,167.9,2.9,0,969,1021.9,87.7,,
883,2024-01-09 08:00,4.5,163.7,3.5,0,968.6,1021.4,86,,
883,2024-01-09 09:00,5.8,161.7,3.3,0,968.8,1021.3,80.1,,
883,2024-01-09 10:00,6.8,184.1,3.4,0,968.5,1020.7,78.8,,
883,2024-01-09 11:00,7,172.9,4.6,0,968.3,1020.5,76.8,,
883,2024-01-09 12:00,7.4,171.1,4,0,967.3,1019.3,77.1,,
883,2024-01-09 13:00,7,157.3,3.6,0,966.3,1018.4,84.9,,
883,2024-01-09 14:00,6.5,183.9,2.8,0,965.9,1018.1,94.2,,
883,2024-01-09 15:00,7.4,191.4,2.7,0,965.2,1017.1,84.4,,
883,2024-01-09 16:00,7.5,186.9,2.9,0,964.7,1016.6,86.7,,
883,2024-01-09 17:00,7.4,180.4,3.1,0,964.6,1016.5,89.8,,
883,2024-01-09 18:00,7.5,194.9,3.1,0,964.6,1016.4,92,,
883,2024-01-09 19:00,7.3,221.1,3.1,0,964.9,1016.8,96,,
883,2024-01-09 20:00,7.5,245.9,2.5,.5,965.2,1017.1,98.2,,
883,2024-01-09 21:00,,,,2.5,,,,,
883,2024-01-10 05:00,3.3,29,6.7,.5,964.5,1017.2,98.8,,
883,2024-01-10 06:00,,,,0,,,,,
883,2024-01-10 07:00,2.5,31.8,6.4,0,964.9,1017.8,96.5,,
883,2024-01-10 08:00,2.3,25.8,8.3,0,964.9,1017.9,95,,
883,2024-01-10 09:00,2,26.3,8.9,0,965.2,1018.3,92.6,,
883,2024-01-10 10:00,2.3,25.5,9,0,965.7,1018.7,91.4,,
883,2024-01-10 11:00,2.3,27.5,8.6,0,966,1019,83.6,,
883,2024-01-10 12:00,2.6,28.4,9.8,0,965.8,1018.8,74,,
883,2024-01-10 13:00,3.4,29.5,9.9,0,965.4,1018.1,71.2,,
883,2024-01-10 14:00,3.1,24.4,9.4,0,965.4,1018.2,77.3,,
883,2024-01-10 15:00,2.9,26.2,9.1,0,965.6,1018.5,76.8,,
883,2024-01-10 16:00,2.2,30.8,9,0,965.8,1018.8,74,,
883,2024-01-10 17:00,1.8,27.4,9.1,0,966.3,1019.5,74.4,,
883,2024-01-10 18:00,1.7,27,7.6,0,966.8,1020,73.8,,
883,2024-01-10 19:00,1.8,28.3,7.1,0,967.5,1020.7,77.8,,
883,2024-01-10 20:00,1.8,28.8,6.3,0,967.8,1021.1,80.3,,
883,2024-01-10 21:00,1.7,27.7,8,0,967.9,1021.2,78.7,,
883,2024-01-10 22:00,1.2,32.5,5.5,0,968.2,1021.6,79,,
883,2024-01-10 23:00,1.1,41.2,4.2,0,967.8,1021.2,78.4,,
883,2024-01-11 00:00,.3,53.2,3.2,0,967.8,1021.4,83,,
883,2024-01-11 01:00,.1,54.4,3.8,0,967.3,1020.9,81.4,,
883,2024-01-11 02:00,.2,60.1,4.2,0,967.1,1020.7,81.3,,
883,2024-01-11 03:00,1.1,48.8,3.9,0,967.5,1020.9,80,,
883,2024-01-11 04:00,1,50.7,4.4,0,967.3,1020.7,81.3,,
883,2024-01-11 05:00,1.1,33,4.4,0,967.6,1021,79.4,,
883,2024-01-11 06:00,1.4,41.9,3.9,0,967.5,1020.8,80.7,,
883,2024-01-11 07:00,1.7,27.4,5.6,0,967.5,1020.8,82.2,,
883,2024-01-11 08:00,1.7,25.1,5.6,0,967.5,1020.8,80.3,,
883,2024-01-11 09:00,2.2,25.8,5.3,0,967.7,1020.9,72.8,,
883,2024-01-11 10:00,3.9,32.6,5.3,0,968.3,1021.1,70.3,,
883,2024-01-11 11:00,3.7,20.6,5.1,0,968.1,1020.9,71.8,,
883,2024-01-11 12:00,3.9,30.8,6,0,967.5,1020.2,66.6,,
883,2024-01-11 13:00,4.6,33.8,4.3,0,967,1019.7,70.8,,
883,2024-01-11 14:00,5,30.5,3.7,0,966.5,1019.1,65.5,,
883,2024-01-11 15:00,5.3,34.5,2.5,0,966.1,1018.6,67.9,,
883,2024-01-11 16:00,5.1,292.7,2.7,0,966.3,1018.8,71.2,,
883,2024-01-11 17:00,4.9,301.1,4.7,0,966.2,1018.8,70.5,,
883,2024-01-11 18:00,3.8,316.6,1.9,0,966.1,1018.8,72.5,,
883,2024-01-11 19:00,3.9,316.9,2.4,0,966.3,1019,75.1,,
883,2024-01-11 20:00,3.6,338.5,1.2,0,966.4,1019.2,78.3,,
883,2024-01-11 21:00,3.8,319.9,2.4,0,966.4,1019.1,79.4,,
883,2024-01-11 22:00,3.4,0,.2,0,966.3,1019.1,82.1,,
883,2024-01-11 23:00,4,257.4,.6,0,966.3,1019.1,82.1,,
883,2024-01-12 00:00,4.4,275.7,1.5,0,966.4,1019.1,82,,
883,2024-01-12 01:00,5,282.2,2,0,966.6,1019.2,80.4,,
883,2024-01-12 02:00,5.2,296.7,2.1,0,966.4,1018.9,78.2,,
883,2024-01-12 03:00,5.9,300.9,2.9,0,966.4,1018.7,77.1,,
883,2024-01-12 04:00,6.2,315.2,3.2,0,966.2,1018.5,76.6,,
883,2024-01-12 05:00,6.5,305.7,3.1,0,965.8,1018,74.6,,
883,2024-01-12 06:00,6.8,310.5,3.3,0,965.9,1018,75.8,,
883,2024-01-12 07:00,7.1,278.6,3.1,0,966.3,1018.3,70.4,,
883,2024-01-12 08:00,7,289.8,3,0,966.4,1018.5,72.7,,
883,2024-01-12 09:00,7.2,28.3,2.3,0,966.5,1018.5,78.2,,
883,2024-01-12 10:00,8,29.6,3.2,0,966.8,1018.6,82.1,,
883,2024-01-12 11:00,8.4,34.7,3.2,0,966.7,1018.4,78.2,,
883,2024-01-12 12:00,8.3,22.7,4.1,0,966.3,1018,78.8,,
883,2024-01-12 13:00,9.1,33.2,3.7,0,966.1,1017.9,72.7,,
883,2024-01-12 14:00,8.8,27.9,3.6,0,966.1,1017.7,76.9,,
883,2024-01-12 15:00,8.6,27.5,4.1,0,965.9,1017.5,78.9,,
883,2024-01-12 16:00,8,27.7,4.1,0,966.1,1017.9,80.6,,
883,2024-01-12 17:00,7.1,26.7,3.8,0,966.5,1018.5,84.9,,
883,2024-01-12 18:00,5.7,30.1,3.4,0,966.7,1019.1,89.4,,
883,2024-01-12 19:00,5.7,35,2.8,0,966.9,1019.3,90.8,,
883,2024-01-12 20:00,5.3,32.2,2.7,0,967.4,1019.9,90.8,,
883,2024-01-12 21:00,4.5,36.5,3,0,967.7,1020.5,85.2,,
883,2024-01-12 22:00,4,61.4,4,0,967.8,1020.7,74,,
883,2024-01-12 23:00,3.3,47.1,4.1,0,968,1020.9,74.4,,
883,2024-01-13 00:00,2.8,57.2,4.2,0,967.9,1020.9,68.5,,
883,2024-01-13 01:00,2.4,50.6,3.5,0,967.9,1021,68.4,,
883,2024-01-13 02:00,2.7,65.4,6.5,0,968,1021,65.5,,
883,2024-01-13 03:00,2.3,53.8,6.1,0,968.2,1021.4,55.7,,
883,2024-01-13 04:00,3.3,62,5.3,0,968.5,1021.4,36.9,,
883,2024-01-13 05:00,3.4,72.7,7.4,0,968.6,1021.5,34.3,,
883,2024-01-13 06:00,3.2,68.9,6.4,0,969,1022,33.6,,
883,2024-01-13 07:00,3.5,50.7,4.9,0,969.7,1022.7,30,,
883,2024-01-13 08:00,3.6,67.6,6.1,0,970.3,1023.3,29.1,,
883,2024-01-13 09:00,4.8,56,5.3,0,970.9,1023.8,26.9,,
883,2024-01-13 10:00,5.7,42.5,5.4,0,971.9,1024.6,27.3,,
883,2024-01-13 11:00,6.5,41.2,6.3,0,972.2,1024.7,33.1,,
883,2024-01-13 12:00,7.8,40.1,6.2,0,972,1024.2,31.6,,
883,2024-01-13 13:00,7.9,42.5,6.5,0,971.5,1023.6,29.8,,
883,2024-01-13 14:00,9,50.6,5.6,0,971.1,1023.2,29.3,,
883,2024-01-13 15:00,8.3,48.5,6.3,0,971.4,1023.4,32.1,,
883,2024-01-13 16:00,7.4,44.2,6,0,971.7,1024,42,,
883,2024-01-13 17:00,6.3,65.1,3.8,0,971.8,1024.3,37.8,,
883,2024-01-13 18:00,4.4,47.9,2.5,0,971.9,1024.9,39.6,,
883,2024-01-13 19:00,4.4,106,4.2,0,972.1,1025.1,41,,
883,2024-01-13 20:00,3.3,131.9,1,0,972.4,1025.5,72.2,,
883,2024-01-13 21:00,6.2,140.2,4.5,0,972.3,1024.9,64.3,,
883,2024-01-13 22:00,5.7,151.5,3.7,0,972.2,1024.9,67.3,,
883,2024-01-13 23:00,5,159.1,4,0,972.3,1025.2,70.3,,
883,2024-01-14 00:00,4.8,163,4.1,0,972,1024.9,63.3,,
883,2024-01-14 01:00,4.8,163.7,4.3,0,972,1024.9,65.8,,
883,2024-01-14 02:00,4.9,163.1,5.7,0,971.8,1024.7,72.6,,
883,2024-01-14 03:00,5.5,147,7.6,0,971.4,1024.1,75.9,,
883,2024-01-14 04:00,5.8,144.5,6.2,0,970.9,1023.5,79.4,,
883,2024-01-14 05:00,5.7,148.6,5.5,0,971,1023.6,82.2,,
883,2024-01-14 06:00,5.8,156.2,6.4,0,970.7,1023.3,81.7,,
883,2024-01-14 07:00,6.1,162.3,6.1,0,971.1,1023.6,78,,
883,2024-01-14 08:00,6.5,160.9,6.4,0,971.2,1023.6,81.6,,
883,2024-01-14 09:00,8.7,176,6.2,0,971.4,1023.3,77,,
883,2024-01-14 10:00,10.5,187.1,5.6,0,971.5,1023.2,72.4,,
883,2024-01-14 11:00,11.8,209.6,5.1,0,971.2,1022.5,60.8,,
883,2024-01-14 12:00,12.2,206.9,5.3,0,970.5,1021.7,63,,
883,2024-01-14 13:00,13.3,208.9,5.9,0,969.8,1020.7,62.4,,
883,2024-01-14 14:00,12.6,216.7,5.6,0,969.2,1020.2,66,,
883,2024-01-14 15:00,11.1,213,5.7,0,968.8,1020.2,76.1,,
883,2024-01-14 16:00,11.8,212.2,4.7,0,968.2,1019.4,75,,
883,2024-01-14 17:00,10.7,223,4.5,0,968.4,1019.9,84.4,,
883,2024-01-14 18:00,10.4,246.5,4.3,0,968.5,1020,88.1,,
883,2024-01-14 19:00,10.4,261.5,3.5,0,968.7,1020.3,88.1,,
883,2024-01-14 20:00,10.4,301.6,3.5,0,968.6,1020.2,90,,
883,2024-01-14 21:00,8.1,7.8,3.5,0,969.1,1021,98.4,,
883,2024-01-14 22:00,6.6,24.9,6.1,0,969.1,1021.4,99.5,,
883,2024-01-14 23:00,5.5,28.6,7.1,0,969,1021.6,99.5,,
883,2024-01-15 00:00,4.7,27.8,8.5,0,969,1021.8,99.6,,
883,2024-01-15 01:00,3.9,25.6,9.2,0,969.1,1021.9,98.8,,
883,2024-01-15 02:00,2.8,29.7,8.3,0,969.2,1022.3,88.7,,
883,2024-01-15 03:00,2.4,28.9,9.6,0,969.3,1022.5,87.3,,
883,2024-01-15 04:00,2,25.3,9.9,0,969.7,1023,84.7,,
883,2024-01-15 05:00,1.4,24.7,10.9,0,969.8,1023.3,84.4,,
883,2024-01-15 06:00,1.3,28.2,10,0,970.5,1024,87.3,,
883,2024-01-15 07:00,.9,29.1,11.1,0,971.2,1024.9,78,,
883,2024-01-15 08:00,.5,29.8,9.5,0,972,1025.8,74.7,,
883,2024-01-15 09:00,1,26.4,10.2,0,972.7,1026.4,76.6,,
883,2024-01-15 10:00,2.1,28.2,11.2,0,973.3,1026.8,71.5,,
883,2024-01-15 11:00,2.8,29.5,11.8,0,973.5,1026.8,68.6,,
883,2024-01-15 12:00,3,27.2,11.6,0,973,1026.3,63,,
883,2024-01-15 13:00,4,26.1,9.4,0,972.7,1025.9,66.3,,
883,2024-01-15 14:00,3.2,29.8,10.1,0,972.2,1025.4,63.1,,
883,2024-01-15 15:00,3.9,31,8.8,0,972.2,1025.2,62.4,,
883,2024-01-15 16:00,3,23.4,9.2,0,972.3,1025.5,66.3,,
883,2024-01-15 17:00,2.2,28.3,9.3,0,973.1,1026.5,72.5,,
883,2024-01-15 18:00,1,29.2,8.5,0,973.6,1027.4,78.2,,
883,2024-01-15 19:00,.6,30.3,7.6,0,974.2,1028.1,80.6,,
883,2024-01-15 20:00,.5,46.3,6,0,974.5,1028.4,73.8,,
883,2024-01-15 21:00,.4,53,5.6,0,974.7,1028.7,71.7,,
883,2024-01-15 22:00,.4,64.8,5.8,0,975.3,1029.3,67.9,,
883,2024-01-15 23:00,-.1,57.1,5.1,0,975.1,1029.2,64.7,,
883,2024-01-16 00:00,.2,52.8,4.9,0,974.9,1028.9,49.2,,
883,2024-01-16 01:00,-.1,52.1,4.4,0,975.2,1029.3,65.5,,
883,2024-01-16 02:00,-.2,51.4,4.2,0,975.1,1029.2,71.7,,
883,2024-01-16 03:00,-.5,54.8,4.1,0,975.3,1029.5,75.4,,
883,2024-01-16 04:00,-.2,55.3,4.8,0,975.2,1029.3,78.5,,
883,2024-01-16 05:00,-.5,47.1,4.1,0,975.4,1029.6,81.8,,
883,2024-01-16 06:00,-.5,32.6,5.7,0,975.9,1030.2,79.9,,
883,2024-01-16 07:00,-.3,68.2,3.2,0,976,1030.2,54.7,,
883,2024-01-16 08:00,2.4,70.6,2.6,0,976.1,1029.7,27,,
883,2024-01-16 09:00,2.7,51.8,1.8,0,976.7,1030.2,44.5,,
883,2024-01-16 10:00,7.1,42.9,2.9,0,977.3,1029.9,32.3,,
883,2024-01-16 11:00,7.6,29.6,4.3,0,977.6,1030.1,43.2,,
883,2024-01-16 12:00,8.7,337.8,3.2,0,977.1,1029.3,45.8,,
883,2024-01-16 13:00,10,314.2,3,0,976.4,1028.5,46.2,,
883,2024-01-16 14:00,9.3,346.3,3,0,976.2,1028.4,48.5,,
883,2024-01-16 15:00,9.9,276,2,0,976.3,1028.4,50.2,,
883,2024-01-16 16:00,8.5,308.7,2.2,0,976.9,1029.2,56.3,,
883,2024-01-16 17:00,7.3,213.4,1.9,0,977.1,1029.7,67,,
883,2024-01-16 18:00,6.2,162.4,4.1,0,976.9,1029.7,68.9,,
883,2024-01-16 19:00,4.9,0,.4,0,977.6,1030.8,71.4,,
883,2024-01-16 20:00,5.4,107.2,2.7,0,977.8,1030.9,76.3,,
883,2024-01-16 21:00,4.7,77.5,3.3,0,977.3,1030.5,72,,
883,2024-01-16 22:00,4.2,103.7,2.1,0,977.5,1030.9,75.5,,
883,2024-01-16 23:00,3.5,131.7,1.3,0,977.2,1030.6,82.9,,
883,2024-01-17 00:00,4.7,91.7,2.4,0,977.1,1030.3,73.7,,
883,2024-01-17 01:00,6.4,68.9,3.7,0,976.7,1029.5,65.8,,
883,2024-01-17 02:00,6.8,144.6,4.8,0,975.8,1028.4,66.7,,
883,2024-01-17 03:00,7.5,139,6,0,975.6,1028,71.8,,
883,2024-01-17 04:00,7.9,161.9,5.6,0,975.1,1027.4,72,,
883,2024-01-17 05:00,8,162.6,4.7,0,975,1027.3,76,,
883,2024-01-17 06:00,8,163.4,5.9,0,974.6,1026.9,78.5,,
883,2024-01-17 07:00,8.2,156.6,5.8,0,974.3,1026.5,78.3,,
883,2024-01-17 08:00,8.6,167.1,5.8,0,974.4,1026.5,78.2,,
883,2024-01-17 09:00,9.5,179.5,4.1,0,974.9,1027,75.7,,
883,2024-01-17 10:00,10.2,170,6.2,0,974.3,1026.2,72.8,,
883,2024-01-17 11:00,11.5,174.4,5.9,0,974.6,1026.2,70.4,,
883,2024-01-17 12:00,13.5,165.9,5.8,0,973.2,1024.2,63.8,,
883,2024-01-17 13:00,13.6,174.3,6.5,0,972.1,1023,62.1,,
883,2024-01-17 14:00,13.6,185,7.4,0,971.2,1022.1,65.5,,
883,2024-01-17 15:00,13.6,190.2,6,0,970.9,1021.8,70.5,,
883,2024-01-17 16:00,13.3,197.9,6.1,0,970.7,1021.6,74.8,,
883,2024-01-17 17:00,12.9,191.2,6.2,0,970.3,1021.3,78.9,,
883,2024-01-17 18:00,11.7,185,5.8,0,970.6,1021.9,86,,
883,2024-01-17 19:00,11.7,180.1,6.5,0,970.9,1022.2,87.1,,
883,2024-01-17 20:00,11.8,185.9,5.3,0,971.1,1022.4,90.8,,
883,2024-01-17 21:00,11.9,177.6,6.2,0,970.6,1021.9,90.1,,
883,2024-01-17 22:00,11.9,181.1,4.5,0,971.2,1022.5,91.7,,
883,2024-01-17 23:00,12.4,185.9,5,0,970.7,1021.9,90.6,,
883,2024-01-18 00:00,12.5,181.7,4.9,0,970,1021.1,93.5,,
883,2024-01-18 01:00,12.6,201.2,4.5,0,970.1,1021.2,94.6,,
883,2024-01-18 02:00,12.6,209.6,5.3,0,969.4,1020.4,95.8,,
883,2024-01-18 03:00,12.7,215.4,4,0,969.7,1020.7,95.5,,
883,2024-01-18 04:00,12.7,215.5,4.1,0,969.1,1020.1,95.6,,
883,2024-01-18 05:00,12.6,238.2,4.3,0,968.9,1019.9,97.2,,
883,2024-01-18 06:00,12.2,255.9,3.2,0,969,1020.1,98.5,,
883,2024-01-18 07:00,11.6,244.3,3.1,0,969.2,1020.5,98.8,,
883,2024-01-18 08:00,11.7,206.2,2.4,0,969.1,1020.3,98.5,,
883,2024-01-18 09:00,10,9.1,3.9,0,969.7,1021.4,99,,
883,2024-01-18 10:00,9.9,32.4,3.3,0,969.9,1021.7,99.7,,
883,2024-01-18 11:00,10.3,27.1,4.4,0,969.7,1021.3,99.5,,
883,2024-01-18 12:00,11,31.3,2.9,0,969.1,1020.5,99.6,,
883,2024-01-18 13:00,10.4,25.8,5.1,0,968.1,1019.6,94.2,,
883,2024-01-18 14:00,9.6,22.7,5,0,968.1,1019.8,98.2,,
883,2024-01-18 15:00,10.3,23.4,4.4,0,967.7,1019.2,92.5,,
883,2024-01-18 16:00,9.6,25,5.8,0,967.4,1019.1,96.5,,
883,2024-01-18 17:00,8.7,32.5,4.9,0,967.9,1019.6,99.4,,
883,2024-01-18 18:00,8.6,26.4,3.8,1,968.3,1020.1,98.6,,
883,2024-01-18 19:00,8.9,85.2,1.2,1,968.4,1020.1,99.4,,
883,2024-01-18 20:00,7.4,21,5.1,0,969.2,1021.3,99.4,,
883,2024-01-18 21:00,7.1,31.1,5,0,969.4,1021.6,99.7,,
883,2024-01-18 22:00,7.1,29.3,4.6,.5,969.6,1021.8,99.8,,
883,2024-01-18 23:00,7.2,39,2.7,1.5,969.5,1021.7,99.9,,
883,2024-01-19 00:00,7.6,52.2,1.6,1.5,969.5,1021.6,100,,
883,2024-01-19 01:00,8.4,0,.2,1.5,969.2,1021.1,99.9,,
883,2024-01-19 02:00,8.9,58.5,1.1,.5,969.5,1021.3,99.8,,
883,2024-01-19 03:00,9.2,107.7,1.2,1.5,969.7,1021.6,98.9,,
883,2024-01-19 04:00,9.7,129.8,2.4,1,969.2,1021,95.3,,
883,2024-01-19 05:00,9.7,187.2,1.6,1,969.2,1021,98,,
883,2024-01-19 06:00,9.3,309.5,2.7,1.5,969.2,1021.1,99.4,,
883,2024-01-19 07:00,9,180.2,2.3,.5,969.3,1021.3,99.5,,
883,2024-01-19 08:00,9.1,160.4,1.1,0,969.6,1021.5,99.6,,
883,2024-01-19 09:00,9.7,0,0,0,970.1,1021.9,97.9,,
883,2024-01-19 10:00,10.4,0,.1,0,970.2,1021.8,92.9,,
883,2024-01-19 11:00,11,278,1.1,0,969.9,1021.4,92.8,,
883,2024-01-19 12:00,11,271,1.5,0,969.2,1020.6,87.3,,
883,2024-01-19 13:00,11.4,251.4,1.7,0,968.5,1019.8,86.7,,
883,2024-01-19 14:00,11.9,0,.2,0,968,1019.1,82,,
883,2024-01-19 15:00,12.1,0,0,0,967.6,1018.7,82.8,,
883,2024-01-19 16:00,12.3,236.5,.9,0,967.8,1018.8,80.8,,
883,2024-01-19 17:00,11,272.6,.8,0,967.9,1019.3,84.6,,
883,2024-01-19 18:00,9.8,0,.2,0,968.3,1020,91.1,,
883,2024-01-19 19:00,9.3,0,0,.5,968.4,1020.2,96,,
883,2024-01-19 20:00,9.1,0,.2,0,968.5,1020.4,94.4,,
883,2024-01-19 21:00,9.1,0,0,0,968.9,1020.8,94.7,,
883,2024-01-19 22:00,8.8,191.9,.7,0,968.7,1020.4,95.7,,
883,2024-01-19 23:00,9.2,0,.1,0,968.9,1020.8,89.9,,
883,2024-01-20 00:00,8.6,54,1.3,0,968.6,1020.4,95.2,,
883,2024-01-20 01:00,8.8,131.5,.6,0,968.3,1020,93.6,,
883,2024-01-20 02:00,9.3,0,.4,0,967.9,1019.7,88.1,,
883,2024-01-20 03:00,8.8,104.9,1.2,.5,967.6,1019.3,94.4,,
883,2024-01-20 04:00,8.7,0,0,.5,967,1018.7,96.3,,
883,2024-01-20 05:00,8.7,89.3,.8,.5,966.1,1017.7,97.1,,
883,2024-01-20 06:00,8.6,42.7,1.9,1,966.1,1017.8,98.1,,
883,2024-01-20 07:00,9.1,0,.1,1,965.8,1017.5,97,,
883,2024-01-20 08:00,9.1,265.5,1.4,0,965.4,1017.1,97.7,,
883,2024-01-20 09:00,9.4,134.8,1.1,1,965.6,1017.3,98.6,,
883,2024-01-20 10:00,9.9,283.2,1.1,.5,965.4,1016.9,97.8,,
883,2024-01-20 11:00,10.4,241.9,.5,0,965.5,1016.9,98.6,,
883,2024-01-20 12:00,10.3,212.1,1.4,2,964.7,1016.1,97.9,,
883,2024-01-20 13:00,10.1,239.2,1.4,1,963.9,1015.3,98.8,,
883,2024-01-20 14:00,10.6,264.3,1.6,.5,962.6,1013.8,98,,
883,2024-01-20 15:00,11.4,134.6,1.9,1,962.4,1013.4,96.4,,
883,2024-01-20 16:00,11.4,279.7,1.6,0,962.5,1013.5,95.8,,
883,2024-01-20 17:00,11,28.5,1.7,0,962.5,1013.6,95.4,,
883,2024-01-20 18:00,10.5,244.4,1.3,.5,962.6,1013.8,98.2,,
883,2024-01-20 19:00,10.2,224.1,2,0,962.9,1014.2,97.9,,
883,2024-01-20 20:00,9.9,190.5,1.7,1,963.4,1014.8,98.1,,
883,2024-01-20 21:00,9.9,0,.3,0,963.8,1015.2,98.5,,
883,2024-01-20 22:00,9.3,87.5,4.6,0,963.9,1015.5,89,,
883,2024-01-20 23:00,8.7,84.4,5.8,0,964,1015.5,85.1,,
883,2024-01-21 00:00,7.7,73.9,6.4,0,964.4,1016.2,87.3,,
883,2024-01-21 01:00,7.1,79.2,6.6,0,965,1017,87.4,,
883,2024-01-21 02:00,6.9,89.9,6,0,965.6,1017.6,87.2,,
883,2024-01-21 03:00,6.8,64.4,5.8,0,965.9,1018,90,,
883,2024-01-21 04:00,5.6,49.6,6.3,0,966.6,1019,97.9,,
883,2024-01-21 05:00,5.5,52.1,5.4,0,966.7,1019.2,96.5,,
883,2024-01-21 06:00,5.7,47.6,5.3,.5,967.4,1019.8,93.6,,
883,2024-01-21 07:00,5.9,45.6,5.5,0,968,1020.4,97,,
883,2024-01-21 08:00,5.8,30.7,6.2,0,969,1021.5,98.8,,
883,2024-01-21 09:00,5.9,28.9,5.6,1,970,1022.5,99.6,,
883,2024-01-21 10:00,6.3,36.7,4.7,.5,970.4,1022.9,99.5,,
883,2024-01-21 11:00,5.9,29.4,6,0,970.7,1023.3,99.6,,
883,2024-01-21 12:00,5.9,27.3,5.4,.5,970.3,1022.8,99.7,,
883,2024-01-21 13:00,5.4,25.2,4.8,0,970.1,1022.8,99.9,,
883,2024-01-21 14:00,4.9,30.9,4.5,.5,970,1022.8,99.8,,
883,2024-01-21 15:00,4.6,31.6,5.2,2,970.6,1023.5,100,,
883,2024-01-21 16:00,4.4,28.6,5.3,1.5,971,1024,99.9,,
883,2024-01-21 17:00,3.9,29.9,5.5,1.5,971.5,1024.5,99.6,,
883,2024-01-21 18:00,3.6,25.3,6.8,1,971.5,1024.5,99.5,,
883,2024-01-21 19:00,3.3,25.6,5.8,1,972.2,1025.3,99.1,,
883,2024-01-21 20:00,3.1,39,5,1.5,972.6,1025.8,99,,
883,2024-01-21 21:00,2.8,31.5,5.8,2,972.9,1026.2,98.1,,
883,2024-01-21 22:00,2.4,33.8,7.5,2,973,1026.4,97.9,,
883,2024-01-21 23:00,1.9,27.6,7.8,1.5,973.3,1026.8,99.1,,
883,2024-01-22 00:00,1,28,6.8,2,973.5,1027.3,98.9,,
883,2024-01-22 01:00,1,27.8,7.9,.5,973.8,1027.6,90.6,,
883,2024-01-22 02:00,.4,25,8.2,0,973.9,1027.8,88.4,,
883,2024-01-22 03:00,-.2,25.1,10.1,0,973.9,1028,89.3,,
883,2024-01-22 04:00,-.5,30,10,0,973.6,1027.7,87.2,,
883,2024-01-22 05:00,-1,29,10,0,973.1,1027.3,90.9,,
883,2024-01-22 06:00,-1.2,26.6,9.3,0,973.1,1027.3,87.5,,
883,2024-01-22 07:00,-1.6,26.2,9.8,0,973.4,1027.7,84.3,,
883,2024-01-22 08:00,-1.9,27.1,10.1,0,973.5,1027.9,83,,
883,2024-01-22 09:00,-2.1,30,11.6,0,973.7,1028.1,79.4,,
883,2024-01-22 10:00,-2.2,31,10.3,0,974.3,1028.8,78,,
883,2024-01-22 11:00,-2.4,31.7,10.7,0,974.3,1028.8,78.5,,
883,2024-01-22 12:00,-2.5,41.4,8.6,0,973.6,1028.1,72.7,,
883,2024-01-22 13:00,-2.7,37.5,10,0,972.9,1027.4,77.2,,
883,2024-01-22 14:00,-3.6,33.5,8.6,0,972.6,1027.3,94.9,,
883,2024-01-22 15:00,-3.3,26.7,9,0,972.5,1027.1,90.6,,
883,2024-01-22 16:00,-4,29.3,6.9,0,972.7,1027.5,95.3,,
883,2024-01-22 17:00,-3.9,33.7,8.3,0,973,1027.8,96,,
883,2024-01-22 18:00,-3.3,34.7,9.7,0,973.2,1027.9,77,,
883,2024-01-22 19:00,-3.5,31.8,11.3,.5,972.5,1027.2,80.3,,
883,2024-01-22 20:00,-4,38,7.5,0,973.8,1028.7,87,,
883,2024-01-22 21:00,-3.8,29,11.3,0,973.6,1028.4,85.2,,
883,2024-01-22 22:00,-3.5,30.7,10.4,0,973.3,1028,76.3,,
883,2024-01-22 23:00,-4.3,31,10.6,0,972.8,1027.7,95.9,,
883,2024-01-23 00:00,-4.4,25.9,10.8,0,972.6,1027.5,96.4,,
883,2024-01-23 01:00,-4.7,31.7,7.6,0,972.8,1027.8,96.6,,
883,2024-01-23 02:00,-4.4,31.6,8.1,.5,973.3,1028.2,93.9,,
883,2024-01-23 03:00,-4.3,25.8,7.2,.5,972.9,1027.8,96.9,,
883,2024-01-23 04:00,-3.4,11.6,6.5,0,972.5,1027.1,68.9,,
883,2024-01-23 05:00,-3.7,32.6,7.2,.5,972.5,1027.2,71.5,,
883,2024-01-23 06:00,-4.5,19,8.1,.5,972.5,1027.4,85.8,,
883,2024-01-23 07:00,-3.7,39.7,6.4,0,972.7,1027.4,77.3,,
883,2024-01-23 08:00,-4,47.1,6.1,0,973,1027.8,74.1,,
883,2024-01-23 09:00,-4.9,63.4,6.3,.5,973.4,1028.4,93.4,,
883,2024-01-23 10:00,-3,354.7,7.6,0,973.4,1028,61.3,,
883,2024-01-23 11:00,-3.1,22.4,6.9,.5,973.2,1027.8,78.7,,
883,2024-01-23 12:00,-3.8,29,6.8,.5,972.9,1027.7,90.7,,
883,2024-01-23 13:00,-3.4,1.4,6.6,0,971.7,1026.3,83.2,,
883,2024-01-23 14:00,-3.1,30.2,7.3,0,971.2,1025.7,67.3,,
883,2024-01-23 15:00,-3.7,56.3,6.6,0,971.1,1025.7,80.8,,
883,2024-01-23 16:00,-3.3,33.8,7.5,0,970.9,1025.4,78.1,,
883,2024-01-23 17:00,-3.4,58.3,7.9,0,971.1,1025.7,68.7,,
883,2024-01-23 18:00,-4.2,24.1,7.5,0,971.5,1026.3,88.1,,
883,2024-01-23 19:00,-4.6,53.2,5.6,0,971.7,1026.6,95.3,,
883,2024-01-23 20:00,-4,41.8,6.4,0,972,1026.8,93.7,,
883,2024-01-23 21:00,-4.4,23.5,7.6,0,972,1026.8,94,,
883,2024-01-23 22:00,-3.4,47.9,5.2,.5,972,1026.6,85.6,,
883,2024-01-23 23:00,-3.9,43.7,7.6,.5,972.2,1026.9,92.4,,
883,2024-01-24 00:00,-3.3,35.9,8,0,971.5,1026.1,88.7,,
883,2024-01-24 01:00,-2.8,55.9,6.5,0,971,1025.4,76.1,,
883,2024-01-24 02:00,-2.5,36.5,7.6,0,971.2,1025.6,74,,
883,2024-01-24 03:00,-2.2,356.4,7.6,0,971.4,1025.7,64.8,,
883,2024-01-24 04:00,-2.2,43.4,7.3,0,971,1025.3,66.9,,
883,2024-01-24 05:00,-3.2,30.8,10.6,0,970.8,1025.3,95.4,,
883,2024-01-24 06:00,-2.4,38.8,8.5,0,971,1025.3,84.6,,
883,2024-01-24 07:00,-2.1,46.1,7.6,0,971.2,1025.5,86.5,,
883,2024-01-24 08:00,-1.2,39.2,9.8,0,971.4,1025.5,68.2,,
883,2024-01-24 09:00,-1.1,39.9,8.1,0,972.1,1026.2,75.3,,
883,2024-01-24 10:00,-1.8,35.5,7.2,0,972.6,1026.9,97.2,,
883,2024-01-24 11:00,-.5,36.5,7.9,0,973.1,1027.2,85.4,,
883,2024-01-24 12:00,-.7,27.2,10.3,.5,972.4,1026.5,91.1,,
883,2024-01-24 13:00,.2,37.5,8.6,.5,971.8,1025.7,73.4,,
883,2024-01-24 14:00,0,39.8,8.8,.5,971.2,1025.1,75.8,,
883,2024-01-24 15:00,-.5,32.9,10.4,0,971.3,1025.3,76.5,,
883,2024-01-24 16:00,-.6,32.4,9.3,0,971.8,1025.8,79.4,,
883,2024-01-24 17:00,-.8,26.3,10.5,0,971.8,1025.9,82.3,,
883,2024-01-24 18:00,-1.1,31,10.5,0,972.2,1026.3,86.2,,
883,2024-01-24 19:00,-.6,28.8,10,0,972.7,1026.8,75.7,,
883,2024-01-24 20:00,-.9,28.4,10,0,972.3,1026.4,78.1,,
883,2024-01-24 21:00,-1,26.9,11.9,0,972,1026.2,81.2,,
883,2024-01-24 22:00,-1.4,24.9,10.6,0,972.8,1027,80.5,,
883,2024-01-24 23:00,-1.3,29.3,9.1,0,973.4,1027.6,82,,
883,2024-01-25 00:00,-1.1,24.6,9.5,0,973.3,1027.5,79.5,,
883,2024-01-25 01:00,-1.2,24.7,8.1,0,973,1027.2,82.3,,
883,2024-01-25 02:00,-1.1,24.7,9,0,973.2,1027.4,81.2,,
883,2024-01-25 03:00,-1,25.4,9.7,0,973.1,1027.3,82.3,,
883,2024-01-25 04:00,-1.1,26.7,8.6,0,973.2,1027.4,81.4,,
883,2024-01-25 05:00,-.8,24.6,7.5,0,973.1,1027.3,80.5,,
883,2024-01-25 06:00,-.7,25.5,7,0,973.4,1027.6,82.7,,
883,2024-01-25 07:00,-.5,25.2,7.5,0,974.2,1028.4,80.8,,
883,2024-01-25 08:00,-.5,28.4,7,0,974.2,1028.4,80.6,,
883,2024-01-25 09:00,-.3,23.4,7.8,0,974.3,1028.4,78.8,,
883,2024-01-25 10:00,0,26.6,8.7,0,974.5,1028.6,78.6,,
883,2024-01-25 11:00,.3,25.6,7.9,,974.7,1028.7,78.6,,
883,2024-01-25 12:00,.3,27.6,7.3,,974.6,1028.6,81.6,,
883,2024-01-25 13:00,.4,28.8,7.8,,974,1027.9,81.5,,
883,2024-01-25 14:00,.5,24.6,6.1,,974,1027.9,80.3,,
883,2024-01-25 15:00,.4,28.4,7.2,,973.9,1027.8,79,,
883,2024-01-25 16:00,.3,25.3,6.9,,974.3,1028.3,79.6,,
883,2024-01-25 17:00,.2,22.8,6,,974.5,1028.5,81.9,,
883,2024-01-25 18:00,-.1,25.9,6.8,,974.8,1028.9,81.7,,
883,2024-01-25 19:00,-.1,26.2,6.9,,975.1,1029.2,83,,
883,2024-01-25 20:00,-.1,28,8.3,,974.8,1028.9,82.1,,
883,2024-01-25 21:00,0,26.3,7.6,,975,1029.1,83.3,,
883,2024-01-25 22:00,.1,27.8,8.2,,975,1029.1,84.7,,
883,2024-01-25 23:00,.3,25.3,8.4,,975.3,1029.3,80.5,,
883,2024-01-26 00:00,0,29.2,7.1,,975.4,1029.5,81.3,,
883,2024-01-26 01:00,.1,31.3,7.4,0,975.2,1029.3,81.4,,
883,2024-01-26 02:00,.3,28.1,7.4,0,975.1,1029.1,82,,
883,2024-01-26 03:00,.5,27.5,6.6,0,975,1029,81.4,,
883,2024-01-26 04:00,.6,42.9,5.2,0,974.5,1028.4,82,,
883,2024-01-26 05:00,.7,28.1,5.6,0,974.6,1028.5,84.6,,
883,2024-01-26 06:00,.8,35.4,6,0,974.4,1028.3,87.1,,
883,2024-01-26 07:00,.7,28.4,5.7,0,974.8,1028.7,87.2,,
883,2024-01-26 08:00,.7,28.1,5.8,0,975.3,1029.2,88.1,,
883,2024-01-26 09:00,1,24.1,4.7,0,975.6,1029.5,80.9,,
883,2024-01-26 10:00,1.1,31.5,4.4,0,975.8,1029.7,79.4,,
883,2024-01-26 11:00,1.5,26.5,4.6,0,976.1,1029.9,74.5,,
883,2024-01-26 12:00,1.6,23.3,4.5,0,975.5,1029.2,76.7,,
883,2024-01-26 13:00,2.2,23.5,4.5,0,974.9,1028.4,68.5,,
883,2024-01-26 14:00,3.1,27.3,6.3,0,974.5,1027.8,66,,
883,2024-01-26 15:00,4.1,24.2,6.3,0,974.4,1027.6,65.8,,
883,2024-01-26 16:00,3,29.5,6.1,0,974.4,1027.7,69.8,,
883,2024-01-26 17:00,2.3,21.4,4.5,0,974.9,1028.4,69.1,,
883,2024-01-26 18:00,1.6,23.4,3.8,0,974.8,1028.5,75.2,,
883,2024-01-26 19:00,1.6,43,3.1,0,974.9,1028.6,73.9,,
883,2024-01-26 20:00,1.8,34.7,4,0,974.9,1028.5,75.7,,
883,2024-01-26 21:00,1.6,39.2,3.3,0,974.7,1028.4,75.2,,
883,2024-01-26 22:00,1.8,33.7,3.8,0,974.9,1028.5,77,,
883,2024-01-26 23:00,1.9,16.8,4.5,0,975.1,1028.7,75.6,,
883,2024-01-27 00:00,1.8,20.8,4.9,0,975,1028.6,79.3,,
883,2024-01-27 01:00,1.6,27.2,5.4,0,974.7,1028.4,77.6,,
883,2024-01-27 02:00,1.4,37,5,0,973.8,1027.5,80.6,,
883,2024-01-27 03:00,1.2,57.5,4,0,973.6,1027.3,80.1,,
883,2024-01-27 04:00,1.4,41.6,3.6,0,974.3,1028,78.9,,
883,2024-01-27 05:00,1.5,59.1,4.1,0,973.8,1027.5,78.2,,
883,2024-01-27 06:00,1.4,27,4.5,0,973.8,1027.5,78.5,,
883,2024-01-27 07:00,1.7,28.7,3.8,0,974.5,1028.1,74.4,,
883,2024-01-27 08:00,1.6,24.2,3.3,0,974.9,1028.6,76.7,,
883,2024-01-27 09:00,2.1,34.5,3.1,0,975.3,1028.9,70.3,,
883,2024-01-27 10:00,2.5,29.1,3.3,0,975.5,1029,68.5,,
883,2024-01-27 11:00,3.9,28.2,4.3,0,975.5,1028.7,60,,
883,2024-01-27 12:00,4.3,30.6,5.5,0,974.5,1027.7,65.5,,
883,2024-01-27 13:00,5.1,26.2,4.6,0,973.5,1026.4,63.3,,
883,2024-01-27 14:00,5.4,29.9,4.3,0,972.7,1025.5,63.4,,
883,2024-01-27 15:00,4.7,23.9,5.1,0,972.2,1025.2,67.6,,
883,2024-01-27 16:00,4.4,29.6,3.7,0,972.5,1025.5,70.6,,
883,2024-01-27 17:00,3.5,22.1,3,0,973,1026.1,74.7,,
883,2024-01-27 18:00,2.9,24.7,3.6,0,972.5,1025.7,79.8,,
883,2024-01-27 19:00,2.7,26.4,3.9,0,972.6,1025.9,76.4,,
883,2024-01-27 20:00,2.6,24.3,3.8,0,973,1026.3,75.2,,
883,2024-01-27 21:00,2.4,43.1,3.1,0,972.7,1026.1,75.7,,
883,2024-01-27 22:00,2.2,54.5,2.5,0,972.6,1026,76.5,,
883,2024-01-27 23:00,2.3,37.1,3,0,972.9,1026.3,77.3,,
883,2024-01-28 00:00,2.1,50.7,3,0,972.6,1026,79,,
883,2024-01-28 01:00,2.3,32.3,3.3,0,972.6,1026,79.6,,
883,2024-01-28 02:00,2.3,26.4,5.1,0,972.5,1025.9,81,,
883,2024-01-28 03:00,2.3,27.9,5.2,0,972.6,1026,74,,
883,2024-01-28 04:00,2.2,28.7,4.1,0,972.2,1025.6,78.1,,
883,2024-01-28 05:00,2.3,17.4,4.4,0,972.6,1026,76.3,,
883,2024-01-28 06:00,2.1,31,4.2,0,972.6,1026,78.1,,
883,2024-01-28 07:00,1.6,36.6,4.6,0,973.3,1026.9,69.2,,
883,2024-01-28 08:00,1.4,25.2,4.5,0,974.1,1027.8,77.5,,
883,2024-01-28 09:00,1.6,8.9,5.6,0,974.5,1028.2,68,,
883,2024-01-28 10:00,1.8,32,6.3,0,975.2,1028.9,68.9,,
883,2024-01-28 11:00,2.4,30.5,6.1,0,975.8,1029.3,64.9,,
883,2024-01-28 12:00,2.4,28.2,5.8,0,975.7,1029.2,65.8,,
883,2024-01-28 13:00,3,26.1,7.3,0,975.2,1028.6,62.5,,
883,2024-01-28 14:00,2.9,37.8,6.6,0,974.5,1027.9,61.8,,
883,2024-01-28 15:00,3.2,23.6,6.5,0,974.7,1028,62.6,,
883,2024-01-28 16:00,3.4,34.3,5.5,0,975.2,1028.5,63.8,,
883,2024-01-28 17:00,2.6,28.2,6.3,0,975.5,1029,64,,
883,2024-01-28 18:00,1.5,24.5,4.4,0,976.3,1030.1,68.6,,
883,2024-01-28 19:00,.5,23.7,4.8,0,976,1030,72.6,,
883,2024-01-28 20:00,.3,28.8,5.8,0,976.2,1030.3,74.9,,
883,2024-01-28 21:00,-.2,42.3,3.7,0,976.5,1030.7,75.5,,
883,2024-01-28 22:00,-.3,46.6,3,0,976.8,1031.1,76.3,,
883,2024-01-28 23:00,-.2,52.1,3.3,0,976.7,1030.9,77,,
883,2024-01-29 00:00,-.1,54.5,3.9,0,976.4,1030.6,79.6,,
883,2024-01-29 01:00,-.1,63.9,3.8,0,976.1,1030.3,80.7,,
883,2024-01-29 02:00,.1,63.2,3.8,0,976.1,1030.2,80.5,,
883,2024-01-29 03:00,-.9,40.3,1.6,0,976.4,1030.8,86.1,,
883,2024-01-29 04:00,-.5,38.5,1.6,0,976.3,1030.6,85.3,,
883,2024-01-29 05:00,-.1,45.5,2.7,0,976.3,1030.5,83.2,,
883,2024-01-29 06:00,.1,38.2,2.6,0,976.5,1030.6,82.8,,
883,2024-01-29 07:00,-.2,69.6,3.8,0,976.9,1031.1,82.4,,
883,2024-01-29 08:00,.3,76.6,4.3,0,977,1031.1,81.9,,
883,2024-01-29 09:00,2.1,66.2,4,0,977,1030.7,75.5,,
883,2024-01-29 10:00,3.5,46.2,4.4,0,977.1,1030.5,72,,
883,2024-01-29 11:00,4.1,29.8,4.2,0,977.5,1030.9,67.9,,
883,2024-01-29 12:00,5.1,45.2,3.2,0,977.1,1030.2,65.5,,
883,2024-01-29 13:00,5.9,306.9,2.7,0,976.6,1029.5,60.8,,
883,2024-01-29 14:00,6.3,287.5,2.7,0,976,1028.8,64.2,,
883,2024-01-29 15:00,4.9,300.3,2.8,0,976.1,1029.2,70.6,,
883,2024-01-29 16:00,4.8,359.7,2.9,0,975.7,1028.8,69.5,,
883,2024-01-29 17:00,4.1,30,3.4,0,975.8,1029.1,73.9,,
883,2024-01-29 18:00,1.9,37.9,3,0,975.9,1029.6,84.9,,
883,2024-01-29 19:00,1.3,68.8,3.1,0,976,1029.8,87.5,,
883,2024-01-29 20:00,.2,75,4.1,0,976.3,1030.4,78.5,,
883,2024-01-29 21:00,.7,83.9,3.4,0,976.2,1030.2,76.9,,
883,2024-01-29 22:00,.6,81.2,3.2,0,976.6,1030.6,73.2,,
883,2024-01-29 23:00,.9,80.2,3.4,0,976.5,1030.4,75.5,,
883,2024-01-30 00:00,.3,79.6,3.1,0,976.5,1030.6,79.9,,
883,2024-01-30 01:00,.7,43.9,1,0,976.2,1030.2,84.6,,
883,2024-01-30 02:00,.3,36.8,2.4,0,975.7,1029.7,77.5,,
883,2024-01-30 03:00,4.1,145.2,4.3,0,975.2,1028.5,67.3,,
883,2024-01-30 04:00,3.8,160.1,4.2,0,974.8,1028,73.9,,
883,2024-01-30 05:00,4.1,162.1,3.3,0,974.7,1027.9,79.4,,
883,2024-01-30 06:00,4.4,166.5,2.9,0,975.1,1028.3,79,,
883,2024-01-30 07:00,4.9,153.2,3.8,0,975,1028.1,78.7,,
883,2024-01-30 08:00,5.5,144.8,4.1,0,975,1027.9,76.4,,
883,2024-01-30 09:00,6.4,144,4.6,0,975.1,1027.8,69.8,,
883,2024-01-30 10:00,7.4,170.7,3.7,0,975.2,1027.6,71.7,,
883,2024-01-30 11:00,7.3,151.7,2.9,0,974.9,1027.3,76.3,,
883,2024-01-30 12:00,5.6,123.6,2.3,.5,974.9,1027.8,79.7,,
883,2024-01-30 13:00,5.2,92.9,2.7,0,974,1026.9,84.5,,
883,2024-01-30 14:00,7.1,59.6,2.2,0,972.8,1025.2,79.6,,
883,2024-01-30 15:00,7,314.6,2.4,0,972.6,1025,77,,
883,2024-01-30 16:00,6.7,0,.4,0,972.1,1024.5,86.4,,
883,2024-01-30 17:00,7.8,108,1.4,.5,972.2,1024.4,86,,
883,2024-01-30 18:00,6,24,2.1,0,972,1024.6,94.2,,
883,2024-01-30 19:00,6.1,42.3,1.2,0,971.9,1024.5,95,,
883,2024-01-30 20:00,6.5,65.2,2.3,0,971.7,1024.2,94.3,,
883,2024-01-30 21:00,7.4,221.3,1.1,.5,971.1,1023.3,97.1,,
883,2024-01-30 22:00,10.6,151.7,7.2,0,970.4,1022,81.5,,
883,2024-01-30 23:00,10.6,165.4,8.7,0,970.1,1021.7,83.7,,
883,2024-01-31 00:00,10.6,156.9,8.7,0,970.3,1021.9,85.8,,
883,2024-01-31 01:00,10.6,149.1,7.7,0,970.5,1022.1,90.9,,
883,2024-01-31 02:00,11.1,153.4,5.7,0,970.2,1021.7,92,,
883,2024-01-31 03:00,11.6,179.2,4.2,0,970.2,1021.5,90.7,,
883,2024-01-31 04:00,11.3,188.6,2.5,0,969.7,1021.1,92.5,,
883,2024-01-31 05:00,11.4,201.4,1.7,0,969.5,1020.8,93.8,,
883,2024-01-31 06:00,11.3,0,.2,0,969.4,1020.8,94.2,,
883,2024-01-31 07:00,9.8,99.8,.9,0,969.8,1021.6,96.9,,
883,2024-01-31 08:00,10.7,266.7,1,0,970.3,1021.9,92.2,,
883,2024-01-31 09:00,11.3,83.3,.9,0,970.9,1022.3,92.4,,
883,2024-01-31 10:00,11.5,30.1,1.6,0,971.1,1022.5,91.8,,
883,2024-01-31 11:00,13.4,36.4,2.8,0,970.3,1021.2,77.2,,
883,2024-01-31 12:00,14.3,237.7,2.7,0,970.6,1021.5,73.3,,
883,2024-01-31 13:00,14.3,220,2.3,0,969.4,1020.3,79.4,,
883,2024-01-31 14:00,14.6,287.1,2.8,0,968.5,1019.2,72.9,,
883,2024-01-31 15:00,14.1,27,2.9,0,968,1018.9,75.2,,
883,2024-01-31 16:00,12.8,260.2,3.2,0,968.8,1019.8,83.1,,
883,2024-01-31 17:00,11.1,199,2.2,0,968.9,1020.3,94.2,,
883,2024-01-31 18:00,10.7,164.9,2.9,.5,968.9,1020.4,96.3,,
883,2024-01-31 19:00,10.5,166.1,2.6,.5,968.9,1020.4,95.6,,
883,2024-01-31 20:00,10.4,154.2,2.9,.5,969,1020.6,96.3,,
883,2024-01-31 21:00,10.3,210.7,1,0,969.3,1020.9,96.4,,
883,2024-01-31 22:00,10.3,157.3,2.2,.5,969.2,1020.8,97.3,,
883,2024-01-31 23:00,10.3,0,.4,0,969.2,1020.8,97,,
883,2024-02-01 00:00,10.3,158.8,2.7,.5,969.1,1020.7,97.3,,
883,2024-02-01 01:00,10.1,18,1.1,0,968.7,1020.3,98.1,,
883,2024-02-01 02:00,9.9,0,0,1,968.1,1019.8,98.6,,
883,2024-02-01 03:00,9.2,60.4,2,2.5,967.8,1019.6,98.9,,
883,2024-02-01 04:00,9,29.5,4.2,2.5,968.3,1020.2,98.8,,
883,2024-02-01 05:00,8.5,54,4.3,2,967.9,1019.7,98.7,,
883,2024-02-01 06:00,8.4,46.3,3.8,1,968.3,1020.1,97.1,,
883,2024-02-01 07:00,8.3,46.3,2.4,.5,968,1019.8,97.4,,
883,2024-02-01 08:00,8.5,84.1,4.1,0,967.8,1019.6,95,,
883,2024-02-01 09:00,7.4,55.3,5,0,968.4,1020.5,97.2,,
883,2024-02-01 10:00,7.2,67.3,5.5,0,968.6,1020.7,98.3,,
883,2024-02-01 11:00,6.9,59.8,5.2,0,968.9,1021.1,98.1,,
883,2024-02-01 12:00,7.5,75.5,4.7,0,968.4,1020.4,96,,
883,2024-02-01 13:00,7.1,71.4,6,.5,967.4,1019.5,96.4,,
883,2024-02-01 14:00,7.6,87.5,4.1,.5,967.3,1019.3,96.2,,
883,2024-02-01 15:00,7.3,55.6,4.3,1,966.8,1018.8,94.7,,
883,2024-02-01 16:00,7.1,64.8,5.9,.5,967.3,1019.4,95.8,,
883,2024-02-01 17:00,7.1,48.1,3.3,0,968.1,1020.2,93.6,,
883,2024-02-01 18:00,7.9,93.3,4.5,0,968.4,1020.4,90.1,,
883,2024-02-01 19:00,7.2,64.9,5.5,.5,968.7,1020.8,95,,
883,2024-02-01 20:00,8,96.9,6,0,969.1,1021.1,87.3,,
883,2024-02-01 21:00,7.1,83,5.2,.5,969.5,1021.7,92.9,,
883,2024-02-01 22:00,7,74,5.1,0,970.1,1022.4,90.5,,
883,2024-02-01 23:00,7.1,88.2,3.6,0,970.3,1022.6,89.8,,
883,2024-02-02 00:00,6.9,95.8,3.8,0,969.8,1022.1,89.2,,
883,2024-02-02 01:00,6.8,60.5,3.2,0,970.4,1022.7,90.3,,
883,2024-02-02 02:00,7.1,72.3,4.4,0,970.1,1022.3,88.4,,
883,2024-02-02 03:00,7.4,97.1,3.6,0,969.8,1021.9,86.4,,
883,2024-02-02 04:00,6.9,70.2,5.3,0,969.5,1021.8,93.3,,
883,2024-02-02 05:00,6.7,71.7,5.4,0,969.8,1022.1,95.2,,
883,2024-02-02 06:00,6.2,64.1,3.9,0,970.4,1022.9,96.2,,
883,2024-02-02 07:00,5.9,60.7,4.9,0,971,1023.6,96.5,,
883,2024-02-02 08:00,6,74.7,4.7,0,971.1,1023.7,91.3,,
883,2024-02-02 09:00,6.4,60.5,5.1,0,971.6,1024.1,93,,
883,2024-02-02 10:00,6.6,50.1,3.4,0,972.2,1024.7,90.6,,
883,2024-02-02 11:00,7.4,60.4,4,0,972.2,1024.5,92.1,,
883,2024-02-02 12:00,8.1,61.6,3.3,0,972.1,1024.2,86.9,,
883,2024-02-02 13:00,7.3,64.6,4.1,0,972.2,1024.5,88.4,,
883,2024-02-02 14:00,8.2,52.1,2.9,0,971.6,1023.7,89.1,,
883,2024-02-02 15:00,7.8,33.7,3.3,0,971.6,1023.7,87.3,,
883,2024-02-02 16:00,7,58.7,4.9,0,971.5,1023.8,89.9,,
883,2024-02-02 17:00,6.2,62.7,5.4,0,972,1024.6,93.9,,
883,2024-02-02 18:00,6.5,87.9,3.7,0,972.3,1024.8,90.3,,
883,2024-02-02 19:00,6.7,114.3,4.2,0,972.6,1025.1,87.3,,
883,2024-02-02 20:00,6.7,31.8,2.6,0,973.2,1025.7,90.2,,
883,2024-02-02 21:00,6.6,113,3.7,0,973.4,1025.9,89.4,,
883,2024-02-02 22:00,7.4,168.6,1.7,0,973.3,1025.6,89.7,,
883,2024-02-02 23:00,6.9,37.9,1.4,0,973.1,1025.6,92.5,,
883,2024-02-03 00:00,7.2,0,1.4,0,973.6,1026,89.8,,
883,2024-02-03 01:00,7.3,100.7,2.1,0,972.9,1025.2,90.2,,
883,2024-02-03 02:00,7.5,0,0,0,972.5,1024.8,88.8,,
883,2024-02-03 03:00,7.1,197,1.1,0,972.5,1024.9,90.5,,
883,2024-02-03 04:00,6.8,143.2,2.2,0,972.4,1024.8,96.2,,
883,2024-02-03 05:00,7,170.5,.7,0,971.8,1024.2,94.5,,
883,2024-02-03 06:00,6.7,0,0,.5,971.8,1024.2,96.6,,
883,2024-02-03 07:00,6.9,0,.4,0,972.1,1024.5,97,,
883,2024-02-03 08:00,6.9,50.9,.8,0,971.5,1023.9,96.4,,
883,2024-02-03 09:00,7.9,0,0,0,971.5,1023.6,93.4,,
883,2024-02-03 10:00,8,72.4,1.1,0,972.4,1024.5,93.1,,
883,2024-02-03 11:00,8.1,108.5,1.3,1.5,971.7,1023.8,94.2,,
883,2024-02-03 12:00,8.3,0,.2,1.5,971.4,1023.4,96.1,,
883,2024-02-03 13:00,7.5,335.9,2.3,1.5,970.7,1022.9,97.7,,
883,2024-02-03 14:00,8.5,205.9,2.1,2,969.1,1020.9,98.3,,
883,2024-02-03 15:00,8.2,0,0,1,968.6,1020.5,97.1,,
883,2024-02-03 16:00,8.4,310.8,1.1,0,968.5,1020.3,97.5,,
883,2024-02-03 17:00,7.7,0,0,.5,968.3,1020.3,98.8,,
883,2024-02-03 18:00,7.9,0,.1,0,969,1021,98.9,,
883,2024-02-03 19:00,7.8,48.8,1.3,0,968.7,1020.7,97.7,,
883,2024-02-03 20:00,7.6,85.6,.6,0,969.2,1021.3,96.9,,
883,2024-02-03 21:00,7.9,143.2,1.4,0,969.2,1021.2,96.2,,
883,2024-02-03 22:00,7.6,36.5,1.7,0,969.2,1021.3,97.2,,
883,2024-02-03 23:00,7.8,171.7,2.3,0,968.9,1020.9,97,,
883,2024-02-04 00:00,7.6,0,0,0,969,1021.1,96.8,,
883,2024-02-04 01:00,7.7,0,.1,0,968.9,1020.9,97.5,,
883,2024-02-04 02:00,7.6,0,.1,0,968.7,1020.7,97,,
883,2024-02-04 03:00,7.4,17.2,1.9,0,969.2,1021.3,97.5,,
883,2024-02-04 04:00,7.8,100.8,1,0,968.7,1020.7,94.3,,
883,2024-02-04 05:00,7.4,217.7,.8,0,968.7,1020.8,96.7,,
883,2024-02-04 06:00,7.5,0,0,0,969,1021.1,96.6,,
883,2024-02-04 07:00,7.8,93.4,.9,0,969.3,1021.3,96.4,,
883,2024-02-04 08:00,7.9,69,2.3,0,969.5,1021.5,93,,
883,2024-02-04 09:00,8.5,0,.3,0,970.7,1022.6,93.1,,
883,2024-02-04 10:00,8.8,102.5,2.4,0,970.5,1022.3,95.3,,
883,2024-02-04 11:00,10.8,240.9,2.1,0,970.7,1022.3,83.2,,
883,2024-02-04 12:00,10.9,281.5,1.4,0,969.7,1021.2,81.8,,
883,2024-02-04 13:00,13.4,261,2.7,0,969,1019.8,79.3,,
883,2024-02-04 14:00,13.2,250.8,2.2,0,967.6,1018.4,76.5,,
883,2024-02-04 15:00,11.5,269.3,3,0,967.5,1018.7,80.4,,
883,2024-02-04 16:00,11.1,0,.1,0,966.7,1018,81.8,,
883,2024-02-04 17:00,10.3,309,1.9,0,966.6,1018.1,85,,
883,2024-02-04 18:00,9.6,333,1.1,0,966.5,1018.1,92.1,,
883,2024-02-04 19:00,8.7,221.2,2,.5,965.6,1017.2,97,,
883,2024-02-04 20:00,8.4,27,1.5,3.5,966.3,1018,98.7,,
883,2024-02-04 21:00,8.4,96.8,2.3,3.5,965.8,1017.5,98.7,,
883,2024-02-04 22:00,8.3,175.9,1.1,2,965.1,1016.8,99.2,,
883,2024-02-04 23:00,8.4,241.8,1.5,2,964.3,1015.9,98.6,,
883,2024-02-05 00:00,8.4,35.8,1.7,3,964.1,1015.7,98.9,,
883,2024-02-05 01:00,11.9,157.4,7.3,1.5,961.5,1012.3,86.7,,
883,2024-02-05 02:00,13,147.3,8.6,.5,958.9,1009.3,78.1,,
883,2024-02-05 03:00,12.3,172.4,6.6,0,960.6,1011.2,80.7,,
883,2024-02-05 04:00,11.7,150.7,5.5,0,960.1,1010.9,84.6,,
883,2024-02-05 05:00,10,204.8,2.7,2,961.1,1012.4,96.6,,
883,2024-02-05 06:00,8,226,5.5,1.5,960.7,1012.2,99.5,,
883,2024-02-05 07:00,7.9,232,4.7,1.5,960.6,1012.1,99.5,,
883,2024-02-05 08:00,7.1,242.5,4.1,.5,960.8,1012.5,99.5,,
883,2024-02-05 09:00,7.4,183,3.6,0,960.1,1011.7,99.5,,
883,2024-02-05 10:00,8.8,285.4,3.8,1,960.4,1011.7,99.6,,
883,2024-02-05 11:00,9.4,298.4,6.1,0,960.9,1012.3,99.6,,
883,2024-02-05 12:00,8.6,24.9,7.8,0,961.1,1012.5,99.5,,
883,2024-02-05 13:00,6.3,30.7,7.8,3.5,963.8,1015.9,99.9,,
883,2024-02-05 14:00,5.6,44.7,4.4,4,964.9,1017.2,99.9,,
883,2024-02-05 15:00,5.1,41.5,4.3,2.5,965.6,1018.1,100,,
883,2024-02-05 16:00,5.2,35.2,4.2,1,966.5,1019,99.8,,
883,2024-02-05 17:00,5.2,26,6.1,0,967,1019.5,97.2,,
883,2024-02-05 18:00,4.9,24.5,6.8,.5,967.1,1019.7,97,,
883,2024-02-05 19:00,4.7,28.9,6,0,968.4,1021.1,97,,
883,2024-02-05 20:00,4.5,30.9,4.5,.5,969.2,1022,95.5,,
883,2024-02-05 21:00,4.2,29.8,4.7,.5,970.4,1023.4,90.7,,
883,2024-02-05 22:00,3.8,29.2,4.2,1,970.7,1023.6,94.2,,
883,2024-02-05 23:00,3.6,44.3,2.9,0,970.9,1023.9,93.8,,
883,2024-02-06 00:00,3.5,27,3.9,.5,970.9,1023.9,96.2,,
883,2024-02-06 01:00,3.5,40.1,3.6,0,970.6,1023.6,96.1,,
883,2024-02-06 02:00,3.3,29.5,3,0,971,1024.1,96.1,,
883,2024-02-06 03:00,3.2,33.5,3.3,0,970.3,1023.4,95.7,,
883,2024-02-06 04:00,3.3,30.5,3,0,970.5,1023.5,94.9,,
883,2024-02-06 05:00,3.5,45.1,3.2,0,970.6,1023.6,94.1,,
883,2024-02-06 06:00,3.1,48.7,3.3,0,970.6,1023.7,95.9,,
883,2024-02-06 07:00,3,54.6,3.4,0,971.1,1024.2,95.9,,
883,2024-02-06 08:00,3.3,50.9,3.5,0,971.5,1024.6,92.9,,
883,2024-02-06 09:00,3.6,37.3,4.3,0,972.3,1025.4,91.7,,
883,2024-02-06 10:00,3.8,37.5,4.2,0,972.6,1025.6,91.2,,
883,2024-02-06 11:00,4.7,29.3,4.6,0,972.3,1025.3,85.9,,
883,2024-02-06 12:00,4,29.3,5.1,0,971.6,1024.7,90.5,,
883,2024-02-06 13:00,3.6,32.2,5.4,0,971.1,1024.1,89.7,,
883,2024-02-06 14:00,3.7,26.2,5.7,0,970.7,1023.7,85.8,,
883,2024-02-06 15:00,3.6,33.6,6,0,970.4,1023.4,82.6,,
883,2024-02-06 16:00,3.7,35.7,5.7,0,970.4,1023.3,83.9,,
883,2024-02-06 17:00,3.5,33.6,5.1,0,970.6,1023.6,82.9,,
883,2024-02-06 18:00,3,30.7,5.2,0,970.5,1023.6,84.1,,
883,2024-02-06 19:00,2.8,41.3,4.1,0,970.8,1024,82.5,,
883,2024-02-06 20:00,2.8,35.8,4.5,0,971.1,1024.3,83.9,,
883,2024-02-06 21:00,2.9,32.7,5.5,0,970.7,1023.9,86.3,,
883,2024-02-06 22:00,2.8,43.4,4.6,0,970.8,1024,86.5,,
883,2024-02-06 23:00,2.7,40.7,4.9,0,970.8,1024,85.4,,
883,2024-02-07 00:00,2.7,40.8,5.2,0,970.7,1023.9,86.4,,
883,2024-02-07 01:00,2.6,29.7,7,0,970.3,1023.5,86.1,,
883,2024-02-07 02:00,2.3,24.8,8.1,0,970.2,1023.5,83,,
883,2024-02-07 03:00,2.1,24.9,5.9,0,970.3,1023.6,82.6,,
883,2024-02-07 04:00,1.6,24.9,7.6,0,969.8,1023.2,82.3,,
883,2024-02-07 05:00,.7,30.3,8.3,0,969.3,1022.9,81.3,,
883,2024-02-07 06:00,.7,32.1,7.6,0,969.5,1023.1,82.4,,
883,2024-02-07 07:00,.8,30.1,7.5,0,969.9,1023.5,84,,
883,2024-02-07 08:00,.8,35.1,7.5,0,969.4,1023,84.1,,
883,2024-02-07 09:00,1.3,27.4,7.1,0,970.5,1024,82.7,,
883,2024-02-07 10:00,2.8,27.6,8,0,970.4,1023.6,77.1,,
883,2024-02-07 11:00,2.8,29,7,0,970.1,1023.2,76.2,,
883,2024-02-07 12:00,2.7,30.8,7.7,0,969.3,1022.4,72.2,,
883,2024-02-07 13:00,3,30.1,7.3,0,968.7,1021.7,72.9,,
883,2024-02-07 14:00,3.4,27.5,8.4,0,968,1020.9,70.6,,
883,2024-02-07 15:00,2.9,28.4,7.5,0,967.9,1020.9,72.2,,
883,2024-02-07 16:00,2.3,36.6,6.3,0,968.1,1021.2,74.4,,
883,2024-02-07 17:00,1.9,26.4,4.9,0,968.2,1021.4,75.1,,
883,2024-02-07 18:00,1.3,28.2,6.7,0,968.3,1021.7,76.7,,
883,2024-02-07 19:00,1,26.9,5.5,0,968.6,1022.1,76.3,,
883,2024-02-07 20:00,.9,25.9,6.2,0,968.7,1022.2,76.1,,
883,2024-02-07 21:00,.8,28.4,6.1,0,968.9,1022.4,80.1,,
883,2024-02-07 22:00,.2,30.6,6,0,969.1,1022.8,78.4,,
883,2024-02-07 23:00,-.1,35.6,5.1,0,969,1022.8,81.3,,
883,2024-02-08 00:00,0,29.9,5.7,0,968.3,1022,80.7,,
883,2024-02-08 01:00,-.4,67.7,4.7,0,968.3,1022.1,80.2,,
883,2024-02-08 02:00,-.3,56.4,3.2,0,967.8,1021.6,81.3,,
883,2024-02-08 03:00,0,61.8,3.4,0,967.7,1021.4,79.5,,
883,2024-02-08 04:00,.3,55.2,3.3,0,967.5,1021.1,77,,
883,2024-02-08 05:00,.2,37.6,4.8,0,967.8,1021.4,79.5,,
883,2024-02-08 06:00,.4,32.2,5.5,0,967.9,1021.5,81.9,,
883,2024-02-08 07:00,.4,28.6,6.9,0,967.7,1021.3,80.2,,
883,2024-02-08 08:00,.4,33.1,5.2,0,968,1021.6,81.2,,
883,2024-02-08 09:00,1,31,6,0,968,1021.5,80.3,,
883,2024-02-08 10:00,1.7,31.5,6.7,0,968.2,1021.5,72.4,,
883,2024-02-08 11:00,1.2,30.3,7.9,0,968.3,1021.7,81.5,,
883,2024-02-08 12:00,1.8,39.2,5.3,0,968.2,1021.5,72.5,,
883,2024-02-08 13:00,1.9,31.5,5.7,0,967.7,1020.9,76.3,,
883,2024-02-08 14:00,2.4,33.8,5.4,0,967.1,1020.2,73.8,,
883,2024-02-08 15:00,2.3,40.9,4.9,0,966.7,1019.8,74.5,,
883,2024-02-08 16:00,2.5,35.3,5.3,0,966.8,1019.8,69.9,,
883,2024-02-08 17:00,2.3,27.9,5.7,0,966.9,1020,72.9,,
883,2024-02-08 18:00,1.8,20.5,4.7,0,967.4,1020.6,74.7,,
883,2024-02-08 19:00,1.3,27.5,4.8,0,967.4,1020.7,74.5,,
883,2024-02-08 20:00,1.3,36.8,4.6,0,968,1021.4,76.6,,
883,2024-02-08 21:00,1.4,31.5,4.6,0,968.3,1021.7,77.7,,
883,2024-02-08 22:00,.8,45.2,3.6,0,967.9,1021.4,77.9,,
883,2024-02-08 23:00,.1,59.8,2.9,0,968.1,1021.8,80.1,,
883,2024-02-09 00:00,.7,63.9,3.3,0,968.5,1022.1,77.3,,
883,2024-02-09 01:00,1.4,35.9,3.4,0,968.2,1021.6,80.3,,
883,2024-02-09 02:00,1.2,27.5,2.7,0,968.4,1021.8,76.4,,
883,2024-02-09 03:00,1.3,28.7,4.1,0,968.1,1021.5,73.6,,
883,2024-02-09 04:00,1.5,32.6,4.6,0,967.9,1021.2,75.2,,
883,2024-02-09 05:00,1.4,30.7,5.4,0,967.7,1021,71.1,,
883,2024-02-09 06:00,1.5,28.8,7.7,0,967.6,1020.9,69.3,,
883,2024-02-09 07:00,1.4,27.4,5.6,0,968.3,1021.7,70.6,,
883,2024-02-09 08:00,1.6,23.3,4.5,0,969.2,1022.6,73.3,,
883,2024-02-09 09:00,2,25.4,5.3,0,969.6,1022.9,72.4,,
883,2024-02-09 10:00,2.9,27.6,6.2,0,969.8,1022.9,68.6,,
883,2024-02-09 11:00,3.9,26.6,8,0,969.9,1022.8,59.4,,
883,2024-02-09 12:00,3.5,30.3,5.9,0,970.1,1023.1,65.1,,
883,2024-02-09 13:00,3.1,10.9,4.9,0,969.7,1022.7,69.2,,
883,2024-02-09 14:00,3.1,6.8,4.9,0,969.2,1022.2,67.9,,
883,2024-02-09 15:00,2.7,30.2,5.2,0,969.1,1022.2,68.4,,
883,2024-02-09 16:00,3.1,21.9,5.5,0,968.9,1021.9,65.5,,
883,2024-02-09 17:00,2.8,35.8,5.6,0,969.1,1022.2,67.6,,
883,2024-02-09 18:00,2.2,25.1,5.7,0,969.3,1022.5,69,,
883,2024-02-09 19:00,1.6,25.5,5.2,0,969.7,1023.1,71.3,,
883,2024-02-09 20:00,1.5,25.9,4.7,0,970.1,1023.5,72.1,,
883,2024-02-09 21:00,.6,26,3.9,0,970.7,1024.4,72.7,,
883,2024-02-09 22:00,1.4,23.7,3.8,0,970.7,1024.2,72.7,,
883,2024-02-09 23:00,1.2,28,4.2,0,970.7,1024.3,74.5,,
883,2024-02-10 00:00,1.6,32.1,3.5,0,970.6,1024.1,74.2,,
883,2024-02-10 01:00,1.6,26,3.5,0,970.7,1024.2,73.8,,
883,2024-02-10 02:00,1.5,30.5,3.1,0,970.9,1024.4,74.5,,
883,2024-02-10 03:00,1.7,32.1,3.9,0,970.4,1023.8,75.1,,
883,2024-02-10 04:00,1.9,40.8,2.9,0,970.5,1023.9,75.9,,
883,2024-02-10 05:00,2.1,51.2,2,0,970.4,1023.7,76.3,,
883,2024-02-10 06:00,2.6,55.9,3,0,970.3,1023.5,78.4,,
883,2024-02-10 07:00,3.1,60.6,3,0,970.6,1023.7,79.1,,
883,2024-02-10 08:00,3.2,57.9,2.6,0,971.2,1024.3,81.2,,
883,2024-02-10 09:00,2.8,32,3.5,.5,972.1,1025.4,92.5,,
883,2024-02-10 10:00,3.4,43.5,2.1,0,972.1,1025.2,86.8,,
883,2024-02-10 11:00,5.2,104.8,2.7,.5,972,1024.8,88.2,,
883,2024-02-10 12:00,4.8,25.8,2.6,0,971.9,1024.8,86.1,,
883,2024-02-10 13:00,6.1,309.3,3.1,0,971.3,1023.9,78.3,,
883,2024-02-10 14:00,6.3,312.2,3.2,0,970.7,1023.2,77,,
883,2024-02-10 15:00,6.5,24.4,3.2,0,970.4,1022.8,74.5,,
883,2024-02-10 16:00,4.6,34.2,3.7,.5,970.6,1023.5,90.9,,
883,2024-02-10 17:00,4.2,26.7,3,.5,970.9,1023.9,94.2,,
883,2024-02-10 18:00,4.1,27.2,3.4,0,971.5,1024.6,92.1,,
883,2024-02-10 19:00,3,36.5,2,0,971.8,1025,88.2,,
883,2024-02-10 20:00,3.8,27.2,3.9,0,972.1,1025.1,91.6,,
883,2024-02-10 21:00,2.7,36.4,3.5,0,972.2,1025.5,87.5,,
883,2024-02-10 22:00,2.8,30.3,3.3,0,972.6,1025.9,85.4,,
883,2024-02-10 23:00,2.2,26.8,2.6,0,972.4,1025.8,79.7,,
883,2024-02-11 00:00,2.3,38.1,1.7,0,972.1,1025.5,73.9,,
883,2024-02-11 01:00,2.7,53.3,1.4,0,972.1,1025.4,69.6,,
883,2024-02-11 02:00,2.8,36.8,1.9,0,972.1,1025.4,72.2,,
883,2024-02-11 03:00,3,33.4,2,0,972,1025.2,73.7,,
883,2024-02-11 04:00,2.8,52.2,1.8,0,971.7,1024.9,74.5,,
883,2024-02-11 05:00,2.9,51.3,1.9,0,971.7,1024.9,77.5,,
883,2024-02-11 06:00,3.1,40.9,3.1,0,971.8,1025,79.3,,
883,2024-02-11 07:00,2.3,50.5,2.8,0,972,1025.4,81.8,,
883,2024-02-11 08:00,3.2,53.4,3,0,972.6,1025.8,79.5,,
883,2024-02-11 09:00,4.5,33.4,2.4,0,973,1026,75,,
883,2024-02-11 10:00,6,309.4,5.7,0,973.1,1025.8,59.1,,
883,2024-02-11 11:00,6.9,314.2,7.2,0,973.3,1025.8,58.3,,
883,2024-02-11 12:00,7.5,317,7.5,0,973.2,1025.5,53.5,,
883,2024-02-11 13:00,7.3,314.9,7.1,0,972.7,1025,53,,
883,2024-02-11 14:00,7.6,317.2,8.1,0,972.2,1024.4,53.8,,
883,2024-02-11 15:00,7,308.5,10.4,0,972.3,1024.7,52.3,,
883,2024-02-11 16:00,6.3,291.2,8.7,0,972.8,1025.4,49.8,,
883,2024-02-11 17:00,5.6,310.3,4.3,0,973.1,1025.9,55.6,,
883,2024-02-11 18:00,4,29.9,7.1,0,973.3,1026.5,57.7,,
883,2024-02-11 19:00,3.3,26.7,7.2,0,973.9,1027.1,61.1,,
883,2024-02-11 20:00,2.7,30.3,7.1,0,974.1,1027.5,61.5,,
883,2024-02-11 21:00,2.3,29.1,6.2,0,974.6,1028.1,63.5,,
883,2024-02-11 22:00,2.6,32.2,5.2,0,975,1028.5,60.1,,
883,2024-02-11 23:00,2.6,36.3,4.4,0,975.2,1028.7,65.9,,
883,2024-02-12 00:00,2.6,31.5,4.7,0,975.3,1028.8,68.7,,
883,2024-02-12 01:00,2.6,32.9,4.4,0,975.5,1029,70.6,,
883,2024-02-12 02:00,2.4,37.2,3.3,0,975.9,1029.5,72.9,,
883,2024-02-12 03:00,2.5,40.3,2.4,0,975.9,1029.4,75.3,,
883,2024-02-12 04:00,2.9,52.9,3,0,975.7,1029.1,72.6,,
883,2024-02-12 05:00,2.9,66.6,4.7,0,975.7,1029.1,71.2,,
883,2024-02-12 06:00,2.4,74.4,4.3,0,975.9,1029.5,72.8,,
883,2024-02-12 07:00,2.1,69.3,3.6,0,976.3,1029.9,72,,
883,2024-02-12 08:00,1.7,101.2,3.5,0,976.9,1030.7,57.6,,
883,2024-02-12 09:00,6.3,146.2,1.6,0,977.5,1030.3,45.6,,
883,2024-02-12 10:00,7.7,56,1.1,0,977.6,1030.1,46,,
883,2024-02-12 11:00,9.4,171.5,.6,0,977.8,1030.1,37.8,,
883,2024-02-12 12:00,10,297.1,2.4,0,977.7,1029.8,39.7,,
883,2024-02-12 13:00,11.8,248,2.4,0,977.3,1029,39,,
883,2024-02-12 14:00,10.5,268.5,3.6,0,976.6,1028.6,52.3,,
883,2024-02-12 15:00,11,244.1,2.3,0,976.2,1028,50.4,,
883,2024-02-12 16:00,11.3,240.7,2.9,0,976.2,1027.9,51.3,,
883,2024-02-12 17:00,9.7,218.3,3.2,0,976.4,1028.6,57.5,,
883,2024-02-12 18:00,7.2,206.3,2.7,0,976.7,1029.3,68.5,,
883,2024-02-12 19:00,5.6,170.1,3.5,0,976.9,1029.9,76.4,,
883,2024-02-12 20:00,5.2,162.8,3.5,0,976.6,1029.7,79.9,,
883,2024-02-12 21:00,5.8,168.8,4.2,0,976.4,1029.3,79.4,,
883,2024-02-12 22:00,6.1,171.8,4.7,0,976.7,1029.5,76.7,,
883,2024-02-12 23:00,6.5,180.2,5.9,0,976.6,1029.3,77,,
883,2024-02-13 00:00,6.8,182,6.5,0,976.1,1028.7,77.9,,
883,2024-02-13 01:00,6.9,179.7,7.3,0,975.8,1028.4,79.8,,
883,2024-02-13 02:00,7.1,181.3,6.4,0,975.8,1028.3,82.3,,
883,2024-02-13 03:00,7.1,180.2,5.8,0,975.5,1028,84.5,,
883,2024-02-13 04:00,7.1,175.5,5.4,0,975.4,1027.9,85.5,,
883,2024-02-13 05:00,7,169.7,6.2,0,974.8,1027.3,86.6,,
883,2024-02-13 06:00,7.1,167,6.6,0,975.1,1027.6,87.5,,
883,2024-02-13 07:00,7.3,183.4,5.4,0,975.1,1027.6,88.8,,
883,2024-02-13 08:00,7.9,200.4,5.2,0,976,1028.4,87.8,,
883,2024-02-13 09:00,9.4,204.7,5.8,0,976.1,1028.3,80.4,,
883,2024-02-13 10:00,11,201,6.7,0,976.3,1028.1,71.1,,
883,2024-02-13 11:00,11.2,208.2,6.1,0,976.5,1028.3,73,,
883,2024-02-13 12:00,12,212.8,5.9,0,976,1027.5,71.2,,
883,2024-02-13 13:00,13.1,205.3,6.2,0,975,1026.2,62.7,,
883,2024-02-13 14:00,13.6,205.4,6.3,0,974.6,1025.7,55,,
883,2024-02-13 15:00,14.8,199.6,5.5,0,974.1,1025.1,54.5,,
883,2024-02-13 16:00,14.2,184.6,5.8,0,973.5,1024.6,58.7,,
883,2024-02-13 17:00,13.1,177.7,6,0,973.4,1024.5,66.9,,
883,2024-02-13 18:00,11.8,175.5,5.3,0,973.5,1025,73.3,,
883,2024-02-13 19:00,11.3,169.2,6.6,0,973.5,1025.1,82.2,,
883,2024-02-13 20:00,11.3,177.6,6.5,0,973.6,1025.2,83.5,,
883,2024-02-13 21:00,11.7,180.6,6.8,0,973.3,1024.8,82.2,,
883,2024-02-13 22:00,12.1,189.4,6.3,0,973.2,1024.6,77.3,,
883,2024-02-13 23:00,12,187.9,5.5,0,973.1,1024.5,82.7,,
883,2024-02-14 00:00,12.1,176.2,7.1,0,972.9,1024.2,86,,
883,2024-02-14 01:00,12.6,184.3,6.1,0,972.8,1024,80.2,,
883,2024-02-14 02:00,12.6,171.7,7.1,0,972.3,1023.5,84.5,,
883,2024-02-14 03:00,13.1,172.9,7,0,972.6,1023.7,81.8,,
883,2024-02-14 04:00,13,173.4,7.3,0,971.9,1023,85.5,,
883,2024-02-14 05:00,12.2,191.6,5.6,1,971.6,1022.8,94.8,,
883,2024-02-14 06:00,12.2,227.2,7.9,5.5,971.4,1022.6,97.8,,
883,2024-02-14 07:00,11.5,206.1,4.8,1,971.5,1022.9,98.6,,
883,2024-02-14 08:00,11.8,199,4.5,2,971.8,1023.2,97.9,,
883,2024-02-14 09:00,11.9,208.1,5.2,.5,972.2,1023.6,98.3,,
883,2024-02-14 10:00,12,196,4.3,.5,972.2,1023.5,97.4,,
883,2024-02-14 11:00,12.1,168.7,6.1,0,972,1023.3,95.2,,
883,2024-02-14 12:00,12.6,169.1,7.2,0,971.4,1022.5,93.8,,
883,2024-02-14 13:00,12.8,179.4,4.4,0,970.6,1021.6,95,,
883,2024-02-14 14:00,12.6,167.5,4.5,1,969.4,1020.4,96.7,,
883,2024-02-14 15:00,12.2,170.1,5.4,0,968.9,1020,96.7,,
883,2024-02-14 16:00,12.7,158.2,5.5,0,968.4,1019.4,94.9,,
883,2024-02-14 17:00,12.7,157.1,5.2,0,968.4,1019.4,96.2,,
883,2024-02-14 18:00,12.5,182.7,3.6,0,968.8,1019.8,96.7,,
883,2024-02-14 19:00,12.1,157.9,6.3,0,968,1019.1,93.1,,
883,2024-02-14 20:00,12.3,160.6,7.1,0,968.5,1019.6,92.5,,
883,2024-02-14 21:00,12.6,162.5,7.2,0,968.8,1019.8,94.7,,
883,2024-02-14 22:00,12.5,158.2,5.9,0,968.9,1019.9,93.2,,
883,2024-02-14 23:00,12.8,181.3,3,.5,969.2,1020.2,96.5,,
883,2024-02-15 00:00,12.5,171.8,3.2,0,968.8,1019.8,95.6,,
883,2024-02-15 01:00,12.2,153.4,2.7,0,968.4,1019.5,96,,
883,2024-02-15 02:00,12,149.9,3.7,0,967.2,1018.3,92.3,,
883,2024-02-15 03:00,12.2,176.9,3.5,0,966.4,1017.4,94.3,,
883,2024-02-15 04:00,12.2,177.6,2.8,0,966.1,1017.1,92.5,,
883,2024-02-15 05:00,11.9,183.8,2.7,0,966.1,1017.1,94.3,,
883,2024-02-15 06:00,11.6,179.3,2.9,0,966.1,1017.2,93.9,,
883,2024-02-15 07:00,11.8,212.8,1.8,0,966.7,1017.8,95.3,,
883,2024-02-15 08:00,12,265.7,1.2,0,966.6,1017.6,98,,
883,2024-02-15 09:00,12,290.9,1.9,0,966.3,1017.3,98.7,,
883,2024-02-15 10:00,12.4,312.8,3,0,966.3,1017.2,94,,
883,2024-02-15 11:00,11.1,297.3,4.9,0,966.9,1018.2,97.7,,
883,2024-02-15 12:00,7.8,34.5,6.4,0,967,1018.9,99.4,,
883,2024-02-15 13:00,5.8,26.4,10,.5,967.2,1019.6,99.9,,
883,2024-02-15 14:00,4.7,25.7,9.5,0,966.6,1019.2,100,,
883,2024-02-15 15:00,3.9,27,11.1,0,966.1,1018.8,100,,
883,2024-02-15 16:00,3.4,32,11.7,0,966.3,1019.1,100,,
883,2024-02-15 17:00,3,29.9,10.9,0,966.6,1019.5,100,,
883,2024-02-15 18:00,2.4,31,12.5,0,967,1020.1,96.2,,
883,2024-02-15 19:00,1.7,31.9,10.6,0,967.7,1021,81.3,,
883,2024-02-15 20:00,1.4,29.1,11.9,0,968.2,1021.6,72.1,,
883,2024-02-15 21:00,1.4,30.1,11.2,0,969,1022.4,72.5,,
883,2024-02-15 22:00,.8,35,9.8,0,969.2,1022.8,71.2,,
883,2024-02-15 23:00,.7,35.7,9.7,0,969.9,1023.5,68.5,,
883,2024-02-16 00:00,.3,40,7,0,970,1023.7,72.9,,
883,2024-02-16 01:00,.2,40,7.2,0,970.3,1024.1,77.6,,
883,2024-02-16 02:00,.2,42.4,6.1,0,969.8,1023.5,81.8,,
883,2024-02-16 03:00,.2,42.4,6.1,0,970,1023.8,83.4,,
883,2024-02-16 04:00,-.1,40.8,5.2,0,970.3,1024.1,85.4,,
883,2024-02-16 05:00,0,54.7,4,0,970.3,1024.1,84.6,,
883,2024-02-16 06:00,-.4,46,5.3,0,970.4,1024.3,84.4,,
883,2024-02-16 07:00,-.8,48.4,4.1,0,970.6,1024.6,85.9,,
883,2024-02-16 08:00,-.7,62.7,3.3,0,970.8,1024.8,83,,
883,2024-02-16 09:00,2.8,42.5,1.1,0,971.3,1024.5,70.7,,
883,2024-02-16 10:00,5.1,31.7,2.2,0,971.5,1024.3,62.3,,
883,2024-02-16 11:00,6.8,25.6,2.6,0,971.6,1024,64.5,,
883,2024-02-16 12:00,7.3,32,2.7,0,971.4,1023.7,61.3,,
883,2024-02-16 13:00,8.3,41.1,4,0,970.5,1022.5,71.9,,
883,2024-02-16 14:00,7.8,34.3,4.4,0,969.5,1021.5,72.7,,
883,2024-02-16 15:00,7.7,36.8,4.8,0,969.2,1021.2,72.9,,
883,2024-02-16 16:00,7.7,34.5,4,0,969,1021,72.7,,
883,2024-02-16 17:00,6.5,24.9,4,0,969.2,1021.5,78.5,,
883,2024-02-16 18:00,5.1,24.4,3.9,0,969.6,1022.3,86.6,,
883,2024-02-16 19:00,4.1,158.3,1.4,0,969.8,1022.8,87.8,,
883,2024-02-16 20:00,3.2,100.2,1.7,0,970.1,1023.1,91.7,,
883,2024-02-16 21:00,3.5,148.3,2.1,0,970,1023,87.5,,
883,2024-02-16 22:00,4.5,151.9,4.2,0,969.7,1022.6,77.2,,
883,2024-02-16 23:00,4.8,151.7,4,0,969.5,1022.3,62.6,,
883,2024-02-17 00:00,4.5,157.1,3.5,0,969.5,1022.4,74.7,,
883,2024-02-17 01:00,4.1,165.4,3.3,0,969.3,1022.2,77.2,,
883,2024-02-17 02:00,4.3,154.7,2.8,0,969,1021.9,80.2,,
883,2024-02-17 03:00,3.6,129.9,2.7,0,968.8,1021.7,81.7,,
883,2024-02-17 04:00,4.6,145.2,3.5,0,968.4,1021.2,78.5,,
883,2024-02-17 05:00,4.1,152.8,4.7,0,968,1020.9,81,,
883,2024-02-17 06:00,4,157.7,3.5,0,968.1,1021,79.2,,
883,2024-02-17 07:00,4.4,162.6,4.3,0,968.4,1021.2,80,,
883,2024-02-17 08:00,4.9,158,4.2,0,969.4,1022.1,79.5,,
883,2024-02-17 09:00,7.5,168.1,3.8,0,969.9,1022,72.3,,
883,2024-02-17 10:00,9,201.4,3.7,0,970.1,1022.1,66.2,,
883,2024-02-17 11:00,10.4,187.7,4.2,0,970,1021.6,61,,
883,2024-02-17 12:00,11.3,190.2,4.2,0,969.5,1020.9,59.5,,
883,2024-02-17 13:00,12,194.6,4.8,0,968.7,1019.8,58,,
883,2024-02-17 14:00,12.2,188.3,4.9,0,968,1019.1,57.7,,
883,2024-02-17 15:00,11.9,189,4.4,0,967.7,1018.8,58.7,,
883,2024-02-17 16:00,11.1,170.6,4.8,0,967.6,1018.9,61.3,,
883,2024-02-17 17:00,10,161,5,0,968.1,1019.7,65.1,,
883,2024-02-17 18:00,8.1,178.2,4.5,0,968.3,1020.2,72.1,,
883,2024-02-17 19:00,7.2,119.6,4.3,0,968,1020.1,55.6,,
883,2024-02-17 20:00,5.6,226.4,2.3,0,967.8,1020.3,39,,
883,2024-02-17 21:00,9.2,146.8,5.3,0,967.8,1019.6,20.5,,
883,2024-02-17 22:00,6.7,170,1.1,0,968.4,1020.6,45.6,,
883,2024-02-17 23:00,7.7,149.1,1.2,0,968.3,1020.3,26.9,,
883,2024-02-18 00:00,9.5,144.6,6.5,0,967.7,1019.4,21.4,,
883,2024-02-18 01:00,11,137.3,7.8,0,967.5,1018.8,21.6,,
883,2024-02-18 02:00,9.8,170.3,4.6,0,968,1019.7,57.5,,
883,2024-02-18 03:00,9.7,162,7.4,0,967.5,1019.2,77.8,,
883,2024-02-18 04:00,10.2,164.9,7.5,0,967.3,1018.8,80.2,,
883,2024-02-18 05:00,10.8,163.7,7.5,0,967.2,1018.6,80.9,,
883,2024-02-18 06:00,11.1,169.8,7.4,0,967.2,1018.5,83.5,,
883,2024-02-18 07:00,11.2,178,7.6,0,967.2,1018.5,87,,
883,2024-02-18 08:00,11,152.2,8.8,0,967.6,1018.9,90.2,,
883,2024-02-18 09:00,12.3,147.8,8.9,0,967.6,1018.6,88.1,,
883,2024-02-18 10:00,12.7,155.2,10.1,0,967.3,1018.2,90.4,,
883,2024-02-18 11:00,13.1,155.7,9.6,0,967.3,1018.1,93.8,,
883,2024-02-18 12:00,13.3,160.1,9.8,0,967.2,1017.9,95.4,,
883,2024-02-18 13:00,13.5,167.2,8.5,1.5,966.3,1016.9,95.3,,
883,2024-02-18 14:00,13.5,176.4,9.3,2.5,965.5,1016.1,98.5,,
883,2024-02-18 15:00,14,188.1,8.1,1,965.2,1015.9,98.7,,
883,2024-02-18 16:00,14.3,187.2,7.9,5.5,964.7,1015.3,97.9,,
883,2024-02-18 17:00,14.6,188.9,7.2,5.5,964.1,1014.6,98.7,,
883,2024-02-18 18:00,14.7,188.2,9.1,5,963.7,1014.2,99.9,,
883,2024-02-18 19:00,15,203.2,8.3,10,963.4,1013.7,100,,
883,2024-02-18 20:00,15.1,202.7,9.2,5.5,963.4,1013.7,99.5,,
883,2024-02-18 21:00,15,193.6,11.1,.5,963.2,1013.5,99.7,,
883,2024-02-18 22:00,15.3,186.4,11,.5,962.7,1012.9,99.6,,
883,2024-02-18 23:00,15.2,194.6,8.5,5.5,962.4,1012.6,99.7,,
883,2024-02-19 00:00,15.2,193.6,8.9,4,962.2,1012.4,99.6,,
883,2024-02-19 01:00,15.3,201.3,7.8,0,961.9,1012.1,99.8,,
883,2024-02-19 02:00,15.4,208.2,8.9,0,961.6,1011.7,99.8,,
883,2024-02-19 03:00,15.4,218.4,8.2,0,960.8,1010.9,99.8,,
883,2024-02-19 04:00,15.8,223.1,8.8,0,960.2,1010.1,100,,
883,2024-02-19 05:00,15.6,237.1,8.3,7,960.1,1010.1,100,,
883,2024-02-19 06:00,14.8,237.4,7.4,3,960.2,1010.4,99.9,,
883,2024-02-19 07:00,14,238.6,7.2,.5,960.1,1010.6,99.9,,
883,2024-02-19 08:00,13.1,235.6,6.1,0,960.8,1011.3,99.8,,
883,2024-02-19 09:00,12.9,242.4,3.9,0,961.5,1012,99.9,,
883,2024-02-19 10:00,13,256.8,3.5,0,962.2,1012.8,99.9,,
883,2024-02-19 11:00,13.3,269.6,2.5,0,962.4,1012.9,99.9,,
883,2024-02-19 12:00,13.5,292.3,2.2,0,962.7,1013.2,99.8,,
883,2024-02-19 13:00,13.3,302.7,2.5,0,962.4,1012.9,99.8,,
883,2024-02-19 14:00,13.1,312.7,4.4,0,962.4,1012.9,99.9,,
883,2024-02-19 15:00,12.7,31.1,2.5,0,962.2,1012.8,100,,
883,2024-02-19 16:00,13.7,0,.2,0,962,1012.4,99.8,,
883,2024-02-19 17:00,11.6,31.1,3.9,0,963.5,1014.5,99.9,,
883,2024-02-19 18:00,9.2,23.1,6,.5,963.8,1015.4,100,,
883,2024-02-19 19:00,8.3,44.5,5.2,.5,964.3,1015.9,100,,
883,2024-02-19 20:00,8.2,22.4,6.4,0,964.6,1016.3,100,,
883,2024-02-19 21:00,9.6,38.7,4.9,0,965.2,1016.8,100,,
883,2024-02-19 22:00,13,47.4,1.1,0,965.8,1016.5,94,,
883,2024-02-19 23:00,8.1,25.2,6.2,0,966.4,1018.2,99.4,,
883,2024-02-20 00:00,7.2,29.3,6.9,0,966.3,1018.3,99.8,,
883,2024-02-20 01:00,6.6,31.6,7.4,0,966,1018.1,99.9,,
883,2024-02-20 02:00,5.8,24.1,7.9,0,966.2,1018.6,100,,
883,2024-02-20 03:00,5.8,26.7,5.4,0,966,1018.3,99.9,,
883,2024-02-20 04:00,5.5,27.7,4.1,0,965.2,1017.6,100,,
883,2024-02-20 05:00,7.2,72.1,.6,0,965.4,1017.4,99.9,,
883,2024-02-20 06:00,5.8,22.5,6,0,966.1,1018.4,100,,
883,2024-02-20 07:00,9.2,0,0,0,966.4,1018.1,100,,
883,2024-02-20 08:00,6.3,43.1,2.1,.5,967.2,1019.5,100,,
883,2024-02-20 09:00,7.3,264,.8,2.5,967.7,1019.8,100,,
883,2024-02-20 10:00,8.8,62.5,.8,2.5,967.4,1019.1,100,,
883,2024-02-20 11:00,11.6,150.7,.5,.5,967.2,1018.4,100,,
883,2024-02-20 12:00,12,359.1,2.7,1,967,1018.1,99.9,,
883,2024-02-20 13:00,11.4,0,0,.5,966.8,1018,99.9,,
883,2024-02-20 14:00,12.3,326.4,.7,0,965.9,1016.8,99.6,,
883,2024-02-20 15:00,12.2,20.5,2,0,965.2,1016.1,99.3,,
883,2024-02-20 16:00,11.9,46,.8,0,964.5,1015.5,99.5,,
883,2024-02-20 17:00,12.1,0,.3,0,964.4,1015.3,99.7,,
883,2024-02-20 18:00,11.4,0,.3,0,964.8,1015.9,99.9,,
883,2024-02-20 19:00,11.3,331.6,1.4,.5,965.6,1016.8,99.8,,
883,2024-02-20 20:00,11.5,192,1,0,965.8,1016.9,99.9,,
883,2024-02-20 21:00,11.6,41.8,1.1,0,965.8,1016.9,99.8,,
883,2024-02-20 22:00,11.6,0,.3,0,965.5,1016.6,99.9,,
883,2024-02-20 23:00,12.1,290.5,.7,0,965.4,1016.3,100,,
883,2024-02-21 00:00,15.2,154.5,3.6,0,964.2,1014.5,93.5,,
883,2024-02-21 01:00,15.6,156.2,2.6,0,963.9,1014.1,87.1,,
883,2024-02-21 02:00,12.8,354.3,1.1,.5,963.8,1014.5,91.4,,
883,2024-02-21 03:00,15.9,142.4,2.9,0,962.2,1012.2,88.4,,
883,2024-02-21 04:00,16.7,147.4,4.9,0,961.9,1011.7,82.9,,
883,2024-02-21 05:00,16.2,155.7,5.8,0,961.7,1011.6,84,,
883,2024-02-21 06:00,14.4,153.1,8.2,1.5,962,1012.5,90,,
883,2024-02-21 07:00,14.8,212.6,4.7,2.5,963.4,1013.8,93.4,,
883,2024-02-21 08:00,15.2,166,6.1,1.5,963.4,1013.7,93,,
883,2024-02-21 09:00,15.5,168.9,5.9,0,962.9,1013.1,90.5,,
883,2024-02-21 10:00,15.6,169.7,4.8,0,963.2,1013.4,90.8,,
883,2024-02-21 11:00,14.9,209.8,3.4,.5,964.5,1014.9,94.7,,
883,2024-02-21 12:00,15,146.6,5.5,2.5,962.1,1012.4,92.2,,
883,2024-02-21 13:00,16.1,249,1.3,1,960.9,1010.8,94.1,,
883,2024-02-21 14:00,14.1,265.5,2.7,.5,961.9,1012.4,98.4,,
883,2024-02-21 15:00,12.9,37.6,2.4,0,961.8,1012.4,99.7,,
883,2024-02-21 16:00,12.7,39.4,3,0,961.3,1011.9,99.7,,
883,2024-02-21 17:00,14.3,193.7,2.2,0,961.6,1012.1,98.8,,
883,2024-02-21 18:00,12.8,183.7,1.9,0,961.4,1012,97.3,,
883,2024-02-21 19:00,14.7,174.3,4,.5,961.8,1012.2,86.8,,
883,2024-02-21 20:00,15.1,171,3.8,0,961.3,1011.5,84.3,,
883,2024-02-21 21:00,12.3,63,1,0,961.8,1012.5,97,,
883,2024-02-21 22:00,13.8,243,1.5,.5,962.6,1013,92.9,,
883,2024-02-21 23:00,10.4,61.7,1.6,0,962.6,1013.8,99,,
883,2024-02-22 00:00,10.5,329.9,3.8,.5,963.9,1015.2,99.5,,
883,2024-02-22 01:00,10.3,32.4,.6,1.5,963.8,1015.1,99.7,,
883,2024-02-22 02:00,10.1,0,.1,0,964.1,1015.5,99.6,,
883,2024-02-22 03:00,9.9,30.3,2.2,0,963.6,1015,99.8,,
883,2024-02-22 04:00,9,29.9,3,0,964.1,1015.8,99.8,,
883,2024-02-22 05:00,9.2,97,3,.5,964.7,1016.4,99.8,,
883,2024-02-22 06:00,8.8,73.9,6.7,0,964.4,1015.9,95.6,,
883,2024-02-22 07:00,8.8,93.9,6.9,0,963.7,1015.2,86.2,,
883,2024-02-22 08:00,9.4,99.9,.7,0,966.2,1017.9,95.8,,
883,2024-02-22 09:00,9.3,180.8,2.1,0,967.2,1019,92.5,,
883,2024-02-22 10:00,9.2,0,0,0,967.6,1019.4,91.4,,
883,2024-02-22 11:00,9.1,129.1,.7,0,968,1019.9,88.5,,
883,2024-02-22 12:00,9,341.1,.6,0,968.6,1020.5,89,,
883,2024-02-22 13:00,8.2,90.9,3.5,0,968.2,1020.1,88.8,,
883,2024-02-22 14:00,8.4,87.6,3.5,.5,967.5,1019.3,85.6,,
883,2024-02-22 15:00,8,86,5.5,0,967.7,1019.6,85.8,,
883,2024-02-22 16:00,7.6,74.3,4.6,0,967.9,1019.9,86.4,,
883,2024-02-22 17:00,7.5,91.9,4.3,0,968.2,1020.2,82.4,,
883,2024-02-22 18:00,7.1,97.5,5,0,968.8,1021,84.5,,
883,2024-02-22 19:00,6.8,98.8,6.1,0,969.4,1021.7,84.9,,
883,2024-02-22 20:00,6.8,98.3,5.9,0,969.8,1022.1,83.3,,
883,2024-02-22 21:00,7.1,99.5,4.7,0,970,1022.2,80.8,,
883,2024-02-22 22:00,6.9,88.8,4.8,0,970.1,1022.4,82.4,,
883,2024-02-22 23:00,7,93.9,3.5,0,969.9,1022.2,81.3,,
883,2024-02-23 00:00,7,80.9,5.1,0,969.6,1021.8,80.8,,
883,2024-02-23 01:00,6.4,79.2,5,0,970,1022.4,86,,
883,2024-02-23 02:00,6.1,95.9,5.2,0,969.9,1022.4,85.1,,
883,2024-02-23 03:00,6,97.6,4.2,0,970.5,1023,84.1,,
883,2024-02-23 04:00,5.6,77,5.6,0,969.8,1022.4,85.6,,
883,2024-02-23 05:00,5.4,65.2,4.9,0,970.1,1022.8,87,,
883,2024-02-23 06:00,5.4,74.3,4.8,0,969.8,1022.4,87.2,,
883,2024-02-23 07:00,4.8,63.6,6.8,0,971.1,1024,92.6,,
883,2024-02-23 08:00,4.6,56.1,5,.5,971.7,1024.6,94.9,,
883,2024-02-23 09:00,4.5,54.7,4.9,.5,972.5,1025.5,95,,
883,2024-02-23 10:00,4.7,54.4,5.1,.5,972.2,1025.2,94.6,,
883,2024-02-23 11:00,4.9,72.7,5.4,0,972.2,1025.1,90.3,,
883,2024-02-23 12:00,6.3,71.1,6.7,0,972,1024.5,86.5,,
883,2024-02-23 13:00,5.6,68.1,5.6,0,972,1024.7,89.2,,
883,2024-02-23 14:00,6.1,72.8,5.2,0,971.8,1024.4,85.7,,
883,2024-02-23 15:00,6.3,81.7,4.1,0,971.9,1024.4,82.2,,
883,2024-02-23 16:00,6.2,84.3,3.6,0,972.1,1024.7,81.8,,
883,2024-02-23 17:00,5.7,0,.1,0,972.2,1024.9,90.8,,
883,2024-02-23 18:00,5.3,0,0,.5,972.3,1025.1,98.3,,
883,2024-02-23 19:00,5.4,0,0,0,973.5,1026.3,98.7,,
883,2024-02-23 20:00,4.9,80.5,1.9,.5,973.3,1026.3,94.6,,
883,2024-02-23 21:00,5.4,103.2,4.2,0,973.3,1026.1,86.2,,
883,2024-02-23 22:00,6,131.3,1,0,973,1025.7,83.5,,
883,2024-02-23 23:00,5.2,0,.4,0,972.3,1025.1,87.7,,
883,2024-02-24 00:00,5.1,93.8,1.6,0,972.3,1025.2,90.6,,
883,2024-02-24 01:00,5.1,150.7,1.5,0,972.8,1025.7,92.8,,
883,2024-02-24 02:00,4.8,57.9,1.6,1.5,973,1026,96.6,,
883,2024-02-24 03:00,4.5,114.8,2,.5,972.4,1025.4,94.8,,
883,2024-02-24 04:00,4.4,0,.3,0,972.2,1025.2,96.4,,
883,2024-02-24 05:00,4.3,139.6,1.2,0,972.3,1025.4,97,,
883,2024-02-24 06:00,4.3,243.2,1.1,0,972.3,1025.4,93,,
883,2024-02-24 07:00,4.5,65.4,.9,0,972.3,1025.3,92.5,,
883,2024-02-24 08:00,4.9,140.2,1.9,0,972.1,1025,92.8,,
883,2024-02-24 09:00,5.6,174,2.4,0,972.6,1025.3,87.7,,
883,2024-02-24 10:00,6.5,228.2,2.4,0,971.9,1024.4,84.1,,
883,2024-02-24 11:00,6.7,286.7,2,0,971.8,1024.2,83.4,,
883,2024-02-24 12:00,7.1,235.4,1,0,971.4,1023.7,79.5,,
883,2024-02-24 13:00,7.2,291.7,1.3,0,970.5,1022.7,77.9,,
883,2024-02-24 14:00,6.9,303.1,1.4,0,969.4,1021.7,77.9,,
883,2024-02-24 15:00,6.5,251.9,.7,0,969.6,1022,83,,
883,2024-02-24 16:00,6.4,0,.2,0,969.1,1021.5,82.4,,
883,2024-02-24 17:00,6.1,0,0,0,968.6,1021,81.7,,
883,2024-02-24 18:00,6.4,0,.3,0,968.5,1020.8,83.1,,
883,2024-02-24 19:00,6,0,.1,0,968.5,1020.9,86,,
883,2024-02-24 20:00,5.4,32.3,1.4,0,968,1020.5,91.5,,
883,2024-02-24 21:00,5.6,109.5,1.4,0,967.8,1020.3,90.6,,
883,2024-02-24 22:00,5.6,110.4,1.3,0,967.8,1020.3,90.1,,
883,2024-02-24 23:00,5.6,0,0,0,967.5,1020,89.9,,
883,2024-02-25 00:00,5.7,96.6,2.9,0,967.5,1019.9,91.3,,
883,2024-02-25 01:00,5.3,50.1,1.3,0,967,1019.5,95.5,,
883,2024-02-25 02:00,5.3,105.3,2,0,966.2,1018.7,95,,
883,2024-02-25 03:00,5.3,59.3,2.7,0,965.7,1018.1,95.2,,
883,2024-02-25 04:00,4.9,52.1,6.1,0,964.9,1017.4,97,,
883,2024-02-25 05:00,4.9,56.4,4.4,0,964.8,1017.3,94.1,,
883,2024-02-25 06:00,4.7,43.1,5.7,0,965.3,1017.9,95.8,,
883,2024-02-25 07:00,4.6,32.1,7.5,.5,966.2,1018.9,98.9,,
883,2024-02-25 08:00,4.5,36.3,6.5,1.5,967.1,1019.8,99,,
883,2024-02-25 09:00,4.2,33.4,6.1,.5,967.6,1020.4,99.3,,
883,2024-02-25 10:00,4.2,27.8,8.2,1,967.3,1020.1,99.9,,
883,2024-02-25 11:00,4.2,37.1,7,.5,967.9,1020.7,100,,
883,2024-02-25 12:00,4.4,35.3,6.2,0,967.7,1020.5,99,,
883,2024-02-25 13:00,4.5,28.2,6.8,0,967.5,1020.2,97.7,,
883,2024-02-25 14:00,4.5,28.3,8.2,0,967.4,1020.1,93.7,,
883,2024-02-25 15:00,5.2,32,7,0,967.5,1020.1,93,,
883,2024-02-25 16:00,5.1,28.1,7.8,0,967.9,1020.5,88.2,,
883,2024-02-25 17:00,5.2,33.9,7.3,0,967.4,1020,89.2,,
883,2024-02-25 18:00,4.3,31.3,7.7,0,968.1,1020.9,91.3,,
883,2024-02-25 19:00,4.1,28.8,7,0,969.3,1022.2,92.4,,
883,2024-02-25 20:00,3.9,30.4,7.1,0,970,1022.9,91.3,,
883,2024-02-25 21:00,3.4,41.8,5.6,0,970.6,1023.6,90.8,,
883,2024-02-25 22:00,3.1,30.6,6.1,0,970.9,1024,93.5,,
883,2024-02-25 23:00,2.7,31.7,5.7,0,971.2,1024.4,92.4,,
883,2024-02-26 00:00,2.5,43.1,4.1,0,971.4,1024.7,93.2,,
883,2024-02-26 01:00,2.3,40,3.7,0,971.5,1024.8,92.7,,
883,2024-02-26 02:00,2.1,42.6,4.1,0,971.4,1024.8,93,,
883,2024-02-26 03:00,1.9,47,4.5,0,971.6,1025,91.4,,
883,2024-02-26 04:00,1.9,52.8,3.7,0,971.7,1025.1,91.3,,
883,2024-02-26 05:00,1.9,38.8,4.6,0,971.3,1024.7,91.4,,
883,2024-02-26 06:00,1.9,37.2,6.3,0,971.5,1024.9,90.5,,
883,2024-02-26 07:00,1.8,33.2,7.2,0,971.9,1025.4,89.6,,
883,2024-02-26 08:00,2,42.9,5.8,0,972.3,1025.8,86.9,,
883,2024-02-26 09:00,2.6,53.2,5.6,0,972.7,1026,82.8,,
883,2024-02-26 10:00,3.3,52.6,6.1,0,972.7,1025.9,83.2,,
883,2024-02-26 11:00,4.7,39.1,6.7,0,973,1026,72.3,,
883,2024-02-26 12:00,6.3,37.1,5.9,0,972.6,1025.2,70.5,,
883,2024-02-26 13:00,6.6,40.7,6.1,0,971.8,1024.3,64.4,,
883,2024-02-26 14:00,7.8,50,5.7,0,971.8,1024,47.6,,
883,2024-02-26 15:00,7.1,32.5,6.8,0,971.5,1023.8,65.2,,
883,2024-02-26 16:00,6.9,34.3,6.6,0,971.5,1023.9,65.7,,
883,2024-02-26 17:00,6.2,40.9,5.3,0,971.4,1023.9,65.4,,
883,2024-02-26 18:00,4.4,77.5,4.8,0,972.1,1025.1,73.9,,
883,2024-02-26 19:00,4.1,101.5,2.5,0,972.6,1025.7,79,,
883,2024-02-26 20:00,3.2,113.7,4.8,0,972.6,1025.8,73.8,,
883,2024-02-26 21:00,2.1,80,1.7,0,972.8,1026.3,86.7,,
883,2024-02-26 22:00,2.8,99.7,4.9,0,972.8,1026.1,78.5,,
883,2024-02-26 23:00,3.8,75.4,3.5,0,972.8,1025.9,75,,
883,2024-02-27 00:00,4.3,91.2,3.7,0,973.1,1026.2,75.2,,
883,2024-02-27 01:00,4.4,94.9,3.9,0,973.6,1026.7,78.1,,
883,2024-02-27 02:00,4.6,110.6,3.7,0,973.6,1026.7,78.2,,
883,2024-02-27 03:00,2.1,97.1,2.3,0,973,1026.5,80.7,,
883,2024-02-27 04:00,1.9,113.7,2.7,0,972.9,1026.4,79.3,,
883,2024-02-27 05:00,1.4,94.2,2.3,0,972.7,1026.3,82.5,,
883,2024-02-27 06:00,1.5,182.5,2.7,0,972.8,1026.4,86.4,,
883,2024-02-27 07:00,1.9,105,2.4,0,973.4,1026.9,86.6,,
883,2024-02-27 08:00,4.2,83.6,2.7,0,973.5,1026.6,77.7,,
883,2024-02-27 09:00,7.1,296.5,1,0,974,1026.4,63.2,,
883,2024-02-27 10:00,8.8,264.9,2.6,0,973.8,1025.8,58.3,,
883,2024-02-27 11:00,9.8,296.1,2.8,0,973.6,1025.6,56.1,,
883,2024-02-27 12:00,9.4,257.7,2.7,0,973.7,1025.8,57,,
883,2024-02-27 13:00,11.7,271.4,2.4,0,973.2,1024.7,52.4,,
883,2024-02-27 14:00,10.1,39.2,3.9,0,972.6,1024.4,54.9,,
883,2024-02-27 15:00,9.4,25.4,2.7,0,972.7,1024.7,54.6,,
883,2024-02-27 16:00,10.1,57.2,4.5,0,972.5,1024.3,50.5,,
883,2024-02-27 17:00,9.4,44.3,3.7,0,972.8,1024.8,57.8,,
883,2024-02-27 18:00,8.2,293.3,.5,0,972.6,1024.7,60,,
883,2024-02-27 19:00,5.8,0,.4,0,973.5,1026.2,72.8,,
883,2024-02-27 20:00,3.7,87.2,1.7,0,973.9,1027,81.5,,
883,2024-02-27 21:00,3.3,101.9,2.5,0,974.1,1027.3,83.4,,
883,2024-02-27 22:00,2.4,145.9,1.2,0,974.3,1027.8,84.3,,
883,2024-02-27 23:00,2.6,169.6,2.1,0,974.8,1028.2,87.2,,
883,2024-02-28 00:00,1.9,114.4,2.4,0,975,1028.6,89.4,,
883,2024-02-28 01:00,1.7,108.3,2.7,0,974.8,1028.5,89.4,,
883,2024-02-28 02:00,2.7,107.7,2.4,0,974.2,1027.6,83.4,,
883,2024-02-28 03:00,3.3,212.1,1.4,0,973.7,1026.9,75.9,,
883,2024-02-28 04:00,2.3,175.3,2.2,0,973.3,1026.7,85.9,,
883,2024-02-28 05:00,1.4,106.8,2.3,0,973.3,1026.9,87.1,,
883,2024-02-28 06:00,2.4,136,2.4,0,973.3,1026.7,90.9,,
883,2024-02-28 07:00,3,173.5,1.9,0,973.3,1026.6,86.2,,
883,2024-02-28 08:00,4.1,138.7,1.1,0,973.5,1026.7,81.9,,
883,2024-02-28 09:00,6.1,253,2.2,0,974.7,1027.4,76.1,,
883,2024-02-28 10:00,7.5,224.1,1.5,0,974.6,1027,70.4,,
883,2024-02-28 11:00,8.6,280.7,1.3,0,974.5,1026.6,63.2,,
883,2024-02-28 12:00,9,91.8,7.6,0,973.4,1025.6,57.2,,
883,2024-02-28 13:00,9.5,75.8,7.5,0,971.7,1023.7,54,,
883,2024-02-28 14:00,10,213.7,3.6,0,971.5,1023.3,56,,
883,2024-02-28 15:00,9.7,91,4.5,0,971.3,1023.2,55.2,,
883,2024-02-28 16:00,9,299.8,2.2,0,971.3,1023.4,62.9,,
883,2024-02-28 17:00,9.2,93.4,2.2,0,971.2,1023.2,46.7,,
883,2024-02-28 18:00,8.1,0,.4,0,971.7,1023.8,63.1,,
883,2024-02-28 19:00,7.6,0,0,0,971.5,1023.7,67,,
883,2024-02-28 20:00,7,20.1,1.3,0,971.8,1024.2,71.6,,
883,2024-02-28 21:00,7,121.1,1.5,0,971.4,1023.7,67.7,,
883,2024-02-28 22:00,7.2,290.3,2.8,0,970.8,1023.1,62.6,,
883,2024-02-28 23:00,7,164.5,2.4,0,970.5,1022.8,66.7,,
883,2024-02-29 00:00,6.8,34.6,1.5,0,970.3,1022.6,72.6,,
883,2024-02-29 01:00,6.1,117.6,2.7,0,970.9,1023.4,85.6,,
883,2024-02-29 02:00,5.8,126.5,1.7,.5,970.4,1023,90,,
883,2024-02-29 03:00,6,110.7,2.4,0,969,1021.5,89.5,,
883,2024-02-29 04:00,6.3,168.6,1.4,0,968.2,1020.5,88.8,,
883,2024-02-29 05:00,6.2,96.2,2.5,.5,968.1,1020.5,91.9,,
883,2024-02-29 06:00,6.5,105.5,2.1,.5,966.8,1019,94.4,,
883,2024-02-29 07:00,6.4,100.9,3.7,.5,965.8,1018,91.6,,
883,2024-02-29 08:00,6.2,74.4,4.3,1,966.1,1018.3,92.9,,
883,2024-02-29 09:00,6.6,79.2,9.9,1,965.5,1017.6,86.9,,
883,2024-02-29 10:00,6.1,64.3,9,.5,965.9,1018.2,95.9,,
883,2024-02-29 11:00,5.4,55.3,7.6,.5,966.3,1018.8,96,,
883,2024-02-29 12:00,4.8,65.1,10.2,1,965,1017.5,93.7,,
883,2024-02-29 13:00,4.9,67.8,9.7,0,964,1016.5,92.2,,
883,2024-02-29 14:00,4.3,39.3,8,1,964.4,1017,97,,
883,2024-02-29 15:00,4,45.5,7.5,.5,963.9,1016.6,95.1,,
883,2024-02-29 16:00,4.1,49.4,6.4,.5,963.6,1016.2,96.6,,
883,2024-02-29 17:00,4.3,44.2,7.1,.5,963.8,1016.4,96,,
883,2024-02-29 18:00,4.2,40.7,6.6,0,964.9,1017.6,97.7,,
883,2024-02-29 19:00,4.1,35.9,8.4,.5,965,1017.7,98.7,,
883,2024-02-29 20:00,4.2,35.7,6.8,.5,966.6,1019.4,99.4,,
883,2024-02-29 21:00,3.7,26.6,8,.5,966.7,1019.4,99.4,,
883,2024-02-29 22:00,3.6,28.2,8.4,.5,967.3,1020.1,98.6,,
883,2024-02-29 23:00,3.4,28.3,8.7,0,967.6,1020.5,97.6,,
883,2024-03-01 00:00,3.2,28.8,9.3,0,967.7,1020.6,95.2,,
883,2024-03-01 01:00,2.9,33.1,9.1,0,968.2,1021.2,88.3,,
883,2024-03-01 02:00,2.2,28.8,10.6,0,968.7,1021.9,79.5,,
883,2024-03-01 03:00,1.4,25,10.5,0,968.9,1022.3,80.8,,
883,2024-03-01 04:00,1.2,31.9,9.4,0,969.2,1022.7,82.3,,
883,2024-03-01 05:00,.7,25.8,10,0,968.8,1022.4,81.4,,
883,2024-03-01 06:00,.2,26.4,11.2,0,968.4,1022.1,81.1,,
883,2024-03-01 07:00,-.2,24.2,12,0,969,1022.8,80,,
883,2024-03-01 08:00,-.7,27.4,11.8,0,969.3,1023.2,75.7,,
883,2024-03-01 09:00,-.6,25.4,12.1,0,970,1023.9,74.3,,
883,2024-03-01 10:00,-1,28.2,12.2,0,970.5,1024.6,76.7,,
883,2024-03-01 11:00,-.8,28.7,11.8,0,971.1,1025.2,75.9,,
883,2024-03-01 12:00,-.7,27.5,11.1,0,970.7,1024.7,72.7,,
883,2024-03-01 13:00,-.6,25,13.5,0,969.5,1023.4,70.7,,
883,2024-03-01 14:00,-1,25.5,13.2,0,969.1,1023.1,72.3,,
883,2024-03-01 15:00,-.9,28.2,15,0,968,1021.9,67.8,,
883,2024-03-01 16:00,-1.6,32,12.3,0,969.1,1023.1,71.6,,
883,2024-03-01 17:00,-1.7,28.5,11.8,0,969.1,1023.2,75.2,,
883,2024-03-01 18:00,-2.2,31.1,11.7,0,969.5,1023.7,67.3,,
883,2024-03-01 19:00,-2.3,29.8,10.6,0,970.1,1024.4,68.7,,
883,2024-03-01 20:00,-2.5,29.2,10,0,970.6,1024.9,74.7,,
883,2024-03-01 21:00,-2.8,29,10.4,0,970.7,1025.1,73.4,,
883,2024-03-01 22:00,-2.6,30.9,8.5,0,971.2,1025.6,71.7,,
883,2024-03-01 23:00,-2.9,27.7,10.2,0,971.3,1025.8,82.4,,
883,2024-03-02 00:00,-2.8,30.7,9.8,0,971.1,1025.5,85.4,,
883,2024-03-02 01:00,-2.5,30,8.2,0,971,1025.4,76.7,,
883,2024-03-02 02:00,-3,25.2,8.7,0,970.9,1025.4,89.7,,
883,2024-03-02 03:00,-2.9,25.5,7.4,0,970.8,1025.2,88,,
883,2024-03-02 04:00,-2.5,25.2,7.1,0,970.3,1024.6,81.8,,
883,2024-03-02 05:00,-2.3,23.3,6.7,.5,969.9,1024.2,75.3,,
883,2024-03-02 06:00,-2.1,30.8,5.9,0,970.3,1024.5,71.9,,
883,2024-03-02 07:00,-2.2,26.1,6.2,0,970.5,1024.8,82.2,,
883,2024-03-02 08:00,-2.1,30.9,4.5,0,970.9,1025.2,81.8,,
883,2024-03-02 09:00,-.8,27.1,4.5,0,970.9,1024.9,74.6,,
883,2024-03-02 10:00,-.4,49.5,4.5,0,970.9,1024.8,77,,
883,2024-03-02 11:00,.6,30.5,3.7,0,971.5,1025.2,67.9,,
883,2024-03-02 12:00,1.5,24.3,4.3,0,970.8,1024.3,59.8,,
883,2024-03-02 13:00,1.4,352.2,3.1,0,969.7,1023.2,57.7,,
883,2024-03-02 14:00,2.2,330.8,3.1,0,968.8,1022,56.8,,
883,2024-03-02 15:00,2.2,302.6,2.5,0,968.5,1021.7,58.4,,
883,2024-03-02 16:00,2.4,12.4,2.8,0,968.1,1021.2,62,,
883,2024-03-02 17:00,1.6,40.4,2.8,0,967.9,1021.2,63.8,,
883,2024-03-02 18:00,1.6,293.6,2.2,0,967.7,1021,62.9,,
883,2024-03-02 19:00,1.3,271.1,1.3,0,967.9,1021.3,65.7,,
883,2024-03-02 20:00,1.3,210.8,2,0,968.3,1021.7,66.5,,
883,2024-03-02 21:00,1.4,269.5,1.3,0,968.5,1021.9,67.7,,
883,2024-03-02 22:00,1.2,208.1,2.1,0,968.6,1022,61.8,,
883,2024-03-02 23:00,1.6,224,2.3,0,968.3,1021.6,66.8,,
883,2024-03-03 00:00,1.2,246.1,2.2,0,968.2,1021.6,68.5,,
883,2024-03-03 01:00,-.8,170.9,1.4,0,968.5,1022.4,74.2,,
883,2024-03-03 02:00,-.1,207,1,0,968.9,1022.7,74.6,,
883,2024-03-03 03:00,1.3,241.7,1.2,0,968.5,1021.9,69.1,,
883,2024-03-03 04:00,1.6,259.2,1,0,968.2,1021.5,71.1,,
883,2024-03-03 05:00,2,281.9,1.9,0,967.9,1021.1,69.9,,
883,2024-03-03 06:00,2.3,257.4,.8,0,967.8,1020.9,69.4,,
883,2024-03-03 07:00,1.5,185.8,1.3,0,968,1021.3,72.8,,
883,2024-03-03 08:00,3,229.1,1.7,0,968.1,1021.1,70.5,,
883,2024-03-03 09:00,4,212,2.3,0,968.4,1021.3,72.3,,
883,2024-03-03 10:00,5.3,217,2.3,0,968.9,1021.5,69,,
883,2024-03-03 11:00,5.6,237.9,4.2,0,969.2,1021.8,67.2,,
883,2024-03-03 12:00,5.6,248.2,3.4,0,969.4,1022,73.1,,
883,2024-03-03 13:00,7.1,245.9,2.6,.5,968.7,1020.9,69.7,,
883,2024-03-03 14:00,6.7,276.9,3.6,0,967.7,1019.9,65.6,,
883,2024-03-03 15:00,7.6,274.6,4,0,967.3,1019.3,62,,
883,2024-03-03 16:00,8.3,298.3,4.5,0,967.4,1019.2,57.4,,
883,2024-03-03 17:00,7.1,305.1,3.8,0,967.3,1019.4,57.9,,
883,2024-03-03 18:00,6.5,286.7,3,0,967.7,1020,64.2,,
883,2024-03-03 19:00,5.8,275.1,1.9,0,967.8,1020.2,63.6,,
883,2024-03-03 20:00,4.5,0,.3,0,968.2,1021,71.5,,
883,2024-03-03 21:00,1.9,119.3,1.9,0,968.5,1021.8,81.4,,
883,2024-03-03 22:00,1.6,127.9,2,0,968.4,1021.7,85.2,,
883,2024-03-03 23:00,1.5,104.6,1.8,0,968.7,1022.1,84.7,,
883,2024-03-04 00:00,2.5,126.6,1.6,0,969.2,1022.4,82.6,,
883,2024-03-04 01:00,2.9,157.4,2.3,0,969.4,1022.5,81.7,,
883,2024-03-04 02:00,2.4,153.6,2.4,0,969.6,1022.8,82.4,,
883,2024-03-04 03:00,1.1,130.2,2.2,0,969.6,1023.1,86,,
883,2024-03-04 04:00,.9,129.8,2.4,0,969.2,1022.7,87.4,,
883,2024-03-04 05:00,.9,125,2.2,0,969,1022.5,85.1,,
883,2024-03-04 06:00,2,105.9,3.5,0,968.8,1022.1,81.8,,
883,2024-03-04 07:00,1.8,109.5,3.1,0,969.2,1022.5,81,,
883,2024-03-04 08:00,5.3,122.4,3.4,0,969.4,1022,70.5,,
883,2024-03-04 09:00,7.9,165.7,2.5,0,969.2,1021.2,63.4,,
883,2024-03-04 10:00,8.4,155.7,4.5,0,968.9,1020.8,61.5,,
883,2024-03-04 11:00,10.5,154.2,6.7,0,968.5,1020,55.6,,
883,2024-03-04 12:00,10.3,149,5.7,0,967.9,1019.4,56,,
883,2024-03-04 13:00,9.4,144.1,7.5,0,967.2,1018.9,63.3,,
883,2024-03-04 14:00,9.2,135.8,4.5,0,966.4,1018.1,66.5,,
883,2024-03-04 15:00,8.7,136.7,4.7,0,965.6,1017.2,67.8,,
883,2024-03-04 16:00,7.4,133.9,5.7,0,965,1016.9,86,,
883,2024-03-04 17:00,6.7,128.5,3,1,964.6,1016.6,90.9,,
883,2024-03-04 18:00,6.4,155.9,1.9,.5,964.1,1016.2,95.1,,
883,2024-03-04 19:00,6.3,161.6,1.2,.5,963.3,1015.4,92.6,,
883,2024-03-04 20:00,5.9,64.1,1.4,2,963.9,1016.1,97.4,,
883,2024-03-04 21:00,6.1,35.6,2.1,2,963.2,1015.3,98.1,,
883,2024-03-04 22:00,6.4,59.4,1.7,2,962.7,1014.7,98.8,,
883,2024-03-04 23:00,6.7,59.6,2.1,3,961.7,1013.6,99.1,,
883,2024-03-05 00:00,7,225.8,1.7,1.5,960.3,1012,98.8,,
883,2024-03-05 01:00,8.3,47.1,1.9,0,959.2,1010.6,97.5,,
883,2024-03-05 02:00,13.4,140.8,8.4,0,958.3,1008.5,78.7,,
883,2024-03-05 03:00,9.9,61.2,2.7,0,957.9,1009,91.8,,
883,2024-03-05 04:00,9.8,64.4,1.9,0,957.3,1008.4,90,,
883,2024-03-05 05:00,14.1,153,5.3,0,956.7,1007,83.2,,
883,2024-03-05 06:00,10.2,47.2,2.8,0,956.2,1007.1,90,,
883,2024-03-05 07:00,11,338.9,1,0,956.2,1006.9,89.6,,
883,2024-03-05 08:00,10.8,89.7,1.4,0,956.4,1007.2,92.3,,
883,2024-03-05 09:00,12.3,55.9,.7,.5,956.1,1006.5,89.5,,
883,2024-03-05 10:00,11.9,234.3,.6,0,956.1,1006.6,90,,
883,2024-03-05 11:00,12.3,0,.4,0,955.7,1006.1,90.3,,
883,2024-03-05 12:00,12.4,177.7,.6,0,955.2,1005.5,92.2,,
883,2024-03-05 13:00,11.2,208.7,1.1,0,954.8,1005.4,97.1,,
883,2024-03-05 14:00,11,131.3,2,.5,954.2,1004.8,97.8,,
883,2024-03-05 15:00,11.1,263.3,1,2.5,953.6,1004.2,98.7,,
883,2024-03-05 16:00,10.6,126,2.1,1.5,953.5,1004.2,99.1,,
883,2024-03-05 17:00,11,130.5,2.9,.5,953.5,1004.1,93.4,,
883,2024-03-05 18:00,10.1,297.5,1.2,.5,954.1,1005,97.1,,
883,2024-03-05 19:00,9.3,95.9,4.4,0,954.8,1005.9,89.2,,
883,2024-03-05 20:00,9.1,91.8,2.4,0,956,1007.2,93.5,,
883,2024-03-05 21:00,9.4,100.5,4.5,0,956.2,1007.3,86.1,,
883,2024-03-05 22:00,9.3,96.9,3.5,0,956.8,1008,84.7,,
883,2024-03-05 23:00,9.1,94.7,2,0,957.2,1008.5,87.7,,
883,2024-03-06 00:00,8.3,64.4,4.9,0,956.9,1008.1,84.2,,
883,2024-03-06 01:00,8,92,5.9,0,957.6,1008.9,85.3,,
883,2024-03-06 02:00,7.2,63.6,8.6,0,957.4,1008.9,88.2,,
883,2024-03-06 03:00,7,71.1,6.3,0,957.6,1009.2,88.2,,
883,2024-03-06 04:00,6.6,62.1,7.2,0,958.2,1009.9,91.6,,
883,2024-03-06 05:00,6.5,70,7.7,0,958.3,1010.1,92.1,,
883,2024-03-06 06:00,6.7,74.1,5.3,0,959.5,1011.3,89,,
883,2024-03-06 07:00,5.9,48.2,4.1,0,960.3,1012.3,95,,
883,2024-03-06 08:00,5.7,62.7,5.2,0,960.6,1012.7,94.9,,
883,2024-03-06 09:00,6,67.1,6,0,961.3,1013.3,91.8,,
883,2024-03-06 10:00,6.3,75.6,5.3,0,962,1014,88.6,,
883,2024-03-06 11:00,6.8,56.9,4,0,962.6,1014.5,87.6,,
883,2024-03-06 12:00,7,76.8,5.4,0,962.6,1014.5,83.9,,
883,2024-03-06 13:00,7.5,68.5,4.6,0,962.1,1013.8,83.2,,
883,2024-03-06 14:00,8.3,55.4,4.3,0,961.9,1013.4,80.2,,
883,2024-03-06 15:00,7.7,41.4,4.9,0,961.7,1013.3,82.1,,
883,2024-03-06 16:00,7.4,28.6,6,0,962.1,1013.8,80.4,,
883,2024-03-06 17:00,7.3,23.7,5.7,0,962.8,1014.6,82.2,,
883,2024-03-06 18:00,6.9,26.5,4.4,0,963.5,1015.4,86.6,,
883,2024-03-06 19:00,6.4,25.9,3.9,0,964.1,1016.2,89.8,,
883,2024-03-06 20:00,6,28.7,3.4,0,964.4,1016.6,91.8,,
883,2024-03-06 21:00,4.8,38.9,2.5,0,965,1017.5,92.2,,
883,2024-03-06 22:00,5,47.5,2.4,0,965.7,1018.2,92,,
883,2024-03-06 23:00,4.5,33.6,3.1,0,965.8,1018.5,94.4,,
883,2024-03-07 00:00,3.9,49,3.2,0,966.1,1018.8,92.9,,
883,2024-03-07 01:00,3.5,51.6,3.6,0,965.9,1018.6,94.1,,
883,2024-03-07 02:00,3.5,46.1,3.5,0,965.6,1018.3,95.3,,
883,2024-03-07 03:00,3.1,40.3,3.2,0,965.8,1018.6,96.3,,
883,2024-03-07 04:00,3.5,42.8,4,0,965.5,1018.2,96.3,,
883,2024-03-07 05:00,3.4,40,4.6,0,965.1,1017.8,96,,
883,2024-03-07 06:00,3.3,28.4,6,0,965.6,1018.4,94.5,,
883,2024-03-07 07:00,3,38.4,4.6,0,965.9,1018.8,92.1,,
883,2024-03-07 08:00,3.2,35.2,4.4,0,966.4,1019.2,89.5,,
883,2024-03-07 09:00,4.3,27.3,6.4,0,966.4,1019.1,84.3,,
883,2024-03-07 10:00,5.3,23.6,6,0,966.1,1018.6,73.3,,
883,2024-03-07 11:00,6,30.1,5.9,0,966.3,1018.6,63.6,,
883,2024-03-07 12:00,7.1,24.7,5.7,0,966.1,1018.1,60.8,,
883,2024-03-07 13:00,6.7,31.1,6.3,0,965.6,1017.7,61.4,,
883,2024-03-07 14:00,6.3,27.8,6.8,0,965.5,1017.7,61.8,,
883,2024-03-07 15:00,5.3,25.4,6.4,0,964.4,1016.8,55.4,,
883,2024-03-07 16:00,5.1,18.9,5.5,0,964.6,1017,65,,
883,2024-03-07 17:00,3.9,27.8,6.7,0,964.3,1016.9,74.4,,
883,2024-03-07 18:00,3.1,29.7,6,0,964.9,1017.7,71.7,,
883,2024-03-07 19:00,2.2,25.4,6.9,0,964.7,1017.7,68.9,,
883,2024-03-07 20:00,1.9,26.2,7.7,0,964.8,1017.9,69.2,,
883,2024-03-07 21:00,1.6,26.9,7.8,0,965,1018.1,70.4,,
883,2024-03-07 22:00,1.5,27.1,8.4,0,965.3,1018.5,69.9,,
883,2024-03-07 23:00,1,34,5.8,0,965.7,1019,74.8,,
883,2024-03-08 00:00,1.1,45.6,5.1,0,965.7,1019,72.3,,
883,2024-03-08 01:00,1.1,38.1,4.9,0,966,1019.3,71.3,,
883,2024-03-08 02:00,1.1,37.1,5.1,0,965.8,1019.1,75.9,,
883,2024-03-08 03:00,1.4,38.2,5.1,0,965.8,1019,76.5,,
883,2024-03-08 04:00,1.1,47,4.7,0,965.4,1018.7,77.9,,
883,2024-03-08 05:00,1.5,49.2,5.2,0,965.5,1018.7,75.7,,
883,2024-03-08 06:00,1.9,51.5,5.5,0,965.8,1018.9,77.9,,
883,2024-03-08 07:00,1.5,35.2,4.4,0,966.3,1019.5,74.5,,
883,2024-03-08 08:00,2.8,28.9,5.3,0,966.7,1019.7,72.4,,
883,2024-03-08 09:00,3.6,31.8,5.9,0,966.9,1019.7,65.4,,
883,2024-03-08 10:00,4.4,36.6,6.4,0,967.1,1019.8,62.8,,
883,2024-03-08 11:00,5,28,6.8,0,967.2,1019.8,65.4,,
883,2024-03-08 12:00,5.5,29.1,7.4,0,967.3,1019.8,52.5,,
883,2024-03-08 13:00,6,23.2,7.4,0,967.2,1019.6,50.3,,
883,2024-03-08 14:00,5.6,29.5,6.6,0,967.1,1019.5,45.2,,
883,2024-03-08 15:00,5.4,16.1,7.7,0,967.3,1019.8,50.2,,
883,2024-03-08 16:00,4.1,338.9,6,0,967.2,1020,56.1,,
883,2024-03-08 17:00,3.6,43.1,7.8,0,967.2,1020,61.3,,
883,2024-03-08 18:00,3.2,8.4,6.6,0,967.2,1020.1,61.4,,
883,2024-03-08 19:00,2.9,33.4,6.9,0,967.5,1020.5,62,,
883,2024-03-08 20:00,2.9,34.5,6.6,0,967.7,1020.7,66.2,,
883,2024-03-08 21:00,2.7,28.1,5.8,0,968.3,1021.4,64.4,,
883,2024-03-08 22:00,2.6,36,6.1,0,968.6,1021.7,63.9,,
883,2024-03-08 23:00,2.3,34,6.6,0,968.7,1021.9,64.1,,
883,2024-03-09 00:00,2.1,33.6,7.9,0,969,1022.2,64.3,,
883,2024-03-09 01:00,1.5,29.4,6.6,0,969.4,1022.8,65.9,,
883,2024-03-09 02:00,1.6,28,5.6,0,969.2,1022.6,68.9,,
883,2024-03-09 03:00,1.3,41.3,6.5,0,969.3,1022.8,66.7,,
883,2024-03-09 04:00,1.2,30.3,7.5,0,969.3,1022.8,72.3,,
883,2024-03-09 05:00,1.1,25.9,7.1,0,969.2,1022.7,68.2,,
883,2024-03-09 06:00,.9,27.9,7.6,0,969.5,1023.1,71.9,,
883,2024-03-09 07:00,.9,29.3,6.4,0,969.7,1023.3,69.8,,
883,2024-03-09 08:00,1.6,26.7,7.2,0,970.5,1023.9,66.8,,
883,2024-03-09 09:00,2.2,21.8,6.2,0,971.1,1024.4,67.7,,
883,2024-03-09 10:00,3.1,30,7.7,0,971.1,1024.2,63.5,,
883,2024-03-09 11:00,4,37.3,6.2,0,971.3,1024.4,58.5,,
883,2024-03-09 12:00,4.3,34.3,6.8,0,971.1,1024.1,52.4,,
883,2024-03-09 13:00,5.2,29.4,7.1,0,970.7,1023.4,55.5,,
883,2024-03-09 14:00,5.6,33.3,6.8,0,970.5,1023.1,54.9,,
883,2024-03-09 15:00,5.6,28.2,6.5,0,970.6,1023.2,53.6,,
883,2024-03-09 16:00,5.1,27.6,6.7,0,970.8,1023.6,58.9,,
883,2024-03-09 17:00,3.9,27,5.9,0,971.1,1024,61.1,,
883,2024-03-09 18:00,2.6,27,6.4,0,971.6,1024.9,60.4,,
883,2024-03-09 19:00,1.1,31,3.6,0,972,1025.6,74.6,,
883,2024-03-09 20:00,.8,48.3,3.3,0,972.3,1026,76.7,,
883,2024-03-09 21:00,.5,45.1,3.5,0,972.4,1026.2,78.6,,
883,2024-03-09 22:00,.4,74.1,3.9,0,972.7,1026.6,77.5,,
883,2024-03-09 23:00,.8,56.7,4.4,0,972.7,1026.5,73.9,,
883,2024-03-10 00:00,.8,62.9,4.8,0,972.7,1026.5,75.1,,
883,2024-03-10 01:00,.9,58.4,4.6,0,972.9,1026.6,62.1,,
883,2024-03-10 02:00,.9,55.9,4.3,0,973.3,1027.1,65.9,,
883,2024-03-10 03:00,.9,58.9,4.5,0,973.2,1027,57.2,,
883,2024-03-10 04:00,.7,53.2,4.6,0,973,1026.8,66.2,,
883,2024-03-10 05:00,.8,63.9,5.2,0,973.5,1027.3,74.3,,
883,2024-03-10 06:00,.6,78.4,4.3,0,973.9,1027.8,54,,
883,2024-03-10 07:00,.2,85.2,4.1,0,974.6,1028.6,48.3,,
883,2024-03-10 08:00,2.2,60.7,5.8,0,975.3,1028.9,54,,
883,2024-03-10 09:00,5.2,36.2,3.4,0,975.9,1028.9,47.6,,
883,2024-03-10 10:00,7.2,16.4,3.5,0,976.3,1028.8,44.3,,
883,2024-03-10 11:00,8.7,38.6,3.3,0,976.3,1028.5,41.8,,
883,2024-03-10 12:00,9,15.6,3.4,0,976.2,1028.5,44.3,,
883,2024-03-10 13:00,10.2,28,4.6,0,975.8,1027.8,41.7,,
883,2024-03-10 14:00,10,22.3,4.3,0,974.7,1026.7,39.4,,
883,2024-03-10 15:00,10.1,27.8,4.3,0,974.3,1026.2,37.5,,
883,2024-03-10 16:00,9.4,323,2.5,0,974.4,1026.5,38,,
883,2024-03-10 17:00,8.7,20.5,3.3,0,974.4,1026.5,43.3,,
883,2024-03-10 18:00,6.9,294.8,2.8,0,975,1027.6,45.2,,
883,2024-03-10 19:00,4,61.3,2.3,0,974.4,1027.6,58.3,,
883,2024-03-10 20:00,3.2,101.3,2.9,0,974.8,1028.1,60.9,,
883,2024-03-10 21:00,2.9,146.4,2.6,0,974.7,1028.1,65.1,,
883,2024-03-10 22:00,4.2,162.1,3.2,0,975,1028.2,60.4,,
883,2024-03-10 23:00,4.6,160.6,3.4,0,975.5,1028.7,69.8,,
883,2024-03-11 00:00,5,162.6,4.4,0,974.8,1027.8,77.7,,
883,2024-03-11 01:00,4.9,160.3,4.7,0,974.3,1027.3,82.4,,
883,2024-03-11 02:00,5.2,151.8,5.4,0,972.9,1025.8,82.6,,
883,2024-03-11 03:00,4.9,161.2,4,0,972.6,1025.5,85.7,,
883,2024-03-11 04:00,5,160.6,4.6,0,971.9,1024.8,82.8,,
883,2024-03-11 05:00,5,170,5.2,0,970.9,1023.7,79.6,,
883,2024-03-11 06:00,5,154.3,6.4,0,970.1,1022.9,78.7,,
883,2024-03-11 07:00,5.6,150.2,9.3,0,969,1021.6,75.2,,
883,2024-03-11 08:00,6.7,159.1,8.1,0,969.3,1021.6,72.4,,
883,2024-03-11 09:00,9,173.8,7.3,0,970.2,1022.2,70.4,,
883,2024-03-11 10:00,9.7,188.4,5.3,0,970.2,1022,68,,
883,2024-03-11 11:00,11.1,176.7,5.6,0,969,1020.4,64.6,,
883,2024-03-11 12:00,10.8,179.4,5.5,0,968.6,1020,71.1,,
883,2024-03-11 13:00,11.1,187.9,5.5,0,968.2,1019.6,67.3,,
883,2024-03-11 14:00,10.8,194.2,3.6,0,966.9,1018.3,68.5,,
883,2024-03-11 15:00,7,224.6,3.2,3.5,966.3,1018.4,97.7,,
883,2024-03-11 16:00,7.2,186,3,2.5,965.5,1017.5,98.3,,
883,2024-03-11 17:00,7.4,170.3,2.7,1.5,964.8,1016.7,97.2,,
883,2024-03-11 18:00,7.4,212.1,2.2,3,964.6,1016.5,98,,
883,2024-03-11 19:00,7.7,181.1,4.1,2.5,964.3,1016.1,98,,
883,2024-03-11 20:00,7.7,209.9,2.9,.5,964,1015.8,92.5,,
883,2024-03-11 21:00,7.4,200.5,.6,0,963.7,1015.5,96.9,,
883,2024-03-11 22:00,7.3,323.5,1.9,0,963.6,1015.4,97.8,,
883,2024-03-11 23:00,6.5,30.3,1.6,0,963.2,1015.2,98,,
883,2024-03-12 00:00,6.4,66,3.9,0,962.8,1014.8,97.3,,
883,2024-03-12 01:00,6.4,54.1,3.7,0,962.7,1014.7,92.7,,
883,2024-03-12 02:00,6,54.8,3.9,0,962.3,1014.4,93.1,,
883,2024-03-12 03:00,5.4,52,3.2,0,961.9,1014.1,92.8,,
883,2024-03-12 04:00,5.8,58.6,4.4,0,961.7,1013.8,90.9,,
883,2024-03-12 05:00,6.4,43.8,4.3,0,962.1,1014.1,90,,
883,2024-03-12 06:00,6.4,41.6,3.5,0,962.4,1014.4,94.4,,
883,2024-03-12 07:00,5.7,54,3.5,0,962,1014.1,93.9,,
883,2024-03-12 08:00,6.1,36.9,3.6,0,962.8,1014.9,95.8,,
883,2024-03-12 09:00,7.6,30.9,6.6,0,963.1,1014.8,80.6,,
883,2024-03-12 10:00,9.1,31.9,4.9,0,963.2,1014.8,76.1,,
883,2024-03-12 11:00,8.3,38.2,5.3,0,963.4,1015,75.4,,
883,2024-03-12 12:00,9.3,24.8,5.6,0,963.2,1014.8,75,,
883,2024-03-12 13:00,7.9,24.4,5.6,0,963,1014.7,86.8,,
883,2024-03-12 14:00,7.2,11.5,4.3,0,962.8,1014.6,86.9,,
883,2024-03-12 15:00,6.9,41.2,5.2,0,962.6,1014.5,86,,
883,2024-03-12 16:00,6,26.6,4.8,0,963.1,1015.2,93.4,,
883,2024-03-12 17:00,5.6,355.4,5,0,963.4,1015.6,93.1,,
883,2024-03-12 18:00,5.2,36.5,6.2,0,964.2,1016.6,83.8,,
883,2024-03-12 19:00,4.6,23.7,6,0,964.6,1017.2,86,,
883,2024-03-12 20:00,3.8,29.5,8.6,0,965.2,1017.8,77,,
883,2024-03-12 21:00,3.6,28.5,9,0,966.1,1018.8,78.5,,
883,2024-03-12 22:00,3.2,26.3,7.7,0,966.9,1019.8,81.4,,
883,2024-03-12 23:00,2.7,27.1,9.3,0,966.9,1019.9,77.9,,
883,2024-03-13 00:00,1.9,35.2,5.1,0,967.2,1020.4,79.9,,
883,2024-03-13 01:00,1.7,41.9,5.3,0,967.7,1021,80.9,,
883,2024-03-13 02:00,2.2,34,5.4,0,969.2,1022.4,80.6,,
883,2024-03-13 03:00,2.7,37,6.5,0,969,1022.1,78.4,,
883,2024-03-13 04:00,2.1,41.6,6,0,967.7,1020.9,82.4,,
883,2024-03-13 05:00,2.1,43.1,5.1,0,968.1,1021.3,80.1,,
883,2024-03-13 06:00,1.9,41,4,0,969.5,1022.8,81.6,,
883,2024-03-13 07:00,2.1,48.9,4.3,0,969.8,1023.1,80.2,,
883,2024-03-13 08:00,3.1,60.3,3.7,0,970.5,1023.6,76.1,,
883,2024-03-13 09:00,5.5,31.9,5.2,0,970.7,1023.4,55,,
883,2024-03-13 10:00,7.8,26.9,4.3,0,970.7,1022.8,46,,
883,2024-03-13 11:00,8.5,24.3,4.7,0,970.9,1022.8,43.6,,
883,2024-03-13 12:00,9.4,29.6,4.7,0,970.7,1022.6,44.6,,
883,2024-03-13 13:00,9.7,26.1,4.2,0,970.5,1022.3,42.4,,
883,2024-03-13 14:00,10,19.9,4.7,0,969.7,1021.4,42.6,,
883,2024-03-13 15:00,9.1,27.1,5.1,0,969,1020.9,52.1,,
883,2024-03-13 16:00,8,16.6,4.4,0,969,1021,52.7,,
883,2024-03-13 17:00,7.7,29.7,3.8,0,969.1,1021.1,52.5,,
883,2024-03-13 18:00,5.9,22.3,4.1,0,969.4,1021.9,66.1,,
883,2024-03-13 19:00,4.9,49.5,2.7,0,969.7,1022.5,68.8,,
883,2024-03-13 20:00,4.7,67.5,3.8,0,970,1022.8,69.4,,
883,2024-03-13 21:00,4.3,44.8,2.3,0,970.6,1023.6,72.6,,
883,2024-03-13 22:00,4.6,66.4,2.8,0,970.4,1023.3,65,,
883,2024-03-13 23:00,4.7,81.5,3,0,970.4,1023.3,74.1,,
883,2024-03-14 00:00,5.3,66.8,4.6,0,969.9,1022.6,77.4,,
883,2024-03-14 01:00,5.5,57.9,3.5,0,970,1022.6,79.3,,
883,2024-03-14 02:00,5.1,51.5,2.4,0,969.8,1022.5,82.8,,
883,2024-03-14 03:00,5.1,64.3,3,0,969.8,1022.5,84.6,,
883,2024-03-14 04:00,4.4,69.3,4,0,969,1021.9,87.6,,
883,2024-03-14 05:00,3.7,50,2.2,0,968.9,1021.8,84.9,,
883,2024-03-14 06:00,3.5,42.3,2.3,0,969.4,1022.3,65.4,,
883,2024-03-14 07:00,3.7,64.3,3.7,0,970,1022.9,79,,
883,2024-03-14 08:00,4.6,72.1,2.9,0,970.7,1023.6,74.4,,
883,2024-03-14 09:00,6.9,36.8,.9,0,971,1023.3,68.9,,
883,2024-03-14 10:00,8.9,306.8,1.8,0,971.1,1023,60.3,,
883,2024-03-14 11:00,11.3,298.8,1.4,0,970.9,1022.3,51.3,,
883,2024-03-14 12:00,12.5,323.6,3.2,0,970.8,1021.9,51.6,,
883,2024-03-14 13:00,11,312.5,3.6,0,970.6,1022.1,53.6,,
883,2024-03-14 14:00,12,286.1,2.7,0,970.3,1021.5,49.5,,
883,2024-03-14 15:00,10,322.4,3.3,0,970.1,1021.8,60.1,,
883,2024-03-14 16:00,10.3,324.2,2.7,0,970,1021.7,56.1,,
883,2024-03-14 17:00,9.8,325.9,3,0,969.8,1021.6,55.6,,
883,2024-03-14 18:00,9.2,16.3,1,0,969.5,1021.4,62.5,,
883,2024-03-14 19:00,6.6,47.1,1.3,0,969.9,1022.3,75.2,,
883,2024-03-14 20:00,5.4,78.1,3.2,0,970.5,1023.2,79.3,,
883,2024-03-14 21:00,4.2,110.2,2.5,0,970.9,1023.9,82.7,,
883,2024-03-14 22:00,3.5,79.7,3,0,971.2,1024.2,82.9,,
883,2024-03-14 23:00,4.1,88.5,3.6,0,971.3,1024.4,75.8,,
883,2024-03-15 00:00,3.3,71.8,3.3,0,971.4,1024.5,63.8,,
883,2024-03-15 01:00,3.2,75.9,2.8,0,971.2,1024.3,44.4,,
883,2024-03-15 02:00,5.6,75.1,5,0,971.2,1023.9,37.6,,
883,2024-03-15 03:00,4.6,83.3,3.4,0,970.8,1023.7,24.4,,
883,2024-03-15 04:00,2.5,0,.2,0,970.8,1024.1,43.1,,
883,2024-03-15 05:00,1.5,105.5,2.7,0,971.1,1024.6,43.5,,
883,2024-03-15 06:00,4.3,79.5,3.2,0,971.3,1024.3,25.2,,
883,2024-03-15 07:00,4.5,160.4,3.2,0,971.7,1024.7,39,,
883,2024-03-15 08:00,9.6,154.7,4.2,0,972.1,1024,26.7,,
883,2024-03-15 09:00,11.4,1.4,1.1,0,972.7,1024.2,25.1,,
883,2024-03-15 10:00,12,346.4,2.5,0,973,1024.4,27.3,,
883,2024-03-15 11:00,13.9,292.5,1.6,0,973,1023.9,32.6,,
883,2024-03-15 12:00,14.6,230.5,2,0,972.9,1023.9,37.2,,
883,2024-03-15 13:00,14.6,14.4,3.1,0,972.7,1023.7,53.1,,
883,2024-03-15 14:00,15,281.7,2.5,0,972.1,1022.9,53.4,,
883,2024-03-15 15:00,14.7,263.4,2.6,0,971.8,1022.7,51.2,,
883,2024-03-15 16:00,13.6,298.2,2.8,0,971.6,1022.5,53.7,,
883,2024-03-15 17:00,12.2,2.3,2.6,0,971.7,1023,63.1,,
883,2024-03-15 18:00,10.3,314.9,2.4,0,971.9,1023.7,73.7,,
883,2024-03-15 19:00,7.9,34.1,1.3,0,972.2,1024.4,83.6,,
883,2024-03-15 20:00,7.3,96.4,1.9,0,972.6,1024.9,79.7,,
883,2024-03-15 21:00,6.4,90,1.9,0,972.7,1025.3,59,,
883,2024-03-15 22:00,6.1,100,2.9,0,972.7,1025.3,55.1,,
883,2024-03-15 23:00,5.5,86.5,2.4,0,972.7,1025.5,66.8,,
883,2024-03-16 00:00,5.2,127.3,1.7,0,972.8,1025.7,65.4,,
883,2024-03-16 01:00,4.9,120.9,2.2,0,972.6,1025.5,64.9,,
883,2024-03-16 02:00,4.2,127.9,2.2,0,972.5,1025.6,61.3,,
883,2024-03-16 03:00,3.8,107.1,2.6,0,971.9,1024.9,60.8,,
883,2024-03-16 04:00,5.2,103,3,0,971.4,1024.2,65.2,,
883,2024-03-16 05:00,5.1,103.1,2.9,0,971.2,1024,66.4,,
883,2024-03-16 06:00,4.5,99.3,3,0,971.3,1024.3,68.9,,
883,2024-03-16 07:00,6.8,139.7,2.2,0,971,1023.4,78.2,,
883,2024-03-16 08:00,11,149.9,3.2,0,971.2,1022.7,42.8,,
883,2024-03-16 09:00,15.4,157.9,2.2,0,971.4,1022,41.7,,
883,2024-03-16 10:00,16.8,223,2.3,0,971.3,1021.5,36.5,,
883,2024-03-16 11:00,16.8,191.8,3.3,0,970.9,1021.1,39.1,,
883,2024-03-16 12:00,18.4,187.6,3.6,0,970.1,1019.8,38.2,,
883,2024-03-16 13:00,17.2,185.3,2.9,0,969.9,1019.9,38.2,,
883,2024-03-16 14:00,15.4,198.1,4.4,0,968.9,1019.4,51.7,,
883,2024-03-16 15:00,12.9,188.2,4.1,0,968.7,1019.6,68.2,,
883,2024-03-16 16:00,14.4,168.1,4.6,0,967.5,1018.2,54.5,,
883,2024-03-16 17:00,13.1,161.3,4.4,0,967.4,1018.2,58,,
883,2024-03-16 18:00,12.2,166.4,7.6,0,966.7,1017.7,78.5,,
883,2024-03-16 19:00,12.1,168.6,7.8,0,966.9,1017.9,82.3,,
883,2024-03-16 20:00,11.5,163.7,7.1,0,966.9,1018.1,89.5,,
883,2024-03-16 21:00,11.3,156,5.6,0,967.1,1018.3,93.9,,
883,2024-03-16 22:00,11.9,164.2,5.4,0,966.9,1018,91.4,,
883,2024-03-16 23:00,12,152.1,7.1,0,966.4,1017.4,93.2,,
883,2024-03-17 00:00,12.5,160.4,7.3,1,966,1016.9,95.3,,
883,2024-03-17 01:00,13,173.3,6.2,.5,965.4,1016.1,95.2,,
883,2024-03-17 02:00,13.2,181.5,4.3,1.5,965.1,1015.8,96.5,,
883,2024-03-17 03:00,13.6,171.1,4.9,0,964.2,1014.7,97,,
883,2024-03-17 04:00,13.6,203.6,2.2,0,963.5,1014,97.7,,
883,2024-03-17 05:00,13.5,179.8,1.1,0,963.3,1013.8,97.9,,
883,2024-03-17 06:00,12.6,0,.4,0,963.9,1014.6,99.2,,
883,2024-03-17 07:00,11.7,27.7,4,1,964.2,1015.2,99.6,,
883,2024-03-17 08:00,12.2,55.6,4.4,.5,963.8,1014.6,99.7,,
883,2024-03-17 09:00,11,43.7,6.2,0,964.4,1015.6,99.7,,
883,2024-03-17 10:00,10.5,32.2,8.3,.5,964.2,1015.5,99.8,,
883,2024-03-17 11:00,10,33.4,7.5,0,964.2,1015.6,99.4,,
883,2024-03-17 12:00,9.1,27,8.7,1,965,1016.7,99.6,,
883,2024-03-17 13:00,9.6,32.1,9.5,0,964.6,1016.1,99.7,,
883,2024-03-17 14:00,9.8,35.6,8.3,0,963.9,1015.4,99.1,,
883,2024-03-17 15:00,8.2,32.6,10.8,0,963.7,1015.3,94.4,,
883,2024-03-17 16:00,8.6,35.7,9.9,0,963.6,1015.1,66.8,,
883,2024-03-17 17:00,8,38.3,9.1,0,963.8,1015.5,61.5,,
883,2024-03-17 18:00,6.3,22.8,8.9,0,964.7,1016.8,72.8,,
883,2024-03-17 19:00,4.6,25.4,8.8,0,965.5,1018.1,87.9,,
883,2024-03-17 20:00,4.2,24.8,9,0,965.9,1018.6,85.7,,
883,2024-03-17 21:00,3.7,31.6,9.3,0,966.4,1019.1,84.8,,
883,2024-03-17 22:00,3.3,34.9,8,0,966.7,1019.5,87,,
883,2024-03-17 23:00,3,32,8.4,0,966.9,1019.8,86.2,,
883,2024-03-18 00:00,2.8,36.7,7,0,967.3,1020.3,85.5,,
883,2024-03-18 01:00,3,32.5,7.8,0,967.2,1020.1,80.4,,
883,2024-03-18 02:00,3.3,29.7,8.6,0,966.9,1019.7,68.1,,
883,2024-03-18 03:00,2.9,30.3,6.5,0,967.1,1020.1,69.9,,
883,2024-03-18 04:00,2.9,45.4,6.2,0,967.2,1020.2,74.6,,
883,2024-03-18 05:00,2.8,45.9,6.2,0,967.9,1020.9,84.6,,
883,2024-03-18 06:00,2.7,45.5,5.2,0,968.2,1021.3,86.1,,
883,2024-03-18 07:00,2.4,37.7,5.7,0,968.5,1021.6,85.9,,
883,2024-03-18 08:00,6.7,40.7,3.7,0,969.1,1021.4,27.9,,
883,2024-03-18 09:00,8.3,29.9,4.1,0,969.8,1021.7,41.5,,
883,2024-03-18 10:00,10.1,235.8,1.8,0,970.1,1021.8,44.1,,
883,2024-03-18 11:00,12.3,240.2,2.1,0,969.9,1021,47.2,,
883,2024-03-18 12:00,14,180.6,2.3,0,969.7,1020.7,38.5,,
883,2024-03-18 13:00,14.6,41.8,3.8,0,968.9,1019.7,26.2,,
883,2024-03-18 14:00,14.2,261.7,3,0,968.7,1019.6,47.5,,
883,2024-03-18 15:00,13.8,247.4,3.1,0,968.7,1019.4,53,,
883,2024-03-18 16:00,12.8,268.3,2.8,0,968.1,1019,58.5,,
883,2024-03-18 17:00,11.1,221.2,3.5,0,967.9,1019.2,62.9,,
883,2024-03-18 18:00,9.3,215.9,2.8,0,968.6,1020.4,71.2,,
883,2024-03-18 19:00,8.5,204.5,2.7,0,969,1020.8,76.3,,
883,2024-03-18 20:00,8.2,184.1,2.3,0,969.7,1021.6,77.6,,
883,2024-03-18 21:00,8.1,160.8,3,0,969.4,1021.4,75.9,,
883,2024-03-18 22:00,8.3,152.7,2.5,0,969.2,1021.1,77,,
883,2024-03-18 23:00,7.3,231.7,1.2,0,969.7,1021.9,82.5,,
883,2024-03-19 00:00,7.9,305.4,1.3,0,969.6,1021.6,87.5,,
883,2024-03-19 01:00,7.8,41.3,1.5,0,969.5,1021.5,89.2,,
883,2024-03-19 02:00,7.5,0,.2,0,969.5,1021.6,89.5,,
883,2024-03-19 03:00,7.3,31.9,1.5,0,969.4,1021.6,89.4,,
883,2024-03-19 04:00,7,65.7,3.1,0,968.1,1020.3,91,,
883,2024-03-19 05:00,7.2,90.8,3.7,0,967.8,1019.9,84.4,,
883,2024-03-19 06:00,6.7,28.8,2.7,0,967.6,1019.8,83.8,,
883,2024-03-19 07:00,6.9,68.2,3.6,0,968.1,1020.3,85,,
883,2024-03-19 08:00,7.7,45.5,2,0,968.5,1020.5,71.3,,
883,2024-03-19 09:00,8.5,48,2.1,0,968.6,1020.4,71.4,,
883,2024-03-19 10:00,9.7,307.1,3.2,0,968.5,1020.2,59.6,,
883,2024-03-19 11:00,11,301.2,4.2,0,968.4,1019.8,53.1,,
883,2024-03-19 12:00,,312.3,6.1,0,968.1,,71,,
883,2024-03-19 13:00,11.7,299.3,6.1,0,967.2,1018.3,53.4,,
883,2024-03-19 14:00,11.5,302.2,5.7,0,966.5,1017.7,46.3,,
883,2024-03-19 15:00,11,314.9,7.1,0,965.8,1017,54,,
883,2024-03-19 16:00,8.5,317.8,8.6,0,965.9,1017.6,71.1,,
883,2024-03-19 17:00,8.1,312.6,7.5,0,966.3,1018.1,75.3,,
883,2024-03-19 18:00,7.7,281,6,0,966.4,1018.3,74.3,,
883,2024-03-19 19:00,6.1,5.9,6.1,0,966.6,1018.9,64.8,,
883,2024-03-19 20:00,5.3,45.5,7.4,0,967,1019.5,65.8,,
883,2024-03-19 21:00,4.8,37.6,6.5,0,967.9,1020.6,69.8,,
883,2024-03-19 22:00,4.3,34,9.4,0,968.5,1021.4,65.2,,
883,2024-03-19 23:00,4.1,34.5,10,0,968.9,1021.8,61.3,,
883,2024-03-20 00:00,3.6,31.5,8.9,0,968.4,1021.3,63.7,,
883,2024-03-20 01:00,3.5,30.5,9.5,0,968.5,1021.4,47.9,,
883,2024-03-20 02:00,3.3,26.9,7.6,0,968.7,1021.6,52.2,,
883,2024-03-20 03:00,2.9,25.3,7.1,0,968.3,1021.3,51.6,,
883,2024-03-20 04:00,2.9,33.9,6.7,0,968.4,1021.4,56.3,,
883,2024-03-20 05:00,3.3,36.8,6.5,0,968.8,1021.8,58.3,,
883,2024-03-20 06:00,3.1,39.4,6.1,0,969.2,1022.2,60.5,,
883,2024-03-20 07:00,3.7,38.3,6.8,0,969.9,1022.8,62.1,,
883,2024-03-20 08:00,4.2,17.4,6,0,970.6,1023.6,57.5,,
883,2024-03-20 09:00,5,25.7,6.8,0,971.1,1023.9,57.6,,
883,2024-03-20 10:00,5.4,24,8.3,0,971.1,1023.8,53.6,,
883,2024-03-20 11:00,5.3,32.3,9.8,0,970.8,1023.5,60.9,,
883,2024-03-20 12:00,5.1,25.2,7.5,0,970.6,1023.4,54.9,,
883,2024-03-20 13:00,5.9,33.8,8.3,0,970.2,1022.7,54.2,,
883,2024-03-20 14:00,6.1,35,7.9,0,969.7,1022.2,52,,
883,2024-03-20 15:00,5.9,20,7.1,0,969.3,1021.8,52.1,,
883,2024-03-20 16:00,4.3,31.1,7.6,0,969,1021.9,66.4,,
883,2024-03-20 17:00,4.2,29.8,8.1,0,968.7,1021.6,66,,
883,2024-03-20 18:00,3.7,28.4,7.7,0,968.7,1021.6,64.5,,
883,2024-03-20 19:00,3,22.6,8.3,0,968.4,1021.4,69.6,,
883,2024-03-20 20:00,2.4,26.5,6.5,0,968.8,1022,71.2,,
883,2024-03-20 21:00,2.1,24.6,6.8,0,969.2,1022.5,71.3,,
883,2024-03-20 22:00,2,24.3,7,0,969.1,1022.4,72.4,,
883,2024-03-20 23:00,2,26.1,6.9,0,968.7,1022,73.6,,
883,2024-03-21 00:00,1.9,26.3,6,0,968.7,1022,74.6,,
883,2024-03-21 01:00,1.6,25.5,5.8,0,968.6,1021.9,76.5,,
883,2024-03-21 02:00,1.5,24.1,5.8,0,968.5,1021.9,75.1,,
883,2024-03-21 03:00,.7,32.1,5,0,967.8,1021.3,78.2,,
883,2024-03-21 04:00,.4,39.7,4.9,0,967.1,1020.6,79.5,,
883,2024-03-21 05:00,.2,37.4,3.8,0,967.2,1020.8,80.6,,
883,2024-03-21 06:00,.3,43.7,2.9,0,967.6,1021.2,79.2,,
883,2024-03-21 07:00,.5,45,3.9,0,967.1,1020.6,79.8,,
883,2024-03-21 08:00,2.4,37.2,5.1,0,967.3,1020.4,72.1,,
883,2024-03-21 09:00,3.8,36.1,5.8,0,967.7,1020.5,65.7,,
883,2024-03-21 10:00,5.6,33.6,5.4,0,967.9,1020.4,54.3,,
883,2024-03-21 11:00,7.2,25.3,4.8,0,967.9,1020,48.3,,
883,2024-03-21 12:00,7.8,30.5,4.5,0,967.8,1019.7,36.7,,
883,2024-03-21 13:00,8.1,28.1,4.3,0,967.4,1019.2,41.7,,
883,2024-03-21 14:00,8.4,37.7,5.5,0,966.6,1018.3,30.1,,
883,2024-03-21 15:00,8.1,36,4.8,0,965.8,1017.6,24.5,,
883,2024-03-21 16:00,8.9,25.1,4.5,0,965.6,1017.2,37.4,,
883,2024-03-21 17:00,7.6,25.4,4.3,0,965.3,1017.2,44.1,,
883,2024-03-21 18:00,6.7,26.1,2.9,0,964.7,1016.7,51.9,,
883,2024-03-21 19:00,3.9,74.7,1.2,0,964.8,1017.4,64.8,,
883,2024-03-21 20:00,3,0,.2,0,965.6,1018.4,69.5,,
883,2024-03-21 21:00,3.1,183.2,2.8,0,965.9,1018.7,77.4,,
883,2024-03-21 22:00,5.6,169.2,4.3,0,965.8,1018.2,55.2,,
883,2024-03-21 23:00,6.1,157.9,5.8,0,965.7,1017.9,47.6,,
883,2024-03-22 00:00,5,178.5,5.9,0,966.1,1018.6,68.3,,
883,2024-03-22 01:00,6,174.6,4.5,0,965.8,1018.1,47.8,,
883,2024-03-22 02:00,5.8,169.8,6.3,0,965.3,1017.6,64.8,,
883,2024-03-22 03:00,8.1,148,7.1,0,964.8,1016.5,34.3,,
883,2024-03-22 04:00,7.1,173.6,4.7,0,964.5,1016.4,39.3,,
883,2024-03-22 05:00,7.9,148.2,5.9,0,964.7,1016.5,38,,
883,2024-03-22 06:00,7.2,164.6,6.3,0,964.6,1016.5,55.3,,
883,2024-03-22 07:00,7.4,166,9.4,0,964.4,1016.3,77.7,,
883,2024-03-22 08:00,8.6,166.4,10.2,0,963.7,1015.2,73,,
883,2024-03-22 09:00,10.4,180.5,9.6,0,963.6,1014.9,66.4,,
883,2024-03-22 10:00,11.7,187.5,9.3,0,964,1015,62.5,,
883,2024-03-22 11:00,12.7,188.9,10.4,0,963.8,1014.5,56.9,,
883,2024-03-22 12:00,13.4,185.9,10.5,0,963.7,1014.2,56.9,,
883,2024-03-22 13:00,13.7,185.9,10.7,0,963.1,1013.5,59.6,,
883,2024-03-22 14:00,13.4,182.1,10,0,962.4,1012.9,62.2,,
883,2024-03-22 15:00,12.4,176.4,11.1,0,961,1011.6,73.6,,
883,2024-03-22 16:00,10.9,177.1,8.5,0,961.2,1012.2,90.2,,
883,2024-03-22 17:00,10.9,173.5,8.3,1.5,960.8,1011.8,95.5,,
883,2024-03-22 18:00,10.9,189,8.9,5,959.8,1010.8,98.2,,
883,2024-03-22 19:00,11.3,188.5,9.2,.5,960.2,1011.1,98.2,,
883,2024-03-22 20:00,12.3,178.3,10.7,0,960.1,1010.7,92.1,,
883,2024-03-22 21:00,12.7,187.3,8.9,0,960.6,1011.1,93.2,,
883,2024-03-22 22:00,13.1,191.2,8.7,0,961.4,1011.9,95.1,,
883,2024-03-22 23:00,13.6,206.1,7.8,0,961.8,1012.2,95.5,,
883,2024-03-23 00:00,13.6,212,7.9,0,961.6,1012,96.3,,
883,2024-03-23 01:00,13.6,208.6,7.6,0,961.8,1012.2,98.1,,
883,2024-03-23 02:00,13.4,223.8,6.7,0,961.7,1012.1,98.8,,
883,2024-03-23 03:00,13.2,230.5,6.4,0,961.4,1011.9,99.4,,
883,2024-03-23 04:00,13.2,230.6,5.9,0,961,1011.4,99.8,,
883,2024-03-23 05:00,13,229.4,5.4,0,961.5,1012,99.7,,
883,2024-03-23 06:00,12.6,228.8,4.4,0,962.1,1012.7,99.6,,
883,2024-03-23 07:00,12.5,208.4,3,0,962.4,1013.1,99.6,,
883,2024-03-23 08:00,12.5,211.5,1.7,0,962.8,1013.5,99.7,,
883,2024-03-23 09:00,13.3,135.8,.6,0,963.3,1013.8,99.5,,
883,2024-03-23 10:00,15.5,147.4,1.1,0,963.8,1014,94.4,,
883,2024-03-23 11:00,17.8,323,3.3,0,964.1,1013.7,80.2,,
883,2024-03-23 12:00,18.4,289.9,2.6,0,964.2,1013.6,78.4,,
883,2024-03-23 13:00,18.9,34.3,2.8,0,963.6,1012.8,74.1,,
883,2024-03-23 14:00,19.5,306.8,3.9,0,962.9,1012.4,67.9,,
883,2024-03-23 15:00,18.6,251.4,2.3,0,962.8,1012.1,74.7,,
883,2024-03-23 16:00,16.4,311.8,2.1,0,962.5,1012.4,84.2,,
883,2024-03-23 17:00,15.7,0,.2,0,962.4,1012.5,84.6,,
883,2024-03-23 18:00,15.9,56.4,.5,0,962.9,1012.9,86.7,,
883,2024-03-23 19:00,17,161,3.3,0,963.1,1012.8,74.3,,
883,2024-03-23 20:00,16.2,239.6,1.6,0,962.8,1012.8,78.5,,
883,2024-03-23 21:00,14.1,223.3,.7,0,963.4,1014,90.7,,
883,2024-03-23 22:00,16.5,187.4,1.8,0,963.6,1013.5,87,,
883,2024-03-23 23:00,15.1,140.5,2.7,1.5,963.8,1014.1,94.3,,
883,2024-03-24 00:00,14.8,76.8,1,1,963.2,1013.6,94.5,,
883,2024-03-24 01:00,14.6,193.7,2,1,962.6,1013,97.9,,
883,2024-03-24 02:00,15.1,0,.2,.5,962.1,1012.3,98.2,,
883,2024-03-24 03:00,14.3,0,0,1,961.7,1012.2,98.8,,
883,2024-03-24 04:00,14.8,52.5,1.3,.5,961.7,1012,98.4,,
883,2024-03-24 05:00,14.5,32.1,1.3,4.5,961.6,1012,99,,
883,2024-03-24 06:00,16.1,181.7,2.1,1,962,1011.9,95.4,,
883,2024-03-24 07:00,15.6,297.2,.6,0,962.1,1012.2,96.1,,
883,2024-03-24 08:00,15.4,55.8,1.4,0,962.6,1012.8,98.1,,
883,2024-03-24 09:00,18.2,187.7,3.1,.5,962.6,1012,88.9,,
883,2024-03-24 10:00,16.1,258,1.5,0,962.9,1012.9,97,,
883,2024-03-24 11:00,17.7,162,5.2,0,962.8,1012.3,86.5,,
883,2024-03-24 12:00,18.6,185.2,4.3,0,962.3,1011.5,82.9,,
883,2024-03-24 13:00,19,192,3.2,0,961.6,1011.2,83.7,,
883,2024-03-24 14:00,19.4,181.6,4.2,0,961,1010.4,81,,
883,2024-03-24 15:00,16.6,305.1,1.1,0,961.1,1010.8,87.2,,
883,2024-03-24 16:00,16.8,38.9,1.3,0,960.8,1010.5,86.2,,
883,2024-03-24 17:00,16.4,265.1,.8,0,960.9,1010.7,83.5,,
883,2024-03-24 18:00,15.2,243.9,1.5,0,961.1,1011.3,87.8,,
883,2024-03-24 19:00,14.3,0,.1,0,961.4,1011.9,91.2,,
883,2024-03-24 20:00,13.7,0,0,0,961.8,1012.2,93.8,,
883,2024-03-24 21:00,13.5,45,2.4,0,962,1012.4,95.1,,
883,2024-03-24 22:00,13.4,59,1.6,0,962.7,1013.2,94.1,,
883,2024-03-24 23:00,13.5,0,0,0,963.1,1013.6,92.5,,
883,2024-03-25 00:00,14,0,0,0,962.7,1013.3,92.4,,
883,2024-03-25 01:00,12.8,46.4,2.1,0,962.7,1013.3,95.2,,
883,2024-03-25 02:00,12.8,241.9,.6,0,961.7,1012.3,94.6,,
883,2024-03-25 03:00,12.8,36.8,1.4,0,961.4,1012,95.1,,
883,2024-03-25 04:00,13.4,0,0,0,960.9,1011.3,93,,
883,2024-03-25 05:00,13.7,202,1,0,961.1,1011.4,94.7,,
883,2024-03-25 06:00,13.4,20.8,.8,0,961.5,1011.9,93.7,,
883,2024-03-25 07:00,14.7,77.9,1.5,0,961.5,1011.8,91.7,,
883,2024-03-25 08:00,16.3,0,.4,0,960.9,1010.7,87.2,,
883,2024-03-25 09:00,18.6,30.8,2.6,0,960.8,1009.9,79.3,,
883,2024-03-25 10:00,16.8,301.9,1.3,0,960.9,1010.6,84.2,,
883,2024-03-25 11:00,17.9,236.5,1.1,0,959.5,1008.8,81.2,,
883,2024-03-25 12:00,17.7,154.6,11.1,.5,957.4,1006.6,87.3,,
883,2024-03-25 13:00,14.3,174,4.1,7,959.8,1010.2,97.7,,
883,2024-03-25 14:00,16.4,104.1,1.3,0,958.2,1007.9,97,,
883,2024-03-25 15:00,18.6,194.9,3.4,0,957.3,1006.3,88,,
883,2024-03-25 16:00,19.1,156.8,6.3,0,956.1,1005.3,83,,
883,2024-03-25 17:00,19.1,161.3,5.9,0,956.2,1005.4,84.4,,
883,2024-03-25 18:00,15.1,41.8,2.6,0,956.4,1006.3,91,,
883,2024-03-25 19:00,18,166.1,2.8,0,956.1,1005.2,89.4,,
883,2024-03-25 20:00,14.7,318.8,3.4,0,957.1,1007.2,91.7,,
883,2024-03-25 21:00,13.9,231.1,.6,0,957.4,1007.5,95.1,,
883,2024-03-25 22:00,13.2,165.4,.8,0,957.4,1007.7,95.9,,
883,2024-03-25 23:00,12.6,232.2,1.4,1.5,958.5,1009,97.6,,
883,2024-03-26 00:00,13.3,168.5,3.9,4,957.2,1007.4,99.3,,
883,2024-03-26 01:00,16.1,157.1,8,.5,955.2,1004.8,88.3,,
883,2024-03-26 02:00,16.7,171.6,6.2,0,954.9,1004.3,83.5,,
883,2024-03-26 03:00,14.4,177.4,6,0,955.4,1005.5,88,,
883,2024-03-26 04:00,12,205.2,5.2,.5,956.2,1006.7,95.2,,
883,2024-03-26 05:00,10.2,191,3.3,2,956.5,1007.5,99.1,,
883,2024-03-26 06:00,10.1,23.6,5.1,1.5,957.9,1009,99.9,,
883,2024-03-26 07:00,7.4,31.1,11.9,2,959.2,1010.8,99.9,,
883,2024-03-26 08:00,7.8,30.4,8.8,1,961.3,1012.9,99.7,,
883,2024-03-26 09:00,7.7,28.2,5.7,.5,964.2,1016,99.8,,
883,2024-03-26 10:00,6.6,25.5,5.7,1.5,966,1018.1,99.8,,
883,2024-03-26 11:00,5.7,30.7,6.5,0,966.1,1018.5,99.9,,
883,2024-03-26 12:00,5.5,27.9,7,0,966.6,1019,99.8,,
883,2024-03-26 13:00,5.5,22.1,8.6,0,967.1,1019.6,99.2,,
883,2024-03-26 14:00,5,25.9,8,0,966.9,1019.5,98.5,,
883,2024-03-26 15:00,5.2,34.7,6.6,0,967.6,1020.2,96.1,,
883,2024-03-26 16:00,5.2,23.8,7.9,0,967.7,1020.3,94.5,,
883,2024-03-26 17:00,5,30,8.3,0,968,1020.6,95.7,,
883,2024-03-26 18:00,4.9,29.5,7.6,0,967.6,1020.3,96.1,,
883,2024-03-26 19:00,4.8,44,3.7,0,968.7,1021.4,92.7,,
883,2024-03-26 20:00,4.9,63.8,3.9,0,969.7,1022.5,92.9,,
883,2024-03-26 21:00,5.7,81.8,2.5,0,970.3,1022.9,92,,
883,2024-03-26 22:00,5.7,61.4,4,0,970.7,1023.3,92.5,,
883,2024-03-26 23:00,5.8,71.6,4.1,0,970.7,1023.3,89.7,,
883,2024-03-27 00:00,4.8,112.6,2.9,0,970.8,1023.7,93,,
883,2024-03-27 01:00,4.1,88.7,1,0,971.6,1024.7,94.5,,
883,2024-03-27 02:00,3.3,105.7,2.8,0,971.5,1024.6,94.4,,
883,2024-03-27 03:00,3.9,87,3.4,0,971.3,1024.2,90.7,,
883,2024-03-27 04:00,3.1,106.4,1.2,0,970.8,1023.9,92.7,,
883,2024-03-27 05:00,2.7,48.8,1.6,0,971.2,1024.4,93.4,,
883,2024-03-27 06:00,4.2,72.8,2.6,0,971.3,1024.3,90.7,,
883,2024-03-27 07:00,7.8,145.3,4.9,0,971.3,1023.4,80.1,,
883,2024-03-27 08:00,8.8,70.1,1.8,0,971.6,1023.5,73.6,,
883,2024-03-27 09:00,11.3,199.7,2.3,0,971.8,1023.3,69.9,,
883,2024-03-27 10:00,12.8,244.7,2.4,0,972.1,1023.2,68,,
883,2024-03-27 11:00,12.2,310.3,2.2,0,972.4,1023.7,72.5,,
883,2024-03-27 12:00,12.6,200.2,3.4,0,971.9,1023.1,68.7,,
883,2024-03-27 13:00,13.5,180.7,4.9,0,971.6,1022.5,68,,
883,2024-03-27 14:00,13.7,176.3,5.1,0,970.5,1021.3,63.9,,
883,2024-03-27 15:00,12.8,184.1,4.8,0,970.5,1021.5,63.8,,
883,2024-03-27 16:00,11.4,162.6,5.5,0,969.9,1021.3,72.6,,
883,2024-03-27 17:00,10.5,152.4,6.7,0,969.6,1021.2,77.2,,
883,2024-03-27 18:00,10.4,140.2,2.3,0,968.7,1020.3,73,,
883,2024-03-27 19:00,9.3,276.3,1.7,0,968.8,1020.7,83.2,,
883,2024-03-27 20:00,10.7,143.2,2.6,0,967.7,1019.1,53.7,,
883,2024-03-27 21:00,11.6,132.9,9,0,966.9,1018.1,36.2,,
883,2024-03-27 22:00,12.3,157.2,3.2,0,966.2,1017.1,25.3,,
883,2024-03-27 23:00,12.4,153.3,6.1,0,966.4,1017.3,28.5,,
883,2024-03-28 00:00,10.4,152.3,9.7,0,966.4,1017.8,65.4,,
883,2024-03-28 01:00,9.9,131.4,4.5,0,966.3,1017.9,77,,
883,2024-03-28 02:00,10.1,144.3,3.9,0,965.4,1016.9,79.8,,
883,2024-03-28 03:00,10.2,160.2,8.1,0,963.5,1014.8,78.5,,
883,2024-03-28 04:00,9.9,155.8,7.7,0,961.8,1013.1,88.6,,
883,2024-03-28 05:00,9.7,177.9,8,0,961.2,1012.5,93.3,,
883,2024-03-28 06:00,10.3,173.9,9.7,0,959.5,1010.6,93.3,,
883,2024-03-28 07:00,10.8,175.8,9.1,2,959.2,1010.2,97,,
883,2024-03-28 08:00,11.6,175.4,11,1.5,958.4,1009.1,96.4,,
883,2024-03-28 09:00,12.5,180.9,11.3,1.5,957.9,1008.4,96.7,,
883,2024-03-28 10:00,12.5,188.4,10.9,5.5,957.2,1007.6,97.7,,
883,2024-03-28 11:00,13.1,187.6,8.3,6,956.5,1006.7,97.8,,
883,2024-03-28 12:00,13.3,184.8,7.3,7.5,956.5,1006.7,98.3,,
883,2024-03-28 13:00,13.5,199.6,7.8,11.5,955.5,1005.6,99.3,,
883,2024-03-28 14:00,13.3,207.1,7.4,9,953.9,1003.9,99.7,,
883,2024-03-28 15:00,11.2,240.1,3.4,6,953.7,1004.3,99.5,,
883,2024-03-28 16:00,10.6,270.4,2.9,2,953.8,1004.5,99.6,,
883,2024-03-28 17:00,10,317.5,5.6,1,953.7,1004.6,99.9,,
883,2024-03-28 18:00,9.7,316.2,5.5,0,954,1005,99.8,,
883,2024-03-28 19:00,9.9,40.4,3.5,.5,954.8,1005.7,99.8,,
883,2024-03-28 20:00,9.8,347.7,5,0,955.7,1006.7,99.9,,
883,2024-03-28 21:00,8.8,32.8,6.1,0,957.1,1008.2,99.8,,
883,2024-03-28 22:00,8.4,29.4,7.3,0,958.2,1009.5,99.9,,
883,2024-03-28 23:00,7.9,34.9,5.5,0,959,1010.4,100,,
883,2024-03-29 00:00,7.7,26.2,5.7,0,959.4,1010.9,100,,
883,2024-03-29 01:00,7.6,29.8,5.1,0,959.8,1011.4,99.9,,
883,2024-03-29 02:00,7.3,31.6,3.9,0,959.7,1011.3,99.9,,
883,2024-03-29 03:00,7.4,22.9,3.8,0,960,1011.6,99.9,,
883,2024-03-29 04:00,5.7,17.1,1.2,0,959.5,1011.5,99.9,,
883,2024-03-29 05:00,4.8,155.2,2.1,0,959,1011.2,100,,
883,2024-03-29 06:00,3.7,116.9,.7,0,958.8,1011.1,97.9,,
883,2024-03-29 07:00,7.3,171.5,2.5,0,958.7,1010.3,74.4,,
883,2024-03-29 08:00,9.1,169.1,4.3,0,959.2,1010.6,82.8,,
883,2024-03-29 09:00,10.1,172.8,6.4,0,959.3,1010.4,89.6,,
883,2024-03-29 10:00,11.8,179.3,6.1,0,959.6,1010.3,83.3,,
883,2024-03-29 11:00,13.4,191.1,6.7,0,959.8,1010.1,74.2,,
883,2024-03-29 12:00,15,200.3,6.1,0,959.4,1009.5,68.6,,
883,2024-03-29 13:00,15.1,222.5,5.7,0,959.6,1009.7,71.2,,
883,2024-03-29 14:00,14.4,227.1,6.5,0,959.6,1009.9,73.6,,
883,2024-03-29 15:00,14.2,236,6,0,959.3,1009.7,80.8,,
883,2024-03-29 16:00,13,231.5,4.4,0,959.1,1009.5,84.9,,
883,2024-03-29 17:00,11.9,230.2,3.7,0,959.3,1010,90.9,,
883,2024-03-29 18:00,11.1,240.8,3.4,0,960,1010.9,95.4,,
883,2024-03-29 19:00,10.9,216.1,3.4,0,960.4,1011.4,96.8,,
883,2024-03-29 20:00,10.8,223.5,2.7,0,961.2,1012.3,98,,
883,2024-03-29 21:00,10.8,265.6,1.9,0,962.2,1013.3,98.5,,
883,2024-03-29 22:00,10.9,314.7,.6,0,962.7,1013.8,95.9,,
883,2024-03-29 23:00,11.3,146.4,1.8,0,962.6,1013.6,88.1,,
883,2024-03-30 00:00,12.3,192.2,1.9,0,962.7,1013.5,80.7,,
883,2024-03-30 01:00,11,149,1.7,0,963,1014.1,85.9,,
883,2024-03-30 02:00,11,96.6,2.2,0,962.6,1013.7,85.4,,
883,2024-03-30 03:00,10.1,162.5,1.7,0,962.9,1014.2,90.6,,
883,2024-03-30 04:00,11.4,168.3,3.3,0,962.6,1013.6,80.7,,
883,2024-03-30 05:00,11.8,160.9,4.7,0,962.3,1013.2,83.8,,
883,2024-03-30 06:00,12.4,156.1,5.8,0,962,1012.7,81.1,,
883,2024-03-30 07:00,13.4,152.1,7.9,0,961.6,1012,74.4,,
883,2024-03-30 08:00,15.2,161.7,7.6,0,961.9,1012.1,59.1,,
883,2024-03-30 09:00,15.7,175.4,7.5,0,961.9,1012,63,,
883,2024-03-30 10:00,16.1,177.2,8.4,0,961.9,1011.8,69.5,,
883,2024-03-30 11:00,15.8,190.8,7.9,0,962.5,1012.6,66.3,,
883,2024-03-30 12:00,16.9,186.7,7.6,0,962.3,1012,63.3,,
883,2024-03-30 13:00,18.2,193.3,6.6,0,961.9,1011.2,61.1,,
883,2024-03-30 14:00,17.3,183.9,8.4,0,960.4,1009.9,66,,
883,2024-03-30 15:00,19.5,199.1,5.7,0,959.9,1009.2,57.5,,
883,2024-03-30 16:00,18,196.5,4.9,0,959.8,1009.1,61.2,,
883,2024-03-30 17:00,17.2,226.7,4.1,0,960.2,1009.7,64,,
883,2024-03-30 18:00,15.8,207.1,3,0,960.8,1010.8,71.8,,
883,2024-03-30 19:00,14.3,185.7,1,0,960.8,1011.2,73.4,,
883,2024-03-30 20:00,12.5,166.1,.8,0,961.1,1011.7,84.1,,
883,2024-03-30 21:00,10.8,209.4,1.2,0,961.8,1012.9,96.4,,
883,2024-03-30 22:00,10.5,0,.4,0,961.9,1013.1,99.1,,
883,2024-03-30 23:00,10.8,9.2,.7,0,962.2,1013.3,94.8,,
883,2024-03-31 00:00,11,55.4,2.5,0,961.8,1012.8,98.6,,
883,2024-03-31 01:00,12.9,71.9,4.6,0,961.2,1011.7,96.4,,
883,2024-03-31 02:00,11.8,27.6,6.3,0,961.1,1011.9,83.2,,
883,2024-03-31 03:00,11.2,49.4,2.5,0,960.7,1011.6,81.2,,
883,2024-03-31 04:00,10.9,78.9,2.7,0,960.4,1011.4,53.9,,
883,2024-03-31 05:00,11,78.7,.7,0,960.4,1011.4,53.7,,
883,2024-03-31 06:00,8.6,0,.4,0,960.8,1012.2,95,,
883,2024-03-31 07:00,10.5,80.6,1.9,0,961.2,1012.3,91.3,,
883,2024-03-31 08:00,14.2,101.7,2.9,0,961,1011.5,72.4,,
883,2024-03-31 09:00,17.3,150.3,.9,0,960.8,1010.3,61.7,,
883,2024-03-31 10:00,18.5,243.2,2.2,0,960.5,1009.7,64.6,,
883,2024-03-31 11:00,17.9,261.2,.6,0,960,1009.3,67.6,,
883,2024-03-31 12:00,16,275.2,1.9,0,959,1008.8,65.7,,
883,2024-03-31 13:00,15.2,247.6,1.6,0,958.9,1008.9,71.9,,
883,2024-03-31 14:00,15.7,34.1,2.5,0,957.7,1007.5,66.8,,
883,2024-03-31 15:00,15.2,137.2,2,0,957.2,1007.2,79.5,,
883,2024-03-31 16:00,14.8,131.5,1.1,0,957.4,1007.5,78.7,,
883,2024-03-31 17:00,13.3,339.4,4.8,0,957.1,1007.3,82.3,,
883,2024-03-31 18:00,16.1,29.6,2.8,0,956.7,1006.4,70.3,,
883,2024-03-31 19:00,13.1,200.5,.5,0,957.5,1007.8,83.6,,
883,2024-03-31 20:00,11.2,48.8,1.8,0,958.1,1008.9,91.9,,
883,2024-03-31 21:00,9.8,22.6,2.1,0,959.7,1010.9,94.5,,
883,2024-03-31 22:00,10.1,76.9,2.3,0,959.7,1010.9,86.5,,
883,2024-03-31 23:00,10.1,148.4,2.9,0,959.9,1011.1,82.9,,
883,2024-04-01 00:00,7.7,68.1,2.2,0,960.4,1012,70.4,,
883,2024-04-01 01:00,6.7,88.7,1.1,0,961.2,1013.1,67.5,,
883,2024-04-01 02:00,8.4,52.1,2.5,0,961.3,1012.8,67.2,,
883,2024-04-01 03:00,11.6,56.1,3.4,0,961,1011.8,22.3,,
883,2024-04-01 04:00,12.7,66.2,3.9,0,961.2,1011.8,14.7,,
883,2024-04-01 05:00,12,60,3.6,0,961.4,1012.2,16.9,,
883,2024-04-01 06:00,12.5,67.8,4.6,0,962,1012.7,17.9,,
883,2024-04-01 07:00,12.6,78.4,1.4,0,962.7,1013.4,23.2,,
883,2024-04-01 08:00,14.5,49.9,.6,0,963.5,1014,26,,
883,2024-04-01 09:00,15.8,45.4,1.6,0,964.5,1014.7,43.3,,
883,2024-04-01 10:00,16.7,27.4,3.6,0,964.9,1014.8,43.4,,
883,2024-04-01 11:00,19.9,26.1,4.2,0,965.1,1014.6,34.8,,
883,2024-04-01 12:00,19.1,277.8,1.7,0,965.2,1014.9,37.7,,
883,2024-04-01 13:00,21,256.4,2.3,0,964.3,1013.4,39,,
883,2024-04-01 14:00,21.1,213.6,3.6,0,964.4,1013.5,38.5,,
883,2024-04-01 15:00,20.8,218.8,2.5,0,964.1,1013.3,38.4,,
883,2024-04-01 16:00,21,220.3,2.4,0,964.1,1013.2,28,,
883,2024-04-01 17:00,18.6,37.7,2.7,0,963.5,1012.8,42.3,,
883,2024-04-01 18:00,18.6,242,1.7,0,963.7,1013,42.2,,
883,2024-04-01 19:00,15,170.7,4.5,0,963.8,1014.2,40.9,,
883,2024-04-01 20:00,16,156.1,4.8,0,963.9,1014,26,,
883,2024-04-01 21:00,14.4,168.5,4.4,0,963.8,1014.3,24.1,,
883,2024-04-01 22:00,15.6,164.3,4.5,0,963.7,1013.9,28.2,,
883,2024-04-01 23:00,16.6,152.2,6.2,0,963.8,1013.7,23.1,,
883,2024-04-02 00:00,15.1,165.4,6.5,0,963.8,1014.1,18.9,,
883,2024-04-02 01:00,15.6,154.4,7.7,0,963.3,1013.5,19.1,,
883,2024-04-02 02:00,15.9,151.2,7,0,962.7,1012.7,17.6,,
883,2024-04-02 03:00,16.2,160.9,7.4,0,962.5,1012.4,18.6,,
883,2024-04-02 04:00,13.6,176.9,6,0,963,1013.4,55.7,,
883,2024-04-02 05:00,13,166.7,7.3,0,962.6,1013.2,81.3,,
883,2024-04-02 06:00,16.5,170.7,7.2,0,962.7,1012.6,30.8,,
883,2024-04-02 07:00,14.9,181.4,6.2,0,963.1,1013.5,65.1,,
883,2024-04-02 08:00,15.5,178.5,4.9,0,963.2,1013.4,75.9,,
883,2024-04-02 09:00,16.5,183.5,4.4,0,962.7,1012.6,73.5,,
883,2024-04-02 10:00,16.4,193.3,4.6,0,963,1012.9,78.9,,
883,2024-04-02 11:00,16.3,172.2,6.9,0,963.1,1013,83.4,,
883,2024-04-02 12:00,16.2,177.9,5.5,0,962.6,1012.5,87.4,,
883,2024-04-02 13:00,15.8,171.4,7.3,0,961.7,1011.7,91,,
883,2024-04-02 14:00,15.5,159.4,9.1,.5,960.1,1010.1,90,,
883,2024-04-02 15:00,13.5,145.3,8.1,2,959.2,1009.5,88.9,,
883,2024-04-02 16:00,14,137.7,8.7,2,958,1008.4,88.4,,
883,2024-04-02 17:00,14.7,138.4,13.2,0,957,1007.1,84.6,,
883,2024-04-02 18:00,16.1,143.7,14.4,.5,955.4,1005,86.4,,
883,2024-04-02 19:00,16.2,157.7,12.7,1,955.8,1005.4,93.4,,
883,2024-04-02 20:00,16.6,149.7,11.2,5.5,955.9,1005.4,93.4,,
883,2024-04-02 21:00,17.3,154,14.5,6,955,1004.2,88.3,,
883,2024-04-02 22:00,17.3,159.2,11.4,2,954.8,1004,92.3,,
883,2024-04-02 23:00,17,187.2,8,2,954.4,1003.7,97.2,,
883,2024-04-03 00:00,16.8,208.6,7.2,2.5,954.5,1003.8,98.8,,
883,2024-04-03 01:00,16.2,215.6,7.2,2,954.8,1004.3,99.9,,
883,2024-04-03 02:00,15.3,196.5,4.9,1.5,953,1002.7,99.6,,
883,2024-04-03 03:00,15.9,165.6,2.1,0,952.6,1002.1,99.6,,
883,2024-04-03 04:00,14.6,190.3,5.8,.5,954.2,1004.2,99.7,,
883,2024-04-03 05:00,14.6,159.3,3.4,0,953,1002.9,99.9,,
883,2024-04-03 06:00,16.5,184.4,3.8,.5,952.4,1001.7,99.9,,
883,2024-04-03 07:00,17,203,4.3,0,953.2,1002.4,99.8,,
883,2024-04-03 08:00,15.5,188.7,5.1,.5,953.7,1003.4,99.8,,
883,2024-04-03 09:00,15.3,200.9,4.3,1,954.3,1004.1,99.8,,
883,2024-04-03 10:00,15.4,188.5,4.6,0,953.8,1003.5,99.9,,
883,2024-04-03 11:00,15.4,190,4.3,.5,953.2,1002.9,99.8,,
883,2024-04-03 12:00,15.6,229.1,3.4,0,952.8,1002.4,99.7,,
883,2024-04-03 13:00,14.5,194.6,3.1,,952.6,1002.5,100,,
883,2024-04-03 14:00,15.1,223.1,3,,952.4,1002.1,100,,
883,2024-04-03 15:00,13.9,221.9,2.1,,952.3,1002.1,99.9,,
883,2024-04-03 16:00,13.8,0,0,,952.1,1001.9,99.8,,
883,2024-04-03 17:00,13.5,24.4,2.4,,952.5,1002.4,99.8,,
883,2024-04-03 18:00,13.8,64.6,3.3,,952.8,1002.7,99.9,,
883,2024-04-03 19:00,12.2,24.7,3.3,,954.3,1004.6,99.9,,
883,2024-04-03 20:00,11.8,29.2,4.4,,955.6,1006.1,99.9,,
883,2024-04-03 21:00,11.7,25.1,6.1,,956.1,1006.7,99.9,,
883,2024-04-03 22:00,11.1,27.1,6.7,,956.8,1007.5,100,,
883,2024-04-03 23:00,11.1,30.2,3.6,,958.1,1008.9,99.9,,
883,2024-04-04 00:00,11.6,24.9,3.4,,958.6,1009.3,99.9,,
883,2024-04-04 01:00,11.5,23.8,4.1,0,959,1009.8,100,,
883,2024-04-04 02:00,11.4,26.3,2.8,0,958.7,1009.5,100,,
883,2024-04-04 03:00,11.1,0,0,0,959.6,1010.5,100,,
883,2024-04-04 04:00,10.7,0,0,0,959.5,1010.5,100,,
883,2024-04-04 05:00,11,59.8,2.8,0,960.2,1011.2,100,,
883,2024-04-04 06:00,10.1,21.4,2.3,.5,961.1,1012.3,100,,
883,2024-04-04 07:00,10.4,72.7,.8,0,961.4,1012.6,100,,
883,2024-04-04 08:00,12.6,180.1,1.7,0,961.9,1012.5,99.9,,
883,2024-04-04 09:00,13.7,203.1,1.8,0,962.5,1012.9,99.9,,
883,2024-04-04 10:00,11.9,12.1,3.2,0,963.4,1014.3,99.9,,
883,2024-04-04 11:00,12.7,0,0,0,963.5,1014.2,99.9,,
883,2024-04-04 12:00,12.3,354.3,2.4,0,964,1014.8,100,,
883,2024-04-04 13:00,12.3,310.9,1.8,.5,963.9,1014.7,100,,
883,2024-04-04 14:00,12.4,17.1,1.5,.5,963.7,1014.5,99.9,,
883,2024-04-04 15:00,12.2,301,1.4,.5,963.5,1014.3,100,,
883,2024-04-04 16:00,12.2,21.4,.6,0,963.1,1013.9,100,,
883,2024-04-04 17:00,12.2,323.8,1.2,0,963.4,1014.2,100,,
883,2024-04-04 18:00,11.8,332.9,1.9,0,964.6,1015.6,100,,
883,2024-04-04 19:00,11.4,0,.1,0,964.8,1015.9,100,,
883,2024-04-04 20:00,11.7,0,0,.5,965,1016,100,,
883,2024-04-04 21:00,11.7,0,0,0,965.5,1016.6,100,,
883,2024-04-04 22:00,11.8,21.5,3,0,965.9,1017,99.9,,
883,2024-04-04 23:00,11.6,40.2,1.9,0,965.9,1017,100,,
883,2024-04-05 00:00,11.6,0,.2,0,965.9,1017,100,,
883,2024-04-05 01:00,11.5,,,0,966.2,1017.3,100,,
883,2024-04-05 02:00,11.6,,,0,965.9,1017,100,,
883,2024-04-05 03:00,11.5,,,0,965.6,1016.7,100,,
883,2024-04-05 04:00,11.5,,,0,965.6,1016.7,100,,
883,2024-04-05 05:00,11.1,,,0,965.6,1016.8,100,,
883,2024-04-05 06:00,10.7,,,0,965.6,1016.9,100,,
883,2024-04-05 07:00,9.8,,,0,965.9,1017.5,99.9,,
883,2024-04-05 08:00,12.1,,,0,966.3,1017.3,98.5,,
883,2024-04-05 09:00,12.9,313.6,2.2,0,966.9,1017.7,95.6,,
883,2024-04-05 10:00,13.9,291.6,2.3,0,967.2,1017.8,84.6,,
883,2024-04-05 11:00,15.4,38.1,3.8,0,967.2,1017.6,67.1,,
883,2024-04-05 12:00,15.5,251.6,1.6,0,966.9,1017.3,77.5,,
883,2024-04-05 13:00,15.9,39.7,3.1,0,966.4,1016.6,62.8,,
883,2024-04-05 14:00,15.8,40.6,3.8,0,966.1,1016.3,63.2,,
883,2024-04-05 15:00,14,239.6,2.6,0,965.8,1016.6,82.1,,
883,2024-04-05 16:00,14.8,263.8,2.6,0,965.6,1016.1,78.1,,
883,2024-04-05 17:00,14.4,308.2,1.9,0,966,1016.7,80.4,,
883,2024-04-05 18:00,14,47.7,3.8,0,966.5,1017.3,68.8,,
883,2024-04-05 19:00,11.4,69.2,4.6,0,966.7,1017.9,69.1,,
883,2024-04-05 20:00,11.1,121,3.2,0,966.9,1018.2,67,,
883,2024-04-05 21:00,9.9,142.4,1.3,0,967.8,1019.4,92.1,,
883,2024-04-05 22:00,8.7,107.6,3,0,968,1019.7,86,,
883,2024-04-05 23:00,8.6,92.4,2.5,0,967.7,1019.4,93.3,,
883,2024-04-06 00:00,8.3,105,1.7,0,967.7,1019.5,83.9,,
883,2024-04-06 01:00,7.8,145.9,2.4,0,968,1020,82.9,,
883,2024-04-06 02:00,9.1,105.3,3.7,0,967.5,1019.3,82.3,,
883,2024-04-06 03:00,9,116.8,4,0,966.8,1018.6,76.8,,
883,2024-04-06 04:00,7.8,81.9,.9,0,967.1,1019,83.2,,
883,2024-04-06 05:00,8,92,3.2,0,967,1018.9,80.4,,
883,2024-04-06 06:00,9.1,108.9,3.8,0,966.6,1018.4,77.5,,
883,2024-04-06 07:00,9.1,91.7,2.2,0,967.2,1019,78,,
883,2024-04-06 08:00,13,84.5,1.1,0,967.7,1018.5,61.2,,
883,2024-04-06 09:00,14.1,27.3,1.8,0,967.7,1018.5,66.7,,
883,2024-04-06 10:00,14.3,220.1,1.2,0,968.3,1019.1,68.1,,
883,2024-04-06 11:00,13.5,305.5,3,0,968.6,1019.4,78.7,,
883,2024-04-06 12:00,13.6,31.3,3.8,0,968.1,1018.8,73.4,,
883,2024-04-06 13:00,13.4,25.6,5.5,0,967.3,1018,77.6,,
883,2024-04-06 14:00,15.8,333,2.5,0,966.7,1017,72.5,,
883,2024-04-06 15:00,15.4,28.5,4.7,0,966.3,1016.7,70,,
883,2024-04-06 16:00,16.7,30,4.4,0,965.4,1015.3,65.3,,
883,2024-04-06 17:00,16,33.6,3.5,0,965.2,1015.3,67.9,,
883,2024-04-06 18:00,15.1,234.6,1.8,0,965,1015.4,67.7,,
883,2024-04-06 19:00,11.8,46.2,2,0,965.2,1016.2,88.7,,
883,2024-04-06 20:00,11,105.8,3.1,0,965.3,1016.5,89.1,,
883,2024-04-06 21:00,10.6,86.4,1.8,0,966.1,1017.5,86.2,,
883,2024-04-06 22:00,9.7,56.3,2.6,0,966.9,1018.5,84.7,,
883,2024-04-06 23:00,9.3,105.4,2.1,0,967,1018.8,84.8,,
883,2024-04-07 00:00,9.5,96.2,3.6,0,966.2,1017.9,77.1,,
883,2024-04-07 01:00,9.1,102.6,3.3,0,966.2,1018,76.1,,
883,2024-04-07 02:00,9.4,149.7,1.7,0,966.3,1018,76.1,,
883,2024-04-07 03:00,9.9,77.6,1.1,0,965.9,1017.4,66,,
883,2024-04-07 04:00,8.7,90.5,2.8,0,965.6,1017.2,63.5,,
883,2024-04-07 05:00,11.1,106.6,2.8,0,965.4,1016.6,51.1,,
883,2024-04-07 06:00,9.1,59.4,2.5,0,965.4,1017.1,54.5,,
883,2024-04-07 07:00,11,96.1,3.8,0,965.6,1016.8,46.6,,
883,2024-04-07 08:00,14.2,54.8,2.6,0,966.4,1017.1,42.4,,
883,2024-04-07 09:00,18.6,66.8,1.7,0,966.2,1015.6,37.9,,
883,2024-04-07 10:00,18.5,233.6,1.7,0,966.4,1015.9,37.8,,
883,2024-04-07 11:00,20.1,35.6,4,0,966.3,1015.8,36.1,,
883,2024-04-07 12:00,20.4,226.9,2.5,0,966.3,1015.7,37.5,,
883,2024-04-07 13:00,20.1,229.2,3.6,0,966.1,1015.6,43.2,,
883,2024-04-07 14:00,18.2,302.5,2.9,0,965.2,1014.7,58.8,,
883,2024-04-07 15:00,19.7,271,2.5,0,964.9,1014.4,55.2,,
883,2024-04-07 16:00,18.1,241.5,2.6,0,964.4,1013.9,58.9,,
883,2024-04-07 17:00,18,257.1,1.9,0,964.4,1013.9,62.1,,
883,2024-04-07 18:00,16.6,314.7,2.8,0,964.4,1014.3,65.3,,
883,2024-04-07 19:00,14,21.9,2.1,0,964.7,1015.4,75.7,,
883,2024-04-07 20:00,13.5,112.2,1.3,0,965.3,1015.9,74.1,,
883,2024-04-07 21:00,13.4,127.3,1.8,0,965.6,1016.2,79.1,,
883,2024-04-07 22:00,11.8,96.6,2.4,0,965.3,1016.3,78.7,,
883,2024-04-07 23:00,12,0,.1,0,965.7,1016.7,69,,
883,2024-04-08 00:00,12.1,53.3,2.4,0,965.7,1016.7,64.4,,
883,2024-04-08 01:00,12.4,87.4,2.7,0,965.5,1016.4,60.8,,
883,2024-04-08 02:00,11.9,98.8,2.6,0,964.9,1015.9,66.4,,
883,2024-04-08 03:00,13,88.3,3.1,0,964.5,1015.2,51.8,,
883,2024-04-08 04:00,12.2,75.6,1.4,0,963.8,1014.6,61.2,,
883,2024-04-08 05:00,11.9,127.1,1.5,0,963.9,1014.8,69.1,,
883,2024-04-08 06:00,13.4,116.4,3.5,0,963.9,1014.4,51.3,,
883,2024-04-08 07:00,14.9,94.4,4.4,0,964.3,1014.7,40.2,,
883,2024-04-08 08:00,16,91.4,4.1,0,964.2,1014.3,34.6,,
883,2024-04-08 09:00,17.5,96.4,3.2,0,964.4,1014.1,28.7,,
883,2024-04-08 10:00,16.4,195.1,2,0,964.6,1014.6,40.1,,
883,2024-04-08 11:00,17.8,22.8,2.2,0,964.5,1014.1,42.3,,
883,2024-04-08 12:00,16.4,268.2,1.8,0,964.5,1014.5,64.7,,
883,2024-04-08 13:00,16.4,0,0,0,964,1014,60.6,,
883,2024-04-08 14:00,15.5,300.9,1.5,0,963.7,1013.9,78.8,,
883,2024-04-08 15:00,14.1,70,1.6,.5,963.4,1014,73.8,,
883,2024-04-08 16:00,12.5,75.8,4.7,1,963.1,1013.8,68.5,,
883,2024-04-08 17:00,13.5,70.8,8.3,.5,963.1,1013.6,64.3,,
883,2024-04-08 18:00,13.7,69.2,7.2,0,963.2,1013.6,60.4,,
883,2024-04-08 19:00,11.8,42,4.7,0,963.7,1014.6,80.8,,
883,2024-04-08 20:00,14,56.1,4.8,0,963.9,1014.6,53.4,,
883,2024-04-08 21:00,12.9,61.7,5.7,0,964.2,1014.9,64.6,,
883,2024-04-08 22:00,14.8,44.4,5.1,0,964,1014.4,50.9,,
883,2024-04-08 23:00,15.7,58.3,5.1,0,963.7,1013.8,43.7,,
883,2024-04-09 00:00,10.5,25.1,3.8,0,965,1016.3,75,,
883,2024-04-09 01:00,9.4,68.3,3,0,964.6,1016.2,80.2,,
883,2024-04-09 02:00,9.9,31.4,3.6,0,964.4,1015.9,62.5,,
883,2024-04-09 03:00,12.8,75,5,0,964.1,1014.8,52.3,,
883,2024-04-09 04:00,11.8,68.8,3.9,0,964.5,1015.5,57.8,,
883,2024-04-09 05:00,10.7,71.7,3.3,0,965,1016.3,60.4,,
883,2024-04-09 06:00,8,38,1.8,0,966.4,1018.2,78.5,,
883,2024-04-09 07:00,8.8,47.8,2.9,0,966.5,1018.1,91.4,,
883,2024-04-09 08:00,10.4,70.6,1.3,0,967.2,1018.7,92.5,,
883,2024-04-09 09:00,13.9,32.7,1.7,0,967.7,1018.3,79.1,,
883,2024-04-09 10:00,16.1,198.8,2.8,0,968.4,1018.7,71.5,,
883,2024-04-09 11:00,17.2,276.3,1.4,0,968.8,1018.8,68.2,,
883,2024-04-09 12:00,16.3,172.9,3.3,0,969.1,1019.4,64.6,,
883,2024-04-09 13:00,16.9,207.8,3.6,0,969.3,1019.4,68.9,,
883,2024-04-09 14:00,14.4,11.9,2.6,0,969.7,1020.6,78,,
883,2024-04-09 15:00,15.1,333.7,2.4,0,969.8,1020.4,75,,
883,2024-04-09 16:00,14.9,308.8,2.9,0,969.4,1020.1,73.9,,
883,2024-04-09 17:00,14.2,325.5,3.4,0,969.4,1020.3,80.3,,
883,2024-04-09 18:00,13.1,314.9,2.4,0,969.9,1020.8,84.7,,
883,2024-04-09 19:00,12,310.3,1.9,0,970,1021.2,90.2,,
883,2024-04-09 20:00,11.5,266.6,1.1,0,970.9,1022.3,94.1,,
883,2024-04-09 21:00,11.1,0,0,0,971.3,1022.8,94.6,,
883,2024-04-09 22:00,10.7,171.2,2.4,0,971.4,1023,92.6,,
883,2024-04-09 23:00,9.9,130.9,2,0,971.7,1023.5,82.2,,
883,2024-04-10 00:00,9.9,53.8,1.7,0,972.6,1024.5,87,,
883,2024-04-10 01:00,9.5,81.6,2.7,0,972.6,1024.6,93.1,,
883,2024-04-10 02:00,8.7,103.5,2.7,0,971.8,1023.7,93.2,,
883,2024-04-10 03:00,8.4,103.6,1.9,0,971.5,1023.5,92.5,,
883,2024-04-10 04:00,8.9,65.7,.9,0,971.8,1023.7,90.6,,
883,2024-04-10 05:00,7.7,123,1.8,0,972.2,1024.4,95.5,,
883,2024-04-10 06:00,8.4,174,2.1,0,972.9,1025,95.7,,
883,2024-04-10 07:00,8.7,109.6,2.1,0,973,1025,92.4,,
883,2024-04-10 08:00,12.1,142.2,2.2,0,973.1,1024.5,73.1,,
883,2024-04-10 09:00,13.2,75.9,.8,0,972.9,1024,68.7,,
883,2024-04-10 10:00,14.1,285.4,2.4,0,973.2,1024.3,70,,
883,2024-04-10 11:00,15,273.3,1.7,0,973.3,1024.2,65.3,,
883,2024-04-10 12:00,16.7,258.8,2.4,0,973.3,1023.6,59.5,,
883,2024-04-10 13:00,15.8,258.7,3.6,0,972.5,1023.1,65.4,,
883,2024-04-10 14:00,17.1,265.5,2.4,0,972.2,1022.4,63.7,,
883,2024-04-10 15:00,15.9,281.7,3,0,972.5,1023,67.7,,
883,2024-04-10 16:00,15.2,262.4,2.1,0,971.7,1022.4,71,,
883,2024-04-10 17:00,15.4,324.9,2.5,0,971.2,1021.8,67.2,,
883,2024-04-10 18:00,15.1,218.9,2,0,970.9,1021.6,61.3,,
883,2024-04-10 19:00,12.7,336.4,3,0,971.1,1022.2,79.7,,
883,2024-04-10 20:00,10.4,146.3,.7,0,970.9,1022.6,88.8,,
883,2024-04-10 21:00,9.4,104.9,2.2,0,971.6,1023.6,91.8,,
883,2024-04-10 22:00,9.6,120.1,2.1,0,971.6,1023.5,88.2,,
883,2024-04-10 23:00,10,76.8,2.5,0,971.1,1022.9,85,,
883,2024-04-11 00:00,10.3,86,1.9,0,970.9,1022.6,81.4,,
883,2024-04-11 01:00,10.2,312.4,1.2,0,971.1,1022.8,85.8,,
883,2024-04-11 02:00,9.6,160.3,2.1,0,970.9,1022.8,89.7,,
883,2024-04-11 03:00,13.2,156,5.5,0,970.4,1021.3,74.6,,
883,2024-04-11 04:00,13.6,169.3,4.9,0,970.2,1021,84.2,,
883,2024-04-11 05:00,13.4,167.3,6.4,0,970.1,1021,85.3,,
883,2024-04-11 06:00,13.5,157.7,5.5,0,969.7,1020.5,87.5,,
883,2024-04-11 07:00,13.8,168.4,6.5,0,969.8,1020.6,88.2,,
883,2024-04-11 08:00,13.6,158.1,6.6,0,969.9,1020.7,85.1,,
883,2024-04-11 09:00,13.4,166.6,6.7,0,970.4,1021.3,90.4,,
883,2024-04-11 10:00,14.1,130.6,4.5,1,970.4,1021.4,87.8,,
883,2024-04-11 11:00,15.1,157.6,6.9,0,970.3,1021,84.6,,
883,2024-04-11 12:00,14.9,158.7,7.1,0,969.8,1020.5,79.5,,
883,2024-04-11 13:00,16.2,146.4,6.1,0,969.3,1019.6,69.7,,
883,2024-04-11 14:00,15.8,168.7,5.8,0,969.1,1019.5,62.4,,
883,2024-04-11 15:00,16.1,166,6.7,0,968.7,1019,60.4,,
883,2024-04-11 16:00,15.6,151.4,5.4,0,968.1,1018.5,60.6,,
883,2024-04-11 17:00,16.3,131.7,2.7,0,968.5,1018.7,59.9,,
883,2024-04-11 18:00,15.9,88.9,1.2,0,968.5,1018.8,64,,
883,2024-04-11 19:00,14.4,171.6,1.7,0,968.4,1019.2,72.4,,
883,2024-04-11 20:00,14.1,147.1,3.8,0,968.7,1019.6,68.5,,
883,2024-04-11 21:00,14,147.5,3.1,0,969,1019.9,66.2,,
883,2024-04-11 22:00,13.1,131.2,2.3,0,969.2,1020.1,72.6,,
883,2024-04-11 23:00,13.5,149.1,3.5,0,968.6,1019.4,71.2,,
883,2024-04-12 00:00,12.5,92,2.8,0,968.6,1019.6,77.8,,
883,2024-04-12 01:00,11.1,89,2.2,0,968.2,1019.6,81.9,,
883,2024-04-12 02:00,11.2,108.8,3.4,0,967.9,1019.2,77,,
883,2024-04-12 03:00,10,92.1,2.6,0,967.7,1019.3,83.4,,
883,2024-04-12 04:00,10.1,111.9,2.6,0,967.5,1019.1,86.3,,
883,2024-04-12 05:00,10.5,100.2,3.1,0,967.3,1018.8,84.9,,
883,2024-04-12 06:00,11,112.5,3,0,966.9,1018.2,79.9,,
883,2024-04-12 07:00,13.4,121.1,2.4,0,967.1,1017.8,69.7,,
883,2024-04-12 08:00,16.8,79.2,1.9,0,966.9,1016.9,58.7,,
883,2024-04-12 09:00,17.6,273,2.3,0,967.1,1016.9,56.6,,
883,2024-04-12 10:00,17.4,306.7,3.8,0,967,1016.8,63.7,,
883,2024-04-12 11:00,17.7,307.1,1.1,0,967.1,1016.8,62.1,,
883,2024-04-12 12:00,18,310.4,1.1,0,966.5,1016.1,63.2,,
883,2024-04-12 13:00,18.6,27.9,2.6,0,966,1015.4,63.7,,
883,2024-04-12 14:00,18.5,6.6,3.3,0,965.7,1015.1,71.4,,
883,2024-04-12 15:00,18.5,233.3,1.9,0,964.9,1014.3,68.1,,
883,2024-04-12 16:00,16.3,206.8,2.5,0,965.1,1015.1,69.8,,
883,2024-04-12 17:00,15.5,213.4,2.1,0,964.8,1015.1,79.8,,
883,2024-04-12 18:00,15.6,178,2.6,0,964.9,1015.1,82.3,,
883,2024-04-12 19:00,14.4,27.4,2.7,0,965.2,1015.8,92.1,,
883,2024-04-12 20:00,13.6,51.7,1.2,0,965.3,1015.9,96.4,,
883,2024-04-12 21:00,13.3,0,0,0,965.8,1016.5,96.4,,
883,2024-04-12 22:00,13.2,51,1.8,0,966,1016.7,93.6,,
883,2024-04-12 23:00,13.3,27.3,2.1,0,966.2,1016.9,97.6,,
883,2024-04-13 00:00,13.1,62.2,2.1,0,966,1016.7,98,,
883,2024-04-13 01:00,13,107.3,.8,0,965.9,1016.6,97.3,,
883,2024-04-13 02:00,12.8,72.8,1.4,0,965.9,1016.7,97,,
883,2024-04-13 03:00,12.8,43.9,2.2,0,965.9,1016.7,98.8,,
883,2024-04-13 04:00,12.7,30.4,2.4,.5,965.8,1016.6,98.8,,
883,2024-04-13 05:00,12.4,111.5,1.6,0,965.7,1016.6,96.8,,
883,2024-04-13 06:00,12.4,139.8,1.3,0,965.5,1016.4,94.5,,
883,2024-04-13 07:00,12.5,121.9,1.9,0,966,1016.9,92.1,,
883,2024-04-13 08:00,15.5,114.3,1.2,0,966.2,1016.5,77.9,,
883,2024-04-13 09:00,16.3,290.4,1.7,0,966.7,1016.8,76.9,,
883,2024-04-13 10:00,17,283.9,1.3,0,967.1,1017,81.7,,
883,2024-04-13 11:00,17.8,323.5,2.1,0,967,1016.7,80.4,,
883,2024-04-13 12:00,17.7,8.2,2.6,0,966.9,1016.6,83.5,,
883,2024-04-13 13:00,20.9,223,3.4,0,966.4,1015.6,53,,
883,2024-04-13 14:00,21.2,230.5,3.7,0,966.3,1015.5,49.5,,
883,2024-04-13 15:00,20,264.9,2.7,0,965.9,1015.4,68.4,,
883,2024-04-13 16:00,19.5,298.7,3,0,965.7,1015.3,69.9,,
883,2024-04-13 17:00,19,315.9,2.6,0,965.9,1015.7,72.8,,
883,2024-04-13 18:00,17.7,285.2,1.6,0,965.8,1015.5,75,,
883,2024-04-13 19:00,15,222.5,1.4,0,965.9,1016.4,75.4,,
883,2024-04-13 20:00,14.5,108.1,3.3,0,966.1,1016.7,83.8,,
883,2024-04-13 21:00,14.1,107.8,2.4,0,966.4,1017.2,85.4,,
883,2024-04-13 22:00,12.3,131.6,2,0,966.7,1017.7,86.3,,
883,2024-04-13 23:00,12.3,138.3,1.2,0,967.1,1018.1,88.3,,
883,2024-04-14 00:00,12.5,100.7,3.7,0,966.9,1017.8,74.3,,
883,2024-04-14 01:00,10.9,135.4,1.4,0,966.7,1018,80.9,,
883,2024-04-14 02:00,11.7,90.5,2.9,0,966.5,1017.6,73.4,,
883,2024-04-14 03:00,15.8,105.3,3.7,0,966.1,1016.3,53.3,,
883,2024-04-14 04:00,16.2,116.1,5.4,0,965.7,1015.8,52.5,,
883,2024-04-14 05:00,16.3,119.4,4.6,0,965.5,1015.6,69.2,,
883,2024-04-14 06:00,14.9,139.5,4.3,0,965.7,1016.2,83.7,,
883,2024-04-14 07:00,16.3,144.7,5.4,0,966.2,1016.3,81.8,,
883,2024-04-14 08:00,17.8,145.6,6.9,0,966.3,1016,74.2,,
883,2024-04-14 09:00,19.8,126.2,6.8,0,965.9,1015.4,65.5,,
883,2024-04-14 10:00,19.7,140.7,7.7,0,965.2,1014.7,62.2,,
883,2024-04-14 11:00,19.5,138.7,8.4,0,965.9,1015.5,62.9,,
883,2024-04-14 12:00,20.6,131.7,8.4,0,965.5,1014.8,63.9,,
883,2024-04-14 13:00,20.1,139.6,8.3,0,965.3,1014.7,66.8,,
883,2024-04-14 14:00,19,149,6.9,0,964.4,1014.1,74,,
883,2024-04-14 15:00,18.5,151.2,7.6,0,964,1013.3,79.5,,
883,2024-04-14 16:00,17.4,155.4,8,0,963.8,1013.5,85.9,,
883,2024-04-14 17:00,17.4,147.6,8.2,0,964.3,1014,89.1,,
883,2024-04-14 18:00,17,138.5,7.8,0,964.5,1014.3,90.7,,
883,2024-04-14 19:00,16.9,142.5,8.2,0,963.8,1013.6,93,,
883,2024-04-14 20:00,16.9,147.2,11,0,962.7,1012.4,92.7,,
883,2024-04-14 21:00,17.5,151.8,12.8,0,963.1,1012.7,89.5,,
883,2024-04-14 22:00,17.1,153.2,11.3,0,962.9,1012.6,92.1,,
883,2024-04-14 23:00,17.6,164.9,15.4,0,960.8,1010.2,90,,
883,2024-04-15 00:00,16.9,161.4,11.7,0,961,1010.7,92.1,,
883,2024-04-15 01:00,16.5,163.3,13.9,0,960.3,1010,93.4,,
883,2024-04-15 02:00,16.3,166.2,13.3,0,959.7,1009.5,94.5,,
883,2024-04-15 03:00,16,159.4,13.7,.5,959.3,1009.1,95.1,,
883,2024-04-15 04:00,15.7,159.6,12.7,1.5,958.5,1008.4,93.9,,
883,2024-04-15 05:00,16.9,166.9,13.4,1.5,957.7,1007.2,93.9,,
883,2024-04-15 06:00,16.4,169.4,13.1,.5,957.7,1007.3,96.6,,
883,2024-04-15 07:00,16.8,153.2,9.1,1.5,958.6,1008.2,95.6,,
883,2024-04-15 08:00,17.1,149.9,9.9,1,958.9,1008.4,94.4,,
883,2024-04-15 09:00,17.1,141.7,9.5,0,958.9,1008.4,88.7,,
883,2024-04-15 10:00,18.9,148.5,8.1,0,959.4,1008.4,82.9,,
883,2024-04-15 11:00,22.2,206,2.3,0,959.7,1008.2,75.6,,
883,2024-04-15 12:00,19,280,3.4,0,960.5,1010,84.4,,
883,2024-04-15 13:00,20.1,271,2.8,0,960.2,1009.4,84.2,,
883,2024-04-15 14:00,15.6,357.8,2.1,0,960.4,1010.4,99,,
883,2024-04-15 15:00,15.2,38.8,3.1,0,960,1010.1,99.2,,
883,2024-04-15 16:00,17.7,25.8,3.8,0,960.1,1009.5,85.2,,
883,2024-04-15 17:00,16.7,23.8,3.7,0,960.3,1010,86.4,,
883,2024-04-15 18:00,15.3,23.5,4.9,0,960.5,1010.6,88.4,,
883,2024-04-15 19:00,12,39.3,4.3,0,961.2,1012,98,,
883,2024-04-15 20:00,11.3,26.5,4.7,0,961.4,1012.3,98.8,,
883,2024-04-15 21:00,11.5,45.9,3.3,0,962.1,1013,99.4,,
883,2024-04-15 22:00,12,45.6,3,0,962.5,1013.3,90.1,,
883,2024-04-15 23:00,10.2,35.2,4,0,962.6,1013.9,98.1,,
883,2024-04-16 00:00,12.4,58.2,3.1,0,962.2,1012.9,75.1,,
883,2024-04-16 01:00,12.5,55.1,3.5,0,962.9,1013.6,83.2,,
883,2024-04-16 02:00,13.8,87.1,2.7,0,962.3,1012.7,66.3,,
883,2024-04-16 03:00,14.6,85.9,2.2,0,962.2,1012.6,62.8,,
883,2024-04-16 04:00,14.4,87.3,3.9,0,961.5,1011.9,61.9,,
883,2024-04-16 05:00,13.4,92.8,2.8,0,961,1011.4,66.3,,
883,2024-04-16 06:00,15.4,50.5,1.5,0,962.1,1012.3,57,,
883,2024-04-16 07:00,14.2,99.9,3,0,962.7,1013.2,72,,
883,2024-04-16 08:00,16.7,0,.1,0,963.1,1012.9,60.7,,
883,2024-04-16 09:00,16.7,256.6,1.9,0,963.7,1013.6,76.9,,
883,2024-04-16 10:00,17.9,299.1,3.3,0,963.6,1013.1,59.8,,
883,2024-04-16 11:00,17.8,38.7,3.6,0,963.4,1012.9,73.5,,
883,2024-04-16 12:00,20.2,22.9,4.3,0,963.1,1012.4,59.9,,
883,2024-04-16 13:00,17.9,16.9,4.1,0,963.2,1012.7,70.5,,
883,2024-04-16 14:00,18.3,30.9,5.7,0,962.5,1011.8,65.5,,
883,2024-04-16 15:00,19,27.7,5.1,0,962,1011.6,67.9,,
883,2024-04-16 16:00,18.2,28,4.5,0,961.9,1011.2,73.3,,
883,2024-04-16 17:00,17.8,26.9,5.1,0,961.8,1011.2,68.7,,
883,2024-04-16 18:00,16.8,29.5,5.4,0,961.5,1011.2,50.1,,
883,2024-04-16 19:00,13.6,46.5,4.5,0,961.7,1012.1,56.7,,
883,2024-04-16 20:00,13.2,60.8,4.9,0,962,1012.5,37.6,,
883,2024-04-16 21:00,13.3,70.9,4.8,0,962.9,1013.4,31.9,,
883,2024-04-16 22:00,13,77.2,5.2,0,963,1013.6,32.1,,
883,2024-04-16 23:00,12.7,66.2,4.2,0,963.1,1013.8,32.7,,
883,2024-04-17 00:00,12,96.7,4.1,0,962.7,1013.5,35.3,,
883,2024-04-17 01:00,11.9,78.2,4.4,0,962.4,1013.2,35.3,,
883,2024-04-17 02:00,11.5,105.2,4.1,0,962.4,1013.3,37.1,,
883,2024-04-17 03:00,10.7,97.8,3.8,0,961.8,1012.9,51.8,,
883,2024-04-17 04:00,11.3,106.5,4.5,0,961.4,1012.3,35.6,,
883,2024-04-17 05:00,11.5,117.8,4.3,0,961.1,1012,34.7,,
883,2024-04-17 06:00,10.1,100.7,4.6,0,961.1,1012.3,42.1,,
883,2024-04-17 07:00,11.9,105.1,3.2,0,961.1,1011.9,39.7,,
883,2024-04-17 08:00,16.1,0,.1,0,961.3,1011.2,34.6,,
883,2024-04-17 09:00,14.6,47.3,2.2,0,961.6,1012,56.7,,
883,2024-04-17 10:00,16,36,2.3,0,962,1012,71.5,,
883,2024-04-17 11:00,17.3,205.8,2.2,0,961.9,1011.5,52.5,,
883,2024-04-17 12:00,17.2,168.5,5,0,961.4,1011,44.9,,
883,2024-04-17 13:00,17.4,166.9,4.4,0,960.9,1010.4,38.8,,
883,2024-04-17 14:00,15.3,52.1,2.9,0,960.4,1010.5,68.7,,
883,2024-04-17 15:00,15.7,29.6,2.7,0,959.5,1009.4,74.2,,
883,2024-04-17 16:00,15.1,359,2,0,959.1,1009.2,75.6,,
883,2024-04-17 17:00,14.1,51.2,1.5,0,959.1,1009.5,78.6,,
883,2024-04-17 18:00,14.5,180.3,.7,0,958.6,1008.8,57.2,,
883,2024-04-17 19:00,12.6,0,0,0,958.7,1009.2,72.2,,
883,2024-04-17 20:00,11.7,107.4,1.8,0,958.8,1009.5,68.8,,
883,2024-04-17 21:00,11.2,65.6,2.2,0,958.4,1009.2,63.3,,
883,2024-04-17 22:00,10.9,0,.1,0,958.8,1009.7,61.1,,
883,2024-04-17 23:00,10,85.5,1.5,0,958.6,1009.7,61.6,,
883,2024-04-18 00:00,10.9,79.1,3.9,0,958.7,1009.6,55.6,,
883,2024-04-18 01:00,12.3,62.1,3.4,0,958.4,1008.9,47.3,,
883,2024-04-18 02:00,10.5,64.9,3.2,0,957.9,1008.9,56.8,,
883,2024-04-18 03:00,11.2,59.6,4.2,0,957.6,1008.4,67.1,,
883,2024-04-18 04:00,11.6,65.8,4.4,0,957.6,1008.3,67.2,,
883,2024-04-18 05:00,11,51.9,3.1,0,957.6,1008.4,53.1,,
883,2024-04-18 06:00,12.5,70.8,3.9,0,957.5,1007.9,44.5,,
883,2024-04-18 07:00,13,56.7,3.7,0,958.5,1008.9,59.1,,
883,2024-04-18 08:00,15.2,35.2,4.3,0,959.2,1009.3,61.7,,
883,2024-04-18 09:00,15.1,23.5,6.2,0,959.8,1009.9,62.9,,
883,2024-04-18 10:00,17,30.2,6.4,0,960,1009.6,64.3,,
883,2024-04-18 11:00,17.1,30.4,6.8,0,960.1,1009.6,48.2,,
883,2024-04-18 12:00,17.7,26.8,7.6,0,960.5,1009.9,41.9,,
883,2024-04-18 13:00,17.1,28.8,8.2,0,960,1009.5,55.2,,
883,2024-04-18 14:00,18.5,31,7.6,0,959.6,1008.7,52.4,,
883,2024-04-18 15:00,17.7,35.5,7.1,0,958.8,1008.1,50.9,,
883,2024-04-18 16:00,17.8,38.7,5.6,0,958.7,1008,47.9,,
883,2024-04-18 17:00,18,27.8,5.6,0,959.2,1008.4,50.2,,
883,2024-04-18 18:00,14.3,20.2,4.6,0,960.2,1010.6,72.5,,
883,2024-04-18 19:00,12.3,53.3,1.7,0,960.7,1011.3,80.1,,
883,2024-04-18 20:00,11.6,87.8,3.6,0,961,1011.8,72.5,,
883,2024-04-18 21:00,10.3,38.3,3.6,0,962,1013.2,76.1,,
883,2024-04-18 22:00,10,73.2,4.5,0,962.2,1013.5,66.2,,
883,2024-04-18 23:00,10.9,70.9,4.9,0,962.2,1013.3,61.8,,
883,2024-04-19 00:00,12.6,84.9,3.9,0,961.9,1012.5,59.6,,
883,2024-04-19 01:00,12.3,87.9,3.7,0,961.9,1012.6,55.3,,
883,2024-04-19 02:00,9.7,97.7,2.9,0,962,1013.4,68.7,,
883,2024-04-19 03:00,10.1,105.1,2.7,0,962.2,1013.5,65.8,,
883,2024-04-19 04:00,9.5,108.6,2.8,0,962.2,1013.6,72.2,,
883,2024-04-19 05:00,10.3,106.6,3.5,0,962.6,1013.9,72.2,,
883,2024-04-19 06:00,9.8,110.7,3.8,0,962.6,1014,70.6,,
883,2024-04-19 07:00,12.7,124.4,2.2,0,963.3,1014,66.1,,
883,2024-04-19 08:00,17.5,165.8,2.6,0,963.9,1013.5,45.8,,
883,2024-04-19 09:00,19.6,191.6,2.8,0,964.4,1013.9,32.3,,
883,2024-04-19 10:00,20.3,176.7,3.3,0,964,1013.3,34.1,,
883,2024-04-19 11:00,21.4,179.4,2.7,0,963.4,1012.4,35.5,,
883,2024-04-19 12:00,22.1,179.4,4.1,0,963.1,1011.8,25.5,,
883,2024-04-19 13:00,23.6,166.7,5.1,0,962.7,1011,18.9,,
883,2024-04-19 14:00,23.6,193,3.7,0,962.6,1010.9,21.6,,
883,2024-04-19 15:00,21.7,154.3,4.6,0,961.5,1010.3,26.7,,
883,2024-04-19 16:00,21.5,166.8,4,0,960.9,1009.7,30.2,,
883,2024-04-19 17:00,21.1,160.9,6.6,0,960.9,1009.8,26.4,,
883,2024-04-19 18:00,18.8,164.9,4.7,0,961.2,1010.3,29.3,,
883,2024-04-19 19:00,17.9,161.4,7.2,0,961,1010.4,29.1,,
883,2024-04-19 20:00,17.4,168,6.6,0,961.2,1010.7,28.7,,
883,2024-04-19 21:00,17.9,176.3,6.8,0,961.9,1011.3,28.1,,
883,2024-04-19 22:00,17.1,168.2,8,0,961.8,1011.4,29,,
883,2024-04-19 23:00,17.3,171.7,6.6,0,961.6,1011.2,30.8,,
883,2024-04-20 00:00,16.9,185.7,5.3,0,961.7,1011.4,34.9,,
883,2024-04-20 01:00,16.3,173.3,6.6,0,961.1,1010.9,49,,
883,2024-04-20 02:00,16.4,165.3,9.1,0,959.1,1008.8,74,,
883,2024-04-20 03:00,16.5,177.2,6.2,0,959.1,1008.8,77.3,,
883,2024-04-20 04:00,15.9,171.6,8.5,0,957.4,1007.2,83.2,,
883,2024-04-20 05:00,16.1,172.8,10.6,0,956.1,1005.7,83.7,,
883,2024-04-20 06:00,15.2,182.2,10.5,0,955.7,1005.6,89.4,,
883,2024-04-20 07:00,14.1,168.3,13,1,955.5,1005.7,89,,
883,2024-04-20 08:00,13.8,163,13.7,1,954.9,1004.9,88.1,,
883,2024-04-20 09:00,13.1,172.9,13.1,2.5,955.6,1005.8,96.7,,
883,2024-04-20 10:00,14.1,164.1,14.1,5.5,955.6,1005.8,95.2,,
883,2024-04-20 11:00,15,151.2,11.4,2.5,955.9,1005.9,95.3,,
883,2024-04-20 12:00,15.2,155.3,11.1,1.5,955.9,1005.8,96,,
883,2024-04-20 13:00,16.1,173.3,5.6,2.5,955.3,1004.9,97.1,,
883,2024-04-20 14:00,15.4,192.1,4.6,1,955,1004.8,98.3,,
883,2024-04-20 15:00,15.1,196.2,4,.5,954.4,1004.2,99.2,,
883,2024-04-20 16:00,15.3,218.5,3.9,0,954.3,1004.1,99.6,,
883,2024-04-20 17:00,14.4,228.2,4.2,.5,954.8,1004.9,99.6,,
883,2024-04-20 18:00,13.4,229.6,3.7,0,955.3,1005.4,99.8,,
883,2024-04-20 19:00,12.5,219.8,3.2,0,955.8,1006.1,99.8,,
883,2024-04-20 20:00,11.7,222.8,3.2,0,956,1006.6,99.9,,
883,2024-04-20 21:00,11.3,209.8,2.8,,956,1006.7,99.8,,
883,2024-04-20 22:00,11,207.6,3.2,,956.2,1006.9,99.8,,
883,2024-04-20 23:00,10.9,207.1,3.4,,956.3,1007.1,99.7,,
883,2024-04-21 00:00,10.7,199.3,3.7,,956.6,1007.4,99.8,,
883,2024-04-21 01:00,10.6,202.9,3.5,0,956.3,1007.1,99.8,,
883,2024-04-21 02:00,10.9,202.5,2.2,0,956.1,1006.9,99.9,,
883,2024-04-21 03:00,11.2,200.9,2.6,0,956.4,1007.1,99.9,,
883,2024-04-21 04:00,11,174.6,3.8,0,956.5,1007.3,99.9,,
883,2024-04-21 05:00,11.1,181.8,3.6,0,956.4,1007.1,99.9,,
883,2024-04-21 06:00,11.2,190.9,2.4,0,956.4,1007.1,99.9,,
883,2024-04-21 07:00,11.4,273,.5,0,957.2,1007.9,99.9,,
883,2024-04-21 08:00,12.2,209.6,1.7,0,957.3,1007.8,100,,
883,2024-04-21 09:00,13.5,0,.1,0,957.5,1007.7,99.9,,
883,2024-04-21 10:00,14.5,65.2,2.3,0,957.5,1007.7,99.5,,
883,2024-04-21 11:00,13.6,301.5,1.4,0,958.4,1008.6,99.4,,
883,2024-04-21 12:00,13.3,210.5,1.4,0,958,1008.3,99.7,,
883,2024-04-21 13:00,13.6,238.3,.5,0,958.1,1008.3,99.7,,
883,2024-04-21 14:00,13.3,0,0,0,957.9,1008.2,99.7,,
883,2024-04-21 15:00,13.2,307.5,2,0,957.7,1008,99.9,,
883,2024-04-21 16:00,13.2,282.3,1.1,0,957.8,1008.1,99.8,,
883,2024-04-21 17:00,13.3,23.4,4.1,0,958,1008.3,99.8,,
883,2024-04-21 18:00,13.2,29.7,4,0,957.8,1008.1,99.9,,
883,2024-04-21 19:00,12.8,31.2,3.8,0,958.2,1008.6,99.9,,
883,2024-04-21 20:00,12.9,35.6,1.8,0,959,1009.4,99.9,,
883,2024-04-21 21:00,12.9,46.5,3.5,0,958.9,1009.3,99.9,,
883,2024-04-21 22:00,13.1,0,.1,0,959.4,1009.8,99.7,,
883,2024-04-21 23:00,12.9,0,.4,0,959.9,1010.4,99.5,,
883,2024-04-22 00:00,12.8,192.6,1.2,0,959.9,1010.4,99.6,,
883,2024-04-22 01:00,12.8,0,.2,0,959.8,1010.3,99.3,,
883,2024-04-22 02:00,12.7,28.1,.7,0,959.8,1010.3,99.4,,
883,2024-04-22 03:00,12.8,0,0,0,959.5,1010,98.8,,
883,2024-04-22 04:00,12.8,0,.2,0,959.4,1009.9,99.6,,
883,2024-04-22 05:00,12.9,0,0,0,959.7,1010.1,99.5,,
883,2024-04-22 06:00,12.9,0,.2,.5,959.9,1010.4,98.9,,
883,2024-04-22 07:00,13.7,0,0,0,959.9,1010.2,98.3,,
883,2024-04-22 08:00,14.2,0,0,0,960,1010.4,96.8,,
883,2024-04-22 09:00,14.9,24.9,1.9,0,960.1,1010.3,97.4,,
883,2024-04-22 10:00,16.3,257.8,.7,0,960.8,1010.6,83,,
883,2024-04-22 11:00,14.7,272.7,1.9,0,961.1,1011.4,96.8,,
883,2024-04-22 12:00,15,348.3,1.7,0,960.9,1011.1,93.3,,
883,2024-04-22 13:00,15.3,0,.1,0,960.8,1010.9,93.1,,
883,2024-04-22 14:00,17.4,0,.2,0,960.6,1010.1,83.6,,
883,2024-04-22 15:00,18.4,29.9,2.8,0,960.2,1009.4,85,,
883,2024-04-22 16:00,17.3,26.4,3.2,0,960,1009.5,83.5,,
883,2024-04-22 17:00,17.4,43.9,2.8,0,960.1,1009.6,77.7,,
883,2024-04-22 18:00,17.1,249.8,.8,0,959.9,1009.4,81.2,,
883,2024-04-22 19:00,14.8,236.8,1.2,0,960.3,1010.5,96.2,,
883,2024-04-22 20:00,14.2,22,2.9,0,960.9,1011.4,98.9,,
883,2024-04-22 21:00,14.4,324.6,1.2,0,961.3,1011.7,93.9,,
883,2024-04-22 22:00,13.8,0,0,0,961.7,1012,97,,
883,2024-04-22 23:00,13.7,0,.3,0,961.7,1012.1,97.1,,
883,2024-04-23 00:00,13.7,0,.1,0,961.4,1011.7,97.3,,
883,2024-04-23 01:00,13.4,14.7,.5,0,961.2,1011.6,97.6,,
883,2024-04-23 02:00,13.3,0,.1,0,960.7,1011.1,98.3,,
883,2024-04-23 03:00,13.1,0,0,0,960.3,1010.7,95.9,,
883,2024-04-23 04:00,12.3,88.9,2.3,0,959.6,1010.2,98.3,,
883,2024-04-23 05:00,11.5,0,.2,0,959.1,1009.9,98.6,,
883,2024-04-23 06:00,10.4,0,.3,0,959,1010,97.7,,
883,2024-04-23 07:00,10.9,81.6,.6,0,959.3,1010.2,97.6,,
883,2024-04-23 08:00,14.4,0,0,0,959.7,1010,87.2,,
883,2024-04-23 09:00,15.9,209,1.1,0,959.3,1009.2,79.7,,
883,2024-04-23 10:00,16,283,1.9,0,959.6,1009.4,79.6,,
883,2024-04-23 11:00,17.2,276.3,2.1,0,959.4,1008.9,74.9,,
883,2024-04-23 12:00,16.8,276.1,2.4,0,958.8,1008.4,76.5,,
883,2024-04-23 13:00,17.2,254.6,2.5,0,958.2,1007.6,77.5,,
883,2024-04-23 14:00,16.8,269.6,3.3,0,957.9,1007.4,79.6,,
883,2024-04-23 15:00,15.4,265.4,2.8,0,957.6,1007.5,86.2,,
883,2024-04-23 16:00,13.5,245.9,1,.5,957.6,1007.8,97.3,,
883,2024-04-23 17:00,13.3,0,.1,2,957.8,1008,98.5,,
883,2024-04-23 18:00,13.8,0,0,1.5,957.4,1007.5,98.4,,
883,2024-04-23 19:00,13.5,0,.4,0,957.5,1007.7,99.2,,
883,2024-04-23 20:00,13,203.6,1.3,0,957.8,1008.1,99.3,,
883,2024-04-23 21:00,13.2,337,.6,.5,959.2,1009.5,99.3,,
883,2024-04-23 22:00,12.7,321.8,1.9,.5,959,1009.5,99.7,,
883,2024-04-23 23:00,12.7,0,0,0,959.1,1009.6,99.7,,
883,2024-04-24 00:00,13,167.1,3.9,0,957.8,1008.1,99.9,,
883,2024-04-24 01:00,12.8,165.9,2.4,0,957.6,1008,95.9,,
883,2024-04-24 02:00,12.6,67.4,2.6,0,957.7,1008.1,99.6,,
883,2024-04-24 03:00,12.6,0,.3,0,957.6,1008,99.8,,
883,2024-04-24 04:00,12.4,0,.2,0,958,1008.5,99.7,,
883,2024-04-24 05:00,12.1,148.2,.9,0,958.3,1008.9,99.8,,
883,2024-04-24 06:00,12.4,277.6,1.4,0,958.3,1008.8,99.9,,
883,2024-04-24 07:00,12.8,285.3,2.5,0,958.6,1009,99.8,,
883,2024-04-24 08:00,12,315.8,6,0,959.2,1009.8,99.4,,
883,2024-04-24 09:00,12.7,43.9,4,0,959.4,1009.9,89.1,,
883,2024-04-24 10:00,15,28.3,4.9,0,959.4,1009.5,75.4,,
883,2024-04-24 11:00,15.1,38.6,4.7,0,959.6,1009.7,68.8,,
883,2024-04-24 12:00,13.6,306.2,4.7,0,959.4,1009.7,72.2,,
883,2024-04-24 13:00,14.4,11.3,3.9,0,959.3,1009.6,70.7,,
883,2024-04-24 14:00,13,314.2,3.3,0,959.3,1009.7,76.9,,
883,2024-04-24 15:00,12.7,286.5,4.7,0,959.1,1009.6,78.5,,
883,2024-04-24 16:00,12.3,288.4,3.7,0,958.8,1009.3,82.1,,
883,2024-04-24 17:00,11.8,28.1,3.7,0,959.1,1009.8,86.2,,
883,2024-04-24 18:00,11.5,26.4,4.8,0,959,1009.8,87.3,,
883,2024-04-24 19:00,10.1,30.5,3.8,0,959.4,1010.5,93.7,,
883,2024-04-24 20:00,9.2,24.2,3.6,0,959.7,1011.1,93.1,,
883,2024-04-24 21:00,8.3,39,3.1,0,960.1,1011.5,96.1,,
883,2024-04-24 22:00,8,38.6,2.9,0,960.6,1012.1,97.4,,
883,2024-04-24 23:00,9,43.8,2.7,0,961,1012.5,98.4,,
883,2024-04-25 00:00,8.7,51.6,2.9,0,960.9,1012.3,97.5,,
883,2024-04-25 01:00,8.5,40.4,3.4,0,960.5,1011.9,99.1,,
883,2024-04-25 02:00,8.8,38.5,3.2,0,960.5,1011.8,99.2,,
883,2024-04-25 03:00,8.5,43,3.7,0,960.5,1011.9,98.7,,
883,2024-04-25 04:00,8.4,29.6,5.7,0,960.2,1011.6,99,,
883,2024-04-25 05:00,7.3,39.3,3.4,0,960.1,1011.8,96.6,,
883,2024-04-25 06:00,7.9,60.1,3,0,960.4,1011.9,79.6,,
883,2024-04-25 07:00,10.7,34.2,2.4,0,960.8,1011.9,69.3,,
883,2024-04-25 08:00,13.2,46.9,1.8,0,961.1,1011.5,76.2,,
883,2024-04-25 09:00,16.2,27,2.7,0,961.2,1011.1,69.7,,
883,2024-04-25 10:00,17.7,13.2,2.6,0,961.4,1010.8,65.4,,
883,2024-04-25 11:00,18.7,231.6,2.4,0,961.6,1010.8,62.6,,
883,2024-04-25 12:00,18.7,243.8,1.2,0,960.8,1009.9,60.8,,
883,2024-04-25 13:00,19.2,307.9,3.1,0,960.2,1009.6,62.4,,
883,2024-04-25 14:00,18.4,312.5,2.9,0,960.3,1009.5,59.3,,
883,2024-04-25 15:00,18.6,315.1,2.3,0,960.4,1009.5,66.2,,
883,2024-04-25 16:00,19.3,258.2,2.3,0,960.4,1009.8,62.5,,
883,2024-04-25 17:00,19.3,279.7,2.1,0,960,1009.4,55,,
883,2024-04-25 18:00,17.1,213.9,2.4,0,960.4,1010,61.9,,
883,2024-04-25 19:00,14.4,0,0,0,960.4,1010.8,74.8,,
883,2024-04-25 20:00,13.1,101,2.7,0,959.9,1010.3,69.4,,
883,2024-04-25 21:00,13.1,114.3,1.9,0,960.1,1010.5,67.5,,
883,2024-04-25 22:00,14,131.4,2.6,0,960.6,1011.1,60.6,,
883,2024-04-25 23:00,12.2,0,.4,0,960.5,1011.2,72.8,,
883,2024-04-26 00:00,11.7,135.4,.7,0,960.2,1011,68.6,,
883,2024-04-26 01:00,12.3,207.7,2.4,0,960.4,1011,66.1,,
883,2024-04-26 02:00,12.1,0,.1,0,959.8,1010.5,69.2,,
883,2024-04-26 03:00,13.3,178.3,2.1,0,959.6,1009.9,58.2,,
883,2024-04-26 04:00,12.8,149.5,1.9,0,959.6,1010.1,67.7,,
883,2024-04-26 05:00,12.3,189.9,2.3,0,959.5,1010.1,68.8,,
883,2024-04-26 06:00,12.5,210.5,2,0,959.2,1009.7,72,,
883,2024-04-26 07:00,15,150.5,4.3,0,959.2,1009.3,54.8,,
883,2024-04-26 08:00,13.4,171,4,0,959.5,1009.8,79.6,,
883,2024-04-26 09:00,12.9,210.1,3,1,960.6,1011.1,97.3,,
883,2024-04-26 10:00,13.6,176.1,2.3,.5,960.4,1010.7,79,,
883,2024-04-26 11:00,15.8,40.6,2.4,0,960.3,1010.2,79.3,,
883,2024-04-26 12:00,16.9,214.7,2.1,0,959.9,1009.5,62.1,,
883,2024-04-26 13:00,18,219.6,1.9,0,959.6,1008.9,60.3,,
883,2024-04-26 14:00,16.4,320.9,3.4,0,959.1,1008.8,78.7,,
883,2024-04-26 15:00,19.3,19.9,3.1,0,958.3,1007.6,73.5,,
883,2024-04-26 16:00,18.5,39.3,4.3,0,958,1007,68.7,,
883,2024-04-26 17:00,17.7,230.2,2,0,958.2,1007.5,72.5,,
883,2024-04-26 18:00,16.6,225.9,1.3,0,958.3,1007.9,73.5,,
883,2024-04-26 19:00,15,232.8,.8,0,958.7,1008.8,83.7,,
883,2024-04-26 20:00,14.3,0,.2,0,958.9,1009.2,85.6,,
883,2024-04-26 21:00,14.1,77,2.1,0,959.1,1009.5,86.2,,
883,2024-04-26 22:00,14.1,180.7,1.2,0,959.9,1010.3,83.6,,
883,2024-04-26 23:00,14.3,0,.4,0,959.6,1010,80.4,,
883,2024-04-27 00:00,14.5,108.6,2.5,0,959.5,1009.8,69.5,,
883,2024-04-27 01:00,14.3,81.7,2,0,959.6,1010,72.1,,
883,2024-04-27 02:00,14.2,99.1,1.9,0,959.4,1009.8,70.1,,
883,2024-04-27 03:00,14.2,47.6,2.5,0,959.2,1009.6,71.6,,
883,2024-04-27 04:00,14.1,75.3,4.4,0,959.1,1009.5,68.7,,
883,2024-04-27 05:00,14.1,58.3,3.1,0,959.1,1009.5,65.3,,
883,2024-04-27 06:00,14.1,74.5,3.9,0,959.1,1009.5,62,,
883,2024-04-27 07:00,15.2,66.8,2.4,0,959.3,1009.4,60.9,,
883,2024-04-27 08:00,18,268.9,.5,0,960,1009.3,54.8,,
883,2024-04-27 09:00,18.7,30.3,3.4,0,960.3,1009.4,50.6,,
883,2024-04-27 10:00,20.3,29.7,4.3,0,960.5,1009.6,59.9,,
883,2024-04-27 11:00,21,36.3,5.3,0,960.4,1009.3,55.8,,
883,2024-04-27 12:00,22.5,37.3,4.9,0,960.4,1008.9,45.6,,
883,2024-04-27 13:00,24.8,30.3,3.8,0,960.3,1008.6,36.9,,
883,2024-04-27 14:00,20.8,44.1,4.5,0,960.4,1009.4,55.4,,
883,2024-04-27 15:00,22.5,35.9,3.4,0,959.8,1008.3,48.6,,
883,2024-04-27 16:00,22,39.1,3.6,0,959.6,1008.2,50.3,,
883,2024-04-27 17:00,20.8,33.3,5,0,959.7,1008.6,54.1,,
883,2024-04-27 18:00,20.2,28.1,4.2,0,959.7,1008.8,56.2,,
883,2024-04-27 19:00,16.7,38.2,3,0,960,1009.7,66.5,,
883,2024-04-27 20:00,15.3,108.7,2.4,0,960.8,1010.9,61.2,,
883,2024-04-27 21:00,14.8,93.4,1,0,961.7,1012,79.4,,
883,2024-04-27 22:00,13.4,162,2.1,0,962.8,1013.3,88.5,,
883,2024-04-27 23:00,15.9,164.7,3.3,0,963.1,1013.2,79.4,,
883,2024-04-28 00:00,12.8,89.2,2.4,0,962.7,1013.3,86.9,,
883,2024-04-28 01:00,12.6,89.6,3.1,0,962.2,1012.9,76.5,,
883,2024-04-28 02:00,13.9,97.6,3,0,961.6,1011.9,62.6,,
883,2024-04-28 03:00,12.4,105.6,2.1,0,961.7,1012.4,69.9,,
883,2024-04-28 04:00,14,180.8,2.9,0,961.8,1012.4,58.3,,
883,2024-04-28 05:00,14.5,95.3,3.9,0,962,1012.4,61,,
883,2024-04-28 06:00,12.4,124.5,2.2,0,962.4,1013.1,68.7,,
883,2024-04-28 07:00,15.3,93.5,3.6,0,962.4,1012.6,56.7,,
883,2024-04-28 08:00,18.4,0,.3,0,962.5,1011.8,57.1,,
883,2024-04-28 09:00,19.7,248.4,.9,0,962.8,1012.2,51.1,,
883,2024-04-28 10:00,20.2,170.1,6,0,962.9,1012.2,56.1,,
883,2024-04-28 11:00,21.5,183.7,4.6,0,963.4,1012.3,56.4,,
883,2024-04-28 12:00,21.4,178.4,5.6,0,962.9,1011.8,65.1,,
883,2024-04-28 13:00,23.3,202,3.9,0,962.5,1010.9,55.9,,
883,2024-04-28 14:00,23.6,188.4,3.5,0,961.9,1010.2,59.3,,
883,2024-04-28 15:00,21.6,166.4,3.5,0,961.7,1010.5,67.6,,
883,2024-04-28 16:00,21.5,192,2.4,0,961.4,1010.2,73.4,,
883,2024-04-28 17:00,20.3,231.2,2,0,961.2,1010.4,79.5,,
883,2024-04-28 18:00,18.6,157.7,3.2,0,960.9,1010.1,87.7,,
883,2024-04-28 19:00,18.7,152.1,3.6,0,960.7,1009.8,88.5,,
883,2024-04-28 20:00,19.5,116.1,5.7,0,960.5,1009.8,84.6,,
883,2024-04-28 21:00,19.1,223.4,.8,0,960.6,1010.1,85.9,,
883,2024-04-28 22:00,16.8,37.3,2.2,1.5,960.2,1009.8,94.1,,
883,2024-04-28 23:00,17.9,92.1,3.3,6,959.4,1008.7,96.2,,
883,2024-04-29 00:00,18.4,150.8,7.1,2.5,958.6,1007.7,95.3,,
883,2024-04-29 01:00,18.7,154.1,7.5,1,957.7,1006.7,96.1,,
883,2024-04-29 02:00,18.9,160.3,6.4,1.5,956.7,1005.6,96.1,,
883,2024-04-29 03:00,19,147.8,5.9,10.5,956,1005.3,98.2,,
883,2024-04-29 04:00,19,177.2,4,3,956.1,1005.4,97.6,,
883,2024-04-29 05:00,18.5,200.4,1.5,7,956.4,1005.4,98.8,,
883,2024-04-29 06:00,18.6,122,7.2,19.5,955.5,1004.4,90.6,,
883,2024-04-29 07:00,19.1,162.2,3.6,3.5,955.1,1004.3,92.4,,
883,2024-04-29 08:00,18.4,222.5,1.5,0,955.6,1004.5,98.6,,
883,2024-04-29 09:00,18.5,183,2,0,955.7,1004.6,99.5,,
883,2024-04-29 10:00,20.9,152.5,4.4,0,955.4,1004.1,89.9,,
883,2024-04-29 11:00,22.5,167.3,4.2,0,954.9,1003.1,86.8,,
883,2024-04-29 12:00,20.9,181.2,2.7,0,954.9,1003.6,91.2,,
883,2024-04-29 13:00,18.1,20.2,2.9,0,954.4,1003.4,97.9,,
883,2024-04-29 14:00,18.3,353.6,1.6,0,953.9,1002.8,99.4,,
883,2024-04-29 15:00,17.9,218.9,2.2,0,953.3,1002.3,99.6,,
883,2024-04-29 16:00,17.9,231.2,1.1,0,952.8,1001.7,99.7,,
883,2024-04-29 17:00,17.6,30.8,2.1,0,953.1,1002.1,99.8,,
883,2024-04-29 18:00,18.1,0,.2,0,953.2,1002.1,99.7,,
883,2024-04-29 19:00,17.5,296.6,1.8,0,953.8,1002.9,99.6,,
883,2024-04-29 20:00,17.5,117.3,3.2,0,954,1003.1,99.6,,
883,2024-04-29 21:00,16.5,132.9,2.3,0,954.8,1004.3,95.4,,
883,2024-04-29 22:00,14.5,85.2,4.6,.5,955.7,1005.8,96.4,,
883,2024-04-29 23:00,14.5,95.5,4.5,0,955.9,1006,92.7,,
883,2024-04-30 00:00,15.3,108.5,3.3,0,956,1005.9,92.4,,
883,2024-04-30 01:00,13.1,50.4,5.8,0,955.7,1005.9,99.3,,
883,2024-04-30 02:00,13,33.6,2.7,0,955,1005.2,96.6,,
883,2024-04-30 03:00,13.3,31,4.5,0,955.3,1005.4,99.1,,
883,2024-04-30 04:00,14.7,66.5,4.2,0,955.7,1005.7,90.8,,
883,2024-04-30 05:00,13.9,25.3,3.7,0,956.1,1006.1,95.3,,
883,2024-04-30 06:00,13.2,29,5.4,0,956,1006.2,98.3,,
883,2024-04-30 07:00,13.6,41.6,3.4,0,955.9,1006,99.7,,
883,2024-04-30 08:00,14.2,26.4,4.1,0,956.6,1006.8,99.9,,
883,2024-04-30 09:00,13.6,33.2,4.5,.5,957.2,1007.3,99.8,,
883,2024-04-30 10:00,15.6,38.4,3.5,0,957.5,1007.4,97,,
883,2024-04-30 11:00,16.2,26.9,3.3,0,957.8,1007.5,89.9,,
883,2024-04-30 12:00,16.8,32.9,5,0,957.2,1006.7,86.3,,
883,2024-04-30 13:00,16.8,22.9,6.5,0,956.2,1005.6,84.7,,
883,2024-04-30 14:00,16.6,27.4,5.1,0,956.2,1005.7,83.4,,
883,2024-04-30 15:00,17,26.3,4.7,0,955.7,1005.1,84.6,,
883,2024-04-30 16:00,15.1,28.1,4.3,0,955.8,1005.7,89.6,,
883,2024-04-30 17:00,13.7,22,4,0,955.9,1005.9,92.3,,
883,2024-04-30 18:00,12.4,23.8,4.4,0,957.1,1007.5,96.9,,
883,2024-04-30 19:00,11.9,20.1,4.3,0,957.3,1007.9,97.8,,
883,2024-04-30 20:00,11.5,30.4,3.8,0,957.5,1008.2,97.5,,
883,2024-04-30 21:00,11.4,25.6,3.9,0,957.8,1008.5,99.7,,
883,2024-04-30 22:00,11.2,37.7,3,0,957.8,1008.6,99.7,,
883,2024-04-30 23:00,11,30.7,3.1,0,957.5,1008.3,99.9,,
883,2024-05-01 00:00,10.8,31.3,3.3,0,956.8,1007.6,99.8,,
883,2024-05-01 01:00,10.4,34.2,4.2,0,957,1007.9,99.8,,
883,2024-05-01 02:00,10.6,48.4,2.7,0,957.3,1008.2,98,,
883,2024-05-01 03:00,10.2,37.1,3.3,0,957.2,1008.2,99.8,,
883,2024-05-01 04:00,10.7,68.5,4.2,0,957.4,1008.3,97.1,,
883,2024-05-01 05:00,10.3,34.9,3.6,0,956.7,1007.6,89.5,,
883,2024-05-01 06:00,10.1,54.8,2.5,0,956.3,1007.3,97.5,,
883,2024-05-01 07:00,10.9,37.4,2.2,0,957.1,1007.9,94.6,,
883,2024-05-01 08:00,15.1,133.3,2,0,957.8,1007.8,78.6,,
883,2024-05-01 09:00,15.2,245.3,1.5,0,958,1008,87.7,,
883,2024-05-01 10:00,14.8,315.2,2.2,0,958.8,1009,86.4,,
883,2024-05-01 11:00,14,298.4,.7,0,959.3,1009.7,94.7,,
883,2024-05-01 12:00,16.7,240.5,2.2,0,959.5,1009.1,82.1,,
883,2024-05-01 13:00,16.5,290.9,1.1,0,959.2,1008.9,82,,
883,2024-05-01 14:00,15.8,302.9,1.8,0,959.1,1009,82.8,,
883,2024-05-01 15:00,16.5,297.6,2.3,0,959.1,1008.8,81.5,,
883,2024-05-01 16:00,17.1,305.7,2.4,0,959.3,1008.8,72.2,,
883,2024-05-01 17:00,15.9,245.4,2.5,0,960.2,1010.1,84.2,,
883,2024-05-01 18:00,15.8,286.9,1.9,0,961,1011,77.4,,
883,2024-05-01 19:00,13.7,311.4,1.9,0,961.9,1012.3,86.2,,
883,2024-05-01 20:00,11.9,331.3,2,0,962.4,1013.2,92.5,,
883,2024-05-01 21:00,11,134.8,1.4,0,963.2,1014.3,94.5,,
883,2024-05-01 22:00,11.4,166.4,2.7,0,964.1,1015.2,94,,
883,2024-05-01 23:00,10.3,97.6,1.4,0,964.3,1015.7,94.8,,
883,2024-05-02 00:00,9.3,100.3,1.5,0,963.7,1015.3,96.7,,
883,2024-05-02 01:00,9.9,153.7,2.2,0,963.7,1015.1,97.8,,
883,2024-05-02 02:00,10.1,101.4,1.5,0,964.2,1015.6,95.4,,
883,2024-05-02 03:00,9.2,77.5,1.2,0,964.1,1015.7,95.4,,
883,2024-05-02 04:00,9.1,85.9,1.3,0,964.5,1016.2,95,,
883,2024-05-02 05:00,8.3,121.1,2,0,964.9,1016.6,91.6,,
883,2024-05-02 06:00,8.2,142.8,2,0,965.3,1017,94.8,,
883,2024-05-02 07:00,12.2,107.1,1.7,0,966.2,1017.2,80.3,,
883,2024-05-02 08:00,13.2,0,.3,0,966.7,1017.4,70.5,,
883,2024-05-02 09:00,15.2,223.5,2.3,0,966.7,1017.2,58.5,,
883,2024-05-02 10:00,18.1,86.9,2.2,0,966.8,1016.4,42,,
883,2024-05-02 11:00,18.1,283.1,1.4,0,967.1,1016.7,53.9,,
883,2024-05-02 12:00,19.2,37.3,4.9,0,966.8,1016.6,55.2,,
883,2024-05-02 13:00,19.2,63.2,6.8,0,966,1015.7,40.6,,
883,2024-05-02 14:00,19.2,52.8,6.2,0,966.2,1015.9,42.7,,
883,2024-05-02 15:00,18.1,37.6,6.1,0,966.4,1016,48.3,,
883,2024-05-02 16:00,17.2,39.6,5.9,0,966.1,1015.9,55.4,,
883,2024-05-02 17:00,14.9,29.3,5.3,0,966.8,1017.4,71.7,,
883,2024-05-02 18:00,14,35.6,4.4,0,966.9,1017.7,73.4,,
883,2024-05-02 19:00,12.8,43.9,4.1,0,966.9,1017.8,76.1,,
883,2024-05-02 20:00,12.1,75.6,3.6,0,967.2,1018.2,85.6,,
883,2024-05-02 21:00,12.9,85.1,2.8,0,967.8,1018.7,84,,
883,2024-05-02 22:00,11.2,72.7,1,0,968.1,1019.4,90.2,,
883,2024-05-02 23:00,11.1,83.6,3.2,0,967.7,1019,90.3,,
883,2024-05-03 00:00,11.2,93.6,2.5,0,967.5,1018.8,88.6,,
883,2024-05-03 01:00,11.7,52.5,1.7,0,967,1018.1,88,,
883,2024-05-03 02:00,11.2,24.7,3.1,0,966.9,1018.2,91.5,,
883,2024-05-03 03:00,10.4,56.4,1.5,0,966.7,1018.2,92,,
883,2024-05-03 04:00,10.6,71.7,2.3,0,966.8,1018.2,79,,
883,2024-05-03 05:00,11,111.6,3.9,0,966.8,1018.1,82.7,,
883,2024-05-03 06:00,11.5,98.8,4.1,0,967,1018.2,86.1,,
883,2024-05-03 07:00,13.5,52.2,3.8,0,967.5,1018.2,82.3,,
883,2024-05-03 08:00,15.2,39.8,4.3,0,967.9,1018.4,72.6,,
883,2024-05-03 09:00,17.5,24,5.5,0,967.8,1017.6,73.7,,
883,2024-05-03 10:00,18.5,31.7,5.8,0,967.6,1017.1,72.7,,
883,2024-05-03 11:00,19.9,37.9,5.9,0,967.3,1016.9,58.6,,
883,2024-05-03 12:00,19.4,217.9,2.6,0,967,1016.7,70.8,,
883,2024-05-03 13:00,18.8,215.1,1.9,0,966.7,1016.1,70.8,,
883,2024-05-03 14:00,18.8,269,1.9,0,966.5,1015.9,70.4,,
883,2024-05-03 15:00,20.7,275.4,2.8,0,965.7,1015,62.7,,
883,2024-05-03 16:00,20.3,254.4,3.1,0,965.5,1014.9,70.4,,
883,2024-05-03 17:00,18.6,245,2.1,0,965.2,1014.6,73,,
883,2024-05-03 18:00,17.7,270.3,1.3,0,965.4,1015,76.7,,
883,2024-05-03 19:00,14.7,271.6,1.6,0,965.9,1016.5,84.9,,
883,2024-05-03 20:00,11.6,128.8,1.1,0,966.2,1017.3,86.3,,
883,2024-05-03 21:00,11.2,129.4,1,0,966.7,1017.9,90.1,,
883,2024-05-03 22:00,13.9,147.6,5.8,0,966.6,1017.2,77.7,,
883,2024-05-03 23:00,13.7,143.9,4.7,0,966.7,1017.3,74.5,,
883,2024-05-04 00:00,14.3,131.4,3.1,0,966.1,1016.8,62.4,,
883,2024-05-04 01:00,15,150.1,3.5,0,966.1,1016.6,81.5,,
883,2024-05-04 02:00,13.8,54.1,1,0,965.7,1016.2,84.9,,
883,2024-05-04 03:00,13.1,101,.6,0,965.4,1016.1,88.3,,
883,2024-05-04 04:00,15.9,191,1.9,0,965.2,1015.4,90.6,,
883,2024-05-04 05:00,17,151.5,3.3,0,965.1,1014.9,81.6,,
883,2024-05-04 06:00,17.3,132.5,5.6,0,965.3,1015.1,75.4,,
883,2024-05-04 07:00,17.8,123,6.5,0,965.2,1014.8,76.5,,
883,2024-05-04 08:00,18.9,132.3,7.2,0,965.5,1014.8,72.6,,
883,2024-05-04 09:00,20.2,137.1,6.4,0,965.3,1014.7,62.5,,
883,2024-05-04 10:00,21.2,130.1,7.2,0,965.7,1014.8,62.4,,
883,2024-05-04 11:00,22.9,120.8,6.9,0,965.1,1013.7,57.4,,
883,2024-05-04 12:00,22.5,142.9,7.8,0,965,1013.7,64.3,,
883,2024-05-04 13:00,22.1,143,6.6,0,964.6,1013.4,62.7,,
883,2024-05-04 14:00,21,145.6,7.9,0,963.7,1012.8,71,,
883,2024-05-04 15:00,19.4,155,8.4,0,963.4,1012.9,81.7,,
883,2024-05-04 16:00,18.4,166.7,8.3,0,963.4,1012.7,91.7,,
883,2024-05-04 17:00,18.3,167.4,7.6,0,963,1012.3,93.1,,
883,2024-05-04 18:00,18.4,169.4,9,0,963,1012.3,93.8,,
883,2024-05-04 19:00,18.7,176.5,8.4,0,963.2,1012.4,95.8,,
883,2024-05-04 20:00,18.4,177.9,8.2,1,963.3,1012.6,98.4,,
883,2024-05-04 21:00,18.3,179.7,8.1,0,963.2,1012.6,98.7,,
883,2024-05-04 22:00,18.5,176.7,9.1,0,963.4,1012.7,99.3,,
883,2024-05-04 23:00,18.5,186.8,8.7,0,963.7,1013,99.5,,
883,2024-05-05 00:00,18.6,181.9,8.9,0,963.4,1012.7,99.7,,
883,2024-05-05 01:00,18.6,176.2,7.5,1,962.9,1012.2,99.7,,
883,2024-05-05 02:00,18.4,177.3,6.8,2.5,962.5,1011.8,99.8,,
883,2024-05-05 03:00,18.2,175.3,7.5,3.5,961.9,1011.2,100,,
883,2024-05-05 04:00,18.2,168.8,7.7,7.5,961.6,1010.9,99.8,,
883,2024-05-05 05:00,18,165.2,9.4,9.5,961.1,1010.4,99.8,,
883,2024-05-05 06:00,18.1,172,9.9,14,960.9,1010.2,98.5,,
883,2024-05-05 07:00,17.9,177.6,8.4,12,961.2,1010.6,98.6,,
883,2024-05-05 08:00,18.1,174,9.6,14,961.3,1010.6,98.8,,
883,2024-05-05 09:00,18.1,175.6,9.6,17,961.3,1010.6,98.7,,
883,2024-05-05 10:00,18.1,180.5,10.1,18,961,1010.3,98.2,,
883,2024-05-05 11:00,18.1,186.3,8.9,13.5,960.8,1010.1,99.3,,
883,2024-05-05 12:00,18.3,184.4,8.8,6.5,960.7,1009.9,99.8,,
883,2024-05-05 13:00,18.4,191.7,8.1,11,960.2,1009.4,99.8,,
883,2024-05-05 14:00,18.2,191.5,7.3,,960,1009.2,99.7,,
883,2024-05-05 15:00,18.2,184.9,9.3,,958.8,1008,99.9,,
883,2024-05-05 16:00,18.2,180.8,8.7,,958.1,1007.2,99.9,,
883,2024-05-05 17:00,18.1,185.1,7.6,,958.2,1007.4,100,,
883,2024-05-05 18:00,18.2,181.2,8.6,,957.7,1006.8,100,,
883,2024-05-05 19:00,18.1,183.1,6,,957.9,1007,100,,
883,2024-05-05 20:00,18.6,188.4,8.1,,958.2,1007.2,99.9,,
883,2024-05-05 21:00,17.6,208.7,5.5,,958.7,1008,100,,
883,2024-05-05 22:00,17,217.1,4.4,,958.9,1008.4,99.9,,
883,2024-05-05 23:00,16.3,209,3.3,,958.7,1008.4,99.8,,
883,2024-05-06 00:00,15.4,258.6,1.7,,959,1009,99.9,,
883,2024-05-06 01:00,15.4,0,0,,958.9,1008.9,99.9,,
883,2024-05-06 02:00,13.9,285,2.7,,959.1,1009.3,99.9,,
883,2024-05-06 03:00,13.4,25.2,2.7,,959,1009.3,100,,
883,2024-05-06 04:00,13.3,25.6,2.4,,959,1009.3,99.8,,
883,2024-05-06 05:00,12.9,37.4,3.1,,959.1,1009.5,99,,
883,2024-05-06 06:00,12.5,31,4.2,,959.2,1009.7,99.7,,
883,2024-05-06 07:00,13.5,49.5,2.8,,959.5,1009.8,96.1,,
883,2024-05-06 08:00,14.4,26.3,1.6,,960.3,1010.7,92.3,,
883,2024-05-06 09:00,16.1,24.8,3.3,0,960.5,1010.4,86.5,,
883,2024-05-06 10:00,14.4,28.9,4.1,0,960.7,1011.1,90.8,,
883,2024-05-06 11:00,17,28.1,4.3,0,961,1010.6,80.6,,
883,2024-05-06 12:00,16.7,321.2,3.1,0,961.7,1011.4,77,,
883,2024-05-06 13:00,16.6,320.1,3.8,0,961.2,1011,72.4,,
883,2024-05-06 14:00,17.5,298.7,2.9,0,960.9,1010.4,70.5,,
883,2024-05-06 15:00,17.4,248.7,1.9,0,960.5,1010,75,,
883,2024-05-06 16:00,16.1,236.1,2.8,0,960.5,1010.4,82.5,,
883,2024-05-06 17:00,15.2,223.5,2.7,0,960.6,1010.7,84.4,,
883,2024-05-06 18:00,14.1,218.3,1.6,0,960.6,1011.1,90.9,,
883,2024-05-06 19:00,13.4,242.9,2.2,0,961.1,1011.5,96.5,,
883,2024-05-06 20:00,13.1,280.5,2.9,0,961.4,1011.9,99.3,,
883,2024-05-06 21:00,13.3,267,2.7,0,961.8,1012.3,99.3,,
883,2024-05-06 22:00,13.3,268.6,2.5,0,961.9,1012.4,99.6,,
883,2024-05-06 23:00,13.1,283.1,3.3,0,961.8,1012.3,99.9,,
883,2024-05-07 00:00,12.9,279.6,3.3,0,961.8,1012.4,99.8,,
883,2024-05-07 01:00,12.7,311.7,4.5,0,961.8,1012.4,99.8,,
883,2024-05-07 02:00,12,317.4,2.7,0,961.8,1012.6,98.7,,
883,2024-05-07 03:00,11.9,303.1,3.1,0,961.8,1012.6,98.3,,
883,2024-05-07 04:00,11.9,296.6,3.6,0,961.6,1012.4,98.4,,
883,2024-05-07 05:00,12,296.9,3.4,0,961.7,1012.5,98,,
883,2024-05-07 06:00,12.1,289.9,1.3,0,962,1012.8,98.2,,
883,2024-05-07 07:00,12.3,286.3,2.5,0,962.3,1013,97.8,,
883,2024-05-07 08:00,13.4,317.1,5.2,0,962.8,1013.3,90.2,,
883,2024-05-07 09:00,14.1,309.8,5.8,0,963.1,1013.7,89.1,,
883,2024-05-07 10:00,15.6,340.2,4.1,0,963.1,1013.2,73,,
883,2024-05-07 11:00,15.7,320.8,6.5,0,963.1,1013.2,75.2,,
883,2024-05-07 12:00,15.9,318.4,5.9,0,963.1,1013.2,78.9,,
883,2024-05-07 13:00,16.5,320,6.1,0,962.9,1012.8,78.1,,
883,2024-05-07 14:00,15.4,308,5.2,0,962.8,1013,83.5,,
883,2024-05-07 15:00,16.6,356.5,3.7,0,962.5,1012.3,76.4,,
883,2024-05-07 16:00,16.2,21.7,3.8,0,962.2,1012.1,75,,
883,2024-05-07 17:00,14.9,28.5,5.6,0,961.8,1012.1,78.7,,
883,2024-05-07 18:00,14.5,13.7,4.2,0,961.9,1012.3,84.6,,
883,2024-05-07 19:00,12.8,24,4.1,0,962.1,1012.7,89.2,,
883,2024-05-07 20:00,12,21,3.4,0,962.4,1013.2,95.4,,
883,2024-05-07 21:00,12.2,36.8,4.2,0,962.8,1013.6,93.1,,
883,2024-05-07 22:00,11.9,29.3,4.2,0,963.1,1014,94.5,,
883,2024-05-07 23:00,11.6,21.1,4.5,0,963.1,1014.1,95.1,,
883,2024-05-08 00:00,11.5,32.4,3,0,962.7,1013.7,97.7,,
883,2024-05-08 01:00,11.1,330.3,3.4,0,962.4,1013.4,97.1,,
883,2024-05-08 02:00,10.9,23.1,3.4,0,961.9,1013,98.1,,
883,2024-05-08 03:00,10.6,20.7,3.3,0,961.8,1012.9,97.2,,
883,2024-05-08 04:00,10.8,6.7,2.8,.5,961.9,1013,99.6,,
883,2024-05-08 05:00,10.8,27.3,3.8,0,961.8,1012.9,99.2,,
883,2024-05-08 06:00,10.6,28.5,2.9,.5,961.9,1013,99.8,,
883,2024-05-08 07:00,11,356.9,2.1,.5,962,1013,99.6,,
883,2024-05-08 08:00,12.7,0,.2,0,962.8,1013.5,93.2,,
883,2024-05-08 09:00,13,99.6,1.3,0,963.3,1013.9,94.7,,
883,2024-05-08 10:00,14.3,53.8,4.4,.5,963.6,1014.2,88.5,,
883,2024-05-08 11:00,15.7,73.3,7.6,0,964,1014.2,76.7,,
883,2024-05-08 12:00,14.1,100,7.7,0,964.3,1015,77.2,,
883,2024-05-08 13:00,13.9,67.8,9.7,0,964.4,1014.8,73.2,,
883,2024-05-08 14:00,12.7,58.7,6.3,0,965.4,1016.2,85.7,,
883,2024-05-08 15:00,12,53.1,5.3,0,965.7,1016.7,87.1,,
883,2024-05-08 16:00,14.1,54,6,0,965.7,1016.4,75.1,,
883,2024-05-08 17:00,14.4,48.3,6,0,965.6,1016.2,71.2,,
883,2024-05-08 18:00,13.3,47.6,4.8,0,965.8,1016.5,65.7,,
883,2024-05-08 19:00,11.8,39,2.6,0,966.2,1017.3,76.3,,
883,2024-05-08 20:00,10.1,65.9,2.4,0,966.7,1018.2,83.7,,
883,2024-05-08 21:00,9.4,113.3,2.6,0,967.4,1019.1,85.7,,
883,2024-05-08 22:00,8.7,108.4,3.1,0,967.9,1019.6,86.2,,
883,2024-05-08 23:00,8.7,114.9,3.8,0,967.9,1019.6,84.9,,
883,2024-05-09 00:00,8.6,110.3,3.6,0,967.8,1019.5,88.6,,
883,2024-05-09 01:00,7.9,61,.7,0,968,1019.9,90.2,,
883,2024-05-09 02:00,7.6,96.9,2.6,0,968,1020,92.2,,
883,2024-05-09 03:00,6.7,96.2,2.4,0,968,1020.2,95.2,,
883,2024-05-09 04:00,7.9,67.1,2.4,0,967.9,1019.8,94.3,,
883,2024-05-09 05:00,8.8,69.7,1.8,0,967.9,1019.6,96.3,,
883,2024-05-09 06:00,8.8,98.3,3.4,0,968.2,1019.9,94,,
883,2024-05-09 07:00,11.2,92.8,2.7,0,968.6,1019.9,83.2,,
883,2024-05-09 08:00,13.9,38.5,4,0,969,1019.7,79.4,,
883,2024-05-09 09:00,15.9,43.7,4.8,0,969.4,1019.8,56.4,,
883,2024-05-09 10:00,16.3,29.2,3.9,0,969.6,1019.9,64.5,,
883,2024-05-09 11:00,18.3,27.4,4.2,0,969.6,1019.3,58.5,,
883,2024-05-09 12:00,18.6,18.5,3.5,0,969.3,1018.9,52.7,,
883,2024-05-09 13:00,19.5,8.4,3.3,0,969.3,1019.1,61.4,,
883,2024-05-09 14:00,17.9,328.8,3,0,968.7,1018.5,50.1,,
883,2024-05-09 15:00,17.8,297.1,3.5,0,968.2,1018,52,,
883,2024-05-09 16:00,17.1,309.5,3.2,0,968.3,1018.3,51.1,,
883,2024-05-09 17:00,16.3,288,2.8,0,968.3,1018.5,56.7,,
883,2024-05-09 18:00,15.8,19.4,2.7,0,968.4,1018.8,62.8,,
883,2024-05-09 19:00,13.5,10.6,2.6,0,968.2,1018.9,72,,
883,2024-05-09 20:00,11.1,80.5,2.6,0,968.7,1020.1,80.8,,
883,2024-05-09 21:00,9.4,73.8,2,0,969.2,1021,69.7,,
883,2024-05-09 22:00,9.1,91.4,1.8,0,969.5,1021.4,64.6,,
883,2024-05-09 23:00,9.1,97.7,2.2,0,969.3,1021.2,64.4,,
883,2024-05-10 00:00,8.8,88.3,2.2,0,969,1020.8,63.5,,
883,2024-05-10 01:00,8.8,72.7,2.1,0,968.7,1020.4,61,,
883,2024-05-10 02:00,9.5,185.1,1.3,0,968.8,1020.6,60.4,,
883,2024-05-10 03:00,9.2,123.3,2.7,0,968.3,1020.1,55.1,,
883,2024-05-10 04:00,11.5,164.8,2.8,0,968.1,1019.3,39.8,,
883,2024-05-10 05:00,13.1,163.1,3,0,967.9,1018.7,30.1,,
883,2024-05-10 06:00,13.7,156.5,3.3,0,968,1018.7,29.1,,
883,2024-05-10 07:00,15.6,162.3,3.8,0,968.4,1018.8,31.3,,
883,2024-05-10 08:00,17.5,188,2.2,0,968.8,1018.7,35.7,,
883,2024-05-10 09:00,18.4,185.8,4.8,0,969.1,1018.7,27.2,,
883,2024-05-10 10:00,19.5,195.7,3.6,0,969.5,1019.3,38.3,,
883,2024-05-10 11:00,19.7,188,4.7,0,969.7,1019.5,36.8,,
883,2024-05-10 12:00,20.2,192.5,4.4,0,969.3,1018.9,38,,
883,2024-05-10 13:00,19.7,189.3,4.8,0,969.2,1018.9,38.7,,
883,2024-05-10 14:00,19.5,193.8,4.5,0,968.8,1018.6,44.4,,
883,2024-05-10 15:00,18.9,195,4.7,0,968.3,1017.7,55.6,,
883,2024-05-10 16:00,18.9,178.1,4.4,0,967.6,1017,64.6,,
883,2024-05-10 17:00,18.2,183.3,4.7,0,966.8,1016.4,68.4,,
883,2024-05-10 18:00,16.6,174.3,5.8,0,966.8,1016.8,72.4,,
883,2024-05-10 19:00,15,172.8,5.7,0,966.6,1017.1,81.2,,
883,2024-05-10 20:00,14.1,167.5,5.6,0,966.8,1017.6,81.3,,
883,2024-05-10 21:00,14.5,168.2,9.3,0,966.8,1017.5,76.4,,
883,2024-05-10 22:00,15.1,175.3,8.1,0,967.1,1017.6,71.8,,
883,2024-05-10 23:00,14.9,172.5,7.7,0,967.3,1017.9,76,,
883,2024-05-11 00:00,14.9,175.7,7,0,967,1017.6,79.9,,
883,2024-05-11 01:00,15.5,177.1,7.7,0,966.6,1017,83,,
883,2024-05-11 02:00,15.8,176.3,7.3,0,966,1016.2,87.1,,
883,2024-05-11 03:00,16,178.5,6.5,0,965.7,1015.9,88.2,,
883,2024-05-11 04:00,16.2,176.8,7,0,965.4,1015.5,87.6,,
883,2024-05-11 05:00,16.1,169.6,7.1,0,965.3,1015.4,87.7,,
883,2024-05-11 06:00,16.5,177.9,6.2,0,965.4,1015.4,85.9,,
883,2024-05-11 07:00,17,180.6,7.2,0,965.2,1015,84.9,,
883,2024-05-11 08:00,17.7,193.3,6,0,965.4,1015,86.5,,
883,2024-05-11 09:00,18,188.4,6.3,0,965.3,1014.9,89.5,,
883,2024-05-11 10:00,17.7,187,6.5,0,964.8,1014.4,92,,
883,2024-05-11 11:00,18.4,199.4,6.2,0,964.7,1014.1,90.3,,
883,2024-05-11 12:00,18.3,199.1,6,0,964.5,1013.9,83.2,,
883,2024-05-11 13:00,19.7,196.6,6.5,0,964,1013.5,79.2,,
883,2024-05-11 14:00,18,194.8,6,0,963.5,1013,84.8,,
883,2024-05-11 15:00,17.4,201.4,5.8,0,963.1,1012.7,91.8,,
883,2024-05-11 16:00,16.9,186.1,5.7,0,962.3,1012,89.9,,
883,2024-05-11 17:00,16.1,185.1,6.2,2,961.9,1011.8,96.7,,
883,2024-05-11 18:00,15.9,183,5.6,3.5,961.1,1011.1,98.6,,
883,2024-05-11 19:00,15.9,173.9,5.3,7.5,961.1,1011.1,98.9,,
883,2024-05-11 20:00,16,176.4,5.8,10,961.1,1011,99,,
883,2024-05-11 21:00,15.9,172.8,5.9,11.5,961.3,1011.3,98.8,,
883,2024-05-11 22:00,16,175,6,11,961.4,1011.3,99,,
883,2024-05-11 23:00,15.9,186.2,5.5,8,961.5,1011.5,99.2,,
883,2024-05-12 00:00,16.2,202.8,4.3,4,961.3,1011.2,99.5,,
883,2024-05-12 01:00,16.6,211,3.7,2.5,960.6,1010.3,99.6,,
883,2024-05-12 02:00,16.5,223.2,3,9,960.1,1009.8,99.6,,
883,2024-05-12 03:00,15.9,253.6,2.1,3.5,960,1009.9,99.8,,
883,2024-05-12 04:00,15.1,14,2.6,.5,959.7,1009.8,99.7,,
883,2024-05-12 05:00,14.8,65.3,3.8,.5,959.4,1009.6,99.7,,
883,2024-05-12 06:00,15,33.7,5.2,.5,959.1,1009.2,99.7,,
883,2024-05-12 07:00,13.7,30.7,7.1,0,959.3,1009.5,99.6,,
883,2024-05-12 08:00,12.9,47.3,4.8,0,960.1,1010.6,98.3,,
883,2024-05-12 09:00,12.9,53.6,4.9,0,960.1,1010.6,79.2,,
883,2024-05-12 10:00,12.7,43.8,5.4,0,959.9,1010.4,68.4,,
883,2024-05-12 11:00,14.5,49.6,5.6,0,960.2,1010.5,58.2,,
883,2024-05-12 12:00,15.5,44.1,6.4,0,960.1,1010.1,50.5,,
883,2024-05-12 13:00,15.3,49.4,6.3,0,959.9,1010,47.3,,
883,2024-05-12 14:00,15.2,45,6.2,0,959.8,1009.9,50.5,,
883,2024-05-12 15:00,15,29.4,7.1,0,960,1010.2,58.3,,
883,2024-05-12 16:00,14.9,30.6,7.9,0,960,1010.2,58.8,,
883,2024-05-12 17:00,13.8,35.5,6.9,0,960,1010.2,60.8,,
883,2024-05-12 18:00,14.3,38.5,7,0,960,1010.4,55,,
883,2024-05-12 19:00,13,36.9,7,0,960,1010.4,64.3,,
883,2024-05-12 20:00,12.4,38.8,6.6,0,960.4,1011,70.5,,
883,2024-05-12 21:00,11.7,42.1,6.4,0,960.6,1011.4,75.5,,
883,2024-05-12 22:00,11.3,38.7,7.2,0,960.9,1011.8,76.5,,
883,2024-05-12 23:00,11.1,44.7,6.2,0,961.3,1012.3,72.1,,
883,2024-05-13 00:00,11.4,50.3,6.5,0,961.3,1012.2,65.5,,
883,2024-05-13 01:00,11.2,47.1,6.4,0,961.2,1012.2,66.5,,
883,2024-05-13 02:00,12,53.4,7.2,0,961.2,1012,60.7,,
883,2024-05-13 03:00,12.4,60.9,7.4,0,961.2,1011.9,56.9,,
883,2024-05-13 04:00,11.5,56.1,5.2,0,961.3,1012.2,60,,
883,2024-05-13 05:00,10.4,54.7,4.6,0,961.5,1012.7,68,,
883,2024-05-13 06:00,10.8,45.7,4.2,0,962,1013.1,63.2,,
883,2024-05-13 07:00,13.6,38.2,4.9,0,962.5,1012.9,58.9,,
883,2024-05-13 08:00,15.4,25.6,7.1,0,962.8,1013,62.3,,
883,2024-05-13 09:00,17,44.8,4.8,0,963.4,1013.1,56.4,,
883,2024-05-13 10:00,19,35.1,6,0,963.5,1013.2,54.7,,
883,2024-05-13 11:00,19.2,30.4,6.2,0,964.2,1013.8,55.3,,
883,2024-05-13 12:00,19.7,34.1,6,0,964.2,1013.7,56.5,,
883,2024-05-13 13:00,20,27.5,6.2,0,963.9,1013.3,60.1,,
883,2024-05-13 14:00,21.2,45.9,5.6,0,963.6,1012.6,60.4,,
883,2024-05-13 15:00,20.5,29.9,6.6,0,963.7,1012.9,59.8,,
883,2024-05-13 16:00,20.5,36.8,5.1,0,963.6,1012.8,57.9,,
883,2024-05-13 17:00,19,31.2,3.1,0,964,1013.7,66.7,,
883,2024-05-13 18:00,17.9,6.7,2.7,0,963.9,1013.4,71.4,,
883,2024-05-13 19:00,14.8,22.7,3.1,0,964.4,1014.9,79.4,,
883,2024-05-13 20:00,12.7,76.2,3.6,0,964.8,1015.6,81,,
883,2024-05-13 21:00,12.6,76.7,4.3,0,965,1015.8,66.5,,
883,2024-05-13 22:00,12,98.7,4.9,0,965.2,1016.2,63.9,,
883,2024-05-13 23:00,11.2,94.2,5.2,0,965.4,1016.6,60.9,,
883,2024-05-14 00:00,11.2,90.8,4.7,0,965.3,1016.5,59,,
883,2024-05-14 01:00,10.9,97,4.6,0,965.1,1016.3,60.8,,
883,2024-05-14 02:00,11.9,100.7,4.7,0,964.9,1015.9,58.9,,
883,2024-05-14 03:00,11.8,97.3,4.5,0,964.6,1015.6,61,,
883,2024-05-14 04:00,12.2,103.8,5,0,964.4,1015.3,59,,
883,2024-05-14 05:00,10.8,106,3.8,0,964.6,1015.8,60,,
883,2024-05-14 06:00,12,105.1,4.2,0,965.2,1016.2,62.2,,
883,2024-05-14 07:00,14.3,82,1.9,0,965.8,1016.5,57.1,,
883,2024-05-14 08:00,18.2,66.8,2.1,0,966.2,1015.7,47.9,,
883,2024-05-14 09:00,20.1,38.7,1.7,0,966.3,1015.8,51.1,,
883,2024-05-14 10:00,20.7,302.8,2.4,0,966.5,1015.8,59.5,,
883,2024-05-14 11:00,20.2,299.8,2.5,0,966.4,1015.8,49.7,,
883,2024-05-14 12:00,21.4,325.5,2.3,0,966.2,1015.3,51.1,,
883,2024-05-14 13:00,21.4,295.2,3.6,0,966.2,1015.3,47.3,,
883,2024-05-14 14:00,21.6,339.9,3.5,0,965.6,1014.6,44.7,,
883,2024-05-14 15:00,20.8,333.1,3.4,0,965.3,1014.5,46,,
883,2024-05-14 16:00,20,304.4,3,0,965.3,1014.8,40.9,,
883,2024-05-14 17:00,20.3,17.7,3.3,0,965.2,1014.6,46.3,,
883,2024-05-14 18:00,18.9,5.7,2.9,0,965.2,1014.5,40.9,,
883,2024-05-14 19:00,15.8,25.5,2.2,0,965.3,1015.5,53.4,,
883,2024-05-14 20:00,12.3,109.6,2.8,0,965.5,1016.4,62.2,,
883,2024-05-14 21:00,12,150.5,2.6,0,965.7,1016.7,58.7,,
883,2024-05-14 22:00,13.6,167.1,2.9,0,966,1016.6,51.7,,
883,2024-05-14 23:00,11.4,158.5,2.5,0,966,1017.2,69.9,,
883,2024-05-15 00:00,10.2,135.4,2.1,0,965.7,1017.2,71.9,,
883,2024-05-15 01:00,9.9,122.9,2.5,0,965.1,1016.6,68.2,,
883,2024-05-15 02:00,8.9,129.6,2.6,0,964.8,1016.3,69.4,,
883,2024-05-15 03:00,8.7,121.9,2.2,0,964.8,1016.4,72.5,,
883,2024-05-15 04:00,9,139,2.7,0,964.8,1016.5,69.3,,
883,2024-05-15 05:00,8.4,86.6,2,0,964.5,1016.1,67.3,,
883,2024-05-15 06:00,8.6,103.7,3.8,0,964.5,1016.1,67.1,,
883,2024-05-15 07:00,13.8,91.4,2.5,0,964.6,1015.1,52.1,,
883,2024-05-15 08:00,17.7,30.3,3,0,964.6,1014.2,48.3,,
883,2024-05-15 09:00,19.3,28.5,3.4,0,964.6,1014.2,40.6,,
883,2024-05-15 10:00,19.3,355.1,2.9,0,964.9,1014.5,35.1,,
883,2024-05-15 11:00,19.5,341.9,3.4,0,965,1014.6,29.7,,
883,2024-05-15 12:00,17.6,317.6,6.9,0,965.3,1015,42.1,,
883,2024-05-15 13:00,17.1,320.3,7.9,0,965,1014.8,43.1,,
883,2024-05-15 14:00,17.1,319.4,4,0,963.8,1013.5,63.6,,
883,2024-05-15 15:00,16.6,310.3,4.7,0,963,1012.8,74.7,,
883,2024-05-15 16:00,11.5,2.4,6.2,0,963.2,1014.2,98,,
883,2024-05-15 17:00,12,27.9,6.4,0,962.7,1013.5,92.4,,
883,2024-05-15 18:00,10.2,35.7,7.7,0,963,1014.3,95.2,,
883,2024-05-15 19:00,9.7,33.3,9.2,0,962.7,1014.1,84.4,,
883,2024-05-15 20:00,9.7,29.7,8.2,0,963,1014.4,86.2,,
883,2024-05-15 21:00,10,50.6,6.3,0,963.4,1014.8,84.9,,
883,2024-05-15 22:00,10.1,45.9,6.7,0,963.6,1015,81.3,,
883,2024-05-15 23:00,10,37.8,5.9,0,963.2,1014.6,74.5,,
883,2024-05-16 00:00,10.5,50.3,5,0,963,1014.2,67.7,,
883,2024-05-16 01:00,11,35.7,6.2,0,962.8,1013.9,67,,
883,2024-05-16 02:00,11.1,40.1,6.4,0,962.7,1013.8,69.7,,
883,2024-05-16 03:00,11.4,52.3,6.2,0,963,1014,65.7,,
883,2024-05-16 04:00,11.3,22.2,6.5,0,963.1,1014.1,60,,
883,2024-05-16 05:00,10.9,32.6,5.1,0,963.3,1014.4,63,,
883,2024-05-16 06:00,11,19.7,4.2,0,963.8,1014.9,65.9,,
883,2024-05-16 07:00,12.2,351.2,3.6,0,964,1014.8,67.7,,
883,2024-05-16 08:00,13.3,282.5,3.9,0,964.4,1015,68.7,,
883,2024-05-16 09:00,14.7,310.4,4.1,0,964.6,1015.1,55.5,,
883,2024-05-16 10:00,15.1,285.3,7.2,0,964.5,1014.9,55.2,,
883,2024-05-16 11:00,15.6,284.4,7,0,964.4,1014.6,56.2,,
883,2024-05-16 12:00,15.3,302,9.8,0,964.2,1014.5,59.6,,
883,2024-05-16 13:00,16.1,306.8,10.2,0,964.1,1014.2,47.1,,
883,2024-05-16 14:00,17,311,7.3,0,963.8,1013.6,41.3,,
883,2024-05-16 15:00,17.3,316.5,8.3,0,963.2,1012.9,36,,
883,2024-05-16 16:00,17.5,313,6.4,0,962.9,1012.5,38.7,,
883,2024-05-16 17:00,17.3,315.9,6.6,0,962.8,1012.4,46.5,,
883,2024-05-16 18:00,16.4,306.5,3.6,0,962.9,1012.8,50.4,,
883,2024-05-16 19:00,14.5,267.7,2.3,0,963.2,1013.7,57.8,,
883,2024-05-16 20:00,12.8,234.1,2,0,963.4,1014.1,59.8,,
883,2024-05-16 21:00,12.3,225.4,2.4,0,964.1,1014.9,59.5,,
883,2024-05-16 22:00,12.3,183.8,3.2,0,964.5,1015.4,55.9,,
883,2024-05-16 23:00,12.2,177.3,2.9,0,964.7,1015.6,54.1,,
883,2024-05-17 00:00,11.6,176.2,2.8,0,964.9,1015.9,51.4,,
883,2024-05-17 01:00,11.9,188.2,3,0,964.7,1015.7,51.6,,
883,2024-05-17 02:00,12.5,193.3,3.2,0,964.6,1015.4,47.3,,
883,2024-05-17 03:00,12.6,196.2,3.5,0,964.6,1015.4,50.9,,
883,2024-05-17 04:00,12.5,200.3,3.8,0,964.7,1015.5,56.3,,
883,2024-05-17 05:00,12.7,199.5,3.8,0,964.8,1015.6,46.6,,
883,2024-05-17 06:00,13.1,192.2,3.9,0,965.2,1015.9,44.2,,
883,2024-05-17 07:00,15.1,194.8,4,0,965.6,1016,38.7,,
883,2024-05-17 08:00,17,208.5,4,0,966,1015.9,36.2,,
883,2024-05-17 09:00,18.3,205.6,4.4,0,966,1015.5,37.4,,
883,2024-05-17 10:00,19,199.3,4.8,0,965.9,1015.7,37.9,,
883,2024-05-17 11:00,19.9,190,5.4,0,965.6,1015.1,37,,
883,2024-05-17 12:00,20.3,187.1,5.9,0,965.7,1015.1,36.3,,
883,2024-05-17 13:00,20.6,194.8,5.7,0,965.6,1014.9,44.8,,
883,2024-05-17 14:00,20.2,195.8,5.8,0,965.5,1014.9,65.5,,
883,2024-05-17 15:00,19.6,194,5.3,0,965.1,1014.7,68.6,,
883,2024-05-17 16:00,19.9,206.5,4.4,0,965.3,1014.8,65.2,,
883,2024-05-17 17:00,19.4,191.9,4.1,0,965.1,1014.7,68.5,,
883,2024-05-17 18:00,17.9,181,4.6,0,965,1014.6,70.7,,
883,2024-05-17 19:00,16.5,178.7,5.1,0,965.2,1015.2,76.2,,
883,2024-05-17 20:00,15.8,180.4,4.8,0,965.4,1015.6,80.4,,
883,2024-05-17 21:00,15.5,177.5,6.1,0,965.9,1016.2,80.4,,
883,2024-05-17 22:00,15.5,177.3,5.4,0,966.3,1016.6,83.1,,
883,2024-05-17 23:00,15.3,173.2,6,0,966.4,1016.8,84.8,,
883,2024-05-18 00:00,15.3,169.7,7,0,966.3,1016.7,85.6,,
883,2024-05-18 01:00,15.3,172.9,6,0,966.2,1016.6,84.5,,
883,2024-05-18 02:00,15.3,168.1,6.3,0,966.1,1016.5,85.1,,
883,2024-05-18 03:00,15.2,158.2,6.2,0,965.9,1016.3,84.3,,
883,2024-05-18 04:00,15.3,159.1,6.8,0,965.5,1015.9,82.9,,
883,2024-05-18 05:00,14.8,154.2,4.5,0,965.8,1016.3,84.1,,
883,2024-05-18 06:00,15.1,151,5.3,0,965.8,1016.2,81.4,,
883,2024-05-18 07:00,16.9,163.5,3.9,0,966.2,1016.1,66.1,,
883,2024-05-18 08:00,18.8,175.6,3.3,0,966.8,1016.2,63.5,,
883,2024-05-18 09:00,20.3,178.2,3.3,0,967.2,1016.7,58.8,,
883,2024-05-18 10:00,21.2,200.7,3.4,0,967.5,1016.7,59.4,,
883,2024-05-18 11:00,21.5,192.4,3.7,0,967.5,1016.6,46.7,,
883,2024-05-18 12:00,22.6,199,3.7,0,966.8,1015.6,54,,
883,2024-05-18 13:00,22.6,195.7,3,0,966.4,1015.2,63.2,,
883,2024-05-18 14:00,23.2,195.3,3.6,0,966.1,1014.7,55.1,,
883,2024-05-18 15:00,23.8,204.6,2.4,0,965.7,1014.1,48.6,,
883,2024-05-18 16:00,23.4,211.3,2.3,0,965.3,1013.8,52.3,,
883,2024-05-18 17:00,23.2,218.6,2.3,0,964.9,1013.4,43,,
883,2024-05-18 18:00,21.4,205.5,2.5,0,964.8,1013.8,49.4,,
883,2024-05-18 19:00,19.4,155.2,2.5,0,965,1014.6,40.8,,
883,2024-05-18 20:00,17.7,133.4,2.5,0,965.4,1015,23.5,,
883,2024-05-18 21:00,19.3,146.3,4.9,0,965.7,1015.4,15.9,,
883,2024-05-18 22:00,18,123,3.8,0,965.9,1015.5,19.4,,
883,2024-05-18 23:00,18.9,133.8,4.8,0,965.8,1015.1,17.3,,
883,2024-05-19 00:00,18.8,145,7.5,0,965.5,1014.8,19.8,,
883,2024-05-19 01:00,18,145.4,7.6,0,965,1014.5,25.2,,
883,2024-05-19 02:00,17.8,108.3,3.7,0,965.2,1014.8,32,,
883,2024-05-19 03:00,17.8,136.8,2.2,0,964.9,1014.5,30,,
883,2024-05-19 04:00,17.7,123.4,4.3,0,964.9,1014.5,27.9,,
883,2024-05-19 05:00,14.7,0,0,0,964.9,1015.4,38.3,,
883,2024-05-19 06:00,15.7,100.2,3.9,0,964.6,1014.8,36.1,,
883,2024-05-19 07:00,19.3,124.7,3.9,0,965.1,1014.7,31.9,,
883,2024-05-19 08:00,20.4,169.9,2.4,0,965.2,1014.5,42.9,,
883,2024-05-19 09:00,22.3,170.7,3.4,0,965.2,1014,33.3,,
883,2024-05-19 10:00,23.8,162.7,5.2,0,965.3,1013.7,25.4,,
883,2024-05-19 11:00,25.5,163.2,4.6,0,965,1013.4,25.5,,
883,2024-05-19 12:00,26.1,187.7,2.8,0,964.8,1013.1,32.6,,
883,2024-05-19 13:00,25,22.3,4.2,0,964.6,1013.1,33.4,,
883,2024-05-19 14:00,25.6,219.5,3.1,0,964.1,1012.5,28.5,,
883,2024-05-19 15:00,22.9,323.8,3.3,0,964.3,1012.9,38.8,,
883,2024-05-19 16:00,22.6,319.3,2.9,0,963.9,1012.5,38.3,,
883,2024-05-19 17:00,23,18.7,3.6,0,964,1012.5,39.6,,
883,2024-05-19 18:00,21.9,348.8,2.6,0,964,1012.8,39.9,,
883,2024-05-19 19:00,18.7,24.9,1.7,0,963.4,1012.7,47.2,,
883,2024-05-19 20:00,16.8,116.5,3.5,0,964.1,1013.9,58.9,,
883,2024-05-19 21:00,14.2,100.9,2,0,964.7,1015.4,68,,
883,2024-05-19 22:00,12.8,104,2.5,0,965,1015.8,69.2,,
883,2024-05-19 23:00,12.6,105.6,3.5,0,964.7,1015.5,63.8,,
883,2024-05-20 00:00,13.2,95,3.4,0,964.4,1015,56.7,,
883,2024-05-20 01:00,12.2,105.7,1.7,0,964.6,1015.5,63.7,,
883,2024-05-20 02:00,13.2,151.6,2.3,0,963.5,1014.1,64.7,,
883,2024-05-20 03:00,14.1,154.7,2.4,0,963.6,1014.2,68.5,,
883,2024-05-20 04:00,13.8,151.8,2.2,0,963.2,1013.6,85.3,,
883,2024-05-20 05:00,12.4,107.8,3.4,0,963.6,1014.4,78.8,,
883,2024-05-20 06:00,12.7,118.1,2.3,0,964.2,1014.9,83,,
883,2024-05-20 07:00,17.1,160.3,2.4,0,964.9,1014.7,56.2,,
883,2024-05-20 08:00,20.5,0,.3,0,965.7,1015,61.1,,
883,2024-05-20 09:00,20.8,318.2,3,0,966.5,1015.8,63.8,,
883,2024-05-20 10:00,21.9,23.5,4.4,0,966.2,1015.2,56,,
883,2024-05-20 11:00,23,32.5,4.2,0,965.8,1014.4,50.2,,
883,2024-05-20 12:00,22.5,25.3,5,0,965.7,1014.5,56.1,,
883,2024-05-20 13:00,23.6,31.4,4.6,0,965.3,1013.7,55.9,,
883,2024-05-20 14:00,24.2,39.1,3.1,0,965.1,1013.8,54.2,,
883,2024-05-20 15:00,23.5,27.4,4.2,0,965,1013.4,52.8,,
883,2024-05-20 16:00,23.8,336.8,1.8,0,965.1,1013.5,55.3,,
883,2024-05-20 17:00,23.4,211.6,2.1,0,964.7,1013.2,49.6,,
883,2024-05-20 18:00,20.6,320.3,2,0,965.4,1014.7,62,,
883,2024-05-20 19:00,17.5,18.1,2.1,0,965.5,1015.2,71,,
883,2024-05-20 20:00,16.3,58.3,1.7,0,966.4,1016.5,75.4,,
883,2024-05-20 21:00,15.4,67,3.7,0,966.4,1016.8,71,,
883,2024-05-20 22:00,16.5,82.5,3.5,0,966.9,1017,57.9,,
883,2024-05-20 23:00,15,67.4,3.2,0,967,1017.5,57.7,,
883,2024-05-21 00:00,14.1,44.6,2.8,0,966.9,1017.7,64,,
883,2024-05-21 01:00,15.3,91.4,4.1,0,966.3,1016.7,56.3,,
883,2024-05-21 02:00,15,94.7,2.7,0,966.1,1016.6,62.9,,
883,2024-05-21 03:00,13.2,91.3,2.7,0,966.2,1016.9,76.4,,
883,2024-05-21 04:00,13.9,91.9,2,0,966.2,1016.7,72.5,,
883,2024-05-21 05:00,13.9,106.5,3.7,0,966.4,1016.9,63.1,,
883,2024-05-21 06:00,14.8,106.9,3.2,0,966.9,1017.5,60.8,,
883,2024-05-21 07:00,17.8,84.9,1.3,0,967.2,1016.9,60.8,,
883,2024-05-21 08:00,20.7,0,.1,0,967.5,1016.9,56.4,,
883,2024-05-21 09:00,23,31.7,2.1,0,967.7,1016.4,47.5,,
883,2024-05-21 10:00,23.4,358.4,2.8,0,967.6,1016.2,44,,
883,2024-05-21 11:00,23.6,238.5,2.2,0,967.6,1016.1,52,,
883,2024-05-21 12:00,24.5,221.2,1.2,0,967.2,1016,52,,
883,2024-05-21 13:00,25.4,276.5,2.7,0,967.1,1015.6,56.9,,
883,2024-05-21 14:00,23.3,304.5,3.6,0,966.8,1015.4,66.6,,
883,2024-05-21 15:00,24.4,323.3,1,0,966.4,1015.1,56.1,,
883,2024-05-21 16:00,23,263.2,2.3,0,966.3,1014.9,67.5,,
883,2024-05-21 17:00,21.9,271.8,2.3,0,966.3,1015.3,72.1,,
883,2024-05-21 18:00,20.3,266.1,.7,0,966.2,1015.6,79.8,,
883,2024-05-21 19:00,18.4,0,0,0,966.5,1016,87.9,,
883,2024-05-21 20:00,17.3,0,.1,0,966.7,1016.5,90.8,,
883,2024-05-21 21:00,17.1,0,0,0,967,1016.9,85.5,,
883,2024-05-21 22:00,16.3,0,0,0,967.2,1017.4,79.9,,
883,2024-05-21 23:00,15.2,0,0,0,967.5,1018,80.5,,
883,2024-05-22 00:00,16.8,108.5,2.8,0,967.3,1017.3,75.4,,
883,2024-05-22 01:00,14.7,94.6,2.3,0,966.9,1017.5,68.5,,
883,2024-05-22 02:00,14.4,87.2,1.7,0,966.4,1017.1,62,,
883,2024-05-22 03:00,14.5,94.9,2.2,0,966,1016.6,57.6,,
883,2024-05-22 04:00,16.7,110,3.9,0,965.7,1015.7,48.4,,
883,2024-05-22 05:00,15.9,132.2,2,0,965.6,1015.8,54.9,,
883,2024-05-22 06:00,15.8,97.5,2.8,0,965.4,1015.6,58.4,,
883,2024-05-22 07:00,16.9,143.2,1.5,0,965.9,1015.8,61.8,,
883,2024-05-22 08:00,18.4,87.9,1.3,0,965.7,1015.2,59.8,,
883,2024-05-22 09:00,21,0,0,0,965.9,1015.1,55.7,,
883,2024-05-22 10:00,23.2,259.9,1.1,0,965.8,1014.4,49.6,,
883,2024-05-22 11:00,22.4,35.1,1.5,0,965.7,1014.5,66.9,,
883,2024-05-22 12:00,23.3,256,1.4,0,965.3,1013.8,64.1,,
883,2024-05-22 13:00,22.4,265.7,1.5,0,965.3,1014.1,68.7,,
883,2024-05-22 14:00,21.2,248.8,1,0,965,1014.1,74.5,,
883,2024-05-22 15:00,22.6,270.7,1.3,0,964.7,1013.4,70.7,,
883,2024-05-22 16:00,21.9,305.7,2.7,0,964.4,1013.3,69.2,,
883,2024-05-22 17:00,20.5,337.2,1.3,0,963.7,1012.9,75.2,,
883,2024-05-22 18:00,19.9,0,0,0,963.7,1013.1,80.5,,
883,2024-05-22 19:00,18.8,47.1,1.4,0,963.3,1012.5,84.3,,
883,2024-05-22 20:00,18.5,116.3,1.8,0,963.7,1013,69.3,,
883,2024-05-22 21:00,18.1,108.7,1.6,0,963.7,1013.1,73.7,,
883,2024-05-22 22:00,18.4,109.3,.9,0,964.2,1013.6,58.4,,
883,2024-05-22 23:00,18.1,86.6,2.4,0,964.1,1013.6,62.2,,
883,2024-05-23 00:00,15.6,96.5,2.8,0,963.5,1013.7,73.3,,
883,2024-05-23 01:00,18,162,2.4,0,963,1012.4,56.1,,
883,2024-05-23 02:00,18.1,168.7,2.5,0,962.3,1011.7,62.3,,
883,2024-05-23 03:00,17.4,107.2,1.6,0,961.6,1011.1,63.4,,
883,2024-05-23 04:00,18,96.6,2.8,0,961.2,1010.5,62.1,,
883,2024-05-23 05:00,18.3,81.4,2.8,0,961.2,1010.5,60.7,,
883,2024-05-23 06:00,17.7,90.8,2.5,0,961.2,1010.6,66,,
883,2024-05-23 07:00,19.4,98.1,1.8,0,961.6,1011,65.5,,
883,2024-05-23 08:00,21.7,0,0,0,961.7,1010.5,54.4,,
883,2024-05-23 09:00,22.8,272.4,1.1,0,961.8,1010.3,53.9,,
883,2024-05-23 10:00,22.9,3.4,2.7,0,961.5,1009.9,54.5,,
883,2024-05-23 11:00,22.9,254.3,1.3,0,961.8,1010.2,55.2,,
883,2024-05-23 12:00,23.2,300.9,3,0,961.7,1010.1,56.3,,
883,2024-05-23 13:00,22.6,302,2.3,0,961.6,1010.1,54.5,,
883,2024-05-23 14:00,23.5,300.2,2.9,0,961,1009.2,57.6,,
883,2024-05-23 15:00,24.9,23.8,3.6,0,960.7,1009,55.4,,
883,2024-05-23 16:00,23.4,14.7,3.3,0,960.3,1008.5,53.3,,
883,2024-05-23 17:00,21.7,297.8,2.7,0,960.3,1009,56.5,,
883,2024-05-23 18:00,21.8,28.8,2.9,0,960.3,1009,51.1,,
883,2024-05-23 19:00,19.3,25.6,1.9,0,960.4,1009.8,63.6,,
883,2024-05-23 20:00,17.7,61.1,2,0,960.8,1010.2,63.7,,
883,2024-05-23 21:00,16.8,67.2,3.3,0,961.2,1010.9,62.8,,
883,2024-05-23 22:00,16.8,73.6,3.6,0,961.5,1011.2,55.9,,
883,2024-05-23 23:00,17.1,59.2,3.2,0,962,1011.6,53.6,,
883,2024-05-24 00:00,16.6,70.9,3,0,961.5,1011.3,53,,
883,2024-05-24 01:00,17.6,89.4,3.4,0,961.3,1010.8,52,,
883,2024-05-24 02:00,18.4,83.6,3.7,0,960.9,1010.1,48.6,,
883,2024-05-24 03:00,17.4,83.4,3.7,0,960.3,1009.8,56.4,,
883,2024-05-24 04:00,17.4,66,3.9,0,960.8,1010.3,49.3,,
883,2024-05-24 05:00,17.9,85.8,3.8,0,960.9,1010.3,44,,
883,2024-05-24 06:00,17.4,100.7,4.5,0,961.1,1010.6,48.6,,
883,2024-05-24 07:00,20.1,64.8,3.9,0,961.6,1010.8,43.3,,
883,2024-05-24 08:00,21.8,31.9,4.4,0,961.9,1010.7,54.4,,
883,2024-05-24 09:00,23.3,43.6,4.6,0,962.4,1010.8,46,,
883,2024-05-24 10:00,24.9,29.2,6.3,0,962.6,1011,43.8,,
883,2024-05-24 11:00,25.3,27.9,7.4,0,963.1,1011.5,42.3,,
883,2024-05-24 12:00,26.4,27.8,6.1,0,963,1011.1,44.4,,
883,2024-05-24 13:00,23.6,2.8,4.5,0,962.8,1011.1,59.1,,
883,2024-05-24 14:00,25,37.8,5.3,0,962.5,1010.9,35.4,,
883,2024-05-24 15:00,24.3,33,4.5,0,961.7,1010.2,65,,
883,2024-05-24 16:00,25.9,37.1,3.5,0,961.5,1009.7,45.2,,
883,2024-05-24 17:00,23.7,23.4,3.9,0,961.6,1009.8,64,,
883,2024-05-24 18:00,22.1,23.6,3,0,962.2,1010.9,68.9,,
883,2024-05-24 19:00,18.6,37.1,2.3,0,962.7,1011.9,83,,
883,2024-05-24 20:00,17.9,0,.4,0,963.2,1012.7,80.1,,
883,2024-05-24 21:00,16.9,85,2.5,0,963.6,1013.4,74.6,,
883,2024-05-24 22:00,15.8,102.1,2,0,963.9,1014,66.6,,
883,2024-05-24 23:00,15.2,109.3,1.6,0,963.9,1014.2,76.5,,
883,2024-05-25 00:00,14.5,112.7,1.6,0,963.7,1014.2,79.2,,
883,2024-05-25 01:00,13.8,98,2.3,0,963.9,1014.3,80.5,,
883,2024-05-25 02:00,13.9,0,0,0,963.9,1014.3,78.7,,
883,2024-05-25 03:00,12.9,99,1.6,0,963.8,1014.5,86.9,,
883,2024-05-25 04:00,12.7,99.4,2.2,0,963.7,1014.4,89.5,,
883,2024-05-25 05:00,12.2,99.6,2.3,0,963.9,1014.7,86.8,,
883,2024-05-25 06:00,14,92.8,1.9,0,964.4,1015.1,72.1,,
883,2024-05-25 07:00,17.3,0,0,0,964.4,1014.1,65.2,,
883,2024-05-25 08:00,19.3,275.8,.5,0,965.1,1014.7,72.5,,
883,2024-05-25 09:00,21.3,30.8,3.2,0,965.5,1014.6,69.6,,
883,2024-05-25 10:00,22,272.3,1.3,0,965.4,1014.3,67.6,,
883,2024-05-25 11:00,23.7,305.3,3,0,965.4,1013.8,66.7,,
883,2024-05-25 12:00,22.8,308.5,2.8,0,965.3,1014,73.5,,
883,2024-05-25 13:00,25.5,321.6,2.8,0,964.6,1013,67.5,,
883,2024-05-25 14:00,24.7,267.1,2,0,963.9,1012.4,64.6,,
883,2024-05-25 15:00,25.2,259.8,2.8,0,963.5,1011.9,63.1,,
883,2024-05-25 16:00,24.3,313,2.9,0,963.2,1011.8,65.4,,
883,2024-05-25 17:00,23.7,279,2.3,0,962.9,1011.2,66.5,,
883,2024-05-25 18:00,22.8,294.9,2,0,962.9,1011.4,69.4,,
883,2024-05-25 19:00,20.5,265,.6,0,962.9,1012.1,77.9,,
883,2024-05-25 20:00,18.2,0,.3,0,962.7,1012.1,85.3,,
883,2024-05-25 21:00,21.9,138.3,5.4,0,962.7,1011.5,28.8,,
883,2024-05-25 22:00,20.8,143.1,5.3,0,962.8,1011.9,44.2,,
883,2024-05-25 23:00,20.1,147.5,3.2,0,963.1,1012.4,53.4,,
883,2024-05-26 00:00,19.6,166.5,3.9,0,962.9,1012.3,55.5,,
883,2024-05-26 01:00,19.2,163.1,4.2,0,962.4,1011.9,55.5,,
883,2024-05-26 02:00,19.7,160.3,6.4,0,961.3,1010.6,48,,
883,2024-05-26 03:00,19.6,176.1,6.9,0,961,1010.3,51.3,,
883,2024-05-26 04:00,18.7,173.8,7,0,960.4,1009.5,65.3,,
883,2024-05-26 05:00,18.8,167.4,6.7,0,960.1,1009.2,82.6,,
883,2024-05-26 06:00,19.2,180.3,4.8,0,960.6,1010,85.4,,
883,2024-05-26 07:00,20.4,181.3,5.3,0,960.8,1009.9,82.2,,
883,2024-05-26 08:00,21,181.2,5.2,0,960.8,1009.7,84,,
883,2024-05-26 09:00,22.2,171.7,7,0,959.9,1008.4,84,,
883,2024-05-26 10:00,20.7,173.1,6.5,0,959.6,1008.6,92.2,,
883,2024-05-26 11:00,20.1,171.4,5.9,0,959.5,1008.6,95.9,,
883,2024-05-26 12:00,20.3,163.3,6.8,1,958.7,1007.7,98.3,,
883,2024-05-26 13:00,20.3,160.6,7.3,1,958.1,1007.1,96.4,,
883,2024-05-26 14:00,20.1,156.2,7.4,2.5,957.2,1006.2,96.2,,
883,2024-05-26 15:00,20.1,160,6.2,3.5,956.6,1005.6,97.1,,
883,2024-05-26 16:00,20.2,164.7,5.9,2.5,955.7,1004.6,98.5,,
883,2024-05-26 17:00,20.7,174.3,5,2.5,954.9,1003.6,98.4,,
883,2024-05-26 18:00,20.6,190.6,3.2,.5,954.7,1003.4,98.4,,
883,2024-05-26 19:00,20.6,202.4,3.3,1.5,954.3,1003,99.1,,
883,2024-05-26 20:00,20.3,206.7,2.8,.5,954.5,1003.3,99.2,,
883,2024-05-26 21:00,20.1,198.5,1.8,0,954.7,1003.6,99.4,,
883,2024-05-26 22:00,19.8,210.4,2.6,0,955.1,1004.1,99.3,,
883,2024-05-26 23:00,19.3,249.2,.6,.5,955.2,1004.3,99.5,,
883,2024-05-27 00:00,19,314.2,.6,.5,955.1,1004.3,99.5,,
883,2024-05-27 01:00,19.2,32.3,1.9,.5,954.7,1003.8,99.6,,
883,2024-05-27 02:00,18.5,27.1,4.2,.5,954.3,1003.1,99.6,,
883,2024-05-27 03:00,17.7,31.3,4.9,0,954.1,1003.2,99.9,,
883,2024-05-27 04:00,17.5,62.6,5.7,.5,954.1,1003.2,99.8,,
883,2024-05-27 05:00,17.6,53.7,4.4,0,954.2,1003.3,98.9,,
883,2024-05-27 06:00,16.3,24.8,6.5,0,954.7,1004.2,99.3,,
883,2024-05-27 07:00,16.3,61,6.4,0,954.8,1004.3,93.6,,
883,2024-05-27 08:00,16.1,53.2,6,0,955.1,1004.7,69.5,,
883,2024-05-27 09:00,17.2,31.1,5.9,0,955.9,1005.2,72.8,,
883,2024-05-27 10:00,17.9,39.5,7.3,0,955.6,1004.7,62.5,,
883,2024-05-27 11:00,19.6,49.3,7.1,0,955.7,1004.8,47.4,,
883,2024-05-27 12:00,21.9,36.9,7.3,0,955.9,1004.3,44.8,,
883,2024-05-27 13:00,20.2,38.2,7.3,0,955.7,1004.6,45.3,,
883,2024-05-27 14:00,21.3,42,6.7,0,956.1,1004.7,42.8,,
883,2024-05-27 15:00,16.5,36.1,6.9,0,955.4,1004.9,69.8,,
883,2024-05-27 16:00,17.4,35.3,5.2,0,955.5,1004.7,60.6,,
883,2024-05-27 17:00,16.6,30.9,5,0,955.5,1005,68.3,,
883,2024-05-27 18:00,16.2,35.4,5.9,0,954.7,1004.2,62.6,,
883,2024-05-27 19:00,15.8,35.1,5.7,0,954.9,1004.6,68,,
883,2024-05-27 20:00,17,49.8,5.2,0,955.2,1004.5,46.6,,
883,2024-05-27 21:00,16.4,71.5,4.6,0,956.4,1006,51.6,,
883,2024-05-27 22:00,14.9,72.1,4.6,0,955.7,1005.7,60.4,,
883,2024-05-27 23:00,15.6,51.4,3.8,0,954.1,1003.8,49.4,,
883,2024-05-28 00:00,14.8,59.6,3.8,0,954.3,1004.2,62.6,,
883,2024-05-28 01:00,14.4,54,3.8,0,953.8,1003.8,70.5,,
883,2024-05-28 02:00,13.8,43.6,4,0,953.6,1003.5,75.7,,
883,2024-05-28 03:00,13.3,41.6,4.8,0,952.8,1002.8,81.6,,
883,2024-05-28 04:00,13,37.7,6.7,0,952.1,1002.1,82.9,,
883,2024-05-28 05:00,12.6,32.2,7.2,0,952.2,1002.3,85.2,,
883,2024-05-28 06:00,12.7,41.5,5.8,0,952.5,1002.6,84.2,,
883,2024-05-28 07:00,14,38.9,4.7,0,953.1,1003.2,69.8,,
883,2024-05-28 08:00,16.4,31.3,7.5,0,953,1002.4,68.2,,
883,2024-05-28 09:00,18,30.2,9.3,0,953.4,1002.3,64.8,,
883,2024-05-28 10:00,19.5,31.6,8.6,0,954,1003,55.7,,
883,2024-05-28 11:00,20.9,27.9,7.5,0,954.1,1002.7,56,,
883,2024-05-28 12:00,19.5,40.8,6.9,0,954.6,1003.6,71.5,,
883,2024-05-28 13:00,20.7,26.7,5.5,0,955.1,1003.8,67.6,,
883,2024-05-28 14:00,21.2,13.8,4.7,0,955,1003.6,70.4,,
883,2024-05-28 15:00,20.8,3.2,4.6,0,955.1,1003.8,75,,
883,2024-05-28 16:00,19.3,19.9,4.3,0,955.4,1004.5,73.5,,
883,2024-05-28 17:00,19.3,26.6,4.6,0,955.6,1004.8,72.5,,
883,2024-05-28 18:00,18.6,28.4,3.7,0,956.2,1005.1,75.6,,
883,2024-05-28 19:00,15.4,20.5,3,0,957,1006.9,84.6,,
883,2024-05-28 20:00,13,31.6,2.1,0,958,1008.3,95.3,,
883,2024-05-28 21:00,12.3,40,2.4,0,958.8,1009.3,97.5,,
883,2024-05-28 22:00,12.4,104.3,3.2,0,959.6,1010.2,83.4,,
883,2024-05-28 23:00,11.9,104.1,3.4,0,959.7,1010.4,83.9,,
883,2024-05-29 00:00,11.5,93.9,2.5,0,960.3,1011.1,83.6,,
883,2024-05-29 01:00,11.9,99.9,3.5,0,960.2,1010.9,82.1,,
883,2024-05-29 02:00,11.6,121.8,1.8,0,960.7,1011.5,86.8,,
883,2024-05-29 03:00,13.9,160.5,2.8,0,961.4,1011.7,86.2,,
883,2024-05-29 04:00,12.9,114.9,1.3,0,961.6,1012.1,85.9,,
883,2024-05-29 05:00,11.8,134.7,2.2,0,961.8,1012.6,86.2,,
883,2024-05-29 06:00,12.1,127.1,2,0,962.1,1012.9,87.9,,
883,2024-05-29 07:00,16.8,136.8,2.2,0,962.7,1012.5,71.4,,
883,2024-05-29 08:00,18.5,315.9,1.9,0,963.4,1012.7,66.3,,
883,2024-05-29 09:00,20.8,19.6,2.8,0,963.8,1012.9,62.7,,
883,2024-05-29 10:00,20.9,1.6,2.2,0,963.7,1012.8,64.9,,
883,2024-05-29 11:00,19.3,254.6,2,0,964.1,1013.7,76.8,,
883,2024-05-29 12:00,19,261,1.8,0,963.7,1013.4,77.8,,
883,2024-05-29 13:00,20.9,316,1.8,0,963.6,1012.7,69,,
883,2024-05-29 14:00,23.4,29.9,4.5,0,963.3,1011.7,66.9,,
883,2024-05-29 15:00,22.1,39.7,4.1,0,962.8,1011.5,67.7,,
883,2024-05-29 16:00,22.6,355.7,3.9,0,962.1,1010.6,64.9,,
883,2024-05-29 17:00,21.3,228.9,2.6,0,961.7,1010.6,72.2,,
883,2024-05-29 18:00,20.2,310.4,2.6,0,962,1011.2,71,,
883,2024-05-29 19:00,18.2,355.9,2.3,0,962.2,1011.5,77.5,,
883,2024-05-29 20:00,15.5,89.6,1.6,0,962.1,1012.2,87.8,,
883,2024-05-29 21:00,15.1,102.7,2.4,0,962.3,1012.6,88.7,,
883,2024-05-29 22:00,13.9,150.4,1.1,0,962.7,1013.1,90.5,,
883,2024-05-29 23:00,13,89.7,1.9,0,962.7,1013.3,83,,
883,2024-05-30 00:00,12.9,96.9,2.1,0,962.4,1013,71.9,,
883,2024-05-30 01:00,13,98.1,2.1,0,961.9,1012.4,72.2,,
883,2024-05-30 02:00,13,105,3.1,0,961.4,1011.9,69.6,,
883,2024-05-30 03:00,11.2,92.6,2.3,0,961.5,1012.5,74.5,,
883,2024-05-30 04:00,11.8,118.7,2.9,0,961.7,1012.5,77.8,,
883,2024-05-30 05:00,13.3,132.6,2.4,0,961,1011.4,70.2,,
883,2024-05-30 06:00,15.4,150.5,3,0,961.7,1011.8,59.9,,
883,2024-05-30 07:00,17.2,138.3,4.5,0,961.5,1011.1,49.1,,
883,2024-05-30 08:00,16.3,232.8,1.2,0,961.4,1011.3,63,,
883,2024-05-30 09:00,18.4,175.6,1.6,0,961.6,1010.8,71.8,,
883,2024-05-30 10:00,20.6,189.6,3.9,0,961.2,1010.3,58.7,,
883,2024-05-30 11:00,20.8,187.3,3.6,0,961.4,1010.4,66.5,,
883,2024-05-30 12:00,22.9,180.2,3.4,0,961,1009.4,61.4,,
883,2024-05-30 13:00,21.7,205.4,2.9,0,960.4,1009.1,59.8,,
883,2024-05-30 14:00,21,201.3,3.1,0,960.2,1009.1,61,,
883,2024-05-30 15:00,21.2,224.3,2.3,0,960,1008.8,57.6,,
883,2024-05-30 16:00,21.9,28.6,3.6,0,960.2,1008.8,69.2,,
883,2024-05-30 17:00,19.1,24.4,2.1,0,960.1,1009.5,77.4,,
883,2024-05-30 18:00,18.4,221.6,.6,0,960.3,1009.5,84,,
883,2024-05-30 19:00,17.8,219.6,1.1,0,960.3,1009.7,89.6,,
883,2024-05-30 20:00,17.2,35.4,2.6,0,960.8,1010.4,93.4,,
883,2024-05-30 21:00,16.7,134.6,1.2,0,960.9,1010.6,91.8,,
883,2024-05-30 22:00,16.8,164.9,1.9,0,960.9,1010.6,91.8,,
883,2024-05-30 23:00,16.6,151.4,2.6,.5,960.7,1010.4,92.8,,
883,2024-05-31 00:00,14.5,151.9,2.7,1,960.4,1010.7,90.4,,
883,2024-05-31 01:00,13.5,155.3,2.7,.5,960.2,1010.5,90.8,,
883,2024-05-31 02:00,14.4,166,3.5,1,959.8,1010.1,92.1,,
883,2024-05-31 03:00,14.1,96.7,2.1,0,959.8,1010.2,96.5,,
883,2024-05-31 04:00,14.2,113.4,1.6,1,959.6,1010,97.7,,
883,2024-05-31 05:00,14.2,0,0,.5,959.5,1009.9,98.6,,
883,2024-05-31 06:00,14.5,0,0,1,959.8,1010.1,99.1,,
883,2024-05-31 07:00,15,0,.1,.5,960,1010.2,99.2,,
883,2024-05-31 08:00,15.2,0,.4,0,960.5,1010.6,98.7,,
883,2024-05-31 09:00,15.6,0,0,0,960.5,1010.5,98.5,,
883,2024-05-31 10:00,15.6,324.8,1.6,0,960.9,1010.9,97,,
883,2024-05-31 11:00,16.3,64.5,1.6,0,960.9,1010.7,95.1,,
883,2024-05-31 12:00,19.6,38.5,2.8,0,960.5,1009.8,88.9,,
883,2024-05-31 13:00,17.4,17.7,2.1,0,960.4,1009.9,94.6,,
883,2024-05-31 14:00,18.9,357.8,2.7,0,960.2,1009.2,86.6,,
883,2024-05-31 15:00,19.1,13,3.4,0,959.5,1008.9,85.6,,
883,2024-05-31 16:00,19.3,5.4,3.4,0,960.1,1009.5,78.1,,
883,2024-05-31 17:00,19.3,10.5,3.5,0,960.1,1009.5,77.1,,
883,2024-05-31 18:00,17.3,341.9,2.5,0,960.3,1009.8,87.6,,
883,2024-05-31 19:00,16.3,322.3,2.1,0,960.8,1010.6,94,,
883,2024-05-31 20:00,15.2,12.6,3,0,961.4,1011.6,95.7,,
883,2024-05-31 21:00,14.4,50.7,3.2,0,961.7,1012.1,96.5,,
883,2024-05-31 22:00,13.2,41.4,2.6,0,962.3,1012.8,98.1,,
883,2024-05-31 23:00,13.7,69.4,3.4,0,962.2,1012.6,92.2,,
883,2024-06-01 00:00,12.9,34.3,3.1,0,962.2,1012.8,95,,
883,2024-06-01 01:00,13.6,41.9,3.6,0,961.8,1012.2,92.7,,
883,2024-06-01 02:00,13.7,61.6,2.9,0,961.6,1011.9,82.5,,
883,2024-06-01 03:00,14.7,62.1,4.1,0,961.6,1011.9,79.6,,
883,2024-06-01 04:00,13.4,38.1,3.9,0,961.8,1012.2,95.4,,
883,2024-06-01 05:00,14.9,61.8,4.6,0,961.4,1011.7,92.7,,
883,2024-06-01 06:00,15.4,52.6,4.6,0,961.7,1011.8,73.9,,
883,2024-06-01 07:00,15.5,27.3,5.2,0,962,1012.1,90.7,,
883,2024-06-01 08:00,18,31.9,5.3,0,962.5,1011.9,87.6,,
883,2024-06-01 09:00,16.5,27.2,5.1,0,962.4,1012.2,93.7,,
883,2024-06-01 10:00,16.7,28.6,5.7,0,962.5,1012.3,94.6,,
883,2024-06-01 11:00,20.1,21.3,6,0,962.6,1011.9,77.7,,
883,2024-06-01 12:00,20.3,40.2,6.4,0,962.4,1011.6,75.8,,
883,2024-06-01 13:00,19.7,29.2,7.2,0,961.8,1011.2,70.5,,
883,2024-06-01 14:00,19,28.4,7.7,0,961.6,1011.2,75.1,,
883,2024-06-01 15:00,18.4,29.6,7.3,0,961.5,1010.7,83.2,,
883,2024-06-01 16:00,19,38.8,6.7,0,961.4,1010.9,76.3,,
883,2024-06-01 17:00,18.6,35.7,6.6,0,961,1010.2,73.9,,
883,2024-06-01 18:00,17.2,28.6,8.3,0,960.8,1010.4,72.6,,
883,2024-06-01 19:00,15.4,27.3,7.1,0,960.9,1011,75.4,,
883,2024-06-01 20:00,13.8,24.9,6.3,0,961.1,1011.4,88,,
883,2024-06-01 21:00,13.4,25,5.9,0,962,1012.4,93,,
883,2024-06-01 22:00,13.4,33.9,4.7,0,961.9,1012.3,92.6,,
883,2024-06-01 23:00,13.3,28.1,5.9,0,962,1012.5,95.8,,
883,2024-06-02 00:00,13.3,38.5,5.6,0,961.4,1011.8,91.9,,
883,2024-06-02 01:00,13.4,26,7.7,0,961.3,1011.7,88.8,,
883,2024-06-02 02:00,13.6,31,7.1,0,961,1011.3,95.3,,
883,2024-06-02 03:00,13.7,26.4,8.6,0,960.3,1010.6,96.1,,
883,2024-06-02 04:00,13.6,33.6,8.2,0,960.3,1010.6,96.8,,
883,2024-06-02 05:00,13.6,31.3,7.2,0,960.9,1011.2,96.2,,
883,2024-06-02 06:00,13.4,32.7,6.8,0,960.8,1011.2,95.4,,
883,2024-06-02 07:00,14.2,39.5,6,0,961.3,1011.8,79.1,,
883,2024-06-02 08:00,15.8,40.4,6.4,0,961.5,1011.5,67.3,,
883,2024-06-02 09:00,17.6,44.6,5.5,0,961.5,1011,57.4,,
883,2024-06-02 10:00,19.4,39,6.1,0,961.4,1010.8,53.1,,
883,2024-06-02 11:00,20.6,33.6,6.7,0,961.3,1010.4,48.3,,
883,2024-06-02 12:00,23.2,34.2,6.2,0,961.1,1009.4,45,,
883,2024-06-02 13:00,20,339.4,3.5,0,960.9,1010.1,59.7,,
883,2024-06-02 14:00,19.2,315.9,3.3,0,960.9,1010.4,68.7,,
883,2024-06-02 15:00,19.2,22.1,3.5,0,960.8,1010.3,58.4,,
883,2024-06-02 16:00,19.5,32.4,3.5,0,960.7,1010.1,59.9,,
883,2024-06-02 17:00,18.9,29.3,3.4,0,960.4,1009.4,63,,
883,2024-06-02 18:00,18.5,15.7,3.3,0,960.3,1009.5,72.1,,
883,2024-06-02 19:00,16.4,15.3,2.3,0,960.3,1010.1,82.4,,
883,2024-06-02 20:00,14.4,337.2,1.8,0,960.7,1011.1,94.4,,
883,2024-06-02 21:00,13.9,88.5,2.7,0,961,1011.3,81.2,,
883,2024-06-02 22:00,14,66,1.6,0,961.4,1011.9,79.8,,
883,2024-06-02 23:00,13.4,58.7,1.6,0,961.3,1011.7,85.6,,
883,2024-06-03 00:00,13.3,87.6,2.6,0,961.2,1011.6,69.8,,
883,2024-06-03 01:00,14.2,89.7,2.8,0,960.9,1011.4,62.3,,
883,2024-06-03 02:00,14.5,67.8,2.1,0,960.7,1011.1,61.8,,
883,2024-06-03 03:00,14.5,87.2,2.6,0,960.5,1010.8,58.5,,
883,2024-06-03 04:00,14.3,96,3.1,0,960.3,1010.7,56.6,,
883,2024-06-03 05:00,13.9,107.7,4.6,0,960.5,1010.7,54.4,,
883,2024-06-03 06:00,14.8,103,4.6,0,960.5,1010.8,50.3,,
883,2024-06-03 07:00,16.6,99.4,3.9,0,960.7,1010.4,45.8,,
883,2024-06-03 08:00,20.5,64.7,2.8,0,960.9,1010,43,,
883,2024-06-03 09:00,21.9,54.8,3.7,0,960.6,1009.3,36.3,,
883,2024-06-03 10:00,23.7,43.7,3,0,960.3,1008.4,42.9,,
883,2024-06-03 11:00,24.1,52.6,1.5,0,960.3,1008.8,37.9,,
883,2024-06-03 12:00,23.1,242.5,2.3,0,960.2,1008.5,54.4,,
883,2024-06-03 13:00,22,286.4,2.7,0,960,1008.6,58.3,,
883,2024-06-03 14:00,22.4,164.5,.8,0,960,1008.5,59.3,,
883,2024-06-03 15:00,21.1,284.8,2.4,0,960.2,1009.1,60.8,,
883,2024-06-03 16:00,20.2,273.1,2.3,0,960.1,1009.2,71.1,,
883,2024-06-03 17:00,20.1,234.5,1.7,0,960.1,1009.3,72.6,,
883,2024-06-03 18:00,18.8,309.6,2.5,0,960.5,1009.6,73.8,,
883,2024-06-03 19:00,17.6,164,2.8,0,960.7,1010.1,87.4,,
883,2024-06-03 20:00,16.3,160.7,3.7,0,960.8,1010.6,91.6,,
883,2024-06-03 21:00,15.3,143.7,1,0,961.2,1011.3,92.9,,
883,2024-06-03 22:00,14.1,114.2,.9,0,962,1012.5,89.4,,
883,2024-06-03 23:00,14.2,210.5,.9,0,962.4,1012.9,89.3,,
883,2024-06-04 00:00,13,92.3,1.8,0,962.6,1013.2,92,,
883,2024-06-04 01:00,12.7,110.3,2.1,0,962.4,1013,88.4,,
883,2024-06-04 02:00,12.2,97.1,2.3,0,962.8,1013.6,86,,
883,2024-06-04 03:00,11.5,93.4,2.7,0,962.6,1013.6,87.3,,
883,2024-06-04 04:00,11.4,91.5,1.5,0,963,1014,90,,
883,2024-06-04 05:00,12.1,82.1,1.3,0,963.2,1014,88.4,,
883,2024-06-04 06:00,12,101.2,2.8,0,963.5,1014.4,91.3,,
883,2024-06-04 07:00,16.3,75.4,2.6,0,963.9,1013.9,81.1,,
883,2024-06-04 08:00,17.8,314.7,1.3,0,964.4,1014,80.3,,
883,2024-06-04 09:00,19.6,319.6,2.4,0,964.8,1014.3,72.7,,
883,2024-06-04 10:00,20.6,283.4,2.5,0,965.1,1014.4,68.8,,
883,2024-06-04 11:00,23.7,28.9,3.5,0,964.9,1013.3,63,,
883,2024-06-04 12:00,20.1,270.5,2.7,0,965,1014.4,75.9,,
883,2024-06-04 13:00,20.2,287.6,2.4,0,964.8,1014.2,73.7,,
883,2024-06-04 14:00,21.4,273.5,3.5,0,964.6,1013.6,72.4,,
883,2024-06-04 15:00,22.9,49.2,4.2,0,964.5,1013.1,59.6,,
883,2024-06-04 16:00,22.9,34.3,3.7,0,964.9,1013.5,54.4,,
883,2024-06-04 17:00,19.4,315.6,3.8,0,965,1014.6,75.7,,
883,2024-06-04 18:00,18.1,322.7,3.5,0,965.4,1014.9,79.6,,
883,2024-06-04 19:00,16.4,315.6,1.7,0,965.9,1016,85.6,,
883,2024-06-04 20:00,13.8,19.9,2.4,0,966.4,1017,95.2,,
883,2024-06-04 21:00,14.3,121.8,1.3,0,967.3,1018.1,92.2,,
883,2024-06-04 22:00,14.4,0,.1,0,967.6,1018.3,90.9,,
883,2024-06-04 23:00,14.3,87.3,2.1,0,967.6,1018.4,91.5,,
883,2024-06-05 00:00,13.5,73,3.3,0,967.6,1018.3,88.1,,
883,2024-06-05 01:00,13.2,109.5,2.3,0,967.5,1018.3,89.7,,
883,2024-06-05 02:00,13.9,99.6,3.3,0,967.1,1017.7,84.2,,
883,2024-06-05 03:00,13.6,98.2,3.6,0,966.7,1017.3,84.9,,
883,2024-06-05 04:00,12.6,104.8,2.6,0,966.6,1017.5,88.4,,
883,2024-06-05 05:00,11.4,111.4,2.9,0,967.2,1018.4,87.9,,
883,2024-06-05 06:00,12.5,95.6,3.1,0,967,1017.9,86.6,,
883,2024-06-05 07:00,15,150.7,2.4,0,967,1017.5,79.9,,
883,2024-06-05 08:00,17.4,184.2,1,0,967.4,1017.2,77.9,,
883,2024-06-05 09:00,18.4,205.7,1.8,0,967.4,1016.9,72.3,,
883,2024-06-05 10:00,18.6,280.9,1.3,0,967.5,1017,72.9,,
883,2024-06-05 11:00,19.7,245.9,1.1,0,967.1,1016.7,71.7,,
883,2024-06-05 12:00,18.2,243,3.8,0,967.6,1017.2,78.6,,
883,2024-06-05 13:00,18.7,245.5,2.4,0,967.4,1016.9,76.7,,
883,2024-06-05 14:00,18.5,259.3,1.7,0,967.2,1016.7,79.7,,
883,2024-06-05 15:00,17.7,247.2,1.3,0,967.2,1016.9,83.8,,
883,2024-06-05 16:00,19.9,1.6,2.4,0,966,1015.5,73.8,,
883,2024-06-05 17:00,19.7,238.7,2,0,965.9,1015.5,55.9,,
883,2024-06-05 18:00,17.6,305.2,2.7,0,967,1016.8,83.6,,
883,2024-06-05 19:00,16.3,0,.1,0,967.1,1017.2,90,,
883,2024-06-05 20:00,18.2,145.9,3.9,0,966.3,1015.8,51.4,,
883,2024-06-05 21:00,17.7,173,3.3,0,966.3,1016,71.2,,
883,2024-06-05 22:00,18.2,173.4,2.1,0,966.9,1016.5,72,,
883,2024-06-05 23:00,17.3,151.3,2.5,0,967.5,1017.4,76.7,,
883,2024-06-06 00:00,17.5,160.2,1.6,0,967.2,1017,78,,
883,2024-06-06 01:00,17.1,79.7,.7,0,966.5,1016.4,79.6,,
883,2024-06-06 02:00,16.9,68.5,2.1,0,966.3,1016.2,78,,
883,2024-06-06 03:00,17,150.7,1.1,0,966,1015.9,84.4,,
883,2024-06-06 04:00,17.9,153.7,2.6,0,966.1,1015.7,81.6,,
883,2024-06-06 05:00,18.1,155.3,3,0,966.2,1015.8,82.9,,
883,2024-06-06 06:00,17.2,154,4.2,.5,966.3,1016.1,87,,
883,2024-06-06 07:00,17.1,146.9,2.8,0,966.7,1016.6,85.3,,
883,2024-06-06 08:00,17.6,150.8,3.8,.5,966.8,1016.5,88,,
883,2024-06-06 09:00,18.6,133,2.9,0,966.5,1015.9,83.1,,
883,2024-06-06 10:00,18.7,187.3,1.6,0,966.7,1016.1,81.3,,
883,2024-06-06 11:00,18.7,32.3,2.5,0,966.6,1016,90.5,,
883,2024-06-06 12:00,18.5,37,1.7,0,966.7,1016.2,89.7,,
883,2024-06-06 13:00,19.2,156.3,4.1,0,966.6,1016.4,79.1,,
883,2024-06-06 14:00,19.2,112.9,2.6,0,966.1,1015.8,75.7,,
883,2024-06-06 15:00,19.2,154.6,4.2,0,965.7,1015.4,66.7,,
883,2024-06-06 16:00,18.3,18.9,2.5,0,965.3,1014.8,89.3,,
883,2024-06-06 17:00,18.3,110.7,2,0,965,1014.5,71.4,,
883,2024-06-06 18:00,17.9,9.2,1.8,0,964.9,1014.5,84.9,,
883,2024-06-06 19:00,17.3,0,0,0,965,1014.7,90.2,,
883,2024-06-06 20:00,17.4,158.7,2.2,0,965.1,1014.8,79.2,,
883,2024-06-06 21:00,17.7,135.9,5.3,0,965.5,1015.2,80.4,,
883,2024-06-06 22:00,15.9,170.8,4.2,0,965.8,1016,95.2,,
883,2024-06-06 23:00,16.7,109,4.2,.5,965.7,1015.7,82.8,,
883,2024-06-07 00:00,16.9,135.9,5,0,965.3,1015.2,72.9,,
883,2024-06-07 01:00,16.9,123.6,5.4,0,965,1014.9,70.5,,
883,2024-06-07 02:00,16.6,130,2.6,0,964.6,1014.5,77.5,,
883,2024-06-07 03:00,16,35.7,3,0,964.3,1014.4,93.5,,
883,2024-06-07 04:00,16.9,144.9,3,0,964.3,1014.1,82.2,,
883,2024-06-07 05:00,16.7,137,3.3,0,964.2,1014.1,83.6,,
883,2024-06-07 06:00,16.1,73.4,2.5,0,964.1,1014.2,88.4,,
883,2024-06-07 07:00,17.4,40.7,1.3,0,964.1,1013.8,84.8,,
883,2024-06-07 08:00,18.6,11.3,2.8,0,964.2,1013.5,77.9,,
883,2024-06-07 09:00,19,126.5,3.9,0,964.1,1013.8,76.1,,
883,2024-06-07 10:00,21,141.8,4.2,0,963.8,1012.9,66,,
883,2024-06-07 11:00,20.6,127.3,4.3,0,963.8,1013,68.7,,
883,2024-06-07 12:00,22.4,165.4,3.9,0,963.7,1012.4,67.6,,
883,2024-06-07 13:00,22,163.8,5,0,963.1,1011.9,72.2,,
883,2024-06-07 14:00,23.4,137,5.4,0,962.4,1010.7,65,,
883,2024-06-07 15:00,21.5,173,5.9,0,962.3,1011.2,70,,
883,2024-06-07 16:00,20.8,164,7.1,0,961.6,1010.6,76.5,,
883,2024-06-07 17:00,20.4,165.8,4.8,0,961.7,1010.9,80.2,,
883,2024-06-07 18:00,20.3,163.9,7.1,0,961.4,1010.6,82.3,,
883,2024-06-07 19:00,19.1,172.6,7.4,0,961.4,1010.9,87.5,,
883,2024-06-07 20:00,18.9,168,7.2,0,961.7,1010.8,89.4,,
883,2024-06-07 21:00,18.8,175.2,5.9,0,961.9,1011,91.1,,
883,2024-06-07 22:00,18.9,170.2,7.6,0,961.7,1010.8,89.6,,
883,2024-06-07 23:00,18.8,176.1,6.7,0,961.9,1011,90.9,,
883,2024-06-08 00:00,18.9,162.7,6.8,0,961.3,1010.4,89.6,,
883,2024-06-08 01:00,18.9,160.2,6.9,0,960.9,1010,87.5,,
883,2024-06-08 02:00,18.8,165.9,5.3,0,961,1010.1,92.9,,
883,2024-06-08 03:00,18.8,153,5.6,0,960.7,1009.8,93.5,,
883,2024-06-08 04:00,17.9,159.5,5.1,0,959.5,1008.8,97.8,,
883,2024-06-08 05:00,18.2,145.5,3.4,0,959.5,1008.7,96.6,,
883,2024-06-08 06:00,18.5,151.9,5.2,1,959.3,1008.4,96,,
883,2024-06-08 07:00,18.7,162.3,2.6,4.5,959.8,1008.9,97.2,,
883,2024-06-08 08:00,19,176,3.8,8,959.6,1009,98,,
883,2024-06-08 09:00,19.5,173.4,5.6,4.5,959.4,1008.7,96.1,,
883,2024-06-08 10:00,19.4,166.7,5,3.5,959.3,1008.6,97.4,,
883,2024-06-08 11:00,20,175.6,4.5,1.5,958.9,1008,96.5,,
883,2024-06-08 12:00,21.2,185.6,2.5,1,958.7,1007.5,96.4,,
883,2024-06-08 13:00,21.7,189.3,1.8,.5,958,1006.6,95.3,,
883,2024-06-08 14:00,20.3,324.9,1.1,1.5,957.4,1006.4,94.8,,
883,2024-06-08 15:00,20.8,29.5,3.8,3.5,956.9,1005.7,97.6,,
883,2024-06-08 16:00,22.3,77.5,2.7,1,956.2,1004.5,90.5,,
883,2024-06-08 17:00,22.4,30.7,4.5,0,955.7,1004,90.4,,
883,2024-06-08 18:00,19.7,32.2,4.3,0,955.8,1004.9,97.3,,
883,2024-06-08 19:00,20,51.5,3.3,0,956,1005,93.8,,
883,2024-06-08 20:00,19.3,40.4,3.4,0,956.4,1005.6,98.1,,
883,2024-06-08 21:00,18.4,22,4.4,0,956.4,1005.4,99,,
883,2024-06-08 22:00,17.8,38.7,3,0,956.3,1005.4,99.6,,
883,2024-06-08 23:00,17.6,50.8,2.6,0,956,1005.2,99.7,,
883,2024-06-09 00:00,17.5,32.1,2.7,0,955.4,1004.6,99.5,,
883,2024-06-09 01:00,17,46.9,1.9,0,955.3,1004.6,99.3,,
883,2024-06-09 02:00,17.7,33.8,3.7,0,955.8,1005,99.5,,
883,2024-06-09 03:00,17.9,29.6,6,0,955.8,1004.9,99.6,,
883,2024-06-09 04:00,17.4,38.8,7,0,955.7,1004.9,99.4,,
883,2024-06-09 05:00,17.2,44,6.5,0,955.5,1004.8,99.8,,
883,2024-06-09 06:00,17.4,44.8,4.7,0,955.8,1005,99.7,,
883,2024-06-09 07:00,17.8,34,5.6,0,956.5,1005.7,98.6,,
883,2024-06-09 08:00,19.8,34,6,0,956.9,1006,93,,
883,2024-06-09 09:00,19.9,31.5,6,0,957.4,1006.5,93.1,,
883,2024-06-09 10:00,20.2,41.7,5.3,0,957.7,1006.7,89.3,,
883,2024-06-09 11:00,18.7,37.2,3.8,0,958.4,1007.4,94.2,,
883,2024-06-09 12:00,20.5,29.6,5.6,0,958.8,1007.8,90.2,,
883,2024-06-09 13:00,20.7,21,5.1,0,959,1007.9,86.5,,
883,2024-06-09 14:00,20.8,28.9,4.8,0,958.6,1007.5,88.2,,
883,2024-06-09 15:00,24.6,29.2,5.8,0,958.6,1006.9,78.8,,
883,2024-06-09 16:00,23.1,36.4,4.8,0,958.2,1006.4,78,,
883,2024-06-09 17:00,23.8,25.8,4.2,0,958.1,1006.1,75.8,,
883,2024-06-09 18:00,21.9,12.1,3.4,0,958.5,1007.1,80.4,,
883,2024-06-09 19:00,18.7,335.6,3.1,0,958.6,1007.6,95.7,,
883,2024-06-09 20:00,18,24,2.6,0,959.3,1008.5,98.2,,
883,2024-06-09 21:00,17.3,20.5,.9,0,960.3,1009.8,99,,
883,2024-06-09 22:00,17.3,36.8,2.3,0,960.5,1010,98.6,,
883,2024-06-09 23:00,16,35.6,3.1,0,960,1009.9,98.6,,
883,2024-06-10 00:00,15.3,52.1,2.1,0,959.8,1009.9,96.5,,
883,2024-06-10 01:00,15.1,67.9,1.3,0,959.6,1009.7,86.8,,
883,2024-06-10 02:00,13.8,126.5,2.1,0,960,1010.2,82.5,,
883,2024-06-10 03:00,15.1,113.7,1.6,0,960.2,1010.3,88.9,,
883,2024-06-10 04:00,15.2,63.8,1.7,0,960,1010.1,86.8,,
883,2024-06-10 05:00,15.9,99.4,3,0,960.2,1010.1,80.4,,
883,2024-06-10 06:00,15.7,94.2,2.3,0,960.5,1010.5,82,,
883,2024-06-10 07:00,18.3,93,1.3,0,960.8,1010,76.2,,
883,2024-06-10 08:00,20.3,0,0,0,960.7,1009.8,70.4,,
883,2024-06-10 09:00,21.7,266.6,1.5,0,961,1009.7,65.2,,
883,2024-06-10 10:00,22.4,239.2,.5,0,960.9,1009.4,63.9,,
883,2024-06-10 11:00,23.5,310.2,.5,0,960.1,1008.3,68.1,,
883,2024-06-10 12:00,25.2,316,1.8,0,959.9,1008.1,57.4,,
883,2024-06-10 13:00,25.8,294.9,2.5,0,959.4,1007.5,51.4,,
883,2024-06-10 14:00,26.5,308.4,2.3,0,959.2,1007.1,52.3,,
883,2024-06-10 15:00,26.5,266.9,2.2,0,959.2,1007.1,62.6,,
883,2024-06-10 16:00,24.3,239.8,2.4,0,959.3,1007.7,61.5,,
883,2024-06-10 17:00,23.9,237.4,2.4,0,958.9,1006.9,61.3,,
883,2024-06-10 18:00,22.5,211,2.8,0,958.8,1007.2,63,,
883,2024-06-10 19:00,20.4,210.4,2.2,0,959.1,1008.1,75,,
883,2024-06-10 20:00,18.1,183.9,2.3,0,959.4,1008.6,85.8,,
883,2024-06-10 21:00,18.6,177.1,3.1,0,959.8,1008.9,69.4,,
883,2024-06-10 22:00,18.1,173.8,3.6,0,960.3,1009.6,67.7,,
883,2024-06-10 23:00,17.5,180.5,3,0,960.3,1009.7,66,,
883,2024-06-11 00:00,18.5,169.2,3.8,0,959.9,1009,52.4,,
883,2024-06-11 01:00,17.5,144.8,2.1,0,960,1009.4,60.1,,
883,2024-06-11 02:00,15.4,105.4,2.4,0,959.8,1009.8,71.1,,
883,2024-06-11 03:00,15,89,1.5,0,959.6,1009.7,75,,
883,2024-06-11 04:00,14.9,101.2,3.2,0,959.8,1010,73.8,,
883,2024-06-11 05:00,15,91.1,2.5,0,960.1,1010.3,72.6,,
883,2024-06-11 06:00,15.5,100.8,1.8,0,960,1010,72.5,,
883,2024-06-11 07:00,17.8,99.8,1.9,0,959.8,1009.1,74.4,,
883,2024-06-11 08:00,21.5,50.8,1.8,0,959.6,1008.3,54.7,,
883,2024-06-11 09:00,22.5,254.2,1.4,0,959.4,1007.8,61.9,,
883,2024-06-11 10:00,22.3,311.2,1.9,0,959.5,1008,65.3,,
883,2024-06-11 11:00,23,344.3,2.1,0,959.3,1007.6,74.8,,
883,2024-06-11 12:00,23.5,262.5,.9,0,958.9,1007,81.3,,
883,2024-06-11 13:00,24.1,242.8,2.3,0,958.6,1007,79.7,,
883,2024-06-11 14:00,24.6,286,1.9,0,958,1006.3,77,,
883,2024-06-11 15:00,24,211,2.3,0,958.2,1006.6,67.3,,
883,2024-06-11 16:00,23.9,220.9,2.8,0,958.2,1006.2,60.6,,
883,2024-06-11 17:00,23,215.4,1.5,0,957.6,1005.8,67.8,,
883,2024-06-11 18:00,21.8,320.3,1.6,0,957.5,1006,84.6,,
883,2024-06-11 19:00,20.7,279.6,.9,0,957.5,1006.4,89.9,,
883,2024-06-11 20:00,18.3,259.8,1.1,0,957.7,1006.8,92.6,,
883,2024-06-11 21:00,17.6,78.2,.9,0,957.9,1007.2,90.6,,
883,2024-06-11 22:00,20.4,152,3.6,0,958,1007,60.1,,
883,2024-06-11 23:00,17.9,171.8,1.7,0,957.9,1007.1,71,,
883,2024-06-12 00:00,20.1,144.8,4.5,0,957.3,1006.3,72.4,,
883,2024-06-12 01:00,20.3,137.4,4.5,0,957.2,1006.2,73.9,,
883,2024-06-12 02:00,19,118.2,1.1,0,956.3,1005.6,82.3,,
883,2024-06-12 03:00,18.6,170.1,3.9,0,955.8,1004.7,82.3,,
883,2024-06-12 04:00,19.3,144.7,3.3,0,956.2,1005.4,86.2,,
883,2024-06-12 05:00,18.5,160.7,3,0,956.6,1005.6,91.3,,
883,2024-06-12 06:00,19.3,160.2,2.3,0,956.8,1006,91.9,,
883,2024-06-12 07:00,21.6,157.7,1.5,0,957.2,1005.8,82.5,,
883,2024-06-12 08:00,22.7,152.7,3.4,0,957.5,1005.8,78.1,,
883,2024-06-12 09:00,23.9,175.5,2.8,0,957.3,1005.2,77.4,,
883,2024-06-12 10:00,24.1,192.7,2.7,0,957.2,1005.5,76.6,,
883,2024-06-12 11:00,23.3,333.6,2.7,0,957.2,1005.3,70.9,,
883,2024-06-12 12:00,23.9,191.8,2.1,0,957,1004.9,72.4,,
883,2024-06-12 13:00,22.5,198.4,3,0,956.8,1005.1,80.8,,
883,2024-06-12 14:00,22.3,185.2,2.5,0,956,1004.3,82.5,,
883,2024-06-12 15:00,22.4,299.3,2.3,0,955.5,1003.8,82.1,,
883,2024-06-12 16:00,22,294.4,3,0,955.6,1004,83.6,,
883,2024-06-12 17:00,23.4,308.9,1.9,0,955.2,1003.2,74.7,,
883,2024-06-12 18:00,22.7,39.9,3.6,0,955.2,1003.4,83.3,,
883,2024-06-12 19:00,20.1,306.9,2.2,0,955.9,1004.8,90.9,,
883,2024-06-12 20:00,19.8,0,.2,0,955.9,1004.9,91.9,,
883,2024-06-12 21:00,19.7,142.9,2,0,955.8,1004.9,88.4,,
883,2024-06-12 22:00,20.4,143.2,4.8,0,955.3,1004.1,81,,
883,2024-06-12 23:00,18.9,98.4,3.2,0,955.8,1004.6,87.1,,
883,2024-06-13 00:00,19,98,3.6,0,955.4,1004.6,87.1,,
883,2024-06-13 01:00,17.3,66.2,2,0,955.3,1004.5,92.7,,
883,2024-06-13 02:00,16.9,64.5,2.3,0,955.3,1004.7,95.3,,
883,2024-06-13 03:00,18.1,103.6,3.4,0,954.9,1003.9,89.1,,
883,2024-06-13 04:00,17.2,85.3,2.2,0,954.9,1004.2,91.8,,
883,2024-06-13 05:00,17.5,94.6,3,0,955.1,1004.3,91.2,,
883,2024-06-13 06:00,17.2,88.8,4.1,0,955.1,1004.4,86.9,,
883,2024-06-13 07:00,21.2,149.4,2.2,0,955.5,1004.1,79.2,,
883,2024-06-13 08:00,22.7,319.4,1,0,955.8,1004,74,,
883,2024-06-13 09:00,23.3,18.7,2.7,0,956.1,1004.1,80.5,,
883,2024-06-13 10:00,23.7,35.6,2.4,0,956.1,1004,75.8,,
883,2024-06-13 11:00,25.2,17,2,0,955.8,1003.8,70.3,,
883,2024-06-13 12:00,26.3,263,.5,0,955.3,1003.1,71.8,,
883,2024-06-13 13:00,23.9,244.7,2.6,0,955.3,1003.1,76.1,,
883,2024-06-13 14:00,24.9,1.2,2.1,0,955.5,1003.6,73.4,,
883,2024-06-13 15:00,24.6,296.1,3.1,0,955.9,1004.1,68.9,,
883,2024-06-13 16:00,24.4,297.4,1.9,0,955.9,1004.1,73.9,,
883,2024-06-13 17:00,24.1,305.9,1.6,0,955.5,1003.8,73.8,,
883,2024-06-13 18:00,24.9,32.1,2.3,0,955.5,1003.6,73.4,,
883,2024-06-13 19:00,22.4,312.1,1.4,0,955.7,1004,79.1,,
883,2024-06-13 20:00,19.7,214.1,1.5,0,956.1,1005.2,92.4,,
883,2024-06-13 21:00,19.1,191.2,1.4,0,956.6,1005.9,93.1,,
883,2024-06-13 22:00,19,193.3,2.5,0,956.9,1006.2,92,,
883,2024-06-13 23:00,20,163.3,3.4,0,956.5,1005.5,89.4,,
883,2024-06-14 00:00,20,163.3,3.8,0,955.8,1004.8,89.4,,
883,2024-06-14 01:00,20.4,165.7,4,0,956.3,1005.2,88.7,,
883,2024-06-14 02:00,20,172.5,3,0,956.5,1005.5,89.1,,
883,2024-06-14 03:00,20.5,159.6,4.4,0,956.2,1005,83.7,,
883,2024-06-14 04:00,20.4,155.8,3.5,0,956.5,1005.4,83,,
883,2024-06-14 05:00,20,164.5,3.5,0,956.5,1005.5,85.8,,
883,2024-06-14 06:00,20.4,148,3.8,0,956.6,1005.5,85.8,,
883,2024-06-14 07:00,21.9,155.4,1.7,0,957.1,1005.6,80.5,,
883,2024-06-14 08:00,22,273.4,1.4,0,957.1,1005.6,84.3,,
883,2024-06-14 09:00,23.9,204.4,1.1,0,956.9,1004.8,78.7,,
883,2024-06-14 10:00,25.7,192.3,2.3,0,956.6,1004.6,71.4,,
883,2024-06-14 11:00,25.3,192.2,2.8,0,956.6,1004.6,73.1,,
883,2024-06-14 12:00,24.4,18.9,1.6,0,956.3,1004.5,73.2,,
883,2024-06-14 13:00,26.6,194.7,3.1,0,955.7,1003.4,69.8,,
883,2024-06-14 14:00,26.4,149.1,6.8,0,955.1,1002.8,70,,
883,2024-06-14 15:00,25.2,156.7,6.4,0,955.1,1003.1,72.3,,
883,2024-06-14 16:00,25,160.3,5.4,0,955.5,1003.6,76.1,,
883,2024-06-14 17:00,23.8,168.3,3.6,0,955.7,1003.6,83.6,,
883,2024-06-14 18:00,22.3,152,6.4,0,955.7,1004,84,,
883,2024-06-14 19:00,21.9,135,6.2,0,955.7,1004.1,83,,
883,2024-06-14 20:00,21.7,132.4,5.4,0,955.4,1003.9,79.2,,
883,2024-06-14 21:00,21.3,143.4,4.8,0,955.3,1003.9,74,,
883,2024-06-14 22:00,21.3,85,2.9,0,955.7,1004.3,84.2,,
883,2024-06-14 23:00,20.2,118.7,1.1,0,956.3,1005.2,92.7,,
883,2024-06-15 00:00,21.5,143.7,5.7,0,956.1,1004.7,76.6,,
883,2024-06-15 01:00,21.7,144.6,4.6,0,955.5,1004,79.5,,
883,2024-06-15 02:00,21.2,156.7,3.7,0,955,1003.6,83.2,,
883,2024-06-15 03:00,20.6,144.4,2.3,0,954.3,1003,91.6,,
883,2024-06-15 04:00,20.4,162.3,2.9,0,953.8,1002.5,89.8,,
883,2024-06-15 05:00,19,227.4,.6,0,953.9,1003.1,90,,
883,2024-06-15 06:00,20.6,156.6,5.1,0,953.6,1002.3,87.9,,
883,2024-06-15 07:00,21.5,30.5,3.5,0,954.4,1002.9,85.8,,
883,2024-06-15 08:00,23.5,40.4,2.6,0,955,1002.9,82.4,,
883,2024-06-15 09:00,24,27.6,2.4,0,955.2,1003.5,76.4,,
883,2024-06-15 10:00,22.7,303.6,1.2,0,955.6,1003.8,84.3,,
883,2024-06-15 11:00,23.2,216.9,1.8,0,955.6,1003.7,87,,
883,2024-06-15 12:00,23,314.5,2.5,0,955.4,1003.5,85.3,,
883,2024-06-15 13:00,24.7,331.9,2.4,0,954.8,1002.9,76.9,,
883,2024-06-15 14:00,27.3,36.6,3.4,0,954,1001.5,67.4,,
883,2024-06-15 15:00,25.2,242.8,1.6,0,954,1001.9,80.6,,
883,2024-06-15 16:00,24,324.7,3.5,0,954,1002.2,78.7,,
883,2024-06-15 17:00,24,20.2,2.9,0,954,1002.2,79.6,,
883,2024-06-15 18:00,22.7,307.6,1.6,0,954,1002.1,86.1,,
883,2024-06-15 19:00,21.9,276.2,1.2,0,954.6,1003,91.5,,
883,2024-06-15 20:00,21,305,2.6,0,955.4,1004.1,95.3,,
883,2024-06-15 21:00,20.7,19.8,1.4,0,955.8,1004.6,95.6,,
883,2024-06-15 22:00,20.6,278.3,1.5,0,956.4,1005.2,97.2,,
883,2024-06-15 23:00,20.6,291.1,1.3,0,956.7,1005.5,97.3,,
883,2024-06-16 00:00,20.7,299.7,2.1,0,956.6,1005.4,97.7,,
883,2024-06-16 01:00,19.5,63.7,3.2,0,956.4,1005.5,98.2,,
883,2024-06-16 02:00,19,56.7,2,0,955.9,1005.2,96.9,,
883,2024-06-16 03:00,19.2,73.1,2.7,0,956.3,1005.5,95.1,,
883,2024-06-16 04:00,18.8,62.5,2.3,0,956.7,1005.6,97.7,,
883,2024-06-16 05:00,18.8,18.8,2.1,0,957.1,1006,96.1,,
883,2024-06-16 06:00,19.6,24.6,2.9,0,957.7,1006.9,98.1,,
883,2024-06-16 07:00,20.2,34,2,0,958,1007,98,,
883,2024-06-16 08:00,20.9,26.7,3.9,0,958.4,1007.2,95.6,,
883,2024-06-16 09:00,22,21.4,3.5,0,958.4,1006.9,90.6,,
883,2024-06-16 10:00,22.8,28.9,3.9,0,958.8,1007.1,86.7,,
883,2024-06-16 11:00,22.1,355.8,2.8,0,958.9,1007.4,86.6,,
883,2024-06-16 12:00,24.3,18.8,3,0,959.1,1007.5,78.8,,
883,2024-06-16 13:00,25.6,24.8,3.7,0,958.9,1007,79.6,,
883,2024-06-16 14:00,25.5,24,3,0,958.5,1006.6,73.5,,
883,2024-06-16 15:00,25.6,25.6,3.6,0,958.4,1006.5,68.2,,
883,2024-06-16 16:00,25.5,18.7,3.6,0,958.2,1006.3,68.6,,
883,2024-06-16 17:00,23.8,23.4,3.2,0,958.3,1006.3,71.4,,
883,2024-06-16 18:00,23.5,11.5,2.5,0,958.9,1007,76.8,,
883,2024-06-16 19:00,21.2,25.8,3.5,0,959.3,1008.1,84.5,,
883,2024-06-16 20:00,18.9,46.2,2.7,0,959.9,1008.9,91.3,,
883,2024-06-16 21:00,18.5,85.7,2.8,0,960.1,1009.2,86.2,,
883,2024-06-16 22:00,18,83.2,3.7,0,960.1,1009.4,81.6,,
883,2024-06-16 23:00,18.3,93.5,3.5,0,960.3,1009.5,77.3,,
883,2024-06-17 00:00,17.2,99.6,2.9,0,959.8,1009.3,88.8,,
883,2024-06-17 01:00,17,97.8,1.6,0,959.8,1009.4,93.6,,
883,2024-06-17 02:00,16.7,109,2.7,0,959.5,1009.1,94.1,,
883,2024-06-17 03:00,17.5,99.7,1.9,0,959.5,1008.9,91.8,,
883,2024-06-17 04:00,18,109.3,2.7,0,959.6,1008.9,89,,
883,2024-06-17 05:00,18.4,101.2,3.2,0,959.3,1008.4,84.8,,
883,2024-06-17 06:00,18.6,97.9,3.3,0,959.2,1008.3,82.4,,
883,2024-06-17 07:00,19.1,101.3,3.5,0,958.8,1008.2,80.6,,
883,2024-06-17 08:00,20.4,113.5,3.1,0,959.5,1008.5,71.7,,
883,2024-06-17 09:00,20.6,133.5,1.7,0,959.4,1008.4,71.7,,
883,2024-06-17 10:00,19.2,133.6,2.1,0,960.1,1009.5,87.4,,
883,2024-06-17 11:00,20,139.6,2.2,1,959.7,1008.9,87.7,,
883,2024-06-17 12:00,20.6,157.3,2.9,0,959.4,1008.4,89,,
883,2024-06-17 13:00,19.3,125.7,4.4,0,959.1,1008.4,66.2,,
883,2024-06-17 14:00,18.6,121.4,3.3,0,958.4,1007.4,75.2,,
883,2024-06-17 15:00,18.3,120,4.9,.5,957.3,1006.4,81.5,,
883,2024-06-17 16:00,19.9,26.6,3.8,0,957.2,1006.3,93.1,,
883,2024-06-17 17:00,20.4,38.8,2.9,0,956.8,1005.7,78.4,,
883,2024-06-17 18:00,20.2,2,2,0,957.2,1006.2,79.1,,
883,2024-06-17 19:00,19.8,23.4,2.1,0,957.6,1006.7,81.5,,
883,2024-06-17 20:00,17.3,81.4,1.2,0,957.7,1007.1,88,,
883,2024-06-17 21:00,15.8,67.1,1.4,0,957.9,1007.7,90.5,,
883,2024-06-17 22:00,16.3,53.9,2.5,0,957.7,1007.4,94.9,,
883,2024-06-17 23:00,16.9,71.6,4.1,0,957.6,1007.1,91,,
883,2024-06-18 00:00,16.4,75.5,3.4,0,957.1,1006.7,87.8,,
883,2024-06-18 01:00,16,62.9,3.2,0,957,1006.7,86,,
883,2024-06-18 02:00,16.5,53.7,2.9,0,956.7,1006.2,90.6,,
883,2024-06-18 03:00,15,24,1,0,957,1007,96.4,,
883,2024-06-18 04:00,16,30.8,1.8,0,957.4,1007.1,98.2,,
883,2024-06-18 05:00,16.3,24,2.2,0,957.7,1007.4,98.4,,
883,2024-06-18 06:00,16.5,37.1,1.7,0,958,1007.6,98.5,,
883,2024-06-18 07:00,17.8,39.9,3,0,958.2,1007.4,78.2,,
883,2024-06-18 08:00,20.5,35.3,4.7,0,958.3,1007.2,67,,
883,2024-06-18 09:00,23.2,30.8,6.6,0,958.8,1007,60.9,,
883,2024-06-18 10:00,24.9,27.2,6.7,0,959,1007.3,42.7,,
883,2024-06-18 11:00,27,29.7,6.1,0,959,1006.8,37.2,,
883,2024-06-18 12:00,28.4,28.1,5.2,0,959.1,1006.6,42.6,,
883,2024-06-18 13:00,28.9,34.7,6.8,0,958.6,1005.9,38.9,,
883,2024-06-18 14:00,28.2,36.8,6.5,0,958.5,1006,41.8,,
883,2024-06-18 15:00,29.1,25.8,7.1,0,958.2,1005.7,35.4,,
883,2024-06-18 16:00,28.2,30,5.2,0,958.1,1005.6,35.3,,
883,2024-06-18 17:00,27.5,26,4.9,0,958.2,1005.8,43.8,,
883,2024-06-18 18:00,25.8,34.7,4.4,0,958.5,1006.5,51.1,,
883,2024-06-18 19:00,22.1,24.7,3.8,0,958.7,1007.2,49.2,,
883,2024-06-18 20:00,19.7,51.6,2.4,0,959.2,1008.4,53.3,,
883,2024-06-18 21:00,19.6,80.8,4.2,0,959.5,1008.8,56.6,,
883,2024-06-18 22:00,19.4,81.4,3.7,0,959.8,1009.1,59.9,,
883,2024-06-18 23:00,17.6,86.1,2.8,0,959.8,1009.2,65.6,,
883,2024-06-19 00:00,17.9,111.2,1,0,959.8,1009.1,64.1,,
883,2024-06-19 01:00,18.2,93.7,2.5,0,959.8,1009,61.4,,
883,2024-06-19 02:00,18.3,92.8,2.4,0,959.4,1008.6,60.7,,
883,2024-06-19 03:00,17.9,110.3,2.4,0,959.4,1008.7,63.4,,
883,2024-06-19 04:00,17.8,96.9,3.4,0,959.2,1008.5,63,,
883,2024-06-19 05:00,20,143.2,2.6,0,959.4,1008.5,55.2,,
883,2024-06-19 06:00,19.9,163.5,2.7,0,960.1,1009.3,58.3,,
883,2024-06-19 07:00,22.1,0,.2,0,960,1008.6,62.5,,
883,2024-06-19 08:00,24.6,149.3,5.9,0,959.8,1008.2,48.9,,
883,2024-06-19 09:00,27.2,178.6,1.8,0,959.7,1007.5,51.3,,
883,2024-06-19 10:00,27.5,154.7,4.8,0,959.6,1007.3,43.3,,
883,2024-06-19 11:00,27.3,164.8,4.5,0,960,1007.8,45.6,,
883,2024-06-19 12:00,27.1,159.6,4.3,0,960.1,1007.9,48.9,,
883,2024-06-19 13:00,24.1,160.3,4.3,0,960.2,1008.7,61.3,,
883,2024-06-19 14:00,23.5,155,3.7,0,959.6,1007.8,59.6,,
883,2024-06-19 15:00,21.8,188.4,2.8,0,959.6,1008.2,73.6,,
883,2024-06-19 16:00,22.2,178.4,4,0,959.3,1007.8,53.2,,
883,2024-06-19 17:00,21.2,183.4,3.5,0,958.8,1007.6,63.6,,
883,2024-06-19 18:00,20.3,174.8,3.8,0,958.9,1007.9,69.4,,
883,2024-06-19 19:00,19.8,156.7,4.9,0,958.8,1008,64.4,,
883,2024-06-19 20:00,20.9,174,7.8,0,957.5,1006.3,50.3,,
883,2024-06-19 21:00,20.2,159.2,4.3,0,958.7,1007.8,63.5,,
883,2024-06-19 22:00,18,182.2,4.5,0,958.7,1007.9,88.9,,
883,2024-06-19 23:00,19.7,151.1,6.6,0,958.5,1007.7,71.3,,
883,2024-06-20 00:00,19.4,156,7.8,0,957.8,1007,77.7,,
883,2024-06-20 01:00,18.8,149.7,7.1,0,957.3,1006.2,85.9,,
883,2024-06-20 02:00,18.3,141.1,6.8,0,956.4,1005.4,93.2,,
883,2024-06-20 03:00,19.4,136.2,8.4,.5,955.9,1005,93.5,,
883,2024-06-20 04:00,19.9,126.2,4,.5,955.7,1004.7,91,,
883,2024-06-20 05:00,20.4,135.2,5.3,0,955.3,1004.1,90.7,,
883,2024-06-20 06:00,21,147.3,7.5,0,954.9,1003.5,88.3,,
883,2024-06-20 07:00,20.7,141.9,6,1,955,1003.7,91.6,,
883,2024-06-20 08:00,21.3,133,7.7,1,954.9,1003.4,88.8,,
883,2024-06-20 09:00,21,158.2,4.4,2,954.8,1003.4,94.1,,
883,2024-06-20 10:00,20.8,156.6,3.5,4.5,954.9,1003.6,94.7,,
883,2024-06-20 11:00,21,138.4,7,9.5,953.7,1002.3,92.1,,
883,2024-06-20 12:00,20.5,134.6,9.8,12,953,1001.7,93.2,,
883,2024-06-20 13:00,20.8,142.9,7.4,9,952.9,1001.5,94.1,,
883,2024-06-20 14:00,20.6,31.7,3.4,25.5,953,1001.6,98.2,,
883,2024-06-20 15:00,21.3,101.8,5.9,25.5,952.2,1000.6,96.7,,
883,2024-06-20 16:00,21.8,152,8.1,4.5,950.5,998.7,90.7,,
883,2024-06-20 17:00,20.7,166.6,3.5,2,950.1,998.6,93.3,,
883,2024-06-20 18:00,20.5,44.5,3.6,.5,951.1,999.7,98.2,,
883,2024-06-20 19:00,21,106.8,4.3,0,950.4,998.8,91.6,,
883,2024-06-20 20:00,19.8,37,4.4,.5,952.5,1001.4,97.2,,
883,2024-06-20 21:00,19.7,92.3,1.1,0,952.6,1001.5,94.7,,
883,2024-06-20 22:00,19.4,127.6,2.1,0,952.6,1001.6,95.1,,
883,2024-06-20 23:00,19.9,100.8,2.6,0,953.3,1002.2,94.4,,
883,2024-06-21 00:00,20.2,160.7,1.6,0,952.9,1001.7,95.4,,
883,2024-06-21 01:00,21,166.8,3.1,0,953.2,1001.7,91.6,,
883,2024-06-21 02:00,21.5,173,2.7,0,953.1,1001.5,92.3,,
883,2024-06-21 03:00,21.5,175.6,2.4,0,952.9,1001.3,95.1,,
883,2024-06-21 04:00,21.2,197.2,.9,0,953.1,1001.6,97.8,,
883,2024-06-21 05:00,21.1,169.5,.5,0,953.6,1002.1,98.4,,
883,2024-06-21 06:00,21.5,182.2,2.3,0,953.6,1002,98.4,,
883,2024-06-21 07:00,21.4,181.7,1.3,0,954.2,1002.7,97.5,,
883,2024-06-21 08:00,21.7,202.8,1.5,0,954.6,1003,97.2,,
883,2024-06-21 09:00,22.2,168,3.4,0,954.3,1002.6,98.1,,
883,2024-06-21 10:00,26.1,247,2.8,0,954.4,1002.2,80.9,,
883,2024-06-21 11:00,26.2,217.4,1.6,0,954.2,1001.9,80.7,,
883,2024-06-21 12:00,26.8,239,1.8,0,954.2,1001.8,76.3,,
883,2024-06-21 13:00,25.9,231.2,2.1,0,954.1,1001.9,77.6,,
883,2024-06-21 14:00,26.4,215.6,3,0,954,1001.7,78.3,,
883,2024-06-21 15:00,26.5,189,2.4,0,954.1,1001.7,80.1,,
883,2024-06-21 16:00,24.8,193.5,2.5,0,954.4,1002.4,84.8,,
883,2024-06-21 17:00,24.6,196.3,2.5,0,953.9,1002,85.9,,
883,2024-06-21 18:00,24.8,189.4,3.8,0,953.7,1001.7,83.9,,
883,2024-06-21 19:00,23.2,173.6,5.1,0,953.9,1001.9,91,,
883,2024-06-21 20:00,22.6,167.2,5.2,0,954.9,1003.1,96.8,,
883,2024-06-21 21:00,23,174.9,4.5,0,955,1003.1,94.9,,
883,2024-06-21 22:00,23.3,172.6,4.3,0,955.2,1003.2,95.1,,
883,2024-06-21 23:00,23.5,175.1,4.5,0,955,1002.9,94.3,,
883,2024-06-22 00:00,22.8,186.6,2.1,4,954.7,1002.8,98.4,,
883,2024-06-22 01:00,22.8,181,3.1,3,954.1,1002.2,98.4,,
883,2024-06-22 02:00,22.6,177.3,3,0,953.5,1001.6,98.5,,
883,2024-06-22 03:00,22.6,166.4,4.5,0,953.2,1001.3,98.8,,
883,2024-06-22 04:00,22.7,172.2,3.8,0,952.9,1001,99.1,,
883,2024-06-22 05:00,22.8,162.7,5.9,0,952.5,1000.5,99,,
883,2024-06-22 06:00,22.9,170.5,4.9,0,952.5,1000.5,98.4,,
883,2024-06-22 07:00,22.4,190.9,3.5,1.5,952.7,1000.8,99.3,,
883,2024-06-22 08:00,22.9,178.6,5,1,952.3,1000.3,99.3,,
883,2024-06-22 09:00,22.7,181.2,5.8,0,951.6,999.6,98.6,,
883,2024-06-22 10:00,22.7,200.4,4.8,.5,951.9,999.9,99.5,,
883,2024-06-22 11:00,22.5,220,5.1,2,952.1,1000.2,99.5,,
883,2024-06-22 12:00,22.3,232.6,5,26.5,952.3,1000.4,99.5,,
883,2024-06-22 13:00,22.9,211.4,3.6,3,951.6,999.5,99.5,,
883,2024-06-22 14:00,22.9,224.9,4.9,.5,951.5,999.4,99.8,,
883,2024-06-22 15:00,22.7,215.4,5,.5,950.8,998.7,99.5,,
883,2024-06-22 16:00,22.5,207.5,4.9,0,950.6,998.6,99.6,,
883,2024-06-22 17:00,22.6,203.9,5.1,1.5,950.3,998.3,99.7,,
883,2024-06-22 18:00,22.4,223.4,5,.5,950.7,998.7,99.7,,
883,2024-06-22 19:00,22.6,240.5,5,.5,951.4,999.4,99.7,,
883,2024-06-22 20:00,22.6,228,4.1,0,951.8,999.8,99.4,,
883,2024-06-22 21:00,22.3,222.4,3.6,0,952.2,1000.3,99.7,,
883,2024-06-22 22:00,22.2,210.3,3.7,0,952.8,1001,99.5,,
883,2024-06-22 23:00,22.3,209.2,3.7,.5,952.8,1001,99.7,,
883,2024-06-23 00:00,22.7,212.5,4.7,0,952.5,1000.5,99.6,,
883,2024-06-23 01:00,22.4,222.6,4.8,0,951.9,1000,99.7,,
883,2024-06-23 02:00,22.5,233.9,4.6,7.5,951.8,999.9,99.9,,
883,2024-06-23 03:00,22.4,243.4,4.5,.5,951.5,999.6,99.6,,
883,2024-06-23 04:00,22.2,247.6,3.5,0,951.3,999.4,99.7,,
883,2024-06-23 05:00,22.2,243.7,.9,1,951.3,999.4,99.6,,
883,2024-06-23 06:00,21.9,233.6,1.6,7,951.4,999.6,99.8,,
883,2024-06-23 07:00,21.9,0,0,9,951.4,999.6,99.7,,
883,2024-06-23 08:00,21.3,0,0,7.5,951.7,1000.1,99.9,,
883,2024-06-23 09:00,20,59,2.1,9,952.3,1001.1,99.9,,
883,2024-06-23 10:00,21.3,57.3,2.2,3.5,952,1000.4,99.7,,
883,2024-06-23 11:00,24.1,31.8,4.4,0,952.3,1000.4,97.1,,
883,2024-06-23 12:00,25.5,29.7,4.2,0,952.5,1000.3,81.7,,
883,2024-06-23 13:00,24.1,31.1,3.6,0,952.7,1000.8,88,,
883,2024-06-23 14:00,24.4,14,1.9,0,952.6,1000.6,83.4,,
883,2024-06-23 15:00,22.1,318.5,1.6,0,953.1,1001.3,93.5,,
883,2024-06-23 16:00,22.7,254.3,.9,0,953.2,1001.3,92.7,,
883,2024-06-23 17:00,24.1,234.8,1.1,0,952.7,1000.8,85.1,,
883,2024-06-23 18:00,22.6,220.9,2.7,0,953.6,1001.7,91.2,,
883,2024-06-23 19:00,21.4,185.5,2.6,0,953.9,1002.4,92.9,,
883,2024-06-23 20:00,20.8,176.6,2.2,0,954.6,1003.3,91.9,,
883,2024-06-23 21:00,20.8,157.4,2.8,0,955,1003.7,85,,
883,2024-06-23 22:00,20.2,187.5,2.4,0,955.6,1004.5,87,,
883,2024-06-23 23:00,20,175.7,3,0,955.5,1004.4,86.6,,
883,2024-06-24 00:00,20.5,194.8,3,0,955.7,1004.5,93.4,,
883,2024-06-24 01:00,20.9,214.8,2.9,0,955.5,1004.2,99.3,,
883,2024-06-24 02:00,20.9,217.6,2.7,.5,955.5,1004.2,99.6,,
883,2024-06-24 03:00,20.8,233.3,2.2,0,955.7,1004.4,99.7,,
883,2024-06-24 04:00,21,231,2.2,0,955.8,1004.5,99.7,,
883,2024-06-24 05:00,20.6,216.9,2.7,0,955.6,1004.4,99.7,,
883,2024-06-24 06:00,20.3,202.3,2.7,0,955.3,1004.2,99.7,,
883,2024-06-24 07:00,20.4,203.7,2.2,0,955.9,1004.8,99.7,,
883,2024-06-24 08:00,20.4,182.8,2.2,0,955.7,1004.5,99.8,,
883,2024-06-24 09:00,22.6,163.7,.5,0,955.5,1003.7,92.1,,
883,2024-06-24 10:00,23,0,.4,0,956.2,1004.3,78.7,,
883,2024-06-24 11:00,24.8,241.7,1.9,0,957,1005.2,76,,
883,2024-06-24 12:00,24.5,213,3.5,0,957.2,1005.5,81.6,,
883,2024-06-24 13:00,25.1,205.6,3.8,0,957.1,1005.2,78.4,,
883,2024-06-24 14:00,24.8,217.6,3.1,0,956.9,1005.1,80.7,,
883,2024-06-24 15:00,24,231.3,3.2,0,957.2,1005.6,78.5,,
883,2024-06-24 16:00,22.4,222.3,3.4,0,957.5,1005.9,89.2,,
883,2024-06-24 17:00,22.3,220.5,2.9,0,957.8,1006.2,89.2,,
883,2024-06-24 18:00,21.8,227.5,2.2,0,957.9,1006.5,92.2,,
883,2024-06-24 19:00,21.2,229.5,1.5,0,958.2,1006.9,94.7,,
883,2024-06-24 20:00,20.8,222.4,1.4,0,958.5,1007.4,96.3,,
883,2024-06-24 21:00,20.8,278.8,.5,0,959,1007.9,96.6,,
883,2024-06-24 22:00,21,276.9,2.5,0,959.6,1008.5,97.7,,
883,2024-06-24 23:00,21,285.4,2.1,0,959.7,1008.6,96.6,,
883,2024-06-25 00:00,20.7,0,0,0,959.4,1008.3,98.2,,
883,2024-06-25 01:00,20.5,26.8,2.4,0,959.4,1008.4,99.1,,
883,2024-06-25 02:00,19.7,24.4,3.4,0,959.8,1009.1,98.9,,
883,2024-06-25 03:00,19.9,36.5,1.8,0,960,1009.2,98.1,,
883,2024-06-25 04:00,19,60.9,2.4,0,959.9,1009.4,97.9,,
883,2024-06-25 05:00,18.7,24.3,2.6,0,960.7,1009.8,93.7,,
883,2024-06-25 06:00,19,125.4,2.2,0,960.5,1010,89.4,,
883,2024-06-25 07:00,19.1,34.2,2,0,960.9,1010.4,92.2,,
883,2024-06-25 08:00,19.8,25,3.6,0,961.3,1010.6,92.7,,
883,2024-06-25 09:00,20.8,23,3.7,0,961.4,1010.4,90.9,,
883,2024-06-25 10:00,21.1,27.5,4.5,0,961.5,1010.4,88.3,,
883,2024-06-25 11:00,20.7,357,3.7,0,961.8,1010.9,88.2,,
883,2024-06-25 12:00,21.4,21.5,4.6,0,962.2,1011.1,89.6,,
883,2024-06-25 13:00,21.5,28.6,2,0,962.5,1011.4,81.7,,
883,2024-06-25 14:00,21.9,36.2,1.8,0,962.4,1011.2,81.5,,
883,2024-06-25 15:00,20.7,188.7,2.1,0,962.7,1011.8,91.7,,
883,2024-06-25 16:00,20.4,167,3.1,0,962.6,1011.8,89.7,,
883,2024-06-25 17:00,22.2,22.5,3.1,0,962.4,1011.1,86.6,,
883,2024-06-25 18:00,20.7,17.6,2.5,0,962.5,1011.6,91.7,,
883,2024-06-25 19:00,18.9,317.1,2.1,0,963.4,1012.6,93.7,,
883,2024-06-25 20:00,18.5,21.2,2.7,0,963.9,1013.2,95.7,,
883,2024-06-25 21:00,18,21.9,4,0,964.2,1013.7,96.6,,
883,2024-06-25 22:00,18.1,48,4.4,0,964.2,1013.7,92.2,,
883,2024-06-25 23:00,17.9,74,3.3,0,965.1,1014.7,94,,
883,2024-06-26 00:00,17.7,67.1,3.3,0,964.7,1014.3,90.6,,
883,2024-06-26 01:00,17.1,49.5,2.7,0,964.2,1014,71.9,,
883,2024-06-26 02:00,17.9,64.3,3.1,0,964.6,1014.1,58.7,,
883,2024-06-26 03:00,17.6,107.4,2.4,0,964.4,1014,68.7,,
883,2024-06-26 04:00,18,93.4,2.4,0,965,1014.5,78.6,,
883,2024-06-26 05:00,17.6,0,0,0,965.2,1014.9,81.2,,
883,2024-06-26 06:00,17.5,104.4,.8,0,965.4,1015.1,80.3,,
883,2024-06-26 07:00,18.6,0,.3,0,965.8,1015.2,86.3,,
883,2024-06-26 08:00,19,0,0,0,965.8,1015.6,83.8,,
883,2024-06-26 09:00,19.5,0,.2,0,966.2,1015.8,79.6,,
883,2024-06-26 10:00,20.8,0,0,0,965.6,1014.8,79,,
883,2024-06-26 11:00,20.8,314.3,2.1,0,966.3,1015.6,81.9,,
883,2024-06-26 12:00,22.9,0,.3,0,965.4,1014,78,,
883,2024-06-26 13:00,22.9,303.6,2.7,0,965.5,1014.1,76.9,,
883,2024-06-26 14:00,22.1,273.4,2.3,0,965.2,1014,83.9,,
883,2024-06-26 15:00,23.1,300.5,1.3,0,964.9,1013.4,80.7,,
883,2024-06-26 16:00,22.2,268.7,1,0,965.2,1014,80.2,,
883,2024-06-26 17:00,22.2,356.7,.6,0,965,1013.8,80.7,,
883,2024-06-26 18:00,20.9,302.7,1.2,0,965.1,1014.3,88.2,,
883,2024-06-26 19:00,20.6,25.5,2.4,0,965.3,1014.6,90.5,,
883,2024-06-26 20:00,19.7,0,.1,0,965.4,1014.9,94.4,,
883,2024-06-26 21:00,19.3,0,0,0,965.6,1015.3,92.3,,
883,2024-06-26 22:00,19.2,0,0,0,965.9,1015.6,94.3,,
883,2024-06-26 23:00,19.7,0,0,0,965.9,1015.5,89.3,,
883,2024-06-27 00:00,19.5,0,0,0,964.9,1014.5,89.6,,
883,2024-06-27 01:00,19.2,71,1.8,0,964.6,1014.2,88.1,,
883,2024-06-27 02:00,19.3,0,0,0,964.4,1014,90,,
883,2024-06-27 03:00,19.2,0,0,0,963.9,1013.5,91.8,,
883,2024-06-27 04:00,19.9,0,0,0,963.8,1013.2,96.3,,
883,2024-06-27 05:00,19.9,147.4,.6,0,963.8,1013.2,98.2,,
883,2024-06-27 06:00,20.2,173,3.1,4,963.5,1012.8,98.4,,
883,2024-06-27 07:00,20.5,186.6,3.2,3,963.6,1012.8,97.5,,
883,2024-06-27 08:00,20.5,200.6,2.6,0,963.3,1012.5,97.2,,
883,2024-06-27 09:00,20.5,188.7,2.6,.5,962.9,1012.1,96.7,,
883,2024-06-27 10:00,20.8,184.1,2.4,1.5,962.4,1011.5,96.7,,
883,2024-06-27 11:00,20.6,160.8,4.2,5,962.1,1011.2,97.8,,
883,2024-06-27 12:00,20.4,157,4.9,7,961,1010.1,97.8,,
883,2024-06-27 13:00,20.4,142.9,2.7,14.5,960.8,1009.9,98.3,,
883,2024-06-27 14:00,20.4,150.4,3.4,19,960.4,1009.5,97.1,,
883,2024-06-27 15:00,20.8,31.9,2.5,7.5,959.4,1008.3,98.1,,
883,2024-06-27 16:00,21,166,.9,4,958.8,1007.6,98.7,,
883,2024-06-27 17:00,20.4,148.1,.9,3.5,958.7,1007.7,99,,
883,2024-06-27 18:00,20.6,183.3,2.9,3.5,958.6,1007.5,99.2,,
883,2024-06-27 19:00,20.7,166.9,4.2,2.5,958.1,1007,99.1,,
883,2024-06-27 20:00,20.5,206.8,3.4,.5,958.5,1007.5,99.4,,
883,2024-06-27 21:00,20,217.3,2.4,0,958.8,1007.9,99.4,,
883,2024-06-27 22:00,19.7,0,0,0,959.2,1008.4,99.5,,
883,2024-06-27 23:00,20,180.2,1,0,959.1,1008.2,99.6,,
883,2024-06-28 00:00,20.2,224.4,.5,0,959,1008.1,99.4,,
883,2024-06-28 01:00,20.1,0,.4,0,958.7,1007.8,99,,
883,2024-06-28 02:00,20.1,0,.1,0,958.6,1007.7,98.8,,
883,2024-06-28 03:00,20.2,0,0,0,958.6,1007.7,98.3,,
883,2024-06-28 04:00,20.3,215.2,.5,0,958.7,1007.7,98.5,,
883,2024-06-28 05:00,20.4,0,.3,3,958.5,1007.5,99.1,,
883,2024-06-28 06:00,20.7,206.5,.6,0,958.6,1007.5,99.5,,
883,2024-06-28 07:00,20.9,200.1,1.3,.5,958.8,1007.7,99.5,,
883,2024-06-28 08:00,21.6,207.3,1,0,959,1007.7,99.4,,
883,2024-06-28 09:00,22.2,229.1,1.2,0,959,1007.5,95.2,,
883,2024-06-28 10:00,24.3,192.1,1.8,0,958.8,1007.2,88.1,,
883,2024-06-28 11:00,25.1,240.8,2.3,0,958.7,1006.9,82.7,,
883,2024-06-28 12:00,26,219.2,2.5,0,958.3,1006.3,83.2,,
883,2024-06-28 13:00,25.4,213.3,2,0,957.8,1005.9,85.4,,
883,2024-06-28 14:00,23.9,187.4,3.5,0,958,1006,88.7,,
883,2024-06-28 15:00,24.7,173.5,2.9,0,957.9,1006.1,84.7,,
883,2024-06-28 16:00,23.8,207.4,1.6,0,957.8,1005.8,86.9,,
883,2024-06-28 17:00,22.5,208,2.3,0,958,1006.4,91.7,,
883,2024-06-28 18:00,21.7,197.6,2.7,0,958.4,1007,92.4,,
883,2024-06-28 19:00,21,191.2,2.3,0,959,1007.8,96,,
883,2024-06-28 20:00,20.6,190.5,2.6,0,958.9,1007.9,97.9,,
883,2024-06-28 21:00,20.3,186.5,2.8,0,959.4,1008.5,94.7,,
883,2024-06-28 22:00,20.2,186.3,1.5,0,959.7,1008.8,96,,
883,2024-06-28 23:00,20.4,175.7,2.1,0,959.4,1008.4,93.1,,
883,2024-06-29 00:00,19.9,185.4,2.5,0,959.2,1008.4,96.6,,
883,2024-06-29 01:00,20.3,183,3.7,0,959,1008,95,,
883,2024-06-29 02:00,20.4,186.8,4,0,958.8,1007.8,95.8,,
883,2024-06-29 03:00,20.6,182.4,3.8,0,959.2,1008.2,95.8,,
883,2024-06-29 04:00,21.1,177,4.6,2,958.7,1007.5,97.5,,
883,2024-06-29 05:00,21.2,189.1,3.7,0,958.7,1007.5,98,,
883,2024-06-29 06:00,21.5,169.8,5.7,0,958.2,1006.9,94.8,,
883,2024-06-29 07:00,21.3,164.6,6.1,1,958,1006.7,97.7,,
883,2024-06-29 08:00,22.3,166.4,7.4,6,957.8,1006.2,98.1,,
883,2024-06-29 09:00,22.4,163.4,9.1,11,957.7,1006.1,97.1,,
883,2024-06-29 10:00,22.7,165.7,7,4,956.9,1005.2,98,,
883,2024-06-29 11:00,22.9,192.4,4.1,11.5,956.8,1005,99,,
883,2024-06-29 12:00,22.8,208.6,6.4,31.5,957,1005.2,99.5,,
883,2024-06-29 13:00,23.2,201,5.4,5.5,955.9,1004,99.7,,
883,2024-06-29 14:00,23.4,206.1,6.4,6,955.5,1003.5,99.5,,
883,2024-06-29 15:00,23.3,217.2,7.2,3,955.1,1003.1,99.5,,
883,2024-06-29 16:00,23.3,221,7.4,.5,954.5,1002.5,99.5,,
883,2024-06-29 17:00,23.2,221.4,6.3,1,954.5,1002.5,99.6,,
883,2024-06-29 18:00,23.1,220.9,6.6,0,954.6,1002.6,99.6,,
883,2024-06-29 19:00,22.9,217.9,6.7,.5,954.9,1003,99.7,,
883,2024-06-29 20:00,22.8,216.1,6.5,0,954.8,1002.9,99.5,,
883,2024-06-29 21:00,22.9,217.7,7.5,0,955.1,1003.2,99.6,,
883,2024-06-29 22:00,22.8,212.2,6.5,0,955.3,1003.4,99.7,,
883,2024-06-29 23:00,22.9,216.7,6.6,0,955.1,1003.2,99.7,,
883,2024-06-30 00:00,23,218.8,6.6,0,955.2,1003.3,99.7,,
883,2024-06-30 01:00,23,222.1,8,0,954.7,1002.8,99.4,,
883,2024-06-30 02:00,23.1,223.5,7.6,0,954,1002,99.8,,
883,2024-06-30 03:00,23.1,222.5,7,0,953.7,1001.7,99.6,,
883,2024-06-30 04:00,23,218.1,7,0,953.5,1001.5,99.7,,
883,2024-06-30 05:00,23.2,218.5,7.1,0,953.5,1001.4,99.7,,
883,2024-06-30 06:00,23.1,216.2,7.2,0,953.4,1001.4,99.7,,
883,2024-06-30 07:00,23,214.7,6.6,0,953.2,1001.2,99.6,,
883,2024-06-30 08:00,23,214.4,7.5,0,953.8,1001.8,99.6,,
883,2024-06-30 09:00,22.8,215.4,7.3,.5,953.6,1001.7,99.7,,
883,2024-06-30 10:00,23.4,220,9.2,14,953.2,1001.1,99.9,,
883,2024-06-30 11:00,23,213.4,6.7,2,953.1,1001.1,99.8,,
883,2024-06-30 12:00,22.9,215.3,6.2,3.5,952.9,1000.9,99.9,,
883,2024-06-30 13:00,22.8,216.2,5.8,5,953,1001,99.9,,
883,2024-06-30 14:00,22.8,216.4,4.8,1.5,952.5,1000.5,99.9,,
883,2024-06-30 15:00,22.8,217.8,5.2,1,952.5,1000.5,99.8,,
883,2024-06-30 16:00,22.6,228.7,4.8,0,952.9,1001,99.8,,
883,2024-06-30 17:00,22.3,234.5,5.1,0,953.1,1001.3,99.9,,
883,2024-06-30 18:00,22.2,227.1,4.5,0,953.5,1001.7,99.8,,
883,2024-06-30 19:00,22.4,234.9,4.6,0,953.8,1002,99.9,,
883,2024-06-30 20:00,22.3,230.5,4.6,1,953.8,1002,99.7,,
883,2024-06-30 21:00,22.5,242.1,4.6,0,954.2,1002.4,99.8,,
883,2024-06-30 22:00,22.3,234.9,3.5,0,954.7,1003,99.9,,
883,2024-06-30 23:00,22.4,221.8,2.6,0,954.9,1003.1,99.9,,
883,2024-07-01 00:00,22.1,221.4,3.5,.5,955.4,1003.7,99.9,,
883,2024-07-01 01:00,22,200.5,3.5,.5,955.3,1003.7,99.9,,
883,2024-07-01 02:00,22.1,196.3,2.4,2,955.1,1003.4,100,,
883,2024-07-01 03:00,22,220.6,2.8,.5,955.2,1003.6,99.9,,
883,2024-07-01 04:00,21.7,194.3,1.5,0,954.9,1003.3,99.8,,
883,2024-07-01 05:00,21.7,194.4,2.4,0,954.9,1003.3,99.9,,
883,2024-07-01 06:00,21.3,183.7,2.9,0,955.1,1003.7,99.9,,
883,2024-07-01 07:00,21.9,225,1.9,0,955.3,1003.7,99.9,,
883,2024-07-01 08:00,22.1,229.8,.8,.5,955.3,1003.6,99.9,,
883,2024-07-01 09:00,23.1,0,.2,0,956,1004.1,99.3,,
883,2024-07-01 10:00,22.3,0,.2,0,956,1004.3,99.6,,
883,2024-07-01 11:00,22.4,195.9,1.3,0,956.3,1004.6,99.7,,
883,2024-07-01 12:00,25.3,209.2,1.3,0,956,1004,90.9,,
883,2024-07-01 13:00,25.5,233.9,1.3,0,955.9,1003.9,90.6,,
883,2024-07-01 14:00,24.2,216.3,1.5,0,956,1004.3,94.5,,
883,2024-07-01 15:00,23.4,210.3,1.7,0,955.9,1003.9,99.1,,
883,2024-07-01 16:00,22.8,200.5,2.6,.5,955.4,1003.6,99.2,,
883,2024-07-01 17:00,22.4,179.4,3.8,.5,955.2,1003.5,99.1,,
883,2024-07-01 18:00,23.4,173.2,3.8,0,955.2,1003.2,94.8,,
883,2024-07-01 19:00,22.7,173.3,5.3,0,955.7,1003.9,97,,
883,2024-07-01 20:00,22.9,167,5.2,0,955.9,1004.1,95.1,,
883,2024-07-01 21:00,23,165.5,5.6,0,956,1004.1,96.3,,
883,2024-07-01 22:00,23.2,170.7,4.9,.5,956.6,1004.7,98.7,,
883,2024-07-01 23:00,23.2,180,5.4,.5,956.4,1004.5,99.6,,
883,2024-07-02 00:00,23.4,178.2,5.1,0,955.8,1003.8,99.5,,
883,2024-07-02 01:00,23.4,187.7,5.4,.5,955.6,1003.6,99.7,,
883,2024-07-02 02:00,23.3,192.7,5,0,955.2,1003.2,99.8,,
883,2024-07-02 03:00,23.2,194.3,5.1,0,955.1,1003.1,99.9,,
883,2024-07-02 04:00,23.2,198.2,5.6,0,955,1003,99.9,,
883,2024-07-02 05:00,23.3,213.7,7.1,0,955.4,1003.4,99.8,,
883,2024-07-02 06:00,23.3,212.8,7.5,0,955.8,1003.8,99.9,,
883,2024-07-02 07:00,23.5,216.5,6.7,0,956.2,1004.2,99.8,,
883,2024-07-02 08:00,23.6,215.3,6.5,0,956.5,1004.5,99.8,,
883,2024-07-02 09:00,23.8,208.8,7.7,0,956.1,1004,99.8,,
883,2024-07-02 10:00,23.9,213.8,7.2,0,956.5,1004.4,99.8,,
883,2024-07-02 11:00,24.2,215.3,7.1,0,956.9,1005.2,99.7,,
883,2024-07-02 12:00,24.7,209.2,6.2,0,956.9,1005.1,99.7,,
883,2024-07-02 13:00,24.5,198.1,8.1,0,956.6,1004.8,99.6,,
883,2024-07-02 14:00,24.2,205.9,6.8,0,956.7,1005,99.8,,
883,2024-07-02 15:00,24.1,204,6.8,0,956.6,1004.9,99.8,,
883,2024-07-02 16:00,24,202.8,7.1,0,956.3,1004.6,99.7,,
883,2024-07-02 17:00,23.9,201.3,7,0,956.1,1004,99.7,,
883,2024-07-02 18:00,23.9,201.3,7.7,0,956.5,1004.4,99.8,,
883,2024-07-02 19:00,23.9,207.2,6.6,0,957.2,1005.1,97,,
883,2024-07-02 20:00,23.7,209.3,7,0,957.8,1005.8,97,,
883,2024-07-02 21:00,23.5,209.5,7.2,0,958.7,1006.8,99.4,,
883,2024-07-02 22:00,23.7,221.7,6.5,0,959.4,1007.5,98,,
883,2024-07-02 23:00,23.7,206.1,6.8,0,959.4,1007.5,99.4,,
883,2024-07-03 00:00,23.6,210.2,6.8,0,959.4,1007.5,99.3,,
883,2024-07-03 01:00,23.5,205.3,6.3,0,959.6,1007.8,99.7,,
883,2024-07-03 02:00,23.7,207,6.7,0,959.4,1007.5,99.5,,
883,2024-07-03 03:00,23.6,210.4,6.5,0,959.9,1008.1,99.8,,
883,2024-07-03 04:00,23.5,207.7,7,1,959.9,1008.1,99.7,,
883,2024-07-03 05:00,23.4,208.8,5.8,.5,960.3,1008.5,99.8,,
883,2024-07-03 06:00,23.4,206.9,5.6,.5,960.9,1009.2,99.8,,
883,2024-07-03 07:00,23.3,202.4,4.5,0,961.2,1009.5,99.9,,
883,2024-07-03 08:00,23.5,204.9,4.4,0,961.8,1010.1,99.8,,
883,2024-07-03 09:00,23.6,210.9,4.4,0,962.3,1010.6,100,,
883,2024-07-03 10:00,23.8,216.6,4.3,0,962.6,1010.8,99.8,,
883,2024-07-03 11:00,23.8,218.1,3.9,0,963,1011.3,99.9,,
883,2024-07-03 12:00,23.8,224,3.7,1,963,1011.3,100,,
883,2024-07-03 13:00,24,220.8,3.5,0,962.8,1011.5,99.9,,
883,2024-07-03 14:00,24.3,227.4,3.5,0,962.5,1011.1,99.8,,
883,2024-07-03 15:00,23.9,222.5,3.2,.5,962.3,1010.5,99.8,,
883,2024-07-03 16:00,24.2,207.9,2.6,0,962.3,1010.9,99.8,,
883,2024-07-03 17:00,24.3,207.9,3,0,962.2,1010.8,99.9,,
883,2024-07-03 18:00,24.1,213.8,2.9,0,962.2,1010.8,99.9,,
883,2024-07-03 19:00,23.9,189.6,2.2,0,962.2,1010.4,99.9,,
883,2024-07-03 20:00,23.5,182.1,2.4,0,962.9,1011.2,99.2,,
883,2024-07-03 21:00,23.5,184.4,2.7,0,963.4,1011.8,98.9,,
883,2024-07-03 22:00,23.5,177.4,2.6,0,963.6,1012,96.6,,
883,2024-07-03 23:00,23.6,176.9,3.3,0,963.6,1011.9,95.2,,
883,2024-07-04 00:00,23.7,178.8,2.7,0,963.3,1011.6,93.2,,
883,2024-07-04 01:00,23.6,157.6,2.9,0,962.8,1011.1,93.1,,
883,2024-07-04 02:00,22.5,165.6,3.8,0,962.6,1011.2,99.3,,
883,2024-07-04 03:00,23.3,172.2,2.4,0,962.4,1010.8,95.2,,
883,2024-07-04 04:00,23.7,156,3.7,0,962.2,1010.4,96.1,,
883,2024-07-04 05:00,23.9,182.5,.7,0,962.5,1010.7,95.4,,
883,2024-07-04 06:00,23.7,169.9,1.2,0,962.8,1011.1,98.2,,
883,2024-07-04 07:00,24.3,166.3,3.3,0,962.6,1011.2,96.4,,
883,2024-07-04 08:00,26.4,183,2.4,0,962.8,1010.9,88.9,,
883,2024-07-04 09:00,27.2,189.5,2.6,0,962.6,1010.5,89,,
883,2024-07-04 10:00,26.9,179.7,3.9,0,962.4,1010.4,87.6,,
883,2024-07-04 11:00,27,180.8,4.1,0,962.3,1010.2,86.9,,
883,2024-07-04 12:00,27.4,177.2,4.4,0,961.7,1009.5,84.6,,
883,2024-07-04 13:00,26.2,183.7,3.8,0,961.4,1009.5,89,,
883,2024-07-04 14:00,25,191.3,4.3,0,960.9,1009.2,93.9,,
883,2024-07-04 15:00,24.7,191.1,3.6,0,960.4,1008.8,95.2,,
883,2024-07-04 16:00,25.5,183.5,4.1,0,959.9,1008.1,89.7,,
883,2024-07-04 17:00,26.4,188.6,3.9,0,959.4,1007.3,88.1,,
883,2024-07-04 18:00,25,182,4.7,0,958.8,1007,90.2,,
883,2024-07-04 19:00,24.2,180.9,4.8,0,958.7,1007.1,92.3,,
883,2024-07-04 20:00,23.5,182.7,5,0,958.4,1006.5,96.8,,
883,2024-07-04 21:00,23.5,187.6,4.9,0,959,1007.1,98.6,,
883,2024-07-04 22:00,23.3,214.1,3.7,0,960.3,1008.6,99.3,,
883,2024-07-04 23:00,23.2,201.7,3.3,0,960.3,1008.6,99.2,,
883,2024-07-05 00:00,23.2,196.8,4.1,0,959.4,1007.6,98.8,,
883,2024-07-05 01:00,23.4,228.1,3.7,.5,959.4,1007.6,99.5,,
883,2024-07-05 02:00,23.4,221.9,3.6,1,958.7,1006.9,99.5,,
883,2024-07-05 03:00,23.4,230.2,3.5,1,958.6,1006.7,99.8,,
883,2024-07-05 04:00,23.3,212.8,3.2,0,958,1006.1,99.6,,
883,2024-07-05 05:00,23.4,212.7,2.9,.5,958.3,1006.4,99.6,,
883,2024-07-05 06:00,23.4,236.3,2,14.5,958.6,1006.7,99.8,,
883,2024-07-05 07:00,23.4,206.5,1.2,9.5,959.1,1007.3,99.7,,
883,2024-07-05 08:00,24.1,199.5,.9,0,959.1,1007.5,99.7,,
883,2024-07-05 09:00,25.5,0,0,0,959.1,1007.2,99.2,,
883,2024-07-05 10:00,27,226.4,1.4,0,959.2,1007,90.3,,
883,2024-07-05 11:00,28.3,220.6,1.9,0,959.1,1006.6,79.4,,
883,2024-07-05 12:00,28.6,239.4,1.7,0,959.1,1006.5,82.3,,
883,2024-07-05 13:00,29.2,247,2.3,0,958.8,1006.3,71.4,,
883,2024-07-05 14:00,29.4,260.7,2.9,0,958.6,1006.1,72.3,,
883,2024-07-05 15:00,30.1,244.3,2,0,958.4,1005.8,74.7,,
883,2024-07-05 16:00,30.3,235.5,2.3,0,958,1005.3,73.5,,
883,2024-07-05 17:00,29.8,228.5,2,0,958,1005.4,73.4,,
883,2024-07-05 18:00,28.8,201.8,2.2,0,958,1005.3,78.9,,
883,2024-07-05 19:00,26.5,185.9,3.5,0,957.9,1005.7,84.6,,
883,2024-07-05 20:00,24.9,170.7,4.2,0,958.1,1006.3,85.6,,
883,2024-07-05 21:00,24.7,175.9,4.3,0,958.5,1006.8,87.7,,
883,2024-07-05 22:00,24.5,184.3,3.8,0,958.8,1007.1,93.3,,
883,2024-07-05 23:00,23.8,188.1,4.4,0,958.7,1006.7,98.7,,
883,2024-07-06 00:00,23.5,204.7,3.8,0,958.6,1006.7,99.4,,
883,2024-07-06 01:00,23.4,210.9,3.9,0,959,1007.2,99.1,,
883,2024-07-06 02:00,23.3,205.1,4,0,958.8,1007,98.2,,
883,2024-07-06 03:00,23.3,199.5,4.3,0,958.3,1006.5,98,,
883,2024-07-06 04:00,23.2,198,4.3,0,958,1006.2,98.3,,
883,2024-07-06 05:00,23.4,193.5,6,0,958.2,1006.3,97.3,,
883,2024-07-06 06:00,23.4,196.5,6.2,0,958.2,1006.3,96.9,,
883,2024-07-06 07:00,23.7,188.2,6,0,958.4,1006.5,95.5,,
883,2024-07-06 08:00,24,190.6,3.7,0,958.8,1007.3,93.9,,
883,2024-07-06 09:00,24.4,190.7,5.8,0,959.5,1007.9,92,,
883,2024-07-06 10:00,25.3,190.4,6,0,959.9,1008.1,88.4,,
883,2024-07-06 11:00,25.8,193.4,6.2,0,960.2,1008.3,88.9,,
883,2024-07-06 12:00,26.8,189.4,5.7,0,959.8,1007.7,86.7,,
883,2024-07-06 13:00,26.7,191.3,5.9,0,959.4,1007.3,86.5,,
883,2024-07-06 14:00,27.1,199.9,4.7,0,959.5,1007.3,86,,
883,2024-07-06 15:00,26.2,199.8,5.7,0,959.5,1007.5,88.4,,
883,2024-07-06 16:00,25.5,199.6,5,0,959,1007.1,91.6,,
883,2024-07-06 17:00,26,195.7,5,0,958.8,1006.8,88.1,,
883,2024-07-06 18:00,25.5,191.9,4,0,958.4,1006.5,89.5,,
883,2024-07-06 19:00,24.6,192.5,5.1,0,958.5,1006.8,92.5,,
883,2024-07-06 20:00,24.3,193.7,4.9,0,958.9,1007.3,94.3,,
883,2024-07-06 21:00,24.2,210.7,5.1,0,959.3,1007.7,96.6,,
883,2024-07-06 22:00,24.1,217.2,4.6,0,959.7,1008.2,96.9,,
883,2024-07-06 23:00,24.1,221.5,5.7,0,959.7,1008.2,96.5,,
883,2024-07-07 00:00,24.1,215.8,5.1,0,959.7,1008.2,96.6,,
883,2024-07-07 01:00,24.1,218.5,5.2,0,959.6,1008.1,96.1,,
883,2024-07-07 02:00,24,226.9,5.4,0,959.6,1008.1,98.6,,
883,2024-07-07 03:00,23.6,219.7,5.6,0,959,1007.1,99.3,,
883,2024-07-07 04:00,23.8,217.7,5.1,0,958.7,1006.7,99,,
883,2024-07-07 05:00,23.9,217,5.6,0,958.6,1006.6,99.6,,
883,2024-07-07 06:00,24,218.8,6,0,958.9,1007.4,99.7,,
883,2024-07-07 07:00,24.1,209.7,5.4,0,958.8,1007.2,99.6,,
883,2024-07-07 08:00,23.9,212.8,5,0,960.3,1008.4,99.6,,
883,2024-07-07 09:00,24.2,207,5.6,0,960,1008.5,99.6,,
883,2024-07-07 10:00,24.4,201.9,4.7,0,960.1,1008.5,97.9,,
883,2024-07-07 11:00,24.7,200.3,4.8,0,960,1008.4,95.8,,
883,2024-07-07 12:00,24.7,198.8,4.4,0,959.9,1008.2,97.5,,
883,2024-07-07 13:00,25,197.8,4.2,0,959.2,1007.4,97,,
883,2024-07-07 14:00,24.8,206.1,4.1,0,959.3,1007.6,98.8,,
883,2024-07-07 15:00,24.7,199.5,3.6,0,959,1007.3,99.5,,
883,2024-07-07 16:00,24.7,192.7,3.8,0,959,1007.3,99.5,,
883,2024-07-07 17:00,24.6,191.9,3.5,0,958.6,1006.9,99.7,,
883,2024-07-07 18:00,24.6,189,3.3,0,958.3,1006.6,99.7,,
883,2024-07-07 19:00,24.4,188.8,3,.5,958.6,1007,99.7,,
883,2024-07-07 20:00,24.4,187,3.4,.5,958.5,1006.8,99.8,,
883,2024-07-07 21:00,24.5,199.4,3.5,.5,958.9,1007.2,99.7,,
883,2024-07-07 22:00,24.4,205.9,4.2,.5,958.8,1007.2,99.8,,
883,2024-07-07 23:00,24.2,216.6,4.2,0,958.7,1007.1,99.7,,
883,2024-07-08 00:00,24,211.3,4.9,0,958.9,1007.4,99.8,,
883,2024-07-08 01:00,23.6,214.9,4.6,0,958.7,1006.8,99.8,,
883,2024-07-08 02:00,23.7,216.3,4.7,0,958.2,1006.2,99.8,,
883,2024-07-08 03:00,23.5,214.5,3.5,0,958.1,1006.2,99,,
883,2024-07-08 04:00,23.5,215.1,3.6,0,957.5,1005.6,97.6,,
883,2024-07-08 05:00,23.8,204.9,4.8,0,957.5,1005.5,96.2,,
883,2024-07-08 06:00,23.9,207.4,4.5,0,958.1,1006.1,97.4,,
883,2024-07-08 07:00,24.1,209.1,4.8,0,958,1006.4,98,,
883,2024-07-08 08:00,24.5,204.2,5.2,0,958.5,1006.8,95,,
883,2024-07-08 09:00,24.7,205.4,5.1,0,958.2,1006.5,95.9,,
883,2024-07-08 10:00,24.6,195.9,5.2,0,958,1006.3,96.9,,
883,2024-07-08 11:00,24.9,192.8,4.5,0,958.1,1006.3,95.1,,
883,2024-07-08 12:00,24.6,198.9,4.5,0,958,1006.3,97.9,,
883,2024-07-08 13:00,24.6,205.8,4.2,0,957.7,1006,99,,
883,2024-07-08 14:00,24.8,205.5,4.4,0,957.1,1005.3,99.5,,
883,2024-07-08 15:00,24.6,206,4.3,0,957,1005.2,99.6,,
883,2024-07-08 16:00,24.5,207.9,4.3,0,957,1005.2,99.7,,
883,2024-07-08 17:00,24.5,200.5,3.7,0,957,1005.2,99.6,,
883,2024-07-08 18:00,24.5,204,3.4,0,956.9,1005.1,99.7,,
883,2024-07-08 19:00,24.4,202.6,3.2,0,957.3,1005.6,99.8,,
883,2024-07-08 20:00,24.3,209.6,3.5,0,957.5,1005.8,99.7,,
883,2024-07-08 21:00,24.4,211.6,3.7,0,957.9,1006.2,99.8,,
883,2024-07-08 22:00,24.4,215.6,4.4,0,957.9,1006.2,99.7,,
883,2024-07-08 23:00,24.5,214.1,4.6,0,957.8,1006.1,99.9,,
883,2024-07-09 00:00,24.5,221.2,4.8,0,957.7,1006,99.9,,
883,2024-07-09 01:00,24.4,213.8,5.1,0,957.3,1005.6,99.7,,
883,2024-07-09 02:00,24.3,209.2,5.1,.5,956.7,1005,99.8,,
883,2024-07-09 03:00,24.1,208.2,4.6,0,956.4,1004.7,99.7,,
883,2024-07-09 04:00,24.1,213.8,5.2,0,956.9,1005.2,99.9,,
883,2024-07-09 05:00,24.1,208.7,5.5,0,957.1,1005.4,99.9,,
883,2024-07-09 06:00,24,212.1,5,0,957.5,1005.9,99.8,,
883,2024-07-09 07:00,23.9,209.4,5.4,0,957.7,1005.7,99.9,,
883,2024-07-09 08:00,24.2,205.3,4.6,0,957.8,1006.2,99.7,,
883,2024-07-09 09:00,25.2,200.7,4.6,0,958.4,1006.6,96.4,,
883,2024-07-09 10:00,25.4,204.6,4.8,0,958.8,1006.9,92.8,,
883,2024-07-09 11:00,25.7,199.1,4.8,0,958.8,1006.9,90.9,,
883,2024-07-09 12:00,25.7,199,5.6,0,958.7,1006.8,90.2,,
883,2024-07-09 13:00,26,202.1,5.6,0,958.6,1006.6,89.3,,
883,2024-07-09 14:00,25.5,207.8,4.9,0,958.4,1006.5,90.3,,
883,2024-07-09 15:00,26,199.5,4.9,0,958.2,1006.2,86.7,,
883,2024-07-09 16:00,25.5,195.2,5.1,0,958.1,1006.2,89,,
883,2024-07-09 17:00,25.1,191.2,4.3,0,957.7,1005.8,89.3,,
883,2024-07-09 18:00,24.7,188.2,4.6,0,957.2,1005.4,88.7,,
883,2024-07-09 19:00,24.4,196.4,5.2,0,957.1,1005.4,91.6,,
883,2024-07-09 20:00,24.2,196.1,5.2,0,956.9,1005.2,93.2,,
883,2024-07-09 21:00,24.2,202.8,6.4,0,956.8,1005.1,94,,
883,2024-07-09 22:00,24.1,211.3,6.5,0,956.8,1005.1,94.6,,
883,2024-07-09 23:00,24.1,210.9,7.1,0,956.7,1005,96,,
883,2024-07-10 00:00,24,215,6.6,0,956.8,1005.2,97.8,,
883,2024-07-10 01:00,23.8,215.3,6,0,956.2,1004.1,98.7,,
883,2024-07-10 02:00,23.8,220,6.7,0,955.4,1003.3,98.7,,
883,2024-07-10 03:00,23.7,215.4,6.2,0,955,1002.9,99.4,,
883,2024-07-10 04:00,23.9,214.7,5.6,0,954.6,1002.4,99.5,,
883,2024-07-10 05:00,24,227.5,5.8,0,954.2,1002.4,99.6,,
883,2024-07-10 06:00,24,236,6,0,954.1,1002.3,99.7,,
883,2024-07-10 07:00,24.1,237.1,5.4,0,954.1,1002.3,99.8,,
883,2024-07-10 08:00,24,241.6,6.8,2,955,1003.3,100,,
883,2024-07-10 09:00,23.4,255.1,4.8,4,954.9,1002.9,99.9,,
883,2024-07-10 10:00,23.1,256.3,3.5,1,954.8,1002.8,99.9,,
883,2024-07-10 11:00,23.4,228.7,3,2,954.5,1002.4,99.9,,
883,2024-07-10 12:00,23.5,227.5,3.4,0,954.6,1002.5,99.8,,
883,2024-07-10 13:00,23.3,217.6,3.4,.5,954.7,1002.7,99.9,,
883,2024-07-10 14:00,23.3,205.8,3,5.5,954.1,1002,100,,
883,2024-07-10 15:00,23.2,222.9,4.4,3.5,954.5,1002.5,99.9,,
883,2024-07-10 16:00,23.1,219.2,2.3,1.5,954.7,1002.7,100,,
883,2024-07-10 17:00,22.9,236.1,2.1,2.5,954.5,1002.6,99.9,,
883,2024-07-10 18:00,22.9,190.4,3.3,0,952.8,1000.8,99.6,,
883,2024-07-10 19:00,22.9,218.2,3.5,0,953.3,1001.3,99.5,,
883,2024-07-10 20:00,22.6,234.6,3.9,0,953.5,1001.6,99.7,,
883,2024-07-10 21:00,21.7,261.6,.6,.5,954.1,1002.5,99.8,,
883,2024-07-10 22:00,21.2,30.7,4.3,0,954.5,1003.1,99.9,,
883,2024-07-10 23:00,20.8,29.6,3.4,0,955,1003.7,99.8,,
883,2024-07-11 00:00,20.9,33.9,2.8,0,955,1003.7,99.9,,
883,2024-07-11 01:00,20.3,26.3,3.5,0,954.6,1003.4,100,,
883,2024-07-11 02:00,20.3,65.1,3.2,.5,954.3,1003.1,99.9,,
883,2024-07-11 03:00,20.1,50.7,1.9,0,954.2,1003.1,99.6,,
883,2024-07-11 04:00,20.3,44.6,2.5,0,954.3,1003.1,99.8,,
883,2024-07-11 05:00,20.3,16.6,1.2,0,954.5,1003.3,99.2,,
883,2024-07-11 06:00,20.2,0,.3,0,954.6,1003.4,99.1,,
883,2024-07-11 07:00,20.5,0,0,0,954.7,1003.5,96.5,,
883,2024-07-11 08:00,21.6,22.8,2.1,0,954.5,1002.9,96.3,,
883,2024-07-11 09:00,21.5,0,0,0,955,1003.5,96.3,,
883,2024-07-11 10:00,21.8,0,0,0,954.6,1003,96.7,,
883,2024-07-11 11:00,22.3,0,.2,.5,954.3,1002.5,95.1,,
883,2024-07-11 12:00,21.7,263,1.1,.5,954.7,1003.1,97.9,,
883,2024-07-11 13:00,21,214.9,1.4,0,954.1,1002.7,97.8,,
883,2024-07-11 14:00,21.2,258.8,.9,1,954,1002.5,97.6,,
883,2024-07-11 15:00,20.5,316.1,1.7,0,954,1002.7,99.3,,
883,2024-07-11 16:00,20.8,21.6,2.5,0,953.4,1002,98.7,,
883,2024-07-11 17:00,20.8,14,1.7,.5,953.3,1001.9,98.2,,
883,2024-07-11 18:00,20.6,34.2,2.5,0,952.9,1001.5,98.9,,
883,2024-07-11 19:00,20.6,27.1,1.6,0,953.2,1001.9,99.2,,
883,2024-07-11 20:00,20.3,26.6,2.9,0,953.7,1002.5,99.6,,
883,2024-07-11 21:00,20.5,103.6,3,0,953.2,1001.9,88.7,,
883,2024-07-11 22:00,20,28.3,2,0,954.4,1003.3,99.6,,
883,2024-07-11 23:00,19.5,94,1.2,0,953.8,1002.8,99.7,,
883,2024-07-12 00:00,19.1,78,.7,0,953.8,1002.9,96.6,,
883,2024-07-12 01:00,19.2,25,1.8,0,953.7,1002.8,99.2,,
883,2024-07-12 02:00,19.4,52.3,1.1,0,953.4,1002.4,99.6,,
883,2024-07-12 03:00,19.6,0,0,0,953.5,1002.5,99.8,,
883,2024-07-12 04:00,19.8,0,0,0,954,1002.9,99.6,,
883,2024-07-12 05:00,19.9,35.9,.6,0,953.8,1002.7,99.5,,
883,2024-07-12 06:00,19.5,57.5,2.2,0,953.9,1002.9,99.4,,
883,2024-07-12 07:00,20.3,65.5,1.9,0,954.2,1003,95.6,,
883,2024-07-12 08:00,22,59.8,3.6,0,954,1002.3,86.6,,
883,2024-07-12 09:00,23.9,66.9,2.8,0,954.2,1002,78.5,,
883,2024-07-12 10:00,25.6,34.4,2.5,0,953.9,1001.7,74.4,,
883,2024-07-12 11:00,25.5,26.8,2.3,0,954,1001.9,75.3,,
883,2024-07-12 12:00,21.4,212.5,1.5,0,954.1,1002.6,93.9,,
883,2024-07-12 13:00,23.4,69.3,2.6,0,954,1001.9,89,,
883,2024-07-12 14:00,22.5,36,2.9,0,954,1002.2,91.5,,
883,2024-07-12 15:00,21.5,309,1,0,954.4,1002.9,95.9,,
883,2024-07-12 16:00,22.6,323.3,.5,0,954.3,1002.5,89.6,,
883,2024-07-12 17:00,22.9,238.2,1.9,0,954.2,1002.3,88.9,,
883,2024-07-12 18:00,22.5,313.9,1.2,0,954,1002.2,89.9,,
883,2024-07-12 19:00,22.3,0,.1,0,953.8,1002,90.8,,
883,2024-07-12 20:00,21.2,319.7,.7,0,954.2,1002.7,97.1,,
883,2024-07-12 21:00,20.3,176,1.7,0,954.9,1003.7,97.8,,
883,2024-07-12 22:00,20,169.3,2.4,0,955.1,1004,95,,
883,2024-07-12 23:00,20.8,117.8,.5,0,955.5,1004.2,92.4,,
883,2024-07-13 00:00,21.3,131.9,3.2,0,955.1,1003.7,86.6,,
883,2024-07-13 01:00,20.9,0,.4,0,955,1003.7,91.1,,
883,2024-07-13 02:00,21.4,130.6,3,0,954.5,1003,93.2,,
883,2024-07-13 03:00,21,51.3,1.2,0,954.6,1003.2,94.2,,
883,2024-07-13 04:00,20.6,0,.4,0,954.9,1003.6,96.9,,
883,2024-07-13 05:00,20.2,89.1,2.3,0,954.8,1003.7,95.6,,
883,2024-07-13 06:00,20.7,125.5,1.1,0,954.9,1003.6,95,,
883,2024-07-13 07:00,22.1,139.6,.5,0,955.2,1003.5,87.4,,
883,2024-07-13 08:00,22.2,0,.2,0,955.8,1004.1,92.9,,
883,2024-07-13 09:00,23.3,30.4,2.8,0,956,1004,89.1,,
883,2024-07-13 10:00,23.2,233.2,.8,0,957,1005.1,91,,
883,2024-07-13 11:00,22.3,172.2,4.2,1.5,957.2,1005.6,96.3,,
883,2024-07-13 12:00,22.8,173.1,3,3.5,956.5,1004.7,96.4,,
883,2024-07-13 13:00,22.7,180.1,3.7,0,957,1005.3,93.6,,
883,2024-07-13 14:00,22.7,151.9,4.6,.5,955.9,1004.1,89.4,,
883,2024-07-13 15:00,24.6,163.9,3.1,.5,956,1004.2,84.4,,
883,2024-07-13 16:00,23.9,170.9,3.4,0,956.5,1004.4,93.6,,
883,2024-07-13 17:00,23.7,141.3,4.9,0,956.4,1004.4,85.8,,
883,2024-07-13 18:00,24.1,140.2,6,.5,955.6,1003.9,88.1,,
883,2024-07-13 19:00,24.4,146.5,6.1,0,955.4,1003.6,84.8,,
883,2024-07-13 20:00,23.7,147.2,8.6,0,956.3,1004.2,89.1,,
883,2024-07-13 21:00,22.9,144.5,7.9,0,956.8,1005,93.1,,
883,2024-07-13 22:00,23.1,139.7,9.5,0,957.6,1005.8,90.2,,
883,2024-07-13 23:00,23.2,152.8,7.4,0,957.7,1005.9,90.3,,
883,2024-07-14 00:00,23.9,139,5.3,0,957.2,1005.1,84.7,,
883,2024-07-14 01:00,23.2,131.1,2.4,0,957.6,1005.8,91.8,,
883,2024-07-14 02:00,23.3,165,3.2,0,957.4,1005.5,97.7,,
883,2024-07-14 03:00,23.5,172.3,3,0,957.4,1005.5,98.3,,
883,2024-07-14 04:00,23.6,189.5,1.3,0,957.4,1005.4,98.9,,
883,2024-07-14 05:00,23.7,186.4,1,0,957.2,1005.2,98.6,,
883,2024-07-14 06:00,23.7,210,2.6,.5,957.6,1005.6,99,,
883,2024-07-14 07:00,23.7,205.9,2.2,0,957.8,1005.8,98.9,,
883,2024-07-14 08:00,23.8,232.8,2.5,0,958.5,1006.5,98.7,,
883,2024-07-14 09:00,24.2,215.8,1.9,0,958.7,1007.1,95.9,,
883,2024-07-14 10:00,23.6,215.6,3.1,.5,959.3,1007.4,96.9,,
883,2024-07-14 11:00,23.1,226.4,4.1,0,960,1008.3,98,,
883,2024-07-14 12:00,23.7,224,3.7,0,959.9,1008,96.2,,
883,2024-07-14 13:00,23.7,229.9,3.3,0,960.1,1008.2,95.4,,
883,2024-07-14 14:00,24.2,218,4.1,0,960.1,1008.6,92.9,,
883,2024-07-14 15:00,24.2,215.7,3.4,.5,959.9,1008.4,97.8,,
883,2024-07-14 16:00,23.9,214.3,2.6,0,959.9,1008,95.2,,
883,2024-07-14 17:00,23.4,222,1.9,0,959.9,1008.1,97.3,,
883,2024-07-14 18:00,23.6,213.4,1.2,0,960,1008.2,96.6,,
883,2024-07-14 19:00,23.4,0,0,0,959.9,1008.1,98,,
883,2024-07-14 20:00,23,0,.4,0,960.5,1008.9,98,,
883,2024-07-14 21:00,22.9,189.8,2.3,0,960.9,1009.3,99.4,,
883,2024-07-14 22:00,22.9,171.4,2.7,0,961.3,1009.7,99.6,,
883,2024-07-14 23:00,22.9,187.3,1.3,0,961.6,1010,98.9,,
883,2024-07-15 00:00,23.3,163.2,1.6,0,961.5,1009.8,95.2,,
883,2024-07-15 01:00,23.6,155.4,3.1,0,961.2,1009.4,93.9,,
883,2024-07-15 02:00,23.1,178,1.7,0,961.1,1009.5,95.6,,
883,2024-07-15 03:00,23.2,163.5,2.5,0,960.7,1009,96.5,,
883,2024-07-15 04:00,23.1,190.4,1,0,961.2,1009.6,98.2,,
883,2024-07-15 05:00,23.4,0,.2,0,961.4,1009.7,98,,
883,2024-07-15 06:00,23.1,0,0,0,961.5,1009.9,98.4,,
883,2024-07-15 07:00,23.2,173.1,.8,0,962.4,1010.8,98,,
883,2024-07-15 08:00,23.7,182.4,1.5,0,962.9,1011.2,97.3,,
883,2024-07-15 09:00,25.3,185.9,2,0,962.9,1011.3,89.2,,
883,2024-07-15 10:00,26.1,269,1.5,0,963,1011.2,87.9,,
883,2024-07-15 11:00,26.5,241.3,.9,0,963,1011.1,87.1,,
883,2024-07-15 12:00,25.9,206.6,1.2,0,963.2,1011.4,91.7,,
883,2024-07-15 13:00,25.8,182.7,2.9,0,962.7,1010.9,93.4,,
883,2024-07-15 14:00,26.2,179.7,3.3,0,962.5,1010.6,93.4,,
883,2024-07-15 15:00,24.2,206.6,2.4,0,962.7,1011.3,96.7,,
883,2024-07-15 16:00,23.9,200.1,1.9,.5,962.3,1010.5,97.6,,
883,2024-07-15 17:00,24.1,187,2,.5,962.3,1010.9,96.8,,
883,2024-07-15 18:00,23.9,181.6,2.7,.5,962.4,1010.6,98.1,,
883,2024-07-15 19:00,23.8,179.3,3.6,0,962.2,1010.4,97,,
883,2024-07-15 20:00,23.3,173.5,5.2,0,962.5,1010.9,97.5,,
883,2024-07-15 21:00,23.3,165.5,6.7,0,962.5,1010.9,97.1,,
883,2024-07-15 22:00,23.2,173.5,7.3,0,962.7,1011.1,99.1,,
883,2024-07-15 23:00,23.6,192.3,3.9,0,962.7,1011,99.3,,
883,2024-07-16 00:00,23.5,184.7,5,.5,962.7,1011,99.6,,
883,2024-07-16 01:00,23.5,176.4,4.6,0,962.5,1010.8,99.5,,
883,2024-07-16 02:00,23.9,190.7,4.7,1,961.8,1010,99.6,,
883,2024-07-16 03:00,24.1,206.7,5.9,0,961.7,1010.3,99.7,,
883,2024-07-16 04:00,24.3,205.1,5.7,0,961.6,1010.1,99.7,,
883,2024-07-16 05:00,24.6,207.2,5.1,0,962.2,1010.7,99.8,,
883,2024-07-16 06:00,24.4,213.4,5.1,0,962.7,1011.3,99.7,,
883,2024-07-16 07:00,24.3,212.7,4.8,0,963.3,1011.9,99.7,,
883,2024-07-16 08:00,24.6,218.3,4.3,0,963.5,1012.1,99.7,,
883,2024-07-16 09:00,24.9,218.3,4.7,0,963.2,1011.7,99.5,,
883,2024-07-16 10:00,26,218.3,4.5,0,963.1,1011.3,94.3,,
883,2024-07-16 11:00,26.5,220.3,4.3,0,963.1,1011.2,92.1,,
883,2024-07-16 12:00,27.2,215.1,5,0,963.2,1011.1,89.8,,
883,2024-07-16 13:00,25.9,214.7,4.8,0,963.3,1011.5,93.6,,
883,2024-07-16 14:00,26.7,223.2,4.4,0,963.5,1011.6,92,,
883,2024-07-16 15:00,27.1,215.9,4.6,0,963.2,1011.2,88.6,,
883,2024-07-16 16:00,26.5,208.7,4.4,0,963.1,1011.2,89.3,,
883,2024-07-16 17:00,25.9,202.1,3.8,0,963.3,1011.5,90.5,,
883,2024-07-16 18:00,25.4,197.1,3.8,0,963.1,1011.4,92,,
883,2024-07-16 19:00,24.5,194.8,3.7,0,963,1011.6,94,,
883,2024-07-16 20:00,24.3,197.8,3.9,0,963.3,1011.9,96,,
883,2024-07-16 21:00,24.3,197,5,0,963.4,1012,95.7,,
883,2024-07-16 22:00,24.2,195.9,4.3,0,963.8,1012.5,95.4,,
883,2024-07-16 23:00,24.1,195.5,4.1,0,963.9,1012.6,96,,
883,2024-07-17 00:00,24,193.3,4.6,0,963.4,1012.1,95.6,,
883,2024-07-17 01:00,24.2,196.2,4.8,0,963.3,1011.9,94.8,,
883,2024-07-17 02:00,24.3,204.1,4.5,0,963,1011.6,94.9,,
883,2024-07-17 03:00,24.4,208.2,4.8,0,962.6,1011.2,97.5,,
883,2024-07-17 04:00,24.3,202.3,4.3,0,962.5,1011.1,95.3,,
883,2024-07-17 05:00,24.4,200.3,4.5,0,962.4,1010.9,97.4,,
883,2024-07-17 06:00,24.4,204.9,4,0,962.5,1011,97.1,,
883,2024-07-17 07:00,24.6,209,4.3,0,962.5,1011,95.6,,
883,2024-07-17 08:00,24.8,206,4.9,0,962.4,1010.9,95.4,,
883,2024-07-17 09:00,25.2,204.5,4.9,0,962.6,1011,94.2,,
883,2024-07-17 10:00,25.4,213.6,5.1,0,962.5,1010.8,95,,
883,2024-07-17 11:00,26,213.5,6,0,962.6,1010.8,92.8,,
883,2024-07-17 12:00,26.2,208.8,5.4,0,962.8,1011,91.9,,
883,2024-07-17 13:00,26.2,210,5.1,0,962.5,1010.6,92.6,,
883,2024-07-17 14:00,25.9,202.9,4.9,0,961.9,1010.1,93.7,,
883,2024-07-17 15:00,26.3,199,5.2,0,961.1,1009.1,92.6,,
883,2024-07-17 16:00,27.1,200.3,4.7,0,961.1,1009,90.8,,
883,2024-07-17 17:00,25.8,195.6,4.1,0,961,1009.2,92.6,,
883,2024-07-17 18:00,25.3,194.2,4.9,0,960.7,1009,95,,
883,2024-07-17 19:00,25,194.2,4.1,0,960.5,1008.8,95.8,,
883,2024-07-17 20:00,24.8,183,4.9,0,960.5,1008.9,95.7,,
883,2024-07-17 21:00,24.8,195.6,4.5,0,961,1009.4,97.3,,
883,2024-07-17 22:00,24.7,186.6,4.6,0,960.8,1009.2,95.3,,
883,2024-07-17 23:00,24.7,182.9,5.6,0,960,1008.4,95.6,,
883,2024-07-18 00:00,24.6,186.2,5.8,0,959.4,1007.7,96.3,,
883,2024-07-18 01:00,24.6,205.9,5.9,0,959.4,1007.7,97.2,,
883,2024-07-18 02:00,24.6,212.2,6.1,0,959.1,1007.4,98,,
883,2024-07-18 03:00,24.6,203.3,5.5,0,958.4,1006.7,97.4,,
883,2024-07-18 04:00,24.8,202.7,6.1,0,958.5,1006.8,96.7,,
883,2024-07-18 05:00,24.7,208.8,5.5,0,958.3,1006.6,97.3,,
883,2024-07-18 06:00,24.7,202.3,4.9,0,958.2,1006.5,95.7,,
883,2024-07-18 07:00,24.9,201.8,5,0,958.5,1006.7,94.9,,
883,2024-07-18 08:00,25.2,215.3,5.2,0,958.9,1007.1,95.1,,
883,2024-07-18 09:00,25.1,209.9,5,0,958.9,1007.1,95.7,,
883,2024-07-18 10:00,25.8,208,4.7,0,958.9,1006.9,94.7,,
883,2024-07-18 11:00,25.8,206,4.7,0,959,1007.1,94,,
883,2024-07-18 12:00,25,224.9,4.7,1.5,958.8,1007,98.6,,
883,2024-07-18 13:00,25.3,212.9,4,2,958.7,1006.9,99.4,,
883,2024-07-18 14:00,25.3,215.2,3.3,0,958.5,1006.6,99.4,,
883,2024-07-18 15:00,25.3,217.5,3.7,0,958.2,1006.3,99.5,,
883,2024-07-18 16:00,25.2,213,3.7,0,958,1006.1,99.5,,
883,2024-07-18 17:00,25.3,226.5,3.5,0,957.8,1005.9,99.5,,
883,2024-07-18 18:00,25.2,221.6,2.9,0,958,1006.1,99.2,,
883,2024-07-18 19:00,24.9,215.7,1.9,0,958.4,1006.6,99.2,,
883,2024-07-18 20:00,24.7,256.5,1.8,0,958.6,1006.9,99.4,,
883,2024-07-18 21:00,24.3,0,0,0,958.4,1006.8,99.5,,
883,2024-07-18 22:00,23.8,178.5,1.8,0,958.9,1007,99.4,,
883,2024-07-18 23:00,24.8,173.7,3.9,0,958.8,1007.1,86.8,,
883,2024-07-19 00:00,24.3,190.1,4.3,0,958,1006.3,98.9,,
883,2024-07-19 01:00,24.4,208.9,3.8,0,958,1006.3,99.2,,
883,2024-07-19 02:00,23.5,189,2.9,0,958.3,1006.4,88.8,,
883,2024-07-19 03:00,22.3,189,3.4,1,957.8,1006.2,94.9,,
883,2024-07-19 04:00,23.2,167.7,5.3,0,957.5,1005.6,91.3,,
883,2024-07-19 05:00,22.6,172.6,3.9,11,958.7,1007.1,99.3,,
883,2024-07-19 06:00,22.9,168.4,4.4,3.5,958,1006.3,98.8,,
883,2024-07-19 07:00,24,189.9,4.4,.5,958.1,1006.5,97.9,,
883,2024-07-19 08:00,24.5,207.9,5.3,0,958.6,1006.9,97.1,,
883,2024-07-19 09:00,24.9,233.2,4.4,0,959.3,1007.6,98.3,,
883,2024-07-19 10:00,21.4,22.1,3.3,3.5,960.7,1009.5,99,,
883,2024-07-19 11:00,22.1,168,4.2,8.5,958.3,1006.8,96.2,,
883,2024-07-19 12:00,25.5,195.3,4.1,.5,957.7,1005.8,89.7,,
883,2024-07-19 13:00,26.8,200.1,4,0,958.2,1006,85.3,,
883,2024-07-19 14:00,26.3,194.4,4.1,0,958.3,1006.2,92.8,,
883,2024-07-19 15:00,25.2,208.9,3.5,0,958.6,1006.8,97.5,,
883,2024-07-19 16:00,25.5,227.2,2.9,0,958.9,1007,98.2,,
883,2024-07-19 17:00,26.1,224.7,2.1,0,958.3,1006.2,96.6,,
883,2024-07-19 18:00,26,230.4,1.7,0,958.4,1006.4,95.8,,
883,2024-07-19 19:00,25.4,205.3,2.3,0,958.5,1006.6,97,,
883,2024-07-19 20:00,25,204.8,2.8,0,958.9,1007.1,97.7,,
883,2024-07-19 21:00,24.8,196.9,2.8,0,959.4,1007.7,96.8,,
883,2024-07-19 22:00,24.9,188.3,2.6,0,960.2,1008.5,98.1,,
883,2024-07-19 23:00,25.2,174.6,3.6,0,960.2,1008.4,96.4,,
883,2024-07-20 00:00,25.1,181.4,3.2,0,960.7,1009,97.5,,
883,2024-07-20 01:00,25.1,181.3,3.1,0,960.7,1009,98,,
883,2024-07-20 02:00,25.1,183,3.8,0,960,1008.3,98.6,,
883,2024-07-20 03:00,25.2,192,3.9,0,960.2,1008.4,99.1,,
883,2024-07-20 04:00,24.8,202.4,4.5,0,960.7,1009.1,99.4,,
883,2024-07-20 05:00,24.8,194.9,4.5,0,960.4,1008.8,98,,
883,2024-07-20 06:00,24.8,199.6,4.5,0,960.7,1009.1,96.9,,
883,2024-07-20 07:00,24.9,197.6,5,0,960.8,1009.1,95.6,,
883,2024-07-20 08:00,25.2,195.2,5.2,0,961.2,1009.5,95.4,,
883,2024-07-20 09:00,25.7,204.3,4.5,0,961.5,1009.7,93.5,,
883,2024-07-20 10:00,26.4,207,5.2,0,961.5,1009.5,92.4,,
883,2024-07-20 11:00,26.7,202.9,4.9,0,961.5,1009.5,91.1,,
883,2024-07-20 12:00,27.4,194.1,4.9,0,961.6,1009.4,89.1,,
883,2024-07-20 13:00,27.9,191.8,4.8,0,961.5,1009.2,86.7,,
883,2024-07-20 14:00,28.1,192.2,4.8,0,961.3,1008.9,85.8,,
883,2024-07-20 15:00,27.3,190.4,5.6,0,960.9,1008.7,88.9,,
883,2024-07-20 16:00,27.1,191.3,4.7,0,960.5,1008.3,89.7,,
883,2024-07-20 17:00,26.4,192.1,5,0,960.2,1008.2,91.6,,
883,2024-07-20 18:00,26.1,192.5,4.7,0,960.2,1008.2,92.8,,
883,2024-07-20 19:00,25.6,188.3,4.8,0,960.6,1008.8,94.2,,
883,2024-07-20 20:00,25.3,192.1,4.9,0,960.7,1009,95.6,,
883,2024-07-20 21:00,25.2,199.5,4.9,0,961.2,1009.5,94.4,,
883,2024-07-20 22:00,25.2,202.7,4.6,0,961.4,1009.7,95.1,,
883,2024-07-20 23:00,25.2,203.9,4.3,0,961.6,1009.9,95.4,,
883,2024-07-21 00:00,25.2,211.8,4.6,0,961.8,1010.1,96.3,,
883,2024-07-21 01:00,25.2,218.4,5,0,961.4,1009.7,96.4,,
883,2024-07-21 02:00,25.2,217.3,4.9,0,961,1009.3,95.9,,
883,2024-07-21 03:00,25.3,232.4,5.7,0,961,1009.3,96.4,,
883,2024-07-21 04:00,25.1,248.3,4.5,0,961.2,1009.5,98.3,,
883,2024-07-21 05:00,22.6,316.2,4.5,3.5,961.6,1010.1,98.4,,
883,2024-07-21 06:00,23.4,179.5,1.2,.5,961.6,1009.9,99.5,,
883,2024-07-21 07:00,24.6,211.9,1.9,0,962.2,1010.7,99.4,,
883,2024-07-21 08:00,25.1,214.4,1.5,0,962.6,1011,98.8,,
883,2024-07-21 09:00,25.4,217.4,1.5,0,962.7,1011,98,,
883,2024-07-21 10:00,26.9,230.4,2.6,0,962.6,1010.6,96.4,,
883,2024-07-21 11:00,26.9,238.5,3.6,0,962.5,1010.5,91.7,,
883,2024-07-21 12:00,28.1,217.4,3.4,0,962.3,1010,89.7,,
883,2024-07-21 13:00,26.9,202.5,4.3,0,961.5,1009.4,92.2,,
883,2024-07-21 14:00,27.4,194.4,3.5,0,961.2,1009,89,,
883,2024-07-21 15:00,27.3,198.1,3.9,0,960.9,1008.7,90.6,,
883,2024-07-21 16:00,27.2,198.9,3.8,0,960.9,1008.7,90.2,,
883,2024-07-21 17:00,27.5,198.1,4,0,960.7,1008.5,86.5,,
883,2024-07-21 18:00,26.8,196.5,4,0,960.8,1008.7,90.6,,
883,2024-07-21 19:00,25.5,197.4,3.9,0,961,1009.2,94.7,,
883,2024-07-21 20:00,25.2,191.1,4.1,0,961.1,1009.4,95.2,,
883,2024-07-21 21:00,24.9,195.1,4.6,0,961.4,1009.8,95.9,,
883,2024-07-21 22:00,24.8,182.2,5.1,0,961.7,1010.1,95,,
883,2024-07-21 23:00,24.5,185.5,4.5,0,961.9,1010.4,94,,
883,2024-07-22 00:00,24.2,183.4,4.5,0,962,1010.6,92,,
883,2024-07-22 01:00,24.2,178,4.3,0,962.2,1010.8,94.4,,
883,2024-07-22 02:00,24.5,187.8,3.9,0,961.8,1010.3,96.2,,
883,2024-07-22 03:00,24.2,186.2,4,0,961.4,1009.9,95.5,,
883,2024-07-22 04:00,24.9,183.4,4.2,0,961.2,1009.6,96.6,,
883,2024-07-22 05:00,25.1,192.9,3.8,0,961.1,1009.4,96.6,,
883,2024-07-22 06:00,25.1,186.1,4.1,0,960.9,1009.2,95.9,,
883,2024-07-22 07:00,25.5,190,4.3,0,961,1009.2,95.4,,
883,2024-07-22 08:00,26.5,195.8,4.4,0,960.9,1008.9,92.6,,
883,2024-07-22 09:00,26.9,200,3.9,0,961.2,1009.1,92.5,,
883,2024-07-22 10:00,27.5,194.5,4.6,0,961.3,1009.1,89.4,,
883,2024-07-22 11:00,27.3,194.6,5,0,960.7,1008.5,88.1,,
883,2024-07-22 12:00,28.7,189.8,4.6,0,960.5,1008,83.6,,
883,2024-07-22 13:00,28,186.1,5,0,959.7,1007.3,81.3,,
883,2024-07-22 14:00,29,193.9,5,0,959.7,1007.3,82.1,,
883,2024-07-22 15:00,28.5,189.2,4.4,0,959.5,1007,82.9,,
883,2024-07-22 16:00,27.5,187.9,4,0,959.3,1007,87.5,,
883,2024-07-22 17:00,27,190.7,4.5,0,959.1,1006.9,89.6,,
883,2024-07-22 18:00,26.6,181.8,4.8,0,959,1006.9,89,,
883,2024-07-22 19:00,25.7,179.8,4.8,0,959,1007.1,92,,
883,2024-07-22 20:00,25.3,178.5,5.2,0,958.3,1006.4,93.7,,
883,2024-07-22 21:00,25.3,180,4.8,0,958.6,1006.7,93.9,,
883,2024-07-22 22:00,25.4,177.3,5.6,0,958.8,1006.9,93.6,,
883,2024-07-22 23:00,25.4,179.8,5.5,0,959.1,1007.2,94.2,,
883,2024-07-23 00:00,25.4,182.7,6.7,0,958.2,1006.3,93.4,,
883,2024-07-23 01:00,25.3,193.1,6,0,958.2,1006.3,94.3,,
883,2024-07-23 02:00,25.5,198.8,6.2,0,958.2,1006.3,92.8,,
883,2024-07-23 03:00,25.2,201.5,4.5,0,958.6,1006.8,93.6,,
883,2024-07-23 04:00,25.1,203.7,4.3,0,958.9,1007.1,94.6,,
883,2024-07-23 05:00,25.3,210.5,3.9,0,959.1,1007.3,95.2,,
883,2024-07-23 06:00,25.2,207.2,4.1,0,958.5,1006.7,95.7,,
883,2024-07-23 07:00,25.5,204.3,4.4,0,958.2,1006.3,94.1,,
883,2024-07-23 08:00,25.8,207.4,4.2,0,958.5,1006.5,94.2,,
883,2024-07-23 09:00,27.4,201.5,3.9,0,958.9,1006.6,91.3,,
883,2024-07-23 10:00,27.8,198.6,4.1,0,958.8,1006.4,86.1,,
883,2024-07-23 11:00,27,202.6,4.5,0,958.7,1006.5,89,,
883,2024-07-23 12:00,28.9,207.4,4.6,0,958.1,1005.4,81.7,,
883,2024-07-23 13:00,29,200.7,4.7,0,957.8,1005.3,82.3,,
883,2024-07-23 14:00,28.6,197.9,5,0,957.6,1005,82.5,,
883,2024-07-23 15:00,28.7,196.7,4.5,0,957.3,1004.6,82.8,,
883,2024-07-23 16:00,28.7,184.3,5.2,0,956.9,1004.2,82.8,,
883,2024-07-23 17:00,28.3,196.4,4.9,0,956.8,1004.2,85.9,,
883,2024-07-23 18:00,26.1,196.5,4.4,0,956.9,1004.8,95.3,,
883,2024-07-23 19:00,26,199.5,3.1,0,957.1,1005,94.3,,
883,2024-07-23 20:00,25.8,198,4,0,957,1005,95.1,,
883,2024-07-23 21:00,25.5,197.7,4.7,0,957.4,1005.4,97.5,,
883,2024-07-23 22:00,25.7,196.1,5.7,0,957.2,1005.2,96.6,,
883,2024-07-23 23:00,25.7,199.1,5.8,0,957,1005,96.2,,
883,2024-07-24 00:00,25.5,201.5,4.5,0,957.4,1005.4,93.1,,
883,2024-07-24 01:00,25.6,204.4,4.3,0,957.4,1005.4,94.8,,
883,2024-07-24 02:00,25.4,198.8,3.5,0,956.8,1004.8,96,,
883,2024-07-24 03:00,25.3,193.3,3.7,0,957,1005.1,95.6,,
883,2024-07-24 04:00,25.3,191,4.7,0,956.6,1004.6,95.8,,
883,2024-07-24 05:00,25.4,186,3.6,0,956.9,1004.9,96.2,,
883,2024-07-24 06:00,25.1,182.6,3.4,0,956.5,1004.6,96.3,,
883,2024-07-24 07:00,25.7,182.3,3.2,0,956.6,1004.6,94.9,,
883,2024-07-24 08:00,25.8,183.4,4,0,956.8,1004.7,97,,
883,2024-07-24 09:00,25.8,189.9,3.6,.5,957.1,1005.1,95.6,,
883,2024-07-24 10:00,26.8,179.1,3.1,0,957.6,1005.4,89.8,,
883,2024-07-24 11:00,27.7,175.5,3.5,0,957.8,1005.4,87.6,,
883,2024-07-24 12:00,28.9,185.1,3.6,0,957.6,1004.9,82.3,,
883,2024-07-24 13:00,29,178.4,3.9,0,957.5,1005,78.2,,
883,2024-07-24 14:00,29.5,178.8,4.2,0,957,1004.4,83.8,,
883,2024-07-24 15:00,28.2,169.5,5.3,0,956.7,1004.1,83,,
883,2024-07-24 16:00,28.1,171,4.9,0,956.3,1003.7,81,,
883,2024-07-24 17:00,28,160.3,5.3,0,956.1,1003.5,81.5,,
883,2024-07-24 18:00,27.5,163.4,5.7,0,956.1,1003.6,82.5,,
883,2024-07-24 19:00,26.7,154.5,5.9,0,956.1,1003.8,86.6,,
883,2024-07-24 20:00,25.8,146.5,4.5,0,956.4,1004.3,91.8,,
883,2024-07-24 21:00,25.7,139.6,5,0,956.5,1004.4,86.7,,
883,2024-07-24 22:00,25.5,142,5.7,0,956.7,1004.7,86.6,,
883,2024-07-24 23:00,25.4,144.5,5.4,0,957,1005,91.5,,
883,2024-07-25 00:00,25.7,162.6,6.5,0,957,1005,90.8,,
883,2024-07-25 01:00,25.8,169.6,6.6,0,956.8,1004.7,93.2,,
883,2024-07-25 02:00,25.8,161.2,5.7,0,956.8,1004.7,90.4,,
883,2024-07-25 03:00,25.7,153.3,5.2,0,956.3,1004.2,90.2,,
883,2024-07-25 04:00,25.5,145.7,5.2,0,955.9,1003.9,90.7,,
883,2024-07-25 05:00,25.7,156.4,6.7,0,955.8,1003.7,86.3,,
883,2024-07-25 06:00,25.4,153.7,4.8,0,955.4,1003.4,88.4,,
883,2024-07-25 07:00,25.7,156.7,6.2,0,955.9,1003.8,86.6,,
883,2024-07-25 08:00,26.7,160.8,7.9,0,956.2,1003.9,84.7,,
883,2024-07-25 09:00,26.8,158.5,6.6,0,956.6,1004.3,84.5,,
883,2024-07-25 10:00,28.1,163.2,7,0,956.7,1004.1,76,,
883,2024-07-25 11:00,29.6,158.4,7.6,0,956.9,1004.3,72.9,,
883,2024-07-25 12:00,30.3,167.2,7.7,0,956.8,1004.1,74.6,,
883,2024-07-25 13:00,30.1,173.8,6.8,0,956.8,1004.1,73.9,,
883,2024-07-25 14:00,28.4,170.7,6.7,1,956.8,1004.2,87.3,,
883,2024-07-25 15:00,27.9,166.5,7.1,.5,956.2,1003.6,87.5,,
883,2024-07-25 16:00,28,165,8.1,0,956,1003.4,82.6,,
883,2024-07-25 17:00,28.2,174.4,6.8,0,955.7,1003,82.4,,
883,2024-07-25 18:00,27.3,172,8.5,0,955.9,1003.5,83.6,,
883,2024-07-25 19:00,26.3,173.7,6.9,0,956.5,1004.3,92.2,,
883,2024-07-25 20:00,25.1,173.8,7.5,3.5,957.1,1005.2,96.2,,
883,2024-07-25 21:00,24.4,174.1,6,2,957.6,1005.9,98.1,,
883,2024-07-25 22:00,24.7,154.8,7.4,0,957.7,1005.9,95.3,,
883,2024-07-25 23:00,24.9,157.8,7.6,0,957.5,1005.7,91.9,,
883,2024-07-26 00:00,25.1,167.5,9.1,0,957.4,1005.5,93.9,,
883,2024-07-26 01:00,25.1,165.8,9.8,5,957,1005.1,96.9,,
883,2024-07-26 02:00,25,161.2,8.7,1.5,956.9,1005,97,,
883,2024-07-26 03:00,25.3,164.4,7.7,.5,957,1005.1,96.1,,
883,2024-07-26 04:00,25.3,157.9,9.1,.5,956.4,1004.4,93.9,,
883,2024-07-26 05:00,25,167.8,7,2,956.3,1004.4,96.4,,
883,2024-07-26 06:00,24.8,172.4,6.6,13.5,957.3,1005.5,99,,
883,2024-07-26 07:00,24.2,169,6.2,6,958.1,1006.5,99.4,,
883,2024-07-26 08:00,24.7,171.4,7,1,958.5,1006.8,99.2,,
883,2024-07-26 09:00,23.7,169.6,6.8,1.5,958.6,1006.7,98.8,,
883,2024-07-26 10:00,25,169.6,8.5,.5,959.1,1007.3,97.2,,
883,2024-07-26 11:00,24.9,169,7.3,0,959.5,1007.8,94.9,,
883,2024-07-26 12:00,25.8,169.4,9.4,0,959.3,1007.4,94.4,,
883,2024-07-26 13:00,26.1,175.4,8.9,0,959.4,1007.4,94.2,,
883,2024-07-26 14:00,24.7,193.1,6,5.5,959.3,1007.6,98.1,,
883,2024-07-26 15:00,25.4,186.7,6.2,0,960,1008.2,98.7,,
883,2024-07-26 16:00,25.4,192.8,5,0,960,1008.2,98.7,,
883,2024-07-26 17:00,25.8,191,6.5,0,959.9,1008,96.3,,
883,2024-07-26 18:00,25.5,185.3,6.7,.5,960.2,1008.4,97.8,,
883,2024-07-26 19:00,25.2,188.4,6,0,960.8,1009.1,97.8,,
883,2024-07-26 20:00,25.5,181.5,8,0,961.6,1009.9,96.1,,
883,2024-07-26 21:00,25.6,184.7,6.5,0,962.4,1010.7,95.1,,
883,2024-07-26 22:00,25.8,190.1,6.6,0,963.1,1011.4,95.6,,
883,2024-07-26 23:00,25.5,194.8,6.6,0,963.1,1011.4,97.8,,
883,2024-07-27 00:00,25.2,189.4,5.7,0,963.4,1011.8,94.4,,
883,2024-07-27 01:00,25.4,183.4,7.4,0,963.2,1011.6,97.3,,
883,2024-07-27 02:00,25,176.1,8.1,0,962.8,1011.2,92.9,,
883,2024-07-27 03:00,25,177.8,7.8,0,962.9,1011.3,94.6,,
883,2024-07-27 04:00,25.2,173.7,8.3,0,963.1,1011.5,94.7,,
883,2024-07-27 05:00,25,180.3,6.4,1,963.5,1012,98.1,,
883,2024-07-27 06:00,25,173.2,7,.5,964.2,1012.7,98.6,,
883,2024-07-27 07:00,25.3,174.2,8,0,964.4,1012.8,97.7,,
883,2024-07-27 08:00,25.3,175.1,7,.5,964.5,1012.9,98.2,,
883,2024-07-27 09:00,25.9,176.6,7.1,0,965,1013.3,96.5,,
883,2024-07-27 10:00,26,174.6,7.6,0,965.2,1013.5,96.5,,
883,2024-07-27 11:00,26.2,186.2,6.5,0,965.5,1013.8,96,,
883,2024-07-27 12:00,26.9,182.2,7.5,0,965.5,1013.6,92,,
883,2024-07-27 13:00,27,179.7,7.5,0,965.3,1013.4,91.9,,
883,2024-07-27 14:00,28,180.2,6.3,0,965.1,1013,90.5,,
883,2024-07-27 15:00,26.9,178.3,6.9,0,965.1,1013.2,90.7,,
883,2024-07-27 16:00,26.5,180.3,6.2,0,965.1,1013.3,91.7,,
883,2024-07-27 17:00,26.5,183.9,6.4,0,965.4,1013.6,92.7,,
883,2024-07-27 18:00,26,186.2,5.4,0,965.6,1013.9,94.5,,
883,2024-07-27 19:00,25.9,181.5,5,0,965.8,1014.2,94.2,,
883,2024-07-27 20:00,25.7,185.2,5,0,966.3,1014.7,93.9,,
883,2024-07-27 21:00,25.8,177.2,5.6,0,967,1015.5,92.3,,
883,2024-07-27 22:00,25.7,179,5.8,0,967.3,1015.8,93.8,,
883,2024-07-27 23:00,25.6,180.7,6.6,0,967.3,1015.8,94,,
883,2024-07-28 00:00,25.5,189.4,5.8,0,967.2,1015.7,93.6,,
883,2024-07-28 01:00,25.4,196.5,5.3,0,966.8,1015.3,96,,
883,2024-07-28 02:00,25.2,200,5.5,0,966.3,1014.9,96.4,,
883,2024-07-28 03:00,25.1,196.7,5.6,0,965.9,1014.5,94.3,,
883,2024-07-28 04:00,25,196.8,6,0,965.6,1014.2,94.2,,
883,2024-07-28 05:00,25,195.5,5.9,0,965.7,1014.3,94.6,,
883,2024-07-28 06:00,25,194.8,6,0,965.9,1014.5,92.8,,
883,2024-07-28 07:00,25.2,193.5,5.2,0,965.8,1014.3,94.3,,
883,2024-07-28 08:00,25.7,189,6.8,0,965.9,1014.3,91.7,,
883,2024-07-28 09:00,26.7,188.9,6.2,0,965.6,1013.8,89.1,,
883,2024-07-28 10:00,26.8,196,5.8,0,965.5,1013.6,87.7,,
883,2024-07-28 11:00,28.2,190,5.6,0,965.7,1013.5,84.2,,
883,2024-07-28 12:00,27.8,196.5,5.2,0,965.7,1013.6,85,,
883,2024-07-28 13:00,27,203.7,4.2,0,965.4,1013.5,89.5,,
883,2024-07-28 14:00,27.6,203.3,4.5,0,965.1,1013,86.6,,
883,2024-07-28 15:00,27.6,200.7,4.7,0,964.9,1012.8,85.1,,
883,2024-07-28 16:00,27.7,205.2,3.9,0,964.9,1012.8,85.2,,
883,2024-07-28 17:00,27.8,204.2,3.3,0,964.7,1012.6,83.7,,
883,2024-07-28 18:00,26.8,191.6,4.2,0,964.6,1012.7,86,,
883,2024-07-28 19:00,26.3,186.5,3.9,0,964.6,1012.8,89.3,,
883,2024-07-28 20:00,25.1,177.3,5.3,0,964.9,1013.4,93.7,,
883,2024-07-28 21:00,24.8,176.4,4.8,0,965.1,1013.7,91.7,,
883,2024-07-28 22:00,25,172.1,4.6,0,965.5,1014.1,93.3,,
883,2024-07-28 23:00,25,185.1,4.6,0,965.1,1013.6,93.9,,
883,2024-07-29 00:00,24.8,190.1,3.8,0,964.9,1013.5,95.8,,
883,2024-07-29 01:00,24.6,193.2,3.5,0,964.6,1013.2,95.4,,
883,2024-07-29 02:00,24.8,200.1,3.3,0,964.1,1012.6,96.2,,
883,2024-07-29 03:00,24.2,187.8,3.5,0,963.6,1012.2,95.8,,
883,2024-07-29 04:00,24.2,184.8,4,0,963.3,1011.9,95.2,,
883,2024-07-29 05:00,24,180,4.4,0,963.1,1011.8,94.3,,
883,2024-07-29 06:00,24.4,188.1,3.5,0,963.4,1012,96,,
883,2024-07-29 07:00,25.1,186.2,3.4,0,963.4,1011.8,94,,
883,2024-07-29 08:00,26.1,194.8,2.9,0,963.9,1012.1,90.8,,
883,2024-07-29 09:00,27.2,190.3,3.4,0,963.6,1011.6,85.9,,
883,2024-07-29 10:00,28.3,192,3.5,0,963.7,1011.4,81.6,,
883,2024-07-29 11:00,28.5,201.2,3.1,0,963.6,1011.3,76.1,,
883,2024-07-29 12:00,29.1,205.3,3,0,963.7,1011.5,77.6,,
883,2024-07-29 13:00,29.6,224,3,0,963.3,1011,78.1,,
883,2024-07-29 14:00,29.2,229.6,3,0,963,1010.8,80.1,,
883,2024-07-29 15:00,29.2,242.4,2.8,0,962.4,1010.1,76.6,,
883,2024-07-29 16:00,28.3,244.7,2.2,0,962.1,1009.7,80.8,,
883,2024-07-29 17:00,28.2,235.6,3,0,961.6,1009.2,80.7,,
883,2024-07-29 18:00,27,227.1,2.3,0,961.4,1009.3,85.8,,
883,2024-07-29 19:00,25.5,206.7,2.5,0,961.7,1010,93.9,,
883,2024-07-29 20:00,24.7,189.1,2.4,0,961.7,1010.1,95.5,,
883,2024-07-29 21:00,24.6,188.2,2.7,0,961.8,1010.3,95.3,,
883,2024-07-29 22:00,24.5,200.2,2.1,0,962.2,1010.7,96.3,,
883,2024-07-29 23:00,24.5,181.8,2,0,962.1,1010.6,96.8,,
883,2024-07-30 00:00,24.2,191.2,1.3,0,962,1010.6,97.4,,
883,2024-07-30 01:00,24.6,215.2,2.1,0,961.6,1010.1,97.3,,
883,2024-07-30 02:00,24.4,218,1.9,0,961.3,1009.8,98.1,,
883,2024-07-30 03:00,24.4,228.5,1.8,0,961.1,1009.6,98.4,,
883,2024-07-30 04:00,24.2,227.5,1.8,0,961,1009.5,98.7,,
883,2024-07-30 05:00,24.1,207.6,1.4,0,961.2,1009.8,98.5,,
883,2024-07-30 06:00,24,187.1,1.5,0,961.2,1009.8,98.2,,
883,2024-07-30 07:00,24.7,221.6,1.9,0,961.3,1009.7,97.1,,
883,2024-07-30 08:00,25.9,219.6,2.3,0,961.6,1009.8,91.9,,
883,2024-07-30 09:00,27.8,222.8,2.3,0,961.7,1009.4,85.5,,
883,2024-07-30 10:00,27.5,238.5,3,0,961.7,1009.5,84.9,,
883,2024-07-30 11:00,28.5,243.6,2.2,0,961.7,1009.3,81.6,,
883,2024-07-30 12:00,29.7,250.1,2,0,961.5,1009.1,74,,
883,2024-07-30 13:00,28.7,275.6,2.4,0,961.1,1008.6,82.3,,
883,2024-07-30 14:00,29.5,234.4,2.1,0,960.8,1008.4,75.6,,
883,2024-07-30 15:00,29.6,258.2,2.8,0,960.6,1008.2,77.2,,
883,2024-07-30 16:00,29.4,241.3,2.1,0,960.3,1007.9,77.4,,
883,2024-07-30 17:00,28.1,246.3,1.9,0,960.3,1007.9,81.1,,
883,2024-07-30 18:00,28.2,246.9,1.7,0,960.3,1007.9,81,,
883,2024-07-30 19:00,26.1,231.5,2.4,0,960.4,1008.5,89.5,,
883,2024-07-30 20:00,25.2,202.3,1.4,0,960.6,1008.9,95.4,,
883,2024-07-30 21:00,24.8,215.9,1.9,0,960.8,1009.2,97.7,,
883,2024-07-30 22:00,24.6,201,2,0,960.8,1009.2,97.2,,
883,2024-07-30 23:00,24.8,190.2,2.6,0,960.5,1008.9,96.4,,
883,2024-07-31 00:00,24.8,189.3,2.4,0,960.3,1008.6,97.1,,
883,2024-07-31 01:00,24.9,192.9,2.4,0,960.1,1008.4,97,,
883,2024-07-31 02:00,25.1,208.3,2.5,0,959.9,1008.2,97.6,,
883,2024-07-31 03:00,24.4,196.5,2.4,0,959.8,1008.2,97.6,,
883,2024-07-31 04:00,25.1,202.9,2.8,0,959.7,1007.9,97.4,,
883,2024-07-31 05:00,24.8,225,2.8,0,960.1,1008.4,98.3,,
883,2024-07-31 06:00,24.5,211.4,2.6,0,960.3,1008.7,97.8,,
883,2024-07-31 07:00,24.9,184.6,2.3,0,960.5,1008.8,96.9,,
883,2024-07-31 08:00,26.6,192.9,2.5,0,960.6,1008.6,91.5,,
883,2024-07-31 09:00,27.8,199.3,2.3,0,960.5,1008.2,84.9,,
883,2024-07-31 10:00,27.9,210.5,2.6,0,960.6,1008.3,86.7,,
883,2024-07-31 11:00,29.2,212.8,2.4,0,960.5,1008.1,81.5,,
883,2024-07-31 12:00,29.8,202.3,2.8,0,960.2,1007.7,71.3,,
883,2024-07-31 13:00,30,208.7,3.3,0,959.6,1007,74.8,,
883,2024-07-31 14:00,29.4,204.5,3.1,0,959.4,1006.9,82,,
883,2024-07-31 15:00,30,203.5,2.8,0,959.1,1006.5,78.3,,
883,2024-07-31 16:00,29.5,193.4,3.5,0,958.9,1006.4,80.2,,
883,2024-07-31 17:00,27.6,190.1,3,0,958.7,1006.3,84.2,,
883,2024-07-31 18:00,27.6,193.1,2.8,0,958.5,1006.1,84.3,,
883,2024-07-31 19:00,26.3,193.7,2.8,0,958.7,1006.6,87.6,,
883,2024-07-31 20:00,25.3,179.3,4.2,0,958.9,1007.1,89.1,,
883,2024-07-31 21:00,25.4,186.7,4.1,0,959,1007.1,91.5,,
883,2024-07-31 22:00,25.5,183.7,4,0,958.9,1007,92.4,,
883,2024-07-31 23:00,25.3,195.5,3.8,0,958.6,1006.7,96.1,,
883,2024-08-01 00:00,25.3,201.4,3.9,0,958.4,1006.5,95.8,,
883,2024-08-01 01:00,25.2,186.3,3.8,0,958.1,1006.2,96.1,,
883,2024-08-01 02:00,25.3,194.4,4,0,958.1,1006.2,95.8,,
883,2024-08-01 03:00,24.9,184.4,3,0,957.8,1006,95.8,,
883,2024-08-01 04:00,24.8,178.7,3.4,0,957.7,1005.9,95.3,,
883,2024-08-01 05:00,24.8,167.7,3.7,0,957.9,1006.1,93.4,,
883,2024-08-01 06:00,24.7,173.1,2.8,0,958.2,1006.5,95.1,,
883,2024-08-01 07:00,25.4,174.6,3.4,0,958.4,1006.5,93.8,,
883,2024-08-01 08:00,26.9,181.5,2.8,0,958.6,1006.4,90.3,,
883,2024-08-01 09:00,27.8,184.3,3.1,0,958.4,1006,88,,
883,2024-08-01 10:00,27.4,189.4,3.3,0,958.4,1006.1,87.9,,
883,2024-08-01 11:00,29.2,182.9,3.9,0,958.1,1005.6,85.5,,
883,2024-08-01 12:00,28.9,180.5,3.7,0,957.8,1005.1,81.6,,
883,2024-08-01 13:00,29.6,197.3,3.1,0,957.6,1005,82.8,,
883,2024-08-01 14:00,29,187.8,2.7,0,957.6,1005.1,81.7,,
883,2024-08-01 15:00,28.5,185.7,2.9,0,957.4,1004.8,83.8,,
883,2024-08-01 16:00,28.9,184.4,3.3,0,957,1004.3,81.9,,
883,2024-08-01 17:00,28.8,176.4,4.2,0,956.3,1003.5,84.2,,
883,2024-08-01 18:00,27.9,164.4,4.3,0,956.2,1003.6,84.7,,
883,2024-08-01 19:00,26.4,167,4.2,0,956.4,1004.2,89.5,,
883,2024-08-01 20:00,25.6,155.1,4.9,0,956.5,1004.5,89.8,,
883,2024-08-01 21:00,25.6,162.6,5.4,0,956.8,1004.8,92.3,,
883,2024-08-01 22:00,25.7,171.3,4.3,0,957.1,1005.1,91.9,,
883,2024-08-01 23:00,25.8,166.8,5.3,0,957.4,1005.4,93.6,,
883,2024-08-02 00:00,25.8,178.9,4.1,0,957.7,1005.7,93.4,,
883,2024-08-02 01:00,25.5,188.1,3.8,0,957.3,1005.3,94.9,,
883,2024-08-02 02:00,25.4,188.8,3.8,0,957.2,1005.3,94.4,,
883,2024-08-02 03:00,25.2,177.7,4,0,956.5,1004.6,95.2,,
883,2024-08-02 04:00,25.2,185.4,2.8,0,956.3,1004.4,96.7,,
883,2024-08-02 05:00,25.4,192.9,2.6,0,956.7,1004.7,97.1,,
883,2024-08-02 06:00,25.4,207.3,1.7,0,957.1,1005.1,98.2,,
883,2024-08-02 07:00,26.3,178.5,3,0,957.3,1005.2,94.6,,
883,2024-08-02 08:00,28,185.6,2.2,0,957.6,1005.1,88.1,,
883,2024-08-02 09:00,29.2,0,.3,0,957.8,1005.3,82.4,,
883,2024-08-02 10:00,30.2,225.2,.5,0,957.8,1005.1,79.7,,
883,2024-08-02 11:00,30.4,0,0,0,958,1005.3,82.5,,
883,2024-08-02 12:00,30.7,0,0,0,957.6,1004.8,79.4,,
883,2024-08-02 13:00,31.3,0,.3,0,957.2,1004.3,73.1,,
883,2024-08-02 14:00,30.6,249.2,.5,0,957.1,1004.3,81,,
883,2024-08-02 15:00,29.1,228.4,1.2,0,957.2,1004.7,86.9,,
883,2024-08-02 16:00,28.7,349.8,.7,0,957.1,1004.4,82.3,,
883,2024-08-02 17:00,30.3,0,.1,0,957,1004.3,82.6,,
883,2024-08-02 18:00,30,0,.1,0,957.2,1004.5,85.8,,
883,2024-08-02 19:00,28,178.1,1,0,957.4,1004.9,92.6,,
883,2024-08-02 20:00,26.6,0,0,0,958,1005.8,97.3,,
883,2024-08-02 21:00,26.6,167.4,1.8,0,958.6,1006.5,96.8,,
883,2024-08-02 22:00,26.7,158.3,2.5,0,959.2,1007.1,92.1,,
883,2024-08-02 23:00,26.9,150.2,4.7,0,959.1,1006.9,89.1,,
883,2024-08-03 00:00,26.5,151.2,4.3,0,958.9,1006.8,90.4,,
883,2024-08-03 01:00,26.3,165.9,3.7,0,958.6,1006.5,91.6,,
883,2024-08-03 02:00,26.2,165.7,3.5,0,958.7,1006.6,91.8,,
883,2024-08-03 03:00,25.2,175.9,3,0,959,1007.2,89.8,,
883,2024-08-03 04:00,25.1,179.3,2.7,0,959.2,1007.4,93.5,,
883,2024-08-03 05:00,25,173.3,2.6,0,959.4,1007.7,94.8,,
883,2024-08-03 06:00,25.2,176.9,2.1,0,959.7,1007.9,97.1,,
883,2024-08-03 07:00,27,0,0,0,959.7,1007.5,85.9,,
883,2024-08-03 08:00,29.1,198.2,.5,0,960,1007.6,78.5,,
883,2024-08-03 09:00,29.1,270.2,1.2,0,960.2,1007.8,82.4,,
883,2024-08-03 10:00,30.1,0,.4,0,960.4,1007.9,78,,
883,2024-08-03 11:00,30.4,317.2,2.3,0,960.5,1007.9,85.4,,
883,2024-08-03 12:00,31.8,31.5,2.4,0,960.3,1007.5,77.4,,
883,2024-08-03 13:00,30.9,357.3,2.3,0,960.3,1007.6,81.7,,
883,2024-08-03 14:00,31.1,344.1,2.4,0,959.8,1007.1,76.6,,
883,2024-08-03 15:00,31.8,324.6,1.8,0,959.5,1006.6,72,,
883,2024-08-03 16:00,31.7,333,2.8,0,959.1,1006.2,70.6,,
883,2024-08-03 17:00,30.8,314,2.5,0,959.1,1006.4,75.1,,
883,2024-08-03 18:00,29.8,321.9,2.4,0,959.3,1006.8,79.1,,
883,2024-08-03 19:00,28.3,329.3,1.6,0,959.5,1007,85.8,,
883,2024-08-03 20:00,26.9,0,0,0,959.9,1007.7,89.6,,
883,2024-08-03 21:00,26.4,0,0,0,960.4,1008.4,95.7,,
883,2024-08-03 22:00,26.3,0,0,0,960.9,1008.9,94.5,,
883,2024-08-03 23:00,25.5,0,.2,0,960.7,1008.9,94.6,,
883,2024-08-04 00:00,25.6,0,0,0,960.7,1008.9,94,,
883,2024-08-04 01:00,25,195.7,.5,0,960.3,1008.6,96,,
883,2024-08-04 02:00,25.6,178.9,1.6,0,959.8,1007.9,91.3,,
883,2024-08-04 03:00,25.2,165.4,.6,0,959.7,1007.9,91,,
883,2024-08-04 04:00,24.6,0,0,0,959.9,1008.3,91.6,,
883,2024-08-04 05:00,24.3,0,0,0,960,1008.4,94.1,,
883,2024-08-04 06:00,24.8,0,0,0,960.2,1008.5,96.2,,
883,2024-08-04 07:00,26.2,0,0,0,960.4,1008.4,91.8,,
883,2024-08-04 08:00,28.7,26.2,1.2,0,960.6,1008.1,83.5,,
883,2024-08-04 09:00,30.3,37.8,2.7,0,960.8,1008.3,76.8,,
883,2024-08-04 10:00,30.8,27.1,2.2,0,960.8,1008.2,74.1,,
883,2024-08-04 11:00,30.6,314.8,2.6,0,960.8,1008.2,83.4,,
883,2024-08-04 12:00,32.3,28.4,1.8,0,960.2,1007.3,70.8,,
883,2024-08-04 13:00,29,0,0,0,960,1007.6,87.9,,
883,2024-08-04 14:00,27.7,142.7,.9,0,959.9,1007.6,88.7,,
883,2024-08-04 15:00,28.6,97.2,1.9,0,959.7,1007.2,85.9,,
883,2024-08-04 16:00,29.3,313.8,.6,0,959.3,1006.9,83.9,,
883,2024-08-04 17:00,30.2,12,2.5,0,959,1006.4,79.2,,
883,2024-08-04 18:00,29.5,24.1,3.5,0,959,1006.5,83.9,,
883,2024-08-04 19:00,28,20,2.3,0,959,1006.6,88.6,,
883,2024-08-04 20:00,26.7,161,1.5,0,959.1,1007,93.9,,
883,2024-08-04 21:00,26.7,151.1,2.5,0,959.8,1007.7,86.9,,
883,2024-08-04 22:00,26.1,148.6,1.6,0,960.1,1008.1,87.2,,
883,2024-08-04 23:00,25.7,110.9,3.3,0,960,1008.1,87.6,,
883,2024-08-05 00:00,24.9,0,.3,0,960.1,1008.4,88.8,,
883,2024-08-05 01:00,24.5,0,0,0,959.9,1008.3,90.5,,
883,2024-08-05 02:00,24.3,83.7,1.8,0,960,1008.4,89.8,,
883,2024-08-05 03:00,25.1,93.9,3.1,0,959.7,1007.9,90.4,,
883,2024-08-05 04:00,25.2,102.5,3.9,0,959.6,1007.8,87.3,,
883,2024-08-05 05:00,24.4,111.8,2.5,0,959.6,1008,90,,
883,2024-08-05 06:00,24.4,77.1,.6,0,959.8,1008.2,89.8,,
883,2024-08-05 07:00,26.6,0,0,0,959.8,1007.7,81.5,,
883,2024-08-05 08:00,28.5,0,0,0,959.6,1007.1,78.7,,
883,2024-08-05 09:00,29.9,0,0,0,959.6,1007.1,74.3,,
883,2024-08-05 10:00,30.3,0,0,0,959.4,1006.8,72.9,,
883,2024-08-05 11:00,31.9,0,0,0,959.3,1006.4,74.7,,
883,2024-08-05 12:00,29.2,0,0,0,959.2,1006.8,82.6,,
883,2024-08-05 13:00,26.2,0,0,9,959.2,1007.2,98,,
883,2024-08-05 14:00,21.8,110.8,5.9,33.5,960,1008.7,96.4,,
883,2024-08-05 15:00,22.9,114.9,2.6,9,958.7,1007,95.4,,
883,2024-08-05 16:00,27.7,0,.4,0,958.7,1006.3,90.3,,
883,2024-08-05 17:00,28.7,0,0,0,958.9,1006.3,81.4,,
883,2024-08-05 18:00,29,29.1,3,0,958.8,1006.4,81,,
883,2024-08-05 19:00,26.6,78.6,2.1,0,958.5,1006.3,87.5,,
883,2024-08-05 20:00,25.1,130.7,.5,0,959,1007.2,95.6,,
883,2024-08-05 21:00,25.3,109.6,3.3,0,959.5,1007.7,87,,
883,2024-08-05 22:00,24.3,109.2,2.3,0,960.3,1008.8,93.9,,
883,2024-08-05 23:00,24.7,91.2,2.5,0,959.6,1007.9,89.7,,
883,2024-08-06 00:00,25.3,150.7,4.1,0,958.8,1007,81.1,,
883,2024-08-06 01:00,24.1,0,.4,0,958.5,1006.9,82.5,,
883,2024-08-06 02:00,22.9,0,0,0,957.9,1006.2,88.9,,
883,2024-08-06 03:00,23.8,0,0,0,957.7,1005.7,84.7,,
883,2024-08-06 04:00,22.9,140.5,1,0,957.8,1006,91,,
883,2024-08-06 05:00,24.9,128.3,2.9,0,957.6,1005.8,75.6,,
883,2024-08-06 06:00,23.3,79.8,2.8,0,958.4,1006.6,83.5,,
883,2024-08-06 07:00,25.4,64.4,2.6,0,959.4,1007.6,79.6,,
883,2024-08-06 08:00,27.6,0,0,0,959.5,1007.2,74.4,,
883,2024-08-06 09:00,29.2,0,0,0,960.1,1007.7,72,,
883,2024-08-06 10:00,28.9,288.5,.7,0,960.1,1007.5,80.8,,
883,2024-08-06 11:00,30.3,14.1,2,0,959.7,1007.1,70,,
883,2024-08-06 12:00,29.9,23.3,.5,0,959,1006.4,76.9,,
883,2024-08-06 13:00,24.2,186.6,4.1,10.5,959.2,1007.6,96.1,,
883,2024-08-06 14:00,25.7,108.4,2.8,12.5,959.5,1007.6,96.2,,
883,2024-08-06 15:00,27.6,33.3,.6,0,959,1006.6,94.7,,
883,2024-08-06 16:00,31,28,4,0,958.8,1006,79.1,,
883,2024-08-06 17:00,29.4,32.4,3.4,0,958.3,1005.8,81.1,,
883,2024-08-06 18:00,29.6,48.2,1.3,0,958.1,1005.5,78,,
883,2024-08-06 19:00,27,165.2,1.4,0,958,1005.7,92.1,,
883,2024-08-06 20:00,25.7,0,0,0,958.2,1006.2,95.9,,
883,2024-08-06 21:00,25.1,0,0,0,958.4,1006.6,96.6,,
883,2024-08-06 22:00,24.4,0,0,0,958.9,1007.3,97.2,,
883,2024-08-06 23:00,23.9,89.6,1.8,0,959,1007,97,,
883,2024-08-07 00:00,23.6,102.3,2.7,0,959.2,1007.3,97,,
883,2024-08-07 01:00,23.3,98.6,2.3,0,959,1007.2,94,,
883,2024-08-07 02:00,22.7,88.4,3.4,0,959.2,1007.6,93.2,,
883,2024-08-07 03:00,23.5,88.5,3,0,959.1,1007.2,91.7,,
883,2024-08-07 04:00,23.2,86.9,2.9,0,958.8,1007,91,,
883,2024-08-07 05:00,22.3,90.8,1.6,0,958.9,1007.4,92.5,,
883,2024-08-07 06:00,22.1,95.4,2,0,958.8,1007.3,94.5,,
883,2024-08-07 07:00,24.3,82.7,1.7,0,959.3,1007.7,88.9,,
883,2024-08-07 08:00,27.3,46.1,.5,0,959.3,1007,83.6,,
883,2024-08-07 09:00,28.6,0,0,0,959.2,1006.6,69.9,,
883,2024-08-07 10:00,30.3,26.3,1.7,0,959.4,1006.8,68.1,,
883,2024-08-07 11:00,31.2,21.6,3.5,0,959.1,1006.3,68.1,,
883,2024-08-07 12:00,31.7,40,2.6,0,958.5,1005.6,67.8,,
883,2024-08-07 13:00,30.5,25,4.3,0,958.2,1005.5,76.5,,
883,2024-08-07 14:00,31.5,23.4,3.2,0,957.7,1004.8,66.6,,
883,2024-08-07 15:00,30,0,0,0,957.4,1004.7,77.7,,
883,2024-08-07 16:00,29.8,236.3,1.2,0,957.2,1004.6,83.9,,
883,2024-08-07 17:00,27.5,0,0,0,957.4,1005,88.2,,
883,2024-08-07 18:00,27.2,0,.3,0,957.7,1005.4,90.7,,
883,2024-08-07 19:00,26.7,0,0,0,957.6,1005.4,92.5,,
883,2024-08-07 20:00,25.7,177.9,1.7,0,957.3,1005.3,95.1,,
883,2024-08-07 21:00,25.4,180,3,0,957.5,1005.6,94.8,,
883,2024-08-07 22:00,25.2,162,2.4,0,957.9,1006,94.8,,
883,2024-08-07 23:00,24.5,0,.1,0,958,1006.3,95.2,,
883,2024-08-08 00:00,23.8,0,0,0,958.1,1006.1,95.8,,
883,2024-08-08 01:00,23.3,0,0,0,958.1,1006.3,96.2,,
883,2024-08-08 02:00,23.8,96.4,2.2,0,957.7,1005.7,94.8,,
883,2024-08-08 03:00,23.2,68.3,1.6,0,957.3,1005.4,95,,
883,2024-08-08 04:00,23.9,83.2,2.8,0,957,1004.9,92.5,,
883,2024-08-08 05:00,23.8,85.5,2.9,0,956.8,1004.7,87.8,,
883,2024-08-08 06:00,23.7,86.6,3.1,0,957.3,1005.3,85.4,,
883,2024-08-08 07:00,25.2,75.6,2.8,0,957.6,1005.7,83.7,,
883,2024-08-08 08:00,27.9,47.9,1.1,0,957.9,1005.4,83.1,,
883,2024-08-08 09:00,27.6,38.6,3,0,957.9,1005.5,82.7,,
883,2024-08-08 10:00,29.6,30.2,2.6,0,957.6,1005,75.3,,
883,2024-08-08 11:00,30.5,0,.4,0,957.4,1004.7,75.7,,
883,2024-08-08 12:00,30.9,9.7,2,0,957.7,1004.9,73.2,,
883,2024-08-08 13:00,30.4,14.8,3.4,0,957.6,1004.9,81.4,,
883,2024-08-08 14:00,30.9,354.8,3,0,957,1004.2,72.5,,
883,2024-08-08 15:00,31.7,21.9,3.6,0,956.4,1003.4,66.8,,
883,2024-08-08 16:00,30.6,22.2,4.3,0,956.4,1003.6,77,,
883,2024-08-08 17:00,29.2,29.1,4.4,0,956.8,1004.2,79.5,,
883,2024-08-08 18:00,27.5,32.6,2.9,0,957,1004.6,87.8,,
883,2024-08-08 19:00,26.3,35,2.1,0,956.8,1004.6,93.2,,
883,2024-08-08 20:00,25.5,49.6,1.2,0,956.6,1004.6,95.6,,
883,2024-08-08 21:00,25.2,0,0,0,956.9,1005,91.1,,
883,2024-08-08 22:00,24.3,64.7,2.4,0,957.2,1005.5,91.5,,
883,2024-08-08 23:00,24.7,101.6,2.6,0,957,1005.2,87.7,,
883,2024-08-09 00:00,24.2,139.9,1.5,0,956.7,1005,90.3,,
883,2024-08-09 01:00,25.1,157.7,2,0,956.6,1004.7,94.1,,
883,2024-08-09 02:00,23.8,93.1,1.5,0,956.5,1004.4,92.5,,
883,2024-08-09 03:00,24,97.2,2.3,0,956.4,1004.7,89.4,,
883,2024-08-09 04:00,24.1,100.9,1.2,0,956.3,1004.6,88.2,,
883,2024-08-09 05:00,24.2,95.6,1.4,0,956.3,1004.6,89.4,,
883,2024-08-09 06:00,24,83.2,2.8,0,956.4,1004.7,89.1,,
883,2024-08-09 07:00,25,99.3,3.1,0,956.7,1004.8,87.1,,
883,2024-08-09 08:00,28.2,68.1,.8,0,956.9,1004.3,76.8,,
883,2024-08-09 09:00,29,0,.3,0,956.9,1004.4,70.9,,
883,2024-08-09 10:00,29.9,0,.3,0,957,1004.3,69.8,,
883,2024-08-09 11:00,28.9,318.6,1.2,0,957,1004.3,75.7,,
883,2024-08-09 12:00,31,340.7,2.6,0,956.8,1003.9,74.4,,
883,2024-08-09 13:00,29.9,339.6,2.4,0,956.4,1003.7,73.8,,
883,2024-08-09 14:00,30.1,319.8,2.7,0,956.1,1003.4,73.9,,
883,2024-08-09 15:00,30.7,26.6,3.3,0,955.7,1002.8,75.9,,
883,2024-08-09 16:00,30.8,29.3,2.4,0,955.7,1002.8,72.1,,
883,2024-08-09 17:00,29,315.4,2.2,0,955.5,1002.9,75.7,,
883,2024-08-09 18:00,28.1,333.1,1.6,0,955.5,1002.9,79.5,,
883,2024-08-09 19:00,26.6,30,2,0,955.5,1003.2,88,,
883,2024-08-09 20:00,25.2,38.6,.8,0,955.8,1003.8,94.9,,
883,2024-08-09 21:00,25.2,108.8,2.8,0,956,1004,90.6,,
883,2024-08-09 22:00,24.1,0,0,0,956.3,1004.6,94.6,,
883,2024-08-09 23:00,23.7,0,0,0,956.4,1004.4,94.7,,
883,2024-08-10 00:00,23.4,0,0,0,956.3,1004.3,95.7,,
883,2024-08-10 01:00,23.1,0,0,0,956,1004.1,95.4,,
883,2024-08-10 02:00,22.8,,,0,955.9,1004.1,93.7,,
883,2024-08-10 03:00,22.7,,,0,955.6,1003.8,96.3,,
883,2024-08-10 04:00,22.5,,,0,955.3,1003.5,96,,
883,2024-08-10 05:00,22.8,102.3,2.2,0,955.2,1003.3,94.1,,
883,2024-08-10 06:00,23.5,106.7,2.8,0,955.3,1003.3,94.6,,
883,2024-08-10 07:00,24.7,87,1.6,0,955.8,1003.9,90.3,,
883,2024-08-10 08:00,27.8,0,.4,0,956,1003.5,78.2,,
883,2024-08-10 09:00,28.8,8.5,.8,0,956.1,1003.3,73,,
883,2024-08-10 10:00,28.7,0,.2,0,955.9,1003.1,75.3,,
883,2024-08-10 11:00,28.8,317.5,2.1,0,955.8,1003,78,,
883,2024-08-10 12:00,28.4,229,.8,0,955.6,1002.9,84.5,,
883,2024-08-10 13:00,24.7,221.5,2.5,28,955.7,1003.8,98.2,,
883,2024-08-10 14:00,25.2,164.7,2.9,7,955.5,1003.5,93.9,,
883,2024-08-10 15:00,26.3,174.1,2.9,0,955.3,1003.1,91.4,,
883,2024-08-10 16:00,29,162.2,2.2,0,955,1002.4,81.5,,
883,2024-08-10 17:00,29.1,0,.2,0,954.8,1002.2,73.9,,
883,2024-08-10 18:00,27.3,0,0,0,954.7,1002.2,89.5,,
883,2024-08-10 19:00,26.6,0,.1,0,954.9,1002.6,88.4,,
883,2024-08-10 20:00,25.4,0,.2,0,955,1002.9,94,,
883,2024-08-10 21:00,24.3,0,.2,0,955.5,1003.7,92.8,,
883,2024-08-10 22:00,24.9,151.5,2.6,0,955.5,1003.6,77.9,,
883,2024-08-10 23:00,25.6,144.2,3.4,0,955.4,1003.3,74.2,,
883,2024-08-11 00:00,23.8,85.3,1.8,0,955.2,1003.1,87.7,,
883,2024-08-11 01:00,23.5,96.2,2.9,0,955,1002.9,89.5,,
883,2024-08-11 02:00,23.1,104.7,3,0,954.7,1002.7,91.6,,
883,2024-08-11 03:00,22.3,94.4,1.8,0,954.5,1002.7,94.2,,
883,2024-08-11 04:00,24.8,134.4,3.6,0,954.2,1002.2,90.4,,
883,2024-08-11 05:00,24.7,138.9,3.4,0,954.4,1002.5,88.2,,
883,2024-08-11 06:00,25.3,139.6,3.5,0,954.4,1002.3,84,,
883,2024-08-11 07:00,26.2,144.3,2.9,0,954.7,1002.4,82.1,,
883,2024-08-11 08:00,27.5,141.5,2.7,0,955.1,1002.6,77.4,,
883,2024-08-11 09:00,28,0,0,0,955.4,1002.8,80.3,,
883,2024-08-11 10:00,28.6,0,0,0,955.3,1002.5,80.9,,
883,2024-08-11 11:00,30.4,196.1,.7,0,955.2,1002.4,75.2,,
883,2024-08-11 12:00,30.3,184.9,2.7,0,954.9,1002.1,77.4,,
883,2024-08-11 13:00,31.1,173,2.8,0,954.6,1001.6,74.1,,
883,2024-08-11 14:00,30.1,186.7,3.2,0,954.5,1001.7,79.2,,
883,2024-08-11 15:00,30,173.3,3.7,0,954.2,1001.4,76.2,,
883,2024-08-11 16:00,29.4,174,3.5,0,954.3,1001.6,76.7,,
883,2024-08-11 17:00,28.8,158.7,3.5,0,954.2,1001.3,81.6,,
883,2024-08-11 18:00,28,58.2,1.7,0,954.2,1001.5,81.6,,
883,2024-08-11 19:00,26.9,0,0,0,954.5,1002.1,86.1,,
883,2024-08-11 20:00,25.7,0,0,0,954.5,1002.3,91.2,,
883,2024-08-11 21:00,25,0,0,0,955.2,1003.2,94,,
883,2024-08-11 22:00,24.5,0,0,0,955.4,1003.6,93,,
883,2024-08-11 23:00,24.1,101.4,2.5,0,955.4,1003.7,94.1,,
883,2024-08-12 00:00,23.6,106.1,2.4,0,955.2,1003.1,95.1,,
883,2024-08-12 01:00,23.2,100.9,2.2,0,955.1,1003.1,94.2,,
883,2024-08-12 02:00,23,108.9,2.8,0,954.9,1003,95.1,,
883,2024-08-12 03:00,22.2,0,0,0,955.1,1003.4,93.2,,
883,2024-08-12 04:00,22.3,111.5,2.7,0,955.1,1003.4,96.2,,
883,2024-08-12 05:00,23.4,98.5,2.8,0,955,1003,94.9,,
883,2024-08-12 06:00,22.6,0,0,0,955.2,1003.4,96.1,,
883,2024-08-12 07:00,25.1,0,0,0,955.6,1003.6,88.2,,
883,2024-08-12 08:00,27.3,0,0,0,955.9,1003.5,79.7,,
883,2024-08-12 09:00,27.5,0,.2,0,956.1,1003.6,82.7,,
883,2024-08-12 10:00,27.8,0,0,0,956.3,1003.8,73.6,,
883,2024-08-12 11:00,29.7,0,0,0,956.2,1003.5,66.9,,
883,2024-08-12 12:00,30.7,227,.9,0,956.1,1003.3,62,,
883,2024-08-12 13:00,30.7,283.3,1.3,0,955.9,1003,67.2,,
883,2024-08-12 14:00,29.4,207.3,1,0,955.9,1003.3,75.4,,
883,2024-08-12 15:00,31.1,203.7,1.1,0,955.7,1002.8,73.6,,
883,2024-08-12 16:00,28.8,199.2,1.3,0,955.7,1002.9,80.4,,
883,2024-08-12 17:00,29.4,0,.1,0,955.7,1003.1,78.2,,
883,2024-08-12 18:00,28.8,191.5,1,0,955.9,1003.1,81.4,,
883,2024-08-12 19:00,26.6,0,0,0,956.3,1004,86.3,,
883,2024-08-12 20:00,24.4,96.8,2,0,956.6,1004.9,92.6,,
883,2024-08-12 21:00,22.7,102.5,3.4,0,957,1005.3,70.2,,
883,2024-08-12 22:00,20.7,0,0,0,957.4,1006.2,78.4,,
883,2024-08-12 23:00,21.4,101.4,2.3,0,957.8,1006.5,92.9,,
883,2024-08-13 00:00,21.6,115.6,2.2,0,957.7,1006.3,96,,
883,2024-08-13 01:00,21,104.3,2.6,0,957.9,1006.7,94.9,,
883,2024-08-13 02:00,21.4,92.9,2.2,0,957.9,1006.6,96.2,,
883,2024-08-13 03:00,21.7,133,.5,0,957.9,1006.5,96.2,,
883,2024-08-13 04:00,21.8,129.5,2.4,0,957.8,1006.4,95.6,,
883,2024-08-13 05:00,21.2,119.2,2.3,0,958.1,1006.8,88.5,,
883,2024-08-13 06:00,21.4,97.9,1.4,0,958.4,1007.1,85.7,,
883,2024-08-13 07:00,23.9,82.1,2,0,958.5,1006.5,78.4,,
883,2024-08-13 08:00,27,87.3,2.1,0,958.8,1006.6,68.4,,
883,2024-08-13 09:00,28.2,89.4,4.2,0,958.9,1006.4,69.3,,
883,2024-08-13 10:00,29,74.6,4,0,959.2,1006.8,70.4,,
883,2024-08-13 11:00,29.5,62.8,4.6,0,959.2,1006.7,69.8,,
883,2024-08-13 12:00,29.6,50.9,5.2,0,958.8,1006.3,53.8,,
883,2024-08-13 13:00,30.7,50.1,5,0,958.5,1005.8,60.8,,
883,2024-08-13 14:00,30.7,45.5,5.7,0,958.4,1005.7,49.2,,
883,2024-08-13 15:00,30.3,36.2,4,0,958.2,1005.5,52.3,,
883,2024-08-13 16:00,28.6,30.8,4.8,0,957.8,1005.2,69.6,,
883,2024-08-13 17:00,26.9,88.1,3.6,0,957.9,1005.6,71,,
883,2024-08-13 18:00,26.3,29.2,4.6,0,957.8,1005.7,86.4,,
883,2024-08-13 19:00,25.1,33.8,3.7,0,958.3,1006.5,85,,
883,2024-08-13 20:00,23.7,61.7,2.6,0,958.7,1006.8,89.6,,
883,2024-08-13 21:00,23.5,86.6,3.5,0,958.9,1007,79,,
883,2024-08-13 22:00,25.1,111.1,2.7,0,959.3,1007.5,65.8,,
883,2024-08-13 23:00,24,103.4,3.2,0,959.4,1007.9,70.9,,
883,2024-08-14 00:00,22.3,128.7,1.8,0,959.1,1007.6,87.1,,
883,2024-08-14 01:00,22.1,0,.2,0,959.1,1007.6,85.4,,
883,2024-08-14 02:00,21.2,0,0,0,958.8,1007.6,91.7,,
883,2024-08-14 03:00,22.7,168.5,2,0,959,1007.4,86.6,,
883,2024-08-14 04:00,21.7,105.3,2.6,0,958.8,1007.4,89.7,,
883,2024-08-14 05:00,22.4,109.6,4,0,958.1,1006.5,78.7,,
883,2024-08-14 06:00,22.3,116.6,2.4,0,958.6,1007.1,84.3,,
883,2024-08-14 07:00,23.8,114,2.5,0,959.1,1007.2,82.7,,
883,2024-08-14 08:00,24.6,77.5,4.4,0,959.2,1007.5,79.1,,
883,2024-08-14 09:00,27.5,54.1,4.7,0,959.1,1006.8,69.9,,
883,2024-08-14 10:00,28.3,5.3,.6,0,959.4,1006.9,70.9,,
883,2024-08-14 11:00,27.4,33.4,1.8,0,959.3,1007,83,,
883,2024-08-14 12:00,25.8,185.9,1.2,0,959.1,1007.2,83.3,,
883,2024-08-14 13:00,25.7,0,.2,0,958.9,1007,87.8,,
883,2024-08-14 14:00,28.7,0,0,0,958.6,1006,73.4,,
883,2024-08-14 15:00,27.6,241.8,1.8,0,958.3,1005.9,80.2,,
883,2024-08-14 16:00,29.5,215.6,1,0,957.8,1005.2,70.2,,
883,2024-08-14 17:00,24.2,63.7,4.2,1,957.7,1006.1,93.6,,
883,2024-08-14 18:00,25.2,28,1.9,.5,957.6,1005.7,96.4,,
883,2024-08-14 19:00,24.7,0,0,0,957.8,1006,95.4,,
883,2024-08-14 20:00,23.8,107.5,2.1,0,957.9,1005.9,95,,
883,2024-08-14 21:00,23.2,176.2,1.6,0,958.6,1006.8,97,,
883,2024-08-14 22:00,24,171.5,2.4,0,959.2,1007.7,94,,
883,2024-08-14 23:00,23.7,117.6,.8,0,959,1007.1,94.1,,
883,2024-08-15 00:00,23.7,103.4,1.9,0,958.9,1007,90.5,,
883,2024-08-15 01:00,23.8,87.4,2.6,0,958.8,1006.8,92.1,,
883,2024-08-15 02:00,23.5,150.6,2.6,0,958.3,1006.4,96.5,,
883,2024-08-15 03:00,22.4,105.6,2.3,0,958.3,1006.7,94.9,,
883,2024-08-15 04:00,22.6,0,0,0,957.9,1006.2,96.4,,
883,2024-08-15 05:00,22.8,87.8,2.9,0,957.9,1006.2,92.4,,
883,2024-08-15 06:00,23.8,103,1.7,0,958.2,1006.2,87.4,,
883,2024-08-15 07:00,23,0,.1,0,958.4,1006.6,94.3,,
883,2024-08-15 08:00,26.9,0,.1,0,958.7,1006.5,82.5,,
883,2024-08-15 09:00,27.3,0,0,0,958.9,1006.6,78.5,,
883,2024-08-15 10:00,28.5,0,.1,0,959.1,1006.6,78.5,,
883,2024-08-15 11:00,27.9,304,1.6,0,958.8,1006.4,79.2,,
883,2024-08-15 12:00,25.3,205,2.4,6,958.4,1006.5,94.9,,
883,2024-08-15 13:00,25.9,1,3.1,8.5,958.3,1006.3,96.7,,
883,2024-08-15 14:00,26.6,306.2,4.1,0,958.2,1006,93.2,,
883,2024-08-15 15:00,24.1,66.1,3.6,2,958,1006.4,96,,
883,2024-08-15 16:00,24.4,86.6,1.8,.5,957.9,1006.2,89.8,,
883,2024-08-15 17:00,27.4,0,0,0,957.4,1005,78.6,,
883,2024-08-15 18:00,25.7,0,0,0,958,1006,86.5,,
883,2024-08-15 19:00,24.5,96.9,1.9,0,958.2,1006.5,93.5,,
883,2024-08-15 20:00,23.5,0,0,0,958.1,1006.2,94,,
883,2024-08-15 21:00,23.5,146.6,2.1,0,958.9,1007,94,,
883,2024-08-15 22:00,23.4,0,0,0,959,1007.2,94.9,,
883,2024-08-15 23:00,23.4,0,0,0,958.9,1007.1,95,,
883,2024-08-16 00:00,23.6,58.2,.7,0,959.3,1007.4,91.2,,
883,2024-08-16 01:00,22.8,174,6.2,0,960.2,1008.6,96.7,,
883,2024-08-16 02:00,22,137.2,4,4.5,958.7,1007.2,89.6,,
883,2024-08-16 03:00,21.1,48.2,2.3,.5,958.8,1007.6,95.8,,
883,2024-08-16 04:00,21.7,99.1,5.2,.5,958.3,1006.9,90.7,,
883,2024-08-16 05:00,22.6,125.6,2.6,.5,958.9,1007.3,91.4,,
883,2024-08-16 06:00,22.4,150.4,1,0,958.9,1007.3,88.5,,
883,2024-08-16 07:00,22.4,135.3,1.2,0,959,1007.4,91.7,,
883,2024-08-16 08:00,23.3,93,2.8,0,959.6,1007.8,89.3,,
883,2024-08-16 09:00,24.3,62.2,2.4,0,959.4,1007.8,89.3,,
883,2024-08-16 10:00,27.3,164.4,2.7,0,959.8,1007.6,81.3,,
883,2024-08-16 11:00,29.2,0,.3,0,959.8,1007.4,64.6,,
883,2024-08-16 12:00,27.2,42.2,1.4,0,959.7,1007.5,75.9,,
883,2024-08-16 13:00,24.4,102.3,3,18.5,959.5,1007.9,93.5,,
883,2024-08-16 14:00,24.7,118.1,3.3,1,959.4,1007.7,92.7,,
883,2024-08-16 15:00,26.8,0,.4,0,959.4,1007.2,89.5,,
883,2024-08-16 16:00,27.2,238.3,1.2,0,959.1,1006.8,80.2,,
883,2024-08-16 17:00,28,0,.1,0,959.2,1006.8,78.4,,
883,2024-08-16 18:00,26.8,0,.1,0,959.1,1006.9,84.7,,
883,2024-08-16 19:00,25,268.3,.8,0,959.5,1007.8,90.1,,
883,2024-08-16 20:00,23.8,0,0,0,960.2,1008.3,94.9,,
883,2024-08-16 21:00,23.5,0,0,0,960.7,1008.9,95.6,,
883,2024-08-16 22:00,23.6,97.9,2.9,0,961.2,1009.4,93.1,,
883,2024-08-16 23:00,23,105.1,2.8,0,961.2,1009.6,93.1,,
883,2024-08-17 00:00,22.8,104.4,2.6,0,961.3,1009.8,95.3,,
883,2024-08-17 01:00,22.5,99.1,2.7,0,961.1,1009.6,94.5,,
883,2024-08-17 02:00,22.2,91.4,2.9,0,961.3,1009.9,94.3,,
883,2024-08-17 03:00,22.6,91.6,3.3,0,960.9,1009.4,90.6,,
883,2024-08-17 04:00,22,106.6,2.4,0,960.8,1009.4,92.8,,
883,2024-08-17 05:00,22.1,118.3,2.3,0,961.2,1009.8,93.5,,
883,2024-08-17 06:00,21.5,101.3,2.3,0,961,1009.8,93.2,,
883,2024-08-17 07:00,21.9,0,.1,0,961.3,1010,91.6,,
883,2024-08-17 08:00,26.5,0,0,0,961.8,1009.8,77,,
883,2024-08-17 09:00,28.3,0,0,0,962.1,1009.7,71.8,,
883,2024-08-17 10:00,29,0,0,0,962.1,1009.8,67.8,,
883,2024-08-17 11:00,26.9,313.6,2.3,0,961.9,1009.8,84.2,,
883,2024-08-17 12:00,22.7,157.1,4.7,22.5,962.1,1010.6,94.4,,
883,2024-08-17 13:00,23.1,0,0,.5,961.5,1009.9,91.7,,
883,2024-08-17 14:00,28.9,0,0,0,961.3,1008.8,77.2,,
883,2024-08-17 15:00,27,.9,1.7,0,960.8,1008.7,79.5,,
883,2024-08-17 16:00,29.4,273.7,1.4,0,960.6,1008.2,80.5,,
883,2024-08-17 17:00,28.6,276.2,2.2,0,960.5,1008,78.8,,
883,2024-08-17 18:00,27.1,201.2,2.1,0,960.4,1008.2,88,,
883,2024-08-17 19:00,25,0,.3,0,960.8,1009.1,94.3,,
883,2024-08-17 20:00,24.4,0,0,0,961.2,1009.7,94,,
883,2024-08-17 21:00,23.7,64.2,.7,0,961.7,1009.9,95.1,,
883,2024-08-17 22:00,23.4,19.7,2.4,0,962,1010.3,95.5,,
883,2024-08-17 23:00,23.1,0,0,0,961.8,1010.2,93.1,,
883,2024-08-18 00:00,22.7,136.7,1.4,0,962,1010.5,93.1,,
883,2024-08-18 01:00,22.6,81,2.1,0,961.6,1010.1,91.8,,
883,2024-08-18 02:00,22,118.7,2.3,0,961.5,1010.2,95.6,,
883,2024-08-18 03:00,23.4,161.9,2.5,0,961,1009.3,89.8,,
883,2024-08-18 04:00,22.7,107.8,2.9,0,960.9,1009.4,91.5,,
883,2024-08-18 05:00,22.8,0,0,0,960.9,1009.3,92.5,,
883,2024-08-18 06:00,22.5,0,.1,0,960.6,1009.1,94.9,,
883,2024-08-18 07:00,24.3,164.5,2.6,0,960.8,1009.3,88.6,,
883,2024-08-18 08:00,25.8,171.1,.6,0,961.2,1009.4,82.6,,
883,2024-08-18 09:00,28,0,.1,0,961.1,1008.8,75.5,,
883,2024-08-18 10:00,28,0,0,0,961.2,1008.9,78.1,,
883,2024-08-18 11:00,29.3,236.8,2.2,0,961,1008.6,78.5,,
883,2024-08-18 12:00,27.6,0,.3,0,960.5,1008.2,82.4,,
883,2024-08-18 13:00,27.1,307.8,2.4,0,960.1,1007.9,86.9,,
883,2024-08-18 14:00,27.7,265.5,1.2,0,959.7,1007.4,83.2,,
883,2024-08-18 15:00,26.2,308.6,2.1,0,959.5,1007.5,88.3,,
883,2024-08-18 16:00,26,215.6,.5,0,959.2,1007.2,90.6,,
883,2024-08-18 17:00,28.5,258.5,1,0,958.9,1006.3,79.3,,
883,2024-08-18 18:00,27.1,323.1,2.7,0,958.9,1006.7,76.1,,
883,2024-08-18 19:00,24.9,0,0,0,959.1,1007.4,87.7,,
883,2024-08-18 20:00,24.1,0,0,0,959.6,1008.1,92.3,,
883,2024-08-18 21:00,23.6,103.3,2.5,0,959.9,1008.1,94.6,,
883,2024-08-18 22:00,23.2,0,0,0,960.2,1008.5,94.7,,
883,2024-08-18 23:00,22.9,126.4,1.6,0,960.3,1008.7,95.1,,
883,2024-08-19 00:00,23,106.5,3.1,0,960.1,1008.4,92.9,,
883,2024-08-19 01:00,22.4,98,3.2,0,959.3,1007.8,80.2,,
883,2024-08-19 02:00,21,0,.2,0,959.2,1008.1,91.2,,
883,2024-08-19 03:00,21.5,98.1,2.4,0,959.2,1007.9,90.7,,
883,2024-08-19 04:00,22.8,103.6,3.1,0,958.9,1007.2,87.9,,
883,2024-08-19 05:00,22.5,100.8,2.8,0,958.7,1007.1,89,,
883,2024-08-19 06:00,22.4,99.3,2.6,0,958.4,1006.8,87.6,,
883,2024-08-19 07:00,24.3,0,0,0,958.6,1007,84.2,,
883,2024-08-19 08:00,27.3,0,0,0,958.7,1006.4,73.7,,
883,2024-08-19 09:00,28.4,33.8,.7,0,959.1,1006.6,67.3,,
883,2024-08-19 10:00,29.1,307.9,.9,0,959.5,1007.1,72.7,,
883,2024-08-19 11:00,30.8,315.3,1.7,0,959.2,1006.5,71.1,,
883,2024-08-19 12:00,29,348.2,4.8,0,958.6,1006.2,75.5,,
883,2024-08-19 13:00,28.4,295.8,3.2,0,958.5,1005.9,75.1,,
883,2024-08-19 14:00,28.5,296.4,3.3,0,958.4,1005.8,79.5,,
883,2024-08-19 15:00,28,296,1.2,0,958.2,1005.7,81.3,,
883,2024-08-19 16:00,28.5,265.6,1.1,0,957.6,1005,81.2,,
883,2024-08-19 17:00,28.4,0,.1,0,957.4,1004.8,82.6,,
883,2024-08-19 18:00,26.9,249.4,1.2,0,957.1,1004.8,88.1,,
883,2024-08-19 19:00,26.5,0,.1,0,957.5,1005.3,91.9,,
883,2024-08-19 20:00,25.5,0,0,0,958.3,1006.4,95.9,,
883,2024-08-19 21:00,25.3,0,.4,0,959.1,1007.3,96.3,,
883,2024-08-19 22:00,25.2,153.3,3.2,0,959.2,1007.4,92.7,,
883,2024-08-19 23:00,24.8,147.6,1.5,0,959.7,1008,89.6,,
883,2024-08-20 00:00,25.1,145.3,3.6,0,959.9,1008.2,86.1,,
883,2024-08-20 01:00,25.3,141.4,3.2,0,959.9,1008.1,86.3,,
883,2024-08-20 02:00,24.9,145.8,3.3,0,959.4,1007.7,89.2,,
883,2024-08-20 03:00,25.6,132.4,4.5,0,959.3,1007.4,84.9,,
883,2024-08-20 04:00,26,136.1,5,0,959.2,1007.2,84.9,,
883,2024-08-20 05:00,25.8,105.5,4.3,0,959.2,1007.3,84.5,,
883,2024-08-20 06:00,25.8,157,4.9,0,958.9,1006.9,86.1,,
883,2024-08-20 07:00,26.1,157.2,6.4,0,958.8,1006.8,89.1,,
883,2024-08-20 08:00,26.1,160.7,5.9,0,958.9,1006.9,90.3,,
883,2024-08-20 09:00,26.9,159.8,6.1,0,959.1,1006.9,88.6,,
883,2024-08-20 10:00,28.5,158.3,7,0,959.3,1006.8,85.6,,
883,2024-08-20 11:00,28.8,154,8.5,0,959,1006.4,83.3,,
883,2024-08-20 12:00,26.3,161,6.3,6,958.2,1006.1,96.1,,
883,2024-08-20 13:00,26.7,183.3,7.9,6,957.5,1005.3,96.9,,
883,2024-08-20 14:00,27.1,170.5,7.3,2,957.3,1005,95.6,,
883,2024-08-20 15:00,26.8,174.6,6.9,.5,956.3,1004,95.9,,
883,2024-08-20 16:00,26.9,178.6,6.8,0,955.4,1003,97.2,,
883,2024-08-20 17:00,26.7,200.4,6.6,1.5,955.5,1003.2,97.8,,
883,2024-08-20 18:00,26.2,214.8,7.2,3,956.4,1004.2,99.2,,
883,2024-08-20 19:00,26.2,212.5,5.9,5.5,957.4,1005.3,98.9,,
883,2024-08-20 20:00,26,206.8,6.4,.5,957.6,1005.5,98.9,,
883,2024-08-20 21:00,26,205.8,5.3,0,959.6,1007.6,98.5,,
883,2024-08-20 22:00,25.5,211.2,5.7,0,960.3,1008.5,98.6,,
883,2024-08-20 23:00,,,,8,,,,,
883,2024-08-21 08:00,25.7,,,0,960.9,1009.1,99.3,,
883,2024-08-21 09:00,25.8,199.2,3.3,4,961.3,1009.5,97.6,,
883,2024-08-21 10:00,26.5,184.5,4.3,.5,961.3,1009.3,97.5,,
883,2024-08-21 11:00,27,191.7,4.5,0,961.3,1009.2,91.8,,
883,2024-08-21 12:00,27.2,189.1,3.8,0,961.2,1009,92.3,,
883,2024-08-21 13:00,29.6,190.8,3.3,0,960.8,1008.4,83.1,,
883,2024-08-21 14:00,29.2,181,4,0,960.5,1008.1,84.9,,
883,2024-08-21 15:00,28.5,186.9,3.6,0,960.1,1007.6,86.7,,
883,2024-08-21 16:00,28.2,185.4,4.1,0,959.8,1007.4,85.8,,
883,2024-08-21 17:00,27,188,4.1,0,959.9,1007.7,90.5,,
883,2024-08-21 18:00,27,189.7,3.7,0,959.7,1007.5,91.8,,
883,2024-08-21 19:00,26.2,180.8,4.2,0,959.7,1007.7,94.2,,
883,2024-08-21 20:00,26.1,182.9,3.8,0,960.2,1008.2,94.6,,
883,2024-08-21 21:00,26,179.6,4,0,960.5,1008.6,95.1,,
883,2024-08-21 22:00,26,191.7,3.6,0,960.4,1008.5,96,,
883,2024-08-21 23:00,25.8,187.5,4.2,0,959.9,1008,95.8,,
883,2024-08-22 00:00,25.8,188.5,4.2,0,959.7,1007.8,96,,
883,2024-08-22 01:00,25.4,187.6,3.9,1.5,959.7,1007.9,98,,
883,2024-08-22 02:00,25.5,185.3,4.1,0,959.2,1007.3,98,,
883,2024-08-22 03:00,25.5,196.5,4.4,0,958.8,1006.9,97.8,,
883,2024-08-22 04:00,25.6,195.6,4.8,0,958.7,1006.8,97.2,,
883,2024-08-22 05:00,25.3,196.5,5.3,2,958.5,1006.6,97.5,,
883,2024-08-22 06:00,25.1,198.7,4.9,0,958.4,1006.6,98.3,,
883,2024-08-22 07:00,25.6,195.1,5.3,0,958.4,1006.5,97.5,,
883,2024-08-22 08:00,25.9,205.3,5,0,958.3,1006.3,96.9,,
883,2024-08-22 09:00,26.3,199.8,5.6,0,958,1005.9,94.6,,
883,2024-08-22 10:00,25.2,218.5,4.8,5.5,958.9,1007.1,98.1,,
883,2024-08-22 11:00,25.8,225.6,5.8,0,958.8,1006.8,98,,
883,2024-08-22 12:00,27,214.1,4.4,0,958.5,1006.3,96.2,,
883,2024-08-22 13:00,27.1,230,5.5,1.5,958.4,1006.1,93.1,,
883,2024-08-22 14:00,26.8,225.5,4.2,0,958.2,1006,91,,
883,2024-08-22 15:00,27.4,240.4,3.9,0,958.2,1005.9,91.2,,
883,2024-08-22 16:00,28,241.7,3.3,0,957.9,1005.4,88,,
883,2024-08-22 17:00,26.6,242.7,2.4,0,958.1,1005.9,92.2,,
883,2024-08-22 18:00,26,247.1,2.4,0,958.4,1006.4,94.1,,
883,2024-08-22 19:00,25.4,230.9,2,0,958.5,1006.6,96.6,,
883,2024-08-22 20:00,25.1,205.4,1.2,0,959.1,1007.3,98.1,,
883,2024-08-22 21:00,24.9,190.5,.7,0,959.7,1008,98.1,,
883,2024-08-22 22:00,25.3,301.7,1,0,960.2,1008.4,98.1,,
883,2024-08-22 23:00,25.1,229,.8,0,960.5,1008.8,98.7,,
883,2024-08-23 00:00,24.9,249.5,.6,0,960.4,1008.7,98.7,,
883,2024-08-23 01:00,25,316,.7,0,960.6,1008.9,98.8,,
883,2024-08-23 02:00,25,0,.2,0,960.4,1008.7,98.6,,
883,2024-08-23 03:00,24.8,0,0,0,960.3,1008.6,98.6,,
883,2024-08-23 04:00,24.6,0,.3,0,960.3,1008.7,98.7,,
883,2024-08-23 05:00,24.3,140.2,1.4,0,960.3,1008.8,98.3,,
883,2024-08-23 06:00,24.6,0,.1,0,960.6,1009,98.1,,
883,2024-08-23 07:00,24.7,285.2,1.6,0,961.2,1009.6,98.6,,
883,2024-08-23 08:00,25.4,313.8,.8,0,961.4,1009.7,97.2,,
883,2024-08-23 09:00,27,265.1,.6,0,961.8,1009.7,87.3,,
883,2024-08-23 10:00,27.7,309,1.2,0,961.9,1009.7,87.7,,
883,2024-08-23 11:00,27.2,300.2,2.7,0,962.1,1010,85.8,,
883,2024-08-23 12:00,27.9,309.4,2.9,0,961.9,1009.6,86,,
883,2024-08-23 13:00,27.8,308.8,2.4,0,961.7,1009.4,86.8,,
883,2024-08-23 14:00,27.9,306,3,0,961.4,1009.1,87.4,,
883,2024-08-23 15:00,29.1,335.6,2.8,0,960.9,1008.6,78.9,,
883,2024-08-23 16:00,28.3,313.1,2.5,0,960.7,1008.3,81.1,,
883,2024-08-23 17:00,28.1,23.9,1.4,0,960.8,1008.4,81.3,,
883,2024-08-23 18:00,26.2,302.3,1.8,0,961,1009.1,87.7,,
883,2024-08-23 19:00,25,23.6,1.5,0,961,1009.3,93.2,,
883,2024-08-23 20:00,24.2,92.8,1.2,0,961.2,1009.7,95.3,,
883,2024-08-23 21:00,23.9,90.9,1.7,0,961.6,1009.8,95.4,,
883,2024-08-23 22:00,23.4,108.2,2.3,0,962,1010.3,96.3,,
883,2024-08-23 23:00,23.8,156.7,2.4,0,962.1,1010.3,92.3,,
883,2024-08-24 00:00,22.9,111.6,1.9,0,962.1,1010.6,90.6,,
883,2024-08-24 01:00,23.4,141.6,1.7,0,962,1010.3,89,,
883,2024-08-24 02:00,23,140.9,2.4,0,962,1010.4,91.9,,
883,2024-08-24 03:00,23,144.5,2.3,0,962.1,1010.5,93.1,,
883,2024-08-24 04:00,22.8,136,2.3,0,962.2,1010.7,95.8,,
883,2024-08-24 05:00,22,123.4,1,0,962.2,1010.9,96.2,,
883,2024-08-24 06:00,21.9,106.1,2.6,0,962.3,1011.1,96.8,,
883,2024-08-24 07:00,23,103.9,2.2,0,962.6,1011.1,96.1,,
883,2024-08-24 08:00,26.6,174.3,.7,0,962.8,1010.9,85,,
883,2024-08-24 09:00,27.9,0,.2,0,963,1010.8,77.4,,
883,2024-08-24 10:00,28.6,9.1,1.2,0,963.2,1010.8,73.3,,
883,2024-08-24 11:00,29,352.1,2.4,0,963.2,1011,71.7,,
883,2024-08-24 12:00,29.9,33.9,1.8,0,962.7,1010.3,73.5,,
883,2024-08-24 13:00,30.9,27,4,0,962.4,1009.8,79.6,,
883,2024-08-24 14:00,30.7,28.8,3.5,0,962,1009.4,77,,
883,2024-08-24 15:00,26.9,358.8,2.5,0,961.6,1009.5,88.1,,
883,2024-08-24 16:00,25.8,70.7,1.1,.5,961.4,1009.6,93.5,,
883,2024-08-24 17:00,27.2,290.3,.9,.5,961.1,1008.9,89.9,,
883,2024-08-24 18:00,26.4,201.1,1.1,0,960.9,1008.9,92.3,,
883,2024-08-24 19:00,24.9,217,1,0,960.9,1009.3,96.6,,
883,2024-08-24 20:00,24.4,164.1,2.4,0,961,1009.5,97.3,,
883,2024-08-24 21:00,24.4,146.1,3,0,961.3,1009.8,91.7,,
883,2024-08-24 22:00,23.1,0,.4,0,961.6,1010,94.3,,
883,2024-08-24 23:00,23.1,80.3,1.5,0,961.8,1010.2,95.6,,
883,2024-08-25 00:00,22.8,133.3,1.5,0,961.6,1010.1,96.3,,
883,2024-08-25 01:00,22.2,102.1,2.4,0,961.7,1010.3,94.8,,
883,2024-08-25 02:00,22.7,116,2.8,0,961.4,1009.9,94.1,,
883,2024-08-25 03:00,22.5,79.1,3.4,0,961.2,1009.7,93.4,,
883,2024-08-25 04:00,22.6,78.6,2.8,0,960.9,1009.4,91.5,,
883,2024-08-25 05:00,22.5,72.4,2.5,0,960.9,1009.4,93,,
883,2024-08-25 06:00,22.7,90.2,2.8,0,961,1009.5,92.7,,
883,2024-08-25 07:00,23.7,95.8,3.2,0,961.4,1009.6,90.2,,
883,2024-08-25 08:00,26.7,54.2,1.7,0,961.7,1009.7,80,,
883,2024-08-25 09:00,28,359.8,1.5,0,961.5,1009.2,72.4,,
883,2024-08-25 10:00,29.7,18.2,3.2,0,961.4,1009,73.7,,
883,2024-08-25 11:00,30.4,32.2,3.2,0,961.3,1008.8,69.2,,
883,2024-08-25 12:00,29.9,27,3.1,0,961.3,1008.9,74.5,,
883,2024-08-25 13:00,28.7,38,4,0,961.1,1008.6,79.3,,
883,2024-08-25 14:00,28.5,37.8,3.3,0,960.8,1008.3,76.2,,
883,2024-08-25 15:00,31.1,23.4,4.4,0,960.2,1007.5,68.7,,
883,2024-08-25 16:00,28.1,210.1,1.9,0,959.9,1007.5,81,,
883,2024-08-25 17:00,28.7,356.3,2.2,0,959.9,1007.3,72.7,,
883,2024-08-25 18:00,27,333.4,2.7,0,959.8,1007.6,80.3,,
883,2024-08-25 19:00,24.4,26.2,2.7,0,959.8,1008.2,91.8,,
883,2024-08-25 20:00,24,106.6,3.1,0,959.6,1008.1,92.1,,
883,2024-08-25 21:00,22.1,48.9,1.7,0,960.4,1009,88.6,,
883,2024-08-25 22:00,22.5,79.6,3.4,0,960.4,1008.9,91.3,,
883,2024-08-25 23:00,21.9,80.6,3,0,960.3,1009,82.7,,
883,2024-08-26 00:00,21.8,90.9,3.4,0,960.1,1008.8,88.7,,
883,2024-08-26 01:00,22.9,89.9,3.2,0,959.8,1008.1,80.1,,
883,2024-08-26 02:00,22.9,106.5,4.5,0,959,1007.3,85.7,,
883,2024-08-26 03:00,21.5,95.2,2.5,0,958.7,1007.4,92,,
883,2024-08-26 04:00,21.5,101.1,3.1,0,958.4,1007.1,89.6,,
883,2024-08-26 05:00,20.6,94.7,2.4,0,958.5,1007.4,93.4,,
883,2024-08-26 06:00,20.7,106,3.3,0,958.6,1007.5,94.1,,
883,2024-08-26 07:00,22.5,103.1,3.3,0,958.8,1007.2,81.3,,
883,2024-08-26 08:00,25.7,107.3,3.1,0,959.1,1007.2,68.4,,
883,2024-08-26 09:00,27.6,253.9,.7,0,959.5,1007.2,73.3,,
883,2024-08-26 10:00,28.4,258.5,.6,0,959.3,1006.8,69.2,,
883,2024-08-26 11:00,28.3,314.8,1.6,0,959,1006.5,73.1,,
883,2024-08-26 12:00,29.8,29.6,2.9,0,958.7,1006.1,77.9,,
883,2024-08-26 13:00,28.8,22.2,1.8,0,957.9,1005.2,79.7,,
883,2024-08-26 14:00,27.4,297.5,2.2,0,957.7,1005.3,84.4,,
883,2024-08-26 15:00,27.4,301.1,2.4,0,957.2,1004.8,84.4,,
883,2024-08-26 16:00,26.9,43.8,3.2,0,957.1,1004.8,83.4,,
883,2024-08-26 17:00,26.3,167.7,2.7,0,957.2,1005,86.5,,
883,2024-08-26 18:00,26.2,190.2,1,0,957.1,1005,86.8,,
883,2024-08-26 19:00,25,169.1,2.4,0,957.4,1005.6,92,,
883,2024-08-26 20:00,24.5,170.5,2.7,0,957.7,1006,90.8,,
883,2024-08-26 21:00,24.1,110,2.7,0,957.5,1005.9,93,,
883,2024-08-26 22:00,23.2,104.8,2.7,0,957.3,1005.4,94.2,,
883,2024-08-26 23:00,22.4,100.3,3,0,957.1,1005.5,91.9,,
883,2024-08-27 00:00,22.8,99,3.5,0,956.7,1004.9,89.6,,
883,2024-08-27 01:00,21.8,107.3,3.1,0,956.2,1004.7,88.7,,
883,2024-08-27 02:00,22,108.2,3.3,0,956,1004.4,89.1,,
883,2024-08-27 03:00,21.5,110.1,3.3,0,955.6,1004.1,90.7,,
883,2024-08-27 04:00,21.7,107.1,2.7,0,955.2,1003.7,93,,
883,2024-08-27 05:00,21.2,102,2.9,0,955.4,1004,92.9,,
883,2024-08-27 06:00,22.2,104.9,3.3,0,955.5,1003.8,90.4,,
883,2024-08-27 07:00,22.2,90.1,2.6,0,955.8,1004.1,89,,
883,2024-08-27 08:00,25,99.7,2.7,0,956,1004.1,83.5,,
883,2024-08-27 09:00,26.8,329,1.7,0,956.5,1004.2,74.6,,
883,2024-08-27 10:00,28.4,0,.3,0,956.5,1003.8,74.1,,
883,2024-08-27 11:00,28.9,307.9,1.7,0,956.4,1003.6,71.9,,
883,2024-08-27 12:00,29.3,0,.2,0,956,1003.4,70.8,,
883,2024-08-27 13:00,28.5,57.6,3.3,0,955.3,1002.6,79.3,,
883,2024-08-27 14:00,26.4,14.5,3.7,0,955,1002.7,92.8,,
883,2024-08-27 15:00,23.3,51.1,4.9,44,955,1003,98.5,,
883,2024-08-27 16:00,25.7,65.4,2.3,2,954.4,1002.2,94.1,,
883,2024-08-27 17:00,26.8,84.8,2.3,0,954.6,1002.2,89.6,,
883,2024-08-27 18:00,26.2,39.2,3.1,0,955.1,1002.9,93.5,,
883,2024-08-27 19:00,25.9,77.8,3.8,0,955.3,1003.1,89.2,,
883,2024-08-27 20:00,25.5,109.7,3.5,0,955.4,1003.3,85.1,,
883,2024-08-27 21:00,25.7,129.4,1.7,0,955.9,1003.8,82.9,,
883,2024-08-27 22:00,24.6,87.3,2.5,0,955.5,1003.6,87.6,,
883,2024-08-27 23:00,25.6,110.7,4.5,0,955.1,1003,82.2,,
883,2024-08-28 00:00,25.3,85.6,3.4,0,955,1003,81.8,,
883,2024-08-28 01:00,25.3,105.2,4.4,0,955.2,1003.2,83.8,,
883,2024-08-28 02:00,24.5,43.3,4.1,0,955.1,1003.3,97.3,,
883,2024-08-28 03:00,,,,26.5,,,,,
883,2024-08-28 08:00,25.5,64.7,7.2,0,955.1,1003,88.9,,
883,2024-08-28 09:00,26.5,68.4,5.6,0,955.5,1003.2,85.5,,
883,2024-08-28 10:00,25.2,68.7,3.6,5,956,1004,94.4,,
883,2024-08-28 11:00,26.2,53.3,4.8,1,955.8,1003.6,92.1,,
883,2024-08-28 12:00,25.1,40.4,3.8,10,955.5,1003.5,96.9,,
883,2024-08-28 13:00,25.8,56.7,5.1,3,955.1,1003,95.4,,
883,2024-08-28 14:00,26.3,77.6,8.1,1,954.6,1002.3,85.1,,
883,2024-08-28 15:00,25.6,72.5,8.7,0,954.1,1002,89.1,,
883,2024-08-28 16:00,25.1,68.5,9.5,0,953.8,1001.7,92.4,,
883,2024-08-28 17:00,25.6,65.1,11.2,.5,953.4,1001.2,88.4,,
883,2024-08-28 18:00,25.2,67.5,12.6,0,953.6,1001.5,85.8,,
883,2024-08-28 19:00,24.7,68.5,11.4,0,953.6,1001.6,85.4,,
883,2024-08-28 20:00,24.3,64.2,11.8,0,954.5,1002.7,91.3,,
883,2024-08-28 21:00,24.1,58.4,9.2,2.5,955.1,1003.3,94,,
883,2024-08-28 22:00,23.8,60.5,8,3,955.4,1003.3,95.5,,
883,2024-08-28 23:00,23.7,57.9,8.7,.5,955,1002.9,93.5,,
883,2024-08-29 00:00,23.7,62.3,9.3,.5,954.7,1002.6,92.4,,
883,2024-08-29 01:00,23.4,55.9,8,0,954.4,1002.3,94.8,,
883,2024-08-29 02:00,23.3,56.8,8.5,.5,953.7,1001.6,96,,
883,2024-08-29 03:00,23.2,53.8,6.3,0,953.9,1001.9,95.7,,
883,2024-08-29 04:00,23.2,51.1,4.8,0,953.8,1001.8,95,,
883,2024-08-29 05:00,23.2,49.9,6.3,0,953.4,1001.3,94.6,,
883,2024-08-29 06:00,23.1,39.4,6.1,0,954.2,1002.2,95.7,,
883,2024-08-29 07:00,23,45.8,5.3,0,954.5,1002.6,95.3,,
883,2024-08-29 08:00,23.4,29.5,5.2,0,954.7,1002.7,96.2,,
883,2024-08-29 09:00,24.2,29.2,4.9,0,954.9,1003.1,94.9,,
883,2024-08-29 10:00,24.8,27.9,6.3,0,955.1,1003.2,91.8,,
883,2024-08-29 11:00,26.2,28,6.6,0,955,1002.8,85.6,,
883,2024-08-29 12:00,26.8,27.4,6.9,0,955,1002.6,80.9,,
883,2024-08-29 13:00,26.9,28.5,6,0,954.7,1002.3,83.4,,
883,2024-08-29 14:00,27.5,28.8,6.8,0,954.4,1001.8,78.5,,
883,2024-08-29 15:00,26.6,333.1,3.5,0,954.5,1002.1,76.9,,
883,2024-08-29 16:00,26.1,335,2.4,0,954.4,1002.2,87.4,,
883,2024-08-29 17:00,25.6,37.9,2.3,0,954.6,1002.5,88.2,,
883,2024-08-29 18:00,26.1,29.4,2.1,0,954.4,1002.2,89,,
883,2024-08-29 19:00,25.1,2.3,1.9,0,954.5,1002.5,93.3,,
883,2024-08-29 20:00,24.6,24,3.1,0,954.6,1002.7,96.4,,
883,2024-08-29 21:00,24.4,52.5,2.1,0,955.4,1003.6,96.6,,
883,2024-08-29 22:00,24.1,39.7,1.9,0,955.4,1003.7,97.1,,
883,2024-08-29 23:00,24.1,28.1,5.1,0,955.2,1003.4,97.4,,
883,2024-08-30 00:00,23.6,41.7,2.5,0,955.4,1003.3,96.2,,
883,2024-08-30 01:00,23.5,41,2.7,0,955.2,1003.1,96.3,,
883,2024-08-30 02:00,23.2,33.1,3.2,0,954.8,1002.8,96.5,,
883,2024-08-30 03:00,22.7,57.8,1.2,0,955,1003.2,95.9,,
883,2024-08-30 04:00,22.8,53.1,2.1,0,955.1,1003.2,96.8,,
883,2024-08-30 05:00,23.3,63.7,3.7,0,955.2,1003.2,97.3,,
883,2024-08-30 06:00,22.9,21.1,1.7,0,955.5,1003.6,97.9,,
883,2024-08-30 07:00,23.7,27.2,3.5,0,956,1003.9,98.4,,
883,2024-08-30 08:00,24.7,40,4.4,0,956.2,1004.4,97.9,,
883,2024-08-30 09:00,26.9,27.5,6,0,956.6,1004.3,86.1,,
883,2024-08-30 10:00,27.4,27.4,5.4,0,957.1,1004.7,85.1,,
883,2024-08-30 11:00,27.3,20.3,3.4,0,957.3,1004.9,85.9,,
883,2024-08-30 12:00,26.3,23.8,4.9,0,957.3,1005.2,86.3,,
883,2024-08-30 13:00,28.3,27.8,6,0,957.1,1004.5,76.2,,
883,2024-08-30 14:00,27.2,27.9,5.8,0,956.9,1004.5,83.3,,
883,2024-08-30 15:00,26.6,27.1,6.2,0,956.7,1004.5,84.7,,
883,2024-08-30 16:00,27.6,24.3,6.6,0,956.4,1003.9,81.3,,
883,2024-08-30 17:00,26.6,27.6,6.9,0,956.4,1004.1,83.4,,
883,2024-08-30 18:00,25.1,31.4,6.9,0,956.4,1004.5,87.5,,
883,2024-08-30 19:00,23.5,26.5,5.5,0,956.9,1004.9,95.4,,
883,2024-08-30 20:00,23.5,27.4,4.4,0,957.3,1005.4,96.9,,
883,2024-08-30 21:00,23.5,32.2,5.1,0,957.8,1005.9,97.1,,
883,2024-08-30 22:00,23.1,28.2,5.1,0,958.1,1006.3,97.9,,
883,2024-08-30 23:00,22.8,28.8,4.6,0,958.4,1006.7,97.8,,
883,2024-08-31 00:00,21.9,37.7,3.1,0,958.4,1007,97.9,,
883,2024-08-31 01:00,22,25.2,3.5,0,958.4,1006.9,97.6,,
883,2024-08-31 02:00,21.7,26.4,4.7,0,958.5,1007.1,97.1,,
883,2024-08-31 03:00,20.8,28.5,3.7,0,958.3,1007.2,96.2,,
883,2024-08-31 04:00,21.1,29.1,3.7,0,958.3,1007.1,96.9,,
883,2024-08-31 05:00,20.3,35.4,3.7,0,958.4,1007.4,95,,
883,2024-08-31 06:00,19.7,43.7,3.8,0,958.4,1007.6,94.6,,
883,2024-08-31 07:00,20.4,44.5,4.7,0,958.7,1007.7,91.6,,
883,2024-08-31 08:00,22.1,40.1,5.6,0,959.2,1007.7,87.4,,
883,2024-08-31 09:00,24.3,27.9,7.5,0,959.5,1007.9,80.3,,
883,2024-08-31 10:00,25.5,25.3,7.6,0,959.7,1007.9,78.5,,
883,2024-08-31 11:00,27.4,25.3,6.6,0,959.5,1007.2,74.3,,
883,2024-08-31 12:00,28,24.1,6.6,0,959.1,1006.7,72.7,,
883,2024-08-31 13:00,28.3,32.1,6.4,0,958.7,1006.2,73.2,,
883,2024-08-31 14:00,28.7,27.1,6.8,0,958.3,1005.7,73.9,,
883,2024-08-31 15:00,28.6,25.4,6.7,0,958,1005.4,71.2,,
883,2024-08-31 16:00,25.5,34.4,5.2,0,958.1,1006.2,79.9,,
883,2024-08-31 17:00,26.6,31.9,4.7,0,958.2,1006,79.8,,
883,2024-08-31 18:00,24.3,23.5,5.7,0,958.1,1006.4,83.9,,
883,2024-08-31 19:00,22.1,41.5,2.8,0,958.3,1006.8,94.1,,
883,2024-08-31 20:00,21.7,65.4,3.1,0,958.5,1007.1,92.4,,
883,2024-08-31 21:00,19.8,99,3.9,0,959,1008.2,79,,
883,2024-08-31 22:00,22.1,152.3,3,0,959,1007.5,93.9,,
883,2024-08-31 23:00,20.3,71.7,.5,0,959.3,1008.4,87.6,,
883,2024-09-01 00:00,20.4,138.7,2.6,0,959.5,1008.5,88.4,,
883,2024-09-01 01:00,21.2,169.7,2.6,0,959.6,1008.4,93.3,,
883,2024-09-01 02:00,22.2,165.3,2.9,0,959.3,1007.8,94.2,,
883,2024-09-01 03:00,21.2,163.2,3.1,0,959.1,1007.9,94.2,,
883,2024-09-01 04:00,22.1,143.1,1.6,0,958.7,1007.2,95.5,,
883,2024-09-01 05:00,21.4,135.8,1.4,0,958.7,1007.4,95.8,,
883,2024-09-01 06:00,20.7,156.5,2.8,0,958.8,1007.7,93.2,,
883,2024-09-01 07:00,21.1,162.8,1.5,0,959.2,1008,89.5,,
883,2024-09-01 08:00,23.6,57.8,.7,0,959.5,1007.6,82.4,,
883,2024-09-01 09:00,25.2,0,.1,0,959.6,1007.8,81.4,,
883,2024-09-01 10:00,26.7,232.5,1.5,0,959.4,1007.3,76.7,,
883,2024-09-01 11:00,25.8,25,1.8,0,959.6,1007.7,79.2,,
883,2024-09-01 12:00,27.8,247.4,1.6,0,959.3,1006.9,75.7,,
883,2024-09-01 13:00,27.6,28,3.8,0,959.4,1007.1,75.6,,
883,2024-09-01 14:00,26.5,288.4,2.7,0,959.3,1007.2,81.2,,
883,2024-09-01 15:00,25.2,285.7,2.1,0,959,1007.2,85.7,,
883,2024-09-01 16:00,26.8,11.1,2.1,0,958.6,1006.4,78.3,,
883,2024-09-01 17:00,26.1,356.4,2.3,0,958.7,1006.7,83.8,,
883,2024-09-01 18:00,24.9,293.5,2,0,958.6,1006.8,84.1,,
883,2024-09-01 19:00,22.6,0,0,0,958.7,1007.1,88.8,,
883,2024-09-01 20:00,21.1,120.6,.8,0,959.1,1007.9,93.5,,
883,2024-09-01 21:00,20.7,108.1,2.6,0,959.4,1008.3,94.6,,
883,2024-09-01 22:00,20.3,104.8,2.2,0,959.6,1008.7,94.7,,
883,2024-09-01 23:00,19.6,97.4,1.7,0,959.7,1009,95.2,,
883,2024-09-02 00:00,19.9,123.2,1.6,0,959.5,1008.7,96.1,,
883,2024-09-02 01:00,19.2,102.3,2.5,0,959.5,1008.9,94.8,,
883,2024-09-02 02:00,19.1,88,1.7,0,959.6,1009,95.2,,
883,2024-09-02 03:00,19.2,93.9,2.9,0,959.4,1008.8,93.2,,
883,2024-09-02 04:00,19.8,101,3.2,0,958.8,1008,92.2,,
883,2024-09-02 05:00,18.6,100.2,2.6,0,959,1008.1,93.7,,
883,2024-09-02 06:00,18.2,104.4,1.5,0,959.1,1008.3,94.3,,
883,2024-09-02 07:00,20.6,119.6,1.8,0,959.9,1008.9,89.9,,
883,2024-09-02 08:00,23.1,88,1.1,0,960.5,1008.8,80.9,,
883,2024-09-02 09:00,25.7,35.5,1.2,0,960.8,1009,70.6,,
883,2024-09-02 10:00,26,340.8,1.7,0,960.6,1008.7,74.9,,
883,2024-09-02 11:00,28,10.5,2.5,0,961,1008.7,69.7,,
883,2024-09-02 12:00,27.2,305.1,3,0,960.8,1008.6,61.3,,
883,2024-09-02 13:00,27.5,314.9,2.4,0,960.7,1008.5,61.8,,
883,2024-09-02 14:00,28.5,352.5,2.6,0,960.2,1007.7,66.4,,
883,2024-09-02 15:00,28.5,32.6,3.2,0,960.1,1007.6,67.5,,
883,2024-09-02 16:00,27.3,11.8,3.4,0,960,1007.8,67.5,,
883,2024-09-02 17:00,26.9,22,3,0,960.1,1008,77.1,,
883,2024-09-02 18:00,24.1,19.7,2.7,0,960.1,1008.6,86.2,,
883,2024-09-02 19:00,23.1,53.9,1.8,0,960.2,1008.5,90.5,,
883,2024-09-02 20:00,23.4,68.4,2.7,0,960.5,1008.7,88.5,,
883,2024-09-02 21:00,22.9,121,3,0,960.9,1009.3,87.4,,
883,2024-09-02 22:00,22,91.4,1.2,0,961.4,1010.1,91.6,,
883,2024-09-02 23:00,22.9,91.4,.8,0,961.7,1010.1,87.4,,
883,2024-09-03 00:00,23.7,138.6,3.5,0,961.6,1009.8,83.2,,
883,2024-09-03 01:00,22.4,100.2,2.7,0,961.3,1009.9,83.5,,
883,2024-09-03 02:00,22.5,108.2,2.3,0,961.3,1009.8,84,,
883,2024-09-03 03:00,22.3,96,1.4,0,961.2,1009.8,82.3,,
883,2024-09-03 04:00,22.1,92.1,1.8,0,961.4,1010.1,78.3,,
883,2024-09-03 05:00,21.3,97.3,3.1,0,961.6,1010.5,86.3,,
883,2024-09-03 06:00,21.1,107.3,4.3,0,961.6,1010.5,66.3,,
883,2024-09-03 07:00,21.9,146.8,2.6,0,961.8,1010.5,72.8,,
883,2024-09-03 08:00,22.7,114.9,2.6,0,962.1,1010.6,71.7,,
883,2024-09-03 09:00,24.3,179.2,1,0,962.6,1011.2,70.2,,
883,2024-09-03 10:00,26.9,205.5,.6,0,962.8,1010.8,64.8,,
883,2024-09-03 11:00,27.7,222.1,1.6,0,962.7,1010.5,66.7,,
883,2024-09-03 12:00,27.7,226.9,1.5,0,962.3,1010.1,74.3,,
883,2024-09-03 13:00,26,325.3,2.3,0,962,1010.2,73.3,,
883,2024-09-03 14:00,25.7,288.8,1.9,0,961.6,1009.8,75.3,,
883,2024-09-03 15:00,27,277.8,2.3,0,961.1,1009,71.5,,
883,2024-09-03 16:00,26,252.4,1.3,0,960.6,1008.7,78.6,,
883,2024-09-03 17:00,25.5,186.1,2.3,0,960.6,1008.8,82.7,,
883,2024-09-03 18:00,25.9,186.2,.6,0,960.5,1008.6,82.1,,
883,2024-09-03 19:00,23.6,0,0,0,960.3,1008.5,91,,
883,2024-09-03 20:00,23,71.9,.9,0,960.8,1009.2,92.8,,
883,2024-09-03 21:00,23.1,71.3,1.2,0,961.2,1009.6,94.3,,
883,2024-09-03 22:00,23.2,231.7,1,0,961.3,1009.6,92.3,,
883,2024-09-03 23:00,23.1,83.5,2.4,0,961.1,1009.5,92.8,,
883,2024-09-04 00:00,22.8,0,.1,0,961.2,1009.6,95.5,,
883,2024-09-04 01:00,22.8,107.3,2,0,960.9,1009.3,94,,
883,2024-09-04 02:00,22.4,189.3,1.1,0,960.4,1008.9,95.5,,
883,2024-09-04 03:00,22.6,40.3,.6,0,960.1,1008.5,93.6,,
883,2024-09-04 04:00,22.8,8.8,.8,0,959.9,1008.3,89.6,,
883,2024-09-04 05:00,21.6,142.4,1,0,959.8,1008.5,95.5,,
883,2024-09-04 06:00,21.5,0,.4,0,960.2,1009,94.4,,
883,2024-09-04 07:00,21.9,99.7,1.6,0,960.5,1009.2,92.9,,
883,2024-09-04 08:00,24.7,356.2,1.1,0,960.7,1009.1,79.9,,
883,2024-09-04 09:00,26.1,273.2,.6,0,960.9,1009,72.9,,
883,2024-09-04 10:00,25.4,340,2,0,961,1009.2,76,,
883,2024-09-04 11:00,27.3,314,2.5,0,960.8,1008.6,68.5,,
883,2024-09-04 12:00,29.3,315.7,1.4,0,960.2,1007.8,67.6,,
883,2024-09-04 13:00,28.2,31.1,2,0,959.7,1007.2,76.4,,
883,2024-09-04 14:00,27.3,331.1,2.8,0,959,1006.7,77.8,,
883,2024-09-04 15:00,27.9,28.9,3.1,0,958.8,1006.4,75.8,,
883,2024-09-04 16:00,26.7,48.6,3.4,0,958.7,1006.5,80.2,,
883,2024-09-04 17:00,25.5,41.6,3.1,0,958.8,1006.9,82.1,,
883,2024-09-04 18:00,25.7,172.7,1.5,0,958.6,1006.7,79.5,,
883,2024-09-04 19:00,23.6,290,.9,0,958.6,1006.7,87.2,,
883,2024-09-04 20:00,22.9,132.5,2.2,0,959.3,1007.6,91.4,,
883,2024-09-04 21:00,22.2,93.4,3,0,959.7,1008.2,91.8,,
883,2024-09-04 22:00,22,101.7,2.2,0,959.8,1008.4,92.3,,
883,2024-09-04 23:00,21.4,104.1,2.4,0,959.9,1008.7,93.4,,
883,2024-09-05 00:00,21.2,99.5,2.8,0,959.9,1008.7,94.7,,
883,2024-09-05 01:00,21.6,94.1,2.3,0,959.9,1008.6,91.9,,
883,2024-09-05 02:00,21.4,98.4,3,0,959.6,1008.4,92.9,,
883,2024-09-05 03:00,21,108.8,2.8,0,959.4,1008.3,92.3,,
883,2024-09-05 04:00,20.2,86.2,3.8,0,958.9,1008,87.2,,
883,2024-09-05 05:00,21.1,89.2,3,0,958.9,1007.7,87.3,,
883,2024-09-05 06:00,20.4,118.7,2.5,0,959.3,1008.3,93.7,,
883,2024-09-05 07:00,21.3,104.2,2.6,0,959.6,1008.4,90.9,,
883,2024-09-05 08:00,24.2,80.1,1.7,0,960.1,1008.6,82.5,,
883,2024-09-05 09:00,27,43.9,1.7,0,960.2,1008,73.6,,
883,2024-09-05 10:00,27.1,319.6,1.9,0,960.4,1008.2,73.3,,
883,2024-09-05 11:00,28.8,273,1.6,0,960.3,1007.7,68.3,,
883,2024-09-05 12:00,26.3,327.7,3,0,960.1,1008.1,78.4,,
883,2024-09-05 13:00,28.2,21.3,2.7,0,959.8,1007.4,75.7,,
883,2024-09-05 14:00,27.1,315.9,2.4,0,959.5,1007.3,78.5,,
883,2024-09-05 15:00,27.2,26.2,2.5,0,959.1,1006.8,77.9,,
883,2024-09-05 16:00,27.8,309.8,2.9,0,959.2,1006.8,74.8,,
883,2024-09-05 17:00,26.3,338.2,1.9,0,959.4,1007.4,82.4,,
883,2024-09-05 18:00,26.1,328.8,2.3,0,959.6,1007.6,81.9,,
883,2024-09-05 19:00,23.9,2.9,2,0,960,1008.1,91.1,,
883,2024-09-05 20:00,23,94.3,2.2,0,960.4,1008.7,93.2,,
883,2024-09-05 21:00,22.4,109,2.4,0,960.9,1009.4,93.5,,
883,2024-09-05 22:00,21.5,129.2,1.4,0,961,1009.8,94.8,,
883,2024-09-05 23:00,21.7,122.1,.9,0,961.2,1010,93.7,,
883,2024-09-06 00:00,21,100.6,2.3,0,961.2,1010.2,95.1,,
883,2024-09-06 01:00,21.5,111.2,2.8,0,960.9,1009.7,94.4,,
883,2024-09-06 02:00,20.7,107.4,2.9,0,960.9,1009.9,91.5,,
883,2024-09-06 03:00,21.1,101.3,2.9,0,960.6,1009.5,86.8,,
883,2024-09-06 04:00,21.1,102.1,3.3,0,960.6,1009.5,85.2,,
883,2024-09-06 05:00,19.5,100.9,1.9,0,961,1010.4,90.4,,
883,2024-09-06 06:00,19.8,88.2,1.5,0,961.3,1010.6,88.2,,
883,2024-09-06 07:00,20.9,96.7,1.9,0,961.8,1010.8,89.4,,
883,2024-09-06 08:00,24.9,91.1,2,0,961.9,1010.3,78.1,,
883,2024-09-06 09:00,26.3,0,.2,0,962.6,1010.7,70,,
883,2024-09-06 10:00,27.7,314.7,1.8,0,962.9,1010.7,63.2,,
883,2024-09-06 11:00,29.9,0,.3,0,963,1010.6,62.1,,
883,2024-09-06 12:00,29.7,215.5,2,0,962.5,1010.1,57.7,,
883,2024-09-06 13:00,27.4,265.8,1.8,0,962.4,1010.3,78,,
883,2024-09-06 14:00,24.2,6.9,1.8,13,962.5,1011.1,96.6,,
883,2024-09-06 15:00,24.2,132.4,.5,4.5,962.6,1011.2,96.7,,
883,2024-09-06 16:00,24.3,176.1,1.4,1.5,962.6,1011.2,96.2,,
883,2024-09-06 17:00,24.8,0,0,0,962.5,1011,95.6,,
883,2024-09-06 18:00,24.5,188.3,.9,0,962.5,1011,95.3,,
883,2024-09-06 19:00,23.8,167,2.1,0,962.8,1011,95.1,,
883,2024-09-06 20:00,23.6,159.2,2.1,0,963.5,1011.8,94.5,,
883,2024-09-06 21:00,23.5,154.6,2.1,0,963.9,1012.3,92.7,,
883,2024-09-06 22:00,23,156.4,2.2,0,964,1012.5,92.7,,
883,2024-09-06 23:00,23.1,158,3.1,0,964.1,1012.6,93.8,,
883,2024-09-07 00:00,23,158.1,3.1,0,964.1,1012.6,95.5,,
883,2024-09-07 01:00,22.8,157.6,2.7,0,964.3,1012.9,95.8,,
883,2024-09-07 02:00,22.7,150.5,3,0,964,1012.6,93.2,,
883,2024-09-07 03:00,22.1,159.9,3.2,0,963.8,1012.6,74.9,,
883,2024-09-07 04:00,21.4,153.2,2.9,0,963.9,1012.9,76.2,,
883,2024-09-07 05:00,21.5,143.9,3.1,0,964.1,1013.1,74.2,,
883,2024-09-07 06:00,22,160.4,3.5,0,964.2,1013,71.6,,
883,2024-09-07 07:00,23.3,153.8,3,0,964.9,1013.4,87.2,,
883,2024-09-07 08:00,24.9,161.4,3,0,965,1013.6,68.4,,
883,2024-09-07 09:00,26.8,170.1,3,0,965.1,1013.2,78.9,,
883,2024-09-07 10:00,28,175.1,2.5,0,965.3,1013.2,72.1,,
883,2024-09-07 11:00,28.6,184.3,2.6,0,965.2,1012.9,75.6,,
883,2024-09-07 12:00,29.3,214.2,2.2,0,965,1012.8,73.1,,
883,2024-09-07 13:00,29.1,216.9,2.4,0,964.8,1012.7,74.7,,
883,2024-09-07 14:00,30.3,238.6,2.2,0,964.3,1011.9,69.8,,
883,2024-09-07 15:00,27.7,199.6,2.8,0,964.2,1012.1,81.3,,
883,2024-09-07 16:00,25.4,196.6,1.6,.5,964.2,1012.6,92.4,,
883,2024-09-07 17:00,24.5,156.2,2.1,2,964.4,1013,96.4,,
883,2024-09-07 18:00,24.5,167.8,1.9,0,964.5,1013.1,95.5,,
883,2024-09-07 19:00,24.3,112.5,1.6,0,964.6,1013.3,94.2,,
883,2024-09-07 20:00,23.7,167.5,1.7,1,965.1,1013.5,97.2,,
883,2024-09-07 21:00,23.7,145.3,1.5,0,965.3,1013.7,96.6,,
883,2024-09-07 22:00,24,157.5,2.7,0,965.5,1014.3,96,,
883,2024-09-07 23:00,23.6,165.7,2.5,0,965.4,1013.8,96.6,,
883,2024-09-08 00:00,23.7,143.7,.7,0,965.3,1013.7,96.7,,
883,2024-09-08 01:00,23.6,162.2,2.8,0,965.2,1013.6,94.6,,
883,2024-09-08 02:00,22.8,175.1,1.8,0,965,1013.6,96.3,,
883,2024-09-08 03:00,23,150.5,1.7,0,964.8,1013.4,94.6,,
883,2024-09-08 04:00,22.1,117.4,1.8,0,964.7,1013.5,96.6,,
883,2024-09-08 05:00,21.8,109,2.1,0,964.8,1013.7,96.7,,
883,2024-09-08 06:00,21.6,97.8,2,0,964.9,1013.9,97.2,,
883,2024-09-08 07:00,22.7,98.7,2.6,0,965.3,1014,95.2,,
883,2024-09-08 08:00,25.7,107.2,1.7,0,965.2,1013.6,86.6,,
883,2024-09-08 09:00,26.5,301.7,1.9,0,965.8,1014,80.6,,
883,2024-09-08 10:00,27.9,264.6,.6,0,965.6,1013.5,75.5,,
883,2024-09-08 11:00,28,259.8,1.1,0,965,1012.9,74.2,,
883,2024-09-08 12:00,26.1,320.8,2.3,.5,964.7,1013,91.1,,
883,2024-09-08 13:00,23.4,255.4,3.1,33,964.6,1013,97.6,,
883,2024-09-08 14:00,23.9,217.8,.8,7,964.2,1012.5,98.4,,
883,2024-09-08 15:00,24.5,42.2,1,0,963.7,1012.3,96.4,,
883,2024-09-08 16:00,25.3,31.2,.9,0,963.5,1011.9,91.8,,
883,2024-09-08 17:00,26,32.7,1.4,0,963.3,1011.5,89.1,,
883,2024-09-08 18:00,25,56.1,2,0,963.5,1012,89.1,,
883,2024-09-08 19:00,24.3,37.4,.9,0,963.4,1012,96.5,,
883,2024-09-08 20:00,23.8,58.5,2.4,0,963.8,1012.1,97.3,,
883,2024-09-08 21:00,24,88,2.8,0,964.1,1012.8,91.8,,
883,2024-09-08 22:00,22.8,106,2,0,964.2,1012.8,94.8,,
883,2024-09-08 23:00,22.3,79.1,1.5,0,964.2,1012.9,94.9,,
883,2024-09-09 00:00,22,118.5,1.4,0,964.1,1012.9,96.9,,
883,2024-09-09 01:00,21.7,122,1.5,0,963.8,1012.7,97.2,,
883,2024-09-09 02:00,21.6,96.8,2.4,0,963.7,1012.6,97.2,,
883,2024-09-09 03:00,21.9,111.1,2.7,0,963.4,1012.2,96.7,,
883,2024-09-09 04:00,21.3,102.2,1.1,0,963.3,1012.3,97.3,,
883,2024-09-09 05:00,21.2,101.1,2.2,0,963.2,1012.2,96.4,,
883,2024-09-09 06:00,21.1,84.6,1.5,0,963.2,1012.2,96.4,,
883,2024-09-09 07:00,21.9,97.9,2.4,0,963.5,1012.3,92.8,,
883,2024-09-09 08:00,25.8,144.6,1.1,0,963.7,1012,81.6,,
883,2024-09-09 09:00,27.3,202.9,.9,0,964.2,1012.2,75.8,,
883,2024-09-09 10:00,28.8,31.9,1.9,0,964.1,1011.7,67.6,,
883,2024-09-09 11:00,29.9,33.6,2.2,0,963.7,1011.4,72.1,,
883,2024-09-09 12:00,30.1,32.1,3.4,0,963,1010.6,74.1,,
883,2024-09-09 13:00,28.1,38.9,3.9,0,962.4,1010.1,79.3,,
883,2024-09-09 14:00,28.3,62.1,2.8,0,962.4,1010.1,77.6,,
883,2024-09-09 15:00,29,265.7,1.9,0,962.2,1010,83,,
883,2024-09-09 16:00,29.1,270.6,2.6,0,962,1009.7,79.2,,
883,2024-09-09 17:00,27.9,294.1,2.4,0,962.1,1009.8,81.7,,
883,2024-09-09 18:00,25.9,322.4,2.2,0,962.2,1010.4,89.5,,
883,2024-09-09 19:00,24.6,113.1,1.3,0,962.3,1010.8,92.7,,
883,2024-09-09 20:00,23.7,100,2.2,0,962.8,1011.1,94.3,,
883,2024-09-09 21:00,22.9,98.8,1.8,0,963.3,1011.8,94.1,,
883,2024-09-09 22:00,22.6,105,1.8,0,963.3,1011.9,95.5,,
883,2024-09-09 23:00,22.3,109.5,1.8,0,963.1,1011.8,95,,
883,2024-09-10 00:00,21.6,105.3,2.5,0,962.9,1011.8,91.7,,
883,2024-09-10 01:00,21.6,111.8,2.2,0,962.6,1011.5,89.5,,
883,2024-09-10 02:00,21.1,121.2,2.1,0,962,1011,92.4,,
883,2024-09-10 03:00,21.2,113.5,1.9,0,961.4,1010.3,88.6,,
883,2024-09-10 04:00,21.3,110.5,1.6,0,961.4,1010.3,84.3,,
883,2024-09-10 05:00,21.9,108.8,3.1,0,961.6,1010.3,76.1,,
883,2024-09-10 06:00,23.8,80.4,4.6,0,961.8,1010,81.8,,
883,2024-09-10 07:00,25.3,100.5,3.6,0,962.3,1010.6,76.4,,
883,2024-09-10 08:00,26.9,106.7,1.2,0,962.5,1010.5,77.6,,
883,2024-09-10 09:00,28.3,53.1,2.8,0,963,1010.7,69.5,,
883,2024-09-10 10:00,29.3,232.3,1.6,0,963.2,1010.9,74.3,,
883,2024-09-10 11:00,28.9,73,2.7,0,963.2,1010.8,73.5,,
883,2024-09-10 12:00,30.5,35.9,2.8,0,962.9,1010.4,69.7,,
883,2024-09-10 13:00,29,48.3,4.6,0,962.5,1010.3,79.8,,
883,2024-09-10 14:00,29.3,135.5,5.8,0,962.2,1009.9,69.5,,
883,2024-09-10 15:00,29.5,132.6,5.2,0,962.1,1009.8,69.2,,
883,2024-09-10 16:00,29.5,134.4,5.8,0,962.2,1009.9,68.2,,
883,2024-09-10 17:00,28,100.7,2.6,0,962.2,1009.9,74.1,,
883,2024-09-10 18:00,26.5,69.7,2.7,0,962.3,1010.4,85,,
883,2024-09-10 19:00,25.9,182.1,1,0,963,1011.2,87.4,,
883,2024-09-10 20:00,25.2,120.5,4.6,1,963.4,1011.8,89.3,,
883,2024-09-10 21:00,25.2,126.6,8.2,1.5,963.4,1011.8,91.8,,
883,2024-09-10 22:00,25.1,147.9,7,0,963.3,1011.7,93.1,,
883,2024-09-10 23:00,24.7,135.7,8.4,1.5,963.7,1012.2,92.7,,
883,2024-09-11 00:00,25.1,124.6,4.8,.5,963.9,1012.4,90.9,,
883,2024-09-11 01:00,25.1,127,3.6,.5,964.1,1012.6,92.8,,
883,2024-09-11 02:00,25.2,144.8,5.3,.5,964.1,1012.5,93.8,,
883,2024-09-11 03:00,25.4,127.6,4,0,964.4,1012.8,91.5,,
883,2024-09-11 04:00,25.3,147.9,3.8,0,964.5,1012.9,92.9,,
883,2024-09-11 05:00,25.4,140.7,3.7,0,964.6,1013,92.7,,
883,2024-09-11 06:00,25.3,131.7,4.5,2,964.7,1013.2,93.4,,
883,2024-09-11 07:00,25.2,129.3,5.1,1,965.2,1013.7,92.7,,
883,2024-09-11 08:00,25.9,123.1,5.2,0,965.4,1013.7,89.2,,
883,2024-09-11 09:00,26.4,86.3,2.3,0,965.7,1014,88.5,,
883,2024-09-11 10:00,27.2,152.8,4.8,0,966.1,1014.2,85.1,,
883,2024-09-11 11:00,28.9,142,4.8,.5,965.9,1013.6,79.5,,
883,2024-09-11 12:00,25.5,139.6,6.3,0,965.8,1014.3,92.7,,
883,2024-09-11 13:00,28.9,152.2,6.8,1,965.3,1013,81,,
883,2024-09-11 14:00,27.9,151.9,7.2,0,964.4,1012.2,80.9,,
883,2024-09-11 15:00,28.6,125.2,5.9,0,964.6,1012.3,77.4,,
883,2024-09-11 16:00,28.1,151.4,6.8,0,964.1,1011.9,82.1,,
883,2024-09-11 17:00,24.9,161.6,7.6,5.5,964.5,1013,97,,
883,2024-09-11 18:00,25,157.1,5.6,2.5,964.7,1013.2,96.3,,
883,2024-09-11 19:00,24.3,148.8,6.1,.5,964.7,1013.4,91.9,,
883,2024-09-11 20:00,24.7,146.7,4.7,1.5,965.7,1014.3,94.5,,
883,2024-09-11 21:00,24.5,163.4,8,2,965.6,1014.3,95.7,,
883,2024-09-11 22:00,24.6,153.1,5.9,.5,966,1014.7,94.1,,
883,2024-09-11 23:00,24.2,174.6,6.5,0,965.8,1014.6,94.6,,
883,2024-09-12 00:00,25.1,142.8,3.9,0,966,1014.6,92.7,,
883,2024-09-12 01:00,25.2,149.5,6.8,0,965.7,1014.2,89.1,,
883,2024-09-12 02:00,25.3,146.8,4.9,0,965.4,1013.9,89.9,,
883,2024-09-12 03:00,24.8,155.3,4.5,0,965,1013.6,91.5,,
883,2024-09-12 04:00,24.9,179.7,5.9,0,964.7,1013.2,92.3,,
883,2024-09-12 05:00,24.6,149.2,4.4,0,965.3,1013.9,88.4,,
883,2024-09-12 06:00,24.5,138.2,5.4,0,965.6,1014.3,90.4,,
883,2024-09-12 07:00,24.7,157.5,4.8,0,965.8,1014.4,88.7,,
883,2024-09-12 08:00,26.1,162.2,4.3,0,966.2,1014.5,86.3,,
883,2024-09-12 09:00,27.1,160.2,5.8,0,966.3,1014.4,80.9,,
883,2024-09-12 10:00,27.3,166.3,4.7,.5,966.2,1014.3,89.5,,
883,2024-09-12 11:00,28.1,172.1,5.5,0,965.8,1013.7,82.4,,
883,2024-09-12 12:00,28.8,173.4,5.6,0,965.5,1013.2,73.6,,
883,2024-09-12 13:00,28.4,158.8,6,0,965.2,1013,74.8,,
883,2024-09-12 14:00,28.4,181,3.6,0,964.6,1012.3,78,,
883,2024-09-12 15:00,28.7,167.6,5.2,0,964.3,1012,78.7,,
883,2024-09-12 16:00,28.6,167.1,3.3,0,964.2,1011.9,80.5,,
883,2024-09-12 17:00,27.3,188.4,2.9,0,964.2,1012.2,85.7,,
883,2024-09-12 18:00,26.4,168.3,4.8,0,964.3,1012.5,85,,
883,2024-09-12 19:00,24.9,155.8,4,0,964.3,1012.8,91.8,,
883,2024-09-12 20:00,25.1,142.9,4.6,0,964.5,1013,76.8,,
883,2024-09-12 21:00,23.7,122,2.3,0,964.7,1013.1,77.1,,
883,2024-09-12 22:00,25.5,134.4,4.4,0,964.7,1013.1,72,,
883,2024-09-12 23:00,24.2,159.4,4.2,0,964.1,1012.8,77.7,,
883,2024-09-13 00:00,24.4,153.6,4.5,0,963.5,1012.1,74.5,,
883,2024-09-13 01:00,24.7,140.6,5,0,963,1011.5,73,,
883,2024-09-13 02:00,24.4,142.5,5.8,0,962.4,1010.9,75.9,,
883,2024-09-13 03:00,24.4,137.3,4.6,0,962.3,1010.8,78.4,,
883,2024-09-13 04:00,23.1,91.5,3.1,0,962.2,1010.6,82.4,,
883,2024-09-13 05:00,22.6,92.1,3.3,0,962.3,1010.9,86.7,,
883,2024-09-13 06:00,21.3,102.8,1.7,0,962.4,1011.3,91.5,,
883,2024-09-13 07:00,23.8,132.7,1.4,0,962.6,1010.8,79.3,,
883,2024-09-13 08:00,25.9,65.6,1.6,0,962.7,1010.9,75.3,,
883,2024-09-13 09:00,28.1,23.8,2.4,0,962.7,1010.4,67.1,,
883,2024-09-13 10:00,28.6,0,.4,0,962.6,1010.2,68.5,,
883,2024-09-13 11:00,28.9,207.5,.5,0,962.2,1009.7,72.8,,
883,2024-09-13 12:00,28.5,327.2,2.9,0,961.5,1009.1,73.6,,
883,2024-09-13 13:00,29.2,303.7,2.5,0,961,1008.7,69.5,,
883,2024-09-13 14:00,29.1,347.1,2.1,0,960.3,1007.9,68.2,,
883,2024-09-13 15:00,27.8,289.4,2.2,0,959.8,1007.4,78.9,,
883,2024-09-13 16:00,28.6,20.1,3.1,0,959.4,1006.8,76.7,,
883,2024-09-13 17:00,28.7,40.4,3.2,0,959.2,1006.6,77,,
883,2024-09-13 18:00,27.3,34.2,3,0,959.4,1007.1,80.3,,
883,2024-09-13 19:00,24.5,35.5,2.2,0,959.1,1007.5,91.8,,
883,2024-09-13 20:00,23.8,163,1.2,0,959.2,1007.3,92.8,,
883,2024-09-13 21:00,23.5,100,2.4,0,959.5,1007.7,93.5,,
883,2024-09-13 22:00,23.2,80.1,.9,0,959.6,1007.9,92.2,,
883,2024-09-13 23:00,22.5,89.2,3,0,959.2,1007.6,80.9,,
883,2024-09-14 00:00,21.9,79.2,3.3,0,958.9,1007.5,80,,
883,2024-09-14 01:00,22.4,95.3,1.9,0,958.4,1006.8,76.1,,
883,2024-09-14 02:00,22,104.8,2.9,0,957.9,1006.4,82.2,,
883,2024-09-14 03:00,23,92.4,2.9,0,957.6,1005.8,80.7,,
883,2024-09-14 04:00,22.4,115.9,4.1,0,957.2,1005.6,82.6,,
883,2024-09-14 05:00,21.1,99.3,2.6,0,957.3,1006,87.9,,
883,2024-09-14 06:00,21.7,102.5,3.3,0,957.3,1005.9,84,,
883,2024-09-14 07:00,23.3,97.4,4.7,0,957.4,1005.5,78.1,,
883,2024-09-14 08:00,27,119,1.3,0,957.6,1005.3,68.6,,
883,2024-09-14 09:00,28.1,338,.5,0,958,1005.5,62.8,,
883,2024-09-14 10:00,29.5,14.3,2.3,0,958.1,1005.6,63.8,,
883,2024-09-14 11:00,31.1,34.2,4.3,0,957.6,1004.8,65.5,,
883,2024-09-14 12:00,30.4,84.9,2.2,0,957.5,1004.8,67,,
883,2024-09-14 13:00,28.4,51.4,3.7,0,956.9,1004.3,77.5,,
883,2024-09-14 14:00,28.4,317.9,1.3,0,956.3,1003.6,77,,
883,2024-09-14 15:00,32.1,34.7,4.5,0,955.6,1002.5,67.6,,
883,2024-09-14 16:00,30,46.2,4.6,0,955.3,1002.5,67,,
883,2024-09-14 17:00,29.1,61.1,4.6,0,955.4,1002.8,65.8,,
883,2024-09-14 18:00,28.4,103.2,2.2,0,955.7,1003,63.5,,
883,2024-09-14 19:00,25.5,0,0,0,956,1004,93.4,,
883,2024-09-14 20:00,24.9,109.7,3.5,0,956.4,1004.5,69.8,,
883,2024-09-14 21:00,25.4,108.9,4.9,0,957,1005,65.5,,
883,2024-09-14 22:00,25.6,99.4,5,0,956.9,1004.9,65.4,,
883,2024-09-14 23:00,25,89.9,4.7,0,957.1,1005.2,66.3,,
883,2024-09-15 00:00,25,95.4,4.8,0,956.7,1004.8,51.3,,
883,2024-09-15 01:00,25.9,81.8,5.4,0,956.4,1004.3,63.9,,
883,2024-09-15 02:00,24.2,71.8,3.3,0,956.7,1005,77.7,,
883,2024-09-15 03:00,25.9,71.5,4.7,0,956.1,1004,80.3,,
883,2024-09-15 04:00,26.5,68.7,4.7,0,956.2,1004,80.5,,
883,2024-09-15 05:00,25.8,112.3,4.1,0,956.1,1004,87.2,,
883,2024-09-15 06:00,25.6,92,3.3,0,956.4,1004.4,87,,
883,2024-09-15 07:00,26.3,58.3,5.8,0,957.2,1005,87.3,,
883,2024-09-15 08:00,27.5,104.7,3.9,0,957.3,1004.9,81,,
883,2024-09-15 09:00,29.3,61.3,3.6,0,957.6,1005.1,75.2,,
883,2024-09-15 10:00,29.3,89.6,4.4,0,958.2,1005.7,75.8,,
883,2024-09-15 11:00,29.8,78.7,4.3,0,958.1,1005.5,72.6,,
883,2024-09-15 12:00,30.4,60.4,3,0,957.8,1005.1,76,,
883,2024-09-15 13:00,30.4,56.6,3.1,0,957.7,1005,63.5,,
883,2024-09-15 14:00,30.9,129.4,1.8,0,957.5,1004.7,66.4,,
883,2024-09-15 15:00,30.3,111.8,2.2,0,957.5,1004.8,65.9,,
883,2024-09-15 16:00,29.6,112.9,4.4,0,957.8,1005.2,65.7,,
883,2024-09-15 17:00,28.6,123.4,3.2,0,958.4,1005.8,68.8,,
883,2024-09-15 18:00,27.1,64.3,3,0,958.4,1006.1,76.3,,
883,2024-09-15 19:00,27.2,121.6,3.9,0,958.9,1006.6,70.7,,
883,2024-09-15 20:00,26.9,94.1,4,0,959.9,1007.7,73.6,,
883,2024-09-15 21:00,27.3,103.4,5.2,0,960.7,1008.5,75,,
883,2024-09-15 22:00,27.1,86,3.5,0,961.1,1009,76,,
883,2024-09-15 23:00,26.2,75.4,3.7,0,961,1009.1,83.7,,
883,2024-09-16 00:00,25.8,93.6,2.9,0,960.6,1008.7,87.2,,
883,2024-09-16 01:00,26.1,71,3.2,0,960.1,1008.1,87.3,,
883,2024-09-16 02:00,25.6,225,1.4,0,960.2,1008.4,90.5,,
883,2024-09-16 03:00,27.5,134.3,4,0,960.8,1008.6,80.1,,
883,2024-09-16 04:00,27.1,127,6.3,0,960.8,1008.6,81.2,,
883,2024-09-16 05:00,26.1,16.7,1.9,0,961.1,1009.2,86.3,,
883,2024-09-16 06:00,26.5,120.6,4.4,0,961.7,1009.7,84.2,,
883,2024-09-16 07:00,26.6,118.9,3.5,0,962.4,1010.4,83.6,,
883,2024-09-16 08:00,26.6,123.4,5.7,0,962.9,1011,79.8,,
883,2024-09-16 09:00,26.9,131.1,5.8,0,963.5,1011.5,82.2,,
883,2024-09-16 10:00,27.4,149.1,4.4,0,963.9,1011.8,82.4,,
883,2024-09-16 11:00,27.4,138.7,3.6,.5,964.5,1012.5,85.3,,
883,2024-09-16 12:00,28,145.6,3.5,0,964.4,1012.2,80.8,,
883,2024-09-16 13:00,28.9,156.8,3.8,0,964.3,1011.9,78.8,,
883,2024-09-16 14:00,29,148,4.6,0,964.1,1011.9,77.6,,
883,2024-09-16 15:00,29,146.7,4.7,0,963.9,1011.7,74.6,,
883,2024-09-16 16:00,29.3,100.1,3,0,964.2,1012,73.9,,
883,2024-09-16 17:00,27.9,177.8,2.9,0,964.3,1012.1,83.9,,
883,2024-09-16 18:00,27.6,133.6,2.8,0,964.7,1012.6,81.5,,
883,2024-09-16 19:00,26.7,128.3,3.6,0,965.1,1013.3,85.6,,
883,2024-09-16 20:00,26.7,131.3,4.7,0,965.6,1013.8,80.1,,
883,2024-09-16 21:00,26.5,147.9,4.1,0,966.1,1014.3,82.8,,
883,2024-09-16 22:00,25.5,167.3,3.2,0,966.3,1014.8,84.7,,
883,2024-09-16 23:00,26.1,141.5,4,0,966.1,1014.4,83.1,,
883,2024-09-17 00:00,25.6,136.1,2.7,0,966,1014.4,84.3,,
883,2024-09-17 01:00,25.9,109.7,3.4,0,966.1,1014.5,84.3,,
883,2024-09-17 02:00,26.4,135.8,4.8,0,965.7,1014,81.9,,
883,2024-09-17 03:00,25.5,127.5,4,0,965.5,1013.9,87.2,,
883,2024-09-17 04:00,25.2,130.1,4.4,.5,965.4,1013.9,88.2,,
883,2024-09-17 05:00,25.3,118.5,3.1,0,965.2,1013.7,86.8,,
883,2024-09-17 06:00,23.8,193.3,1.7,0,965.3,1013.7,93.5,,
883,2024-09-17 07:00,24.2,180.7,1.8,0,965.7,1014.5,92,,
883,2024-09-17 08:00,25.6,88.3,2.5,0,966.1,1014.6,89.7,,
883,2024-09-17 09:00,27.6,62.3,1,0,966.2,1014.2,79.5,,
883,2024-09-17 10:00,27.7,296.8,.7,0,966.5,1014.5,83.5,,
883,2024-09-17 11:00,26.6,236.4,1.3,.5,966.5,1014.7,94.2,,
883,2024-09-17 12:00,25.3,50.3,1.9,4.5,966.5,1015,96.5,,
883,2024-09-17 13:00,24.8,36.4,2.7,8,966.2,1014.8,98,,
883,2024-09-17 14:00,24.3,314.9,.7,37.5,965.5,1014.2,98.4,,
883,2024-09-17 15:00,25.7,3.1,.6,0,964.8,1013.2,98.5,,
883,2024-09-17 16:00,26.4,317.3,2.4,0,964.7,1012.9,87.5,,
883,2024-09-17 17:00,26.9,342.9,2.5,0,964.6,1012.7,91.2,,
883,2024-09-17 18:00,26,358.6,1.7,0,964.5,1012.8,94.6,,
883,2024-09-17 19:00,24.9,61.4,.9,0,964.5,1013,97.4,,
883,2024-09-17 20:00,24.3,72.4,1,0,964.9,1013.6,98.4,,
883,2024-09-17 21:00,24.2,141.7,.8,0,965.3,1014,98,,
883,2024-09-17 22:00,23.5,121.1,.9,0,965.1,1013.5,96.1,,
883,2024-09-17 23:00,23.6,108.9,.8,0,964.8,1013.2,94.8,,
883,2024-09-18 00:00,23.5,155.7,1.5,0,964.5,1012.9,97.4,,
883,2024-09-18 01:00,23.1,86.7,2,0,964.3,1012.8,96.7,,
883,2024-09-18 02:00,23.6,128.9,1.1,0,964.2,1012.6,95.7,,
883,2024-09-18 03:00,22.6,76.3,2.8,0,963.9,1012.5,96,,
883,2024-09-18 04:00,23.2,88.7,2.5,0,963.8,1012.3,93.7,,
883,2024-09-18 05:00,22.6,78.8,1.3,0,963.7,1012.3,94.2,,
883,2024-09-18 06:00,23.2,103.4,2.4,0,963.7,1012.2,91.6,,
883,2024-09-18 07:00,23.9,116.8,1.3,0,963.9,1012.2,91.1,,
883,2024-09-18 08:00,26.2,36.6,2.6,0,964.1,1012.3,82.1,,
883,2024-09-18 09:00,27.8,41.9,1.6,0,964.5,1012.4,74.3,,
883,2024-09-18 10:00,27.8,289.4,1.4,0,964.9,1012.8,76.9,,
883,2024-09-18 11:00,30.1,30.3,2.5,0,964.7,1012.4,70.6,,
883,2024-09-18 12:00,29.1,250.3,1.5,0,964.7,1012.6,74.5,,
883,2024-09-18 13:00,30.6,118.8,2.2,0,964.3,1011.9,69.6,,
883,2024-09-18 14:00,30.5,156.6,3,0,963.8,1011.4,60.5,,
883,2024-09-18 15:00,30.3,163.3,3.8,0,963.7,1011.3,64.7,,
883,2024-09-18 16:00,29.5,154.5,5.1,0,963.4,1011.1,64.5,,
883,2024-09-18 17:00,29,127.9,4.7,0,963.3,1011.1,63.9,,
883,2024-09-18 18:00,27.9,125.2,4.3,0,963.7,1011.5,66.9,,
883,2024-09-18 19:00,26.2,114.9,3.5,0,964.2,1012.4,73.8,,
883,2024-09-18 20:00,25.9,132.3,4.5,0,964.4,1012.7,80.3,,
883,2024-09-18 21:00,25.5,105.7,2.9,0,964.9,1013.3,81.1,,
883,2024-09-18 22:00,25.5,104.6,3.2,0,965.1,1013.5,79.4,,
883,2024-09-18 23:00,25.7,101.4,3.7,0,964.8,1013.2,76.5,,
883,2024-09-19 00:00,25.8,95,3.5,0,964.3,1012.6,75.9,,
883,2024-09-19 01:00,26.9,121.8,5.5,0,963.9,1011.9,73.8,,
883,2024-09-19 02:00,27.1,117.6,5.2,0,963.6,1011.6,72.1,,
883,2024-09-19 03:00,26.9,115.1,5.9,0,963,1011,70.2,,
883,2024-09-19 04:00,26.1,73.1,2.8,0,963.2,1011.4,72.7,,
883,2024-09-19 05:00,26.5,121,5.6,0,963.3,1011.4,70.4,,
883,2024-09-19 06:00,26.5,122.6,7.4,0,963.5,1011.6,76.9,,
883,2024-09-19 07:00,26.8,117.2,6.5,0,963.3,1011.3,74.1,,
883,2024-09-19 08:00,27.5,114.2,5.7,0,963.8,1011.7,74.9,,
883,2024-09-19 09:00,28.4,127.9,8.1,0,964,1011.7,71.3,,
883,2024-09-19 10:00,29,128.6,8.1,0,964.2,1012.1,70.8,,
883,2024-09-19 11:00,29.5,129.2,8.2,0,964.2,1012,68.6,,
883,2024-09-19 12:00,29.3,143.1,7,0,963.9,1011.7,71.3,,
883,2024-09-19 13:00,29.4,132.8,7.5,0,963.2,1010.9,72.4,,
883,2024-09-19 14:00,29.2,129.4,7.7,0,962.6,1010.3,71.7,,
883,2024-09-19 15:00,28,143.4,10.4,0,961.5,1009.2,72.2,,
883,2024-09-19 16:00,25.7,146.8,8.3,6.5,961.8,1010,90.9,,
883,2024-09-19 17:00,26,145.5,7.9,0,961.7,1009.8,88.9,,
883,2024-09-19 18:00,24.1,165.2,8.6,2,962,1010.6,95.7,,
883,2024-09-19 19:00,24.6,164,9.4,5,962.4,1010.9,95.2,,
883,2024-09-19 20:00,24,169.3,8.6,9.5,962.7,1011.4,97,,
883,2024-09-19 21:00,25,160,8.7,2,962.7,1011.1,94.2,,
883,2024-09-19 22:00,25.4,173.8,7.2,1,962.9,1011.2,95.5,,
883,2024-09-19 23:00,25.6,172.6,9.2,3,962.5,1010.8,92.9,,
883,2024-09-20 00:00,25.7,167.2,9.3,0,962,1010.2,91.4,,
883,2024-09-20 01:00,24.4,170.4,11,3,962.3,1010.8,94,,
883,2024-09-20 02:00,23.6,172,11.2,6,961,1009.2,97.2,,
883,2024-09-20 03:00,24.5,173,12.2,2,960.5,1008.9,96.1,,
883,2024-09-20 04:00,24.8,171.9,10.5,6,960.8,1009.2,97.1,,
883,2024-09-20 05:00,24.8,180.6,8,2,960.9,1009.3,96.9,,
883,2024-09-20 06:00,24.7,180.2,8.3,1.5,960.6,1009,97.5,,
883,2024-09-20 07:00,24.4,180.4,7.6,1.5,961,1009.5,97,,
883,2024-09-20 08:00,24.2,185.2,6.9,6,961.1,1009.6,98.2,,
883,2024-09-20 09:00,24.7,176.9,9.1,5.5,961.6,1010,97.4,,
883,2024-09-20 10:00,25.1,193.5,7.6,9.5,961.3,1009.6,97.7,,
883,2024-09-20 11:00,24,185,7.1,6.5,961.4,1010,98.2,,
883,2024-09-20 12:00,25.2,192.4,7.6,1,960.6,1008.9,97.7,,
883,2024-09-20 13:00,25,194.2,7.2,0,960.4,1008.7,97.5,,
883,2024-09-20 14:00,24.9,185.5,6.9,.5,960.2,1008.5,97.3,,
883,2024-09-20 15:00,25.1,192.8,6.5,0,960.1,1008.4,95.6,,
883,2024-09-20 16:00,25.3,194.8,6.9,0,959.9,1008.1,94.6,,
883,2024-09-20 17:00,25.3,192.6,4.9,0,959.9,1008.1,96.1,,
883,2024-09-20 18:00,24.9,191.6,5.3,0,960.4,1008.7,96.9,,
883,2024-09-20 19:00,24.9,195.1,5,1,960.4,1008.7,98.1,,
883,2024-09-20 20:00,24.8,191.4,5.2,2,960.4,1008.8,98.6,,
883,2024-09-20 21:00,24.8,196,5.7,.5,960.4,1008.8,98.6,,
883,2024-09-20 22:00,25,199.1,5.2,4.5,960.2,1008.5,98.3,,
883,2024-09-20 23:00,25,197.1,4.9,0,960.3,1008.6,98.2,,
883,2024-09-21 00:00,24.9,196.5,5,.5,959.9,1008.2,98.2,,
883,2024-09-21 01:00,24.4,196.6,5.7,.5,959.8,1008.2,98.2,,
883,2024-09-21 02:00,24.9,199.5,6.4,0,959,1007.3,98.1,,
883,2024-09-21 03:00,25,204.2,6.6,0,958.2,1006.4,98.1,,
883,2024-09-21 04:00,24.9,211.9,6.1,0,957.7,1005.9,98.2,,
883,2024-09-21 05:00,24.6,205.9,6.2,1,957.4,1005.6,98,,
883,2024-09-21 06:00,24.7,213,6.4,0,957.6,1005.8,98.1,,
883,2024-09-21 07:00,24.9,209.9,4.6,1,957.8,1006,98.8,,
883,2024-09-21 08:00,24.9,207.9,6,1,957.8,1006,98.3,,
883,2024-09-21 09:00,25,214.7,6.8,1.5,957.6,1005.8,99.1,,
883,2024-09-21 10:00,25,214.4,6.1,1.5,957.4,1005.6,98.5,,
883,2024-09-21 11:00,25.2,210.7,7.1,4,957,1005.1,98.5,,
883,2024-09-21 12:00,25.1,204.9,7.9,2.5,956,1004.1,98.6,,
883,2024-09-21 13:00,25.1,201.7,7.2,1,954.7,1002.7,98.5,,
883,2024-09-21 14:00,25,195.8,8.5,5,953.7,1001.7,99.4,,
883,2024-09-21 15:00,25.1,211.5,9.4,3,953.6,1001.5,99.4,,
883,2024-09-21 16:00,25.1,213.3,9.1,5.5,953.3,1001.2,98.9,,
883,2024-09-21 17:00,24.9,210.8,7.6,0,954.1,1002.1,98.7,,
883,2024-09-21 18:00,24.9,218.2,4.2,.5,954.3,1002.3,99.1,,
883,2024-09-21 19:00,24.8,289.7,4.3,2,954.7,1002.8,99.2,,
883,2024-09-21 20:00,23.5,24.7,4.8,1,955.9,1003.9,99,,
883,2024-09-21 21:00,23.5,25.6,5.8,2,956.5,1004.5,99.4,,
883,2024-09-21 22:00,22.6,30,7.3,3,957.2,1005.5,99.4,,
883,2024-09-21 23:00,21.8,31,6.3,.5,957.6,1006.1,99.8,,
883,2024-09-22 00:00,21.3,30.7,6.1,.5,957.7,1006.4,99.6,,
883,2024-09-22 01:00,20.9,31.6,6.6,2,958,1006.8,99.6,,
883,2024-09-22 02:00,20.5,25.4,4.6,1.5,958.2,1007.1,99.6,,
883,2024-09-22 03:00,20.6,28.5,5,.5,958.1,1007,99.4,,
883,2024-09-22 04:00,20.4,26.7,3.3,0,958.4,1007.4,99.4,,
883,2024-09-22 05:00,20.1,29.3,3.9,1,958.8,1007.9,99.4,,
883,2024-09-22 06:00,20.4,31,3.9,0,959.2,1008.2,99.6,,
883,2024-09-22 07:00,20.5,29.9,5.3,.5,959.3,1008.3,99.3,,
883,2024-09-22 08:00,20.3,27.5,7.2,1,959.6,1008.7,99.7,,
883,2024-09-22 09:00,20.5,31.5,5.4,0,960.1,1009.1,99.9,,
883,2024-09-22 10:00,20.7,31.7,6.2,1,960.4,1009.4,99.7,,
883,2024-09-22 11:00,20.5,27.5,6.4,1,960.5,1009.6,99.9,,
883,2024-09-22 12:00,20.6,36.1,5.9,1.5,960.5,1009.5,99.9,,
883,2024-09-22 13:00,20.9,38.4,5.6,0,960.3,1009.2,99.5,,
883,2024-09-22 14:00,21,28.5,5.9,.5,960.3,1009.2,99.3,,
883,2024-09-22 15:00,21.5,32.4,6.3,1,959.9,1008.6,99.2,,
883,2024-09-22 16:00,21.6,24,6.9,.5,959.8,1008.5,99.1,,
883,2024-09-22 17:00,21.1,31.8,6.5,.5,959.9,1008.8,98.8,,
883,2024-09-22 18:00,20.6,31.6,6.6,0,960.3,1009.3,98.8,,
883,2024-09-22 19:00,20.5,31,5.9,.5,960.8,1009.9,99.1,,
883,2024-09-22 20:00,20.5,41.7,2.9,0,961.6,1010.7,98.4,,
883,2024-09-22 21:00,20.4,59.9,3.5,0,962.4,1011.6,97.8,,
883,2024-09-22 22:00,20.8,33,3.8,0,963.1,1012.2,98.1,,
883,2024-09-22 23:00,20.6,40.5,4.4,2.5,963.4,1012.6,98.3,,
883,2024-09-23 00:00,20.9,94.5,4.9,0,963.2,1012.3,92.7,,
883,2024-09-23 01:00,21.1,115.5,5,0,963.3,1012.3,91.7,,
883,2024-09-23 02:00,20.8,97.4,3.6,0,962.9,1012,88.5,,
883,2024-09-23 03:00,20.7,114.1,4.1,0,963.1,1012.2,88.9,,
883,2024-09-23 04:00,20.4,95.5,3.5,0,963.1,1012.3,92.1,,
883,2024-09-23 05:00,20.3,92.8,5,0,963.5,1012.8,88.9,,
883,2024-09-23 06:00,20.6,123.2,4,0,964,1013.2,86.6,,
883,2024-09-23 07:00,20.3,88.4,6,0,964.3,1013.6,89,,
883,2024-09-23 08:00,21,92.9,6.4,0,964.4,1013.5,84.8,,
883,2024-09-23 09:00,22.3,88.6,8.5,0,964.5,1013.3,79.4,,
883,2024-09-23 10:00,22.8,73.8,9,0,964.6,1013.2,76.8,,
883,2024-09-23 11:00,24,71.4,7.2,0,964.8,1013.6,73.1,,
883,2024-09-23 12:00,24.7,81.9,6.8,0,964.3,1012.9,67.4,,
883,2024-09-23 13:00,24.5,85.4,5.6,0,964.1,1012.7,69.7,,
883,2024-09-23 14:00,25.5,76.3,2.1,0,963.7,1012.1,59.1,,
883,2024-09-23 15:00,26.1,60.5,3.4,0,963.4,1011.6,53,,
883,2024-09-23 16:00,25.3,63.2,4.2,0,963.5,1011.9,56,,
883,2024-09-23 17:00,24.6,88.9,2.6,0,963.8,1012.4,57.9,,
883,2024-09-23 18:00,22.4,139.4,2.5,0,963.9,1012.6,75.2,,
883,2024-09-23 19:00,20.2,229.1,2.6,0,964.2,1013.5,83.5,,
883,2024-09-23 20:00,19.3,233.4,.9,0,964.8,1014.4,84.5,,
883,2024-09-23 21:00,18.2,148.5,2.2,0,965.2,1014.7,91.4,,
883,2024-09-23 22:00,17.7,98.7,1.7,0,965.3,1014.9,89.9,,
883,2024-09-23 23:00,17.2,143.8,2.6,0,965.1,1014.9,92.1,,
883,2024-09-24 00:00,17,108.9,2.2,0,965,1014.8,91.4,,
883,2024-09-24 01:00,16.2,166.3,2.1,0,965.1,1015.2,95.6,,
883,2024-09-24 02:00,16.4,91,2.6,0,964.8,1014.8,93.2,,
883,2024-09-24 03:00,16.2,120.4,1.9,0,964.4,1014.4,95.3,,
883,2024-09-24 04:00,17.2,164.7,2.4,0,964.4,1014.1,90.6,,
883,2024-09-24 05:00,16.5,113,1.9,0,964.6,1014.6,93,,
883,2024-09-24 06:00,16.6,154.8,2.4,0,964.3,1014.2,95.1,,
883,2024-09-24 07:00,17.5,149,.7,0,964.7,1014.4,90.3,,
883,2024-09-24 08:00,20.3,207.8,.6,0,965.2,1014.6,76.4,,
883,2024-09-24 09:00,20.9,252,1,0,965.8,1015,82.6,,
883,2024-09-24 10:00,22.8,164.3,1.6,0,965.5,1014.2,64.3,,
883,2024-09-24 11:00,23.6,279.3,1.6,0,965.3,1013.7,65.1,,
883,2024-09-24 12:00,25.8,35.3,3.5,0,964.7,1013,67.5,,
883,2024-09-24 13:00,23,50.5,4,0,963.9,1012.4,75.6,,
883,2024-09-24 14:00,25.5,34.6,2.8,0,963.5,1011.8,71.7,,
883,2024-09-24 15:00,24.7,52.5,4,0,963,1011.5,77.1,,
883,2024-09-24 16:00,24.3,104.3,1.9,0,962.7,1011.3,73,,
883,2024-09-24 17:00,22.5,51.2,2.4,0,963.1,1011.7,80.3,,
883,2024-09-24 18:00,21.7,96.2,3.7,0,963.3,1012.2,79,,
883,2024-09-24 19:00,21.2,132.7,2.5,0,963.4,1012.4,87,,
883,2024-09-24 20:00,19.8,139.7,1.3,0,963.8,1013.2,92.3,,
883,2024-09-24 21:00,19.5,107.2,2.8,0,964.1,1013.6,91.3,,
883,2024-09-24 22:00,18.6,126.7,1.2,0,964,1013.3,93.3,,
883,2024-09-24 23:00,18.6,56.3,.5,0,963.7,1013,91.9,,
883,2024-09-25 00:00,19,111.3,3.6,0,963.6,1013.3,88,,
883,2024-09-25 01:00,19,108.6,4.2,0,963.1,1012.7,86.4,,
883,2024-09-25 02:00,18.9,178.3,2.1,0,963.3,1012.5,87.8,,
883,2024-09-25 03:00,18.1,153,2.1,0,963,1012.4,91.6,,
883,2024-09-25 04:00,18.7,93.7,1.7,0,963.1,1012.3,86.2,,
883,2024-09-25 05:00,18.2,86.7,1.7,0,962.8,1012.2,89.7,,
883,2024-09-25 06:00,17.6,105.5,2.8,0,962.8,1012.3,92.3,,
883,2024-09-25 07:00,18.6,109.2,3.4,0,963.2,1012.5,86,,
883,2024-09-25 08:00,22.8,162.3,1.9,0,963.3,1011.9,76.3,,
883,2024-09-25 09:00,24.5,128.9,.5,0,963.6,1012.2,64.4,,
883,2024-09-25 10:00,25.8,8.7,.7,0,964,1012.3,65.5,,
883,2024-09-25 11:00,25.1,41.6,3.1,0,964,1012.5,81.2,,
883,2024-09-25 12:00,25.4,31.5,2.1,0,963.5,1011.9,76.8,,
883,2024-09-25 13:00,26.5,225.5,2.6,0,962.8,1010.9,64.1,,
883,2024-09-25 14:00,24.3,326.2,3.5,0,962.8,1011.4,85.1,,
883,2024-09-25 15:00,24.7,30.8,3.3,0,962.6,1011.1,82.6,,
883,2024-09-25 16:00,24,4.7,.6,0,962.1,1010.7,86.2,,
883,2024-09-25 17:00,24.6,278.6,1.6,0,962.6,1011.1,85.8,,
883,2024-09-25 18:00,22.7,277.3,1.7,0,962.8,1011.4,91.5,,
883,2024-09-25 19:00,21.8,218.8,1.1,0,963.2,1012,93,,
883,2024-09-25 20:00,20.9,99.7,2.1,0,963.4,1012.5,94.8,,
883,2024-09-25 21:00,21.2,99.2,3,0,963.7,1012.7,90.2,,
883,2024-09-25 22:00,20.6,84.8,2.4,0,963.8,1013,93.2,,
883,2024-09-25 23:00,20.2,101.8,2.8,0,963.6,1012.9,93,,
883,2024-09-26 00:00,19.9,112.6,2,0,963.5,1012.9,93.6,,
883,2024-09-26 01:00,19.6,124.6,2,0,963.7,1013.2,93.7,,
883,2024-09-26 02:00,18.9,105.2,2.7,0,963.5,1012.7,95.5,,
883,2024-09-26 03:00,18.7,122.8,1.8,0,963.1,1012.3,95.8,,
883,2024-09-26 04:00,18.7,93.2,2.2,0,962.9,1012.1,93.6,,
883,2024-09-26 05:00,18.5,68.9,1.1,0,962.9,1012.2,92.7,,
883,2024-09-26 06:00,18.7,93.1,2,0,963.1,1012.3,91.3,,
883,2024-09-26 07:00,20.2,112.9,3.3,0,963.1,1012.4,85.9,,
883,2024-09-26 08:00,22.8,151.9,.7,0,963.6,1012.2,78.9,,
883,2024-09-26 09:00,24.2,234.9,1.5,0,964.2,1012.9,74.3,,
883,2024-09-26 10:00,25.6,319.5,1.5,0,964.4,1012.8,75.1,,
883,2024-09-26 11:00,25.9,314.6,2.3,0,964.2,1012.5,73.7,,
883,2024-09-26 12:00,28,43.2,3.3,0,964.1,1011.9,65.1,,
883,2024-09-26 13:00,28.8,34,3.3,0,963.3,1010.9,56.8,,
883,2024-09-26 14:00,28,26,3.1,0,962.7,1010.4,55.1,,
883,2024-09-26 15:00,27.5,34.4,4.1,0,962.4,1010.2,68.6,,
883,2024-09-26 16:00,26.4,39.1,4.2,0,962.1,1010.2,76,,
883,2024-09-26 17:00,24.5,26.7,4,0,962.2,1010.7,78.2,,
883,2024-09-26 18:00,22.5,54.7,2.4,0,962.7,1011.3,85.8,,
883,2024-09-26 19:00,21.2,44.4,2.3,0,963.1,1012.1,95.2,,
883,2024-09-26 20:00,21.2,53.6,3,0,963.3,1012.3,81.4,,
883,2024-09-26 21:00,20.7,78.6,1.3,0,963.7,1012.9,80.4,,
883,2024-09-26 22:00,20.4,53.4,2.8,0,963.5,1012.7,81.4,,
883,2024-09-26 23:00,20.2,56.3,2.9,0,963.6,1012.9,84.1,,
883,2024-09-27 00:00,20.6,59.1,4.2,0,963.4,1012.6,92.9,,
883,2024-09-27 01:00,20.3,40.3,3.3,0,963.1,1012.4,96.2,,
883,2024-09-27 02:00,20.4,47.7,3.4,0,962.8,1012,96.8,,
883,2024-09-27 03:00,20.3,61.6,4.4,0,962.3,1011.5,91.6,,
883,2024-09-27 04:00,20,45,3.4,0,962.1,1011.4,92.4,,
883,2024-09-27 05:00,20.4,43.9,3.3,0,962.5,1011.7,95.8,,
883,2024-09-27 06:00,20.5,61.2,4.5,0,962.7,1011.9,95.2,,
883,2024-09-27 07:00,20.3,60.7,3.7,0,963.4,1012.7,96,,
883,2024-09-27 08:00,20.5,38.2,4.1,0,963.7,1012.9,95,,
883,2024-09-27 09:00,22.7,29.3,6.4,0,963.8,1012.4,85.3,,
883,2024-09-27 10:00,23.1,35.1,6.2,0,963.7,1012.2,81.2,,
883,2024-09-27 11:00,24.3,27.8,6.8,0,963.5,1012.1,75.2,,
883,2024-09-27 12:00,24.3,38.2,5.9,0,963.2,1011.8,71.2,,
883,2024-09-27 13:00,25.4,33.4,6.3,0,962.8,1011.1,65.8,,
883,2024-09-27 14:00,24.2,31.4,7.6,0,962.1,1010.7,66,,
883,2024-09-27 15:00,24.2,35.3,6,0,962.2,1010.8,68.3,,
883,2024-09-27 16:00,24.4,30.2,6,0,962.3,1010.8,65.5,,
883,2024-09-27 17:00,22,31.5,5.7,0,962.5,1011.2,69.9,,
883,2024-09-27 18:00,20.7,47.6,3,0,962.6,1011.7,82.2,,
883,2024-09-27 19:00,19,100.4,3.7,0,963,1012.6,77.4,,
883,2024-09-27 20:00,18.4,102.6,4,0,963.4,1012.7,81.4,,
883,2024-09-27 21:00,18.6,93,3.9,0,963.8,1013.1,88,,
883,2024-09-27 22:00,18.4,89.2,4.6,0,964,1013.4,83.8,,
883,2024-09-27 23:00,18.5,88.8,3.8,0,963.9,1013.2,81.4,,
883,2024-09-28 00:00,18.6,80,4,0,964,1013.3,85.9,,
883,2024-09-28 01:00,16.8,91.4,1.5,0,964,1013.8,91.4,,
883,2024-09-28 02:00,17.1,119.8,2.6,0,963.9,1013.6,91.5,,
883,2024-09-28 03:00,17.1,99.1,2.4,0,963.7,1013.4,91.8,,
883,2024-09-28 04:00,18.1,94,4,0,963.5,1012.9,87.3,,
883,2024-09-28 05:00,19.8,110.2,3.9,0,963.7,1013.1,75.6,,
883,2024-09-28 06:00,19.3,119.2,3.6,0,964.5,1014.1,82.3,,
883,2024-09-28 07:00,19.7,87.7,3.3,0,965,1014.5,83,,
883,2024-09-28 08:00,22.6,99.6,2,0,965.2,1013.9,76.1,,
883,2024-09-28 09:00,23.5,199,1.2,0,965.7,1014.2,74.7,,
883,2024-09-28 10:00,25.1,216.2,1.4,0,965.9,1014.5,72.4,,
883,2024-09-28 11:00,25.8,225.6,1.3,0,965.8,1014.2,69.8,,
883,2024-09-28 12:00,25.5,269.5,1.6,0,965.7,1014.2,72,,
883,2024-09-28 13:00,24.7,277.6,2.2,0,965,1013.6,72.6,,
883,2024-09-28 14:00,27.3,48.6,5.2,0,964.6,1012.6,58.3,,
883,2024-09-28 15:00,25.2,71.9,5.2,0,964.5,1013,64.5,,
883,2024-09-28 16:00,25.6,72.1,5.5,0,964.6,1013,61.9,,
883,2024-09-28 17:00,24.9,80.8,5.1,0,964.8,1013.3,63.2,,
883,2024-09-28 18:00,23.4,107.1,4.4,0,965.3,1013.8,66.5,,
883,2024-09-28 19:00,21,105.3,4,0,965.8,1015,74.3,,
883,2024-09-28 20:00,20.1,121.7,2.2,0,966.8,1016.3,88.8,,
883,2024-09-28 21:00,19.4,110.1,2.1,0,967,1016.7,91.7,,
883,2024-09-28 22:00,19.4,163.8,2.4,0,967.1,1016.8,92.6,,
883,2024-09-28 23:00,18.8,138.9,2.5,0,967,1016.4,93.9,,
883,2024-09-29 00:00,19.3,107.4,2.7,0,966.6,1016.3,86.2,,
883,2024-09-29 01:00,18.8,101.3,3.2,0,966.7,1016.1,90.4,,
883,2024-09-29 02:00,18.6,96.2,3.2,0,966.4,1015.8,89.3,,
883,2024-09-29 03:00,18.3,80.6,3.6,0,966,1015.5,89.5,,
883,2024-09-29 04:00,18,97.1,2.3,0,966.2,1015.8,86.4,,
883,2024-09-29 05:00,17.5,94.7,3.7,0,966.5,1016.3,88.4,,
883,2024-09-29 06:00,17.4,123.9,1.4,0,966.5,1016.3,87.1,,
883,2024-09-29 07:00,18.7,104,3.1,0,967.1,1016.5,81.2,,
883,2024-09-29 08:00,21.9,88,3.3,0,967.3,1016.3,80.1,,
883,2024-09-29 09:00,24.6,181.9,1.8,0,967.5,1016.3,69.4,,
883,2024-09-29 10:00,25.9,247.8,2,0,967.2,1015.6,64.5,,
883,2024-09-29 11:00,26.3,244.7,2.2,0,967,1015.3,68.3,,
883,2024-09-29 12:00,26.5,280,2.5,0,966.5,1014.8,63.4,,
883,2024-09-29 13:00,27.3,258.8,2.8,0,965.8,1013.9,66.8,,
883,2024-09-29 14:00,26.7,304.7,2.4,0,965.5,1013.7,64.9,,
883,2024-09-29 15:00,27,323.1,2.5,0,965.3,1013.4,59.8,,
883,2024-09-29 16:00,26,314.6,2.5,0,965.5,1013.8,65.1,,
883,2024-09-29 17:00,25.2,2,2.2,0,965.9,1014.4,64.9,,
883,2024-09-29 18:00,22.8,222.1,.9,0,966.4,1015.1,70.6,,
883,2024-09-29 19:00,19.9,113.1,2.2,0,966.3,1015.8,84.7,,
883,2024-09-29 20:00,19.1,101.8,1.6,0,966.7,1016.5,88.1,,
883,2024-09-29 21:00,19,96,1.4,0,967.1,1016.9,83.1,,
883,2024-09-29 22:00,17.5,87.6,1.7,0,967.2,1017,88.6,,
883,2024-09-29 23:00,17.1,130.8,2.3,0,967.2,1017.1,88.4,,
883,2024-09-30 00:00,17.3,122,1.6,0,967.2,1017.1,87.5,,
883,2024-09-30 01:00,16.7,110.3,2.7,0,966.9,1016.9,91,,
883,2024-09-30 02:00,16.5,104.6,3,0,966.4,1016.5,87.4,,
883,2024-09-30 03:00,16.4,88.3,1.5,0,966,1016.1,84.7,,
883,2024-09-30 04:00,17.5,100.6,3.8,0,965.6,1015.3,78.8,,
883,2024-09-30 05:00,16.4,146.3,2.3,0,965.4,1015.4,88.5,,
883,2024-09-30 06:00,16.2,96.1,3,0,965.4,1015.5,87.7,,
883,2024-09-30 07:00,17.2,129.4,2.2,0,965.5,1015.3,85.1,,
883,2024-09-30 08:00,21.3,96.5,.8,0,966.1,1015.2,74.3,,
883,2024-09-30 09:00,23.8,215.5,.9,0,966.3,1014.7,63,,
883,2024-09-30 10:00,24.7,303.2,1.7,0,966.4,1015.1,59.9,,
883,2024-09-30 11:00,25.4,247.4,1.3,0,966.1,1014.6,63.5,,
883,2024-09-30 12:00,26.1,321.8,2.2,0,965.4,1013.7,58.6,,
883,2024-09-30 13:00,25.3,265.5,3.1,0,964.8,1013.3,70.5,,
883,2024-09-30 14:00,26.2,237.7,2.4,0,964.4,1012.6,67.6,,
883,2024-09-30 15:00,24.2,279.5,2.4,0,964,1012.7,84.6,,
883,2024-09-30 16:00,23.8,14.1,2.6,0,963.6,1011.9,87.4,,
883,2024-09-30 17:00,23.6,296.5,1.7,0,963.5,1011.8,85.3,,
883,2024-09-30 18:00,22.2,239.2,.5,0,963.4,1012.1,91.5,,
883,2024-09-30 19:00,20.6,0,.4,0,963.7,1012.9,94,,
883,2024-09-30 20:00,19.4,108.1,2.2,0,964.2,1013.8,92.7,,
883,2024-09-30 21:00,18.8,112.5,1.7,0,964.5,1013.8,93.3,,
883,2024-09-30 22:00,18.8,82.5,1.5,0,964.8,1014.1,92.2,,
883,2024-09-30 23:00,20.3,0,.1,0,964.5,1013.8,89.6,,
883,2024-10-01 00:00,20.1,157.9,2.4,0,963.8,1013.1,91.2,,
883,2024-10-01 01:00,20.9,160.5,3.1,0,962.9,1012,89.1,,
883,2024-10-01 02:00,20.8,160.5,3.6,0,962.4,1011.5,85.4,,
883,2024-10-01 03:00,20.6,163.7,2.8,0,962.2,1011.3,87.6,,
883,2024-10-01 04:00,19,0,.3,0,962,1011.6,91.3,,
883,2024-10-01 05:00,20.5,158.1,2.1,0,962,1011.1,92,,
883,2024-10-01 06:00,20.2,152,1.8,0,962,1011.2,92.1,,
883,2024-10-01 07:00,20.2,145.8,2,0,961.9,1011.1,91.6,,
883,2024-10-01 08:00,22.4,158.1,2.2,0,962.3,1010.9,87.8,,
883,2024-10-01 09:00,24.6,192.4,1.4,0,962.6,1011.1,78.7,,
883,2024-10-01 10:00,25.1,207.8,1.7,0,962.6,1011,74.2,,
883,2024-10-01 11:00,26,224.9,1.3,0,962.5,1010.7,72.5,,
883,2024-10-01 12:00,26,230.4,1.6,0,961.9,1010.1,70.2,,
883,2024-10-01 13:00,24.4,339.3,3.2,0,961,1009.5,87.1,,
883,2024-10-01 14:00,23.6,292.5,3.4,0,960.5,1008.7,91.4,,
883,2024-10-01 15:00,23.1,297.4,2.9,0,959.9,1008.2,92.3,,
883,2024-10-01 16:00,20.9,44.2,4.1,0,960.3,1009.2,93.7,,
883,2024-10-01 17:00,19.7,30.3,4.7,8.5,960.8,1010.1,98.3,,
883,2024-10-01 18:00,18.6,31.8,6.4,2,961.6,1010.8,98.5,,
883,2024-10-01 19:00,16.2,41.6,6.5,1,962.3,1012.2,98.2,,
883,2024-10-01 20:00,15.8,46.3,6.6,.5,963.1,1013.2,98,,
883,2024-10-01 21:00,15.1,46.4,7.4,.5,963.4,1013.7,97.6,,
883,2024-10-01 22:00,14.7,60.7,6.9,0,963.3,1013.7,97.1,,
883,2024-10-01 23:00,15.1,48.8,6.6,0,963.7,1014,92.3,,
883,2024-10-02 00:00,14.9,45.1,6.9,0,963.8,1014.2,91.4,,
883,2024-10-02 01:00,14.2,37.7,7.2,.5,963.9,1014.5,90.4,,
883,2024-10-02 02:00,14.6,46.8,7.1,0,963.4,1013.9,91.8,,
883,2024-10-02 03:00,14.7,35,8.5,0,963,1013.4,81.1,,
883,2024-10-02 04:00,14.9,38.8,7.3,0,962.9,1013.2,82.8,,
883,2024-10-02 05:00,15,43.3,6.7,0,963.2,1013.5,84.1,,
883,2024-10-02 06:00,14.9,50.8,7,0,963,1013.4,82.8,,
883,2024-10-02 07:00,14.8,48.1,7.2,0,963.7,1014.1,82.7,,
883,2024-10-02 08:00,14.9,40.8,8.5,0,964.5,1014.9,79,,
883,2024-10-02 09:00,15.3,43.2,7.8,0,965.1,1015.4,75.2,,
883,2024-10-02 10:00,16.4,41.9,6.8,0,965.7,1015.7,74.5,,
883,2024-10-02 11:00,15.8,50.1,6.7,0,966.1,1016.3,75.5,,
883,2024-10-02 12:00,18,50.6,8,0,966.2,1015.8,65.3,,
883,2024-10-02 13:00,18,38.7,7.8,0,965.7,1015.3,61.8,,
883,2024-10-02 14:00,19.5,34.6,8.3,0,965.1,1014.7,60.1,,
883,2024-10-02 15:00,17.9,32.3,10.5,0,965,1014.6,60.1,,
883,2024-10-02 16:00,16.7,32.7,9.4,0,965,1014.9,66.9,,
883,2024-10-02 17:00,15.5,29,7.4,0,965.4,1015.7,67.1,,
883,2024-10-02 18:00,13.8,33.1,5.2,0,965.8,1016.3,71,,
883,2024-10-02 19:00,13.5,69.2,3.6,0,966.3,1016.9,73.8,,
883,2024-10-02 20:00,14,50.3,3.6,0,967.2,1018,72.6,,
883,2024-10-02 21:00,14,69.7,3.4,0,967.7,1018.6,73.4,,
883,2024-10-02 22:00,14.3,64.4,3.6,0,967.4,1018.2,69.2,,
883,2024-10-02 23:00,14.1,69.4,3.5,0,967.6,1018.4,71.4,,
883,2024-10-03 00:00,14,58.4,3.2,0,967.9,1018.8,73,,
883,2024-10-03 01:00,14.4,61.9,3.4,0,967.4,1018.1,70.1,,
883,2024-10-03 02:00,14.8,59.6,3.4,0,967.7,1018.3,71.4,,
883,2024-10-03 03:00,14.6,63.4,3.4,0,967,1017.7,73.5,,
883,2024-10-03 04:00,14.3,52,3,0,966.9,1017.6,77.1,,
883,2024-10-03 05:00,15.1,55.8,4.7,0,966.8,1017.3,76.3,,
883,2024-10-03 06:00,14.5,41,3,0,967.4,1018.1,78,,
883,2024-10-03 07:00,15.3,60.2,4.9,0,967.5,1018,70.7,,
883,2024-10-03 08:00,15.5,51.1,4.7,0,967.8,1018.2,71.5,,
883,2024-10-03 09:00,16,43.8,5.2,0,968.5,1018.8,77.2,,
883,2024-10-03 10:00,17.1,43.8,4.7,0,969,1019,76.8,,
883,2024-10-03 11:00,15.4,51.1,5.1,0,969.3,1019.8,88.3,,
883,2024-10-03 12:00,18.4,36.3,7.5,0,968.6,1018.2,73.9,,
883,2024-10-03 13:00,15.7,43.5,5.5,0,968.4,1018.8,85.4,,
883,2024-10-03 14:00,15.7,42.1,5.9,0,968,1018.4,86.1,,
883,2024-10-03 15:00,15.4,32.4,6,0,967.9,1018.4,88.4,,
883,2024-10-03 16:00,16.2,42.8,6,0,967.9,1018.1,82.1,,
883,2024-10-03 17:00,15.3,43.8,5.4,0,968.2,1018.7,85.3,,
883,2024-10-03 18:00,14.9,40.7,5.6,0,968.3,1018.9,85.1,,
883,2024-10-03 19:00,14.4,44.5,5.4,0,968.5,1019.3,84.4,,
883,2024-10-03 20:00,13.5,39.5,4.5,0,968.9,1019.7,90,,
883,2024-10-03 21:00,13.4,42.1,4.8,0,969.1,1019.9,92.7,,
883,2024-10-03 22:00,13.2,56,3.6,0,969.2,1020.1,89.5,,
883,2024-10-03 23:00,13.2,59.2,2.8,0,969.4,1020.3,87.6,,
883,2024-10-04 00:00,13.8,99.4,3,0,969.3,1020,76.4,,
883,2024-10-04 01:00,14.1,96.4,4.5,0,969.3,1020.2,80.7,,
883,2024-10-04 02:00,14.6,101.9,4.3,0,969.5,1020.3,87.4,,
883,2024-10-04 03:00,14.6,93.2,3.5,0,969.6,1020.4,89.5,,
883,2024-10-04 04:00,14.1,47.8,2.9,0,970.1,1021.1,95.5,,
883,2024-10-04 05:00,15,46.8,3.7,0,970.5,1021.2,96.2,,
883,2024-10-04 06:00,14.5,,,0,970.9,1021.8,96.9,,
883,2024-10-04 07:00,14.4,40.6,3.7,0,970.9,1021.8,97,,
883,2024-10-04 08:00,16.1,57.3,4.3,0,971.1,1021.5,89.9,,
883,2024-10-04 09:00,18.9,42.7,3.7,0,971.4,1021,77.6,,
883,2024-10-04 10:00,19.4,62.1,4.8,0,971.8,1021.8,74.6,,
883,2024-10-04 11:00,20,64.9,6.2,0,971.9,1021.7,72.1,,
883,2024-10-04 12:00,21.9,33.4,4.8,0,971.4,1020.6,68.4,,
883,2024-10-04 13:00,20.8,37.1,4.5,0,971,1020.5,70.6,,
883,2024-10-04 14:00,21.8,30.7,5.6,0,970.6,1019.8,68.7,,
883,2024-10-04 15:00,21.6,42.4,5.2,0,970.5,1019.8,67,,
883,2024-10-04 16:00,21.2,56.6,4.9,0,970.7,1020.1,68.3,,
883,2024-10-04 17:00,19.9,58.7,3.7,0,970.6,1020.4,70.1,,
883,2024-10-04 18:00,18.4,101.9,3.1,0,970.5,1020.2,78.3,,
883,2024-10-04 19:00,16.4,110.8,4.2,0,970.5,1020.8,83.6,,
883,2024-10-04 20:00,15.5,103.8,3.8,0,971,1021.6,80.3,,
883,2024-10-04 21:00,15.9,110,5.4,0,971.2,1021.7,70.9,,
883,2024-10-04 22:00,14.3,106.3,4.5,0,971.1,1022.1,84.6,,
883,2024-10-04 23:00,14.1,109.7,4.3,0,971.3,1022.3,82.7,,
883,2024-10-05 00:00,14,100.9,3.9,0,971.2,1022.3,81,,
883,2024-10-05 01:00,15.6,95,5.2,0,970.8,1021.3,71.2,,
883,2024-10-05 02:00,16.3,85.2,5,0,971,1021.3,70.9,,
883,2024-10-05 03:00,16.5,81.9,5.9,0,970.5,1020.8,79.3,,
883,2024-10-05 04:00,16.8,55.1,6.1,0,970.1,1020.3,80.6,,
883,2024-10-05 05:00,16.4,100.9,4.9,0,970.4,1020.7,73,,
883,2024-10-05 06:00,16.1,62.4,4.8,0,970.5,1020.9,82.6,,
883,2024-10-05 07:00,16.3,72.7,5.9,0,970.6,1020.9,77.6,,
883,2024-10-05 08:00,17.5,48.4,5.1,0,970.5,1020.5,78.2,,
883,2024-10-05 09:00,19.1,95.2,4.8,0,970.8,1020.8,67.9,,
883,2024-10-05 10:00,21.4,37.9,4.8,0,971,1020.3,64.5,,
883,2024-10-05 11:00,18.8,46,5,0,970.9,1020.5,78.7,,
883,2024-10-05 12:00,20.4,48.9,5.3,0,970.4,1020,74.4,,
883,2024-10-05 13:00,22.9,45,5.6,0,969.6,1018.4,70.3,,
883,2024-10-05 14:00,22.2,44.8,4.9,0,969,1018,69.4,,
883,2024-10-05 15:00,21.7,55.9,5.5,0,968.9,1018,71.6,,
883,2024-10-05 16:00,21.4,64.9,5.6,0,968.9,1018.1,72.4,,
883,2024-10-05 17:00,20.1,65,5.4,0,969.3,1018.9,77.9,,
883,2024-10-05 18:00,18.8,74.5,4.7,0,969.5,1019,79.8,,
883,2024-10-05 19:00,17.7,53.2,4.5,0,969.5,1019.4,90.6,,
883,2024-10-05 20:00,18.2,86.6,5,0,969.5,1019.2,82.8,,
883,2024-10-05 21:00,18,68.7,4.1,0,969.7,1019.5,86.2,,
883,2024-10-05 22:00,18.7,81,5.2,0,969.6,1019.2,84.4,,
883,2024-10-05 23:00,18.7,67.7,4.3,0,969.2,1018.8,85.1,,
883,2024-10-06 00:00,18.4,98,5.2,0,969,1018.6,84,,
883,2024-10-06 01:00,17.3,87.6,3.4,0,968.9,1018.8,87.8,,
883,2024-10-06 02:00,16.4,103,1.8,0,968.4,1018.6,87.9,,
883,2024-10-06 03:00,17.4,113.2,3.8,0,968.2,1018.1,81.4,,
883,2024-10-06 04:00,16.4,130.6,1.7,0,968,1018.2,88.1,,
883,2024-10-06 05:00,16.7,112.9,3.1,0,967.9,1018,90.6,,
883,2024-10-06 06:00,16.7,113.6,2.4,0,968.1,1018.2,89.1,,
883,2024-10-06 07:00,17.2,110.4,3.5,0,968.2,1018.1,77.6,,
883,2024-10-06 08:00,17.9,109.9,3.8,0,968.9,1018.7,73.3,,
883,2024-10-06 09:00,20.4,100.7,2.4,0,969.2,1018.7,66.8,,
883,2024-10-06 10:00,21.8,58.6,2.9,0,969.1,1018.2,75.7,,
883,2024-10-06 11:00,22.2,49.1,4.3,0,968.8,1017.8,73,,
883,2024-10-06 12:00,20.6,63.9,4.5,0,968.2,1017.6,71.4,,
883,2024-10-06 13:00,22.3,65.9,4.8,0,967.6,1016.5,59.4,,
883,2024-10-06 14:00,20.8,50.2,5.6,0,967.2,1016.5,64.5,,
883,2024-10-06 15:00,19.4,39.7,6.6,0,966.6,1016.3,77.2,,
883,2024-10-06 16:00,17.7,36.5,4.9,0,967,1016.7,89.6,,
883,2024-10-06 17:00,16.4,61.4,5.7,.5,967.1,1017.2,92.7,,
883,2024-10-06 18:00,15.1,72.4,4.8,4.5,966.9,1017.4,95.9,,
883,2024-10-06 19:00,15.3,71.5,5.3,1,967.5,1018,94.4,,
883,2024-10-06 20:00,15.2,57.7,3.9,0,967.9,1018.4,94.4,,
883,2024-10-06 21:00,15.7,58.4,1.7,0,967.9,1018.3,94.6,,
883,2024-10-06 22:00,16.7,103.5,2.2,.5,967.8,1017.9,95.7,,
883,2024-10-06 23:00,16.7,73.1,2.7,.5,967.3,1017.3,93.5,,
883,2024-10-07 00:00,16,30.3,2.2,0,967.1,1017.3,96,,
883,2024-10-07 01:00,15.3,27.4,4.5,0,967.2,1017.7,96.5,,
883,2024-10-07 02:00,14.6,46.3,3.7,.5,966.7,1017.3,93.4,,
883,2024-10-07 03:00,14.8,49.1,4.6,0,966.4,1017,91,,
883,2024-10-07 04:00,14.8,45.6,5.5,0,966,1016.5,88.2,,
883,2024-10-07 05:00,14.7,42.5,6.2,0,966.1,1016.7,84.6,,
883,2024-10-07 06:00,14.6,35.4,5.8,0,966.5,1017.1,82.6,,
883,2024-10-07 07:00,14.7,34.5,7,0,966.6,1017.2,83.4,,
883,2024-10-07 08:00,14.4,35.3,7.8,0,966.7,1017.4,93.9,,
883,2024-10-07 09:00,15.4,40.7,6.1,0,966.9,1017.3,89.4,,
883,2024-10-07 10:00,16.6,43.5,5.2,0,967.1,1017.2,83.8,,
883,2024-10-07 11:00,15.4,34.7,6.9,0,967.2,1017.6,88.2,,
883,2024-10-07 12:00,16.6,58.2,7,0,966.3,1016.3,78.9,,
883,2024-10-07 13:00,16.5,43.9,6.4,0,965.9,1015.9,78.2,,
883,2024-10-07 14:00,16.1,29.8,7.9,0,965.7,1015.8,86.6,,
883,2024-10-07 15:00,14.6,65,6.3,0,965.2,1015.8,75.9,,
883,2024-10-07 16:00,13.8,34.5,4.8,.5,966.1,1016.7,85.4,,
883,2024-10-07 17:00,14.1,59.3,4.9,.5,966,1016.8,94,,
883,2024-10-07 18:00,14.3,49.5,4.1,1,966.4,1017.1,95.8,,
883,2024-10-07 19:00,14.5,55.6,3.9,.5,966.4,1017.1,96.3,,
883,2024-10-07 20:00,14.7,60.4,4.2,1,966.6,1017.2,96.2,,
883,2024-10-07 21:00,14.1,73.2,3.9,1,966.4,1017.2,90.3,,
883,2024-10-07 22:00,14.7,66.5,3.9,0,966.4,1017,91,,
883,2024-10-07 23:00,14.8,63.3,2.9,0,966.3,1016.9,91.7,,
883,2024-10-08 00:00,15.2,68.7,3.4,0,966.1,1016.5,90.1,,
883,2024-10-08 01:00,15.3,55.7,3.7,0,965.9,1016.3,92.9,,
883,2024-10-08 02:00,15.3,53.9,4.3,0,965.7,1016.1,90.4,,
883,2024-10-08 03:00,15.4,54.5,3.4,0,965.5,1015.8,91.2,,
883,2024-10-08 04:00,15.3,55.5,3.4,0,965.1,1015.4,92.8,,
883,2024-10-08 05:00,15.3,52.4,2.8,1,965.2,1015.5,93.9,,
883,2024-10-08 06:00,15.6,57.1,4.2,.5,965.3,1015.6,94,,
883,2024-10-08 07:00,15.5,43.7,3.6,0,965.5,1015.8,96.5,,
883,2024-10-08 08:00,15.6,46,3.4,0,966,1016.3,92.3,,
883,2024-10-08 09:00,17.8,42.7,4.2,0,966.4,1016.1,85.6,,
883,2024-10-08 10:00,18,48.6,5.2,0,966.3,1015.9,80,,
883,2024-10-08 11:00,19.1,31.1,7.2,0,966.1,1015.9,79.7,,
883,2024-10-08 12:00,20.2,30,7.1,0,965.8,1015.2,73.6,,
883,2024-10-08 13:00,20,32.7,7.1,0,965.4,1014.9,76.5,,
883,2024-10-08 14:00,20.6,32.2,7.6,0,964.9,1014.2,73.3,,
883,2024-10-08 15:00,19.2,29,5.8,0,964.8,1014.5,78.9,,
883,2024-10-08 16:00,18.5,28.7,5.7,0,964.8,1014.2,82,,
883,2024-10-08 17:00,18,32.5,5.2,0,964.9,1014.4,82.4,,
883,2024-10-08 18:00,17,28.5,4.3,0,965,1014.8,89.6,,
883,2024-10-08 19:00,15.8,38.7,2.9,0,965.5,1015.7,91.6,,
883,2024-10-08 20:00,15.7,54.4,2.8,0,966,1016.3,89.2,,
883,2024-10-08 21:00,14.6,35.1,2.3,0,966.2,1016.8,91.3,,
883,2024-10-08 22:00,15,58.9,2.7,0,966.5,1017,87.6,,
883,2024-10-08 23:00,14.7,54.4,3.5,0,966.4,1017,85.7,,
883,2024-10-09 00:00,14.3,58.6,3.2,0,966.1,1016.8,86.4,,
883,2024-10-09 01:00,14.4,65.4,3.8,0,965.8,1016.5,86.5,,
883,2024-10-09 02:00,14.3,63.9,3.7,0,965.5,1016.2,89.4,,
883,2024-10-09 03:00,13.8,88.2,2.9,0,965.1,1015.6,89.6,,
883,2024-10-09 04:00,13.7,86.3,2.9,0,964.9,1015.4,89,,
883,2024-10-09 05:00,14.5,64.2,3.4,0,965,1015.6,91,,
883,2024-10-09 06:00,14.6,75.5,3.9,0,965.2,1015.8,90.8,,
883,2024-10-09 07:00,14.7,81.9,3.4,0,965.1,1015.6,81.9,,
883,2024-10-09 08:00,15.7,42.6,1.8,0,965.1,1015.3,85.7,,
883,2024-10-09 09:00,15.8,95.8,3.7,0,965.9,1016.1,86.7,,
883,2024-10-09 10:00,19.2,74,3,0,965.4,1015.1,77.7,,
883,2024-10-09 11:00,20.4,0,.3,0,965,1014.3,67.4,,
883,2024-10-09 12:00,20.4,265,1.3,0,964.6,1013.9,61.4,,
883,2024-10-09 13:00,19.7,45.6,2.7,0,964.1,1013.6,84,,
883,2024-10-09 14:00,19.1,285.1,2,0,963.5,1013.1,81.7,,
883,2024-10-09 15:00,18.9,273.4,1.7,0,963.2,1012.4,86.6,,
883,2024-10-09 16:00,16.8,0,.4,1.5,963.2,1013,96.5,,
883,2024-10-09 17:00,16.8,310.4,1,.5,963.2,1013,96.6,,
883,2024-10-09 18:00,16.6,318.5,1.6,0,963.5,1013.4,97.8,,
883,2024-10-09 19:00,16.4,349.7,1,1.5,963.6,1013.5,98.4,,
883,2024-10-09 20:00,16.4,161.2,.7,.5,963.5,1013.4,98.4,,
883,2024-10-09 21:00,16.3,0,.4,0,963.9,1013.9,98.7,,
883,2024-10-09 22:00,16,226.2,1,0,963.5,1013.5,98.9,,
883,2024-10-09 23:00,15.8,75.4,2.9,.5,963.2,1013.3,98.3,,
883,2024-10-10 00:00,15.9,0,.3,0,962.8,1012.8,96.9,,
883,2024-10-10 01:00,16.1,313.2,1.1,0,963,1013,92.8,,
883,2024-10-10 02:00,15.6,119.5,2,1.5,962.5,1012.6,94.6,,
883,2024-10-10 03:00,15.4,217.5,.8,0,962.7,1012.9,95.7,,
883,2024-10-10 04:00,15.4,102,1.8,0,962.8,1013,94.8,,
883,2024-10-10 05:00,16.1,98,4.1,.5,962.7,1012.7,87.1,,
883,2024-10-10 06:00,15.5,175.9,2.4,0,962.9,1013.1,90.8,,
883,2024-10-10 07:00,15.3,78.9,1.4,0,963.2,1013.4,92.5,,
883,2024-10-10 08:00,16.6,103.4,2.3,0,964.1,1014,87.8,,
883,2024-10-10 09:00,17.8,145.2,1.5,.5,964.3,1013.9,92.5,,
883,2024-10-10 10:00,18.9,294.8,1.3,0,964.3,1013.5,80.3,,
883,2024-10-10 11:00,20,37,4.3,0,964.2,1013.6,81.6,,
883,2024-10-10 12:00,18.2,62,4.2,0,963.9,1013.3,89,,
883,2024-10-10 13:00,21,52.7,5.1,0,963.2,1012.3,75.1,,
883,2024-10-10 14:00,20.2,53,5,0,963.2,1012.5,74.6,,
883,2024-10-10 15:00,20.4,33.6,6.3,0,963,1012.2,74.5,,
883,2024-10-10 16:00,18.6,31.9,6.7,0,963.1,1012.4,84.5,,
883,2024-10-10 17:00,17.5,29.6,5.3,0,963.6,1013.2,88.9,,
883,2024-10-10 18:00,16.5,26.9,4.3,0,964.1,1014,91.7,,
883,2024-10-10 19:00,16,53.2,2.2,0,964.4,1014.5,92.1,,
883,2024-10-10 20:00,15.2,35.5,1.6,0,964.8,1015.2,93.3,,
883,2024-10-10 21:00,15.6,57.5,3.3,0,964.9,1015.1,79.3,,
883,2024-10-10 22:00,16.1,72,3.9,0,965.3,1015.4,83.7,,
883,2024-10-10 23:00,15.7,109.9,3.9,0,965.4,1015.6,77.4,,
883,2024-10-11 00:00,15,99.2,3.1,0,965.4,1015.8,86.9,,
883,2024-10-11 01:00,15.5,53.9,1,0,965.4,1015.7,91.8,,
883,2024-10-11 02:00,15.8,69,3.2,0,965.5,1015.7,94.7,,
883,2024-10-11 03:00,15.3,70.1,3.2,0,965.2,1015.5,91.6,,
883,2024-10-11 04:00,15.3,77.2,3.3,0,965.2,1015.5,93.2,,
883,2024-10-11 05:00,14.5,112.6,3,0,965.4,1016,93.6,,
883,2024-10-11 06:00,14.2,102.1,2.8,0,965.8,1016.5,95,,
883,2024-10-11 07:00,14.4,77.8,3.7,0,966.1,1016.8,91.1,,
883,2024-10-11 08:00,16.3,90.2,3.3,0,966.8,1016.9,82.5,,
883,2024-10-11 09:00,19.5,28.8,3.7,0,967.1,1016.8,79.5,,
883,2024-10-11 10:00,20.2,35.7,4.1,0,967.5,1017,72.6,,
883,2024-10-11 11:00,21.2,37,4.3,0,967.6,1016.8,71.7,,
883,2024-10-11 12:00,21.7,34.6,3.7,0,967.4,1016.5,71.3,,
883,2024-10-11 13:00,22.7,30.8,4.5,0,966.8,1015.6,67.9,,
883,2024-10-11 14:00,22,34.1,4.6,0,966.6,1015.5,74.9,,
883,2024-10-11 15:00,21.6,29.5,4,0,966.6,1015.7,70.4,,
883,2024-10-11 16:00,21.5,33,3.8,0,966.7,1015.8,71.3,,
883,2024-10-11 17:00,19.6,28.6,3.9,0,967.1,1016.8,78.8,,
883,2024-10-11 18:00,16.8,41.2,2.1,0,967.3,1017.3,90.5,,
883,2024-10-11 19:00,16.3,109.2,3.2,0,967.8,1018,90.7,,
883,2024-10-11 20:00,15.7,106,2.8,0,968.4,1018.8,90.7,,
883,2024-10-11 21:00,15.1,111.1,2.9,0,969,1019.6,91.1,,
883,2024-10-11 22:00,14.5,106.5,2.9,0,969.2,1020,93.1,,
883,2024-10-11 23:00,14.3,107.8,3.4,0,969.6,1020.5,92.2,,
883,2024-10-12 00:00,14.5,108.1,3.4,0,969.6,1020.4,88.7,,
883,2024-10-12 01:00,14.3,102.9,3.4,0,969.6,1020.5,88.8,,
883,2024-10-12 02:00,14.6,98.1,3.7,0,969.6,1020.4,85.3,,
883,2024-10-12 03:00,14.7,99.4,4,0,969.4,1020.1,82.1,,
883,2024-10-12 04:00,13.4,96.4,3.5,0,969.6,1020.4,86,,
883,2024-10-12 05:00,13.9,99,4.8,0,969.8,1020.5,73.1,,
883,2024-10-12 06:00,12,108.3,3.5,0,970.4,1021.6,86.7,,
883,2024-10-12 07:00,12.2,103.2,3.5,0,970.9,1022.1,90,,
883,2024-10-12 08:00,15.4,88.7,1.7,0,971.7,1022.4,80.3,,
883,2024-10-12 09:00,18.9,27.4,2.1,0,971.8,1021.4,67.6,,
883,2024-10-12 10:00,21.1,23.2,1.9,0,972.1,1021.6,56.5,,
883,2024-10-12 11:00,21.7,331.9,1.7,0,972.2,1021.5,51.3,,
883,2024-10-12 12:00,22.9,194.1,.8,0,971.6,1020.5,59.6,,
883,2024-10-12 13:00,22,274.6,3,0,971.2,1020.4,66.7,,
883,2024-10-12 14:00,22,155.4,2.2,0,970.7,1019.9,69,,
883,2024-10-12 15:00,22.7,269.5,2.5,0,970.5,1019.4,67.5,,
883,2024-10-12 16:00,20,317.3,2.1,0,970.5,1020.2,78.4,,
883,2024-10-12 17:00,19.2,1,2.8,0,970.7,1020.7,81.3,,
883,2024-10-12 18:00,18.2,83.6,1.2,0,970.9,1020.7,81.4,,
883,2024-10-12 19:00,16.4,121.7,2.6,0,971.1,1021.4,90.4,,
883,2024-10-12 20:00,15.4,106.7,3.3,0,971.4,1022,76.5,,
883,2024-10-12 21:00,15.5,96.3,2.8,0,971.9,1022.5,84.2,,
883,2024-10-12 22:00,15.9,100.7,3.1,0,971.9,1022.4,65.3,,
883,2024-10-12 23:00,15.5,95.2,5.1,0,972,1022.6,55.2,,
883,2024-10-13 00:00,15.4,99.6,5.1,0,971.9,1022.6,59.9,,
883,2024-10-13 01:00,14.9,93.5,4.7,0,971.6,1022.4,71.1,,
883,2024-10-13 02:00,15.4,101.8,4.8,0,971.3,1021.9,67.9,,
883,2024-10-13 03:00,14.5,105.1,4.3,0,971,1021.9,72.2,,
883,2024-10-13 04:00,12.4,117.2,2.9,0,970.7,1021.9,82.1,,
883,2024-10-13 05:00,15.7,103.1,3.4,0,970.6,1021.1,68.2,,
883,2024-10-13 06:00,13.8,96.6,3.3,0,971,1021.8,73.3,,
883,2024-10-13 07:00,15.2,89.3,3.9,0,971.1,1021.8,65.1,,
883,2024-10-13 08:00,16.4,100.2,2.9,0,971.6,1022,67.6,,
883,2024-10-13 09:00,19.4,203.4,1.4,0,971.5,1021.4,64.3,,
883,2024-10-13 10:00,21.1,167,3.2,0,971.6,1021.1,58.3,,
883,2024-10-13 11:00,21.7,266.3,1.6,0,971.7,1021,50.2,,
883,2024-10-13 12:00,23.8,23.3,4.1,0,971.1,1019.8,58.8,,
883,2024-10-13 13:00,22.4,221.3,2.2,0,970.2,1019.2,63.2,,
883,2024-10-13 14:00,23.1,229.5,2.5,0,969.6,1018.4,57.8,,
883,2024-10-13 15:00,22.7,170.7,1.6,0,969.3,1018.2,61,,
883,2024-10-13 16:00,21.5,46.7,2.8,0,968.9,1018.1,68.6,,
883,2024-10-13 17:00,20,282.4,1.7,0,969.1,1018.7,76.4,,
883,2024-10-13 18:00,18.8,171.6,1.7,0,969,1018.5,81.5,,
883,2024-10-13 19:00,17.5,0,.3,0,969.5,1019.4,86,,
883,2024-10-13 20:00,17.5,106.3,2.7,0,970.2,1020.2,84.7,,
883,2024-10-13 21:00,16.7,96.7,1,0,970.2,1020.4,87.3,,
883,2024-10-13 22:00,16.7,126.8,2.6,0,969.8,1020,85.6,,
883,2024-10-13 23:00,17.3,125.6,2.6,0,969.3,1019.3,81.8,,
883,2024-10-14 00:00,17.6,124.8,2.6,0,969.2,1019.1,80.6,,
883,2024-10-14 01:00,19.2,128.1,4.3,0,968.9,1018.8,67.5,,
883,2024-10-14 02:00,19.2,153.4,3.7,0,968.7,1018.6,73.7,,
883,2024-10-14 03:00,18.4,163.4,1.6,0,968.3,1017.9,81.1,,
883,2024-10-14 04:00,18.1,151.6,1.6,0,967.6,1017.2,83.8,,
883,2024-10-14 05:00,18.7,158.9,1.4,0,967.7,1017.2,86.1,,
883,2024-10-14 06:00,19.3,138.2,3.9,0,967.8,1017.6,85.7,,
883,2024-10-14 07:00,19.7,146.3,4.4,0,967.7,1017.4,83,,
883,2024-10-14 08:00,18.7,146.6,4.2,1,968.3,1017.8,93.9,,
883,2024-10-14 09:00,18.9,124.4,6.5,2,968.7,1018.2,87.3,,
883,2024-10-14 10:00,19.7,132,5.3,0,968.8,1018.5,86.1,,
883,2024-10-14 11:00,20,134.6,5.5,0,968.3,1017.9,86.9,,
883,2024-10-14 12:00,22.9,152.5,6.6,0,967.6,1016.3,79.1,,
883,2024-10-14 13:00,23.7,153.7,7.9,0,966.9,1015.4,74.2,,
883,2024-10-14 14:00,22.1,171,5.4,0,966.3,1015.2,81.5,,
883,2024-10-14 15:00,21.8,162.4,5.1,0,965.9,1014.9,85.3,,
883,2024-10-14 16:00,21.9,170.6,5.2,0,965.5,1014.4,85.8,,
883,2024-10-14 17:00,20.6,179.7,4.3,.5,965.5,1014.8,94.9,,
883,2024-10-14 18:00,20,180.5,3.7,.5,965.6,1015.1,96.1,,
883,2024-10-14 19:00,19.9,180.9,3.9,.5,966.1,1015.6,96.9,,
883,2024-10-14 20:00,20,212.6,3.3,.5,966.8,1016.3,97.9,,
883,2024-10-14 21:00,20.1,184.1,3.5,.5,966.9,1016.4,96.1,,
883,2024-10-14 22:00,20.7,185.8,3.6,0,967,1016.3,96.2,,
883,2024-10-14 23:00,20.7,183.9,3.2,0,967.1,1016.4,94.9,,
883,2024-10-15 00:00,20.1,211.9,2.6,9,966.9,1016.4,97.9,,
883,2024-10-15 01:00,20.5,224.6,2.4,.5,966.5,1015.9,98.3,,
883,2024-10-15 02:00,20.6,222,2.3,0,966.5,1015.8,98.9,,
883,2024-10-15 03:00,20.3,191.9,1.9,0,966.2,1015.6,98.9,,
883,2024-10-15 04:00,20.5,201.5,1.6,0,966.1,1015.4,98.8,,
883,2024-10-15 05:00,20.7,226.7,1.1,0,965.9,1015.2,98.8,,
883,2024-10-15 06:00,20.6,249.9,1.9,0,966.1,1015.4,98.9,,
883,2024-10-15 07:00,20.4,301.1,1,0,966.6,1016,99.1,,
883,2024-10-15 08:00,20.6,294.9,.8,0,967,1016.4,99,,
883,2024-10-15 09:00,21.2,67.5,1.2,0,967.5,1016.7,96.7,,
883,2024-10-15 10:00,21.6,14.9,2.3,0,967.9,1017,94.2,,
883,2024-10-15 11:00,24,357.3,1.4,0,967.5,1016.4,83.6,,
883,2024-10-15 12:00,21.7,299,2.4,0,967.4,1016.5,92.8,,
883,2024-10-15 13:00,22.4,27.5,3.3,0,967.2,1016.1,88.1,,
883,2024-10-15 14:00,22.1,41.9,2.4,0,967.1,1016,88.7,,
883,2024-10-15 15:00,20.4,19.7,4.2,0,967.5,1016.9,94.3,,
883,2024-10-15 16:00,20.1,26.7,5.1,0,967.6,1017.1,95.5,,
883,2024-10-15 17:00,19.4,26,5.1,0,967.7,1017.4,95.8,,
883,2024-10-15 18:00,19.1,24.4,3.4,0,967.6,1017.4,95,,
883,2024-10-15 19:00,18.6,25.4,4.3,0,968.1,1017.6,95.6,,
883,2024-10-15 20:00,18.4,38.5,4.2,0,968.4,1018,97.1,,
883,2024-10-15 21:00,18.2,26.4,1.8,0,968.5,1018.2,88.8,,
883,2024-10-15 22:00,17.8,51.2,3,0,969,1018.8,97.3,,
883,2024-10-15 23:00,17.6,33.8,4.2,0,969.3,1019.2,96.6,,
883,2024-10-16 00:00,17.1,52.9,3.2,0,969.1,1019.1,94,,
883,2024-10-16 01:00,16.9,57.8,3,0,969.1,1019.2,93.1,,
883,2024-10-16 02:00,17.9,62,4.1,0,968.8,1018.6,91.6,,
883,2024-10-16 03:00,17,44.9,3.4,0,968.8,1018.8,93,,
883,2024-10-16 04:00,18.2,58,4.4,0,968.9,1018.6,90.1,,
883,2024-10-16 05:00,18.1,59.6,4.4,0,969,1018.7,91,,
883,2024-10-16 06:00,17.6,66.9,4,0,969.1,1019,92.4,,
883,2024-10-16 07:00,17.5,79.5,2.9,0,969.5,1019.4,91.6,,
883,2024-10-16 08:00,20.1,53.5,3.7,0,970,1019.7,72.4,,
883,2024-10-16 09:00,20,63.4,4.6,0,970.5,1020.2,79.6,,
883,2024-10-16 10:00,23.7,32.4,4.6,0,970.8,1019.5,75.8,,
883,2024-10-16 11:00,24,71.1,4.1,0,970.9,1020,53.9,,
883,2024-10-16 12:00,25.4,35.4,4.4,0,970.6,1019.3,64.6,,
883,2024-10-16 13:00,24.5,35.2,4.9,0,970,1018.9,65.2,,
883,2024-10-16 14:00,25.5,27.9,5.2,0,969.5,1018.1,69.5,,
883,2024-10-16 15:00,24.8,39.8,4.5,0,969.2,1018,77.4,,
883,2024-10-16 16:00,23.2,33.3,3,0,969.1,1017.8,80.9,,
883,2024-10-16 17:00,22,197.9,.5,0,969.5,1018.6,87.1,,
883,2024-10-16 18:00,19.7,153.1,1.4,0,969.7,1019.5,89.7,,
883,2024-10-16 19:00,18.8,0,.1,0,970.3,1019.9,93.9,,
883,2024-10-16 20:00,18.8,146.6,1.3,0,970.5,1020.1,95.5,,
883,2024-10-16 21:00,18.5,111.7,2.4,0,970.5,1020.2,93.7,,
883,2024-10-16 22:00,17.6,97.1,.8,0,970.7,1020.6,95.7,,
883,2024-10-16 23:00,17.6,93.8,2.5,0,970.5,1020.4,95,,
883,2024-10-17 00:00,17.6,153.4,1.7,0,970.3,1020.2,96.4,,
883,2024-10-17 01:00,17.9,98.5,2.4,0,970.4,1020.2,97.1,,
883,2024-10-17 02:00,17.9,94.4,2.8,0,970.1,1019.9,94.2,,
883,2024-10-17 03:00,17.6,0,.4,0,969.7,1019.6,93.5,,
883,2024-10-17 04:00,17.2,128.8,1.3,0,969.4,1019.4,93.3,,
883,2024-10-17 05:00,17.5,107,2.8,0,969.6,1019.5,84,,
883,2024-10-17 06:00,17.5,114.3,2.7,0,969.7,1019.6,83,,
883,2024-10-17 07:00,17.4,104.6,2.1,0,970,1020,84.4,,
883,2024-10-17 08:00,17.7,105.6,2.6,0,970.6,1020.5,82.8,,
883,2024-10-17 09:00,19.2,95.6,2.9,0,970.5,1020.5,77.8,,
883,2024-10-17 10:00,20.2,168.9,2.4,0,970.3,1019.9,75.8,,
883,2024-10-17 11:00,21.3,340.3,2.4,0,970.3,1019.6,72.6,,
883,2024-10-17 12:00,20.8,55.4,1.5,0,969.1,1018.5,82.6,,
883,2024-10-17 13:00,23.1,297.9,.6,0,968.6,1017.3,69.6,,
883,2024-10-17 14:00,22.8,18.1,2.1,0,968.7,1017.5,79.1,,
883,2024-10-17 15:00,22.5,233.4,1.3,0,968.6,1017.5,77,,
883,2024-10-17 16:00,24.1,304.3,.8,0,968.1,1017,72.2,,
883,2024-10-17 17:00,23.2,22.8,1.6,0,967.8,1016.5,78.8,,
883,2024-10-17 18:00,20.6,65.1,2.7,0,967.6,1017,88.3,,
883,2024-10-17 19:00,19.7,187.4,1.6,0,967.8,1017.5,88.5,,
883,2024-10-17 20:00,19.3,86.8,2.7,0,967.7,1017.5,90.8,,
883,2024-10-17 21:00,18.6,97.1,2.5,0,967.8,1017.3,90.5,,
883,2024-10-17 22:00,20.2,144.9,3.2,0,968,1017.5,90.7,,
883,2024-10-17 23:00,21.7,92.1,5.6,0,967.6,1016.7,83.7,,
883,2024-10-18 00:00,21.6,127.9,4.4,0,967.7,1016.8,84.5,,
883,2024-10-18 01:00,21.5,138.3,5.9,0,967.3,1016.4,87.8,,
883,2024-10-18 02:00,21.5,148.5,5.2,0,967,1016.1,86.2,,
883,2024-10-18 03:00,21.3,152.6,4.6,0,966.7,1015.8,85.7,,
883,2024-10-18 04:00,22.1,151.2,5.5,0,966.2,1015.1,85.9,,
883,2024-10-18 05:00,22.1,153.7,5.9,0,965.6,1014.5,89.1,,
883,2024-10-18 06:00,22.4,151.1,6.5,0,964.8,1013.5,88.9,,
883,2024-10-18 07:00,22.4,166.7,7,0,965.2,1014,91.1,,
883,2024-10-18 08:00,22.4,170.5,7,.5,964.9,1013.6,95.1,,
883,2024-10-18 09:00,22.7,177.6,6.9,3,965.2,1013.9,97.1,,
883,2024-10-18 10:00,21.3,184.4,6.9,2,965.1,1014.2,97.8,,
883,2024-10-18 11:00,22.3,197,5.2,.5,964.6,1013.4,97.2,,
883,2024-10-18 12:00,22.8,198.7,4.6,0,964,1012.6,98.4,,
883,2024-10-18 13:00,23.2,211.6,5.3,0,963.3,1011.7,98.5,,
883,2024-10-18 14:00,23.2,210.7,4.7,0,962.9,1011.3,95.6,,
883,2024-10-18 15:00,23.3,217.8,4.8,0,962.8,1011.2,95.5,,
883,2024-10-18 16:00,23.5,203.2,4.6,0,962.3,1010.6,93.5,,
883,2024-10-18 17:00,22.7,197.2,4.3,0,962.4,1010.9,95.7,,
883,2024-10-18 18:00,22.5,197.1,4,0,962.8,1011.4,96.7,,
883,2024-10-18 19:00,22.6,212.6,4.9,1,963,1011.6,98.4,,
883,2024-10-18 20:00,22.3,210,4.7,0,963.4,1012.1,98.4,,
883,2024-10-18 21:00,22.1,208.6,4.6,0,963.4,1012.2,98.6,,
883,2024-10-18 22:00,22.1,208.1,4.3,0,963.8,1012.6,98.5,,
883,2024-10-18 23:00,22,210.6,4.8,0,964.1,1012.9,97.9,,
883,2024-10-19 00:00,22,223.6,4.9,0,963.9,1012.7,97.4,,
883,2024-10-19 01:00,22,225.8,4,0,963.8,1012.6,97.5,,
883,2024-10-19 02:00,21.9,241.6,3.1,0,963.4,1012.2,97.4,,
883,2024-10-19 03:00,22.1,255.9,3.4,0,963.1,1011.8,98.3,,
883,2024-10-19 04:00,21.9,289,5,0,963,1011.8,98.9,,
883,2024-10-19 05:00,20.8,311.1,4.6,0,963.5,1012.6,98.9,,
883,2024-10-19 06:00,20.4,306.2,3.5,0,964.1,1013.4,98.6,,
883,2024-10-19 07:00,19.8,300.1,3.7,0,964.5,1014,99,,
883,2024-10-19 08:00,19.2,14.4,4.3,0,965.2,1014.9,98.1,,
883,2024-10-19 09:00,19.4,45,2.7,0,965.6,1015.2,97,,
883,2024-10-19 10:00,19.7,43.9,2.8,0,966.1,1015.7,97.1,,
883,2024-10-19 11:00,18.3,29.9,5.9,0,966,1015.5,98.4,,
883,2024-10-19 12:00,17.7,28.8,7,0,965.8,1015.5,98.6,,
883,2024-10-19 13:00,17.2,28.4,8.4,0,965.9,1015.7,97.9,,
883,2024-10-19 14:00,16.6,41.6,7.3,.5,965.8,1015.8,97.8,,
883,2024-10-19 15:00,16.4,25.8,7.8,0,966,1016.1,95.3,,
883,2024-10-19 16:00,15.8,30.6,8.1,0,966.9,1017.2,93.4,,
883,2024-10-19 17:00,15.2,28.1,7.6,0,967.4,1017.9,95,,
883,2024-10-19 18:00,15,26.7,8.4,0,967.8,1018.4,96.2,,
883,2024-10-19 19:00,14.9,38.5,5.8,0,968.8,1019.5,96.8,,
883,2024-10-19 20:00,14.9,38,6.2,.5,969.4,1020.1,97.8,,
883,2024-10-19 21:00,15.2,25.5,6.4,0,969.3,1019.9,97.8,,
883,2024-10-19 22:00,15.9,81.8,5.8,0,970,1020.4,95.9,,
883,2024-10-19 23:00,16.3,88.1,6.7,0,970.3,1020.6,89.9,,
883,2024-10-20 00:00,16.2,79.8,5.8,0,970.3,1020.6,87.2,,
883,2024-10-20 01:00,16.3,90.4,6.7,0,970.5,1020.8,84.1,,
883,2024-10-20 02:00,16.1,112.8,5.1,0,970.7,1021.1,81.1,,
883,2024-10-20 03:00,15.6,78,12.4,0,970.2,1020.7,83.8,,
883,2024-10-20 04:00,15.6,79,11.9,.5,970.7,1021.2,82.1,,
883,2024-10-20 05:00,15.7,101.3,7.5,0,972,1022.6,80.1,,
883,2024-10-20 06:00,15.3,109.1,7.5,0,972.4,1023.1,82.8,,
883,2024-10-20 07:00,15,91.7,8,0,972.5,1023.3,83.4,,
883,2024-10-20 08:00,15,78,12.6,0,972.7,1023.5,82.6,,
883,2024-10-20 09:00,15.6,82.6,10.6,0,973.5,1024.2,81.9,,
883,2024-10-20 10:00,15.5,80.5,13.3,0,973.4,1024.1,82.7,,
883,2024-10-20 11:00,16,77.6,12.3,0,973.9,1024.5,80.8,,
883,2024-10-20 12:00,15.9,78.3,13,0,973.4,1024,76.5,,
883,2024-10-20 13:00,16.1,73.9,12.7,0,973.2,1023.7,73.1,,
883,2024-10-20 14:00,15.8,70.6,10.1,0,972.8,1023.4,71.5,,
883,2024-10-20 15:00,16,77,8.1,0,972.6,1023.1,71.6,,
883,2024-10-20 16:00,16.3,108.8,4.8,0,972.6,1023,73.8,,
883,2024-10-20 17:00,15.9,82.7,4.1,0,972.3,1022.8,73.6,,
883,2024-10-20 18:00,15.3,72.1,4.3,0,972.4,1023.1,71.6,,
883,2024-10-20 19:00,14.6,64.1,3.1,0,972.4,1023.3,78.6,,
883,2024-10-20 20:00,13.6,102,3.2,0,972.9,1023.9,81.4,,
883,2024-10-20 21:00,13.4,133.7,4.5,0,972.8,1023.8,83.5,,
883,2024-10-20 22:00,14.6,62.3,3.8,0,973,1024,81.5,,
883,2024-10-20 23:00,12.7,30.7,2.4,0,972.7,1023.9,85,,
883,2024-10-21 00:00,13,167.9,3.5,0,972.3,1023.4,84.3,,
883,2024-10-21 01:00,12.8,90.6,3.2,0,972.1,1023.2,87.3,,
883,2024-10-21 02:00,12.4,160.7,2.5,0,971.4,1022.6,89,,
883,2024-10-21 03:00,12,90.6,2.2,0,971,1022.3,91.3,,
883,2024-10-21 04:00,16,90.9,4.1,0,970.9,1021.3,77.1,,
883,2024-10-21 05:00,15.4,76,.9,0,970.1,1020.7,87.1,,
883,2024-10-21 06:00,15.5,29.5,.8,0,970,1020.5,90.8,,
883,2024-10-21 07:00,16.7,0,.4,0,970.1,1020.3,87.6,,
883,2024-10-21 08:00,18.5,144.5,.5,0,970.6,1020.3,87.1,,
883,2024-10-21 09:00,19.3,14,1.8,0,970.8,1020.7,84,,
883,2024-10-21 10:00,19.4,37.8,1.3,0,971.1,1021,86.6,,
883,2024-10-21 11:00,21.4,312.5,1.8,0,970.7,1020,83.1,,
883,2024-10-21 12:00,22.5,0,.4,0,970.2,1019.2,77.8,,
883,2024-10-21 13:00,21.3,29.8,2.6,0,969.8,1019.1,83.9,,
883,2024-10-21 14:00,22.1,60.6,2.7,0,969.3,1018.4,82.2,,
883,2024-10-21 15:00,20.1,6.4,2.3,0,969,1018.6,91.5,,
883,2024-10-21 16:00,19.4,39.2,1.1,0,968.9,1018.7,96.1,,
883,2024-10-21 17:00,19.1,24.6,2.3,1.5,968.8,1018.7,97.3,,
883,2024-10-21 18:00,18.8,35.4,1.5,0,968.3,1017.8,97.2,,
883,2024-10-21 19:00,20,148.2,3.5,3,968.3,1017.9,93.3,,
883,2024-10-21 20:00,21.3,139.9,4.2,5,968.5,1017.7,93,,
883,2024-10-21 21:00,21.6,140.7,5.6,.5,968.4,1017.5,90.1,,
883,2024-10-21 22:00,21.7,155.7,6.8,0,967.6,1016.7,89.8,,
883,2024-10-21 23:00,21.4,154.9,8.8,0,966.8,1015.9,91.4,,
883,2024-10-22 00:00,21.7,159.2,9.5,0,966,1015,91.6,,
883,2024-10-22 01:00,21.4,158.7,9.7,0,965.8,1014.9,94.7,,
883,2024-10-22 02:00,21.9,162.2,6.7,0,965.8,1014.7,95,,
883,2024-10-22 03:00,22.2,180.2,4.2,0,964.9,1013.7,96.9,,
883,2024-10-22 04:00,22.3,174.1,5.2,2,964.2,1012.9,98.2,,
883,2024-10-22 05:00,22.4,188.7,3.4,2,964.4,1013.1,98.6,,
883,2024-10-22 06:00,19.2,266.1,1.7,22,965.6,1015.3,98.4,,
883,2024-10-22 07:00,20.1,149,2.3,0,964.7,1014.1,98.8,,
883,2024-10-22 08:00,21.5,164.2,2.9,0,964.7,1013.7,93.4,,
883,2024-10-22 09:00,23.9,181.5,1.5,0,964.6,1012.9,85.9,,
883,2024-10-22 10:00,24.6,208.3,2.2,0,964.6,1013.2,75.4,,
883,2024-10-22 11:00,24.3,224.2,2.4,0,964.4,1013.1,78.8,,
883,2024-10-22 12:00,22.2,289.6,.9,0,964,1012.8,91.1,,
883,2024-10-22 13:00,22.1,45.9,2.3,0,963.6,1012.4,90.7,,
883,2024-10-22 14:00,22.3,325.3,2.9,0,963,1011.7,88.5,,
883,2024-10-22 15:00,20.5,359.7,3.1,0,963,1012.2,94.7,,
883,2024-10-22 16:00,19.8,9.5,3.2,0,963.4,1012.8,97.2,,
883,2024-10-22 17:00,18.9,314,4.6,.5,963.9,1013.1,98.8,,
883,2024-10-22 18:00,18.4,316.2,4.3,0,964.3,1013.7,99.1,,
883,2024-10-22 19:00,17.8,309.2,3.6,0,964.8,1014.4,98.7,,
883,2024-10-22 20:00,18.2,316.6,3.3,0,964.4,1013.8,98.6,,
883,2024-10-22 21:00,18,314,5.5,.5,964.7,1014.2,99.3,,
883,2024-10-22 22:00,16.9,297.5,5.4,1.5,965.3,1015.2,99.7,,
883,2024-10-22 23:00,16.3,299.7,5.9,2,965.6,1015.7,99.4,,
883,2024-10-23 00:00,15.5,277.2,5.9,1.5,965.5,1015.8,99.7,,
883,2024-10-23 01:00,15,239.8,3.7,.5,965.7,1016.2,98,,
883,2024-10-23 02:00,14.8,50.6,4,0,965.8,1016.3,94.2,,
883,2024-10-23 03:00,14.3,30.9,6.4,0,965.6,1016.3,86.2,,
883,2024-10-23 04:00,13.5,30,5.5,0,965.5,1016.1,75.3,,
883,2024-10-23 05:00,13.7,34.1,8.4,0,965.5,1016.1,87.7,,
883,2024-10-23 06:00,13,33.4,8.6,0,966,1016.8,83.9,,
883,2024-10-23 07:00,12.4,27.5,8.8,0,966.3,1017.2,79.6,,
883,2024-10-23 08:00,12.4,28,8.5,0,967,1018,80.2,,
883,2024-10-23 09:00,13.1,27.9,8.3,0,968,1018.8,78.4,,
883,2024-10-23 10:00,14.2,34.4,8.6,0,968.2,1019,73.8,,
883,2024-10-23 11:00,14.6,26.7,7.2,0,968.5,1019.2,70.6,,
883,2024-10-23 12:00,15,33.3,7.9,0,968.2,1018.8,68.8,,
883,2024-10-23 13:00,13.9,29.9,8,0,967.9,1018.5,82.5,,
883,2024-10-23 14:00,15.1,29.4,8.1,0,967.4,1017.9,76.6,,
883,2024-10-23 15:00,15.9,29.8,8.5,0,967,1017.3,73.4,,
883,2024-10-23 16:00,15.1,28.5,9.3,0,967.1,1017.6,71.8,,
883,2024-10-23 17:00,13.1,25.8,9.2,0,967.1,1017.9,79.6,,
883,2024-10-23 18:00,11.4,34.5,6.4,0,967.2,1018.4,85.9,,
883,2024-10-23 19:00,11.5,50.5,5.6,0,967.5,1018.7,84.5,,
883,2024-10-23 20:00,11.2,43.3,5.1,0,968,1019.3,87.7,,
883,2024-10-23 21:00,11,55.3,4.8,0,968.4,1019.8,85.5,,
883,2024-10-23 22:00,10.8,48.8,5,0,968.6,1020,86.9,,
883,2024-10-23 23:00,10.9,57.1,4.9,0,968.7,1020.1,86.6,,
883,2024-10-24 00:00,10.7,48.4,5.4,0,968.4,1019.9,86,,
883,2024-10-24 01:00,10.7,45.4,5.5,0,968.2,1019.7,86.3,,
883,2024-10-24 02:00,10.3,43,4.6,0,968.4,1020,87.2,,
883,2024-10-24 03:00,10.3,47.3,4.4,0,968,1019.5,88.2,,
883,2024-10-24 04:00,9.9,45.2,4.6,0,967.8,1019.4,88.6,,
883,2024-10-24 05:00,10.4,54.5,5.5,0,967.5,1019,86.1,,
883,2024-10-24 06:00,10.4,52.5,5.5,0,967.6,1019.1,85.4,,
883,2024-10-24 07:00,10,62.9,4.2,0,968.1,1019.7,87.7,,
883,2024-10-24 08:00,11.2,48.3,5.6,0,968.4,1019.7,84.9,,
883,2024-10-24 09:00,12.8,54.3,6,0,969.2,1020.2,74.8,,
883,2024-10-24 10:00,14.2,40.3,6.8,0,969.3,1020.2,71.2,,
883,2024-10-24 11:00,16.1,45.4,5.4,0,968.9,1019.2,60.9,,
883,2024-10-24 12:00,18.5,27.1,6.1,0,968.1,1017.7,57.5,,
883,2024-10-24 13:00,18.1,32.4,6.8,0,967.6,1017.2,58.1,,
883,2024-10-24 14:00,18.8,39.8,4.7,0,967.1,1016.5,53.1,,
883,2024-10-24 15:00,19.6,21.7,5.4,0,967.3,1017,53.6,,
883,2024-10-24 16:00,16.5,53,4.2,0,967.6,1017.7,62.9,,
883,2024-10-24 17:00,16.9,0,.4,0,968,1018,68,,
883,2024-10-24 18:00,14.4,65.4,5.5,0,968,1018.8,31.9,,
883,2024-10-24 19:00,13.6,84,5.2,0,968.4,1019.1,26.4,,
883,2024-10-24 20:00,13.6,67.7,5.1,0,968.3,1019,24.3,,
883,2024-10-24 21:00,12.3,111.6,4.2,0,968.9,1020,39.1,,
883,2024-10-24 22:00,10.6,103.3,3,0,969.2,1020.7,82.6,,
883,2024-10-24 23:00,9.8,105.5,2.3,0,969.5,1021.3,91.5,,
883,2024-10-25 00:00,9.3,103.9,2.8,0,969.8,1021.7,91.7,,
883,2024-10-25 01:00,9.4,99.7,3.1,0,969.8,1021.7,87.4,,
883,2024-10-25 02:00,8.8,97.4,3,0,969.6,1021.4,87.5,,
883,2024-10-25 03:00,9.6,159.6,3,0,969,1020.8,78.7,,
883,2024-10-25 04:00,9.6,153,2.5,0,968.8,1020.6,86.5,,
883,2024-10-25 05:00,9.1,94.7,2.7,0,969.2,1021.1,85.8,,
883,2024-10-25 06:00,9.9,125.2,2.9,0,969.2,1020.9,90.6,,
883,2024-10-25 07:00,10.9,97,3.5,0,969.2,1020.7,74.7,,
883,2024-10-25 08:00,14.8,104.3,3.9,0,969.8,1020.5,53.1,,
883,2024-10-25 09:00,19.3,65.7,1.8,0,969.8,1019.7,62.9,,
883,2024-10-25 10:00,20.2,306.1,1.5,0,970.5,1020.2,59,,
883,2024-10-25 11:00,20.5,225,1.8,0,970.4,1020,60.7,,
883,2024-10-25 12:00,22,251.7,2.4,0,970,1019.1,61.1,,
883,2024-10-25 13:00,23.8,293.8,1.7,0,969.4,1018,49.6,,
883,2024-10-25 14:00,23.5,271.4,2.3,0,969,1017.6,58.3,,
883,2024-10-25 15:00,23.4,263.5,2.4,0,969,1017.7,57.4,,
883,2024-10-25 16:00,22.8,9,1,0,969.2,1018,62,,
883,2024-10-25 17:00,20.7,243.4,1.6,0,969,1018.4,70.4,,
883,2024-10-25 18:00,17.3,127.6,1.2,0,969.3,1019.3,85.1,,
883,2024-10-25 19:00,15.5,108.9,1.8,0,969.8,1020.3,86.8,,
883,2024-10-25 20:00,16.1,102.7,3.1,0,969.7,1020,82.3,,
883,2024-10-25 21:00,14.7,101.2,1.5,0,970.1,1020.9,85.4,,
883,2024-10-25 22:00,15.9,103.9,1.7,0,969.8,1020.2,82.9,,
883,2024-10-25 23:00,15.4,114.9,.8,0,970,1020.6,90.4,,
883,2024-10-26 00:00,15.3,88.9,2.3,0,969.5,1020.1,93,,
883,2024-10-26 01:00,17,103.9,1.2,0,969.1,1019.1,87.7,,
883,2024-10-26 02:00,17.3,105.1,1.9,0,968.5,1018.4,88.9,,
883,2024-10-26 03:00,17.4,156,1.9,0,968.7,1018.6,88.6,,
883,2024-10-26 04:00,16.7,91.7,2.1,0,968.4,1018.5,92,,
883,2024-10-26 05:00,17.7,0,0,0,968.5,1018.3,89.2,,
883,2024-10-26 06:00,17.9,171.8,2.1,0,968.3,1018,89.7,,
883,2024-10-26 07:00,18.5,285.9,.7,0,968.5,1018.1,85.6,,
883,2024-10-26 08:00,18.5,30.4,1,0,968.9,1018.5,91.7,,
883,2024-10-26 09:00,20.2,50,1.9,0,969.1,1018.7,86.8,,
883,2024-10-26 10:00,20.2,246,1.4,0,969,1018.6,85.3,,
883,2024-10-26 11:00,21.2,286.1,1.2,0,968.7,1018,81,,
883,2024-10-26 12:00,22.4,203.6,1.3,0,968.2,1017.1,78.5,,
883,2024-10-26 13:00,22.6,273.7,1.6,0,967.3,1016.1,77,,
883,2024-10-26 14:00,22.1,300.6,3,0,966.7,1015.6,81,,
883,2024-10-26 15:00,22.2,241.4,1.2,0,966.1,1015,82.8,,
883,2024-10-26 16:00,21.8,272.2,1.5,0,965.8,1014.8,83.7,,
883,2024-10-26 17:00,20.4,301.1,2.3,0,966.3,1015.7,87.7,,
883,2024-10-26 18:00,19.6,0,.2,0,966.7,1016.3,90.9,,
883,2024-10-26 19:00,19.3,0,0,0,966.9,1016.6,93.1,,
883,2024-10-26 20:00,18.7,179.2,.5,0,967,1016.4,95.5,,
883,2024-10-26 21:00,18.5,0,.1,0,967,1016.5,94.1,,
883,2024-10-26 22:00,18.3,74,1.3,0,967,1016.6,95.6,,
883,2024-10-26 23:00,18.7,167.5,2.4,0,966.9,1016.3,95,,
883,2024-10-27 00:00,18.6,201,1.3,0,966.6,1016,95.6,,
883,2024-10-27 01:00,18.6,86.5,2.3,0,966,1015.4,94.5,,
883,2024-10-27 02:00,18.3,45.7,2.4,0,965.6,1015.1,94,,
883,2024-10-27 03:00,18.1,18.9,.9,0,965.2,1014.7,96.5,,
883,2024-10-27 04:00,18.2,129.4,.9,0,964.3,1013.7,96.9,,
883,2024-10-27 05:00,18,9.6,1.7,0,964.3,1013.8,97,,
883,2024-10-27 06:00,18.1,89.2,1.5,.5,964.5,1014,96.8,,
883,2024-10-27 07:00,18,79.9,2.5,1,964.2,1013.7,97.6,,
883,2024-10-27 08:00,18.4,57.1,1.2,1,964,1013.4,98.4,,
883,2024-10-27 09:00,19.5,82.2,1,.5,963.9,1013.4,97.1,,
883,2024-10-27 10:00,19.2,23.8,2.2,.5,963.9,1013.5,98,,
883,2024-10-27 11:00,17.8,39.6,4,.5,963.5,1013,97.5,,
883,2024-10-27 12:00,17,49.4,5,1.5,963,1012.7,97.2,,
883,2024-10-27 13:00,16.7,59.1,4.3,1.5,962.4,1012.2,96.9,,
883,2024-10-27 14:00,17.1,42.2,4.1,1,961,1010.6,96.2,,
883,2024-10-27 15:00,16.4,48.1,5.6,1,961.1,1010.9,97.3,,
883,2024-10-27 16:00,15.6,48.7,6.3,0,961,1011,93,,
883,2024-10-27 17:00,15.1,28,7.3,.5,962.3,1012.6,94.9,,
883,2024-10-27 18:00,15.1,41.6,6.1,0,962,1012.2,97.8,,
883,2024-10-27 19:00,14.9,47.8,5,.5,962.5,1012.8,96.2,,
883,2024-10-27 20:00,15.2,47.6,5.5,.5,962.4,1012.6,95.8,,
883,2024-10-27 21:00,14.2,45.8,6.1,.5,962.6,1013.1,97.5,,
883,2024-10-27 22:00,13.6,46.4,3.1,0,962.8,1013.2,91.3,,
883,2024-10-27 23:00,13.7,63.8,3.9,0,962.7,1013.1,93.2,,
883,2024-10-28 00:00,13.7,65.6,4,0,962.4,1012.8,89.1,,
883,2024-10-28 01:00,13.9,71.7,3.7,0,962.2,1012.5,88.8,,
883,2024-10-28 02:00,13.8,47.6,3.5,0,962.5,1012.9,92.9,,
883,2024-10-28 03:00,13.4,43.5,4.2,0,962.2,1012.7,90.1,,
883,2024-10-28 04:00,13,43.7,4.8,0,961.7,1012.2,92.3,,
883,2024-10-28 05:00,13.3,43.8,4.5,0,962,1012.5,93,,
883,2024-10-28 06:00,13.5,57,4.6,0,961.7,1012.1,92,,
883,2024-10-28 07:00,13.8,37.2,6,0,962,1012.3,93.6,,
883,2024-10-28 08:00,13.7,27.9,6,0,962.7,1013.1,94.4,,
883,2024-10-28 09:00,14.1,36.8,4.7,0,963.3,1013.9,91.5,,
883,2024-10-28 10:00,15,37.6,4.6,0,963.5,1013.8,87.4,,
883,2024-10-28 11:00,15.5,29.6,5.8,0,963.2,1013.4,85,,
883,2024-10-28 12:00,15,39.5,4.5,0,963.1,1013.4,85.6,,
883,2024-10-28 13:00,15.2,30.7,3.8,0,963.1,1013.4,86.5,,
883,2024-10-28 14:00,14.7,29,3.8,0,962.8,1013.2,87.5,,
883,2024-10-28 15:00,15,37.7,3.4,0,962.6,1012.9,85.9,,
883,2024-10-28 16:00,15.5,36.8,4.5,0,962.2,1012.3,78.5,,
883,2024-10-28 17:00,14.4,47.2,3.9,0,962.6,1013.1,85.5,,
883,2024-10-28 18:00,12.7,57.1,2.8,0,963,1013.7,90.9,,
883,2024-10-28 19:00,12.5,62.5,2.5,0,963.8,1014.6,88.9,,
883,2024-10-28 20:00,12.6,75,2.8,0,964.2,1015,87.6,,
883,2024-10-28 21:00,13.4,101.9,3.2,0,964.8,1015.4,81.6,,
883,2024-10-28 22:00,12.7,101.5,3.1,0,964.7,1015.5,90.4,,
883,2024-10-28 23:00,12.7,98.1,2.5,0,965.1,1015.9,94.8,,
883,2024-10-29 00:00,12.8,72.4,3.3,0,964.8,1015.5,92.5,,
883,2024-10-29 01:00,13.5,63.8,3.8,0,964.7,1015.3,88.2,,
883,2024-10-29 02:00,14,58.4,2.7,0,964.9,1015.6,88.9,,
883,2024-10-29 03:00,14.3,93.1,2.5,0,964.7,1015.3,91.9,,
883,2024-10-29 04:00,14.2,28.9,2.2,0,964,1014.6,95.7,,
883,2024-10-29 05:00,14.6,102.8,2.4,0,963.7,1014.2,88.3,,
883,2024-10-29 06:00,13.1,110.8,1.5,0,963.9,1014.5,95.2,,
883,2024-10-29 07:00,13.7,130.2,1.9,0,964.4,1014.9,94.3,,
883,2024-10-29 08:00,14.6,189.9,.6,0,964.7,1015.2,92.6,,
883,2024-10-29 09:00,17.4,0,.3,0,965.5,1015.2,80.2,,
883,2024-10-29 10:00,19.4,284.1,1.3,0,965.2,1014.8,68.7,,
883,2024-10-29 11:00,20.1,224,1.7,0,965.2,1014.6,68.2,,
883,2024-10-29 12:00,19.9,260.4,1.9,0,965.3,1014.8,73.2,,
883,2024-10-29 13:00,21.2,343.3,2.1,0,964.3,1013.4,66.2,,
883,2024-10-29 14:00,22.7,17,3,0,964.2,1012.8,67.8,,
883,2024-10-29 15:00,21.2,263.1,1.7,0,964.4,1013.5,72.5,,
883,2024-10-29 16:00,20.8,34,2.5,0,964.5,1013.7,75.9,,
883,2024-10-29 17:00,18.9,41.5,1.9,0,964.8,1014.1,80.9,,
883,2024-10-29 18:00,17.3,131.1,.7,0,965,1014.7,86.6,,
883,2024-10-29 19:00,15.6,97.7,3.1,0,965.5,1015.8,90.2,,
883,2024-10-29 20:00,16.1,85.6,5,0,966.4,1016.6,85,,
883,2024-10-29 21:00,15.8,96.4,3.6,0,966.8,1017.1,88.2,,
883,2024-10-29 22:00,16.2,103.7,4.4,0,967.2,1017.4,87.3,,
883,2024-10-29 23:00,16,71.8,3.6,0,967.2,1017.4,82.4,,
883,2024-10-30 00:00,15.5,85.7,4.1,0,967.5,1017.9,84.1,,
883,2024-10-30 01:00,14.2,111.1,3.1,0,967.7,1018.5,85.6,,
883,2024-10-30 02:00,14.3,113.1,4.3,0,968,1018.8,83.1,,
883,2024-10-30 03:00,15.2,79.6,5.4,0,968.2,1018.7,82.5,,
883,2024-10-30 04:00,14.9,63.1,5,0,968.6,1019.2,91.6,,
883,2024-10-30 05:00,14.4,52.4,3.9,0,968.7,1019.5,92.7,,
883,2024-10-30 06:00,14.2,54.3,4.3,0,968.9,1019.8,92.5,,
883,2024-10-30 07:00,14,53.5,3.9,0,969.1,1020,91,,
883,2024-10-30 08:00,14.7,46.9,4.8,0,969.6,1020.4,87.5,,
883,2024-10-30 09:00,15.5,65.1,5.7,0,970.5,1021.1,84,,
883,2024-10-30 10:00,16.5,67.9,5.7,0,970.9,1021.2,75.9,,
883,2024-10-30 11:00,17.3,35.9,5.9,0,970.6,1020.6,73.8,,
883,2024-10-30 12:00,18.6,54.4,5.9,0,970,1019.6,65.4,,
883,2024-10-30 13:00,19.4,53,6,0,969.4,1019.2,67.7,,
883,2024-10-30 14:00,19.2,45.1,5.6,0,969.1,1019,67.1,,
883,2024-10-30 15:00,17.7,33.9,6.8,0,968.2,1018,72.3,,
883,2024-10-30 16:00,17.3,67.9,3.6,0,968.5,1018.4,66.9,,
883,2024-10-30 17:00,15.7,35,3.2,0,968.8,1019.2,79.7,,
883,2024-10-30 18:00,14.2,55.1,4.3,0,969.2,1020.1,60.5,,
883,2024-10-30 19:00,12.9,93.7,2.4,0,969.7,1020.7,83,,
883,2024-10-30 20:00,15.6,111.5,3.2,0,969.7,1020.2,42.3,,
883,2024-10-30 21:00,15,115,3,0,969.8,1020.5,44.8,,
883,2024-10-30 22:00,14.9,113,1.8,0,970.2,1020.9,50.4,,
883,2024-10-30 23:00,13.2,131.9,2.2,0,970,1020.9,66.7,,
883,2024-10-31 00:00,12.8,99.9,2.9,0,970.1,1021.1,68.7,,
883,2024-10-31 01:00,14.1,114.8,4.2,0,969.5,1020.4,66.4,,
883,2024-10-31 02:00,12.3,83.6,1.5,0,969.7,1020.8,82.8,,
883,2024-10-31 03:00,13,75.1,.9,0,969.3,1020.2,77.8,,
883,2024-10-31 04:00,13.3,128.3,2.4,0,968.6,1019.4,79.2,,
883,2024-10-31 05:00,12.9,106.9,3.2,0,968.1,1019,77.4,,
883,2024-10-31 06:00,13.8,147.9,2.6,0,968.4,1019.1,73.2,,
883,2024-10-31 07:00,14.8,127.9,.9,0,968.7,1019.4,66.9,,
883,2024-10-31 08:00,14,109.4,2.6,0,968.7,1019.6,78.2,,
883,2024-10-31 09:00,16,87.5,2.5,0,970.1,1020.5,72.8,,
883,2024-10-31 10:00,18.5,56.6,2,0,970.1,1019.8,62.6,,
883,2024-10-31 11:00,19.6,240.4,1.4,0,970.6,1020.4,65.5,,
883,2024-10-31 12:00,20.1,4.4,2.4,0,969.9,1019.6,60.2,,
883,2024-10-31 13:00,19.6,256.9,1.5,0,969.4,1019.2,65.1,,
883,2024-10-31 14:00,19.9,55.1,.7,0,968.5,1018.1,65.9,,
883,2024-10-31 15:00,19.4,295,1.3,0,968.2,1018,70.1,,
883,2024-10-31 16:00,19.2,47.9,2,0,968.1,1017.9,73.6,,
883,2024-10-31 17:00,18.6,158.1,1.9,0,968.3,1017.8,83.1,,
883,2024-10-31 18:00,18,48.8,1.8,0,968.5,1018.2,85.9,,
883,2024-10-31 19:00,16.1,129,4.1,1,968.9,1019.2,90.9,,
883,2024-10-31 20:00,16.5,149.7,2.3,1,969,1019.2,96,,
883,2024-10-31 21:00,16.6,51.9,1.4,0,969.5,1019.7,95,,
883,2024-10-31 22:00,16.6,80.7,1.4,0,969,1019.2,94.4,,
883,2024-10-31 23:00,16.8,0,.4,0,969.1,1019.2,95.4,,
883,2024-11-01 00:00,16.6,120.7,1.1,.5,968.6,1018.7,96.9,,
883,2024-11-01 01:00,16.8,148.1,.8,.5,968.1,1018.2,97.8,,
883,2024-11-01 02:00,19.3,0,.4,.5,967.8,1017.6,96.9,,
883,2024-11-01 03:00,18.4,43.7,1.7,1.5,967.3,1016.8,97.2,,
883,2024-11-01 04:00,17.7,76,2.7,1.5,966.4,1016.1,97.8,,
883,2024-11-01 05:00,18,32.1,2,2,966.1,1015.7,96.7,,
883,2024-11-01 06:00,16.8,78.6,4.9,1.5,966.2,1016.2,95.1,,
883,2024-11-01 07:00,16.5,81.3,5.3,6,966.7,1016.8,95.8,,
883,2024-11-01 08:00,16.5,89.9,5.6,9,966.6,1016.7,94.6,,
883,2024-11-01 09:00,15.5,68.5,9.1,7.5,966.7,1017.1,95.6,,
883,2024-11-01 10:00,15.1,63.6,9.9,7.5,966.1,1016.6,95.6,,
883,2024-11-01 11:00,15.5,69.9,10.7,7.5,966.3,1016.6,93.9,,
883,2024-11-01 12:00,16.2,68.1,13.5,5.5,965.4,1015.5,92.6,,
883,2024-11-01 13:00,16.7,73.6,13.8,6.5,963.8,1013.7,92.1,,
883,2024-11-01 14:00,16.7,71,12.3,8.5,963.4,1013.2,91.7,,
883,2024-11-01 15:00,17.6,70.8,12.6,4,962.9,1012.4,88.6,,
883,2024-11-01 16:00,17.9,70,14.4,2,961.1,1010.5,87.8,,
883,2024-11-01 17:00,17.7,73.1,12.6,6,961.6,1011.1,88.3,,
883,2024-11-01 18:00,17.6,71.4,15.3,2,960.2,1009.6,88.2,,
883,2024-11-01 19:00,18,73.4,13.7,7.5,958.1,1007.3,89.6,,
883,2024-11-01 20:00,18,70.9,11.1,10,959.3,1008.5,88.9,,
883,2024-11-01 21:00,17.9,72,13.1,8,959.5,1008.8,88.2,,
883,2024-11-01 22:00,18.3,75.6,13.7,3,958.6,1007.7,88.1,,
883,2024-11-01 23:00,17.8,75.9,15.9,1.5,957.8,1007,87.2,,
883,2024-11-02 00:00,18,71.4,15,1.5,957,1006.1,85.4,,
883,2024-11-02 01:00,17.9,73.3,13.6,1,956.6,1005.7,88.5,,
883,2024-11-02 02:00,17.2,74.2,11.9,5,958,1007.4,91.3,,
883,2024-11-02 03:00,17.5,86.8,10.2,6,957,1006.3,90.5,,
883,2024-11-02 04:00,17.9,74.8,12.1,1,956,1005.1,87.2,,
883,2024-11-02 05:00,16.7,34.6,10.5,0,957.6,1007.1,96.6,,
883,2024-11-02 06:00,15.8,32.2,10.6,.5,958,1007.8,98.6,,
883,2024-11-02 07:00,15.6,27.9,10.6,1.5,959.4,1009.4,99.2,,
883,2024-11-02 08:00,15.6,29.3,8.2,1,961.7,1011.8,99.2,,
883,2024-11-02 09:00,15.8,30,6.9,.5,963.1,1013.2,99.5,,
883,2024-11-02 10:00,16,31,7.1,.5,964.2,1014.3,99.5,,
883,2024-11-02 11:00,16.6,30,5.8,0,964.8,1014.7,99.6,,
883,2024-11-02 12:00,16.6,33.2,4.6,.5,965,1014.9,99,,
883,2024-11-02 13:00,17.9,23.1,3.8,0,965.3,1014.9,97.6,,
883,2024-11-02 14:00,18,31.3,7.1,0,964.8,1014.3,94.7,,
883,2024-11-02 15:00,19.7,25.4,3.2,0,965.4,1014.9,85.8,,
883,2024-11-02 16:00,19.7,44.5,2.5,0,966,1015.6,87.1,,
883,2024-11-02 17:00,19.3,20.8,.8,0,966.8,1016.5,82.6,,
883,2024-11-02 18:00,16.6,75.9,2.8,0,967.3,1017.4,82.9,,
883,2024-11-02 19:00,15.9,120,2.3,0,968.1,1018.4,85.1,,
883,2024-11-02 20:00,16.9,153.1,2.9,0,969,1019.1,90.5,,
883,2024-11-02 21:00,15.7,94.2,2.3,0,969.6,1020.1,91.9,,
883,2024-11-02 22:00,16.1,97.9,4.6,0,970,1020.4,73.8,,
883,2024-11-02 23:00,15.9,77.2,4.8,0,970.3,1020.7,70.3,,
883,2024-11-03 00:00,14.9,90.1,4.7,0,970.4,1021.1,79.6,,
883,2024-11-03 01:00,15,105.3,2.7,0,970.5,1021.2,90.5,,
883,2024-11-03 02:00,14.2,87.9,1.3,0,970.3,1021.2,92.5,,
883,2024-11-03 03:00,13.8,104,3.8,0,970.3,1021.1,92.9,,
883,2024-11-03 04:00,13.7,91.1,1.8,0,970.5,1021.3,88.3,,
883,2024-11-03 05:00,13.7,138.7,2.7,0,969.9,1020.7,80.9,,
883,2024-11-03 06:00,12.8,143.9,1.9,0,970.4,1021.4,91.9,,
883,2024-11-03 07:00,13.1,308.2,1,0,970.9,1021.9,91.3,,
883,2024-11-03 08:00,15.5,138.3,3.8,0,971.3,1021.9,81.5,,
883,2024-11-03 09:00,17.7,303.7,2.1,0,971.7,1021.7,64.8,,
883,2024-11-03 10:00,19,164.2,2.1,0,971.7,1021.8,58,,
883,2024-11-03 11:00,20,202,2.3,0,971.4,1021.2,59.5,,
883,2024-11-03 12:00,20.5,250.5,1.5,0,970.9,1020.5,54,,
883,2024-11-03 13:00,20.3,314.5,3.3,0,970.3,1019.9,58.7,,
883,2024-11-03 14:00,20.1,17.8,3.1,0,969.6,1019.2,65.7,,
883,2024-11-03 15:00,18.6,54.8,3.7,0,969.3,1018.9,71.7,,
883,2024-11-03 16:00,18.6,59.5,4.7,0,969.4,1019,78.4,,
883,2024-11-03 17:00,17.1,51.9,3.2,0,970,1020.1,86.9,,
883,2024-11-03 18:00,15.2,95.4,2.6,0,969.9,1020.5,89.6,,
883,2024-11-03 19:00,13.5,98.6,1.6,0,970.1,1020.9,92.7,,
883,2024-11-03 20:00,12.6,101.4,2.3,0,970.4,1021.5,93.2,,
883,2024-11-03 21:00,13,108.7,3.2,0,970.6,1021.6,91.2,,
883,2024-11-03 22:00,12.5,101.3,2.6,0,970.6,1021.7,90.4,,
883,2024-11-03 23:00,12.3,109.5,3,0,970.4,1021.6,88.2,,
883,2024-11-04 00:00,11.4,146.8,2.4,0,970.5,1021.9,93.4,,
883,2024-11-04 01:00,11.5,121.3,2,0,970.7,1022.1,94,,
883,2024-11-04 02:00,11.5,126.1,2,0,970.7,1022.1,93.3,,
883,2024-11-04 03:00,10.5,93.4,2.5,0,970.6,1022.2,95.5,,
883,2024-11-04 04:00,10.6,93,2.8,0,970.3,1021.9,87.3,,
883,2024-11-04 05:00,11.5,78.7,2.6,0,970,1021.3,89.1,,
883,2024-11-04 06:00,12,23.9,1.4,0,970,1021.2,90.1,,
883,2024-11-04 07:00,11.9,91.2,2.4,0,970.2,1021.5,86.4,,
883,2024-11-04 08:00,14.3,95.3,2.7,0,970.7,1021.6,76.4,,
883,2024-11-04 09:00,17.4,47.8,.7,0,970.9,1020.9,71.2,,
883,2024-11-04 10:00,18.4,317.9,2,0,971,1020.7,70,,
883,2024-11-04 11:00,18.6,320,2.3,0,970.8,1020.5,73.1,,
883,2024-11-04 12:00,20.3,345.6,2.7,0,970.3,1019.9,68.3,,
883,2024-11-04 13:00,15.3,31.2,5.2,.5,970,1020.6,97.4,,
883,2024-11-04 14:00,15.9,42.7,5,0,969.2,1019.6,93.3,,
883,2024-11-04 15:00,17.4,33.6,6.7,0,968.7,1018.6,78.1,,
883,2024-11-04 16:00,16.8,36.4,6.2,0,968.7,1018.8,75.4,,
883,2024-11-04 17:00,15.4,39,4.4,0,969,1019.5,83.9,,
883,2024-11-04 18:00,14.6,26.4,3.5,0,969.6,1020.4,88,,
883,2024-11-04 19:00,13.7,25.8,6.7,0,969.7,1020.5,88.2,,
883,2024-11-04 20:00,13.9,27,6.9,0,970.1,1020.8,89.8,,
883,2024-11-04 21:00,12.3,29.9,6.6,0,970.4,1021.6,85.1,,
883,2024-11-04 22:00,12.3,30.7,7.2,0,970.5,1021.7,86.9,,
883,2024-11-04 23:00,11.8,34.2,5.3,0,970.7,1022,87.1,,
883,2024-11-05 00:00,11.4,37.1,5.6,0,970.6,1022,85.8,,
883,2024-11-05 01:00,10.7,31.7,6.1,0,970.4,1022,87.5,,
883,2024-11-05 02:00,10.4,38.4,5.8,0,970,1021.6,86.3,,
883,2024-11-05 03:00,9.7,33.8,6,0,969.4,1021.2,88.1,,
883,2024-11-05 04:00,9.8,32.2,6,0,969.4,1021.2,86.5,,
883,2024-11-05 05:00,10.1,44.8,5.8,0,969.3,1021,82.4,,
883,2024-11-05 06:00,10.1,47.9,5,0,969.2,1020.9,83.7,,
883,2024-11-05 07:00,10.1,43.5,4.8,0,969.5,1021.2,85.5,,
883,2024-11-05 08:00,10.7,47.3,5.3,0,970.3,1021.9,81.4,,
883,2024-11-05 09:00,11.1,31.2,6.4,0,970.8,1022.3,80.8,,
883,2024-11-05 10:00,11.3,24.3,7.2,0,970.9,1022.3,79,,
883,2024-11-05 11:00,12.3,28,8.2,0,970.5,1021.7,69.7,,
883,2024-11-05 12:00,12.7,25.4,9.2,0,969.8,1020.8,67.7,,
883,2024-11-05 13:00,13.7,27.5,9,0,969.4,1020.2,63.4,,
883,2024-11-05 14:00,13.5,27.9,8.8,0,969,1019.8,66,,
883,2024-11-05 15:00,12.4,29.4,10.1,0,968.8,1019.9,63.1,,
883,2024-11-05 16:00,11.8,25.9,10,0,969,1020.2,65.4,,
883,2024-11-05 17:00,10.1,25.9,8.7,0,969.3,1021,67.8,,
883,2024-11-05 18:00,9.8,26.6,8.6,0,969.9,1021.7,74.6,,
883,2024-11-05 19:00,9.8,28.8,8.5,0,970.3,1022.1,72.6,,
883,2024-11-05 20:00,9.5,25.9,9.1,0,970.4,1022.3,72,,
883,2024-11-05 21:00,9.4,26.4,7,0,971,1022.9,73.8,,
883,2024-11-05 22:00,9.1,27.7,8.3,0,971.1,1023.1,72.7,,
883,2024-11-05 23:00,9,28,8.2,0,971.3,1023.4,71.2,,
883,2024-11-06 00:00,9.3,26.8,8.7,0,971.6,1023.6,69.9,,
883,2024-11-06 01:00,9.1,26,9.9,0,971.5,1023.5,64.2,,
883,2024-11-06 02:00,9.4,26.7,9.4,0,971.5,1023.5,68.2,,
883,2024-11-06 03:00,9.4,26.5,7.9,0,971.3,1023.3,67.4,,
883,2024-11-06 04:00,9.9,30.4,7.6,0,971.1,1022.9,71.9,,
883,2024-11-06 05:00,9.7,28.7,7.2,0,971.2,1023.1,77,,
883,2024-11-06 06:00,9.6,27.4,9.2,0,971.3,1023.2,78,,
883,2024-11-06 07:00,9.3,27.1,8.7,0,971.8,1023.8,84.5,,
883,2024-11-06 08:00,9.1,27.4,7.7,0,972.5,1024.6,85.8,,
883,2024-11-06 09:00,10.7,28.7,7.8,0,973.2,1024.9,78.2,,
883,2024-11-06 10:00,11.1,30.3,7.9,0,973.9,1025.6,75.6,,
883,2024-11-06 11:00,12.4,26.9,9.2,0,973.9,1025.2,69.7,,
883,2024-11-06 12:00,13.2,27.7,8.2,0,973.8,1024.9,54.8,,
883,2024-11-06 13:00,12.8,34.2,8,0,973.3,1024.5,61.1,,
883,2024-11-06 14:00,12.1,37.3,7.7,0,972.9,1024.2,61.3,,
883,2024-11-06 15:00,11,27.8,8.8,0,973.1,1024.7,60.3,,
883,2024-11-06 16:00,10.5,27.3,8.6,0,973.2,1025,64.1,,
883,2024-11-06 17:00,9.8,28.3,8.2,0,973.6,1025.6,66.4,,
883,2024-11-06 18:00,8.6,27.2,7.4,0,973.9,1026,71.8,,
883,2024-11-06 19:00,8.3,30,7.6,0,974,1026.2,72.9,,
883,2024-11-06 20:00,7.8,47.6,4.7,0,974.4,1026.7,73.6,,
883,2024-11-06 21:00,7.2,51,3.9,0,974.6,1027.1,78,,
883,2024-11-06 22:00,7.6,65.2,5.2,0,975,1027.4,77,,
883,2024-11-06 23:00,7.2,67.3,4.2,0,975.4,1027.9,79.2,,
883,2024-11-07 00:00,7.3,54.4,5.4,0,974.5,1026.9,77.4,,
883,2024-11-07 01:00,6.9,64,4,0,974.7,1027.2,75.3,,
883,2024-11-07 02:00,6.2,88.2,4.1,0,974.6,1027.3,79.5,,
883,2024-11-07 03:00,6.1,88,4.2,0,974.3,1027,79.2,,
883,2024-11-07 04:00,6.3,86.1,3.8,0,974.6,1027.3,78,,
883,2024-11-07 05:00,6.2,95.5,4.6,0,974.4,1027.1,77,,
883,2024-11-07 06:00,6.4,102,5.1,0,975.2,1027.9,81.6,,
883,2024-11-07 07:00,6.6,103.3,4.5,0,975.8,1028.5,81.6,,
883,2024-11-07 08:00,8.1,104.1,3.7,0,976.6,1028.9,78,,
883,2024-11-07 09:00,11.6,81.9,2.2,0,976.9,1028.6,66.7,,
883,2024-11-07 10:00,13.5,41.2,2.6,0,976.9,1028.1,64.2,,
883,2024-11-07 11:00,15.4,25.1,4,0,976.7,1027.6,62.9,,
883,2024-11-07 12:00,15.8,44.1,3.5,0,976.4,1027.2,61.4,,
883,2024-11-07 13:00,15.2,34.7,3.8,0,975.8,1026.7,65.3,,
883,2024-11-07 14:00,13.9,38.8,4.7,0,975.5,1026.5,65.6,,
883,2024-11-07 15:00,13.9,35.3,4.4,0,975.4,1026.4,71,,
883,2024-11-07 16:00,12.9,29.8,4.3,0,975.4,1026.7,74.8,,
883,2024-11-07 17:00,12.1,41.9,3.4,0,975.7,1027.2,81.1,,
883,2024-11-07 18:00,10,48,2.8,0,975.8,1027.8,90,,
883,2024-11-07 19:00,10,99.6,4.2,0,975.7,1027.7,88.1,,
883,2024-11-07 20:00,10,98,2.4,0,975.9,1027.9,83.1,,
883,2024-11-07 21:00,10.3,102.2,4.2,0,975.7,1027.7,83.6,,
883,2024-11-07 22:00,11.1,110.2,4.7,0,975.8,1027.6,82.4,,
883,2024-11-07 23:00,9.7,65.4,2.7,0,976.1,1028.2,88.8,,
883,2024-11-08 00:00,11.5,86.9,5.6,0,975.6,1027.2,81.6,,
883,2024-11-08 01:00,11.1,95.4,4,0,975.3,1027,85.9,,
883,2024-11-08 02:00,10.8,54.3,3.7,0,975.2,1027,89.8,,
883,2024-11-08 03:00,10.9,79.8,3.8,0,974.8,1026.6,89.1,,
883,2024-11-08 04:00,11.6,105.7,4.8,0,974.5,1026.1,84.8,,
883,2024-11-08 05:00,12.1,95.4,4.1,0,974.2,1025.6,77.3,,
883,2024-11-08 06:00,10.4,160.2,2.6,0,974,1025.8,85.3,,
883,2024-11-08 07:00,9.4,110.8,2.7,0,974.2,1026.3,90.8,,
883,2024-11-08 08:00,12.2,101.3,2.4,0,974.9,1026.3,85.3,,
883,2024-11-08 09:00,15.6,88,1.6,0,974.9,1025.7,72.1,,
883,2024-11-08 10:00,17.4,275.2,1.7,0,975.2,1025.4,64.7,,
883,2024-11-08 11:00,17.8,264.7,1.8,0,975,1025.1,61.5,,
883,2024-11-08 12:00,17.4,260.9,2.1,0,974.3,1024.5,63.2,,
883,2024-11-08 13:00,18,314.4,1.6,0,973.7,1023.7,62.4,,
883,2024-11-08 14:00,17.6,252.8,1,0,973.2,1023.3,65.7,,
883,2024-11-08 15:00,18.3,322.7,2.6,0,973.2,1023.1,63.3,,
883,2024-11-08 16:00,17.1,44.9,3.3,0,973.5,1023.7,66.7,,
883,2024-11-08 17:00,15.5,99,3.3,0,973.4,1024.1,68.3,,
883,2024-11-08 18:00,13.9,130.2,2.6,0,973.4,1024.3,66.1,,
883,2024-11-08 19:00,13.8,119.3,3.1,0,973.6,1024.5,66.5,,
883,2024-11-08 20:00,15.1,75.8,4.1,0,973.6,1024.4,55.6,,
883,2024-11-08 21:00,14.4,77.7,3.9,0,973.9,1025,58.2,,
883,2024-11-08 22:00,15.1,74.2,5.4,0,973.9,1024.8,53.5,,
883,2024-11-08 23:00,14.8,83.1,4.1,0,973.8,1024.7,55.7,,
883,2024-11-09 00:00,12.8,147.1,1.6,0,973.9,1025.1,71.8,,
883,2024-11-09 01:00,12.4,170,2.1,0,973.7,1025,78.7,,
883,2024-11-09 02:00,10.2,98.8,2.5,0,973.4,1025.3,86.5,,
883,2024-11-09 03:00,10.8,81.8,1.8,0,973.1,1024.8,80.5,,
883,2024-11-09 04:00,11.5,102.8,3.3,0,972.9,1024.4,83.9,,
883,2024-11-09 05:00,12.3,95.6,3.5,0,972.3,1023.6,81.3,,
883,2024-11-09 06:00,10.9,104.7,4.1,0,972.4,1024,79.7,,
883,2024-11-09 07:00,11.1,97.3,4.7,0,972.5,1024.1,83,,
883,2024-11-09 08:00,12.7,95.8,3.8,0,972.9,1024.1,77.2,,
883,2024-11-09 09:00,14.4,64.6,3.1,0,973.1,1024.1,80.7,,
883,2024-11-09 10:00,15.9,68.7,3,0,973.3,1023.9,76.2,,
883,2024-11-09 11:00,18.8,48.5,2.3,0,973.3,1023,62.3,,
883,2024-11-09 12:00,17.7,174.6,1.9,0,973,1023,67.2,,
883,2024-11-09 13:00,17.6,265.8,1.9,0,972.5,1022.5,67.4,,
883,2024-11-09 14:00,18.1,215.1,1.8,0,972,1021.9,70.4,,
883,2024-11-09 15:00,17.6,64.7,2.6,0,971.8,1021.8,71.5,,
883,2024-11-09 16:00,17,220.7,1.2,0,971.7,1021.9,78.4,,
883,2024-11-09 17:00,15.9,248.7,.5,0,972,1022.5,82.4,,
883,2024-11-09 18:00,15.4,0,0,0,971.9,1022.6,85.2,,
883,2024-11-09 19:00,15.3,120.7,1.9,0,972.1,1022.8,85.1,,
883,2024-11-09 20:00,15.3,159.3,1.3,0,972,1022.7,85.1,,
883,2024-11-09 21:00,14.9,95.1,.7,0,972.2,1023,87.5,,
883,2024-11-09 22:00,15,124.2,1,0,971.8,1022.6,85.6,,
883,2024-11-09 23:00,14.6,158.3,2,0,971.4,1022.3,86.9,,
883,2024-11-10 00:00,14.6,89.8,1.1,0,971,1021.9,88.5,,
883,2024-11-10 01:00,14.9,92.4,2.7,0,970.6,1021.4,89,,
883,2024-11-10 02:00,15.2,119.2,1.6,0,970.6,1021.3,90.3,,
883,2024-11-10 03:00,15.2,51.3,1.8,0,970,1020.6,91.5,,
883,2024-11-10 04:00,15,82.6,1.9,1,970.1,1020.8,95.9,,
883,2024-11-10 05:00,16.4,134,2.8,3.5,970,1020.3,94.9,,
883,2024-11-10 06:00,16,54.9,1.6,1.5,969.8,1020.2,96.5,,
883,2024-11-10 07:00,16.5,68.5,3.2,0,970.2,1020.4,93.7,,
883,2024-11-10 08:00,15.2,73.8,5.7,.5,970.3,1020.9,90.7,,
883,2024-11-10 09:00,16.1,91.8,5.6,0,970.3,1020.7,79.4,,
883,2024-11-10 10:00,16.1,110.1,4.3,1,970,1020.4,91.1,,
883,2024-11-10 11:00,17,103.7,4,0,969.3,1019.4,86,,
883,2024-11-10 12:00,18.1,97.6,4.2,0,968.9,1018.6,74.5,,
883,2024-11-10 13:00,18.3,343,2,0,968.1,1017.7,71.9,,
883,2024-11-10 14:00,16.8,0,0,.5,967.6,1017.6,96.1,,
883,2024-11-10 15:00,15.8,28.3,3.1,1,967.9,1018.2,96.4,,
883,2024-11-10 16:00,14.9,110.8,2.6,2,967.6,1018.2,90.3,,
883,2024-11-10 17:00,15.2,200.2,.5,1,967.4,1017.9,97.1,,
883,2024-11-10 18:00,15,254.9,.8,.5,968,1018.6,95.3,,
883,2024-11-10 19:00,14.8,69.8,1.8,0,968.3,1019,97.3,,
883,2024-11-10 20:00,14.2,76.2,2.4,0,968.9,1019.8,91,,
883,2024-11-10 21:00,15.2,84.6,2.5,0,969.3,1019.9,94.6,,
883,2024-11-10 22:00,14.6,43.3,3.4,0,969.5,1020.3,96.4,,
883,2024-11-10 23:00,14,32.7,3.4,0,969.4,1020.4,97.8,,
883,2024-11-11 00:00,14.5,53.7,2.9,0,969.3,1020.1,97.7,,
883,2024-11-11 01:00,14.1,63.8,5.3,0,968.8,1019.7,94,,
883,2024-11-11 02:00,13.8,53.2,3.9,0,968.5,1019.2,92.3,,
883,2024-11-11 03:00,13.3,63.9,2.7,0,968.5,1019.3,89.3,,
883,2024-11-11 04:00,13,42.2,4.4,0,968.3,1019.2,96.4,,
883,2024-11-11 05:00,13.2,42.4,4.4,0,968.2,1019,96.7,,
883,2024-11-11 06:00,12.7,42.2,4.5,0,968.6,1019.6,96.8,,
883,2024-11-11 07:00,12.4,49.5,3.9,0,969,1020.1,95.6,,
883,2024-11-11 08:00,12.8,57.6,4.1,0,969.2,1020.2,92.4,,
883,2024-11-11 09:00,14.2,37,4.8,0,969.6,1020.5,79.1,,
883,2024-11-11 10:00,15.8,35.6,5.7,0,969.5,1019.9,84.4,,
883,2024-11-11 11:00,17.3,28.5,5.2,0,969.1,1019.1,73.2,,
883,2024-11-11 12:00,17.6,31.5,5.1,0,968.6,1018.4,72.6,,
883,2024-11-11 13:00,18.7,31.9,5.1,0,967.4,1016.9,70.6,,
883,2024-11-11 14:00,18.6,29.3,5,0,967,1016.5,72.2,,
883,2024-11-11 15:00,18.9,26,3.8,0,966.7,1016.1,66.2,,
883,2024-11-11 16:00,18,13.5,2.8,0,966.7,1016.3,70.9,,
883,2024-11-11 17:00,14.7,21.8,3,0,967,1017.6,82,,
883,2024-11-11 18:00,13.1,130.9,1.9,0,967.5,1018.3,89.8,,
883,2024-11-11 19:00,12.5,126.2,1.6,0,968,1019,93.3,,
883,2024-11-11 20:00,11.2,95.7,2,0,968.2,1019.5,95,,
883,2024-11-11 21:00,11.3,107.9,2.3,0,968.5,1019.8,96,,
883,2024-11-11 22:00,10.8,88.7,1.8,0,968.6,1020,96.3,,
883,2024-11-11 23:00,10.7,97.6,2.3,0,968.7,1020.2,96.9,,
883,2024-11-12 00:00,11.7,94.9,3,0,968.1,1019.3,94.6,,
883,2024-11-12 01:00,11.2,99.6,2.3,0,967.8,1019.1,95.3,,
883,2024-11-12 02:00,11.9,93.3,2.9,0,967.4,1018.5,94.5,,
883,2024-11-12 03:00,11.1,74.9,2.6,0,967.6,1018.9,90.7,,
883,2024-11-12 04:00,11.8,51.4,2.8,0,967.5,1018.6,94.1,,
883,2024-11-12 05:00,12,55.6,3.4,0,967.7,1018.8,95,,
883,2024-11-12 06:00,11.9,49.7,3.4,0,967.9,1019,95.5,,
883,2024-11-12 07:00,11.6,46.3,3.6,,968.1,1019.3,96.1,,
883,2024-11-12 08:00,12.1,59.5,3.7,,968.6,1019.7,94.7,,
883,2024-11-12 09:00,13.4,35,5.6,,969.2,1020,93.7,,
883,2024-11-12 10:00,14.6,41.6,6.5,,969.2,1020,85.4,,
883,2024-11-12 11:00,16.2,28.3,7.7,,969.1,1019.4,80.7,,
883,2024-11-12 12:00,17.8,53.9,4.5,,968.6,1018.4,61.6,,
883,2024-11-12 13:00,18,39,5.8,,968.2,1017.9,63.7,,
883,2024-11-12 14:00,17.8,30.8,5.5,,967.9,1017.6,66.9,,
883,2024-11-12 15:00,17.3,26.5,6.5,,967.6,1017.5,68.5,,
883,2024-11-12 16:00,15.8,27.7,7.2,,967.4,1017.7,78.2,,
883,2024-11-12 17:00,14.2,44.9,4.9,,967.5,1018.3,80.8,,
883,2024-11-12 18:00,13.2,48.6,4.2,,967.8,1018.6,83.8,,
883,2024-11-12 19:00,13.3,44,5.4,,967.9,1018.7,84.8,,
883,2024-11-12 20:00,12.9,55.8,4.2,,968.7,1019.6,89.1,,
883,2024-11-12 21:00,12.6,61.3,3.9,,968.8,1019.8,91.8,,
883,2024-11-12 22:00,12.2,56.3,3.3,,968.7,1019.8,92.3,,
883,2024-11-12 23:00,12.3,62.3,4.9,,968.3,1019.4,92.3,,
883,2024-11-13 00:00,10.5,69.2,2.7,,968.5,1020,87.6,,
883,2024-11-13 01:00,9.2,63.4,2.9,0,968.2,1020,75.1,,
883,2024-11-13 02:00,9.1,62.2,3.8,0,968.2,1020.1,80.1,,
883,2024-11-13 03:00,8.9,66.1,1.7,0,968.3,1020,76.7,,
883,2024-11-13 04:00,8.1,82.7,2.1,0,968.6,1020.5,89.4,,
883,2024-11-13 05:00,8.8,86.6,2.2,0,968.4,1020.1,89.2,,
883,2024-11-13 06:00,10,94.1,1.8,0,968.4,1020,80.3,,
883,2024-11-13 07:00,9.6,78.2,2.1,0,968.9,1020.7,80.3,,
883,2024-11-13 08:00,10.3,96.8,2.7,0,969.3,1020.9,81.5,,
883,2024-11-13 09:00,16,92.9,2.3,0,969.5,1019.9,61.2,,
883,2024-11-13 10:00,17.5,306.5,1.3,0,969.6,1019.5,54,,
883,2024-11-13 11:00,18.8,47,2.5,0,970,1019.6,65.2,,
883,2024-11-13 12:00,18.8,329.7,2.5,0,970,1019.6,76.8,,
883,2024-11-13 13:00,19.3,271.1,1.9,0,969.5,1019.4,71.2,,
883,2024-11-13 14:00,19.5,302.3,2,0,969,1018.8,71.2,,
883,2024-11-13 15:00,19,346.2,2.3,0,968.9,1018.8,74.5,,
883,2024-11-13 16:00,18.9,210.1,1.6,0,969.1,1018.6,69.6,,
883,2024-11-13 17:00,16.6,349.5,2.1,0,969.4,1019.6,78.8,,
883,2024-11-13 18:00,14.2,0,.4,0,969.4,1020.3,87.3,,
883,2024-11-13 19:00,13.2,152.5,2.2,0,969.8,1020.7,91.6,,
883,2024-11-13 20:00,12.3,113.8,2,0,970.2,1021.4,93.6,,
883,2024-11-13 21:00,11.5,98.6,2.4,0,970.2,1021.6,94.1,,
883,2024-11-13 22:00,11.4,88.4,2.3,0,970.8,1022.2,94.3,,
883,2024-11-13 23:00,10.9,94.2,2.6,0,970.4,1021.9,93.8,,
883,2024-11-14 00:00,12,105.6,3.4,0,969.9,1021.1,92.2,,
883,2024-11-14 01:00,12.2,94.6,3.5,0,969.6,1020.7,88.3,,
883,2024-11-14 02:00,12,105.3,3.2,0,969.5,1020.7,88.3,,
883,2024-11-14 03:00,10.7,93.9,2.5,0,969.5,1021,92.4,,
883,2024-11-14 04:00,10.4,145.9,2.1,0,968.7,1020.3,93.9,,
883,2024-11-14 05:00,10,101.8,1.6,0,969.2,1020.9,94.2,,
883,2024-11-14 06:00,11,105.1,2.5,0,969,1020.4,92.8,,
883,2024-11-14 07:00,12.4,103.4,3.3,0,968.9,1020,89.4,,
883,2024-11-14 08:00,13,129.2,2.1,0,968.8,1019.7,88.2,,
883,2024-11-14 09:00,13.9,89.8,2.3,0,969.1,1019.8,83.6,,
883,2024-11-14 10:00,16.3,18.7,2.8,0,968.9,1019.1,77.1,,
883,2024-11-14 11:00,17.5,326.5,2.6,0,969,1018.9,67.5,,
883,2024-11-14 12:00,17.7,245.7,2.2,0,968.8,1018.6,60.3,,
883,2024-11-14 13:00,19.3,279.2,2,0,968,1017.8,,,
883,2024-11-14 14:00,19.7,318.8,2.1,0,967.2,1016.8,,,
883,2024-11-14 15:00,19.8,329.8,3.2,0,966.9,1016.5,63.4,,
883,2024-11-14 16:00,17.7,259.8,1.4,0,967.3,1017,78.1,,
883,2024-11-14 17:00,16.6,198.7,1.1,0,967,1017.1,84.7,,
883,2024-11-14 18:00,15.3,102.9,3.6,0,966.5,1016.9,88.5,,
883,2024-11-14 19:00,15.5,146.1,2.9,0,967,1017.4,81.9,,
883,2024-11-14 20:00,15.7,145.7,2.3,0,967.3,1017.6,69.3,,
883,2024-11-14 21:00,14.9,51.2,3.2,0,967,1017.6,85.4,,
883,2024-11-14 22:00,14.5,168.5,1.2,0,967,1017.7,81.7,,
883,2024-11-14 23:00,16.3,171,2.7,0,967.2,1017.4,84.9,,
883,2024-11-15 00:00,16.4,185.1,1.1,0,967.7,1017.8,88.7,,
883,2024-11-15 01:00,16.3,159.5,3.9,0,966.8,1016.9,92.3,,
883,2024-11-15 02:00,14.8,148.5,1.9,1.5,966.1,1016.6,94.2,,
883,2024-11-15 03:00,15.1,133.6,1.6,3,966.5,1017,97.7,,
883,2024-11-15 04:00,15.9,157,3.1,6,965.8,1016,97.7,,
883,2024-11-15 05:00,15.8,38.8,.8,7,965.7,1015.9,98.1,,
883,2024-11-15 06:00,15.9,132.2,1.8,2,965.7,1015.9,98.6,,
883,2024-11-15 07:00,15.9,0,0,2,965.4,1015.6,98.8,,
883,2024-11-15 08:00,16.5,0,0,1,966.4,1016.5,98.7,,
883,2024-11-15 09:00,17.6,153.2,1.1,0,966.9,1016.7,98.8,,
883,2024-11-15 10:00,18.2,0,.2,0,966.8,1016.4,97.4,,
883,2024-11-15 11:00,19,236.5,.6,0,966.6,1016.4,94.2,,
883,2024-11-15 12:00,21.7,188.1,1.5,0,965.9,1014.9,77.5,,
883,2024-11-15 13:00,18.3,312.7,1.6,0,965.6,1015.1,96.9,,
883,2024-11-15 14:00,19,339.1,2.1,0,964.9,1014.6,91.4,,
883,2024-11-15 15:00,17.9,42.5,1.2,0,964.8,1014.4,97.9,,
883,2024-11-15 16:00,17.7,19.6,2.5,0,965,1014.6,97,,
883,2024-11-15 17:00,17.7,0,0,0,965.4,1015,95.9,,
883,2024-11-15 18:00,16.8,38.6,2.2,0,965.2,1015.1,96.5,,
883,2024-11-15 19:00,16.4,144.7,1.6,0,965.6,1015.6,96.9,,
883,2024-11-15 20:00,16,61,1.6,0,965.7,1015.9,95.1,,
883,2024-11-15 21:00,16.3,0,.2,0,965.7,1015.8,97.4,,
883,2024-11-15 22:00,16.2,193.2,.7,0,965.6,1015.7,97.5,,
883,2024-11-15 23:00,15.5,97.4,.6,0,965.8,1016.1,96.8,,
883,2024-11-16 00:00,16.3,75.6,2.8,0,966,1016.1,94.9,,
883,2024-11-16 01:00,17,102.1,2.7,0,965.6,1015.5,90,,
883,2024-11-16 02:00,16.4,113,1.3,0,965.6,1015.6,94.8,,
883,2024-11-16 03:00,16.6,122.5,.6,0,965.8,1015.8,94.7,,
883,2024-11-16 04:00,16.6,108.8,1.6,0,965.3,1015.3,94,,
883,2024-11-16 05:00,16.4,61.8,1.2,0,965.5,1015.5,93.9,,
883,2024-11-16 06:00,16.4,124,1.8,1,965.5,1015.5,96.9,,
883,2024-11-16 07:00,16.5,78.3,2.8,2,965.4,1015.4,95.2,,
883,2024-11-16 08:00,16.3,66.1,2.5,.5,965.5,1015.6,97.5,,
883,2024-11-16 09:00,17.8,98.4,1.4,0,965.7,1015.3,95.7,,
883,2024-11-16 10:00,19.6,186.1,1.3,0,965.9,1015.5,88.5,,
883,2024-11-16 11:00,20.1,323.5,2.9,0,966,1015.5,86.8,,
883,2024-11-16 12:00,19,315.6,3.7,0,965.5,1015.3,,,
883,2024-11-16 13:00,19,302.5,1.2,0,965,1014.7,,,
883,2024-11-16 14:00,21.7,229.5,.8,0,964,1012.9,,,
883,2024-11-16 15:00,20.2,328.3,4.2,0,963.8,1013.1,,,
883,2024-11-16 16:00,20.6,8.4,2.2,0,964,1013.2,,,
883,2024-11-16 17:00,18.1,30.4,2.1,0,964.6,1014.1,92.2,,
883,2024-11-16 18:00,17.5,12.2,2.4,0,965.2,1014.9,95.3,,
883,2024-11-16 19:00,17.3,29.5,2.8,0,965.6,1015.4,,,
883,2024-11-16 20:00,16.9,45.3,2.8,0,965.8,1015.7,93.3,,
883,2024-11-16 21:00,16.7,34.7,2.8,0,965.6,1015.6,94.3,,
883,2024-11-16 22:00,15.6,29.9,3.2,0,965.5,1015.8,96.9,,
883,2024-11-16 23:00,16.3,29.4,3,0,965.9,1016,98.3,,
883,2024-11-17 00:00,15.9,26.3,5.4,0,966.1,1016.3,98.7,,
883,2024-11-17 01:00,15.4,26.8,4.5,0,966,1016.4,98.8,,
883,2024-11-17 02:00,14.9,25.1,5.6,0,965.9,1016.4,98.8,,
883,2024-11-17 03:00,15,27.8,5.3,0,965.9,1016.4,98.8,,
883,2024-11-17 04:00,14.1,27.4,6,0,965.8,1016.5,98.6,,
883,2024-11-17 05:00,13.7,27.3,7.7,0,966.5,1017.1,98.1,,
883,2024-11-17 06:00,13.1,31.6,8.6,.5,966.6,1017.4,97.5,,
883,2024-11-17 07:00,12.9,37.5,7.6,0,966.8,1017.6,95.7,,
883,2024-11-17 08:00,12.5,30.7,10.3,0,967.9,1018.9,96.3,,
883,2024-11-17 09:00,11.9,36.7,9.7,0,968.2,1019.3,86.4,,
883,2024-11-17 10:00,12.4,45.2,9,0,968.3,1019.3,77.6,,
883,2024-11-17 11:00,13.2,35.3,9.9,0,968.7,1019.5,73.2,,
883,2024-11-17 12:00,12.3,29.9,10,0,968.8,1019.9,67,,
883,2024-11-17 13:00,13.4,31,9.9,0,968.7,1019.5,60.3,,
883,2024-11-17 14:00,12.6,31,10.3,0,968.1,1019.1,60.3,,
883,2024-11-17 15:00,11.8,27.7,10.6,0,968.2,1019.4,56.3,,
883,2024-11-17 16:00,10.6,31.9,10.4,0,969.3,1020.8,61,,
883,2024-11-17 17:00,9,31.4,10.6,0,970,1022,63.2,,
883,2024-11-17 18:00,8.3,38,8.4,0,970.5,1022.5,67.9,,
883,2024-11-17 19:00,8.4,32,10,0,971.2,1023.2,66.1,,
883,2024-11-17 20:00,7.6,32.3,9.8,0,971.6,1023.8,72.5,,
883,2024-11-17 21:00,7.1,34.4,7.7,0,972.3,1024.7,74.7,,
883,2024-11-17 22:00,7.1,31.5,8.4,0,972.9,1025.3,78.1,,
883,2024-11-17 23:00,7.1,26.9,10.3,0,973,1025.4,77.8,,
883,2024-11-18 00:00,7.1,31.4,10,0,972.9,1025.3,78.7,,
883,2024-11-18 01:00,7.1,31,9.9,0,973.1,1025.5,80.3,,
883,2024-11-18 02:00,7.1,29.6,11.3,0,973.1,1025.5,82.1,,
883,2024-11-18 03:00,6.7,35.7,9.6,0,973.5,1026,80.7,,
883,2024-11-18 04:00,6.5,33.4,10.6,0,973.6,1026.2,80.2,,
883,2024-11-18 05:00,6.2,34.8,9.6,0,974.3,1027,79.4,,
883,2024-11-18 06:00,5.7,33.4,9.3,0,974.8,1027.6,82.1,,
883,2024-11-18 07:00,4.7,31.6,10.8,0,974.7,1027.8,81.3,,
883,2024-11-18 08:00,4.2,35.3,10.4,0,975.6,1028.9,77,,
883,2024-11-18 09:00,4.4,40.7,11,0,976,1029.2,60,,
883,2024-11-18 10:00,5,33.2,12.9,0,976.8,1029.9,48.8,,
883,2024-11-18 11:00,6.1,42.6,11,0,976.4,1029.2,47.5,,
883,2024-11-18 12:00,6.3,42.8,12.4,0,975.6,1028.3,45.8,,
883,2024-11-18 13:00,6.8,40,11.7,0,975,1027.6,47.8,,
883,2024-11-18 14:00,6.9,41,10.1,0,974.9,1027.4,44.9,,
883,2024-11-18 15:00,7.5,40.9,8.9,0,975.2,1027.6,48.5,,
883,2024-11-18 16:00,7.2,48.3,6,0,975.3,1027.8,51.9,,
883,2024-11-18 17:00,6,38.1,5.9,0,975.3,1028.1,55.8,,
883,2024-11-18 18:00,4.8,68,4.6,0,975.7,1028.8,59,,
883,2024-11-18 19:00,4.7,53.7,4.1,0,975.9,1029.1,55.6,,
883,2024-11-18 20:00,4.4,62.9,4,0,976.4,1029.7,57.7,,
883,2024-11-18 21:00,5,62.2,3.4,0,976.5,1029.6,51.9,,
883,2024-11-18 22:00,4.9,101.9,4.4,0,976.4,1029.5,54.8,,
883,2024-11-18 23:00,5.2,102,4.5,0,976.7,1029.8,57.7,,
883,2024-11-19 00:00,4.3,94.8,4.1,0,976.8,1030.1,64.3,,
883,2024-11-19 01:00,5.1,85.1,4.7,0,976.9,1030,66.2,,
883,2024-11-19 02:00,4.9,84.2,4.3,0,976.5,1029.6,68.7,,
883,2024-11-19 03:00,5.8,90.6,4.1,0,976.3,1029.2,71.3,,
883,2024-11-19 04:00,7.2,77.2,4.4,0,976.2,1028.7,75,,
883,2024-11-19 05:00,7.8,88.3,3.8,0,976,1028.4,80.7,,
883,2024-11-19 06:00,7.9,90.8,3.4,0,975.9,1028.3,83.5,,
883,2024-11-19 07:00,7.8,98.1,3.6,0,975.7,1028.1,80.6,,
883,2024-11-19 08:00,8.7,97.6,4.1,0,975.7,1027.8,84,,
883,2024-11-19 09:00,11.2,89.2,2.8,0,976.1,1027.8,74.5,,
883,2024-11-19 10:00,12.5,40.7,3.6,0,976.1,1027.5,71.7,,
883,2024-11-19 11:00,14.2,39.1,4.1,0,975.3,1026.5,70,,
883,2024-11-19 12:00,12.8,43.3,5.8,0,974.5,1025.7,73.4,,
883,2024-11-19 13:00,13.2,39.7,4.3,0,974,1025.1,75.9,,
883,2024-11-19 14:00,13.7,39.5,4.5,0,973.5,1024.5,76,,
883,2024-11-19 15:00,13.4,67.6,4.1,0,973,1024,72.5,,
883,2024-11-19 16:00,12.8,111.9,2.9,0,973.2,1024.4,74.4,,
883,2024-11-19 17:00,11.9,50.3,1.1,0,973.3,1024.7,80.7,,
883,2024-11-19 18:00,11.1,115.5,2,0,973.4,1025,84.1,,
883,2024-11-19 19:00,10.8,0,.4,0,973.9,1025.6,86.8,,
883,2024-11-19 20:00,10.8,154.9,1.4,0,973.6,1025.3,86.3,,
883,2024-11-19 21:00,10.8,124.9,1.2,0,973.5,1025.2,86.5,,
883,2024-11-19 22:00,10.4,25.5,2.9,0,973.5,1025.3,87.9,,
883,2024-11-19 23:00,10,31.3,3.4,0,973.2,1025.1,94.8,,
883,2024-11-20 00:00,9.7,39,3,0,973.2,1025.2,95.2,,
883,2024-11-20 01:00,9.6,45.9,2.5,0,973,1025,94.7,,
883,2024-11-20 02:00,9.1,34.5,3.8,0,972.5,1024.6,96.8,,
883,2024-11-20 03:00,8.9,46.1,3.1,0,972.2,1024.1,97.3,,
883,2024-11-20 04:00,9,49.4,3,0,972.1,1024.2,96.8,,
883,2024-11-20 05:00,8.7,28.1,5,.5,972.2,1024.2,97.9,,
883,2024-11-20 06:00,8.6,46,3.5,.5,971.6,1023.6,98.4,,
883,2024-11-20 07:00,8.6,36.3,4,.5,971.9,1023.9,98.7,,
883,2024-11-20 08:00,8.6,46,2.9,0,971.9,1023.9,99,,
883,2024-11-20 09:00,8.9,25.3,4.7,.5,972.1,1024,99.1,,
883,2024-11-20 10:00,8.4,39.7,4.3,0,972.4,1024.4,99.2,,
883,2024-11-20 11:00,8,29.4,5.6,.5,972.3,1024.4,98.9,,
883,2024-11-20 12:00,8.3,31.8,5.5,0,970.9,1022.9,98.7,,
883,2024-11-20 13:00,8,48,4.2,0,970.3,1022.3,91.9,,
883,2024-11-20 14:00,8.4,39.1,4.6,0,969.9,1021.8,83.7,,
883,2024-11-20 15:00,8.4,48.1,3.9,0,969.8,1021.7,75.2,,
883,2024-11-20 16:00,7.8,55.5,4,0,969.6,1021.6,80.2,,
883,2024-11-20 17:00,7.6,60.6,5.3,0,969.6,1021.7,71.9,,
883,2024-11-20 18:00,7.8,59.9,5.2,0,969.6,1021.6,72.3,,
883,2024-11-20 19:00,7.7,56.5,4.4,0,969.9,1022,74.9,,
883,2024-11-20 20:00,7.8,60.1,4.6,0,970,1022.1,77,,
883,2024-11-20 21:00,7.3,60.3,4,0,970,1022.2,81,,
883,2024-11-20 22:00,7.4,56.3,4,0,970.3,1022.5,82.9,,
883,2024-11-20 23:00,7.4,57.6,3.9,0,970.1,1022.3,84.1,,
883,2024-11-21 00:00,7.4,43.5,4.2,0,969.8,1021.9,86.7,,
883,2024-11-21 01:00,7.5,52.4,4.8,0,969.5,1021.6,85.6,,
883,2024-11-21 02:00,7.6,52.6,4.6,0,969.4,1021.5,84.4,,
883,2024-11-21 03:00,7.7,48.1,4.8,0,969.4,1021.5,87.3,,
883,2024-11-21 04:00,8,50.2,4.2,0,969.4,1021.4,86.5,,
883,2024-11-21 05:00,8.1,61.4,4.1,0,969.5,1021.5,83.7,,
883,2024-11-21 06:00,7.8,72.6,4.7,0,969.5,1021.5,83.4,,
883,2024-11-21 07:00,8.3,95.3,5.7,0,970,1021.9,80,,
883,2024-11-21 08:00,8.8,69.5,4,0,970.4,1022.2,79.1,,
883,2024-11-21 09:00,9.9,74,4.4,0,970.7,1022.5,74.9,,
883,2024-11-21 10:00,11.5,37,4.5,0,970.7,1022.1,65.7,,
883,2024-11-21 11:00,12.9,37,5.3,0,970.7,1021.7,60.5,,
883,2024-11-21 12:00,13.2,23.6,5.8,0,970,1020.9,58.5,,
883,2024-11-21 13:00,13.3,32.9,4.5,0,969.3,1020.2,55.2,,
883,2024-11-21 14:00,12.8,307.3,3.3,0,969,1020,53.2,,
883,2024-11-21 15:00,12.8,24.7,4.5,0,969.1,1020.1,60.7,,
883,2024-11-21 16:00,11.5,19.5,5.1,0,969.2,1020.5,68.5,,
883,2024-11-21 17:00,10.2,26.8,4.5,0,969.2,1020.8,79.4,,
883,2024-11-21 18:00,8.9,35.4,3,0,969.4,1021.2,85.4,,
883,2024-11-21 19:00,9.3,39.5,2.4,0,970,1021.9,84.6,,
883,2024-11-21 20:00,9.7,28,3,0,969.9,1021.7,84.5,,
883,2024-11-21 21:00,9.2,35.9,3.3,0,970.3,1022.3,78.7,,
883,2024-11-21 22:00,9.2,28.2,3.9,0,970.6,1022.6,79.1,,
883,2024-11-21 23:00,8.8,26.8,3.5,0,970.8,1022.7,74.5,,
883,2024-11-22 00:00,8.2,26.2,3.1,0,970.5,1022.5,77.8,,
883,2024-11-22 01:00,8.7,33.4,3.8,0,970.3,1022.2,70.3,,
883,2024-11-22 02:00,8,24.6,3.5,0,970.2,1022.2,75.9,,
883,2024-11-22 03:00,7.8,26.5,3.8,0,970.2,1022.3,76.3,,
883,2024-11-22 04:00,7.9,32,4.3,0,969.9,1021.9,70.8,,
883,2024-11-22 05:00,7.9,28.2,3.2,0,969.7,1021.7,74.6,,
883,2024-11-22 06:00,7.3,27.6,2.8,0,969.9,1022.1,77.2,,
883,2024-11-22 07:00,8.1,31.3,3.4,0,969.9,1021.9,75.2,,
883,2024-11-22 08:00,9.9,27.2,5.2,0,970.6,1022.4,81.2,,
883,2024-11-22 09:00,10.5,27.3,5.4,0,970.9,1022.5,76.5,,
883,2024-11-22 10:00,11.3,28.3,5.9,0,971.4,1022.9,68,,
883,2024-11-22 11:00,12.2,26.4,7.7,0,971.1,1022.3,58.1,,
883,2024-11-22 12:00,12.3,25.6,8.7,0,970.5,1021.7,67.2,,
883,2024-11-22 13:00,11.2,29.6,8.5,0,970.1,1021.5,66.3,,
883,2024-11-22 14:00,10.9,31.9,8.3,0,969.9,1021.4,62.3,,
883,2024-11-22 15:00,10.7,28.2,8.7,0,969.7,1021.2,66.7,,
883,2024-11-22 16:00,10.6,35.5,7.1,0,970.2,1021.8,64,,
883,2024-11-22 17:00,8.8,25.6,6.5,0,970.1,1021.9,72.9,,
883,2024-11-22 18:00,7.2,34.1,5.4,0,970.4,1022.6,78.2,,
883,2024-11-22 19:00,7,34.8,3.9,0,971.2,1023.5,82,,
883,2024-11-22 20:00,6.8,37.7,4.4,0,971.4,1023.8,82.5,,
883,2024-11-22 21:00,6.4,39.8,3.9,0,971.6,1024.1,82.9,,
883,2024-11-22 22:00,6.3,49.4,3.6,0,972,1024.5,84.2,,
883,2024-11-22 23:00,5.7,55.6,3.5,0,972.1,1024.8,81.8,,
883,2024-11-23 00:00,5.8,53,4.5,0,972.1,1024.8,83.1,,
883,2024-11-23 01:00,5.6,59.4,4.2,0,971.8,1024.5,81.9,,
883,2024-11-23 02:00,5.5,67.3,5,0,972,1024.7,81.9,,
883,2024-11-23 03:00,5.7,66.7,4.5,0,972.2,1024.9,81.8,,
883,2024-11-23 04:00,6,47,3.4,0,972.1,1024.7,82.6,,
883,2024-11-23 05:00,6,47.4,3.4,0,972.5,1025.1,85.3,,
883,2024-11-23 06:00,5.5,47.2,3.6,0,972.7,1025.5,86.1,,
883,2024-11-23 07:00,5.4,57.7,4.3,0,973,1025.8,83.9,,
883,2024-11-23 08:00,5.6,57.1,3.7,0,973.9,1026.7,82.7,,
883,2024-11-23 09:00,7.4,48.8,4.6,0,974.4,1026.8,75.3,,
883,2024-11-23 10:00,9.2,37.5,5.3,0,974.7,1026.9,67.9,,
883,2024-11-23 11:00,10.3,31.6,5.3,0,974.5,1026.4,64.7,,
883,2024-11-23 12:00,9.9,31,5.7,0,974.2,1026.2,64.6,,
883,2024-11-23 13:00,10.6,36.8,5.8,0,973.2,1024.9,62.5,,
883,2024-11-23 14:00,10,33.6,5.8,0,973.1,1025,62.9,,
883,2024-11-23 15:00,9.8,27.6,5.7,0,972.9,1024.8,61.3,,
883,2024-11-23 16:00,8.7,30.7,5.7,0,973.1,1025.1,67.8,,
883,2024-11-23 17:00,7.6,28.5,4.6,0,973.3,1025.6,69.9,,
883,2024-11-23 18:00,6.6,38.5,3.4,0,973.6,1026.2,77,,
883,2024-11-23 19:00,6.1,65.8,4,0,973.6,1026.3,78.2,,
883,2024-11-23 20:00,6.1,68.6,4,0,973.8,1026.5,77,,
883,2024-11-23 21:00,6.4,71.1,3.5,0,974,1026.6,77.9,,
883,2024-11-23 22:00,7,69.3,2.8,0,974.5,1027,75.8,,
883,2024-11-23 23:00,6.8,65.5,3.2,0,974.6,1027.2,76.3,,
883,2024-11-24 00:00,5,84.2,3.3,0,974.4,1027.4,81.5,,
883,2024-11-24 01:00,5.1,83.1,3.1,0,974.2,1027.2,82.3,,
883,2024-11-24 02:00,4.8,68.6,3.8,0,974.5,1027.6,87.4,,
883,2024-11-24 03:00,4.9,77.8,3.9,0,974.7,1027.7,87.8,,
883,2024-11-24 04:00,4.9,77,3.6,0,974.4,1027.4,87.2,,
883,2024-11-24 05:00,5.5,69,3.6,0,974.3,1027.2,86.8,,
883,2024-11-24 06:00,5.6,104.2,4.5,0,974.3,1027.1,86.2,,
883,2024-11-24 07:00,5.7,108.2,4.6,0,974.8,1027.6,86.8,,
883,2024-11-24 08:00,6.6,100.1,4.2,0,975.1,1027.7,84,,
883,2024-11-24 09:00,9.8,95.8,2.6,0,975.9,1028,78.4,,
883,2024-11-24 10:00,12.2,33,2.6,0,976.1,1027.6,72,,
883,2024-11-24 11:00,12,41.4,4.7,0,975.9,1027.4,80,,
883,2024-11-24 12:00,12.7,38.9,4.3,0,975,1026.3,77.3,,
883,2024-11-24 13:00,11.1,44.7,5,0,974.4,1026.1,85.7,,
883,2024-11-24 14:00,10.9,32.2,4.8,0,974,1025.7,92.9,,
883,2024-11-24 15:00,9.8,38,3.4,0,974,1026,96.4,,
883,2024-11-24 16:00,10.4,31.3,2.4,0,974,1025.8,98,,
883,2024-11-24 17:00,11.5,133.7,.7,0,974.1,1025.7,84.5,,
883,2024-11-24 18:00,10.1,85.8,2.8,0,974.6,1026.6,91.3,,
883,2024-11-24 19:00,9,98.4,2.8,0,975.2,1027.5,90.5,,
883,2024-11-24 20:00,9.1,103.6,3.2,0,975.4,1027.7,85.7,,
883,2024-11-24 21:00,8.2,92.8,3,0,975.1,1027.3,88.4,,
883,2024-11-24 22:00,10.6,124.5,4.2,0,975.4,1027.3,77.2,,
883,2024-11-24 23:00,11.3,129.3,5,0,975.2,1026.9,66.8,,
883,2024-11-25 00:00,11.5,140.4,5.1,0,975.5,1027.1,74.1,,
883,2024-11-25 01:00,11.9,133.2,6.1,0,975.1,1026.6,79.8,,
883,2024-11-25 02:00,11.7,129.6,5.8,0,974.7,1026.2,76.5,,
883,2024-11-25 03:00,12.3,141.4,6.6,0,974,1025.4,65.8,,
883,2024-11-25 04:00,11.4,141.3,4.6,0,973.7,1025.3,67.6,,
883,2024-11-25 05:00,11.7,138.1,7.1,0,973.2,1024.7,65.7,,
883,2024-11-25 06:00,11.9,133.1,9.1,0,973.1,1024.5,64.2,,
883,2024-11-25 07:00,12,139,5.9,0,973.2,1024.6,70.7,,
883,2024-11-25 08:00,12.3,142.2,3.3,0,974.1,1025.5,68.4,,
883,2024-11-25 09:00,14.2,130.8,3.7,0,974,1025.1,61.2,,
883,2024-11-25 10:00,15,126.9,5,0,973.6,1024.5,61,,
883,2024-11-25 11:00,14.8,144.9,6.6,0,973.7,1024.6,65.7,,
883,2024-11-25 12:00,14.6,136.2,7.4,0,972.4,1023.3,64.4,,
883,2024-11-25 13:00,14.9,174.4,7.2,0,971.1,1021.9,62.4,,
883,2024-11-25 14:00,14.5,135,10,0,969.8,1020.6,59,,
883,2024-11-25 15:00,14.2,132.9,7.5,0,968.6,1019.5,52.4,,
883,2024-11-25 16:00,13.7,146.8,7.2,0,968.3,1019,50.8,,
883,2024-11-25 17:00,14.3,142.4,5.3,0,967.5,1018.3,51.8,,
883,2024-11-25 18:00,11.4,146.6,9,0,967.8,1019.1,84.4,,
883,2024-11-25 19:00,12.4,122.4,9.3,.5,967,1018,84,,
883,2024-11-25 20:00,13.3,146.8,10.6,.5,965,1015.6,90.1,,
883,2024-11-25 21:00,14.1,167.3,9.8,3.5,965,1015.7,95.7,,
883,2024-11-25 22:00,14.5,176.5,7.9,9,964.6,1015.2,97.1,,
883,2024-11-25 23:00,14.5,188,7.4,3.5,964,1014.5,97.3,,
883,2024-11-26 00:00,13.9,207.7,5.2,6.5,963.6,1014,98.2,,
883,2024-11-26 01:00,14.7,235.4,6.9,5.5,963,1013.4,98.5,,
883,2024-11-26 02:00,13.7,266.6,3.6,1,963.2,1013.6,98.9,,
883,2024-11-26 03:00,13.3,273,3.7,0,963.1,1013.6,99,,
883,2024-11-26 04:00,11.8,306.3,5.6,3.5,962.7,1013.6,99,,
883,2024-11-26 05:00,10.9,308.1,7.9,1,963.3,1014.4,99.1,,
883,2024-11-26 06:00,9.8,290.1,7.1,2.5,963.7,1015.1,99.1,,
883,2024-11-26 07:00,9.1,242.7,3.8,3,964,1015.6,98.7,,
883,2024-11-26 08:00,9.1,270.2,4.3,1.5,965.1,1016.8,93.9,,
883,2024-11-26 09:00,9.1,261.2,3.4,0,966.1,1017.9,90.9,,
883,2024-11-26 10:00,8.7,41.1,4.9,0,966.6,1018.3,81.3,,
883,2024-11-26 11:00,8.4,299.3,8,0,967,1018.8,72.2,,
883,2024-11-26 12:00,8.2,289.3,6.1,0,966.4,1018.2,61.5,,
883,2024-11-26 13:00,7.6,60.8,4.3,0,966,1017.9,64.3,,
883,2024-11-26 14:00,7.3,43,4.6,0,965.8,1017.8,69.3,,
883,2024-11-26 15:00,7.4,282.9,3,0,965.6,1017.5,65.6,,
883,2024-11-26 16:00,7.2,253.8,3.8,0,966,1018,73.5,,
883,2024-11-26 17:00,6.5,264.7,4.5,0,966.4,1018.6,75.4,,
883,2024-11-26 18:00,6.3,281.1,3.7,0,965.9,1018.1,71.2,,
883,2024-11-26 19:00,6,29.6,3.9,0,966.6,1018.9,71.6,,
883,2024-11-26 20:00,5.8,29.6,3.5,0,966.6,1019,68.2,,
883,2024-11-26 21:00,5.6,57.1,3.6,0,966.7,1019.1,65.8,,
883,2024-11-26 22:00,5.9,292.6,3.3,0,966.4,1018.7,66,,
883,2024-11-26 23:00,6.1,314.8,5.4,0,966.1,1018.4,72.3,,
883,2024-11-27 00:00,6.6,303.2,6.3,0,965.8,1017.9,61.6,,
883,2024-11-27 01:00,6.4,290.6,5.2,0,965.1,1017.2,57,,
883,2024-11-27 02:00,6.5,287.6,5,0,964.9,1017,65.2,,
883,2024-11-27 03:00,6.5,292,5.9,0,964.5,1016.6,60.8,,
883,2024-11-27 04:00,6.6,304.4,5.7,0,964.1,1016.1,64.3,,
883,2024-11-27 05:00,6.7,306.2,5.5,0,964,1016,63.8,,
883,2024-11-27 06:00,6.7,300.2,5.4,0,964,1016,59.2,,
883,2024-11-27 07:00,5.7,313.9,5.1,0,964,1016.3,80.5,,
883,2024-11-27 08:00,4.8,312.4,5.3,0,964.5,1017,87.4,,
883,2024-11-27 09:00,4.1,264.3,2.5,1,964.5,1017.2,88.8,,
883,2024-11-27 10:00,5.4,268.1,6.2,0,964.8,1017.2,74.5,,
883,2024-11-27 11:00,3.1,287.6,9.6,1.5,965.2,1018,93.4,,
883,2024-11-27 12:00,5.7,295.6,6.5,0,964.3,1016.6,72.6,,
883,2024-11-27 13:00,5.5,314.9,9.4,0,963.6,1015.9,62.3,,
883,2024-11-27 14:00,4.7,316.2,7.5,0,963.1,1015.6,73.9,,
883,2024-11-27 15:00,3.9,302.8,6.7,0,963.3,1015.8,85.4,,
883,2024-11-27 16:00,3.8,314.3,8.2,.5,963.8,1016.4,85.9,,
883,2024-11-27 17:00,4.2,303.9,6.6,0,964,1016.6,80.7,,
883,2024-11-27 18:00,4,288.6,8.1,0,964.3,1017,80.7,,
883,2024-11-27 19:00,4.5,286.4,7.8,.5,964.9,1017.5,73.8,,
883,2024-11-27 20:00,3.3,291.3,7.4,0,965.3,1018.1,79.5,,
883,2024-11-27 21:00,3.7,313.9,8.5,0,965.5,1018.2,75.8,,
883,2024-11-27 22:00,3.1,314.7,7.1,1.5,965.6,1018.4,84,,
883,2024-11-27 23:00,3,298.3,5.9,1,965.5,1018.3,88.4,,
883,2024-11-28 00:00,2.1,307.5,7.1,2,965.8,1018.9,91.6,,
883,2024-11-28 01:00,3.3,290.3,4.1,1.5,964.8,1017.5,87.7,,
883,2024-11-28 02:00,3.6,272.5,4.6,1,964.6,1017.3,92.3,,
883,2024-11-28 03:00,4.8,286.6,5.8,0,964,1016.5,77,,
883,2024-11-28 04:00,4.1,287.1,7.4,0,964.2,1016.9,83.6,,
883,2024-11-28 05:00,3.7,55,3,.5,963.9,1016.5,87.9,,
883,2024-11-28 06:00,4.8,312,6.5,0,964,1016.5,55.5,,
883,2024-11-28 07:00,4.9,307.1,4.3,0,964,1016.5,63.5,,
883,2024-11-28 08:00,4.8,293.1,4,0,964.6,1017.1,76.2,,
883,2024-11-28 09:00,6,303.8,2.9,.5,964.4,1016.6,80.2,,
883,2024-11-28 10:00,6,317.6,4.2,0,964.7,1016.9,84.2,,
883,2024-11-28 11:00,6.2,282,8.3,0,964.9,1017.1,74.1,,
883,2024-11-28 12:00,5,293.2,6.6,.5,964,1016.4,84.4,,
883,2024-11-28 13:00,4.3,304.5,5.7,1,962.9,1015.4,91.3,,
883,2024-11-28 14:00,6.6,303.5,4.1,.5,961.7,1013.6,84.3,,
883,2024-11-28 15:00,6.7,312.6,10.6,0,961.6,1013.5,67.6,,
883,2024-11-28 16:00,5.3,301.5,4.7,2.5,961.9,1014.1,93,,
883,2024-11-28 17:00,5.6,307,6.5,2,961.8,1014,85.6,,
883,2024-11-28 18:00,4.5,309.1,5.6,1,962.2,1014.7,92.2,,
883,2024-11-28 19:00,5.6,295.6,3.7,1,962.4,1014.6,76.5,,
883,2024-11-28 20:00,5.8,283.4,4.9,0,962.9,1015.1,73.3,,
883,2024-11-28 21:00,6,261,5.5,0,963.4,1015.5,62.3,,
883,2024-11-28 22:00,4.2,53.8,5.8,0,963.9,1016.5,85.4,,
883,2024-11-28 23:00,5.2,49.9,4.4,0,963.2,1015.5,69.6,,
883,2024-11-29 00:00,4.8,296.4,5.9,0,963.3,1015.7,73.1,,
883,2024-11-29 01:00,4.5,42.9,4,0,962.4,1014.9,79.1,,
883,2024-11-29 02:00,3.4,46,4.9,1.5,962.7,1015.3,91.5,,
883,2024-11-29 03:00,3.6,41.2,3.9,.5,962.1,1014.6,89.5,,
883,2024-11-29 04:00,4.9,294.6,5.5,0,962.1,1014.5,72.6,,
883,2024-11-29 05:00,4.7,46.4,5,0,961.9,1014.3,71.2,,
883,2024-11-29 06:00,4,99.8,3,.5,962.6,1015.2,82.2,,
883,2024-11-29 07:00,4.5,265.6,3.6,.5,962.5,1015,78.8,,
883,2024-11-29 08:00,5,316.7,7.3,0,963.4,1015.8,69.8,,
883,2024-11-29 09:00,5.3,295.4,6.1,0,963.8,1016.1,66.2,,
883,2024-11-29 10:00,5.4,295.8,6.8,0,964,1016.3,60.5,,
883,2024-11-29 11:00,5.7,293.6,6.3,0,963.9,1016.2,61.1,,
883,2024-11-29 12:00,6.7,301.2,7.1,0,963.1,1015.1,57.6,,
883,2024-11-29 13:00,6.5,290,8.2,0,962.4,1014.4,60.6,,
883,2024-11-29 14:00,7.2,288,8.3,0,962.2,1014,54.1,,
883,2024-11-29 15:00,6.3,286.4,8.2,0,962.1,1014.1,63.5,,
883,2024-11-29 16:00,6.3,64.5,4.6,0,962.2,1014.2,69.5,,
883,2024-11-29 17:00,6.4,40.9,6.2,0,962.8,1014.8,60.6,,
883,2024-11-29 18:00,6.7,68.7,4.9,0,963.2,1015.2,55.7,,
883,2024-11-29 19:00,7,35.8,7.1,0,963.4,1015.3,62.6,,
883,2024-11-29 20:00,7.5,44.7,5.8,0,964.2,1016,60.9,,
883,2024-11-29 21:00,7.9,42.1,5.8,0,964.6,1016.3,60.8,,
883,2024-11-29 22:00,7.9,35.2,5.6,0,965.1,1016.9,63,,
883,2024-11-29 23:00,8.1,45.3,5.3,0,965.1,1016.8,51.4,,
883,2024-11-30 00:00,8.3,7.4,5.3,0,964.9,1016.6,55.3,,
883,2024-11-30 01:00,7.4,22.8,4.5,0,964.8,1016.7,56.1,,
883,2024-11-30 02:00,7.8,34.9,4.6,0,964.7,1016.5,59.1,,
883,2024-11-30 03:00,8,33.2,4.5,0,964.8,1016.5,59,,
883,2024-11-30 04:00,8.3,32.4,4.3,0,964.8,1016.5,63.1,,
883,2024-11-30 05:00,8,37.8,4.7,0,964.9,1016.6,64.7,,
883,2024-11-30 06:00,7.6,32.9,5.4,0,964.9,1016.7,77.1,,
883,2024-11-30 07:00,6.3,23.1,4,0,965.6,1017.8,78.9,,
883,2024-11-30 08:00,6.3,23.8,3.6,0,966.2,1018.4,81.3,,
883,2024-11-30 09:00,8,26.5,5,0,966.6,1018.4,71.6,,
883,2024-11-30 10:00,9.2,25.2,5.3,0,966.9,1018.7,68.6,,
883,2024-11-30 11:00,10.2,29,4.9,0,966.8,1018.3,63.3,,
883,2024-11-30 12:00,10.5,25.2,5.5,0,966.1,1017.5,62.2,,
883,2024-11-30 13:00,10.6,28.6,5.2,0,965.5,1016.8,62,,
883,2024-11-30 14:00,10.8,29.6,5.6,0,964.9,1016.2,,,
883,2024-11-30 15:00,10.4,32.1,4.8,0,964.5,1015.8,,,
883,2024-11-30 16:00,9.4,28.7,5.7,0,964.3,1015.9,,,
883,2024-11-30 17:00,7.8,32.4,5.1,0,964.3,1016.1,,,
883,2024-11-30 18:00,6.5,58.9,2.8,0,964.9,1017,,,
883,2024-11-30 19:00,5.7,91.8,.9,0,965.6,1017.9,,,
883,2024-11-30 20:00,5.3,99.6,3.7,0,965.8,1018.3,,,
883,2024-11-30 21:00,5.6,104,3.7,0,966,1018.4,,,
883,2024-11-30 22:00,5.3,112.3,3.3,0,966,1018.5,,,
883,2024-11-30 23:00,3.5,109.9,3,0,966.2,1019,,,
883,2024-12-01 00:00,3.5,100.4,3.1,0,966,1018.8,,,
883,2024-12-01 01:00,4.2,105.3,2.8,0,965.7,1018.4,,,
883,2024-12-01 02:00,4.2,104,3.7,0,965.5,1018.2,,,
883,2024-12-01 03:00,3.7,93.9,3.3,0,965.3,1018,,,
883,2024-12-01 04:00,3,100.2,3.4,0,965.3,1018.1,,,
883,2024-12-01 05:00,2.6,101.5,2.2,0,965.3,1018.2,,,
883,2024-12-01 06:00,3.3,114.3,2.8,0,965.1,1017.9,,,
883,2024-12-01 07:00,4,121.4,2.6,0,965.1,1017.8,,,
883,2024-12-01 08:00,8.5,161.1,2.4,0,965.3,1016.9,,,
883,2024-12-01 09:00,9.7,161.5,3.4,0,965.2,1016.8,,,
883,2024-12-01 10:00,11,157.8,5.4,0,965.7,1016.9,,,
883,2024-12-01 11:00,12.4,180.6,4.2,0,965.8,1016.7,,,
883,2024-12-01 12:00,12.8,183,3.2,0,964.9,1015.6,,,
883,2024-12-01 13:00,12.4,188.4,3.1,0,964.2,1015,,,
883,2024-12-01 14:00,13.5,218.4,3.1,0,963.6,1014.1,,,
883,2024-12-01 15:00,12.7,221.9,3,0,963.5,1014.2,,,
883,2024-12-01 16:00,12.7,228.4,3.3,0,963.5,1014.2,,,
883,2024-12-01 17:00,11.1,228.7,2,0,963.6,1014.7,,,
883,2024-12-01 18:00,8.2,166.5,2.6,0,963.7,1015.3,,,
883,2024-12-01 19:00,8.7,165.8,2.8,0,964.1,1015.6,,,
883,2024-12-01 20:00,9.9,173.5,2.9,0,964.2,1015.6,,,
883,2024-12-01 21:00,9.7,179.7,3.6,0,964.1,1015.6,,,
883,2024-12-01 22:00,10,175,3.4,0,964.2,1015.6,,,
883,2024-12-01 23:00,8.9,164.3,2.9,1.5,964.3,1015.8,,,
883,2024-12-02 00:00,9.7,165.3,3.7,0,964.4,1015.9,,,
883,2024-12-02 01:00,9.6,169.4,2.9,0,964.4,1015.9,,,
883,2024-12-02 02:00,8.5,180.8,.8,0,964.6,1016.2,,,
883,2024-12-02 03:00,8.2,185.7,1.4,0,964.9,1016.6,,,
883,2024-12-02 04:00,7.9,172.9,1.7,0,965.1,1016.9,,,
883,2024-12-02 05:00,9,273,1,0,965.2,1016.9,,,
883,2024-12-02 06:00,7,103.2,2,0,965.2,1017.2,,,
883,2024-12-02 07:00,6.4,95.6,2.3,,965.5,1017.7,,,
883,2024-12-02 08:00,6.3,106.6,2.4,,965.9,1018.1,,,
883,2024-12-02 09:00,11,101.9,1.5,,966.1,1017.4,77.6,,
883,2024-12-02 10:00,13.9,236.1,1.1,,966.7,1017.3,63.2,,
883,2024-12-02 11:00,14.6,260.8,2.6,,966.9,1017.5,58.4,,
883,2024-12-02 12:00,15.3,247.3,3,,966.5,1016.9,54.7,,
883,2024-12-02 13:00,15.6,257.3,2.6,,966.1,1016.4,54,,
883,2024-12-02 14:00,14.4,286.3,3.4,,966.1,1016.8,58.8,,
883,2024-12-02 15:00,15.1,265.6,3.1,,966,1016.4,62.8,,
883,2024-12-02 16:00,13.9,276.4,2.6,,966.5,1017.1,66.5,,
883,2024-12-02 17:00,12.7,283,1.6,,966.6,1017.5,62.4,,
883,2024-12-02 18:00,11.7,288.1,1.8,,966.9,1018,65.3,,
883,2024-12-02 19:00,12.1,301.9,2.5,,967.3,1018.3,76.9,,
883,2024-12-02 20:00,11.7,302.2,2.6,,967.4,1018.6,86.7,,
883,2024-12-02 21:00,11.1,40.4,2,,967.7,1019,81.7,,
883,2024-12-02 22:00,10.1,30.5,5,,967.8,1019.4,100,,
883,2024-12-02 23:00,9.2,25.5,5.4,,968.2,1020,100,,
883,2024-12-03 00:00,8.5,27.2,5.6,,968.4,1020.2,100,,
883,2024-12-03 01:00,7.8,29.1,5.9,0,968.5,1020.5,100,,
883,2024-12-03 02:00,7,30.3,6.1,0,968.3,1020.5,100,,
883,2024-12-03 03:00,5.9,30.2,5.9,0,968.5,1021,100,,
883,2024-12-03 04:00,5.8,47.7,4.1,0,968.5,1021,95.8,,
883,2024-12-03 05:00,5.3,49.2,4,0,968.7,1021.3,99.8,,
883,2024-12-03 06:00,5.2,49.7,3.5,0,968.6,1021.2,94,,
883,2024-12-03 07:00,4.7,46.5,3.6,0,969.1,1021.9,99.5,,
883,2024-12-03 08:00,5.1,41.6,4.2,0,969.7,1022.4,97.4,,
883,2024-12-03 09:00,6.2,38.8,5.4,0,969.9,1022.4,89.7,,
883,2024-12-03 10:00,6.8,29.5,6.2,0,970.6,1022.9,84,,
883,2024-12-03 11:00,7.9,38.6,5.5,0,970.4,1022.5,71.9,,
883,2024-12-03 12:00,8.7,33.9,6.9,0,970.2,1022.1,69.3,,
883,2024-12-03 13:00,8.4,30.4,6.4,0,969.4,1021.3,70.1,,
883,2024-12-03 14:00,8,28.7,6.6,0,969.3,1021.3,72.5,,
883,2024-12-03 15:00,7.3,32,6.4,0,968.9,1021,73.2,,
883,2024-12-03 16:00,6.7,30.7,7,0,968.7,1021,73.7,,
883,2024-12-03 17:00,5.8,26.4,6.6,0,969,1021.5,78.1,,
883,2024-12-03 18:00,4.8,27.5,7,0,969.1,1021.9,81.2,,
883,2024-12-03 19:00,3.5,29.8,5.1,0,969.2,1022.1,83.1,,
883,2024-12-03 20:00,3.9,38.1,5.6,0,969,1021.8,88.3,,
883,2024-12-03 21:00,2.9,57.2,4.2,0,969.5,1022.6,84.3,,
883,2024-12-03 22:00,2.4,61.1,4.2,0,970.1,1023.3,71.1,,
883,2024-12-03 23:00,2.2,56.4,4.3,0,970.7,1024,68.8,,
883,2024-12-04 00:00,2.1,52.6,5,0,970.8,1024.1,65,,
883,2024-12-04 01:00,1.9,53.6,4.4,0,970.7,1024.1,64.6,,
883,2024-12-04 02:00,1.6,51.9,4,0,970.9,1024.4,69.3,,
883,2024-12-04 03:00,1.9,49.8,5.9,0,970.2,1023.6,65.8,,
883,2024-12-04 04:00,1.6,45.4,6.2,0,969.6,1023,65.8,,
883,2024-12-04 05:00,1.7,51.1,5,0,969.8,1023.2,72.2,,
883,2024-12-04 06:00,1.8,45.1,5.8,0,969.5,1022.8,77.7,,
883,2024-12-04 07:00,2,47.1,5.5,0,969.8,1023.1,77.3,,
883,2024-12-04 08:00,2.3,64.9,5.6,0,970.5,1023.8,74.2,,
883,2024-12-04 09:00,4,50.9,4.2,0,970.9,1024,69,,
883,2024-12-04 10:00,5.2,50.3,4.4,0,970.7,1023.4,65.7,,
883,2024-12-04 11:00,6.8,34.2,5.1,0,970.8,1023.2,60.8,,
883,2024-12-04 12:00,7.5,30,6.2,0,970,1022.1,58.1,,
883,2024-12-04 13:00,8.5,27.1,7.1,0,969,1020.8,56.8,,
883,2024-12-04 14:00,7.9,26.4,6.5,0,968.7,1020.7,59.4,,
883,2024-12-04 15:00,8.2,28.1,5.1,0,968.4,1020.3,60.1,,
883,2024-12-04 16:00,6.6,26.2,6.6,0,967.9,1020.1,61.9,,
883,2024-12-04 17:00,5.8,26.9,6.6,0,967.8,1020.2,65.1,,
883,2024-12-04 18:00,4,29.5,3.1,0,968,1020.9,72.3,,
883,2024-12-04 19:00,4.6,29.5,3.8,0,968.1,1020.9,72.8,,
883,2024-12-04 20:00,4.3,33.6,2.8,0,968.4,1021.2,72,,
883,2024-12-04 21:00,4.5,25,3.1,0,968.5,1021.3,76.8,,
883,2024-12-04 22:00,4.9,22.5,2.8,0,968.9,1021.6,73.2,,
883,2024-12-04 23:00,4.6,23.3,3,0,968.3,1021.1,78.4,,
883,2024-12-05 00:00,5.6,24.7,4.2,0,968.3,1020.8,68.8,,
883,2024-12-05 01:00,5.3,27.4,3.4,0,968.1,1020.7,70.1,,
883,2024-12-05 02:00,5.2,30.3,3.2,0,968,1020.6,71.1,,
883,2024-12-05 03:00,5.3,24.5,4.8,0,967.5,1020,66.6,,
883,2024-12-05 04:00,5.6,26.2,5.5,0,967.3,1019.8,67.3,,
883,2024-12-05 05:00,5.7,26.2,4.6,0,967,1019.4,69.1,,
883,2024-12-05 06:00,6.1,30.8,4.5,0,967.3,1019.6,69,,
883,2024-12-05 07:00,6.2,30.2,4.8,0,967.3,1019.6,69.5,,
883,2024-12-05 08:00,6.3,33.3,3.7,0,967.7,1020,66.6,,
883,2024-12-05 09:00,7.2,18.1,4.1,0,967.7,1019.8,61.2,,
883,2024-12-05 10:00,7,34.7,3.8,0,968,1020.2,70.7,,
883,2024-12-05 11:00,8.1,22.4,4.1,0,968,1019.9,67,,
883,2024-12-05 12:00,9.4,36.3,4,0,967.7,1019.5,60.3,,
883,2024-12-05 13:00,8,56.2,4,0,967,1018.9,62.2,,
883,2024-12-05 14:00,8.3,354.9,3.6,0,966.5,1018.3,60.1,,
883,2024-12-05 15:00,8.1,275.7,4.3,0,966.5,1018.3,63.4,,
883,2024-12-05 16:00,7.7,40.5,3.8,0,966.6,1018.5,71,,
883,2024-12-05 17:00,7.1,15.1,3.1,0,966.7,1018.8,73.6,,
883,2024-12-05 18:00,6.8,57.4,2.3,0,967,1019.1,70.3,,
883,2024-12-05 19:00,7,47.5,3,0,967.2,1019.3,68.2,,
883,2024-12-05 20:00,6.7,47.2,3.2,0,967.4,1019.6,64.1,,
883,2024-12-05 21:00,6.7,42.2,3.3,0,967.8,1020,64.8,,
883,2024-12-05 22:00,6.2,26.1,3.2,0,967.8,1020.1,65.5,,
883,2024-12-05 23:00,5.9,26.3,4,0,967.5,1019.9,68.8,,
883,2024-12-06 00:00,6.3,23,3.6,0,967.5,1019.8,66.5,,
883,2024-12-06 01:00,6.8,25.7,4.3,0,967.6,1019.8,62.6,,
883,2024-12-06 02:00,6.9,27.1,3.6,0,967.5,1019.6,64.2,,
883,2024-12-06 03:00,7.1,41.2,4.5,0,967.6,1019.7,63.2,,
883,2024-12-06 04:00,7.3,22.8,4.2,0,967.8,1019.9,60.6,,
883,2024-12-06 05:00,6.3,42.9,3.2,0,967.7,1020,66.2,,
883,2024-12-06 06:00,6.4,34.3,4.7,0,967.6,1019.9,67.5,,
883,2024-12-06 07:00,5,33.3,3,0,967.5,1020.1,74.8,,
883,2024-12-06 08:00,5.7,34.6,2.6,0,968,1020.5,71.5,,
883,2024-12-06 09:00,6.8,25.2,2.7,0,968.5,1020.7,64.9,,
883,2024-12-06 10:00,8.1,25.4,3.7,0,968.8,1020.7,60,,
883,2024-12-06 11:00,9.1,20.8,3.9,0,968.8,1020.7,58.2,,
883,2024-12-06 12:00,8.9,30.5,4.9,0,968.3,1020,59.4,,
883,2024-12-06 13:00,8.4,13.1,3.6,0,968,1019.8,59.8,,
883,2024-12-06 14:00,9.4,22.6,4.8,0,967.4,1019.1,61.3,,
883,2024-12-06 15:00,9,23.8,5.4,0,968,1019.9,60.3,,
883,2024-12-06 16:00,8.4,30,4.4,0,968,1019.8,63,,
883,2024-12-06 17:00,6.9,34.1,4.9,0,968.5,1020.7,68.1,,
883,2024-12-06 18:00,6.6,13.6,3.5,0,969.1,1021.4,71,,
883,2024-12-06 19:00,6.5,30.6,4.7,0,969.6,1022,63.7,,
883,2024-12-06 20:00,6,26,5.4,0,969.4,1021.9,75.7,,
883,2024-12-06 21:00,5.4,44.9,3.8,0,970,1022.7,80.9,,
883,2024-12-06 22:00,5.1,41.5,4.4,0,969.9,1022.6,79.1,,
883,2024-12-06 23:00,4.8,56.8,4.6,0,970,1022.8,78.1,,
883,2024-12-07 00:00,4.2,50,5,0,970.1,1023.1,78.8,,
883,2024-12-07 01:00,3.9,42.3,4.6,0,970.6,1023.5,75.1,,
883,2024-12-07 02:00,4,48.9,3.6,0,971.6,1024.7,73.1,,
883,2024-12-07 03:00,3.6,57.3,5.7,0,970.8,1023.8,74.7,,
883,2024-12-07 04:00,3.4,50.1,4.7,0,970.4,1023.4,78,,
883,2024-12-07 05:00,3.2,45.2,4.3,0,970.4,1023.5,77.5,,
883,2024-12-07 06:00,3.3,63,3.6,0,970.7,1023.8,74.4,,
883,2024-12-07 07:00,2.8,60.7,3.4,0,971.1,1024.3,76.8,,
883,2024-12-07 08:00,3,71.2,3.4,0,971.8,1025,76.8,,
883,2024-12-07 09:00,5.3,95.4,3.6,0,972.1,1024.9,59.6,,
883,2024-12-07 10:00,6.9,32.9,3.1,0,972.4,1024.8,49.6,,
883,2024-12-07 11:00,7.1,35.7,2.6,0,971.4,1023.7,44.7,,
883,2024-12-07 12:00,8.3,260.5,1.8,0,971.1,1023.1,44,,
883,2024-12-07 13:00,7.3,291.3,3.6,0,971.1,1023.3,50.7,,
883,2024-12-07 14:00,8,296.9,3.8,0,969.6,1021.6,50.8,,
883,2024-12-07 15:00,7.6,310.8,2.6,0,970,1022.1,52.4,,
883,2024-12-07 16:00,6.7,312.7,3.4,0,969.7,1022,59.4,,
883,2024-12-07 17:00,5,296.1,2.1,.5,969.9,1022.7,93,,
883,2024-12-07 18:00,3.5,352.8,2.9,7,970.3,1023.3,100,,
883,2024-12-07 19:00,4.3,29.1,4.4,0,970.4,1023.4,99.8,,
883,2024-12-07 20:00,4.5,26.9,4.5,0,970.4,1023.3,87.6,,
883,2024-12-07 21:00,4.2,22.3,4.6,.5,970.8,1023.8,93.7,,
883,2024-12-07 22:00,2.5,29.5,5.3,.5,971.1,1024.4,99.9,,
883,2024-12-07 23:00,3.7,34.6,4.8,.5,971.3,1024.3,82.4,,
883,2024-12-08 00:00,2.4,22.6,6.5,0,971.5,1024.8,83.8,,
883,2024-12-08 01:00,3.5,54.8,5.6,0,971.4,1024.4,62.1,,
883,2024-12-08 02:00,2.3,30.8,7.4,0,971.5,1024.8,97.5,,
883,2024-12-08 03:00,2.2,33.9,7.3,0,971.4,1024.8,73.5,,
883,2024-12-08 04:00,2.5,32.6,8.1,0,971.4,1024.7,80.7,,
883,2024-12-08 05:00,2.6,37,8.4,0,971,1024.2,69.6,,
883,2024-12-08 06:00,2.1,29.2,8.1,0,971.4,1024.8,89.4,,
883,2024-12-08 07:00,2.4,27.6,7.5,0,972.1,1025.4,63,,
883,2024-12-08 08:00,2.8,26.3,8.5,0,972.9,1026.2,61.2,,
883,2024-12-08 09:00,3.4,27.4,7.8,0,972.6,1025.7,70.9,,
883,2024-12-08 10:00,3.6,27.1,7.7,0,973.5,1026.6,68.9,,
883,2024-12-08 11:00,4,28.8,6.8,0,974.1,1027.3,68.6,,
883,2024-12-08 12:00,3.9,26.3,8.8,0,973.6,1026.7,71.6,,
883,2024-12-08 13:00,4,31.6,7.8,0,972.6,1025.8,70.8,,
883,2024-12-08 14:00,3.8,27.2,8.4,0,972.3,1025.3,72.3,,
883,2024-12-08 15:00,4,29.4,7.7,0,972.1,1025.2,72,,
883,2024-12-08 16:00,4.3,30.6,7.3,0,971.8,1024.8,67.3,,
883,2024-12-08 17:00,3.8,30.3,7.8,0,971.9,1024.9,68.8,,
883,2024-12-08 18:00,3.9,29,6.8,0,972.1,1025.1,71.6,,
883,2024-12-08 19:00,3.9,28.1,7.3,0,972.5,1025.5,76,,
883,2024-12-08 20:00,3.6,28.3,5.3,0,972.9,1026,77.4,,
883,2024-12-08 21:00,3.7,27.8,5.5,0,972.9,1026,76.9,,
883,2024-12-08 22:00,3.7,46.6,4.1,0,972.8,1025.9,80.7,,
883,2024-12-08 23:00,3.3,35.9,5,0,972.9,1026.1,86.8,,
883,2024-12-09 00:00,3.1,59,5.8,0,972.3,1025.5,85.9,,
883,2024-12-09 01:00,3.1,60.6,4.6,0,972.4,1025.6,80.9,,
883,2024-12-09 02:00,3.5,56.5,4.1,0,972.7,1025.8,79.6,,
883,2024-12-09 03:00,3.8,52.7,3.4,0,972.7,1025.7,79.6,,
883,2024-12-09 04:00,4,39.2,3.5,0,972.6,1025.8,82.9,,
883,2024-12-09 05:00,4.3,26.7,3.2,0,972.3,1025.4,78.4,,
883,2024-12-09 06:00,4.7,28,3.3,0,972.2,1025.2,76.2,,
883,2024-12-09 07:00,4.9,24.5,4.3,0,972.7,1025.6,86.5,,
883,2024-12-09 08:00,4.6,39,3.5,0,972.8,1025.8,88.3,,
883,2024-12-09 09:00,5,34.5,4.5,0,972.9,1025.8,83.3,,
883,2024-12-09 10:00,5.5,29.9,4.7,0,973.2,1026,72.5,,
883,2024-12-09 11:00,5.9,25.6,4.4,0,973.2,1025.9,69.2,,
883,2024-12-09 12:00,6.5,27.9,4.7,0,972.8,1025.3,64.8,,
883,2024-12-09 13:00,6.5,30,5.6,0,971.7,1024.2,64.4,,
883,2024-12-09 14:00,6.8,23.9,4.6,0,970.9,1023.3,67.4,,
883,2024-12-09 15:00,6.8,28.9,4.7,0,970.4,1022.7,67.4,,
883,2024-12-09 16:00,6.2,338.7,3.3,0,970.8,1023.3,64.6,,
883,2024-12-09 17:00,5.3,39,4.1,0,970.8,1023.5,68.3,,
883,2024-12-09 18:00,4.9,40.4,3.1,0,970.5,1023.3,71.8,,
883,2024-12-09 19:00,4.2,28.6,3.5,0,970.6,1023.6,74.2,,
883,2024-12-09 20:00,4.4,38.1,3.6,0,970.4,1023.3,74.5,,
883,2024-12-09 21:00,3.9,32.7,3.2,0,970.9,1023.8,80.6,,
883,2024-12-09 22:00,3.6,38.4,2.7,0,970.6,1023.6,77.7,,
883,2024-12-09 23:00,4,58.1,2.4,0,971,1024.1,77.7,,
883,2024-12-10 00:00,4.3,60,2.7,0,970.7,1023.7,75.7,,
883,2024-12-10 01:00,4.2,34.3,2.9,0,970.5,1023.5,80.4,,
883,2024-12-10 02:00,4,37.9,3.4,0,970.5,1023.5,79.3,,
883,2024-12-10 03:00,4.2,39.8,3.1,0,970.6,1023.6,75.7,,
883,2024-12-10 04:00,4.1,25.7,3,0,970.8,1023.8,79.5,,
883,2024-12-10 05:00,4.3,28,4.3,0,970.6,1023.6,76.2,,
883,2024-12-10 06:00,4.6,31.9,4.1,0,971,1023.9,71.4,,
883,2024-12-10 07:00,4.3,28,4,0,971,1024,71.2,,
883,2024-12-10 08:00,4.6,36.3,3,0,971.2,1024.1,70.3,,
883,2024-12-10 09:00,5.6,25.9,5.7,0,971.3,1024,67,,
883,2024-12-10 10:00,6.8,28.6,6.6,0,971.1,1023.5,59.6,,
883,2024-12-10 11:00,7.5,53.4,5.3,0,970.9,1023.1,61.3,,
883,2024-12-10 12:00,8.6,40,5.3,0,970,1021.9,58.2,,
883,2024-12-10 13:00,8.2,35.8,5.4,0,969.4,1021.3,60.3,,
883,2024-12-10 14:00,8.4,33,5.6,0,969.1,1021,56.7,,
883,2024-12-10 15:00,7.9,27.8,6.4,0,968.8,1020.8,61,,
883,2024-12-10 16:00,6.6,31.1,6.9,0,968.9,1021.2,68.8,,
883,2024-12-10 17:00,5.8,26.1,5,0,969.3,1021.8,74.9,,
883,2024-12-10 18:00,5.2,26.8,5.3,0,969.3,1022,78.1,,
883,2024-12-10 19:00,4.6,55.4,2.8,0,969.4,1022.2,77.5,,
883,2024-12-10 20:00,3.9,47.7,3.3,0,969.5,1022.4,78.2,,
883,2024-12-10 21:00,3.6,64.3,4.4,0,969.3,1022.2,80.7,,
883,2024-12-10 22:00,4,62.9,3.7,0,969.4,1022.4,79.7,,
883,2024-12-10 23:00,4.3,53.8,3,0,969.3,1022.2,79.3,,
883,2024-12-11 00:00,4.1,38.6,2.9,0,969.7,1022.7,82.4,,
883,2024-12-11 01:00,4.2,43.5,4.2,0,969.3,1022.2,81.2,,
883,2024-12-11 02:00,4.2,48.9,4.9,0,968.6,1021.5,70.7,,
883,2024-12-11 03:00,4.4,53.3,4.6,0,968.6,1021.4,76.2,,
883,2024-12-11 04:00,4.5,47.7,4.6,0,968.6,1021.4,80,,
883,2024-12-11 05:00,4.5,58,4.2,0,968.5,1021.3,83.9,,
883,2024-12-11 06:00,4.4,50,4.6,0,968.4,1021.2,87,,
883,2024-12-11 07:00,4.5,52,5.1,0,968.4,1021.2,88.1,,
883,2024-12-11 08:00,4.5,47.2,5.2,0,968.4,1021.2,87.3,,
883,2024-12-11 09:00,5.1,45.8,5.5,0,968.7,1021.4,83.8,,
883,2024-12-11 10:00,5.9,42.5,5.3,0,969.3,1021.8,76.4,,
883,2024-12-11 11:00,6.5,42.1,5.9,0,969.1,1021.4,72.1,,
883,2024-12-11 12:00,7.6,38.8,6.2,0,968,1020,69.3,,
883,2024-12-11 13:00,7.7,29.3,7.6,0,967.6,1019.6,67.6,,
883,2024-12-11 14:00,6.1,33.4,7.1,0,967,1019.3,70.5,,
883,2024-12-11 15:00,6.1,32,6.9,0,966.4,1018.7,61.9,,
883,2024-12-11 16:00,6.4,31.2,6.9,0,967,1019.2,63.8,,
883,2024-12-11 17:00,5.4,32.3,5.4,0,967.5,1020,70.6,,
883,2024-12-11 18:00,4.2,43.4,3.7,0,967.6,1020.4,79.6,,
883,2024-12-11 19:00,3.9,37.5,5.2,0,968.3,1021.1,72.9,,
883,2024-12-11 20:00,4.3,38.4,4.3,0,968.9,1021.8,76.2,,
883,2024-12-11 21:00,4.2,34.4,5.9,0,969,1021.9,82.2,,
883,2024-12-11 22:00,4.1,39.8,5.8,0,969.1,1022,90,,
883,2024-12-11 23:00,3.8,48.8,5.8,0,969.9,1022.8,88.6,,
883,2024-12-12 00:00,3.6,48.9,5.3,0,970.2,1023.2,88.7,,
883,2024-12-12 01:00,3.6,35.6,6.1,0,970.1,1023.1,83.2,,
883,2024-12-12 02:00,3,29.9,7.3,0,970.3,1023.4,84.4,,
883,2024-12-12 03:00,2.9,33.9,6.5,0,970.5,1023.6,87.2,,
883,2024-12-12 04:00,2.4,29.7,6,0,970.5,1023.8,89.4,,
883,2024-12-12 05:00,2,33.4,5.5,0,970.6,1024,92,,
883,2024-12-12 06:00,2.9,52.9,4.7,0,971,1024.2,88.2,,
883,2024-12-12 07:00,3.2,31.7,5.9,0,971.3,1024.4,86.1,,
883,2024-12-12 08:00,3.1,33.9,5.8,0,971.1,1024.2,80.7,,
883,2024-12-12 09:00,4.4,31.8,6.2,0,971.5,1024.5,75.4,,
883,2024-12-12 10:00,5.4,33.2,6.5,0,971.8,1024.6,70.6,,
883,2024-12-12 11:00,5.2,38.7,6.5,0,971.7,1024.5,68,,
883,2024-12-12 12:00,6.5,30.3,6.8,0,971.2,1023.6,59.4,,
883,2024-12-12 13:00,6.9,27.8,7.4,0,970.7,1023,58,,
883,2024-12-12 14:00,6.6,26.5,7.9,0,970.4,1022.8,60.3,,
883,2024-12-12 15:00,6.2,33.4,6.5,0,970.3,1022.8,62.6,,
883,2024-12-12 16:00,5.4,28.4,7.3,0,970.6,1023.3,66.5,,
883,2024-12-12 17:00,4.3,28.2,5.9,0,970.9,1023.9,71,,
883,2024-12-12 18:00,3.6,35.4,4,0,970.8,1023.8,79,,
883,2024-12-12 19:00,3.4,57.3,3.9,0,970.9,1023.9,81,,
883,2024-12-12 20:00,2.6,49.3,4.1,0,970.2,1023.4,80.7,,
883,2024-12-12 21:00,2.4,61.7,4.2,0,970.5,1023.8,79.7,,
883,2024-12-12 22:00,2.3,60.6,4.9,0,970.4,1023.7,83.8,,
883,2024-12-12 23:00,2.1,51.9,4.7,0,970.4,1023.7,84.5,,
883,2024-12-13 00:00,1.8,56.9,4.2,0,970.5,1023.9,85.3,,
883,2024-12-13 01:00,1.8,65.6,5,0,970.4,1023.8,85.5,,
883,2024-12-13 02:00,1.9,67.1,4.9,0,970.3,1023.7,86.5,,
883,2024-12-13 03:00,2.5,65.1,4.8,0,969.6,1022.8,84.5,,
883,2024-12-13 04:00,2.6,67.7,4.3,0,969.6,1022.8,85,,
883,2024-12-13 05:00,3.1,62.1,4.6,0,967.9,1020.9,82.5,,
883,2024-12-13 06:00,2.7,65.5,4.1,0,967.5,1020.5,82.6,,
883,2024-12-13 07:00,3.4,31.4,2.8,0,968.7,1021.6,85.8,,
883,2024-12-13 08:00,3.5,24.4,3.5,0,968.6,1021.5,79.4,,
883,2024-12-13 09:00,3,31.9,4,0,969.2,1022.2,97.8,,
883,2024-12-13 10:00,4.3,31.5,4.1,0,968.7,1021.6,92.2,,
883,2024-12-13 11:00,5,36.8,6.2,0,967.8,1020.4,88.3,,
883,2024-12-13 12:00,4.5,37.9,5.2,0,968.5,1021.3,84.3,,
883,2024-12-13 13:00,5,30.5,5.4,0,967.2,1019.8,85.4,,
883,2024-12-13 14:00,5.6,42.3,3.7,0,967,1019.4,67.1,,
883,2024-12-13 15:00,5.4,36.1,5,0,966.8,1019.3,70.2,,
883,2024-12-13 16:00,4.9,276,3.6,0,967,1019.6,78.7,,
883,2024-12-13 17:00,4.2,298.8,5.1,0,967.6,1020.4,91.9,,
883,2024-12-13 18:00,4.7,45.4,5.1,0,967.3,1020,79,,
883,2024-12-13 19:00,3.1,41.8,5.9,.5,968,1021,99.4,,
883,2024-12-13 20:00,2.3,27.5,9,.5,968.7,1021.9,95.9,,
883,2024-12-13 21:00,1.4,36.8,7.6,0,969.2,1022.6,84.5,,
883,2024-12-13 22:00,1.3,34.9,6.8,0,969.7,1023.2,79.6,,
883,2024-12-13 23:00,1.7,29.4,7,0,970.5,1023.9,81.9,,
883,2024-12-14 00:00,2,25.8,8.4,0,970.9,1024.3,79.2,,
883,2024-12-14 01:00,2.1,29.6,7.4,0,971.2,1024.6,83.2,,
883,2024-12-14 02:00,2.2,30.2,6.6,0,971.7,1025.1,81.1,,
883,2024-12-14 03:00,1.1,43.2,5.4,0,972.1,1025.8,99.2,,
883,2024-12-14 04:00,2.9,35.7,6.7,0,971.9,1025.1,67.5,,
883,2024-12-14 05:00,2.8,37.6,5.2,0,971.8,1025,62.4,,
883,2024-12-14 06:00,2.9,31.6,6.9,0,971.7,1024.9,67.1,,
883,2024-12-14 07:00,3,33.2,5.8,0,972.7,1025.9,69.3,,
883,2024-12-14 08:00,2.9,24,5.2,.5,973.2,1026.5,60.4,,
883,2024-12-14 09:00,3.1,42.8,4.9,0,973.8,1027.1,60.3,,
883,2024-12-14 10:00,3.4,44,6.3,0,974.3,1027.5,63.5,,
883,2024-12-14 11:00,3.7,37.2,6.2,0,974.2,1027.4,69.7,,
883,2024-12-14 12:00,3,14.9,6.6,0,973.8,1027.1,70.8,,
883,2024-12-14 13:00,3.8,30.4,7.9,0,972.5,1025.5,66.3,,
883,2024-12-14 14:00,3.7,28.6,8.6,0,971.7,1024.7,66.2,,
883,2024-12-14 15:00,3.2,42.6,6.3,0,971.5,1024.6,59.4,,
883,2024-12-14 16:00,3.1,8.4,6.5,0,971.3,1024.4,58,,
883,2024-12-14 17:00,2.9,32.1,6.7,0,971.5,1024.7,55.9,,
883,2024-12-14 18:00,2.5,35.2,4.7,0,971.6,1024.9,77.3,,
883,2024-12-14 19:00,2.3,29.2,4.7,0,972,1025.4,76.5,,
883,2024-12-14 20:00,2.8,31.7,3.6,0,972.4,1025.7,66.2,,
883,2024-12-14 21:00,2.4,32,4.5,0,972.6,1026,75.7,,
883,2024-12-14 22:00,2.6,254.3,1.9,0,972.7,1026,69.1,,
883,2024-12-14 23:00,2.7,49,3.2,.5,972.4,1025.7,67.3,,
883,2024-12-15 00:00,1.9,294.7,6.1,0,972.3,1025.8,84.7,,
883,2024-12-15 01:00,2.5,43.8,2.9,0,971.5,1024.8,78.6,,
883,2024-12-15 02:00,3.3,43.8,4.6,0,971.6,1024.7,75.7,,
883,2024-12-15 03:00,3,34.2,4.6,0,971.1,1024.2,70.8,,
883,2024-12-15 04:00,3.1,19.6,5.2,0,970.8,1023.9,82.1,,
883,2024-12-15 05:00,2.7,30.9,4.5,0,970.5,1023.7,86.6,,
883,2024-12-15 06:00,3.6,42.7,4.1,.5,970.6,1023.6,66.7,,
883,2024-12-15 07:00,3.7,82.6,3.1,0,970.8,1023.8,66.4,,
883,2024-12-15 08:00,3.9,39,5.1,0,971,1023.9,65.8,,
883,2024-12-15 09:00,4.1,46,5.4,0,971.7,1024.8,65.2,,
883,2024-12-15 10:00,4.3,92.3,2.5,0,972.3,1025.4,62.3,,
883,2024-12-15 11:00,4.7,302.7,4.7,0,971.8,1024.7,57.1,,
883,2024-12-15 12:00,4.6,355.1,3.4,0,971,1023.9,64.7,,
883,2024-12-15 13:00,4.8,53.1,3.6,0,970.3,1023.1,63.9,,
883,2024-12-15 14:00,5,58.3,4.7,0,969.6,1022.3,65.3,,
883,2024-12-15 15:00,4.6,34.5,4.4,0,969.6,1022.4,69.5,,
883,2024-12-15 16:00,4.3,20,4.9,0,969.7,1022.6,66.8,,
883,2024-12-15 17:00,4.2,20,5.5,0,969.6,1022.5,63.4,,
883,2024-12-15 18:00,4.1,28.4,5,0,969.9,1022.9,62.5,,
883,2024-12-15 19:00,4.3,35.8,4.4,0,970.3,1023.2,60.9,,
883,2024-12-15 20:00,4.1,30.4,4.1,0,970.2,1023.2,62.2,,
883,2024-12-15 21:00,4.5,27.2,4.1,0,970.5,1023.4,61.6,,
883,2024-12-15 22:00,4.6,26.5,4.8,0,970.6,1023.5,60.1,,
883,2024-12-15 23:00,4.5,31.7,3.6,0,970.6,1023.5,61.9,,
883,2024-12-16 00:00,4.6,294.4,3.8,0,970.5,1023.4,61.2,,
883,2024-12-16 01:00,4.7,44.9,4,0,970,1022.8,59.2,,
883,2024-12-16 02:00,4.8,47.5,3.2,0,969.8,1022.6,61.5,,
883,2024-12-16 03:00,4.9,37,3.6,0,969.6,1022.4,59.4,,
883,2024-12-16 04:00,4.7,13.8,3.6,0,969.2,1022,67.3,,
883,2024-12-16 05:00,4.6,25.7,3.2,0,969.2,1022,68,,
883,2024-12-16 06:00,4.4,34.9,3.2,0,969.6,1022.5,74.7,,
883,2024-12-16 07:00,4.6,35.2,3.8,0,969.9,1022.8,70.3,,
883,2024-12-16 08:00,4.5,33.8,3,0,970.2,1023.1,74.9,,
883,2024-12-16 09:00,4.9,33.8,4,0,970.5,1023.3,71.7,,
883,2024-12-16 10:00,5.4,22.5,2.8,0,971.2,1023.9,72,,
883,2024-12-16 11:00,6.7,30.6,2.8,0,970.9,1023.3,66.6,,
883,2024-12-16 12:00,6.2,40.7,3.3,0,970.2,1022.7,67.2,,
883,2024-12-16 13:00,6.6,358.2,3.6,0,969.4,1021.7,58.6,,
883,2024-12-16 14:00,6.9,298.5,4.4,0,969.2,1021.4,62.5,,
883,2024-12-16 15:00,6.8,17.2,3.1,0,969,1021.3,66.3,,
883,2024-12-16 16:00,6.8,26.7,3.1,0,969.1,1021.4,64.4,,
883,2024-12-16 17:00,6,37.4,3.2,0,969.1,1021.6,67.3,,
883,2024-12-16 18:00,5.3,31.7,2.7,0,969.6,1022.3,70.9,,
883,2024-12-16 19:00,4.9,27.5,3,0,970.1,1022.9,71.8,,
883,2024-12-16 20:00,5,33,2.4,0,970.2,1023,72.8,,
883,2024-12-16 21:00,4.7,38.2,2.3,0,970.3,1023.1,74.7,,
883,2024-12-16 22:00,4.7,35.3,2.9,0,970.4,1023.3,73,,
883,2024-12-16 23:00,4.8,31.4,3.8,0,970.5,1023.3,69.8,,
883,2024-12-17 00:00,4.4,52.3,3.9,0,970.5,1023.4,72.7,,
883,2024-12-17 01:00,4.5,43.7,3,0,970.5,1023.4,71.1,,
883,2024-12-17 02:00,4.4,46.8,2.8,0,970.5,1023.4,71,,
883,2024-12-17 03:00,4.4,39.2,2.7,0,970.6,1023.5,71.1,,
883,2024-12-17 04:00,4,47.8,2.8,0,970.6,1023.6,72,,
883,2024-12-17 05:00,3.7,60.3,3.8,0,970.5,1023.5,72.4,,
883,2024-12-17 06:00,3.6,62.4,3.6,0,970.6,1023.6,72,,
883,2024-12-17 07:00,3.3,68.5,3.7,0,970.8,1023.9,73.2,,
883,2024-12-17 08:00,3.7,71.7,3.6,0,971.4,1024.4,71.5,,
883,2024-12-17 09:00,5.4,45.5,2.2,0,971.7,1024.4,63,,
883,2024-12-17 10:00,6.6,33.7,3.7,0,972.1,1024.6,56.7,,
883,2024-12-17 11:00,7.8,18.9,3.7,0,971.9,1024.1,54.8,,
883,2024-12-17 12:00,7.6,33.1,4.2,0,971.3,1023.5,56.9,,
883,2024-12-17 13:00,6.9,30.7,3.2,0,970.6,1022.9,61.4,,
883,2024-12-17 14:00,7.1,25.9,4.9,0,970.3,1022.6,71.1,,
883,2024-12-17 15:00,8,26.1,5.1,0,970.4,1022.4,66.2,,
883,2024-12-17 16:00,6.6,27.7,4.7,0,970.6,1023,69.3,,
883,2024-12-17 17:00,5.5,28.3,3.5,0,971.1,1023.8,71.2,,
883,2024-12-17 18:00,4.2,34.4,2.1,0,971.7,1024.8,75.2,,
883,2024-12-17 19:00,4.4,47.4,2.6,0,971.7,1024.7,73.7,,
883,2024-12-17 20:00,3.8,26.4,3.9,0,972,1025,68.8,,
883,2024-12-17 21:00,3,34.9,2.5,0,971.4,1024.6,68.4,,
883,2024-12-17 22:00,3.2,26.4,2.3,0,971.3,1024.4,74.6,,
883,2024-12-17 23:00,4.4,37.8,3.8,0,971.3,1024.3,82.7,,
883,2024-12-18 00:00,2.9,50.4,1.8,0,971.4,1024.6,89.1,,
883,2024-12-18 01:00,3.3,37.1,1.5,0,970.9,1024,83.5,,
883,2024-12-18 02:00,3.8,49.5,3.4,0,970.9,1023.9,92.9,,
883,2024-12-18 03:00,2.2,57.6,4,0,971.2,1024.5,100,,
883,2024-12-18 04:00,2.2,52.4,4.7,0,971,1024.3,100,,
883,2024-12-18 05:00,2,62.6,4.6,.5,971.1,1024.5,100,,
883,2024-12-18 06:00,1.4,47.5,4.6,.5,971,1024.5,100,,
883,2024-12-18 07:00,1.5,36,5.1,.5,971.5,1025,100,,
883,2024-12-18 08:00,2.2,32.1,6.7,.5,971.8,1025.2,86.1,,
883,2024-12-18 09:00,2.6,26.3,6.7,0,971.7,1025,78.6,,
883,2024-12-18 10:00,3.3,35.8,6.5,0,971.9,1025,74.7,,
883,2024-12-18 11:00,3.1,33.2,6.8,0,971.4,1024.5,70.7,,
883,2024-12-18 12:00,3.3,32.4,6,0,970.8,1023.9,71.9,,
883,2024-12-18 13:00,3.4,32.4,6,0,970.2,1023.2,65,,
883,2024-12-18 14:00,2.6,33,8.3,0,970,1023.2,77.6,,
883,2024-12-18 15:00,2.9,42.4,6.2,0,970.2,1023.3,69.6,,
883,2024-12-18 16:00,2.1,19.3,5.5,0,970.5,1023.8,67.5,,
883,2024-12-18 17:00,1.3,47.9,6.3,0,970.9,1024.4,76.2,,
883,2024-12-18 18:00,-.5,30.9,6,0,971.5,1025.5,100,,
883,2024-12-18 19:00,.9,27.5,7.9,0,972,1025.7,73.3,,
883,2024-12-18 20:00,.4,26.6,8.6,0,972.1,1025.9,88.7,,
883,2024-12-18 21:00,.8,25.9,9.4,0,972.7,1026.5,79,,
883,2024-12-18 22:00,1.2,33.8,8.1,.5,973.1,1026.8,67.7,,
883,2024-12-18 23:00,1.1,31.8,9.2,.5,973.2,1026.9,72.4,,
883,2024-12-19 00:00,1.1,37.3,8.1,.5,972.9,1026.6,72.5,,
883,2024-12-19 01:00,1,26.2,8.9,,972.5,1026.2,71.5,,
883,2024-12-19 02:00,1.2,29,9.2,,972.2,1025.8,75.3,,
883,2024-12-19 03:00,1,30,9.8,,972.7,1026.4,71.7,,
883,2024-12-19 04:00,.9,25.7,9.9,,972.6,1026.3,76.8,,
883,2024-12-19 05:00,.3,25.4,9.5,,972.8,1026.7,73.5,,
883,2024-12-19 06:00,-.2,25,9,,973.4,1027.4,78.1,,
883,2024-12-19 07:00,-.2,35.6,6.3,,974.6,1028.7,83.6,,
883,2024-12-19 08:00,-.3,30.9,6.3,,975,1029.2,87.2,,
883,2024-12-19 09:00,0,37.6,5.9,,975.4,1029.5,82.3,,
883,2024-12-19 10:00,.9,45.1,5.5,,976.3,1030.2,73.3,,
883,2024-12-19 11:00,1.9,50.1,4.9,,975.9,1029.6,60.9,,
883,2024-12-19 12:00,3.7,26.1,5.5,,975,1028.2,59.7,,
883,2024-12-19 13:00,4,27.5,4.6,,974.5,1027.8,55.9,,
883,2024-12-19 14:00,4,25.9,4.7,,973.6,1026.8,56.5,,
883,2024-12-19 15:00,4,22.3,5.6,,973.3,1026.5,57.9,,
883,2024-12-19 16:00,3,30.1,5.4,,973.2,1026.5,60.8,,
883,2024-12-19 17:00,1.7,35.2,3.9,,973.2,1026.8,67.8,,
883,2024-12-19 18:00,.3,71.6,3.1,,973.3,1027.2,74.5,,
883,2024-12-19 19:00,.8,0,0,,973.7,1027.5,70.2,,
883,2024-12-19 20:00,0,92.6,3.2,,973.6,1027.6,77.5,,
883,2024-12-19 21:00,.1,96.4,3.5,,973.5,1027.5,67.9,,
883,2024-12-19 22:00,-1,121.9,1.2,,973.9,1028.2,92,,
883,2024-12-19 23:00,-1.2,146.2,2.1,,974.1,1028.3,95,,
883,2024-12-20 00:00,-.8,97.3,1.8,,973.6,1027.8,88.4,,
883,2024-12-20 01:00,.4,98.5,3.2,0,973.2,1027.1,81.8,,
883,2024-12-20 02:00,.1,90.9,3.3,0,972.8,1026.7,85.4,,
883,2024-12-20 03:00,.6,91.9,3.9,0,972.3,1026.1,86.1,,
883,2024-12-20 04:00,.5,80.4,3.6,0,972,1025.8,87.5,,
883,2024-12-20 05:00,1.8,66.4,3.4,0,972,1025.5,90.1,,
883,2024-12-20 06:00,2,81,3.8,0,972,1025.4,89.4,,
883,2024-12-20 07:00,2.4,53.6,2.9,0,971.5,1024.8,89.3,,
883,2024-12-20 08:00,2.9,60.6,3.1,0,971.5,1024.7,86.8,,
883,2024-12-20 09:00,4.2,114.5,1.6,0,971.4,1024.4,82,,
883,2024-12-20 10:00,6,184,.9,0,971.3,1023.9,68.2,,
883,2024-12-20 11:00,5.6,286.2,1.3,0,971.5,1024.2,73.1,,
883,2024-12-20 12:00,6,253.2,2.1,0,970.6,1023.1,72.2,,
883,2024-12-20 13:00,7.1,291.1,2.6,0,969.6,1021.8,73.3,,
883,2024-12-20 14:00,6.6,287.6,3.1,0,969.1,1021.4,76.7,,
883,2024-12-20 15:00,5.8,27.1,3.8,0,968.7,1021.2,90.4,,
883,2024-12-20 16:00,5.6,18.3,2.9,0,968.8,1021.3,76.4,,
883,2024-12-20 17:00,5.3,39,2.9,0,968.7,1021.3,71.8,,
883,2024-12-20 18:00,3.9,63.9,2.5,0,968.7,1021.5,84.2,,
883,2024-12-20 19:00,4.7,24.3,2.8,0,968.5,1021.3,89.3,,
883,2024-12-20 20:00,2.7,84.2,2.4,0,968.5,1021.6,94,,
883,2024-12-20 21:00,3.7,111.4,2.8,0,968.5,1021.3,92.7,,
883,2024-12-20 22:00,2.1,87.4,2.1,0,968.3,1021.5,96,,
883,2024-12-20 23:00,3.9,106.1,2,0,968,1020.8,97.2,,
883,2024-12-21 00:00,5.2,242.6,.6,0,967.9,1020.5,89.5,,
883,2024-12-21 01:00,4.8,249.4,1.3,0,967.6,1020.3,81.9,,
883,2024-12-21 02:00,5,259.3,1.2,0,967.6,1020.2,77.2,,
883,2024-12-21 03:00,5.1,284.3,1.2,0,967.3,1019.9,69.6,,
883,2024-12-21 04:00,5.7,303.2,3.9,0,967.3,1019.7,70,,
883,2024-12-21 05:00,5.8,306.6,4.3,0,966.9,1019.3,69.8,,
883,2024-12-21 06:00,5.6,313.4,5.7,0,967.1,1019.5,74.2,,
883,2024-12-21 07:00,5.5,289.2,6.2,0,967.2,1019.7,82.8,,
883,2024-12-21 08:00,4.7,52.5,4.4,0,967.4,1020.1,77.4,,
883,2024-12-21 09:00,4.4,46.1,5,0,968,1020.8,78.7,,
883,2024-12-21 10:00,3.7,31.8,5.5,0,968.5,1021.3,71.6,,
883,2024-12-21 11:00,4.1,353.3,4.8,0,968.1,1021,58.4,,
883,2024-12-21 12:00,2.9,21.2,6.6,0,967.2,1020.2,80,,
883,2024-12-21 13:00,2.8,27.3,6.1,0,966.7,1019.7,68.6,,
883,2024-12-21 14:00,2.8,50.9,6.7,0,966.7,1019.7,57.8,,
883,2024-12-21 15:00,2.5,12.3,5.8,0,967.3,1020.4,61.9,,
883,2024-12-21 16:00,2.1,22.7,7.5,0,968,1021.2,64.5,,
883,2024-12-21 17:00,1.6,33.7,7.7,0,968.1,1021.4,73.1,,
883,2024-12-21 18:00,1.3,23,7.9,0,968.5,1021.9,80.4,,
883,2024-12-21 19:00,.4,42.5,7.9,0,969,1022.7,89.2,,
883,2024-12-21 20:00,1.4,21.6,7.2,0,969.2,1022.6,64,,
883,2024-12-21 21:00,1,22.9,7.6,0,969.2,1022.7,67.9,,
883,2024-12-21 22:00,1.2,39.1,7.8,0,969.8,1023.3,66.6,,
883,2024-12-21 23:00,1.3,38.8,7.2,0,969.8,1023.3,65.5,,
883,2024-12-22 00:00,1.3,34,8.8,0,969.6,1023.1,64.5,,
883,2024-12-22 01:00,1.3,20,7.7,0,969.4,1022.9,73.5,,
883,2024-12-22 02:00,.8,36.6,9.5,0,970.3,1023.9,76.2,,
883,2024-12-22 03:00,1.3,30,10.4,0,970.2,1023.7,59.8,,
883,2024-12-22 04:00,1.2,38,8.7,0,970.3,1023.8,68.9,,
883,2024-12-22 05:00,1.2,35.2,9.3,0,970.8,1024.4,61.6,,
883,2024-12-22 06:00,1.1,25.8,10.3,0,971.5,1025.1,65.2,,
883,2024-12-22 07:00,1,28.2,9.5,0,972.3,1026,68.4,,
883,2024-12-22 08:00,.9,25.6,10.9,0,972.7,1026.4,67.1,,
883,2024-12-22 09:00,1,26.8,9.6,0,974,1027.8,70.3,,
883,2024-12-22 10:00,1.2,25.3,9.7,0,974.6,1028.4,67.2,,
883,2024-12-22 11:00,1.6,29.8,9.7,0,973.9,1027.5,71.7,,
883,2024-12-22 12:00,1.5,26.4,10.3,0,973.3,1026.9,75.1,,
883,2024-12-22 13:00,1.7,26.8,9.7,0,972.6,1026.1,75.8,,
883,2024-12-22 14:00,1.8,27.4,10,0,971.9,1025.4,72.6,,
883,2024-12-22 15:00,1.9,27.8,9.6,0,972,1025.5,74.9,,
883,2024-12-22 16:00,1.9,24.8,9.8,0,972.2,1025.7,73,,
883,2024-12-22 17:00,1.6,32.4,9.4,0,972.1,1025.6,77.6,,
883,2024-12-22 18:00,1.3,36.5,7.7,0,972.6,1026.2,78.9,,
883,2024-12-22 19:00,1,36.2,7.7,0,972.8,1026.5,80.2,,
883,2024-12-22 20:00,.7,46.1,6.5,0,973.2,1027,80.8,,
883,2024-12-22 21:00,.2,42.5,6,0,973.7,1027.7,82.1,,
883,2024-12-22 22:00,0,39.7,5.9,0,973.6,1027.6,83.7,,
883,2024-12-22 23:00,.1,38.2,5.6,0,973.7,1027.7,86.1,,
883,2024-12-23 00:00,.5,48,4.8,0,973.7,1027.6,83.5,,
883,2024-12-23 01:00,.2,49.4,4.1,0,973.2,1027.1,84.4,,
883,2024-12-23 02:00,.4,59.8,4.1,0,973.8,1027.7,84.8,,
883,2024-12-23 03:00,1.1,55.4,4.8,0,973.5,1027.2,82.8,,
883,2024-12-23 04:00,1.4,52.3,4.8,0,973.7,1027.4,81,,
883,2024-12-23 05:00,1.7,38.6,5.9,0,973.4,1027,83.9,,
883,2024-12-23 06:00,1.6,37.3,5.8,0,973.1,1026.7,84.8,,
883,2024-12-23 07:00,1.8,42.1,5.8,0,973.3,1026.9,86.7,,
883,2024-12-23 08:00,1.8,39.9,4.9,0,973.8,1027.4,81.9,,
883,2024-12-23 09:00,2.6,47.2,5.6,0,974.2,1027.6,79.9,,
883,2024-12-23 10:00,3.6,41.2,6.2,0,974.7,1027.9,70.8,,
883,2024-12-23 11:00,4.4,40.5,6.7,0,974.6,1027.8,66.1,,
883,2024-12-23 12:00,5,39.9,5.8,0,974.2,1027.2,62.7,,
883,2024-12-23 13:00,4.8,32.3,5.4,0,973.9,1026.9,64.5,,
883,2024-12-23 14:00,5.3,26.3,5.5,0,973.4,1026.3,60.6,,
883,2024-12-23 15:00,5.1,26,5.3,0,973.1,1026,67.9,,
883,2024-12-23 16:00,5,26.2,6.1,0,972.8,1025.7,71.3,,
883,2024-12-23 17:00,4.5,25.5,5.1,0,972.7,1025.7,71.6,,
883,2024-12-23 18:00,3.9,23.4,4.6,0,972.9,1025.9,65.8,,
883,2024-12-23 19:00,4.4,34.4,4.5,0,973.4,1026.5,70.1,,
883,2024-12-23 20:00,4.3,24.4,3.5,0,973.9,1027,66.8,,
883,2024-12-23 21:00,3.7,32.4,4.5,0,973.7,1026.8,72.6,,
883,2024-12-23 22:00,3.2,25.9,4.2,0,974,1027.3,74,,
883,2024-12-23 23:00,2.3,28.7,3.5,0,974.3,1027.8,75.7,,
883,2024-12-24 00:00,2.3,25.4,3.7,0,974,1027.5,77.8,,
883,2024-12-24 01:00,2.5,26.6,4,0,973.8,1027.2,74.9,,
883,2024-12-24 02:00,2.3,27.9,4.6,0,973.9,1027.4,72.5,,
883,2024-12-24 03:00,2.8,21.6,5.1,0,973.8,1027.1,71.7,,
883,2024-12-24 04:00,3.4,29.4,5.7,0,973.6,1026.8,70.6,,
883,2024-12-24 05:00,4,31.4,6.6,0,973.6,1026.8,68.8,,
883,2024-12-24 06:00,3.9,30.2,6.1,0,973.9,1027,66.7,,
883,2024-12-24 07:00,4.2,26.9,5.7,0,974.4,1027.6,68.6,,
883,2024-12-24 08:00,4.2,28.5,4.4,0,974.7,1027.9,69.4,,
883,2024-12-24 09:00,4.7,26,6.4,0,975.1,1028.2,84.1,,
883,2024-12-24 10:00,6,27.7,7.1,0,975.5,1028.3,68.2,,
883,2024-12-24 11:00,6.2,23.7,5.1,0,975.4,1028.1,65.2,,
883,2024-12-24 12:00,6.4,28.3,4.8,0,975.4,1028.1,60.2,,
883,2024-12-24 13:00,7.1,29.1,6.3,0,974,1026.4,59,,
883,2024-12-24 14:00,6.6,27.1,5.4,0,973.5,1026,59.6,,
883,2024-12-24 15:00,5.6,31.1,5.2,0,973.9,1026.7,63.9,,
883,2024-12-24 16:00,4.9,24.9,5.6,0,973.8,1026.8,67,,
883,2024-12-24 17:00,4,30.5,5.5,0,974,1027.2,70.2,,
883,2024-12-24 18:00,2.9,33.7,3.1,0,974.1,1027.4,76.6,,
883,2024-12-24 19:00,2.7,61.4,3.5,0,974.3,1027.7,78.5,,
883,2024-12-24 20:00,2.2,65.3,3.8,0,974.8,1028.3,80.5,,
883,2024-12-24 21:00,1.7,72.9,3.8,0,974.4,1028,85.7,,
883,2024-12-24 22:00,2.7,60.4,3.4,0,974.5,1027.9,82.3,,
883,2024-12-24 23:00,1.9,95.4,3.1,0,974.4,1028,86.4,,
883,2024-12-25 00:00,1.5,78.8,2.6,0,974.7,1028.4,89.5,,
883,2024-12-25 01:00,2.3,65.4,2.3,0,974.8,1028.3,91.7,,
883,2024-12-25 02:00,2.7,56.9,2.9,0,974.7,1028.1,89.7,,
883,2024-12-25 03:00,.9,75.8,2.6,0,974.6,1028.4,96.9,,
883,2024-12-25 04:00,2.1,58.4,2.3,0,974.4,1027.9,100,,
883,2024-12-25 05:00,3.1,39.4,1.1,0,974.3,1027.6,98.9,,
883,2024-12-25 06:00,3.4,49.4,2.2,0,974.3,1027.5,96.1,,
883,2024-12-25 07:00,3,52.1,1.5,0,974.4,1027.7,95.2,,
883,2024-12-25 08:00,2.1,95.6,2.9,0,974.3,1027.8,94.9,,
883,2024-12-25 09:00,4.7,87.6,2.2,0,974.7,1027.8,79.3,,
883,2024-12-25 10:00,6,54.1,1.6,0,974.4,1027.1,77.6,,
883,2024-12-25 11:00,7.2,239.1,1.5,0,973.8,1026.2,68.1,,
883,2024-12-25 12:00,8.4,23.3,4.7,0,973.6,1025.7,62.3,,
883,2024-12-25 13:00,7.9,289.8,3.4,0,973.1,1025.3,62,,
883,2024-12-25 14:00,7,250.3,1.2,0,972.4,1024.8,65.2,,
883,2024-12-25 15:00,6.7,315.6,2.2,0,972.1,1024.5,73.9,,
883,2024-12-25 16:00,6.1,0,.2,0,971.8,1024.4,78.4,,
883,2024-12-25 17:00,5.4,56.5,1.1,0,972.2,1025,89.8,,
883,2024-12-25 18:00,5.2,71.7,2.9,0,971.7,1024.5,95.8,,
883,2024-12-25 19:00,5.6,25.3,3,0,972.2,1024.9,92.4,,
883,2024-12-25 20:00,5.5,65.5,2.9,0,972.4,1025.2,93.4,,
883,2024-12-25 21:00,5.6,24.9,2.6,0,972.5,1025.2,92.8,,
883,2024-12-25 22:00,5.5,41.8,1.6,0,973,1025.8,96.9,,
883,2024-12-25 23:00,5.5,62.7,2.3,0,972.7,1025.5,96,,
883,2024-12-26 00:00,5.6,86.2,2.8,0,972.1,1024.8,96.2,,
883,2024-12-26 01:00,5.6,22.4,1.4,0,972.4,1025.1,94.4,,
883,2024-12-26 02:00,5.9,55.3,2.5,0,972.5,1025.2,95.6,,
883,2024-12-26 03:00,5.3,32.3,3.3,.5,972.5,1025.3,100,,
883,2024-12-26 04:00,5.6,39.8,3.5,.5,972.3,1025,99,,
883,2024-12-26 05:00,5.9,28.7,4.9,0,972.1,1024.7,100,,
883,2024-12-26 06:00,5.9,46.9,4.5,0,972.3,1025,84.5,,
883,2024-12-26 07:00,5.7,12.9,5.3,0,972.1,1024.8,90.1,,
883,2024-12-26 08:00,4.9,43.4,5.6,0,972.8,1025.7,82.2,,
883,2024-12-26 09:00,5,31.8,6.8,0,973.1,1026,67.9,,
883,2024-12-26 10:00,5.8,28.7,7.5,0,973.2,1025.9,65.4,,
883,2024-12-26 11:00,6.2,31.3,8.5,0,973.2,1025.8,52.1,,
883,2024-12-26 12:00,6.8,25.6,9.2,0,972.3,1024.7,56.2,,
883,2024-12-26 13:00,6.2,23.5,9,0,971.5,1024,65,,
883,2024-12-26 14:00,5.7,25.5,9.2,0,970.9,1023.5,65.4,,
883,2024-12-26 15:00,5.1,29.7,9.8,0,970.8,1023.6,66.9,,
883,2024-12-26 16:00,4,27.9,9.7,0,971.3,1024.4,65.1,,
883,2024-12-26 17:00,3.3,25.1,9,0,971.6,1024.7,71.7,,
883,2024-12-26 18:00,2.5,23.1,8.9,0,971.8,1025.1,75.9,,
883,2024-12-26 19:00,2.3,25.7,8.2,0,972.3,1025.7,76.7,,
883,2024-12-26 20:00,2.2,25.7,9.6,0,972.9,1026.3,71.7,,
883,2024-12-26 21:00,2,26.9,9.5,0,973,1026.5,74,,
883,2024-12-26 22:00,1.8,24.2,10.2,0,973.3,1026.9,74.6,,
883,2024-12-26 23:00,2.1,23.9,9.5,0,973.3,1026.8,80.5,,
883,2024-12-27 00:00,1.8,25.2,9.1,0,973.6,1027.2,76.9,,
883,2024-12-27 01:00,1.7,25,8.5,0,973.4,1027,78.6,,
883,2024-12-27 02:00,1.6,28.2,8.7,0,973.6,1027.2,77.2,,
883,2024-12-27 03:00,1.6,26.5,9.1,0,973.6,1027.2,79,,
883,2024-12-27 04:00,1.5,25.9,8.6,0,973.9,1027.6,74.2,,
883,2024-12-27 05:00,1.6,26,8.9,0,973.4,1027,73,,
883,2024-12-27 06:00,1.8,23.7,8.9,0,973.4,1027,71.8,,
883,2024-12-27 07:00,1.9,25.3,8,0,973.4,1026.9,71.1,,
883,2024-12-27 08:00,2.1,23.9,8.5,0,973.3,1026.8,72.1,,
883,2024-12-27 09:00,2.5,25.2,8.3,0,974,1027.4,66.5,,
883,2024-12-27 10:00,3.2,34.2,6.7,0,974.7,1028,64.6,,
883,2024-12-27 11:00,4.2,36.6,7.5,0,974.3,1027.5,61.5,,
883,2024-12-27 12:00,3.9,28.9,7.4,0,973.9,1027,60.9,,
883,2024-12-27 13:00,3.9,27.5,7,0,973,1026,59.7,,
883,2024-12-27 14:00,4.2,25.9,6.2,0,972.3,1025.4,61.2,,
883,2024-12-27 15:00,3.8,357.7,6.6,0,972.2,1025.2,58.1,,
883,2024-12-27 16:00,2.9,32,6,0,972,1025.2,64,,
883,2024-12-27 17:00,2.6,21.3,6.1,0,972.2,1025.5,68.9,,
883,2024-12-27 18:00,2.2,29.3,6.1,0,971.9,1025.3,70.7,,
883,2024-12-27 19:00,2.1,23.2,5.9,0,972.5,1025.9,67,,
883,2024-12-27 20:00,2.1,27.7,5.8,0,972.6,1026,63.6,,
883,2024-12-27 21:00,2.4,50,4.5,0,972.9,1026.3,67.2,,
883,2024-12-27 22:00,2.5,66.7,2.6,0,972.8,1026.2,73.3,,
883,2024-12-27 23:00,2.6,263.3,4.6,0,972.7,1026,66.4,,
883,2024-12-28 00:00,2.2,1.3,4.5,0,972.2,1025.6,71.5,,
883,2024-12-28 01:00,2.3,255.4,4.2,0,971.8,1025.2,65.3,,
883,2024-12-28 02:00,1.9,67.9,5.4,0,971.3,1024.7,65.8,,
883,2024-12-28 03:00,1.3,297.4,4.5,0,971.5,1025.1,68.5,,
883,2024-12-28 04:00,.5,46.6,6.3,0,971.1,1024.8,77.8,,
883,2024-12-28 05:00,.4,45.2,6,0,971.3,1025.1,68.6,,
883,2024-12-28 06:00,-.3,58.4,4.1,0,971.1,1025,68.7,,
883,2024-12-28 07:00,-.1,19.2,6,0,971.3,1025.2,75.4,,
883,2024-12-28 08:00,-.2,39.3,5.7,0,971.8,1025.8,79.4,,
883,2024-12-28 09:00,-.7,266.5,4.9,0,972,1026.1,98.9,,
883,2024-12-28 10:00,-1.3,293.5,5.9,0,972.5,1026.7,100,,
883,2024-12-28 11:00,.3,35.4,5.9,0,972.3,1026.2,89.2,,
883,2024-12-28 12:00,.5,41.5,5.7,0,971.8,1025.6,91.2,,
883,2024-12-28 13:00,.9,50.9,5.1,.5,971.2,1024.9,76.5,,
883,2024-12-28 14:00,1,15,5.4,.5,970.8,1024.4,71.8,,
883,2024-12-28 15:00,1.1,43,5.9,0,970.9,1024.5,77.3,,
883,2024-12-28 16:00,1.1,19.8,5.4,.5,970.9,1024.5,70.1,,
883,2024-12-28 17:00,1.1,32.2,6.2,0,971,1024.6,66.1,,
883,2024-12-28 18:00,1.1,38.7,5.2,0,971.2,1024.8,73.3,,
883,2024-12-28 19:00,1.3,46.9,5.2,.5,971.6,1025.2,65.4,,
883,2024-12-28 20:00,1.5,18.7,5,0,972,1025.6,66.2,,
883,2024-12-28 21:00,1.6,27.4,4.7,0,972.3,1025.8,70,,
883,2024-12-28 22:00,1.7,44.4,4.5,0,972.4,1025.9,64.2,,
883,2024-12-28 23:00,1.8,41.5,4.5,0,972.7,1026.2,67,,
883,2024-12-29 00:00,1.9,34.4,4.8,0,972.6,1026.1,63.4,,
883,2024-12-29 01:00,1.5,38.4,4.4,0,972.7,1026.3,61.8,,
883,2024-12-29 02:00,1.7,28.2,4.6,0,972.7,1026.2,68.7,,
883,2024-12-29 03:00,1.7,31.4,5,0,972.7,1026.2,65.4,,
883,2024-12-29 04:00,1.7,39.7,4.8,0,972.9,1026.5,64.1,,
883,2024-12-29 05:00,2,27.1,4.2,0,972.7,1026.2,70.4,,
883,2024-12-29 06:00,1.9,24.4,4,0,973.1,1026.6,69.3,,
883,2024-12-29 07:00,1.9,29.1,3.4,0,973.9,1027.5,67.2,,
883,2024-12-29 08:00,2.2,26,3.5,0,974.2,1027.7,69.7,,
883,2024-12-29 09:00,3.1,29.8,1.5,0,974.8,1028.1,59.9,,
883,2024-12-29 10:00,3.7,31,2.9,0,975.3,1028.5,62.8,,
883,2024-12-29 11:00,4.8,14.4,4.4,0,975,1028.1,53.7,,
883,2024-12-29 12:00,5.7,306.9,2.6,0,974.8,1027.6,50.2,,
883,2024-12-29 13:00,5.2,31.1,3.9,0,973.7,1026.6,52,,
883,2024-12-29 14:00,6.1,36.4,3.7,0,972.8,1025.4,48.5,,
883,2024-12-29 15:00,5.3,306.4,2.8,0,972.7,1025.5,51.7,,
883,2024-12-29 16:00,5.4,304.9,2.1,0,973.1,1025.9,56.2,,
883,2024-12-29 17:00,4.8,25.7,.6,0,973.2,1026.2,60.4,,
883,2024-12-29 18:00,2.9,85.9,1.9,0,973.2,1026.5,70.7,,
883,2024-12-29 19:00,3.8,110.9,1.7,0,973.4,1026.5,72.4,,
883,2024-12-29 20:00,4.1,115.5,2.7,0,972.5,1025.6,72.6,,
883,2024-12-29 21:00,3.8,174.6,2.5,0,972.8,1025.9,79,,
883,2024-12-29 22:00,3.1,160.6,1.9,0,972.6,1025.8,81.7,,
883,2024-12-29 23:00,2.9,178.5,2.9,0,972.4,1025.6,82.4,,
883,2024-12-30 00:00,3.2,169.9,3.3,0,971.6,1024.7,82.2,,
883,2024-12-30 01:00,3.3,176.9,2.9,0,971.8,1024.9,83.5,,
883,2024-12-30 02:00,4,182.6,3,0,972,1025.1,82.9,,
883,2024-12-30 03:00,4.4,195.2,2.9,0,971.6,1024.6,85.1,,
883,2024-12-30 04:00,4.5,216.5,3.1,0,971.4,1024.4,84.6,,
883,2024-12-30 05:00,4,202.7,2.8,0,971,1024.1,89.7,,
883,2024-12-30 06:00,4.2,206.2,3.1,0,970.7,1023.7,88.8,,
883,2024-12-30 07:00,4.1,203.2,3.2,0,970.9,1023.9,87.3,,
883,2024-12-30 08:00,4.3,189.2,3.1,0,971.1,1024.1,82.8,,
883,2024-12-30 09:00,5.7,203.7,3,0,971.5,1024.2,79.6,,
883,2024-12-30 10:00,7.1,220.1,3.6,0,971.4,1023.7,72.3,,
883,2024-12-30 11:00,8.6,211.4,3.8,0,970.7,1022.6,59.7,,
883,2024-12-30 12:00,8.8,234.1,3.3,0,969.8,1021.6,57.4,,
883,2024-12-30 13:00,9.9,240.5,3.6,0,968.5,1020.2,57.1,,
883,2024-12-30 14:00,10.2,243.4,4.2,0,967.6,1019.2,55.2,,
883,2024-12-30 15:00,9.9,234.8,3.9,0,967,1018.6,56.5,,
883,2024-12-30 16:00,8.3,236.7,3.7,0,967.1,1018.9,63.4,,
883,2024-12-30 17:00,7.7,235.2,3.4,0,967.4,1019.3,69.9,,
883,2024-12-30 18:00,7,223.8,2.5,0,967.3,1019.4,74.6,,
883,2024-12-30 19:00,6.3,190.5,2.2,0,967.3,1019.6,80.3,,
883,2024-12-30 20:00,7.3,228.5,3,0,967.2,1019.2,74.6,,
883,2024-12-30 21:00,6.1,225.6,2.6,0,967.1,1019.4,77.9,,
883,2024-12-30 22:00,5.7,246.6,.9,0,966.8,1019.2,77.9,,
883,2024-12-30 23:00,6.4,296.7,3,0,966.7,1018.9,73,,
883,2024-12-31 00:00,6.5,314.9,3,0,966.5,1018.7,69.7,,
883,2024-12-31 01:00,6.6,299.7,4.5,0,966.2,1018.4,69.9,,
883,2024-12-31 02:00,5.8,33.3,4.1,0,966,1018.3,74.5,,
883,2024-12-31 03:00,5.8,34,4.4,0,965.9,1018.2,71.3,,
883,2024-12-31 04:00,5.7,45.5,5,0,965.8,1018.2,67.2,,
883,2024-12-31 05:00,5.4,33.2,7.3,0,965.7,1018.1,73.7,,
883,2024-12-31 06:00,4.9,28.5,8.2,0,965.9,1018.5,78.6,,
883,2024-12-31 07:00,4.3,27,9.6,0,966.4,1019.1,71.2,,
883,2024-12-31 08:00,4.1,28.7,8.5,0,967.1,1019.9,67.2,,
883,2024-12-31 09:00,4.2,30.4,9.3,0,967.6,1020.4,64.6,,
883,2024-12-31 10:00,4.6,25.9,10.8,0,967.8,1020.5,66,,
883,2024-12-31 11:00,5,25.7,10.6,0,968.4,1021.1,62,,
883,2024-12-31 12:00,5.4,28.2,11.2,0,968,1020.5,57.2,,
883,2024-12-31 13:00,5.6,28.4,9.7,0,967.9,1020.4,61.3,,
883,2024-12-31 14:00,4.5,28.6,8.9,0,967.4,1020.1,62.3,,
883,2024-12-31 15:00,4.6,26.9,8.4,0,967.5,1020.2,65.9,,
883,2024-12-31 16:00,3.8,29.9,7.9,0,968,1020.8,70.2,,
883,2024-12-31 17:00,2.9,22.8,8.6,0,968.1,1021.1,70.7,,
883,2024-12-31 18:00,2.4,28.8,7.4,0,968.5,1021.6,75,,
883,2024-12-31 19:00,1.9,31.5,6.3,0,969,1022.3,78.5,,
883,2024-12-31 20:00,.6,43.9,4.1,0,969.2,1022.8,83.2,,
883,2024-12-31 21:00,.5,54.8,4,0,969.5,1023.2,85.1,,
883,2024-12-31 22:00,.9,49.7,4.4,0,969.9,1023.5,83.5,,
883,2024-12-31 23:00,1.4,53.9,4.1,0,970.1,1023.6,85,,
