지점,일시,기온(°C),풍향(deg),풍속(m/s),강수량(mm),현지기압(hPa),해면기압(hPa),습도(%),일사(MJ/m^2),일조(hr)
883,2023-01-01 00:00,1.2,44.4,3.6,0,977.7,1031.6,77.3,,
883,2023-01-01 01:00,1.2,59.8,4.3,0,977.5,1031.4,74.1,,
883,2023-01-01 02:00,1.5,57.6,3.3,0,977.5,1031.4,73.7,,
883,2023-01-01 03:00,1.7,54.1,3.3,0,977.1,1030.9,76.1,,
883,2023-01-01 04:00,2.1,49.8,3.6,0,976.8,1030.5,76.7,,
883,2023-01-01 05:00,2,39.1,3.1,0,976.5,1030.2,75.4,,
883,2023-01-01 06:00,3,40.7,3.6,0,976.6,1030,75.5,,
883,2023-01-01 07:00,2.5,32.5,3.5,0,977,1030.6,77.5,,
883,2023-01-01 08:00,3.2,49.7,4.3,0,977.1,1030.5,73.4,,
883,2023-01-01 09:00,4.3,41.2,3.8,0,977.4,1030.7,71,,
883,2023-01-01 10:00,5.7,26,5.3,0,977.7,1030.7,72.3,,
883,2023-01-01 11:00,6.2,357.8,4.8,0,978,1030.9,66.7,,
883,2023-01-01 12:00,6.8,34.8,5.4,0,977.3,1030,67.1,,
883,2023-01-01 13:00,6.2,19.1,5.2,0,976.7,1029.5,69.1,,
883,2023-01-01 14:00,6.6,28.2,6.3,0,975.9,1028.6,64.5,,
883,2023-01-01 15:00,5.9,25.1,6.2,0,975.7,1028.5,61.1,,
883,2023-01-01 16:00,5.6,36.8,5.1,0,976,1028.9,63.7,,
883,2023-01-01 17:00,4.1,24.6,6.4,0,976.1,1029.4,68.7,,
883,2023-01-01 18:00,2.7,31.8,4.5,0,976.1,1029.6,75,,
883,2023-01-01 19:00,2.5,34,5.5,0,976.2,1029.7,77.1,,
883,2023-01-01 20:00,2.6,37.6,5.7,0,976.2,1029.7,76.6,,
883,2023-01-01 21:00,2.9,36,6,0,976.3,1029.8,81.4,,
883,2023-01-01 22:00,2.4,26.5,7.2,0,977,1030.6,83.6,,
883,2023-01-01 23:00,1.8,31.9,7.5,0,976.5,1030.2,71.9,,
883,2023-01-02 00:00,1.6,39.3,6.5,0,976.9,1030.7,61.8,,
883,2023-01-02 01:00,1.3,42.7,5.7,0,977,1030.9,63.6,,
883,2023-01-02 02:00,1.1,44,6.1,0,977,1030.9,64.4,,
883,2023-01-02 03:00,1.1,53.3,5.4,0,976.9,1030.8,64.5,,
883,2023-01-02 04:00,.9,50.5,5.7,0,977.3,1031.3,67.5,,
883,2023-01-02 05:00,.7,47.6,5.7,0,976.7,1030.7,68.1,,
883,2023-01-02 06:00,.7,42.3,6.2,0,976.5,1030.5,69.8,,
883,2023-01-02 07:00,.5,41.2,6.4,0,976.9,1031,69.6,,
883,2023-01-02 08:00,.4,40.6,6.9,0,977.2,1031.3,71.5,,
883,2023-01-02 09:00,.8,40.8,7.6,0,977.6,1031.6,74.5,,
883,2023-01-02 10:00,.8,37,7.7,0,978.1,1032.2,76.7,,
883,2023-01-02 11:00,1.3,38,8,0,977.4,1031.3,75.7,,
883,2023-01-02 12:00,1.9,30.1,9.9,0,976.5,1030.2,75,,
883,2023-01-02 13:00,2.8,26.6,8.6,0,976,1029.5,73.6,,
883,2023-01-02 14:00,1.9,28.3,8.6,0,975.6,1029.3,72.1,,
883,2023-01-02 15:00,2.1,23.8,9.7,0,975.3,1028.9,68.9,,
883,2023-01-02 16:00,1.6,26.1,9.3,0,975.4,1029.1,69.4,,
883,2023-01-02 17:00,.9,24.8,8.5,0,975.4,1029.3,71.6,,
883,2023-01-02 18:00,-.4,28.4,8.2,0,976.9,1031.2,69.6,,
883,2023-01-02 19:00,-.6,28.4,10.1,0,976.3,1030.6,73.9,,
883,2023-01-02 20:00,-.4,29.6,9.5,0,976.6,1030.9,76.9,,
883,2023-01-02 21:00,-.5,35.2,8.5,0,976.4,1030.7,75.5,,
883,2023-01-02 22:00,-.4,37.1,7.2,0,976.3,1030.5,77.8,,
883,2023-01-02 23:00,-.3,37.2,6.1,0,976.4,1030.6,78.1,,
883,2023-01-03 00:00,.2,32,8,0,976.1,1030.2,73.7,,
883,2023-01-03 01:00,.3,32.6,6.6,0,975.8,1029.9,74.2,,
883,2023-01-03 02:00,.5,29.2,7.4,0,975.8,1029.8,74.2,,
883,2023-01-03 03:00,.4,25.1,8.2,0,976.3,1030.4,72.7,,
883,2023-01-03 04:00,.2,21.4,9.2,0,976.1,1030.2,74.8,,
883,2023-01-03 05:00,.1,23.8,9,0,975.3,1029.4,72.6,,
883,2023-01-03 06:00,.3,26.9,8.5,0,975.2,1029.2,73.7,,
883,2023-01-03 07:00,.7,27,8.3,0,976,1030,70.7,,
883,2023-01-03 08:00,.9,27.5,8.6,0,976.1,1030,70.3,,
883,2023-01-03 09:00,1.6,26.7,9.6,0,976.2,1030,68,,
883,2023-01-03 10:00,2.1,25.4,9.2,0,976.5,1030.2,65.8,,
883,2023-01-03 11:00,3.1,23.4,9.6,0,976.4,1029.8,63.8,,
883,2023-01-03 12:00,2.7,26.7,9.4,0,976,1029.5,60.9,,
883,2023-01-03 13:00,3.6,10.8,6.3,0,975.5,1028.7,59.5,,
883,2023-01-03 14:00,2.9,26.4,7.7,0,974.9,1028.3,65.8,,
883,2023-01-03 15:00,2.5,26.1,8.2,0,974.8,1028.3,62.5,,
883,2023-01-03 16:00,2.2,34.6,7.2,0,974.7,1028.2,62.2,,
883,2023-01-03 17:00,1.9,32.1,7.3,0,974.8,1028.4,63.8,,
883,2023-01-03 18:00,1.5,29.1,7.2,0,975,1028.7,68.2,,
883,2023-01-03 19:00,1.5,29.1,6.5,0,975.3,1029,69.5,,
883,2023-01-03 20:00,1.4,24.6,6.7,0,975.5,1029.3,71.2,,
883,2023-01-03 21:00,.3,21.3,6,0,975.7,1029.7,73.7,,
883,2023-01-03 22:00,.2,25.4,5,0,975.6,1029.7,78.7,,
883,2023-01-03 23:00,.5,25.8,4.8,0,975.4,1029.4,81.2,,
883,2023-01-04 00:00,.7,26.9,5.7,0,975.4,1029.3,78.2,,
883,2023-01-04 01:00,.9,27.9,6,0,975.1,1029,81.9,,
883,2023-01-04 02:00,.3,36.1,5.1,0,975.2,1029.2,83.7,,
883,2023-01-04 03:00,.6,35.2,5.8,0,975.3,1029.3,83.8,,
883,2023-01-04 04:00,.1,41.7,4.7,0,975.4,1029.5,88.6,,
883,2023-01-04 05:00,.3,38.1,4.6,0,975.4,1029.4,85.7,,
883,2023-01-04 06:00,-.2,41,4.4,0,975.8,1030,88.6,,
883,2023-01-04 07:00,-.5,57.3,4.5,0,976.1,1030.4,84.6,,
883,2023-01-04 08:00,-.3,48.9,4,0,976.5,1030.7,75.9,,
883,2023-01-04 09:00,1.3,50.7,4.8,0,976.8,1030.7,59.8,,
883,2023-01-04 10:00,2.5,38.7,5.7,0,977.6,1031.2,58.7,,
883,2023-01-04 11:00,4.7,49.5,4.4,0,977.5,1030.7,47.4,,
883,2023-01-04 12:00,4.9,38.2,5.7,0,977.4,1030.6,51.9,,
883,2023-01-04 13:00,5.2,47.9,5.3,0,976.7,1029.8,44,,
883,2023-01-04 14:00,5.6,29.3,5.9,0,976.1,1029,41.3,,
883,2023-01-04 15:00,5.2,28.5,6.3,0,975.7,1028.7,44.9,,
883,2023-01-04 16:00,4.1,31.5,6.5,0,975.8,1029.1,57.6,,
883,2023-01-04 17:00,2.9,38.3,5.6,0,976.1,1029.5,70.6,,
883,2023-01-04 18:00,1.2,44.5,3.6,0,976.4,1030.3,77.3,,
883,2023-01-04 19:00,1.5,57.3,4.3,0,976.4,1030.2,78.1,,
883,2023-01-04 20:00,1.5,62,4.4,0,977.1,1030.9,78.4,,
883,2023-01-04 21:00,1.7,60.9,4,0,977.3,1031.1,74,,
883,2023-01-04 22:00,2.5,68.5,4.6,0,977.3,1030.9,61,,
883,2023-01-04 23:00,2.6,88.7,4.3,0,977.4,1031,63.1,,
883,2023-01-05 00:00,2.1,96.4,4.1,0,977.3,1031,65.1,,
883,2023-01-05 01:00,1.7,105,3.8,0,977.7,1031.5,67.2,,
883,2023-01-05 02:00,1,99.8,3.1,0,977.7,1031.7,70,,
883,2023-01-05 03:00,1.4,69.1,4.1,0,977.6,1031.5,75.7,,
883,2023-01-05 04:00,2,64.9,4.1,0,977.3,1031,79.3,,
883,2023-01-05 05:00,2.4,69.9,5,0,977,1030.6,80.8,,
883,2023-01-05 06:00,2.1,83.6,3.7,0,977.2,1030.9,76.8,,
883,2023-01-05 07:00,2.5,88.4,3,0,977.6,1031.2,76.1,,
883,2023-01-05 08:00,3.2,88,2.5,0,977.8,1031.3,75.9,,
883,2023-01-05 09:00,4.9,62.3,2.2,0,977.4,1030.6,72.8,,
883,2023-01-05 10:00,6.4,44.3,3,0,978.2,1031.1,68.8,,
883,2023-01-05 11:00,7.6,25.9,5,0,977.7,1030.2,63.2,,
883,2023-01-05 12:00,7.1,32.1,3.8,0,977.1,1029.7,68.6,,
883,2023-01-05 13:00,8.5,20.8,2.8,0,976.1,1028.3,57.1,,
883,2023-01-05 14:00,7.7,299.8,3.3,0,976.6,1029,55.7,,
883,2023-01-05 15:00,7.6,32.7,3.2,0,975.9,1028.3,63.4,,
883,2023-01-05 16:00,7.1,16.4,3.1,0,976.1,1028.7,62.8,,
883,2023-01-05 17:00,6,25.7,2.9,0,976.1,1028.9,65.3,,
883,2023-01-05 18:00,4.7,40.2,1.7,0,976.4,1029.6,79.2,,
883,2023-01-05 19:00,4,67.4,3.4,0,976.1,1029.4,84.7,,
883,2023-01-05 20:00,4.1,60.8,3.4,0,975.9,1029.2,85,,
883,2023-01-05 21:00,2.7,89.7,3.1,0,976,1029.5,86,,
883,2023-01-05 22:00,2.1,95.5,2.9,0,976.2,1029.8,87.4,,
883,2023-01-05 23:00,1.9,88.9,3.3,0,975.9,1029.6,87.1,,
883,2023-01-06 00:00,2.3,79.8,3.7,0,975.5,1029.1,85.5,,
883,2023-01-06 01:00,2.9,66.3,4.2,0,975.1,1028.5,83.3,,
883,2023-01-06 02:00,2.2,76.8,4.3,0,974.8,1028.3,87.2,,
883,2023-01-06 03:00,2.1,76.8,1.8,0,974.9,1028.5,89.3,,
883,2023-01-06 04:00,2.1,74.4,3.6,0,974.3,1027.8,91,,
883,2023-01-06 05:00,3.5,70.3,3.9,0,973.8,1027,87.6,,
883,2023-01-06 06:00,3.8,45.3,2.9,0,973.4,1026.5,82.4,,
883,2023-01-06 07:00,4.8,76.5,3.6,0,973.2,1026.2,56.8,,
883,2023-01-06 08:00,4.2,85.1,3.7,0,972.7,1025.8,47.8,,
883,2023-01-06 09:00,5.1,74.4,3.4,0,973,1025.9,40,,
883,2023-01-06 10:00,7.4,45.1,.8,0,972.7,1025,38.9,,
883,2023-01-06 11:00,7.6,312.9,1.7,0,972.4,1024.6,56.5,,
883,2023-01-06 12:00,6.6,28.6,2.6,0,971.9,1024.4,62.6,,
883,2023-01-06 13:00,6.8,47.3,1.9,0,970.5,1022.8,67.4,,
883,2023-01-06 14:00,7.6,251.2,1.5,0,969.5,1021.6,70,,
883,2023-01-06 15:00,7.5,199.3,1,0,968.2,1020.2,73.2,,
883,2023-01-06 16:00,8.3,216.7,2.3,0,967.7,1019.5,72.1,,
883,2023-01-06 17:00,7.1,244.4,2.2,0,967.8,1019.9,79,,
883,2023-01-06 18:00,6.6,171,1.7,0,967.5,1019.7,82,,
883,2023-01-06 19:00,6,195.6,3,0,967.3,1019.7,89.8,,
883,2023-01-06 20:00,6.8,240,3.1,0,966.9,1019,89.9,,
883,2023-01-06 21:00,6.5,263.4,4.3,0,966.9,1019.1,89.3,,
883,2023-01-06 22:00,6.6,276.2,4.4,0,967.2,1019.4,79.3,,
883,2023-01-06 23:00,6.9,277.9,5.7,0,966.7,1018.8,78.1,,
883,2023-01-07 00:00,7.1,289.4,6.5,0,966.4,1018.4,76.2,,
883,2023-01-07 01:00,6.1,303.4,8.8,0,966.7,1019,64,,
883,2023-01-07 02:00,4.7,46.1,6.4,0,966.9,1019.6,60.9,,
883,2023-01-07 03:00,4.2,19.3,6.6,0,966.7,1019.5,60.5,,
883,2023-01-07 04:00,4.3,64.9,4.9,0,966.8,1019.6,52.9,,
883,2023-01-07 05:00,4.1,292.6,7,0,966.8,1019.6,50.7,,
883,2023-01-07 06:00,3.8,58.1,7.3,0,967.1,1019.8,49.7,,
883,2023-01-07 07:00,3.3,31.5,8.4,0,967.6,1020.5,52.3,,
883,2023-01-07 08:00,3.2,42.2,7.2,0,968,1020.9,52.1,,
883,2023-01-07 09:00,3.4,25,6.7,0,968.4,1021.3,58.6,,
883,2023-01-07 10:00,4.2,44.8,6.5,0,968.9,1021.8,57,,
883,2023-01-07 11:00,4.8,17.9,6.8,0,969,1021.8,54.6,,
883,2023-01-07 12:00,5.6,32.9,7.1,0,968.8,1021.3,57,,
883,2023-01-07 13:00,5.7,35.8,7.6,0,968.3,1020.8,55.1,,
883,2023-01-07 14:00,5.8,29.1,7.5,0,968,1020.4,58.2,,
883,2023-01-07 15:00,5.5,359.3,6.3,0,967.9,1020.4,60.9,,
883,2023-01-07 16:00,5.1,23.9,9.4,0,968.1,1020.7,59.3,,
883,2023-01-07 17:00,4.4,26.8,7.9,0,968.3,1021.1,65,,
883,2023-01-07 18:00,3.2,25.5,6.6,0,969,1022,69.8,,
883,2023-01-07 19:00,2.7,28.8,4.8,0,969.8,1022.9,78.5,,
883,2023-01-07 20:00,2.1,29.9,3.5,0,970.5,1023.8,82,,
883,2023-01-07 21:00,1.7,36,2.8,0,970.8,1024.2,83.5,,
883,2023-01-07 22:00,1.7,42.6,2.9,0,971,1024.5,84.3,,
883,2023-01-07 23:00,1.8,54.3,3.5,0,971.2,1024.6,83.4,,
883,2023-01-08 00:00,1.6,56.6,2.6,0,971.6,1025.1,84.6,,
883,2023-01-08 01:00,1.3,63.6,3.4,0,971.2,1024.8,84.5,,
883,2023-01-08 02:00,1.5,75.3,4.1,0,971,1024.5,84.4,,
883,2023-01-08 03:00,-.1,75,4.5,0,971.1,1025,78.5,,
883,2023-01-08 04:00,.8,72.8,4.4,0,971.5,1025.2,83.7,,
883,2023-01-08 05:00,1.1,56.2,3.1,0,971.3,1024.9,82.7,,
883,2023-01-08 06:00,.9,43.4,2.5,0,971.4,1025.1,78.1,,
883,2023-01-08 07:00,.4,42.2,2.3,0,972.1,1025.9,55.1,,
883,2023-01-08 08:00,.7,78.4,3.5,0,972.4,1026.2,58.3,,
883,2023-01-08 09:00,5.2,90.2,2.4,0,972.5,1025.3,29.9,,
883,2023-01-08 10:00,8.3,50.6,2,0,973.1,1025.2,15,,
883,2023-01-08 11:00,9.4,30.9,3,0,973.4,1025.5,19.2,,
883,2023-01-08 12:00,9.8,38.3,2.4,0,972.8,1024.7,25.4,,
883,2023-01-08 13:00,10.4,344.7,2.4,0,972.3,1024.1,29.6,,
883,2023-01-08 14:00,10.9,299.5,2.4,0,971.7,1023.3,31.9,,
883,2023-01-08 15:00,11.3,288.3,2.3,0,971.2,1022.7,42.3,,
883,2023-01-08 16:00,11.1,233.2,2.1,0,971.2,1022.7,42.7,,
883,2023-01-08 17:00,8.9,218,2.7,0,971.4,1023.3,56.2,,
883,2023-01-08 18:00,6.5,167.9,3.4,0,971.6,1024.1,70.5,,
883,2023-01-08 19:00,6.3,173.9,3.6,0,972.1,1024.6,71,,
883,2023-01-08 20:00,6.4,171.5,4,0,972.2,1024.7,73,,
883,2023-01-08 21:00,6.4,166.1,4.5,0,972.1,1024.6,76.1,,
883,2023-01-08 22:00,6.5,164.6,4.4,0,972.3,1024.8,77.7,,
883,2023-01-08 23:00,6.6,171,4,0,972.2,1024.7,78.1,,
883,2023-01-09 00:00,6.2,167.6,4.6,0,972.1,1024.7,79.1,,
883,2023-01-09 01:00,6.1,162.4,4.6,0,971.6,1024.2,82.3,,
883,2023-01-09 02:00,6.3,164.4,4.5,0,971.7,1024.2,83.1,,
883,2023-01-09 03:00,5.9,174.4,5.1,0,971.6,1024.2,82.6,,
883,2023-01-09 04:00,5.9,181.4,4.4,0,971.2,1023.8,83,,
883,2023-01-09 05:00,6.2,186.2,4,0,970.8,1023.3,81.1,,
883,2023-01-09 06:00,5.4,190.9,3.3,0,970.9,1023.6,82.7,,
883,2023-01-09 07:00,6.5,193.3,2.7,0,971.1,1023.5,88.7,,
883,2023-01-09 08:00,7.3,190.8,2.3,0,971.2,1023.4,89.1,,
883,2023-01-09 09:00,8.7,189,2.3,0,971.5,1023.4,86.6,,
883,2023-01-09 10:00,9.9,220.2,2.2,0,971.9,1023.8,81.5,,
883,2023-01-09 11:00,11.3,231,3,0,971.7,1023.2,74.1,,
883,2023-01-09 12:00,11.5,280.5,2.9,0,971.1,1022.5,73.4,,
883,2023-01-09 13:00,11.3,318.7,4.4,0,970.5,1021.9,73.5,,
883,2023-01-09 14:00,9.6,303.9,3.2,0,970,1021.8,93.6,,
883,2023-01-09 15:00,8,15.2,3.7,0,970.2,1022.2,98.6,,
883,2023-01-09 16:00,7.1,28.8,5.9,0,970.3,1022.6,98.8,,
883,2023-01-09 17:00,6.8,29.5,6.1,0,970.5,1022.8,95,,
883,2023-01-09 18:00,5.8,28.8,7.4,0,970.9,1023.5,92.8,,
883,2023-01-09 19:00,4.9,25.2,7.7,0,971.5,1024.4,92.8,,
883,2023-01-09 20:00,3.8,27,8.7,0,972.1,1025.1,90.4,,
883,2023-01-09 21:00,2.7,35.5,5.5,0,972.3,1025.6,92.2,,
883,2023-01-09 22:00,2.4,33.2,6.7,0,972.5,1025.9,86.9,,
883,2023-01-09 23:00,1.9,38.3,6.2,0,972.6,1026.1,73.1,,
883,2023-01-10 00:00,2.5,49.1,5.4,0,972.4,1025.7,51.8,,
883,2023-01-10 01:00,3.3,47.3,6.2,0,972.2,1025.3,30.8,,
883,2023-01-10 02:00,2.3,38.1,6,0,972.2,1025.6,41.3,,
883,2023-01-10 03:00,1.8,47.6,6,0,972.4,1025.9,74.8,,
883,2023-01-10 04:00,1.6,47.8,6.5,0,972.2,1025.7,82.2,,
883,2023-01-10 05:00,1.6,45.1,6.1,0,972.2,1025.7,82.2,,
883,2023-01-10 06:00,.1,59.2,3.7,0,972.8,1026.7,52.8,,
883,2023-01-10 07:00,1.7,98.6,4.9,0,973,1026.6,30,,
883,2023-01-10 08:00,.9,117.5,2.8,0,973.9,1027.7,61.6,,
883,2023-01-10 09:00,5.8,168.5,1.3,0,974.3,1027.1,59.3,,
883,2023-01-10 10:00,7.9,304.2,1.4,0,974.6,1026.9,54.1,,
883,2023-01-10 11:00,9.5,232.8,2.2,0,974.8,1026.9,53.4,,
883,2023-01-10 12:00,10.3,247.9,2.2,0,974.5,1026.4,50.2,,
883,2023-01-10 13:00,10.3,288.5,2.9,0,973.6,1025.4,49.5,,
883,2023-01-10 14:00,10.2,292.3,3.2,0,973.2,1025,54.7,,
883,2023-01-10 15:00,10.5,306.7,2.4,0,973.1,1024.9,54.8,,
883,2023-01-10 16:00,9.4,268.9,2.5,0,972.9,1024.9,61.4,,
883,2023-01-10 17:00,8.6,264.3,2.4,0,973,1025,65.9,,
883,2023-01-10 18:00,6.8,284.4,1.4,0,973.1,1025.6,70.3,,
883,2023-01-10 19:00,5.6,94,3,0,973.6,1026.4,78.3,,
883,2023-01-10 20:00,5.3,104.7,3.3,0,973.6,1026.5,83.4,,
883,2023-01-10 21:00,3.9,106,3.3,0,973.8,1026.9,85.9,,
883,2023-01-10 22:00,4.4,103.7,3.5,0,974,1027.1,82.9,,
883,2023-01-10 23:00,4,101.6,3.8,0,974.1,1027.3,82.7,,
883,2023-01-11 00:00,2.3,110.7,2.9,0,973.9,1027.4,87.3,,
883,2023-01-11 01:00,3.8,134.3,2.5,0,973.4,1026.5,82.8,,
883,2023-01-11 02:00,5.7,145,3.3,0,973.2,1026,75.1,,
883,2023-01-11 03:00,5.9,150,3.5,0,973.3,1026,72,,
883,2023-01-11 04:00,6.1,148.5,3.2,0,973.2,1025.9,72,,
883,2023-01-11 05:00,2.8,131.5,2.2,0,973,1026.3,82.4,,
883,2023-01-11 06:00,1.9,90.8,2.8,0,973.3,1026.8,86.8,,
883,2023-01-11 07:00,2.3,103.3,3.2,0,973.3,1026.7,87.2,,
883,2023-01-11 08:00,2.4,112.8,2.6,0,973.5,1026.9,88.6,,
883,2023-01-11 09:00,6.2,119.6,1.9,0,973.8,1026.5,81.1,,
883,2023-01-11 10:00,10.2,175,.9,0,974,1025.9,61.4,,
883,2023-01-11 11:00,10.7,292.8,1.9,0,973.9,1025.7,59.9,,
883,2023-01-11 12:00,11.9,29.1,2.3,0,973.2,1024.6,54.4,,
883,2023-01-11 13:00,12.4,50.2,2.3,0,972.4,1023.6,51.6,,
883,2023-01-11 14:00,12,26.6,3,0,972,1023.3,57.4,,
883,2023-01-11 15:00,12.1,10.1,2.8,0,971.3,1022.6,57.5,,
883,2023-01-11 16:00,11.4,20.4,3.2,0,971.5,1022.9,61.4,,
883,2023-01-11 17:00,10.8,197.8,1.7,0,971.3,1022.9,66.5,,
883,2023-01-11 18:00,7.9,177.2,1.6,0,971.8,1023.9,80.3,,
883,2023-01-11 19:00,5.7,94.5,3.3,0,971.6,1024.3,85.2,,
883,2023-01-11 20:00,5,100.6,2.7,0,971.6,1024.4,86.6,,
883,2023-01-11 21:00,4.3,79.8,1.3,0,971.6,1024.6,90.1,,
883,2023-01-11 22:00,2.9,105.1,2.7,0,971.7,1024.9,92.4,,
883,2023-01-11 23:00,4.1,89.9,2.7,0,971.6,1024.7,91,,
883,2023-01-12 00:00,2.9,118.2,2.2,0,971.3,1024.5,88.7,,
883,2023-01-12 01:00,8.3,142.2,6.1,0,970.6,1022.6,64.7,,
883,2023-01-12 02:00,9.1,141.3,6.1,0,970.6,1022.6,68.5,,
883,2023-01-12 03:00,10,153.9,5.5,0,970.7,1022.5,77.2,,
883,2023-01-12 04:00,9.8,160,5.3,0,970.6,1022.4,82.7,,
883,2023-01-12 05:00,10.7,152.8,6.5,0,970.2,1021.8,80.4,,
883,2023-01-12 06:00,10.7,155.1,5.3,0,970.3,1021.9,74.6,,
883,2023-01-12 07:00,11.6,147.3,5.2,0,969.9,1021.2,66.2,,
883,2023-01-12 08:00,11.6,150.3,5.5,0,970.2,1021.5,75.5,,
883,2023-01-12 09:00,13,147.4,6,0,970.4,1021.4,75.8,,
883,2023-01-12 10:00,14.6,162.2,6.4,0,970.6,1021.4,75.4,,
883,2023-01-12 11:00,14.4,163.8,4.7,0,970.8,1021.7,80.1,,
883,2023-01-12 12:00,13.9,164,4.4,0,970.1,1020.8,88.5,,
883,2023-01-12 13:00,13.5,159.8,5.5,1,969.1,1019.9,92,,
883,2023-01-12 14:00,14.1,164.9,6,.5,968.1,1019,89.8,,
883,2023-01-12 15:00,13.7,179,5.7,0,967.8,1018.5,94.6,,
883,2023-01-12 16:00,13,182.8,5.1,2,967.7,1018.5,96.3,,
883,2023-01-12 17:00,12.3,198.2,5.7,2,967.4,1018.4,98,,
883,2023-01-12 18:00,12.5,177,8.8,2,966.8,1017.7,96.5,,
883,2023-01-12 19:00,12.8,165.8,11.5,.5,966.4,1017.2,90.7,,
883,2023-01-12 20:00,13,173.8,9.4,.5,966.2,1017,94.9,,
883,2023-01-12 21:00,13.2,177.5,7.9,3.5,966.6,1017.3,98.2,,
883,2023-01-12 22:00,13.4,174.4,8.1,1,966.5,1017.2,98.6,,
883,2023-01-12 23:00,13.1,167.8,10.2,0,965.4,1016.1,99.3,,
883,2023-01-13 00:00,13.3,179.6,9,0,965.7,1016.4,99.3,,
883,2023-01-13 01:00,13.2,181.5,9.3,0,964.2,1014.8,99.7,,
883,2023-01-13 02:00,14,181.2,9.7,0,963.4,1014,99.8,,
883,2023-01-13 03:00,14.5,192.5,9.6,2,962.8,1013.3,99.9,,
883,2023-01-13 04:00,14.7,188.2,8.3,8.5,962.3,1012.7,100,,
883,2023-01-13 05:00,15.3,213.9,7.1,2,962,1012.2,100,,
883,2023-01-13 06:00,15.6,215.6,8.6,6.5,961.3,1011.4,100,,
883,2023-01-13 07:00,15.6,210,7.6,4.5,961.6,1011.7,99.9,,
883,2023-01-13 08:00,15.7,207.9,8.7,13,961.2,1011.2,100,,
883,2023-01-13 09:00,15.8,205.9,9.2,4,960.8,1010.8,100,,
883,2023-01-13 10:00,15.7,222.1,9.1,16.5,961.8,1011.9,100,,
883,2023-01-13 11:00,14.9,227.1,6.4,6,961.8,1012.1,100,,
883,2023-01-13 12:00,14.6,231,4.9,5,961.3,1011.7,100,,
883,2023-01-13 13:00,14.5,243.2,3.8,3.5,960.6,1010.9,100,,
883,2023-01-13 14:00,14.3,270.6,3.6,1.5,960.2,1010.6,99.9,,
883,2023-01-13 15:00,14.1,322.5,2.3,2,959.8,1010.2,99.9,,
883,2023-01-13 16:00,14.4,18.6,1.3,0,959.8,1010.1,99.8,,
883,2023-01-13 17:00,13.7,348.2,3.4,0,960.3,1010.6,99.9,,
883,2023-01-13 18:00,14.1,291.1,1.4,0,960.4,1010.9,99.7,,
883,2023-01-13 19:00,12.7,52.5,2.3,0,960.6,1011.1,99.9,,
883,2023-01-13 20:00,13.5,96.9,1.8,0,960.9,1011.3,99.9,,
883,2023-01-13 21:00,14.2,30.8,.5,0,960.7,1011.1,99.8,,
883,2023-01-13 22:00,13.2,93.7,3.9,.5,960.2,1010.6,100,,
883,2023-01-13 23:00,13.4,175.1,.7,.5,960.7,1011.1,100,,
883,2023-01-14 00:00,13.6,0,.2,3.5,959.3,1009.6,100,,
883,2023-01-14 01:00,11.7,25.9,4.5,.5,959.7,1010.4,99.8,,
883,2023-01-14 02:00,11.9,71.3,3.7,0,959.1,1009.8,99.7,,
883,2023-01-14 03:00,10.3,22.4,6.4,0,959.4,1010.5,99.9,,
883,2023-01-14 04:00,9.7,28.6,6.3,0,958.6,1009.8,99.9,,
883,2023-01-14 05:00,9.7,37.1,5.3,0,958.5,1009.7,100,,
883,2023-01-14 06:00,9.3,28.3,4.8,0,959.1,1010.4,100,,
883,2023-01-14 07:00,8.8,21.5,6.8,0,959,1010.2,99.9,,
883,2023-01-14 08:00,8.4,28.6,6.6,0,959.6,1011,99.9,,
883,2023-01-14 09:00,7.7,33.5,6.8,0,959.5,1011,100,,
883,2023-01-14 10:00,7.8,27,7.8,0,960,1011.5,100,,
883,2023-01-14 11:00,8.2,26.2,8.1,0,960.1,1011.5,100,,
883,2023-01-14 12:00,7.9,32.4,7,0,960.4,1011.9,100,,
883,2023-01-14 13:00,7.7,32.4,8.3,0,959,1010.5,100,,
883,2023-01-14 14:00,7.8,47.7,5.2,0,958.3,1009.7,100,,
883,2023-01-14 15:00,7.9,26.8,6.8,0,958.4,1009.8,100,,
883,2023-01-14 16:00,7.1,35,6.1,0,959.9,1011.6,100,,
883,2023-01-14 17:00,6.9,29.1,6.8,0,960.3,1012.1,100,,
883,2023-01-14 18:00,7,28.6,7.4,0,960.8,1012.6,100,,
883,2023-01-14 19:00,7.2,28.2,7.5,0,961.6,1013.4,100,,
883,2023-01-14 20:00,6.4,36.5,7.6,.5,962.2,1014.2,100,,
883,2023-01-14 21:00,5.9,35.8,7.3,0,962,1014.1,100,,
883,2023-01-14 22:00,6,34.2,7.4,0,962.3,1014.4,100,,
883,2023-01-14 23:00,5.6,32.6,7.2,0,962.9,1015.1,100,,
883,2023-01-15 00:00,5.3,29.2,7.5,.5,963.6,1015.9,100,,
883,2023-01-15 01:00,5.2,24.3,7,.5,963.9,1016.3,100,,
883,2023-01-15 02:00,4.6,33.3,7,1,963.6,1016.1,100,,
883,2023-01-15 03:00,4.8,30.8,7,.5,963.8,1016.3,100,,
883,2023-01-15 04:00,4.4,28.8,8,1,963.9,1016.5,100,,
883,2023-01-15 05:00,3.6,33,7.6,.5,963.8,1016.4,100,,
883,2023-01-15 06:00,3.2,30.2,7.8,0,963.6,1016.3,100,,
883,2023-01-15 07:00,2.8,25.1,9.7,0,964.9,1017.8,100,,
883,2023-01-15 08:00,1.8,28.2,10.4,0,965.3,1018.4,100,,
883,2023-01-15 09:00,1.8,24.6,8.8,0,965.5,1018.6,100,,
883,2023-01-15 10:00,1.5,24,9.5,0,965.6,1018.8,100,,
883,2023-01-15 11:00,1.4,25.7,10.2,0,965.3,1018.5,100,,
883,2023-01-15 12:00,.9,27.3,10.1,0,965.1,1018.4,100,,
883,2023-01-15 13:00,.8,28.6,10,0,964.1,1017.4,98.1,,
883,2023-01-15 14:00,.6,28.8,9.8,0,964,1017.3,95.8,,
883,2023-01-15 15:00,.5,27.7,10.2,0,963.8,1017.1,91.1,,
883,2023-01-15 16:00,.4,22.6,10.5,0,964.1,1017.5,91.4,,
883,2023-01-15 17:00,.2,25.2,10.4,0,964.4,1017.8,90.5,,
883,2023-01-15 18:00,.1,23.8,10.2,0,965.7,1019.2,87.6,,
883,2023-01-15 19:00,-.2,26.3,11.2,0,965.7,1019.3,86.1,,
883,2023-01-15 20:00,-.2,25.8,11.1,0,965.2,1018.8,86.3,,
883,2023-01-15 21:00,-.3,27.3,11.2,0,965.4,1019,84.7,,
883,2023-01-15 22:00,-.4,29.8,10.7,0,966.1,1019.8,81.5,,
883,2023-01-15 23:00,-.6,25.1,11.6,0,966.7,1020.5,82.7,,
883,2023-01-16 00:00,-.9,25.6,9.5,0,967,1020.9,83.4,,
883,2023-01-16 01:00,-.9,25.8,10,0,966.8,1020.6,82.8,,
883,2023-01-16 02:00,-1,29.1,11.4,0,967,1020.9,83.5,,
883,2023-01-16 03:00,-1.1,24.4,10.7,0,967.1,1020.9,83.5,,
883,2023-01-16 04:00,-1.2,25.5,11.4,0,967.1,1020.9,79.6,,
883,2023-01-16 05:00,-1,27.4,11.2,0,967.1,1021,81.9,,
883,2023-01-16 06:00,-.8,25.6,10.9,0,967.7,1021.6,82.3,,
883,2023-01-16 07:00,-.9,24.9,10.9,0,968.1,1022,77.9,,
883,2023-01-16 08:00,-.9,28.1,11.4,0,968.5,1022.4,74.9,,
883,2023-01-16 09:00,-.9,26,11,0,969.4,1023.4,80.6,,
883,2023-01-16 10:00,-.9,25.1,11.1,0,969.9,1023.9,74.9,,
883,2023-01-16 11:00,-1.2,30.4,10.6,0,970.2,1024.2,80.2,,
883,2023-01-16 12:00,-.9,24.5,10.7,0,970.1,1024.1,75.1,,
883,2023-01-16 13:00,-1,25.8,10.1,0,970.1,1024.2,77.5,,
883,2023-01-16 14:00,-1.2,24.2,10.4,0,969.6,1023.6,79.2,,
883,2023-01-16 15:00,-1.1,23.5,9.9,0,969.5,1023.5,78,,
883,2023-01-16 16:00,-1.1,26.2,9.3,0,969.9,1023.9,80.3,,
883,2023-01-16 17:00,-1.3,24.8,9.7,0,969.9,1023.9,75.3,,
883,2023-01-16 18:00,-1.4,32.7,9.3,0,970.5,1024.6,80.1,,
883,2023-01-16 19:00,-1.4,28.6,9.7,0,970.5,1024.6,78.1,,
883,2023-01-16 20:00,-1.4,33.8,8.6,0,970.7,1024.8,80.4,,
883,2023-01-16 21:00,-1.5,32.1,7.7,0,970.6,1024.7,80.2,,
883,2023-01-16 22:00,-1.4,29.6,6.1,0,970.9,1025,82.4,,
883,2023-01-16 23:00,-1.5,39.9,5.2,0,971.1,1025.2,81.1,,
883,2023-01-17 00:00,-1.5,35.3,4,0,971.6,1025.8,79.6,,
883,2023-01-17 01:00,-1.3,41.5,3.5,0,971.9,1026,82.7,,
883,2023-01-17 02:00,-1,27.7,5.7,0,971.9,1026.1,84.5,,
883,2023-01-17 03:00,-.9,36.2,6.9,0,971.4,1025.5,83.2,,
883,2023-01-17 04:00,-.8,33.8,6.8,0,971.3,1025.4,82.2,,
883,2023-01-17 05:00,-.9,33.2,5,0,971.6,1025.7,82.6,,
883,2023-01-17 06:00,-.9,49.2,3,0,971.8,1025.9,81.4,,
883,2023-01-17 07:00,-.9,47.3,4,0,971.7,1025.8,85.8,,
883,2023-01-17 08:00,-.8,45,3.7,0,971.9,1026,85.8,,
883,2023-01-17 09:00,-.2,48.6,4.2,0,971.9,1025.9,82.7,,
883,2023-01-17 10:00,0,36,4.5,0,972.5,1026.4,81.7,,
883,2023-01-17 11:00,.7,28.3,4.9,0,972,1025.7,77.5,,
883,2023-01-17 12:00,.5,27,3,0,971.7,1025.5,77.9,,
883,2023-01-17 13:00,.2,25.3,4.8,0,971.2,1025,84.8,,
883,2023-01-17 14:00,.2,27.7,5.5,0,970.6,1024.4,87.9,,
883,2023-01-17 15:00,-.1,26.9,4.5,0,970.4,1024.2,91.7,,
883,2023-01-17 16:00,.6,26.9,6.4,0,970.5,1024.2,82,,
883,2023-01-17 17:00,.3,25.5,6.6,0,970.7,1024.5,84.4,,
883,2023-01-17 18:00,.1,29.3,6.9,0,970.8,1024.6,82.2,,
883,2023-01-17 19:00,.3,24.2,6.6,0,971.3,1025.1,78.7,,
883,2023-01-17 20:00,.2,23.9,7,0,971.6,1025.4,73.4,,
883,2023-01-17 21:00,.1,29.2,4.8,0,972,1025.9,74.8,,
883,2023-01-17 22:00,.2,27,5.2,0,972.4,1026.3,74.5,,
883,2023-01-17 23:00,.3,26.1,5.8,0,972.8,1026.7,71.1,,
883,2023-01-18 00:00,.2,29.3,5.5,0,972.5,1026.4,71.3,,
883,2023-01-18 01:00,.3,29.5,4.6,0,972.6,1026.5,75.1,,
883,2023-01-18 02:00,.5,26.7,5.5,0,972.4,1026.2,73.8,,
883,2023-01-18 03:00,.7,26.1,5.2,0,972.4,1026.2,69.1,,
883,2023-01-18 04:00,.8,38.4,4.9,0,972.1,1025.8,75.2,,
883,2023-01-18 05:00,.8,32.4,4.5,0,971.9,1025.6,77.4,,
883,2023-01-18 06:00,.6,38.4,4.5,0,971.7,1025.5,81.3,,
883,2023-01-18 07:00,.5,65.4,5.2,0,972,1025.8,81.6,,
883,2023-01-18 08:00,.7,50.8,3.8,0,972.2,1026,79.1,,
883,2023-01-18 09:00,1.2,51.6,3.7,0,972.9,1026.6,78.2,,
883,2023-01-18 10:00,2.8,50.5,4.1,0,972.9,1026.2,70.9,,
883,2023-01-18 11:00,2.9,44.8,5.7,0,972.9,1026.2,73,,
883,2023-01-18 12:00,1.5,33.9,4.6,0,972.7,1026.3,79.1,,
883,2023-01-18 13:00,2.9,52,4.4,0,971.7,1024.9,68.3,,
883,2023-01-18 14:00,4.7,19.8,2.2,0,971.3,1024.2,59.8,,
883,2023-01-18 15:00,3,25.1,3.4,0,971.3,1024.5,67.4,,
883,2023-01-18 16:00,1.5,32.8,4.4,0,971.1,1024.6,80.8,,
883,2023-01-18 17:00,1.7,33.9,3.2,.5,971.1,1024.6,84.3,,
883,2023-01-18 18:00,1.6,25.4,4.2,0,971.2,1024.7,82.4,,
883,2023-01-18 19:00,1.7,24.6,4.4,0,971.4,1024.9,78.5,,
883,2023-01-18 20:00,2.1,32.5,4.5,0,971.7,1025.1,67.7,,
883,2023-01-18 21:00,2,37.3,3.9,0,972.1,1025.5,66.9,,
883,2023-01-18 22:00,1.9,35.4,2.6,0,972.2,1025.7,66.5,,
883,2023-01-18 23:00,1.5,43.1,1.2,0,972.2,1025.8,68.4,,
883,2023-01-19 00:00,1.5,28.4,1.6,0,971.8,1025.3,70.6,,
883,2023-01-19 01:00,1.6,18.3,1.2,0,971.6,1025.1,74.4,,
883,2023-01-19 02:00,1.7,26.9,3.1,0,971.8,1025.3,77.7,,
883,2023-01-19 03:00,1.6,24.1,3.6,0,971.7,1025.2,76.8,,
883,2023-01-19 04:00,1.5,27.4,4.1,0,971.2,1024.7,76.2,,
883,2023-01-19 05:00,1.6,31.7,3.6,0,971.4,1024.9,74.4,,
883,2023-01-19 06:00,1.7,32.5,3.1,0,971.5,1025,72.4,,
883,2023-01-19 07:00,1.6,32.3,3.5,0,972.1,1025.6,75.5,,
883,2023-01-19 08:00,1.4,25.2,3.5,0,972,1025.6,74.6,,
883,2023-01-19 09:00,1.6,33.4,2.9,0,972.1,1025.6,75.5,,
883,2023-01-19 10:00,2.1,32.3,2.9,0,972.5,1025.9,72.5,,
883,2023-01-19 11:00,2.4,26.2,3,0,972.4,1025.8,68.8,,
883,2023-01-19 12:00,2.7,33.8,3.3,0,971.7,1025,69.5,,
883,2023-01-19 13:00,3.8,24.6,3.9,0,970.7,1023.6,65.4,,
883,2023-01-19 14:00,4.6,24.9,3.3,0,970.1,1023,63.8,,
883,2023-01-19 15:00,3.9,309.4,3,0,969.9,1022.8,64.3,,
883,2023-01-19 16:00,4.4,322.1,2.2,0,969.7,1022.6,65.6,,
883,2023-01-19 17:00,3.8,316.1,1.5,0,969.9,1022.8,64.3,,
883,2023-01-19 18:00,3.6,282.9,3.2,0,970.4,1023.4,63.4,,
883,2023-01-19 19:00,3.3,290.4,1.7,0,970.9,1024,62.5,,
883,2023-01-19 20:00,3.4,71.1,.6,0,971,1024,64.2,,
883,2023-01-19 21:00,3.6,308.6,2.7,0,971.4,1024.4,61.8,,
883,2023-01-19 22:00,3.6,291.8,1.9,0,971.4,1024.4,63.1,,
883,2023-01-19 23:00,3.5,277,.8,0,971.2,1024.2,64.4,,
883,2023-01-20 00:00,2.5,166.8,1,0,971.5,1024.8,76.1,,
883,2023-01-20 01:00,3.4,273.6,2.1,0,971.8,1024.9,69.9,,
883,2023-01-20 02:00,3.7,288.6,3.8,0,971.8,1024.8,69.2,,
883,2023-01-20 03:00,4.1,289.6,3.4,0,971.7,1024.8,66.6,,
883,2023-01-20 04:00,4.5,280.4,1.8,0,971.4,1024.4,62.5,,
883,2023-01-20 05:00,4.9,320,3.8,0,971,1023.8,62.8,,
883,2023-01-20 06:00,5.4,317.4,6.1,0,971.1,1023.8,65.2,,
883,2023-01-20 07:00,5.3,315.4,5,0,971.4,1024.2,70.3,,
883,2023-01-20 08:00,3.5,26.8,7.1,0,972,1025.1,84,,
883,2023-01-20 09:00,3,32.1,7.1,0,972.9,1026.1,73.1,,
883,2023-01-20 10:00,3.7,23.5,7.9,0,973.6,1026.7,66,,
883,2023-01-20 11:00,3.6,25,8.3,0,974,1027.2,64.6,,
883,2023-01-20 12:00,3.5,25.2,10.4,0,973.5,1026.7,58.7,,
883,2023-01-20 13:00,3.4,32.9,9.5,0,973.3,1026.5,61,,
883,2023-01-20 14:00,2.8,27,9.3,0,973.1,1026.4,58.1,,
883,2023-01-20 15:00,1.8,33.9,9.1,0,972.8,1026.3,62.4,,
883,2023-01-20 16:00,.9,28.8,10.8,0,973.2,1027,65.3,,
883,2023-01-20 17:00,.1,24.1,10.2,0,973.4,1027.4,68.9,,
883,2023-01-20 18:00,-.9,22.5,7.9,0,974.1,1028.3,67.1,,
883,2023-01-20 19:00,-1,28.3,7.3,0,975.3,1029.6,70,,
883,2023-01-20 20:00,-1.4,26,7.6,0,974.7,1029,72.5,,
883,2023-01-20 21:00,-1.7,29.2,8,0,975,1029.4,70.7,,
883,2023-01-20 22:00,-1.6,32.8,6.5,0,975.1,1029.5,76.5,,
883,2023-01-20 23:00,-1.8,37.9,5.6,0,975.4,1029.8,75.2,,
883,2023-01-21 00:00,-2,36.8,4.5,0,975.2,1029.7,73.7,,
883,2023-01-21 01:00,-2,31.9,5.9,0,974.7,1029.2,78.4,,
883,2023-01-21 02:00,-2,28.8,6.1,0,974.8,1029.3,76.6,,
883,2023-01-21 03:00,-2,34.6,5,0,974.9,1029.4,77,,
883,2023-01-21 04:00,-2.1,38.7,4.7,0,974.6,1029.1,78.2,,
883,2023-01-21 05:00,-2.4,60.5,4.6,0,974.2,1028.7,76.5,,
883,2023-01-21 06:00,-2.4,44.2,4.3,0,974.6,1029.1,82.1,,
883,2023-01-21 07:00,-2.8,50.4,3.7,0,974.3,1028.9,84.1,,
883,2023-01-21 08:00,-2.2,40.1,4.4,0,974.8,1029.3,82.3,,
883,2023-01-21 09:00,-1.8,50.2,4.5,0,975.3,1029.7,78.5,,
883,2023-01-21 10:00,-1.3,40.6,5.5,0,975.9,1030.3,77.4,,
883,2023-01-21 11:00,-.6,42.5,5.1,0,975.9,1030.2,75.1,,
883,2023-01-21 12:00,.4,41.7,5.1,0,975.4,1029.4,72.9,,
883,2023-01-21 13:00,2.3,24.4,5.4,0,974.6,1028.1,67.4,,
883,2023-01-21 14:00,1.5,42.8,4.9,0,974.1,1027.8,69,,
883,2023-01-21 15:00,1.9,31.4,5.7,0,973.2,1026.7,68.8,,
883,2023-01-21 16:00,1.5,36,5.9,0,973.2,1026.8,72.6,,
883,2023-01-21 17:00,1.1,43.1,4.4,0,972.7,1026.4,74.2,,
883,2023-01-21 18:00,-.9,54,3.6,0,972.7,1026.9,81.5,,
883,2023-01-21 19:00,-1.6,43.3,2,0,974.4,1028.7,85,,
883,2023-01-21 20:00,-1.3,57,2.6,0,974,1028.3,90.2,,
883,2023-01-21 21:00,-1.1,100.2,1.9,0,973.5,1027.7,89.5,,
883,2023-01-21 22:00,-.7,104.8,2.8,0,973.1,1027.2,87.4,,
883,2023-01-21 23:00,1,149.4,2.9,0,973,1026.7,90.7,,
883,2023-01-22 00:00,-.7,141,2.5,0,971.4,1025.5,93.3,,
883,2023-01-22 01:00,.5,115.4,2.6,0,971.6,1025.4,89.5,,
883,2023-01-22 02:00,-.6,90.2,4.7,0,970.7,1024.7,69.5,,
883,2023-01-22 03:00,-.2,127.5,1.7,0,973.1,1027.1,67.2,,
883,2023-01-22 04:00,.3,90.7,3.6,0,971.9,1025.7,62.7,,
883,2023-01-22 05:00,1.3,14.4,1.9,0,971.2,1024.8,57.3,,
883,2023-01-22 06:00,2.3,186.1,3,0,971.2,1024.5,51.2,,
883,2023-01-22 07:00,1.9,134.5,1.8,0,971.7,1025.1,62.8,,
883,2023-01-22 08:00,2.9,78,3.2,0,971.1,1024.3,53,,
883,2023-01-22 09:00,4.2,51.7,1.2,0,971.2,1024.2,59.5,,
883,2023-01-22 10:00,5,76.9,2.5,0,971,1023.8,59.2,,
883,2023-01-22 11:00,6.4,106.2,2.3,0,970.6,1023,48.8,,
883,2023-01-22 12:00,5.2,39.3,2.9,0,969.2,1021.9,78.4,,
883,2023-01-22 13:00,5.2,23.5,2.8,0,967.9,1020.5,89.5,,
883,2023-01-22 14:00,4.7,40.7,3.8,.5,967.2,1019.9,93.9,,
883,2023-01-22 15:00,4.8,63.3,2.6,.5,966.6,1019.2,93.7,,
883,2023-01-22 16:00,4.7,71.1,4.6,.5,966.6,1019.2,92.8,,
883,2023-01-22 17:00,4.7,89.3,4.6,.5,965.8,1018.4,89.6,,
883,2023-01-22 18:00,4.7,78.8,4.4,0,966.5,1019.1,88.6,,
883,2023-01-22 19:00,4.5,75.5,7.4,0,966.7,1019.4,89.4,,
883,2023-01-22 20:00,4.5,104.2,6.5,0,966.1,1018.8,88.4,,
883,2023-01-22 21:00,5.1,107.9,4.1,0,966.5,1019,84.2,,
883,2023-01-22 22:00,5.4,95.1,5.8,0,966.3,1018.8,84.1,,
883,2023-01-22 23:00,5.5,82.5,7.6,0,967,1019.5,86.8,,
883,2023-01-23 00:00,4.7,62.5,6.9,0,967.3,1020,91.6,,
883,2023-01-23 01:00,4.9,78.7,6.8,0,967.4,1020,87,,
883,2023-01-23 02:00,4.7,71.3,7.8,0,967.7,1020.4,90.6,,
883,2023-01-23 03:00,4.4,50.6,5,0,968.3,1021.1,94.5,,
883,2023-01-23 04:00,4.2,57.4,5.5,0,967.9,1020.7,88.1,,
883,2023-01-23 05:00,4,64.3,6.4,0,966.8,1019.6,85.2,,
883,2023-01-23 06:00,3.7,70.3,4,0,966.1,1018.8,79.1,,
883,2023-01-23 07:00,3,94,2.8,0,965.9,1018.8,73.9,,
883,2023-01-23 08:00,4,76.9,3.8,0,966.7,1019.5,65.9,,
883,2023-01-23 09:00,4.4,51.7,5.4,0,968.6,1021.4,80,,
883,2023-01-23 10:00,5.4,37.8,4.9,0,968.9,1021.5,76.6,,
883,2023-01-23 11:00,4.7,31.8,8.3,0,969.1,1021.9,79.4,,
883,2023-01-23 12:00,5.5,42.6,7.8,0,967.6,1020.1,63.2,,
883,2023-01-23 13:00,5.4,43.1,7.6,0,967,1019.5,60.7,,
883,2023-01-23 14:00,7.1,38.1,6.7,0,966.5,1018.5,57.5,,
883,2023-01-23 15:00,6.1,34,7,0,965.6,1017.8,64.9,,
883,2023-01-23 16:00,4.8,34,8.7,0,965.7,1018.3,65.5,,
883,2023-01-23 17:00,4.3,32.7,6.6,0,966.8,1019.6,64.5,,
883,2023-01-23 18:00,3.7,26.3,6.4,0,967.7,1020.5,73.3,,
883,2023-01-23 19:00,2.8,25.4,10,0,967.5,1020.5,77.6,,
883,2023-01-23 20:00,2.4,29.7,9.6,0,968.1,1021.2,71.8,,
883,2023-01-23 21:00,2.2,30.4,9.6,0,968.6,1021.8,76.2,,
883,2023-01-23 22:00,1.9,31.9,8.6,0,968.6,1021.9,75.7,,
883,2023-01-23 23:00,1.2,27.3,10.8,0,969.2,1022.7,82.7,,
883,2023-01-24 00:00,.7,28.8,10.3,0,969.1,1022.7,84.9,,
883,2023-01-24 01:00,-.3,27.1,11.9,0,969.3,1023.1,82.9,,
883,2023-01-24 02:00,-1.2,26.5,11.7,0,969.6,1023.6,79.8,,
883,2023-01-24 03:00,-1.9,30.5,11.6,0,969.1,1023.2,75.7,,
883,2023-01-24 04:00,-3.1,28.3,13,0,969.2,1023.6,80.8,,
883,2023-01-24 05:00,-3.9,36.3,10.3,0,969,1023.6,82,,
883,2023-01-24 06:00,-4,33.4,11.4,0,969.3,1023.9,69.4,,
883,2023-01-24 07:00,-5.4,39.3,11.8,0,970.3,1025.3,76.7,,
883,2023-01-24 08:00,-6.1,42.1,11.7,0,970.9,1026,73.7,,
883,2023-01-24 09:00,-6.9,42.8,10,0,971.7,1027,82.2,,
883,2023-01-24 10:00,-7.6,33.6,11.4,0,972,1027.5,91.1,,
883,2023-01-24 11:00,-7.6,41.6,8,.5,972.2,1027.7,82.8,,
883,2023-01-24 12:00,-6.7,14.9,8.1,0,971.6,1026.9,72.6,,
883,2023-01-24 13:00,-7.7,30.2,8.1,0,970.7,1026.2,90.6,,
883,2023-01-24 14:00,-6.7,36.2,8.5,0,970.6,1025.8,70.8,,
883,2023-01-24 15:00,-6.2,6.3,8.6,0,971.1,1026.2,60.7,,
883,2023-01-24 16:00,-7.3,44.3,8.7,0,971.4,1026.8,92.8,,
883,2023-01-24 17:00,-6.8,346.7,8.2,0,972.1,1027.4,60.9,,
883,2023-01-24 18:00,-7.3,41.7,9.5,.5,972.7,1028.2,88.8,,
883,2023-01-24 19:00,-7.4,16.5,9.3,0,973.4,1028.9,91.5,,
883,2023-01-24 20:00,-6.6,30.9,9.1,0,973.6,1029,68.7,,
883,2023-01-24 21:00,-7.4,33.8,10.3,0,973.9,1029.5,91.1,,
883,2023-01-24 22:00,-7.1,31.9,13,0,973.7,1029.2,80.8,,
883,2023-01-24 23:00,-7.2,31.4,12,0,973.6,1029.1,93,,
883,2023-01-25 00:00,-7.3,29.4,11.5,.5,973.7,1029.2,92.5,,
883,2023-01-25 01:00,-6.4,27.6,12,0,974.1,1029.4,65.1,,
883,2023-01-25 02:00,-6.6,24.3,9.7,0,974.2,1029.6,73.9,,
883,2023-01-25 03:00,-6.8,29.1,10.2,.5,974.5,1030,84.9,,
883,2023-01-25 04:00,-6.8,36.7,7.5,0,974.3,1029.7,94.1,,
883,2023-01-25 05:00,-7.2,44.4,5.9,.5,974.1,1029.6,91.7,,
883,2023-01-25 06:00,-7.5,61.3,5.6,0,974.3,1029.9,89.9,,
883,2023-01-25 07:00,-7.5,66.1,5,0,975.1,1030.8,88.5,,
883,2023-01-25 08:00,-7.4,57.2,5.3,0,975.3,1030.9,90.5,,
883,2023-01-25 09:00,-6.4,53.9,3.8,0,975.9,1031.3,85.6,,
883,2023-01-25 10:00,-6.3,45.1,6.5,.5,976,1031.4,85.2,,
883,2023-01-25 11:00,-5,72,6.2,0,975.9,1031.1,72.7,,
883,2023-01-25 12:00,-3.4,33.7,4.8,0,975.5,1030.3,66.3,,
883,2023-01-25 13:00,-3,43.3,4.4,0,974.2,1028.9,62.6,,
883,2023-01-25 14:00,-2.2,44.4,4.4,0,973.2,1027.6,67.6,,
883,2023-01-25 15:00,-2.4,36.3,3.9,0,972.6,1027,64.3,,
883,2023-01-25 16:00,-2.6,51.9,4.1,0,971.9,1026.3,64,,
883,2023-01-25 17:00,-3.4,24,4.2,0,972.7,1027.4,72.7,,
883,2023-01-25 18:00,-3.7,81.2,2.6,0,972.7,1027.4,73.8,,
883,2023-01-25 19:00,-3.7,110.4,3,0,972.2,1026.9,77,,
883,2023-01-25 20:00,-5.1,110.3,2.9,0,971.1,1026.1,83.8,,
883,2023-01-25 21:00,-3.1,159,1.3,0,971.8,1026.3,81.8,,
883,2023-01-25 22:00,-2.4,148.1,1.5,0,972.1,1026.5,79.3,,
883,2023-01-25 23:00,-2.1,174.3,3.4,0,971.3,1025.6,79.4,,
883,2023-01-26 00:00,-1.2,159.4,2.9,0,971.3,1025.4,79.6,,
883,2023-01-26 01:00,-.9,167.7,2.3,0,971.3,1025.4,80.3,,
883,2023-01-26 02:00,-1.2,160.7,2.1,0,971.4,1025.5,89.1,,
883,2023-01-26 03:00,-.2,224.5,1.5,0,971.6,1025.5,77,,
883,2023-01-26 04:00,.1,225.6,2.7,0,971.1,1024.9,84.9,,
883,2023-01-26 05:00,.4,208.1,1.8,0,970.7,1024.4,84.6,,
883,2023-01-26 06:00,.8,215,2.3,0,969.8,1023.4,77.7,,
883,2023-01-26 07:00,.9,212.2,2,0,969.5,1023.1,76.9,,
883,2023-01-26 08:00,.8,163.2,2.1,0,969.7,1023.3,78.4,,
883,2023-01-26 09:00,1.8,264.4,1,0,971.7,1025.2,71.6,,
883,2023-01-26 10:00,2.3,260.8,1.5,0,971.7,1025,71.6,,
883,2023-01-26 11:00,2.9,299.7,2.5,0,971.2,1024.4,67.8,,
883,2023-01-26 12:00,3.4,312.6,3.3,0,970.5,1023.5,62.8,,
883,2023-01-26 13:00,4.1,290.9,2.9,0,969.6,1022.6,58.8,,
883,2023-01-26 14:00,3.7,322.6,3.4,0,968.5,1021.3,60.6,,
883,2023-01-26 15:00,3.5,310.9,3.5,0,968.7,1021.6,62.2,,
883,2023-01-26 16:00,4,354.7,2.3,0,968,1020.9,61.7,,
883,2023-01-26 17:00,3,27.8,1.5,0,967.2,1020.1,65.6,,
883,2023-01-26 18:00,2.6,8.6,.8,0,968.3,1021.4,67.3,,
883,2023-01-26 19:00,1.9,80.2,1,0,967.7,1020.9,73.6,,
883,2023-01-26 20:00,1.8,133,1.5,0,968.2,1021.5,81.3,,
883,2023-01-26 21:00,1.1,93.2,2.3,0,967.9,1021.3,91.6,,
883,2023-01-26 22:00,1.3,83.9,1.5,0,967.7,1021.1,92.5,,
883,2023-01-26 23:00,2,43.2,1.5,0,967.7,1020.9,89.1,,
883,2023-01-27 00:00,1.5,25.5,4.8,1,966.7,1020,97.6,,
883,2023-01-27 01:00,1.3,31.8,3.2,.5,966.9,1020.2,98.4,,
883,2023-01-27 02:00,1.3,25.2,3.5,0,967.1,1020.4,96.7,,
883,2023-01-27 03:00,.7,28.1,4.2,.5,966.4,1019.8,94.5,,
883,2023-01-27 04:00,.3,18.1,5.3,0,966.8,1020.4,86.1,,
883,2023-01-27 05:00,.2,31,6.6,0,966,1019.5,79,,
883,2023-01-27 06:00,.1,31.9,7.6,0,965.5,1019,87.8,,
883,2023-01-27 07:00,-.1,7.2,6.3,0,966.4,1020,83.3,,
883,2023-01-27 08:00,-1,24.9,5.7,0,966.6,1020.5,96.4,,
883,2023-01-27 09:00,-1.8,26.9,8.8,0,967.7,1021.7,94.4,,
883,2023-01-27 10:00,-1.5,28.5,9,0,968,1022,96.3,,
883,2023-01-27 11:00,-1.7,19.5,7.5,1,967.8,1021.8,98.9,,
883,2023-01-27 12:00,-2.5,37.3,9.1,.5,967.3,1021.5,98.4,,
883,2023-01-27 13:00,-2.1,31.8,7.8,.5,967.7,1021.8,67.2,,
883,2023-01-27 14:00,-3.9,29.6,11.8,0,967,1021.4,94.8,,
883,2023-01-27 15:00,-3.7,35,11.6,0,967.2,1021.6,93,,
883,2023-01-27 16:00,-2.1,31.2,6.8,0,967.9,1022,77.6,,
883,2023-01-27 17:00,-3.3,26.4,6.7,.5,968.2,1022.6,88.8,,
883,2023-01-27 18:00,-3.2,28.6,6.5,0,968.1,1022.5,83.5,,
883,2023-01-27 19:00,-2.4,42,7.4,0,968.8,1023,68.1,,
883,2023-01-27 20:00,-2.2,57.5,7.2,0,968.6,1022.8,74.6,,
883,2023-01-27 21:00,-3.3,29,9.8,.5,968.5,1022.9,97.4,,
883,2023-01-27 22:00,-3.6,29.2,10,0,968.6,1023.1,92.4,,
883,2023-01-27 23:00,-3.5,33.5,9.8,0,968.4,1022.8,86.5,,
883,2023-01-28 00:00,-3,49.4,6.6,0,968.7,1023,72.1,,
883,2023-01-28 01:00,-3.5,30.1,8.8,.5,968.6,1023,86.9,,
883,2023-01-28 02:00,-3.7,31.2,9,0,968.8,1023.3,82.7,,
883,2023-01-28 03:00,-3.9,34.6,9.8,0,968.5,1023,93.4,,
883,2023-01-28 04:00,-3.3,28,10.5,.5,967.8,1022.2,82.2,,
883,2023-01-28 05:00,-3.1,31.5,10.1,0,967.9,1022.2,76.9,,
883,2023-01-28 06:00,-3.3,33.8,8.5,0,968,1022.4,82.3,,
883,2023-01-28 07:00,-3.6,23.8,8.9,0,968.3,1022.8,91.2,,
883,2023-01-28 08:00,-3.5,27.8,8.5,.5,968.8,1023.3,94.8,,
883,2023-01-28 09:00,-3.7,26.5,7.3,.5,969.7,1024.3,96.3,,
883,2023-01-28 10:00,-3.8,47.3,5,2,970,1024.6,96.8,,
883,2023-01-28 11:00,-3.8,38.4,6.7,.5,969.8,1024.4,94.2,,
883,2023-01-28 12:00,-3.3,54.9,4.1,0,969.4,1023.8,86,,
883,2023-01-28 13:00,-3.3,41.4,4.6,1,968.8,1023.2,89.5,,
883,2023-01-28 14:00,-3.2,34.2,5.2,1,968.4,1022.8,94.7,,
883,2023-01-28 15:00,-1.4,25.3,5.9,0,968.3,1022.3,65.7,,
883,2023-01-28 16:00,-1.2,21.3,6.1,0,968.7,1022.6,67.6,,
883,2023-01-28 17:00,-1.2,354.7,5.9,0,968.8,1022.7,64.5,,
883,2023-01-28 18:00,-1.3,37.8,5.7,0,969.1,1023.1,63.6,,
883,2023-01-28 19:00,-1.2,34.6,5.2,0,969.4,1023.4,63.6,,
883,2023-01-28 20:00,-.8,2.3,4.2,0,969.8,1023.8,65.1,,
883,2023-01-28 21:00,-.5,322.1,4.1,0,969.9,1023.8,62.3,,
883,2023-01-28 22:00,-.2,39.4,4,0,969.7,1023.5,63.3,,
883,2023-01-28 23:00,-.1,30.3,4.4,0,969.4,1023.2,64.7,,
883,2023-01-29 00:00,.3,45.5,5.2,0,969.2,1022.9,65.3,,
883,2023-01-29 01:00,0,26.6,3.8,0,969,1022.7,68.6,,
883,2023-01-29 02:00,0,34.4,3.6,0,969,1022.7,68.5,,
883,2023-01-29 03:00,.1,353.3,3.7,0,968.9,1022.6,71.4,,
883,2023-01-29 04:00,.2,356.3,4.7,0,968.5,1022.2,73.4,,
883,2023-01-29 05:00,.2,13.3,3.3,0,968.2,1021.9,74.1,,
883,2023-01-29 06:00,.4,33.4,4.5,0,968.3,1021.9,75,,
883,2023-01-29 07:00,.6,34.8,3.8,0,968.2,1021.8,75.5,,
883,2023-01-29 08:00,.7,32.3,3.1,0,968.5,1022.1,76.7,,
883,2023-01-29 09:00,1.1,50.9,1.7,0,968.9,1022.4,75.5,,
883,2023-01-29 10:00,1.6,35.9,1.3,0,969.4,1022.8,73.8,,
883,2023-01-29 11:00,2.6,317.2,2.5,0,969.2,1022.3,70,,
883,2023-01-29 12:00,3.5,297.1,3.6,0,968.6,1021.5,65.6,,
883,2023-01-29 13:00,3.5,267.7,3.7,0,967.5,1020.3,62.6,,
883,2023-01-29 14:00,3.5,297.2,4.1,0,967,1019.8,60.7,,
883,2023-01-29 15:00,3.5,288.4,3.8,0,966.9,1019.7,64.4,,
883,2023-01-29 16:00,3.6,287.6,3.5,0,966.9,1019.7,63.6,,
883,2023-01-29 17:00,3,308.3,3.1,0,967.2,1020.1,66.5,,
883,2023-01-29 18:00,3,311.6,4.6,0,967.6,1020.6,65.5,,
883,2023-01-29 19:00,3,307.5,4.9,0,967.8,1020.8,64.3,,
883,2023-01-29 20:00,2.9,283.6,4.1,0,968.1,1021.1,63.9,,
883,2023-01-29 21:00,2.8,293.2,4.2,0,968.2,1021.2,69.8,,
883,2023-01-29 22:00,3.2,305.2,5.4,0,968.3,1021.2,67.1,,
883,2023-01-29 23:00,3.5,300.4,5.3,0,968.4,1021.3,62.8,,
883,2023-01-30 00:00,3.7,288.4,3.3,0,968.4,1021.2,59.7,,
883,2023-01-30 01:00,3.4,36.7,5,0,968.4,1021.3,69.7,,
883,2023-01-30 02:00,2.5,344.5,5.2,0,968.7,1021.8,69,,
883,2023-01-30 03:00,1.8,34.6,6.7,0,968.7,1022,66.6,,
883,2023-01-30 04:00,1.2,28.7,6.7,0,968.6,1022,66.1,,
883,2023-01-30 05:00,1.1,30.8,7.5,0,969,1022.5,60,,
883,2023-01-30 06:00,1.3,31.5,6.9,0,969.5,1023,66.6,,
883,2023-01-30 07:00,1.2,26.3,7.6,0,969.9,1023.4,70.1,,
883,2023-01-30 08:00,.9,25.5,6.7,0,970.6,1024.2,68.2,,
883,2023-01-30 09:00,1.7,30.2,6.2,0,971.5,1025,64.8,,
883,2023-01-30 10:00,2.4,22.7,7.9,0,971.9,1025.2,62.8,,
883,2023-01-30 11:00,2.5,28.6,7.5,0,971.8,1025.1,63,,
883,2023-01-30 12:00,3,32.6,6.5,0,971.5,1024.7,49.9,,
883,2023-01-30 13:00,3.7,36.6,5.5,0,970.7,1023.7,47.8,,
883,2023-01-30 14:00,3.5,33.3,5.5,0,969.9,1022.9,51.8,,
883,2023-01-30 15:00,3.3,27.8,5.9,0,969.7,1022.7,51.7,,
883,2023-01-30 16:00,2.9,28.1,6.2,0,969.4,1022.5,57.5,,
883,2023-01-30 17:00,2.2,27,5,0,969.8,1023.1,60.6,,
883,2023-01-30 18:00,.6,29.9,4.7,0,969.7,1023.3,65.6,,
883,2023-01-30 19:00,-.2,60.1,3.6,0,969.8,1023.6,66.5,,
883,2023-01-30 20:00,-.1,74.2,4.6,0,969.9,1023.7,63.6,,
883,2023-01-30 21:00,-.1,67.2,4.6,0,969.8,1023.6,63.7,,
883,2023-01-30 22:00,-.1,66.5,4.6,0,969.5,1023.3,65,,
883,2023-01-30 23:00,-.2,71.2,4.5,0,969.7,1023.5,67.4,,
883,2023-01-31 00:00,-.7,74.5,3.2,0,969.4,1023.3,69.5,,
883,2023-01-31 01:00,-1.8,80.8,2.6,0,969.4,1023.5,60.2,,
883,2023-01-31 02:00,-1.9,91.8,2.5,0,969.1,1023.2,62.1,,
883,2023-01-31 03:00,-2.7,72.3,1.2,0,968.9,1023.2,72.1,,
883,2023-01-31 04:00,1.2,161.2,3.8,0,968.2,1021.6,63.9,,
883,2023-01-31 05:00,1.1,162.7,3.6,0,968.3,1021.7,67.4,,
883,2023-01-31 06:00,.8,164.2,4.1,0,968.2,1021.7,76.1,,
883,2023-01-31 07:00,.7,166.1,3.7,0,968.1,1021.6,81.6,,
883,2023-01-31 08:00,.9,150.9,4.9,0,967.6,1021.1,80.9,,
883,2023-01-31 09:00,3.4,151.2,5,0,967.9,1020.8,72.7,,
883,2023-01-31 10:00,5.4,174,5,0,968.5,1021.1,67.4,,
883,2023-01-31 11:00,7,189.9,5.2,0,968.1,1020.3,64.3,,
883,2023-01-31 12:00,8,207.8,4.6,0,967.5,1019.4,60.7,,
883,2023-01-31 13:00,8.6,228,4.5,0,966.8,1018.5,51.9,,
883,2023-01-31 14:00,8.9,242.5,4,0,966.1,1017.7,46.6,,
883,2023-01-31 15:00,8.8,230.6,4.4,0,965.6,1017.2,52.1,,
883,2023-01-31 16:00,8.2,221.1,3.7,0,965.5,1017.2,59.6,,
883,2023-01-31 17:00,7.2,201.5,3.7,0,965.3,1017.3,70.4,,
883,2023-01-31 18:00,5.6,180.1,3.5,0,965.1,1017.4,80.1,,
883,2023-01-31 19:00,5.5,171.6,3.6,0,965.2,1017.6,83,,
883,2023-01-31 20:00,5.9,174,2.7,0,965.1,1017.4,84.1,,
883,2023-01-31 21:00,6,176.2,4,0,965,1017.2,85.1,,
883,2023-01-31 22:00,6.4,180.3,4.2,0,965,1017.1,86.7,,
883,2023-01-31 23:00,6.1,176.4,5.2,0,964.8,1017,88.6,,
883,2023-02-01 00:00,7.1,181.2,5.5,0,964.3,1016.2,88.1,,
883,2023-02-01 01:00,7.6,181.4,5.1,0,964.3,1016.1,89.5,,
883,2023-02-01 02:00,8.1,182.4,4.4,0,964.3,1016,91.4,,
883,2023-02-01 03:00,8.1,190.8,4.1,0,964.1,1015.8,91.4,,
883,2023-02-01 04:00,8,195.3,3.4,0,963.8,1015.5,93.6,,
883,2023-02-01 05:00,7.3,214.7,2.6,0,963.8,1015.7,93.5,,
883,2023-02-01 06:00,6.8,316,.7,0,964.3,1016.3,95.2,,
883,2023-02-01 07:00,6.4,63.4,1.8,0,964.6,1016.7,91.2,,
883,2023-02-01 08:00,6.4,48.1,1.5,0,964.9,1017,93.1,,
883,2023-02-01 09:00,7.4,32.2,3.7,0,965.5,1017.4,96,,
883,2023-02-01 10:00,7.8,26.4,5.8,0,966,1017.8,86.6,,
883,2023-02-01 11:00,8.3,27.2,6.4,0,966.4,1018.1,80.1,,
883,2023-02-01 12:00,9.8,42.2,5.4,0,966.1,1017.7,49.6,,
883,2023-02-01 13:00,9.1,31.4,7.4,0,965.6,1017.3,49.9,,
883,2023-02-01 14:00,8.3,25.1,7.6,0,965.3,1017,65.7,,
883,2023-02-01 15:00,7.1,29.3,8,0,965.6,1017.6,69.5,,
883,2023-02-01 16:00,7.4,34.7,8,0,966,1017.9,52.6,,
883,2023-02-01 17:00,5.2,29.3,9.6,0,966.6,1019.1,68.6,,
883,2023-02-01 18:00,3.6,26.8,10.3,0,967.7,1020.5,87.3,,
883,2023-02-01 19:00,1.7,30.2,9.4,0,968.2,1021.5,80.5,,
883,2023-02-01 20:00,.9,33.9,8.9,0,967.9,1021.4,83,,
883,2023-02-01 21:00,.3,31.5,9.9,0,968.1,1021.7,80.2,,
883,2023-02-01 22:00,.1,34.4,9.6,0,968,1021.7,82.6,,
883,2023-02-01 23:00,-.2,38.8,9.1,0,968.3,1022.1,77.8,,
883,2023-02-02 00:00,-.2,40.1,8.9,0,968.5,1022.3,72.7,,
883,2023-02-02 01:00,-.5,35.2,9.6,0,969.1,1023,72.7,,
883,2023-02-02 02:00,-.7,36.9,9.4,0,969.5,1023.4,73.7,,
883,2023-02-02 03:00,-1,42.8,7.8,0,969.5,1023.5,73.7,,
883,2023-02-02 04:00,-1.1,38.5,7.4,0,969.8,1023.8,76,,
883,2023-02-02 05:00,-1.1,49,6.2,0,969.8,1023.8,80.8,,
883,2023-02-02 06:00,-1.2,61.7,5.7,0,970.8,1024.9,83.4,,
883,2023-02-02 07:00,-1.4,58.3,4.5,0,971.1,1025.2,85.3,,
883,2023-02-02 08:00,-1.4,48.6,5.8,0,971.3,1025.4,79.1,,
883,2023-02-02 09:00,-.3,46.5,6.2,0,971.8,1025.8,72.7,,
883,2023-02-02 10:00,.6,42.5,6.4,0,971.9,1025.7,66.9,,
883,2023-02-02 11:00,1.9,26.4,7.4,0,972.5,1026,62.8,,
883,2023-02-02 12:00,2.1,33,7.3,0,972.3,1025.7,57,,
883,2023-02-02 13:00,2.5,26.4,8.3,0,971.4,1024.7,53.2,,
883,2023-02-02 14:00,3.4,33.9,8.2,0,970,1023,52.2,,
883,2023-02-02 15:00,3.3,29,7.7,0,970,1023,53,,
883,2023-02-02 16:00,2.1,30.7,7,0,970.4,1023.7,51.8,,
883,2023-02-02 17:00,1.5,31.7,6.1,0,970.3,1023.8,54.6,,
883,2023-02-02 18:00,.7,43,4.1,0,970.6,1024.3,62.3,,
883,2023-02-02 19:00,-.6,55.7,3.9,0,970.4,1024.4,70,,
883,2023-02-02 20:00,-.4,61,3.9,0,970,1023.9,72.1,,
883,2023-02-02 21:00,-1,39.8,3.4,0,970,1024,75.6,,
883,2023-02-02 22:00,-1,43.9,4.3,0,970.2,1024.3,74.7,,
883,2023-02-02 23:00,-.3,46.9,3.8,0,969.7,1023.6,76.6,,
883,2023-02-03 00:00,-.6,29.5,5.8,0,969.5,1023.4,76.9,,
883,2023-02-03 01:00,-1,43.2,3.9,0,969.2,1023.2,76.1,,
883,2023-02-03 02:00,-.8,46.2,3.8,0,969,1022.9,74.8,,
883,2023-02-03 03:00,-.5,47.6,3.8,0,969.2,1023.1,72,,
883,2023-02-03 04:00,-.6,42.2,4.1,0,968.5,1022.4,75.9,,
883,2023-02-03 05:00,-.9,40.2,4.2,0,968.2,1022.1,78.7,,
883,2023-02-03 06:00,-.8,44.1,4.8,0,967.8,1021.7,74.8,,
883,2023-02-03 07:00,-.8,31,5.5,0,968.5,1022.4,71.9,,
883,2023-02-03 08:00,-.7,37.6,5.2,0,968.6,1022.5,73,,
883,2023-02-03 09:00,0,34.9,5.4,0,969.4,1023.2,75.1,,
883,2023-02-03 10:00,1.5,26.7,7.8,0,970.1,1023.5,70.5,,
883,2023-02-03 11:00,1.2,29.9,5.9,0,970.4,1023.9,68.9,,
883,2023-02-03 12:00,2.1,23.8,6.6,0,970.3,1023.6,65.4,,
883,2023-02-03 13:00,2.1,26.2,8.7,0,969.4,1022.7,68.7,,
883,2023-02-03 14:00,2,27.3,8.5,0,968.4,1021.6,70.7,,
883,2023-02-03 15:00,1.5,32.7,6.9,0,968.2,1021.5,73.2,,
883,2023-02-03 16:00,1.4,36.9,6.3,0,968.2,1021.6,72.2,,
883,2023-02-03 17:00,1.2,25,7,0,969.1,1022.6,74.1,,
883,2023-02-03 18:00,.4,21.4,7.4,0,969.2,1022.9,76.8,,
883,2023-02-03 19:00,.2,27.2,6.2,0,969.1,1022.8,79.1,,
883,2023-02-03 20:00,.3,31.4,6.5,0,968.7,1022.4,80.8,,
883,2023-02-03 21:00,.4,35.2,6,0,969,1022.7,83.1,,
883,2023-02-03 22:00,.2,41.8,4.8,0,969.2,1022.9,83.3,,
883,2023-02-03 23:00,0,40.6,4.8,0,969.3,1023.1,84.1,,
883,2023-02-04 00:00,-.4,43.1,4.2,0,969.6,1023.5,83.7,,
883,2023-02-04 01:00,-.1,40.8,5.5,0,969.5,1023.3,83.4,,
883,2023-02-04 02:00,-.2,44.5,4.8,0,969.9,1023.7,84.8,,
883,2023-02-04 03:00,-.2,38.2,5.8,0,969.8,1023.6,84.4,,
883,2023-02-04 04:00,-.1,42,6,0,969.5,1023.3,80.1,,
883,2023-02-04 05:00,0,31.7,7.1,0,969.4,1023.2,81.3,,
883,2023-02-04 06:00,-.6,33.8,6.3,0,969.7,1023.6,82.1,,
883,2023-02-04 07:00,-.8,43.7,4.9,0,970.7,1024.7,80.9,,
883,2023-02-04 08:00,-.8,45.3,5.1,0,970.9,1024.9,78.4,,
883,2023-02-04 09:00,.5,47.8,5.1,0,971.5,1025.3,71.1,,
883,2023-02-04 10:00,1.6,51.2,6.1,0,971.6,1025.1,63.7,,
883,2023-02-04 11:00,2.6,56.3,6.2,0,972,1025.3,54.2,,
883,2023-02-04 12:00,3.9,37.3,6.9,0,971.4,1024.4,52.2,,
883,2023-02-04 13:00,4.5,42.9,6.4,0,970.9,1023.8,50.3,,
883,2023-02-04 14:00,4.4,39.3,6.3,0,970.6,1023.5,47.3,,
883,2023-02-04 15:00,4.2,26.7,7.4,0,970.5,1023.5,55.9,,
883,2023-02-04 16:00,3.1,29.7,8.5,0,970.6,1023.7,60.4,,
883,2023-02-04 17:00,2.5,30.1,7.2,0,970.6,1023.8,66,,
883,2023-02-04 18:00,1.3,36.8,5.4,0,970.7,1024.2,72,,
883,2023-02-04 19:00,.5,56.8,3.9,0,971.2,1024.9,76.1,,
883,2023-02-04 20:00,.6,67.3,4.6,0,971.4,1025.1,76.2,,
883,2023-02-04 21:00,.8,62.2,4.4,0,971.7,1025.4,76.7,,
883,2023-02-04 22:00,.8,72.5,4,0,972.1,1025.8,76,,
883,2023-02-04 23:00,.6,68.5,4.1,0,972.1,1025.9,75.9,,
883,2023-02-05 00:00,.4,68.8,4.2,0,972.1,1025.9,73.1,,
883,2023-02-05 01:00,-.4,76.7,3.7,0,971.8,1025.8,75.4,,
883,2023-02-05 02:00,-.1,60.2,3.4,0,971.5,1025.4,73.4,,
883,2023-02-05 03:00,-.6,77.1,3.3,0,970.9,1024.9,68.9,,
883,2023-02-05 04:00,-1.3,74.5,3.3,0,970.9,1025,60.6,,
883,2023-02-05 05:00,-.1,97.4,4.5,0,971,1024.9,66,,
883,2023-02-05 06:00,-.8,102.6,3.3,0,971.1,1025.2,86,,
883,2023-02-05 07:00,-.8,109.3,3.4,0,971.1,1025.2,88.7,,
883,2023-02-05 08:00,0,118.7,2.7,0,971.2,1025.1,89,,
883,2023-02-05 09:00,2.8,110.8,.9,0,971.7,1024.9,80.5,,
883,2023-02-05 10:00,5.4,44.7,1.6,0,971.8,1024.6,70.9,,
883,2023-02-05 11:00,6.9,36.2,1.3,0,972.2,1024.6,58.9,,
883,2023-02-05 12:00,7.9,39,2.1,0,971.6,1023.7,49,,
883,2023-02-05 13:00,8.2,299.4,2.8,0,970.7,1022.7,44.5,,
883,2023-02-05 14:00,8.3,316.9,2.6,0,970.1,1022,47.1,,
883,2023-02-05 15:00,8.6,294.3,3.3,0,969.8,1021.7,42.7,,
883,2023-02-05 16:00,8.3,298.6,3.1,0,969.3,1021.2,43.2,,
883,2023-02-05 17:00,7.7,215.6,3.2,0,969.6,1021.7,60.5,,
883,2023-02-05 18:00,5.4,218.6,2.4,0,969.9,1022.6,69.4,,
883,2023-02-05 19:00,3.7,158.2,2,0,970.4,1023.3,77.2,,
883,2023-02-05 20:00,1.6,98.8,2.5,0,970.3,1023.7,83.1,,
883,2023-02-05 21:00,2.7,146.2,2.6,0,969.9,1023.1,82.1,,
883,2023-02-05 22:00,.4,105.3,2.4,0,970.1,1023.8,85.8,,
883,2023-02-05 23:00,.4,90,2.1,0,970.1,1023.8,86.4,,
883,2023-02-06 00:00,1.3,92.5,2.9,0,970.2,1023.7,78.5,,
883,2023-02-06 01:00,.7,113.9,2.5,0,970.3,1024,83.6,,
883,2023-02-06 02:00,1.9,139.2,2.1,0,969.8,1023.1,73.7,,
883,2023-02-06 03:00,1.3,115.2,2.1,0,969.4,1022.9,65.1,,
883,2023-02-06 04:00,1.4,103.8,2.5,0,968.6,1022,59.1,,
883,2023-02-06 05:00,2.1,71.3,2,0,968.3,1021.5,42.7,,
883,2023-02-06 06:00,2,111.2,1.3,0,968.4,1021.6,49.4,,
883,2023-02-06 07:00,4,163.7,2.7,0,968.5,1021.4,44,,
883,2023-02-06 08:00,2.8,86.3,2.7,0,968.6,1021.7,51.9,,
883,2023-02-06 09:00,5.3,105.2,2,0,968.8,1021.4,46,,
883,2023-02-06 10:00,7,0,.3,0,968.4,1020.6,42.7,,
883,2023-02-06 11:00,8.1,269.6,.6,0,968.7,1020.6,39.6,,
883,2023-02-06 12:00,6.2,112.4,1.2,0,967.6,1019.9,68.6,,
883,2023-02-06 13:00,6.5,83.2,2.4,0,966.8,1019,72.7,,
883,2023-02-06 14:00,5.4,65.3,2.3,1.5,965.7,1018.1,89.5,,
883,2023-02-06 15:00,5.3,93.2,2.8,.5,964.9,1017.3,82.2,,
883,2023-02-06 16:00,5.5,31.2,3.8,.5,964.2,1016.5,84.7,,
883,2023-02-06 17:00,5.3,0,.2,0,964.9,1017.3,91.8,,
883,2023-02-06 18:00,5.1,49.5,2.8,.5,964.7,1017.1,95.5,,
883,2023-02-06 19:00,5.6,106.6,4.7,0,965.2,1017.5,87.2,,
883,2023-02-06 20:00,5.5,73.6,4.8,.5,965.6,1018,93.3,,
883,2023-02-06 21:00,5.8,109.1,4.1,1,964.9,1017.2,91.4,,
883,2023-02-06 22:00,5.5,111.7,2.1,0,964.5,1016.8,95,,
883,2023-02-06 23:00,5.5,50.9,.8,1,964.7,1017,96.9,,
883,2023-02-07 00:00,5.4,186.6,1.5,0,964.5,1016.9,97.2,,
883,2023-02-07 01:00,5.9,85.2,2.2,0,964.4,1016.6,95.8,,
883,2023-02-07 02:00,5.9,107,4.6,0,964,1016.2,93.2,,
883,2023-02-07 03:00,5.6,96.1,5.3,0,963.9,1016.2,91.9,,
883,2023-02-07 04:00,6.3,95.3,5.7,0,964.3,1016.4,90.8,,
883,2023-02-07 05:00,5.9,47.4,4.1,.5,964.8,1017,89.5,,
883,2023-02-07 06:00,5.8,96.7,3.8,0,964.9,1017.2,92.2,,
883,2023-02-07 07:00,5.7,54.4,3.1,0,964.5,1016.8,90.7,,
883,2023-02-07 08:00,5.2,44,3.1,0,965.5,1018,89.2,,
883,2023-02-07 09:00,6.2,22.1,4.5,0,966.4,1018.7,87.3,,
883,2023-02-07 10:00,6.9,36,4.2,0,966.5,1018.6,86.6,,
883,2023-02-07 11:00,9.3,91.6,3.4,0,966.6,1018.3,72.3,,
883,2023-02-07 12:00,11,200.5,2.2,0,966.2,1017.5,66.1,,
883,2023-02-07 13:00,11.4,31.2,5.3,0,965.9,1017.1,60.1,,
883,2023-02-07 14:00,10.8,29.9,6.1,0,965.9,1017.2,63.5,,
883,2023-02-07 15:00,9.6,28,6.5,0,966.7,1018.4,68.2,,
883,2023-02-07 16:00,9,32,6.3,0,966.3,1018.1,65.2,,
883,2023-02-07 17:00,8.2,32.8,5.8,0,966.2,1018,64.1,,
883,2023-02-07 18:00,6,37.5,3.4,0,966.8,1019.1,69.6,,
883,2023-02-07 19:00,4.9,75.9,3.3,0,967.5,1020.1,71.3,,
883,2023-02-07 20:00,3.5,62.5,3.5,0,968.2,1021.1,66.4,,
883,2023-02-07 21:00,3.7,65.8,4.1,0,968.4,1021.2,74.7,,
883,2023-02-07 22:00,3.7,62.5,4.2,0,968.3,1021.1,77.7,,
883,2023-02-07 23:00,3.2,57.3,3.2,0,968.4,1021.4,81.1,,
883,2023-02-08 00:00,3.1,52.2,3.2,0,968.8,1021.8,84.4,,
883,2023-02-08 01:00,3,53.8,3.6,0,969.1,1022.1,88.9,,
883,2023-02-08 02:00,2.9,47.5,4,0,969.4,1022.5,90.2,,
883,2023-02-08 03:00,2.6,54.2,4,0,969.6,1022.8,83.4,,
883,2023-02-08 04:00,3.1,63.8,5.3,0,969.6,1022.6,60.4,,
883,2023-02-08 05:00,3,42.3,5.5,0,969.5,1022.6,49.4,,
883,2023-02-08 06:00,2.9,52.1,5,0,969.5,1022.6,53,,
883,2023-02-08 07:00,2.8,55.7,5.3,0,970.5,1023.7,66.3,,
883,2023-02-08 08:00,3.6,51,4.8,0,971.8,1024.8,29.8,,
883,2023-02-08 09:00,5.4,60.3,5,0,972.3,1025.1,26.9,,
883,2023-02-08 10:00,7.1,46.4,5.8,0,972.7,1025.1,26.5,,
883,2023-02-08 11:00,8.8,51.5,6.4,0,972.6,1024.6,22.8,,
883,2023-02-08 12:00,10.2,26.8,7.8,0,972.3,1024.1,24.6,,
883,2023-02-08 13:00,8,29.5,7.6,0,971.9,1024,53,,
883,2023-02-08 14:00,9.3,32.9,5.9,0,971.9,1023.9,42.7,,
883,2023-02-08 15:00,7.5,43.5,6.7,0,971.6,1023.8,45,,
883,2023-02-08 16:00,7.7,33.3,6.6,0,971.8,1024,44,,
883,2023-02-08 17:00,6.5,43.3,5.9,0,971.8,1024.3,49.2,,
883,2023-02-08 18:00,4.7,40.5,5.3,0,972.3,1025.3,59.8,,
883,2023-02-08 19:00,3.8,42.9,4.4,0,973.2,1026.3,61.6,,
883,2023-02-08 20:00,4.2,42.2,5,0,973.2,1026.3,60.1,,
883,2023-02-08 21:00,3.9,48.8,4.7,0,973.2,1026.3,65.8,,
883,2023-02-08 22:00,3.9,50.7,4.8,0,972.9,1025.9,63.7,,
883,2023-02-08 23:00,3.6,50.2,5,0,973.5,1026.6,65.9,,
883,2023-02-09 00:00,3,53.7,3.6,0,972.4,1025.6,53.6,,
883,2023-02-09 01:00,3,50.9,2.8,0,972.4,1025.6,52.1,,
883,2023-02-09 02:00,3.5,23.1,5.6,0,972.8,1025.9,64.3,,
883,2023-02-09 03:00,2.7,42,3.5,0,972.4,1025.7,69,,
883,2023-02-09 04:00,3.9,44.1,.5,0,972.6,1025.6,30.2,,
883,2023-02-09 05:00,4.7,149.7,1.9,0,972.6,1025.6,34.6,,
883,2023-02-09 06:00,3.7,94.6,2.4,0,972.6,1025.7,52,,
883,2023-02-09 07:00,4.4,86.4,3.8,0,972.6,1025.6,53.6,,
883,2023-02-09 08:00,5.3,100.6,3.1,0,972.3,1025.1,47.7,,
883,2023-02-09 09:00,7,66.1,2.1,0,973,1025.4,65.4,,
883,2023-02-09 10:00,7.7,43.4,1.8,0,972.6,1024.8,74,,
883,2023-02-09 11:00,8.9,27.6,3.8,0,972.2,1024.1,68.2,,
883,2023-02-09 12:00,9.4,35.7,2.1,0,971.5,1023.5,60.9,,
883,2023-02-09 13:00,10.2,347.1,1.7,0,970.2,1021.9,49.8,,
883,2023-02-09 14:00,10.4,29.5,2.7,0,968.9,1020.5,53.3,,
883,2023-02-09 15:00,10.3,321.9,1.2,0,968.2,1019.8,56.6,,
883,2023-02-09 16:00,9.3,322.2,2.7,0,968.4,1020.2,61.7,,
883,2023-02-09 17:00,8.5,82.3,1.3,0,967.9,1019.7,73.8,,
883,2023-02-09 18:00,6.8,84.8,2.2,.5,967.7,1019.9,90.2,,
883,2023-02-09 19:00,6.8,92.4,3,.5,967.2,1019.4,83.6,,
883,2023-02-09 20:00,5.9,52.7,1.6,1,966.8,1019.2,91.3,,
883,2023-02-09 21:00,5.7,85.7,2.2,2,965.2,1017.5,93.4,,
883,2023-02-09 22:00,5.8,100.1,2.8,2.5,963.2,1015.4,94.1,,
883,2023-02-09 23:00,5.9,57.8,2.6,3.5,963.4,1015.6,97.9,,
883,2023-02-10 00:00,6.6,53.7,5.4,2,963.2,1015.2,95.3,,
883,2023-02-10 01:00,6.4,52.2,7.3,5.5,963.2,1015.2,97.2,,
883,2023-02-10 02:00,5.1,57,9.8,2.5,962.5,1014.8,96.9,,
883,2023-02-10 03:00,5.1,54.3,8.6,0,961.5,1013.8,94.1,,
883,2023-02-10 04:00,5.9,74.1,11.5,0,960.3,1012.3,86.6,,
883,2023-02-10 05:00,7,69.8,8.2,0,961.2,1013,82.7,,
883,2023-02-10 06:00,9.3,88.5,5.1,0,961.8,1013.3,74.2,,
883,2023-02-10 07:00,6.5,67.9,7.8,0,962.5,1014.5,96.1,,
883,2023-02-10 08:00,5.4,43.7,7.4,0,964.1,1016.4,98.8,,
883,2023-02-10 09:00,5.2,42.3,6.2,0,964.8,1017.2,99.6,,
883,2023-02-10 10:00,5,37.4,6.7,0,965.6,1018.1,99.9,,
883,2023-02-10 11:00,5.9,34.8,7.5,0,966.3,1018.6,94.4,,
883,2023-02-10 12:00,5,27,8.2,,966.3,1018.9,92.9,,
883,2023-02-10 13:00,5,32.2,7.5,,966.1,1018.6,89.3,,
883,2023-02-10 14:00,5.1,34.4,7.6,,965.8,1018.3,89.8,,
883,2023-02-10 15:00,5.4,39.9,6.9,,965.7,1018.1,88.2,,
883,2023-02-10 16:00,4.8,30.1,7.9,,966.2,1018.8,89.5,,
883,2023-02-10 17:00,4.5,29.5,6.7,,966.8,1019.5,89.8,,
883,2023-02-10 18:00,4,29,6.8,,967.8,1020.7,92.4,,
883,2023-02-10 19:00,3,31.4,5.6,,968,1021,92.8,,
883,2023-02-10 20:00,2.2,41.4,4.6,,968,1021.2,95.2,,
883,2023-02-10 21:00,2.6,44.8,5.3,,967.9,1021,62.3,,
883,2023-02-10 22:00,2.3,54,4.3,,968.3,1021.5,56.4,,
883,2023-02-10 23:00,2.5,63.5,5.5,,968.3,1021.4,82.6,,
883,2023-02-11 00:00,3.8,74.3,6.1,,968.3,1021.1,53.4,,
883,2023-02-11 01:00,3.3,103.4,4.9,0,967.9,1020.8,52.9,,
883,2023-02-11 02:00,4,81.3,2.9,0,967.7,1020.6,47.3,,
883,2023-02-11 03:00,2.5,103.8,3.3,0,967.7,1020.8,71.4,,
883,2023-02-11 04:00,1.5,96.7,3.2,0,966.9,1020.2,87.6,,
883,2023-02-11 05:00,1.3,155,2.7,0,965.9,1019.2,89.2,,
883,2023-02-11 06:00,4.4,218,2,0,967.3,1020.1,61.7,,
883,2023-02-11 07:00,3.2,77.5,2.9,0,968.5,1021.5,75.6,,
883,2023-02-11 08:00,4.2,103.7,3.1,0,969.3,1022.2,72.4,,
883,2023-02-11 09:00,6,95.6,1,0,969.8,1022.3,63.8,,
883,2023-02-11 10:00,7.7,36.6,1.6,0,969.3,1021.3,62.3,,
883,2023-02-11 11:00,8.1,170.5,3.2,0,968.3,1020.2,72.5,,
883,2023-02-11 12:00,9.8,148.4,1.9,0,967.8,1019.5,67,,
883,2023-02-11 13:00,9.7,159.3,4.3,0,967.9,1019.6,68.4,,
883,2023-02-11 14:00,8.6,39.2,3.1,0,968.1,1019.9,73.1,,
883,2023-02-11 15:00,9.2,25.7,3.2,0,968.3,1020.1,76,,
883,2023-02-11 16:00,8.3,44.4,3.8,0,968,1019.8,88.7,,
883,2023-02-11 17:00,8.1,83.5,2.7,0,968,1019.9,85.3,,
883,2023-02-11 18:00,7.6,34.3,1.4,0,968.1,1020.1,86.7,,
883,2023-02-11 19:00,7.5,115.8,2.2,0,968.7,1020.8,82,,
883,2023-02-11 20:00,7.3,139.9,.9,0,969.5,1021.7,83,,
883,2023-02-11 21:00,7.4,102.2,2.5,0,969.8,1021.9,79.1,,
883,2023-02-11 22:00,7.4,91,1.9,0,969.9,1022.1,78,,
883,2023-02-11 23:00,7.4,164.8,1.1,0,970.2,1022.4,79.1,,
883,2023-02-12 00:00,7.7,193.3,2.4,0,969.7,1021.8,77.1,,
883,2023-02-12 01:00,7,42.7,2.3,0,969.3,1021.5,77.7,,
883,2023-02-12 02:00,5.2,90.5,1.8,0,969.6,1022.3,85.1,,
883,2023-02-12 03:00,5.5,97.8,2.7,0,969.4,1022,83.3,,
883,2023-02-12 04:00,5,106,2.6,0,969.3,1022,86.2,,
883,2023-02-12 05:00,5.5,97.1,3.9,0,968.7,1021.3,84.5,,
883,2023-02-12 06:00,5.8,80.7,3.4,0,968.3,1020.8,84.2,,
883,2023-02-12 07:00,6.3,104.3,2.6,0,968.7,1021.1,80.8,,
883,2023-02-12 08:00,6.8,115.1,1.8,0,968.4,1020.6,81.7,,
883,2023-02-12 09:00,10.2,89.8,2.4,0,968.2,1019.8,71.4,,
883,2023-02-12 10:00,10.6,167.4,1.2,0,968.1,1019.6,68.8,,
883,2023-02-12 11:00,10,5.5,2.2,0,967,1018.6,74.9,,
883,2023-02-12 12:00,10.3,267.5,.6,0,966,1017.4,74.6,,
883,2023-02-12 13:00,9.6,338.8,2.1,0,964.4,1015.9,78.7,,
883,2023-02-12 14:00,7.5,272.4,.6,4,964.3,1016.1,95.8,,
883,2023-02-12 15:00,7.9,36,5.4,3,962.1,1013.7,96.2,,
883,2023-02-12 16:00,9.3,36.2,1.6,4,959.7,1011.1,97.8,,
883,2023-02-12 17:00,8.1,66,9,6.5,960.2,1011.7,96.6,,
883,2023-02-12 18:00,8.9,44.5,3.7,3,960.7,1012,95,,
883,2023-02-12 19:00,9.1,40.9,2.2,.5,960.4,1011.9,95.2,,
883,2023-02-12 20:00,9,89,3,0,961.1,1012.6,94,,
883,2023-02-12 21:00,9.2,87.6,5.8,.5,961,1012.5,94.8,,
883,2023-02-12 22:00,8.9,77.2,6.6,0,960.7,1012,91.6,,
883,2023-02-12 23:00,9.7,86.1,6.1,0,960.7,1012,86.4,,
883,2023-02-13 00:00,9.1,78.7,6.5,0,960.5,1012,86.6,,
883,2023-02-13 01:00,9.5,87.8,1.8,0,960.1,1011.4,91.8,,
883,2023-02-13 02:00,9,238,3,0,960.5,1012,94.3,,
883,2023-02-13 03:00,8.8,79.1,.6,0,961.2,1012.5,97,,
883,2023-02-13 04:00,8.7,79.8,5.8,0,960.3,1011.6,89.7,,
883,2023-02-13 05:00,7.8,94.6,5.5,0,961.5,1013.1,91.9,,
883,2023-02-13 06:00,6.3,49,4.1,.5,961.3,1013.3,97,,
883,2023-02-13 07:00,5.7,45.4,6,.5,961.7,1013.8,97.8,,
883,2023-02-13 08:00,5.4,37.3,7.7,.5,961.9,1014.1,99,,
883,2023-02-13 09:00,5.5,45.2,5.7,.5,962.8,1015,99.2,,
883,2023-02-13 10:00,5,33.6,6,0,963.4,1015.8,99.7,,
883,2023-02-13 11:00,5.4,33.9,5.2,.5,964,1016.3,99.9,,
883,2023-02-13 12:00,5.4,33.7,6.5,.5,963.7,1016,97.1,,
883,2023-02-13 13:00,5.8,23.7,7.4,0,962.9,1015.1,92.5,,
883,2023-02-13 14:00,5,27.3,6.7,0,962.9,1015.3,89.5,,
883,2023-02-13 15:00,5.3,30.5,6.2,0,962.5,1014.8,85.8,,
883,2023-02-13 16:00,5.2,24.2,6,0,963.2,1015.5,87.6,,
883,2023-02-13 17:00,5.2,54,3.5,0,963.6,1016,85.8,,
883,2023-02-13 18:00,4.9,25.3,6.5,0,964.6,1017.1,93.1,,
883,2023-02-13 19:00,4.3,26.4,6.5,0,964.7,1017.3,97.1,,
883,2023-02-13 20:00,4,24.9,6,0,965.3,1018.1,96.7,,
883,2023-02-13 21:00,3.5,22.6,6.6,0,965.9,1018.6,97.6,,
883,2023-02-13 22:00,3.2,25,7,0,966.2,1019,97.6,,
883,2023-02-13 23:00,3,26.9,8.3,0,966,1018.9,97.4,,
883,2023-02-14 00:00,2.8,28.3,6.1,0,966.2,1019.1,98.7,,
883,2023-02-14 01:00,2.6,25.3,6.5,0,966.4,1019.4,98.7,,
883,2023-02-14 02:00,2.4,24.8,7.5,0,966.6,1019.6,98.9,,
883,2023-02-14 03:00,2.3,23.3,7.7,0,966.5,1019.6,98.6,,
883,2023-02-14 04:00,2.1,26.3,8.3,0,966.5,1019.6,98.3,,
883,2023-02-14 05:00,2,30.4,8,0,966.6,1019.7,96.2,,
883,2023-02-14 06:00,1.9,24.2,7.5,0,967.2,1020.4,94.9,,
883,2023-02-14 07:00,1.7,26.2,7.2,0,967.7,1021,93.2,,
883,2023-02-14 08:00,.8,31.7,7.6,0,968.4,1021.9,85.4,,
883,2023-02-14 09:00,2,32.5,7.4,0,968.8,1022.1,80.2,,
883,2023-02-14 10:00,2.2,33.4,8,0,968.9,1022.1,72.5,,
883,2023-02-14 11:00,2.9,26.8,8.4,0,969,1022.1,74.5,,
883,2023-02-14 12:00,2.7,23.5,8.8,0,968.6,1021.7,73.6,,
883,2023-02-14 13:00,3.9,29,8.1,0,967.8,1020.6,64,,
883,2023-02-14 14:00,4,27,8.3,0,967.2,1020.1,63.6,,
883,2023-02-14 15:00,3.9,26.1,8.5,0,967.2,1019.9,67.5,,
883,2023-02-14 16:00,2.8,25.5,8.6,0,967.6,1020.6,72.2,,
883,2023-02-14 17:00,2.1,25.5,7.8,0,967.9,1021.1,75.7,,
883,2023-02-14 18:00,1.4,23.7,7.7,0,968.1,1021.5,81.1,,
883,2023-02-14 19:00,.9,25.3,5.8,0,968.7,1022.2,84.6,,
883,2023-02-14 20:00,.6,25.7,6.5,0,969,1022.6,83.2,,
883,2023-02-14 21:00,.6,33.1,5.7,0,969.5,1023.1,82.6,,
883,2023-02-14 22:00,.2,43,4.7,0,969.5,1023.2,82.6,,
883,2023-02-14 23:00,-.6,59,3.2,0,970.2,1024.2,85,,
883,2023-02-15 00:00,-.2,48.9,4,0,970,1023.9,85.6,,
883,2023-02-15 01:00,-.8,52.8,3.8,0,970.1,1024.1,84.8,,
883,2023-02-15 02:00,-.7,44.9,4.6,0,969.9,1023.9,85.7,,
883,2023-02-15 03:00,-.8,52.1,3.8,0,969.7,1023.7,85.2,,
883,2023-02-15 04:00,-.7,33.7,5.3,0,969.4,1023.3,84.3,,
883,2023-02-15 05:00,-.7,35.7,3.7,0,970,1024,88.2,,
883,2023-02-15 06:00,.1,59.2,3.9,0,971.1,1024.9,87.6,,
883,2023-02-15 07:00,.6,44.7,3.2,0,972,1025.8,86.8,,
883,2023-02-15 08:00,.9,47,3.6,0,972.4,1026.1,87.8,,
883,2023-02-15 09:00,1.1,46.6,4.2,0,973,1026.7,89.7,,
883,2023-02-15 10:00,2.5,42.1,4.5,0,973.3,1026.7,80.2,,
883,2023-02-15 11:00,4.2,28.4,6.2,0,973.2,1026.3,75.4,,
883,2023-02-15 12:00,3.1,22.8,5.9,0,973.7,1027,81.8,,
883,2023-02-15 13:00,2.4,23,5.4,0,973.5,1026.9,90.8,,
883,2023-02-15 14:00,2,39.7,4.6,.5,972.9,1026.4,97.4,,
883,2023-02-15 15:00,1.9,36.5,4.5,0,973,1026.5,97.9,,
883,2023-02-15 16:00,1.9,36.4,4.2,.5,973.7,1027.3,98.7,,
883,2023-02-15 17:00,1.7,25.3,5,.5,974.3,1027.9,98.9,,
883,2023-02-15 18:00,1.8,23.8,4.9,.5,974.9,1028.5,99.1,,
883,2023-02-15 19:00,1.9,25.6,4.5,0,975.3,1028.9,99.6,,
883,2023-02-15 20:00,2,36.6,3.8,.5,975.6,1029.2,99.9,,
883,2023-02-15 21:00,2,35.1,3.2,0,976.3,1030,99.6,,
883,2023-02-15 22:00,2.2,39.7,3.4,0,976.6,1030.2,99.7,,
883,2023-02-15 23:00,2,52,3.1,0,976.3,1030,99.7,,
883,2023-02-16 00:00,2,43.4,2.7,0,976.2,1029.9,98.9,,
883,2023-02-16 01:00,2.3,28.4,4.3,0,976.1,1029.7,98.9,,
883,2023-02-16 02:00,2.2,69.2,4,0,976.1,1029.7,99.2,,
883,2023-02-16 03:00,2.4,78.4,3.8,0,976.3,1029.9,98.8,,
883,2023-02-16 04:00,2.2,83.7,3.9,0,975.9,1029.5,97.6,,
883,2023-02-16 05:00,2.7,75.8,4.2,0,975.7,1029.2,93.5,,
883,2023-02-16 06:00,3.1,84.8,3.6,0,976,1029.4,94.4,,
883,2023-02-16 07:00,3.4,97,4,0,976.2,1029.5,90.9,,
883,2023-02-16 08:00,3.7,85.8,3.7,0,976.4,1029.7,90,,
883,2023-02-16 09:00,5,34.8,1.8,0,976.9,1030,87.8,,
883,2023-02-16 10:00,6,49.4,2.5,0,977.2,1030.1,83.7,,
883,2023-02-16 11:00,6.1,62.3,3.4,0,977.4,1030.3,88.7,,
883,2023-02-16 12:00,6.6,36.4,3.9,0,977.1,1029.8,84.1,,
883,2023-02-16 13:00,5.7,38.4,5.5,0,976.6,1029.5,88.2,,
883,2023-02-16 14:00,4.1,22.9,5.9,0,976.1,1029.4,96.8,,
883,2023-02-16 15:00,3.9,30.6,4.9,0,976.1,1029.3,97.1,,
883,2023-02-16 16:00,4.1,34.2,5.2,0,975.9,1029.2,95.2,,
883,2023-02-16 17:00,4,32.8,5,0,976.1,1029.4,93.7,,
883,2023-02-16 18:00,3.7,32.3,5,0,975.8,1029,95.1,,
883,2023-02-16 19:00,2.5,40.6,2.7,0,975.7,1029.2,97,,
883,2023-02-16 20:00,2,85.9,2.3,0,975.7,1029.3,98.2,,
883,2023-02-16 21:00,3.4,130.8,1.2,0,975.8,1029.1,92.9,,
883,2023-02-16 22:00,3.6,170.3,2.5,0,976.1,1029.4,94.3,,
883,2023-02-16 23:00,3.6,161.9,2.1,0,975.5,1028.7,95,,
883,2023-02-17 00:00,2.9,175.4,1.7,0,975.3,1028.7,92.3,,
883,2023-02-17 01:00,2.1,58,1.8,0,975.1,1028.7,97.8,,
883,2023-02-17 02:00,3.2,178.9,2.5,0,974.7,1028,75.6,,
883,2023-02-17 03:00,4.5,193.4,3.2,0,975,1028.2,78.4,,
883,2023-02-17 04:00,5.2,183.1,3.6,0,974.5,1027.5,82.9,,
883,2023-02-17 05:00,5.4,193.5,2.2,0,974.8,1027.7,81.7,,
883,2023-02-17 06:00,5.5,167.1,1.3,0,974.9,1027.8,78.5,,
883,2023-02-17 07:00,5.4,162.5,2.9,0,974.7,1027.6,85.3,,
883,2023-02-17 08:00,6,166.8,1.8,0,974.7,1027.5,85.2,,
883,2023-02-17 09:00,7,198.7,1.7,0,974.9,1027.4,85.5,,
883,2023-02-17 10:00,8.3,207.3,3,0,975,1027.2,83.4,,
883,2023-02-17 11:00,9.5,186.2,6.5,0,974.3,1026.4,82.1,,
883,2023-02-17 12:00,9.7,191.8,5.2,0,974.1,1026.1,80.9,,
883,2023-02-17 13:00,9.4,184.3,4.7,0,973.1,1025.2,83.8,,
883,2023-02-17 14:00,10.1,185.7,4.5,0,971.9,1023.7,81.9,,
883,2023-02-17 15:00,9.9,213,2.7,0,971.8,1023.7,83.2,,
883,2023-02-17 16:00,9.9,172.7,5.7,0,971.2,1023,87,,
883,2023-02-17 17:00,10.5,166.8,6,0,971.2,1022.9,88.2,,
883,2023-02-17 18:00,10.2,188.6,3.8,0,971.5,1023.3,93.4,,
883,2023-02-17 19:00,10.5,182.1,4.8,1.5,971.7,1023.4,95.1,,
883,2023-02-17 20:00,10.8,182.6,5.6,0,970.8,1022.4,93,,
883,2023-02-17 21:00,11.2,192.4,4.7,0,971.4,1022.9,94.7,,
883,2023-02-17 22:00,11.8,203.1,5.5,0,971.1,1022.4,94.1,,
883,2023-02-17 23:00,12.2,204.2,6.7,0,970.8,1022,95.2,,
883,2023-02-18 00:00,12.2,210.1,6.1,0,970.8,1022,97.8,,
883,2023-02-18 01:00,12.2,211.4,5.2,0,970.4,1021.6,99.3,,
883,2023-02-18 02:00,12.1,211.9,4.6,0,970.3,1021.5,99.6,,
883,2023-02-18 03:00,11.7,209.8,4.8,0,969.9,1021.2,99.5,,
883,2023-02-18 04:00,10.7,185.9,4,0,969.5,1021,99.7,,
883,2023-02-18 05:00,10.6,190.3,4.1,0,969.3,1020.8,92.4,,
883,2023-02-18 06:00,10.7,198.6,4.5,0,969.4,1020.9,83.2,,
883,2023-02-18 07:00,10.6,200,3.8,0,969.7,1021.3,81.7,,
883,2023-02-18 08:00,11.2,223.6,3.5,0,969.7,1021.1,83.4,,
883,2023-02-18 09:00,11.5,212.9,4.2,0,969.9,1021.2,85.9,,
883,2023-02-18 10:00,11.5,225.5,3.3,0,970.1,1021.4,87.2,,
883,2023-02-18 11:00,12,228.7,2.8,0,970,1021.2,87.4,,
883,2023-02-18 12:00,12.5,219.6,3.3,0,969.2,1020.2,87.2,,
883,2023-02-18 13:00,12.4,210.3,3.5,0,968.3,1019.3,86.6,,
883,2023-02-18 14:00,11.7,202.1,3.1,0,967.3,1018.5,90.9,,
883,2023-02-18 15:00,11,232,1.4,0,966.7,1018,96.7,,
883,2023-02-18 16:00,11.5,166.9,2.7,1,966.5,1017.7,98,,
883,2023-02-18 17:00,12.4,184.8,3.8,0,965.8,1016.7,96.8,,
883,2023-02-18 18:00,12.1,213.9,2.9,.5,966.1,1017.1,98.1,,
883,2023-02-18 19:00,12.1,193.1,2.8,.5,966.1,1017.1,98.9,,
883,2023-02-18 20:00,11.9,191.9,2.6,0,966.1,1017.1,99.2,,
883,2023-02-18 21:00,12.4,204.1,4.1,0,965.8,1016.7,99.4,,
883,2023-02-18 22:00,11.9,242.8,3.5,0,966.7,1017.8,97.2,,
883,2023-02-18 23:00,10.8,258.6,3.4,0,966.7,1018,99,,
883,2023-02-19 00:00,10.5,273.4,3.1,0,966.3,1017.7,99.3,,
883,2023-02-19 01:00,10.4,228.7,1.9,.5,966.4,1017.8,99.5,,
883,2023-02-19 02:00,10.1,274.5,3.7,0,966.6,1018.1,99.8,,
883,2023-02-19 03:00,9.2,304.9,6.4,3,966.6,1018.4,99.9,,
883,2023-02-19 04:00,7.8,316.9,6.5,1,966.2,1018.1,100,,
883,2023-02-19 05:00,6.7,47.5,4.7,1,966.2,1018.3,99.9,,
883,2023-02-19 06:00,6,50.8,5.7,1,966.7,1019,100,,
883,2023-02-19 07:00,5.4,26.3,9.2,0,967,1019.5,100,,
883,2023-02-19 08:00,4.9,25.5,9.7,0,967.4,1020,99.9,,
883,2023-02-19 09:00,5,29.7,9,0,967.7,1020.3,95.2,,
883,2023-02-19 10:00,5.4,29.7,9.1,0,968.1,1020.7,90.2,,
883,2023-02-19 11:00,4.9,35.2,9.5,0,968.1,1020.8,95,,
883,2023-02-19 12:00,4.5,25.1,6.7,0,968.4,1021.2,87.4,,
883,2023-02-19 13:00,3.7,32.3,8.9,0,967.8,1020.6,83.6,,
883,2023-02-19 14:00,2.8,26,11.1,0,967.4,1020.4,86.1,,
883,2023-02-19 15:00,2.7,26.7,10.6,0,967.3,1020.3,86,,
883,2023-02-19 16:00,2.2,25.4,11.1,0,967.4,1020.5,79.2,,
883,2023-02-19 17:00,1.9,24.1,9.7,0,968.1,1021.3,79.7,,
883,2023-02-19 18:00,1.2,28.4,10,0,968.6,1022,81.1,,
883,2023-02-19 19:00,.7,28.8,10,0,969,1022.6,83.5,,
883,2023-02-19 20:00,0,33.4,8.2,0,969,1022.7,83.7,,
883,2023-02-19 21:00,-.3,35.7,8.2,0,968.9,1022.7,84.2,,
883,2023-02-19 22:00,-.1,36,9,0,969.1,1022.9,85,,
883,2023-02-19 23:00,-.6,38.7,7.5,0,969.3,1023.2,85.4,,
883,2023-02-20 00:00,-.5,40.4,7.5,0,969.7,1023.6,84.6,,
883,2023-02-20 01:00,-.2,35.3,8.3,0,969.9,1023.7,83.3,,
883,2023-02-20 02:00,-.4,37.4,8.2,0,970.2,1024.1,80.7,,
883,2023-02-20 03:00,-.3,38.4,7.9,0,970,1023.9,83.2,,
883,2023-02-20 04:00,-.2,39.3,8.7,0,969.4,1023.2,82.4,,
883,2023-02-20 05:00,-.3,42.4,7.9,0,969.3,1023.1,77.9,,
883,2023-02-20 06:00,-.3,44.6,6.6,0,970,1023.9,75.5,,
883,2023-02-20 07:00,-.2,37.2,6.3,0,971.1,1025,74,,
883,2023-02-20 08:00,.5,40.6,6.5,0,971.4,1025.2,73.8,,
883,2023-02-20 09:00,2.2,35,7.7,0,972.3,1025.7,70.1,,
883,2023-02-20 10:00,3.6,28.3,10,0,972.4,1025.5,61.4,,
883,2023-02-20 11:00,4.2,33.7,8.7,0,973,1026.1,61.3,,
883,2023-02-20 12:00,5.5,29.9,8,0,973.1,1025.9,58.6,,
883,2023-02-20 13:00,4.4,41.8,7.8,0,973.1,1026.2,63.9,,
883,2023-02-20 14:00,4.5,27,7.4,0,972.5,1025.5,63,,
883,2023-02-20 15:00,5.2,39.5,7,0,972.5,1025.3,54.3,,
883,2023-02-20 16:00,4.5,26.7,10.6,0,972.5,1025.5,66.4,,
883,2023-02-20 17:00,2.4,29.6,10.5,0,972.9,1026.3,68.8,,
883,2023-02-20 18:00,1.2,27.9,11.4,0,973.2,1026.9,66.2,,
883,2023-02-20 19:00,.1,25.8,11.3,0,973.5,1027.5,66.6,,
883,2023-02-20 20:00,-.3,30,11.3,0,973.9,1028,66.1,,
883,2023-02-20 21:00,-.7,32,9.3,0,974.7,1028.9,67.7,,
883,2023-02-20 22:00,-1.2,23,11.1,0,974.8,1029.1,65.7,,
883,2023-02-20 23:00,-1.3,24.6,11.7,0,975.1,1029.4,69.3,,
883,2023-02-21 00:00,-1.3,23.3,11.1,0,975.1,1029.4,69.6,,
883,2023-02-21 01:00,-1.9,27.2,10.4,0,975.5,1030,65.6,,
883,2023-02-21 02:00,-1.8,27.3,9.9,0,975.9,1030.4,69.2,,
883,2023-02-21 03:00,-2.2,29.1,10.6,0,976.2,1030.8,68.9,,
883,2023-02-21 04:00,-2.5,26.7,10.1,0,975.8,1030.4,69.9,,
883,2023-02-21 05:00,-2.5,25.3,9.2,0,975.8,1030.4,70.4,,
883,2023-02-21 06:00,-2.6,33.5,7.6,0,976.5,1031.2,75.1,,
883,2023-02-21 07:00,-2.6,27.5,10.3,0,977,1031.7,76.8,,
883,2023-02-21 08:00,-2.9,28.7,9.8,0,977.7,1032.5,75.5,,
883,2023-02-21 09:00,-2.4,37.6,8.6,0,978.1,1032.8,70.6,,
883,2023-02-21 10:00,-1.8,39.1,9.7,0,978.5,1033.1,67.5,,
883,2023-02-21 11:00,.3,47.8,8.6,0,978.8,1033,59,,
883,2023-02-21 12:00,1.3,47.6,7,0,978.8,1032.8,59.4,,
883,2023-02-21 13:00,.7,42.2,7,0,977.9,1032,55.5,,
883,2023-02-21 14:00,2,28.5,6.6,0,977.8,1031.6,49.8,,
883,2023-02-21 15:00,2.2,28.5,6.7,0,977.4,1031.1,50.5,,
883,2023-02-21 16:00,2,27.3,7.3,0,977.8,1031.6,51.4,,
883,2023-02-21 17:00,1.3,40.7,5.6,0,977.5,1031.4,52.6,,
883,2023-02-21 18:00,.6,63.9,3.6,0,978.2,1032.3,54.5,,
883,2023-02-21 19:00,-.6,107.9,3.6,0,978.2,1032.6,59.3,,
883,2023-02-21 20:00,-1,100.8,4.4,0,978.7,1033.2,56.7,,
883,2023-02-21 21:00,-.8,74.8,4.2,0,978.8,1033.3,57.6,,
883,2023-02-21 22:00,-1.7,162.6,1.8,0,978.7,1033.3,61.2,,
883,2023-02-21 23:00,-1.8,91.6,2.8,0,978.8,1033.4,67.1,,
883,2023-02-22 00:00,-1.2,97.4,3.2,0,978.4,1032.9,70.9,,
883,2023-02-22 01:00,-1.1,90.9,2.8,0,978,1032.4,63.7,,
883,2023-02-22 02:00,-1.1,96.4,3.3,0,978.1,1032.5,58.9,,
883,2023-02-22 03:00,-1.1,71.2,2.8,0,978.2,1032.6,78.2,,
883,2023-02-22 04:00,-.5,94.1,3.4,0,977.9,1032.3,80,,
883,2023-02-22 05:00,0,89.2,3.5,0,977.3,1031.5,84,,
883,2023-02-22 06:00,.6,82.2,4.3,0,976.9,1030.9,87.1,,
883,2023-02-22 07:00,.6,92.6,4.4,0,976.8,1030.8,84.9,,
883,2023-02-22 08:00,1.7,116.3,4.7,0,976.8,1030.6,81.9,,
883,2023-02-22 09:00,4.8,20.6,.5,0,977.2,1030.4,64.6,,
883,2023-02-22 10:00,5.9,0,1.7,0,976.9,1029.8,63.4,,
883,2023-02-22 11:00,7.7,343,2.1,0,976.8,1029.3,64.1,,
883,2023-02-22 12:00,7.5,4.3,3.5,0,976.3,1028.8,72.2,,
883,2023-02-22 13:00,6.7,25.7,4.2,0,975.4,1028,78.9,,
883,2023-02-22 14:00,6.9,25.3,3.2,0,974.3,1026.8,79.1,,
883,2023-02-22 15:00,6,17.1,4.4,0,974.2,1026.9,84.8,,
883,2023-02-22 16:00,7.2,200.4,1.9,0,973.3,1025.7,72,,
883,2023-02-22 17:00,7.4,201.6,3.4,0,973.2,1025.5,69,,
883,2023-02-22 18:00,6.8,205.2,2.2,0,973,1025.5,73.4,,
883,2023-02-22 19:00,5.2,7.2,2.2,0,973.3,1026.2,88.5,,
883,2023-02-22 20:00,4.8,39.8,2.1,0,973,1026,89.8,,
883,2023-02-22 21:00,5.4,30.5,3.8,0,972.4,1025.2,89.9,,
883,2023-02-22 22:00,5,358,3,0,972.7,1025.6,95.8,,
883,2023-02-22 23:00,4.1,22.9,2.9,1,972.5,1025.6,98.6,,
883,2023-02-23 00:00,3.9,19.5,5,1,972.3,1025.3,99,,
883,2023-02-23 01:00,3.7,37.8,3.8,1.5,972.2,1025.2,99.1,,
883,2023-02-23 02:00,3.7,26.7,4.5,0,971.4,1024.4,99.2,,
883,2023-02-23 03:00,3.6,21.5,4.2,.5,971.3,1024.3,99.1,,
883,2023-02-23 04:00,3.9,37.7,3.3,0,971,1023.9,98.9,,
883,2023-02-23 05:00,3.7,33.7,4.6,0,970.8,1023.8,99,,
883,2023-02-23 06:00,3.4,32.6,5.4,0,970.8,1023.8,99.4,,
883,2023-02-23 07:00,3.4,36.7,4.6,0,971.1,1024.2,99.6,,
883,2023-02-23 08:00,3.4,43.6,4.5,0,971.1,1024.2,99.8,,
883,2023-02-23 09:00,3.4,37.8,4.7,0,971.4,1024.5,99.8,,
883,2023-02-23 10:00,3,33.7,6,0,971.3,1024.5,99.8,,
883,2023-02-23 11:00,3.1,32.3,5.9,0,971,1024.1,99.8,,
883,2023-02-23 12:00,3.4,31.6,6,0,970.2,1023.2,99.9,,
883,2023-02-23 13:00,5.3,24.7,5.2,0,969.4,1022,99.8,,
883,2023-02-23 14:00,5.8,29.3,5.3,0,968.8,1021.3,92.8,,
883,2023-02-23 15:00,6.4,28.5,4.7,0,968.4,1020.7,84.2,,
883,2023-02-23 16:00,5.7,22.4,4.7,0,968,1020.5,84.9,,
883,2023-02-23 17:00,4.3,22.5,6,0,968,1020.8,90.1,,
883,2023-02-23 18:00,3.5,20.4,4.7,0,968,1020.9,91.2,,
883,2023-02-23 19:00,3,20,6.7,0,968.3,1021.3,90.1,,
883,2023-02-23 20:00,3.1,40.5,3.7,0,968.7,1021.7,83.8,,
883,2023-02-23 21:00,3.3,49.9,3.2,0,969.1,1022.1,79.9,,
883,2023-02-23 22:00,3.5,48.7,3.3,0,968.7,1021.6,83.1,,
883,2023-02-23 23:00,3.4,27.5,3.6,0,968,1020.9,88,,
883,2023-02-24 00:00,3.1,30.5,4.2,.5,968.2,1021.2,95.5,,
883,2023-02-24 01:00,3,24.2,4.3,1,968.1,1021.1,97.8,,
883,2023-02-24 02:00,2.9,56.1,3.4,.5,968,1021,96.9,,
883,2023-02-24 03:00,2.5,63.2,4.2,.5,967.6,1020.7,92.5,,
883,2023-02-24 04:00,3,54.2,4,0,967.4,1020.3,91,,
883,2023-02-24 05:00,3.1,39.2,5.4,0,967.7,1020.6,94.4,,
883,2023-02-24 06:00,2.9,50.9,5.8,0,967.7,1020.7,90.3,,
883,2023-02-24 07:00,2.9,43.7,6.3,0,968.1,1021.1,86.3,,
883,2023-02-24 08:00,2.8,43.7,5.6,0,968.7,1021.8,79.7,,
883,2023-02-24 09:00,3.1,37.3,6.4,0,969.4,1022.4,77.4,,
883,2023-02-24 10:00,4.4,42.7,7,0,969.4,1022.3,84.1,,
883,2023-02-24 11:00,4.8,36.1,8.4,0,970,1022.8,80.8,,
883,2023-02-24 12:00,5.5,34.9,8.1,0,970.1,1022.7,73.2,,
883,2023-02-24 13:00,6.4,36.9,6.6,0,969.9,1022.3,60.8,,
883,2023-02-24 14:00,7.1,28,7.6,0,969.6,1021.8,58,,
883,2023-02-24 15:00,7.7,25.9,8.2,0,969.4,1021.5,58.1,,
883,2023-02-24 16:00,7.2,25.5,8.4,0,970,1022.2,67.2,,
883,2023-02-24 17:00,5.9,27.3,9.2,0,970.4,1023,72.1,,
883,2023-02-24 18:00,4.7,24.3,8.9,0,971.2,1024.1,77.7,,
883,2023-02-24 19:00,3.7,30.3,9.4,0,972.3,1025.4,67.3,,
883,2023-02-24 20:00,2.9,40.5,7.1,0,973.1,1026.4,62.1,,
883,2023-02-24 21:00,2.5,40,7.8,0,973.3,1026.7,62.4,,
883,2023-02-24 22:00,2.1,42.4,8.4,0,973.5,1027,61.4,,
883,2023-02-24 23:00,1.5,35.3,9.6,0,973.5,1027.1,63.4,,
883,2023-02-25 00:00,1,34.5,8,0,973.8,1027.6,67.7,,
883,2023-02-25 01:00,1.2,28.8,9.5,0,974.2,1027.9,68.9,,
883,2023-02-25 02:00,.7,25.7,9.3,0,974.5,1028.4,77.7,,
883,2023-02-25 03:00,.3,29.5,9.3,0,974.5,1028.5,80.3,,
883,2023-02-25 04:00,0,27.4,9.8,0,974.5,1028.6,77.9,,
883,2023-02-25 05:00,-.2,33.7,9.3,0,974.7,1028.8,74.7,,
883,2023-02-25 06:00,0,31.7,10.1,0,975.2,1029.3,74.3,,
883,2023-02-25 07:00,-.1,28.3,10.5,0,975.4,1029.5,72.5,,
883,2023-02-25 08:00,.2,31.5,9.7,0,975.8,1029.9,70,,
883,2023-02-25 09:00,.8,24.8,10.1,0,976.4,1030.4,66.7,,
883,2023-02-25 10:00,1,24.3,10.7,0,976.9,1030.8,69.1,,
883,2023-02-25 11:00,.9,25.7,11.3,0,977.4,1031.4,65.6,,
883,2023-02-25 12:00,.6,26.5,11.7,0,977.3,1031.4,63.6,,
883,2023-02-25 13:00,2.2,27.5,11.1,0,977.1,1030.8,65.1,,
883,2023-02-25 14:00,1.4,27.5,11.9,0,976.8,1030.6,63,,
883,2023-02-25 15:00,1.4,25.7,10.8,0,977.1,1031,64,,
883,2023-02-25 16:00,.8,29.4,10.7,0,977.2,1031.2,62.8,,
883,2023-02-25 17:00,1.3,22.9,11.2,0,977.4,1031.3,68,,
883,2023-02-25 18:00,.3,28.1,11.4,0,977.8,1032,72.3,,
883,2023-02-25 19:00,-.4,25.7,11.4,0,978.3,1032.7,70.4,,
883,2023-02-25 20:00,-.6,26.1,11.9,0,978.9,1033.3,70.6,,
883,2023-02-25 21:00,-.8,26.6,11.2,0,979.2,1033.7,73.4,,
883,2023-02-25 22:00,-1.1,28.9,10.3,0,979.9,1034.4,68.3,,
883,2023-02-25 23:00,-1,28.3,9.5,0,980,1034.6,74.5,,
883,2023-02-26 00:00,-1.1,31.8,8.4,0,980,1034.5,75.2,,
883,2023-02-26 01:00,-1.2,33.8,8.9,0,979.8,1034.4,76.3,,
883,2023-02-26 02:00,-1.6,33.2,8.8,0,980.1,1034.8,80.1,,
883,2023-02-26 03:00,-1.6,57.4,4.9,0,980.5,1035.2,80.5,,
883,2023-02-26 04:00,-1.7,62.2,4.8,0,980.6,1035.3,79.6,,
883,2023-02-26 05:00,-1.8,67.2,4.7,0,981,1035.8,81.1,,
883,2023-02-26 06:00,-1.7,57.4,4.5,0,981.3,1036.1,81.5,,
883,2023-02-26 07:00,-1.8,50,5.2,0,981.3,1036.1,80.1,,
883,2023-02-26 08:00,-1.2,46.4,6.1,0,981.6,1036.3,77.6,,
883,2023-02-26 09:00,.2,46,7.2,0,982.1,1036.5,71,,
883,2023-02-26 10:00,1.1,43.3,7.5,0,982.5,1036.7,65.4,,
883,2023-02-26 11:00,2.7,34.5,7.2,0,982.5,1036.3,58.7,,
883,2023-02-26 12:00,4.6,22.8,7,0,982.1,1035.6,51.8,,
883,2023-02-26 13:00,5.6,31.5,7.3,0,981.5,1034.7,49.8,,
883,2023-02-26 14:00,5.1,27.7,6.8,0,981.2,1034.5,45,,
883,2023-02-26 15:00,5.2,22.3,7.9,0,980.9,1034.2,42.5,,
883,2023-02-26 16:00,5,26.1,8.4,0,980.6,1033.9,40.9,,
883,2023-02-26 17:00,4.3,31.6,6.4,0,980.9,1034.4,42.5,,
883,2023-02-26 18:00,2.8,34.4,6.2,0,981.2,1034.9,52.3,,
883,2023-02-26 19:00,1.9,76.1,5.1,0,981.6,1035.6,54.6,,
883,2023-02-26 20:00,1.8,67.5,4.6,0,981.6,1035.6,54,,
883,2023-02-26 21:00,1,75.3,4.2,0,981.9,1036.1,62,,
883,2023-02-26 22:00,.6,88.9,3.8,0,981.8,1036.1,66.6,,
883,2023-02-26 23:00,.3,58.9,2.9,0,981.7,1036.1,57.5,,
883,2023-02-27 00:00,-.5,101.3,3.2,0,981.5,1036.1,71.9,,
883,2023-02-27 01:00,.1,103.7,1.6,0,981.5,1035.9,77.2,,
883,2023-02-27 02:00,3.4,143.7,2.8,0,981.4,1035,71.7,,
883,2023-02-27 03:00,3.1,152.2,3,0,981.1,1034.8,73.7,,
883,2023-02-27 04:00,1.3,136.7,1.9,0,980.9,1035,85.2,,
883,2023-02-27 05:00,.8,152.4,1.6,0,980.8,1035,87.1,,
883,2023-02-27 06:00,-.2,142,1.7,0,980.9,1035.4,81.7,,
883,2023-02-27 07:00,2.7,139.6,2.7,0,981,1034.8,81.4,,
883,2023-02-27 08:00,3.8,144.8,2.9,0,981.6,1035.1,75.6,,
883,2023-02-27 09:00,5.8,170.1,3.2,0,981.9,1035.1,68.9,,
883,2023-02-27 10:00,7.8,203.3,3.2,0,982,1034.7,53.4,,
883,2023-02-27 11:00,8.9,226.8,2.2,0,982,1034.4,38.6,,
883,2023-02-27 12:00,10.2,319,2.2,0,981.5,1033.8,45.5,,
883,2023-02-27 13:00,8.4,323.2,2.9,0,980.9,1033.4,67.8,,
883,2023-02-27 14:00,8.1,326.1,2.4,0,980.1,1032.6,69.8,,
883,2023-02-27 15:00,10.4,273.1,3.9,0,979.7,1031.8,56,,
883,2023-02-27 16:00,9.2,318.6,2.8,0,979.6,1032.1,66.3,,
883,2023-02-27 17:00,7.1,21.7,2.9,0,979.4,1032.1,77.5,,
883,2023-02-27 18:00,6.7,25.3,2.8,0,979.5,1032.3,81.5,,
883,2023-02-27 19:00,5.2,58.8,1.4,0,979.4,1032.6,87.8,,
883,2023-02-27 20:00,3.9,129,1.3,0,979.6,1033,88.7,,
883,2023-02-27 21:00,2.6,164.8,2.3,0,979.5,1033.2,90.6,,
883,2023-02-27 22:00,3.5,170,2.8,0,979.4,1032.9,89.4,,
883,2023-02-27 23:00,3.3,169.6,3.1,0,979.2,1032.7,86.5,,
883,2023-02-28 00:00,3.3,171.3,3.3,0,978.6,1032.1,86,,
883,2023-02-28 01:00,3.5,166.6,3.7,0,978.2,1031.6,84.6,,
883,2023-02-28 02:00,3.5,166.9,4.2,0,977.6,1031,84.2,,
883,2023-02-28 03:00,3.6,165,4,0,977.1,1030.4,81.5,,
883,2023-02-28 04:00,3.8,170.3,4.6,0,976.5,1029.8,83.8,,
883,2023-02-28 05:00,4,171.1,4.6,0,976,1029.3,84.7,,
883,2023-02-28 06:00,4.2,160.8,3.9,0,976.1,1029.4,84.5,,
883,2023-02-28 07:00,4.5,154.9,4.4,0,976.5,1029.7,84.3,,
883,2023-02-28 08:00,5.9,160.7,4,0,976.9,1029.8,81,,
883,2023-02-28 09:00,8.4,185.7,3.2,0,977.3,1029.6,74.3,,
883,2023-02-28 10:00,10.7,210.3,3.8,0,977,1028.9,68.2,,
883,2023-02-28 11:00,12,215.6,4.1,0,976.4,1028,60.5,,
883,2023-02-28 12:00,12.4,199.6,5,0,976,1027.4,55.6,,
883,2023-02-28 13:00,13.4,213.3,4.2,0,975.5,1026.7,55.6,,
883,2023-02-28 14:00,13,210.8,5.1,0,974.8,1026,45.5,,
883,2023-02-28 15:00,13,194,4.8,0,973.6,1024.8,42.7,,
883,2023-02-28 16:00,12.5,186.5,6,0,973.1,1024.4,29.1,,
883,2023-02-28 17:00,11.7,187.3,4.8,0,972.9,1024.3,35.7,,
883,2023-02-28 18:00,10.6,169.1,4.8,0,972.6,1024.3,44.1,,
883,2023-02-28 19:00,9.3,165.3,5,0,972.7,1024.8,51.3,,
883,2023-02-28 20:00,8.9,158,6.3,0,972.6,1024.5,53,,
883,2023-02-28 21:00,9.7,186.4,4.6,0,973,1025,59.5,,
883,2023-02-28 22:00,10.2,186,5.8,0,972.6,1024.4,64,,
883,2023-02-28 23:00,10.5,187.3,5,0,972.7,1024.4,60.8,,
883,2023-03-01 00:00,10.8,198.4,4.9,0,972.5,1024.2,72.5,,
883,2023-03-01 01:00,10.8,201.3,4.5,0,972.1,1023.7,80.2,,
883,2023-03-01 02:00,10.6,192.9,3.9,0,971.7,1023.4,86.5,,
883,2023-03-01 03:00,10.7,196.9,4,0,971.1,1022.7,85.2,,
883,2023-03-01 04:00,10.3,201.2,3.5,0,970.4,1022.1,93.2,,
883,2023-03-01 05:00,10.2,220.9,2.9,0,970,1021.7,95.6,,
883,2023-03-01 06:00,9.6,269.4,3.9,2.5,970.2,1022,98.2,,
883,2023-03-01 07:00,8.9,293.5,3.4,4.5,970,1021.8,98.7,,
883,2023-03-01 08:00,8.6,155.5,.5,1.5,970.2,1022.1,98.3,,
883,2023-03-01 09:00,8.5,309.4,1.6,1,970.3,1022.2,92.7,,
883,2023-03-01 10:00,8.7,179.1,.9,.5,970.1,1021.9,91.3,,
883,2023-03-01 11:00,8,249.6,2,1,970.2,1022.2,91.7,,
883,2023-03-01 12:00,8.4,201.2,2.3,.5,969.8,1021.7,93.8,,
883,2023-03-01 13:00,9.2,269,4.2,.5,969.3,1021.2,97.6,,
883,2023-03-01 14:00,7.6,296.6,4.4,0,968.6,1020.6,98.9,,
883,2023-03-01 15:00,6.4,32.8,3.5,0,968.3,1020.6,99.3,,
883,2023-03-01 16:00,6.4,24.2,6.1,0,968.3,1020.6,98.3,,
883,2023-03-01 17:00,5.5,24.6,8.5,0,968.7,1021.3,89.7,,
883,2023-03-01 18:00,4.9,26.3,9.9,0,969.2,1021.9,89,,
883,2023-03-01 19:00,4.4,26.3,9,0,969.8,1022.7,88.3,,
883,2023-03-01 20:00,3.7,30.5,11,0,970.2,1023.1,82.6,,
883,2023-03-01 21:00,2.9,33.2,10.9,0,970.4,1023.5,67.1,,
883,2023-03-01 22:00,2.7,31.7,11.2,0,970.7,1023.9,58,,
883,2023-03-01 23:00,2.3,32.5,11,0,971.1,1024.4,56.1,,
883,2023-03-02 00:00,2.1,34.7,10.5,0,971.5,1024.9,58.1,,
883,2023-03-02 01:00,2.2,28.7,11.7,0,971.7,1025.1,55.3,,
883,2023-03-02 02:00,2.3,25.6,11.3,0,972.3,1025.7,53.4,,
883,2023-03-02 03:00,2.6,25.1,12,0,972.1,1025.4,53.5,,
883,2023-03-02 04:00,2.6,24.8,11.8,0,971.9,1025.2,57.3,,
883,2023-03-02 05:00,2.3,27,12.1,0,971.8,1025.2,57.8,,
883,2023-03-02 06:00,1.9,27.2,11.2,0,972.2,1025.7,60.1,,
883,2023-03-02 07:00,1.1,23.8,11.7,0,972.8,1026.5,62.5,,
883,2023-03-02 08:00,.9,25.9,11.9,0,973.4,1027.2,56.5,,
883,2023-03-02 09:00,1.5,26.4,11.5,0,974,1027.7,53,,
883,2023-03-02 10:00,1.7,29,13,0,974.6,1028.2,50.9,,
883,2023-03-02 11:00,2.8,27.2,12.2,0,974.7,1028.1,52.9,,
883,2023-03-02 12:00,3.1,26.7,11.2,0,974.7,1028,52,,
883,2023-03-02 13:00,3.2,26.6,11.6,0,974.6,1027.9,51,,
883,2023-03-02 14:00,3.3,24.4,11.6,0,973.7,1026.9,55,,
883,2023-03-02 15:00,3.3,28.1,10,0,974,1027.2,56.6,,
883,2023-03-02 16:00,2.9,28.2,11.4,0,973.6,1026.9,59.4,,
883,2023-03-02 17:00,2.5,23.9,9.5,0,973.9,1027.3,59.9,,
883,2023-03-02 18:00,1.3,23.8,9.5,0,974.5,1028.2,62.6,,
883,2023-03-02 19:00,.1,26.3,7.3,0,975.1,1029.2,69.5,,
883,2023-03-02 20:00,-.1,29.6,7.4,0,975.4,1029.5,66.7,,
883,2023-03-02 21:00,-.3,32.4,9.7,0,974.4,1028.5,69.2,,
883,2023-03-02 22:00,-.4,38.6,6.7,0,974.9,1029.1,75.2,,
883,2023-03-02 23:00,-.3,48.6,5.9,0,974.9,1029,74,,
883,2023-03-03 00:00,-.3,50.3,5.8,0,974.7,1028.8,72.4,,
883,2023-03-03 01:00,-.5,58,5.5,0,974.4,1028.6,69.4,,
883,2023-03-03 02:00,-.4,67.3,5.6,0,974.8,1029,70.9,,
883,2023-03-03 03:00,-.3,64.7,5.1,0,974.7,1028.8,63.1,,
883,2023-03-03 04:00,-.7,58,4,0,974.3,1028.5,53.1,,
883,2023-03-03 05:00,-.6,53.4,3.5,0,974.4,1028.6,36.1,,
883,2023-03-03 06:00,-.6,54.6,4.2,0,974.6,1028.8,51.3,,
883,2023-03-03 07:00,-.2,61.8,4.6,0,975,1029.1,64.4,,
883,2023-03-03 08:00,1,69.4,3.5,0,975.6,1029.5,59.4,,
883,2023-03-03 09:00,3.2,28.5,5,0,975.9,1029.3,48.8,,
883,2023-03-03 10:00,5.1,25.6,6.2,0,976.1,1029.2,47.1,,
883,2023-03-03 11:00,6.8,34.7,6.1,0,975.7,1028.3,45.3,,
883,2023-03-03 12:00,8.8,37.1,6.3,0,975,1027.1,27,,
883,2023-03-03 13:00,9.8,27.4,5.9,0,974,1026,40.1,,
883,2023-03-03 14:00,9.6,27.9,5.6,0,973.1,1025.1,39.6,,
883,2023-03-03 15:00,9.1,27.7,6.8,0,972.8,1024.9,32.6,,
883,2023-03-03 16:00,8.5,43.3,3.9,0,973.2,1025.3,32.1,,
883,2023-03-03 17:00,7.3,40.4,3.6,0,973.4,1025.8,36.6,,
883,2023-03-03 18:00,6.4,65.6,3.1,0,974,1026.6,38.2,,
883,2023-03-03 19:00,5.3,97.3,2.7,0,974.4,1027.3,39.3,,
883,2023-03-03 20:00,4.8,40.8,2.6,0,974.7,1027.8,38,,
883,2023-03-03 21:00,4,51.1,2.8,0,975.1,1028.4,65.5,,
883,2023-03-03 22:00,3.7,78.6,2.1,0,975.2,1028.4,66.6,,
883,2023-03-03 23:00,4.2,74.6,2.7,0,975.4,1028.7,47.1,,
883,2023-03-04 00:00,4.3,71,2.8,0,975,1028.2,56.2,,
883,2023-03-04 01:00,4,70.9,2.7,0,974.6,1027.9,57.1,,
883,2023-03-04 02:00,3.7,63,3.5,0,974.8,1028,66.5,,
883,2023-03-04 03:00,3.8,47.2,2.7,0,974.4,1027.5,68.4,,
883,2023-03-04 04:00,4.3,101.9,3.6,0,973.7,1026.8,35.4,,
883,2023-03-04 05:00,4.2,94.1,3.1,0,974,1027.2,33.4,,
883,2023-03-04 06:00,4.5,100.5,3.3,0,974.3,1027.4,35.3,,
883,2023-03-04 07:00,5,94.7,3.3,0,974.4,1027.4,33.7,,
883,2023-03-04 08:00,5.7,85,2.5,0,974.8,1027.6,34.3,,
883,2023-03-04 09:00,8,37.4,2.8,0,975.3,1027.6,30.1,,
883,2023-03-04 10:00,9.4,24.3,3.9,0,975.3,1027.5,37.4,,
883,2023-03-04 11:00,9.6,23.9,4.6,0,975.1,1027.2,49.5,,
883,2023-03-04 12:00,10.9,33.8,4.6,0,974.8,1026.6,46.3,,
883,2023-03-04 13:00,11.4,25.7,5,0,974.3,1025.9,50.2,,
883,2023-03-04 14:00,11,28.8,5,0,973.7,1025.4,52.4,,
883,2023-03-04 15:00,11.9,21.9,5.5,0,973.3,1024.7,51.3,,
883,2023-03-04 16:00,11.6,24.6,4.7,0,973.4,1024.9,51.1,,
883,2023-03-04 17:00,10.8,35.1,3.6,0,973.6,1025.3,50.3,,
883,2023-03-04 18:00,8.4,43.5,2.7,0,974.1,1026.2,56.7,,
883,2023-03-04 19:00,6.6,100.7,2.9,0,974.2,1026.8,64.7,,
883,2023-03-04 20:00,5.9,108.1,3.2,0,974.6,1027.4,66.2,,
883,2023-03-04 21:00,4.1,68.3,2.5,0,975.1,1028.4,64.9,,
883,2023-03-04 22:00,4.3,98.9,3.4,0,975.4,1028.6,56.1,,
883,2023-03-04 23:00,4.6,100.4,4.2,0,975.3,1028.4,56.1,,
883,2023-03-05 00:00,4.7,91.1,4.5,0,975.3,1028.4,43.8,,
883,2023-03-05 01:00,4.6,96.9,3.8,0,975.1,1028.2,46,,
883,2023-03-05 02:00,5,91.3,4.2,0,974.9,1027.9,43.1,,
883,2023-03-05 03:00,5.2,105.7,3.9,0,974.6,1027.6,44.9,,
883,2023-03-05 04:00,4.4,94.9,3.3,0,974.6,1027.8,50.4,,
883,2023-03-05 05:00,2.4,113.7,1.9,0,974.6,1028.1,59.4,,
883,2023-03-05 06:00,3.1,123.3,2.6,0,974.7,1028,58.4,,
883,2023-03-05 07:00,3.2,136.1,2.5,0,975.2,1028.5,62.4,,
883,2023-03-05 08:00,3.9,97.9,2.3,0,975.6,1028.8,62.8,,
883,2023-03-05 09:00,9.1,60.7,1.9,0,975.9,1028.2,43.8,,
883,2023-03-05 10:00,11.5,70.7,.8,0,975.8,1027.5,38.2,,
883,2023-03-05 11:00,12.4,232.8,1.9,0,975.5,1026.9,41.4,,
883,2023-03-05 12:00,12,297.1,2.7,0,975.2,1026.7,59.5,,
883,2023-03-05 13:00,11.4,308.8,1.9,0,974.5,1026.1,56.8,,
883,2023-03-05 14:00,10.5,270,2.2,0,973.9,1025.7,51.9,,
883,2023-03-05 15:00,12.4,282.3,1.5,0,973.2,1024.5,50,,
883,2023-03-05 16:00,10.5,279.2,2,0,973,1024.8,63.2,,
883,2023-03-05 17:00,10.4,301.2,1.4,0,972.7,1024.5,62.7,,
883,2023-03-05 18:00,9.3,10.8,1.8,0,972.9,1025,64.2,,
883,2023-03-05 19:00,5.8,134.3,1.3,0,973.1,1025.8,79.4,,
883,2023-03-05 20:00,4.4,98.4,2.1,0,973.4,1026.5,84.3,,
883,2023-03-05 21:00,4.4,101.1,3,0,973.4,1026.5,84.3,,
883,2023-03-05 22:00,4.7,113.8,2.3,0,973.7,1026.7,83.6,,
883,2023-03-05 23:00,4.6,127.5,2,0,973.6,1026.7,86.2,,
883,2023-03-06 00:00,2.9,108.3,2.5,0,973.6,1026.9,91,,
883,2023-03-06 01:00,3.1,140.7,2,0,973.5,1026.8,88,,
883,2023-03-06 02:00,2.6,116.8,2.4,0,973.4,1026.8,86.5,,
883,2023-03-06 03:00,2.4,101.4,2.6,0,973.1,1026.5,90.5,,
883,2023-03-06 04:00,3.6,110.1,2.3,0,972.5,1025.6,88.6,,
883,2023-03-06 05:00,4.4,136.2,2.3,0,972.4,1025.4,88.3,,
883,2023-03-06 06:00,4,149.9,2.1,0,972.9,1026.1,87.5,,
883,2023-03-06 07:00,5.2,157,2.1,0,972.9,1025.8,87.9,,
883,2023-03-06 08:00,6.3,139.2,1.9,0,973.2,1025.8,87.9,,
883,2023-03-06 09:00,9.6,201.8,2.1,0,973.8,1025.8,75.8,,
883,2023-03-06 10:00,11,220.9,2.8,0,973.9,1025.6,67.9,,
883,2023-03-06 11:00,12,244.4,4.1,0,973.9,1025.3,56.5,,
883,2023-03-06 12:00,13.1,210.3,3.1,0,973.4,1024.5,49.4,,
883,2023-03-06 13:00,13.5,229.5,4.5,0,972.7,1023.7,43.6,,
883,2023-03-06 14:00,15.1,215.3,3.2,0,971.8,1022.6,36.5,,
883,2023-03-06 15:00,14.3,213.5,3.4,0,971.1,1022.1,45.6,,
883,2023-03-06 16:00,13.7,230.4,3.4,0,970.9,1021.7,45,,
883,2023-03-06 17:00,12.3,221.6,3.1,0,970.6,1021.8,48.7,,
883,2023-03-06 18:00,10.1,209.3,2.9,0,970.7,1022.4,63.9,,
883,2023-03-06 19:00,8.2,177.3,3.4,0,970.8,1022.8,73.8,,
883,2023-03-06 20:00,7.7,168.6,3.7,0,971.3,1023.5,76.1,,
883,2023-03-06 21:00,7.7,170.4,4.6,0,971.2,1023.4,77.4,,
883,2023-03-06 22:00,7.7,167.4,4.7,0,971.4,1023.6,77.6,,
883,2023-03-06 23:00,7.4,172.4,4.8,0,971.3,1023.5,79.2,,
883,2023-03-07 00:00,7,167.4,5.6,0,971.3,1023.6,82.4,,
883,2023-03-07 01:00,7.8,156.5,6,0,971,1023.1,82.2,,
883,2023-03-07 02:00,7.5,160.4,5.5,0,971.2,1023.4,85.2,,
883,2023-03-07 03:00,7.2,172,4.7,0,970.7,1022.9,86.8,,
883,2023-03-07 04:00,8.5,161.6,6,0,970.3,1022.2,43.6,,
883,2023-03-07 05:00,9,163.9,5,0,970.4,1022.4,26.8,,
883,2023-03-07 06:00,8.7,171.5,5.4,0,970.7,1022.6,29.5,,
883,2023-03-07 07:00,8.9,175.1,5.4,0,971.1,1023,40.9,,
883,2023-03-07 08:00,9.7,176.8,4.4,0,971.8,1023.7,38.4,,
883,2023-03-07 09:00,12,175.4,4.8,0,972.2,1023.5,35,,
883,2023-03-07 10:00,14,181.4,4.6,0,972.2,1023.3,33.1,,
883,2023-03-07 11:00,15.1,189.1,4.9,0,972.4,1023.2,36.9,,
883,2023-03-07 12:00,15.4,197.2,4.5,0,972,1022.7,47.8,,
883,2023-03-07 13:00,16.2,196.8,4.7,0,971.6,1022,45.7,,
883,2023-03-07 14:00,16.3,206,4.8,0,970.9,1021.2,40.6,,
883,2023-03-07 15:00,16,214,4.6,0,970.7,1021.1,35.3,,
883,2023-03-07 16:00,15.7,217.8,4,0,970.7,1021.2,39.3,,
883,2023-03-07 17:00,14.3,209.6,3.9,0,970.4,1021.3,38.1,,
883,2023-03-07 18:00,12.5,195.5,3.8,0,970.2,1021.3,44.7,,
883,2023-03-07 19:00,11.2,184.1,4.4,0,970.3,1021.7,44.6,,
883,2023-03-07 20:00,10.6,179.9,4.6,0,970.6,1022.2,45.8,,
883,2023-03-07 21:00,10.5,187.4,4.5,0,970.9,1022.5,48.4,,
883,2023-03-07 22:00,10.7,187,4.4,0,971,1022.6,44.7,,
883,2023-03-07 23:00,10.1,173.7,4.2,0,971.1,1022.9,46.8,,
883,2023-03-08 00:00,10.1,160.8,4.7,0,970.7,1022.4,38.1,,
883,2023-03-08 01:00,9.6,167.4,5.1,0,970.5,1022.4,37.8,,
883,2023-03-08 02:00,10.4,186.1,4.8,0,970.4,1022,31.6,,
883,2023-03-08 03:00,9.9,170.2,5.5,0,969.9,1021.7,33.7,,
883,2023-03-08 04:00,9.1,174.1,5.8,0,969.6,1021.5,41.9,,
883,2023-03-08 05:00,9.3,189.6,5,0,969.5,1021.4,50.7,,
883,2023-03-08 06:00,8.5,175.2,6,0,970.1,1022,76.7,,
883,2023-03-08 07:00,8.8,163,5.8,0,970,1021.8,68.6,,
883,2023-03-08 08:00,10.5,156.1,6.6,0,970.5,1022.1,53.3,,
883,2023-03-08 09:00,12,169.3,6.1,0,970.4,1021.6,66.8,,
883,2023-03-08 10:00,12.6,174,6.8,0,970.4,1021.5,61.8,,
883,2023-03-08 11:00,14.3,181.1,6.7,0,970.2,1021.1,54.4,,
883,2023-03-08 12:00,14.6,199.2,5.4,0,970.3,1021.1,56.8,,
883,2023-03-08 13:00,15.8,208.8,6.4,0,969.8,1020.2,59,,
883,2023-03-08 14:00,15.1,199.2,7.4,0,968.8,1019.4,61.2,,
883,2023-03-08 15:00,15.2,201.1,6.2,0,968.2,1018.7,66.4,,
883,2023-03-08 16:00,14.8,213.3,5.9,0,968.2,1018.9,71.3,,
883,2023-03-08 17:00,13.7,202.4,5.3,0,968,1018.7,74.3,,
883,2023-03-08 18:00,12.6,194.2,6.2,0,967.8,1018.7,80.9,,
883,2023-03-08 19:00,12.4,195.2,5.9,0,967.7,1018.7,78.1,,
883,2023-03-08 20:00,12.3,183.2,5.9,0,967.8,1018.8,74.7,,
883,2023-03-08 21:00,12.9,178.5,6,0,967.9,1018.8,70.5,,
883,2023-03-08 22:00,12.9,173.3,6.2,0,967.8,1018.7,70.7,,
883,2023-03-08 23:00,13.1,177.3,6,0,967.8,1018.6,62.8,,
883,2023-03-09 00:00,13,188.3,5.7,0,967.5,1018.3,63,,
883,2023-03-09 01:00,13.2,196.7,6,0,967.1,1017.9,70.7,,
883,2023-03-09 02:00,13.1,194.6,6.5,0,967.1,1017.9,71.8,,
883,2023-03-09 03:00,12.8,192.6,6.6,0,966.5,1017.3,75.3,,
883,2023-03-09 04:00,13,200.3,5.9,0,965.8,1016.5,78.3,,
883,2023-03-09 05:00,12.8,198,6.1,0,965.4,1016.2,84.1,,
883,2023-03-09 06:00,12.6,192.5,5.3,0,965.5,1016.3,87.1,,
883,2023-03-09 07:00,12.2,178.6,5.6,0,965.5,1016.4,89.6,,
883,2023-03-09 08:00,12.2,158.4,6.4,0,965.3,1016.2,89.6,,
883,2023-03-09 09:00,13.1,162.9,4.6,0,965.3,1016,86.9,,
883,2023-03-09 10:00,15.6,184.6,3.8,0,965.3,1015.6,75.2,,
883,2023-03-09 11:00,17.2,196.7,3.8,0,965.1,1014.9,73.6,,
883,2023-03-09 12:00,17,215.1,3.7,0,965.2,1015,73.4,,
883,2023-03-09 13:00,16.5,258.6,2.9,0,964.8,1014.8,75.6,,
883,2023-03-09 14:00,19,264.1,3.2,0,963.9,1013.6,63.5,,
883,2023-03-09 15:00,16.7,323.9,3.2,0,964.1,1014,68.3,,
883,2023-03-09 16:00,17.7,20.7,3.6,0,964.2,1013.8,55,,
883,2023-03-09 17:00,14.8,27.6,3.7,0,964.5,1015,76.6,,
883,2023-03-09 18:00,13.2,39,2.6,0,964.8,1015.4,85.2,,
883,2023-03-09 19:00,12.3,44.5,2,0,965.1,1016,73.4,,
883,2023-03-09 20:00,10.9,66.2,2.5,0,965.9,1017.2,68.6,,
883,2023-03-09 21:00,11.7,79.9,3.6,0,966.3,1017.4,61.5,,
883,2023-03-09 22:00,11.9,93.9,3.6,0,966.8,1017.9,29.6,,
883,2023-03-09 23:00,11.3,83.4,2.7,0,967.2,1018.4,30.5,,
883,2023-03-10 00:00,8.9,103.7,2.4,0,967.4,1019.1,41.6,,
883,2023-03-10 01:00,8.4,103.1,3.1,0,967.4,1019.2,42.6,,
883,2023-03-10 02:00,9.1,106.3,2.9,0,967.8,1019.6,41.3,,
883,2023-03-10 03:00,9.2,105.8,3.4,0,967.3,1019.1,34.5,,
883,2023-03-10 04:00,9.2,82.6,2.2,0,967.2,1019,35.9,,
883,2023-03-10 05:00,9.3,104.7,3.1,0,967.4,1019.2,34.3,,
883,2023-03-10 06:00,9.2,100.8,3.1,0,967.8,1019.6,36,,
883,2023-03-10 07:00,9.6,97,3.2,0,968.2,1019.9,34.4,,
883,2023-03-10 08:00,11.2,108.3,2.1,0,968.8,1020.2,37.4,,
883,2023-03-10 09:00,18.2,157.3,1,0,969.3,1019,17,,
883,2023-03-10 10:00,19.3,248.4,2,0,969.5,1019.4,16.1,,
883,2023-03-10 11:00,20.8,248.3,2.4,0,969.7,1019.1,14.7,,
883,2023-03-10 12:00,21.5,238.9,2.9,0,969.7,1018.9,16,,
883,2023-03-10 13:00,22.4,252.4,3.1,0,969.2,1018.2,16.3,,
883,2023-03-10 14:00,21,219.7,3.5,0,968.6,1017.9,24.7,,
883,2023-03-10 15:00,21.6,221.2,3.3,0,968.3,1017.4,23.9,,
883,2023-03-10 16:00,20.1,223.7,3.3,0,968.3,1017.9,21.3,,
883,2023-03-10 17:00,18.8,188,2.9,0,968.4,1017.9,31.7,,
883,2023-03-10 18:00,16.4,182.6,3,0,968.6,1018.8,36.3,,
883,2023-03-10 19:00,15.6,167.4,3,0,969.1,1019.6,26.1,,
883,2023-03-10 20:00,14.8,160.3,3.9,0,969.6,1020.3,24.1,,
883,2023-03-10 21:00,14.7,162.2,4.1,0,969.7,1020.5,20.7,,
883,2023-03-10 22:00,14.8,160.4,4,0,970.2,1021,18.6,,
883,2023-03-10 23:00,14.8,160.6,5.1,0,970.3,1021.1,18.9,,
883,2023-03-11 00:00,14.7,154.3,4.4,0,970.4,1021.2,19.5,,
883,2023-03-11 01:00,14.4,149.3,4,0,970.5,1021.4,21.4,,
883,2023-03-11 02:00,14.5,148,4.8,0,970.5,1021.4,20.8,,
883,2023-03-11 03:00,14.7,146.9,4.9,0,970.1,1020.9,19,,
883,2023-03-11 04:00,14.5,150.1,4.4,0,969.9,1020.7,19.2,,
883,2023-03-11 05:00,13.9,161.6,3.8,0,970.2,1020.9,20.8,,
883,2023-03-11 06:00,14.5,155.7,3.9,0,970.5,1021.4,20.6,,
883,2023-03-11 07:00,14,149.7,3.2,0,970.9,1021.9,20.9,,
883,2023-03-11 08:00,15.1,158.4,4.8,0,971.3,1022,21.3,,
883,2023-03-11 09:00,17,164.1,4.8,0,971.7,1021.9,22.2,,
883,2023-03-11 10:00,19.3,179.4,3.8,0,972,1022,23.9,,
883,2023-03-11 11:00,18.8,200.8,4.2,0,971.9,1021.6,35.1,,
883,2023-03-11 12:00,20.7,200.4,4.2,0,971.7,1021.3,27.2,,
883,2023-03-11 13:00,20.4,193.6,4.4,0,971.2,1020.8,30.8,,
883,2023-03-11 14:00,19.7,193.2,4.2,0,970.9,1020.7,29.9,,
883,2023-03-11 15:00,19,199.1,4.5,0,970.6,1020.6,35.4,,
883,2023-03-11 16:00,19.1,196.7,3.6,0,970.8,1020.8,36.4,,
883,2023-03-11 17:00,16.4,178.2,4.2,0,970.7,1021,50,,
883,2023-03-11 18:00,14.9,170.2,3.3,0,971.1,1021.9,63.4,,
883,2023-03-11 19:00,13.7,159.4,3.4,0,970.7,1021.5,68.8,,
883,2023-03-11 20:00,13.5,168.9,4.7,0,970.7,1021.6,74.7,,
883,2023-03-11 21:00,13.3,175.8,4.6,0,970.9,1021.8,80.5,,
883,2023-03-11 22:00,13.1,168.4,6.1,0,970.5,1021.5,82.9,,
883,2023-03-11 23:00,12.9,167.1,6.6,0,970.2,1021.2,83.7,,
883,2023-03-12 00:00,13.2,171.3,6.8,0,970.4,1021.3,86.9,,
883,2023-03-12 01:00,13.7,159.1,7.1,0,970.3,1021.1,85.4,,
883,2023-03-12 02:00,13.8,161.5,7.3,0,970.1,1020.9,90.9,,
883,2023-03-12 03:00,13.8,162.7,6.2,0,969.4,1020.1,90.7,,
883,2023-03-12 04:00,13.6,178.1,3.7,0,969.8,1020.6,92.1,,
883,2023-03-12 05:00,13.7,179.7,4.2,0,969.3,1020,91,,
883,2023-03-12 06:00,13.7,180.6,4.1,0,969,1019.7,90.8,,
883,2023-03-12 07:00,14.2,210.8,3.1,0,968.9,1019.8,94.2,,
883,2023-03-12 08:00,14.5,200,4.2,0,968.8,1019.6,93.5,,
883,2023-03-12 09:00,14.9,216.9,4.8,0,968.5,1019.1,91.3,,
883,2023-03-12 10:00,15.4,230,5.2,0,968.5,1019,87.9,,
883,2023-03-12 11:00,12.9,266.3,5.6,0,968,1018.9,98,,
883,2023-03-12 12:00,7.5,32.6,7.2,6,969.1,1021.2,99.4,,
883,2023-03-12 13:00,5.5,25.3,9.6,1,969.8,1022.4,99.6,,
883,2023-03-12 14:00,5.1,25.6,10.5,1,969.2,1021.9,99.9,,
883,2023-03-12 15:00,4.7,30.3,11.1,.5,969.2,1022,100,,
883,2023-03-12 16:00,4.7,37.4,9.1,0,968.9,1021.7,99.9,,
883,2023-03-12 17:00,4.1,28.6,10.5,0,968.8,1021.7,98.1,,
883,2023-03-12 18:00,2.8,24.5,12.3,0,969.4,1022.5,87.9,,
883,2023-03-12 19:00,2.5,25.8,12.3,0,970,1023.2,85.5,,
883,2023-03-12 20:00,2.2,26.8,13,0,971,1024.3,78.6,,
883,2023-03-12 21:00,1.6,29,12.3,0,971.6,1025.1,74.9,,
883,2023-03-12 22:00,1.1,25.6,13.2,0,972.2,1025.9,72.3,,
883,2023-03-12 23:00,.8,29.3,14.2,0,972.2,1025.9,67.3,,
883,2023-03-13 00:00,.5,27.1,13.9,0,972,1025.8,62.6,,
883,2023-03-13 01:00,.1,26.5,12.1,0,972,1025.9,63,,
883,2023-03-13 02:00,0,25.7,12.5,0,972,1025.9,64.1,,
883,2023-03-13 03:00,-.1,26.4,11.7,0,971.7,1025.6,64.9,,
883,2023-03-13 04:00,-.3,24.8,11,0,971.3,1025.2,63.5,,
883,2023-03-13 05:00,-.3,26.3,11.5,0,971.2,1025.1,63.9,,
883,2023-03-13 06:00,-.7,27.2,10.4,0,971.1,1025.1,64.1,,
883,2023-03-13 07:00,-.6,31.7,10.4,0,971.5,1025.5,61.6,,
883,2023-03-13 08:00,.3,31.5,10.7,0,971.8,1025.6,60.7,,
883,2023-03-13 09:00,1.3,38.2,8.9,0,972,1025.6,54.2,,
883,2023-03-13 10:00,2.5,30.9,9.3,0,971.9,1025.2,54.1,,
883,2023-03-13 11:00,3.3,36.6,8.6,0,972.1,1025.2,49.7,,
883,2023-03-13 12:00,5.2,28.7,8.8,0,971.5,1024.3,33.9,,
883,2023-03-13 13:00,5.1,26.4,9.2,0,971,1023.8,30.2,,
883,2023-03-13 14:00,6.5,25.3,7.2,0,970.4,1022.8,29.5,,
883,2023-03-13 15:00,6.9,27.9,6,0,969.5,1021.8,32,,
883,2023-03-13 16:00,6.3,24.4,4.8,0,969.3,1021.7,42.4,,
883,2023-03-13 17:00,4.7,359.2,4,0,969.1,1021.9,50,,
883,2023-03-13 18:00,3.3,0,2.2,0,969.2,1022.2,56.6,,
883,2023-03-13 19:00,1.2,48.5,2.7,0,968.8,1022.2,68.3,,
883,2023-03-13 20:00,3,152.6,2.6,0,968.5,1021.5,35.1,,
883,2023-03-13 21:00,1.2,78.4,1.6,0,968.7,1022.1,44.1,,
883,2023-03-13 22:00,4.7,151.3,3.8,0,968.3,1021,42.9,,
883,2023-03-13 23:00,3,170,4.1,0,968.7,1021.7,62.4,,
883,2023-03-14 00:00,4,160.6,5.7,0,968.4,1021.3,69.4,,
883,2023-03-14 01:00,2.9,169.8,4.9,0,968.4,1021.4,71.2,,
883,2023-03-14 02:00,2.7,168.6,4.4,0,968.4,1021.5,66.1,,
883,2023-03-14 03:00,2.1,177,3.1,0,967.8,1021,72.4,,
883,2023-03-14 04:00,4.4,162.4,4.8,0,966.9,1019.6,41.2,,
883,2023-03-14 05:00,7,146.8,4.8,0,966.9,1019,19.5,,
883,2023-03-14 06:00,4.8,147,6.3,0,967.2,1019.9,69.4,,
883,2023-03-14 07:00,4.6,159.2,5.4,0,967.5,1020.2,83.2,,
883,2023-03-14 08:00,6,160.7,5.2,0,967.8,1020.2,79.1,,
883,2023-03-14 09:00,8.3,180.3,5,0,968,1019.8,64.2,,
883,2023-03-14 10:00,9.8,186.9,5.7,0,968.3,1020,60.1,,
883,2023-03-14 11:00,11.1,199,6.1,0,968.1,1019.4,53,,
883,2023-03-14 12:00,11.5,188.8,6.8,0,967.8,1019,53.1,,
883,2023-03-14 13:00,12.4,185.9,7.3,0,967.5,1018.5,54.6,,
883,2023-03-14 14:00,13.3,176.7,6,0,966.9,1017.6,53.9,,
883,2023-03-14 15:00,12.3,174.1,6.5,0,966.6,1017.6,54.9,,
883,2023-03-14 16:00,12.5,168,6.4,0,966.3,1017.2,56.2,,
883,2023-03-14 17:00,11.6,165.5,6.7,0,966.3,1017.4,60.4,,
883,2023-03-14 18:00,10.2,168.7,6.6,0,966.3,1017.8,63.3,,
883,2023-03-14 19:00,8.7,171.9,6.8,0,966.5,1018.2,74.1,,
883,2023-03-14 20:00,8.7,172.1,8.3,0,966.6,1018.3,74.8,,
883,2023-03-14 21:00,8.8,173.9,8.4,0,966.7,1018.3,78.5,,
883,2023-03-14 22:00,8.7,173.1,8.7,0,966.8,1018.5,81.1,,
883,2023-03-14 23:00,8.8,171.5,9.5,0,966.7,1018.3,82.2,,
883,2023-03-15 00:00,9.3,171.4,9.7,0,966.6,1018.3,80.6,,
883,2023-03-15 01:00,9.4,165.8,9.7,0,966.5,1018.2,76.7,,
883,2023-03-15 02:00,9.6,173.8,7.1,0,966.9,1018.6,77.6,,
883,2023-03-15 03:00,9.6,176.1,7.8,0,966.9,1018.6,72.4,,
883,2023-03-15 04:00,10.3,179.1,7.8,0,966.8,1018.3,76.5,,
883,2023-03-15 05:00,10.7,180.3,7.6,0,966.8,1018.2,79.3,,
883,2023-03-15 06:00,11.2,192.5,6.9,0,967.6,1018.9,77.2,,
883,2023-03-15 07:00,11.3,189.2,6,0,967.9,1019.2,76.5,,
883,2023-03-15 08:00,12.3,191,6.2,0,968.5,1019.6,71.2,,
883,2023-03-15 09:00,13.8,191.6,6.8,0,969.1,1019.8,66.4,,
883,2023-03-15 10:00,15.1,182.9,7.4,0,969.3,1019.9,63,,
883,2023-03-15 11:00,15.7,183.7,6.6,0,969.5,1020,61.7,,
883,2023-03-15 12:00,15.5,188.5,6.8,0,969.2,1019.7,63.1,,
883,2023-03-15 13:00,17.7,190.8,7.9,0,968.9,1018.7,50.8,,
883,2023-03-15 14:00,17.3,197,5.7,0,968.5,1018.4,54.2,,
883,2023-03-15 15:00,17.2,202.9,5.9,0,968.3,1018.2,54,,
883,2023-03-15 16:00,16.5,203.6,4.9,0,968.7,1018.9,59.6,,
883,2023-03-15 17:00,16,210.7,4.8,0,968.9,1019.2,67.1,,
883,2023-03-15 18:00,15.1,217,3.4,0,969.3,1019.9,72.9,,
883,2023-03-15 19:00,14.1,205,2.6,0,969.9,1020.9,77.9,,
883,2023-03-15 20:00,13,197.2,2.4,0,970.5,1021.5,81.9,,
883,2023-03-15 21:00,11.7,195.7,1.4,0,970.7,1022,84.6,,
883,2023-03-15 22:00,10.5,150.1,1.9,0,970.5,1022.1,89.8,,
883,2023-03-15 23:00,10.2,40.3,2.6,0,971.5,1023.3,97.6,,
883,2023-03-16 00:00,9.7,25.3,4.8,0,971.2,1023.1,98.9,,
883,2023-03-16 01:00,8.7,57,4.9,0,971.2,1023.1,99.5,,
883,2023-03-16 02:00,9.1,47.7,3.9,0,971.5,1023.5,99.6,,
883,2023-03-16 03:00,7.5,35.7,3.5,0,971.2,1023.4,99.8,,
883,2023-03-16 04:00,6.5,59,6,0,971,1023.4,99.9,,
883,2023-03-16 05:00,5,66.9,7.8,0,971.1,1023.9,99.7,,
883,2023-03-16 06:00,3.9,37,8.7,0,971.6,1024.6,92.8,,
883,2023-03-16 07:00,5.1,55.1,7,0,971.9,1024.7,46.7,,
883,2023-03-16 08:00,8.3,58,7.6,0,972.1,1024.2,21.7,,
883,2023-03-16 09:00,5.5,33.1,9.2,0,973.5,1026.3,62.8,,
883,2023-03-16 10:00,7.3,29.4,9,0,973.4,1025.8,55.2,,
883,2023-03-16 11:00,10.1,28.7,8.7,0,973.5,1025.4,49.9,,
883,2023-03-16 12:00,14.6,39.9,6.6,0,973,1024,25.3,,
883,2023-03-16 13:00,14.4,44,5.8,0,972.3,1023.3,27.5,,
883,2023-03-16 14:00,13.1,22.7,7.8,0,972,1023,38.5,,
883,2023-03-16 15:00,11.4,40.9,6.4,0,971.6,1023.1,37.3,,
883,2023-03-16 16:00,10.6,29.8,7.1,0,972.3,1024,35.8,,
883,2023-03-16 17:00,10.2,47.7,4.8,0,971.9,1023.7,39.6,,
883,2023-03-16 18:00,9.1,35.8,4.6,0,971.9,1024,45,,
883,2023-03-16 19:00,7.1,61.4,2.9,0,972.1,1024.4,55.4,,
883,2023-03-16 20:00,7.3,97,3.1,0,972.4,1024.7,61.6,,
883,2023-03-16 21:00,6.1,52.5,1.1,0,972.8,1025.4,65.6,,
883,2023-03-16 22:00,5.2,61.1,1.6,0,972.8,1025.7,71.8,,
883,2023-03-16 23:00,5.6,89.6,1.8,0,972.5,1025.2,73.7,,
883,2023-03-17 00:00,6.2,56.8,.8,0,971.9,1024.5,68.2,,
883,2023-03-17 01:00,7.4,108,3.1,0,971.5,1023.7,61.5,,
883,2023-03-17 02:00,7.2,136.7,1.5,0,971.3,1023.6,63.9,,
883,2023-03-17 03:00,7.4,0,.4,0,970.7,1022.9,62.8,,
883,2023-03-17 04:00,6.7,0,.3,0,970.1,1022.4,67,,
883,2023-03-17 05:00,6.7,33.5,3,0,970.2,1022.5,75.1,,
883,2023-03-17 06:00,8.4,110.5,3.5,0,969.9,1021.8,58.6,,
883,2023-03-17 07:00,8.5,94.1,2.5,0,969.8,1021.7,56.2,,
883,2023-03-17 08:00,8.9,106.8,1.5,0,970,1021.8,57.9,,
883,2023-03-17 09:00,11,56.5,3.5,0,969.4,1020.8,66.1,,
883,2023-03-17 10:00,11.9,25.1,1.9,0,970.1,1021.3,67,,
883,2023-03-17 11:00,12.5,15.2,2.3,0,969.8,1020.9,64.1,,
883,2023-03-17 12:00,11.7,58.8,4.9,0,968.3,1019.5,68.9,,
883,2023-03-17 13:00,10.5,65.3,2.2,0,967.4,1018.9,78.6,,
883,2023-03-17 14:00,8.9,229.1,3.1,2,967.6,1019.3,96.5,,
883,2023-03-17 15:00,8.3,269.9,.5,4,966.4,1018.1,97.6,,
883,2023-03-17 16:00,7.9,0,.4,4,965.5,1017.3,98.1,,
883,2023-03-17 17:00,7.9,250.3,1.6,1,965.3,1017.1,97.5,,
883,2023-03-17 18:00,8,157.7,1.7,2,965,1016.7,96,,
883,2023-03-17 19:00,8.1,100.1,4.3,1.5,964.7,1016.4,89.7,,
883,2023-03-17 20:00,9.5,110.9,5.5,0,964.3,1015.9,84.1,,
883,2023-03-17 21:00,7.9,305.2,1,0,965.2,1017,97.7,,
883,2023-03-17 22:00,7.5,246.1,1.8,0,965.4,1017.3,98.2,,
883,2023-03-17 23:00,8.7,95.2,3.8,0,965.6,1017.2,87.9,,
883,2023-03-18 00:00,7.8,54.4,4.2,0,965.7,1017.5,94.9,,
883,2023-03-18 01:00,7.7,58.3,4.2,0,965,1016.8,92.3,,
883,2023-03-18 02:00,7.4,29.9,5.6,0,965.3,1017.2,96.9,,
883,2023-03-18 03:00,6.3,29,7,0,965.2,1017.4,98.2,,
883,2023-03-18 04:00,5.9,33.7,5.6,0,965.3,1017.6,91,,
883,2023-03-18 05:00,5.5,39.4,5.2,0,965.2,1017.6,89.8,,
883,2023-03-18 06:00,4.8,36.6,6.2,0,965.6,1018.2,91.7,,
883,2023-03-18 07:00,4.8,42.6,5.6,0,966.1,1018.7,88,,
883,2023-03-18 08:00,5.8,49.6,5.3,0,966.6,1019,77.6,,
883,2023-03-18 09:00,7.4,45.9,5.9,0,966.6,1018.6,71.7,,
883,2023-03-18 10:00,8.7,26.5,8,0,966.9,1018.6,64,,
883,2023-03-18 11:00,8.8,23.5,9.3,0,966.9,1018.6,54.6,,
883,2023-03-18 12:00,9.5,32.4,8.9,0,966.6,1018.3,50.4,,
883,2023-03-18 13:00,10.1,35.5,8.6,0,966.2,1017.7,41,,
883,2023-03-18 14:00,9.6,28,8.8,0,966.5,1018.1,55.3,,
883,2023-03-18 15:00,9.3,28.1,8.9,0,966.1,1017.8,59,,
883,2023-03-18 16:00,9.4,27.6,8.2,0,965.9,1017.6,48.4,,
883,2023-03-18 17:00,7.2,25,7.1,0,966.5,1018.5,61,,
883,2023-03-18 18:00,5.9,22.1,7,0,966.7,1019.1,66.5,,
883,2023-03-18 19:00,4.6,31.7,5.3,0,967.1,1019.8,73.9,,
883,2023-03-18 20:00,4.1,39.5,4.8,0,967.5,1020.3,75.2,,
883,2023-03-18 21:00,4.1,44.4,4.5,0,968.2,1021.1,53.5,,
883,2023-03-18 22:00,4.3,44.9,4.2,0,968.5,1021.4,60.7,,
883,2023-03-18 23:00,4,38.7,5.4,0,968.3,1021.2,71,,
883,2023-03-19 00:00,4,50.5,4.6,0,968.5,1021.4,73.4,,
883,2023-03-19 01:00,3.6,45.1,4.2,0,968.3,1021.2,70.7,,
883,2023-03-19 02:00,4.7,57.1,5.4,0,968.3,1021,56.6,,
883,2023-03-19 03:00,4.8,51,4.4,0,968.1,1020.8,61.5,,
883,2023-03-19 04:00,4.5,44,4.9,0,967.9,1020.7,66.1,,
883,2023-03-19 05:00,4.6,53,4.9,0,967.9,1020.6,66.4,,
883,2023-03-19 06:00,4.3,49.5,4.6,0,968.1,1020.9,69.7,,
883,2023-03-19 07:00,3.8,44.6,4.9,0,968.3,1021.1,73.8,,
883,2023-03-19 08:00,5.2,57.6,4.9,0,968.3,1020.9,67.2,,
883,2023-03-19 09:00,7.2,55.6,4.5,0,969,1021.2,54,,
883,2023-03-19 10:00,9.6,28,5.1,0,969.1,1020.9,54.4,,
883,2023-03-19 11:00,10.5,19.9,5.7,0,969.2,1020.8,55.5,,
883,2023-03-19 12:00,11.4,26.2,4.2,0,968.7,1020,53.2,,
883,2023-03-19 13:00,11.8,9.2,4,0,967.8,1019,57.2,,
883,2023-03-19 14:00,12.5,304.4,2.9,0,967.1,1018,56.9,,
883,2023-03-19 15:00,12.2,251.2,3.1,0,966.7,1017.7,57.8,,
883,2023-03-19 16:00,12.7,219.6,3.2,0,966.3,1017.1,52.9,,
883,2023-03-19 17:00,10.4,341.5,2.3,0,966.6,1018,67.5,,
883,2023-03-19 18:00,10,196.6,2.6,0,966.6,1018.2,65.9,,
883,2023-03-19 19:00,8.5,175.6,3.1,0,966.5,1018.2,82.1,,
883,2023-03-19 20:00,8.2,159.7,3.8,0,966.4,1018.2,82.7,,
883,2023-03-19 21:00,8.3,145.6,4.1,0,966.6,1018.4,73.5,,
883,2023-03-19 22:00,7.9,147.6,3.5,0,966.6,1018.5,71.8,,
883,2023-03-19 23:00,7.7,145.5,3.5,0,966.4,1018.3,71.6,,
883,2023-03-20 00:00,7.2,157.4,3,0,966.4,1018.4,73.9,,
883,2023-03-20 01:00,7,161.9,3.6,0,965.9,1017.9,74.4,,
883,2023-03-20 02:00,7.3,154.7,3.2,0,965.4,1017.3,52.1,,
883,2023-03-20 03:00,7.4,158.2,3.3,0,964.9,1016.8,42.5,,
883,2023-03-20 04:00,6.6,155.7,3.8,0,964.6,1016.7,50.7,,
883,2023-03-20 05:00,6.5,156.2,3.6,0,964.4,1016.5,53.6,,
883,2023-03-20 06:00,7.1,154.4,2.9,0,964.5,1016.4,61.2,,
883,2023-03-20 07:00,7.5,177,2.8,0,965,1016.9,53.8,,
883,2023-03-20 08:00,8.8,171.7,2.8,0,965.3,1016.9,47.9,,
883,2023-03-20 09:00,11,204.7,2.3,0,965.4,1016.6,47.2,,
883,2023-03-20 10:00,11.1,206.1,3,0,965.3,1016.5,50.3,,
883,2023-03-20 11:00,11.8,187.2,3,0,965.3,1016.3,44.3,,
883,2023-03-20 12:00,13.1,197.8,2.7,0,964.7,1015.4,45.2,,
883,2023-03-20 13:00,12.3,186.9,3.1,0,964.6,1015.5,60.1,,
883,2023-03-20 14:00,11.6,152.3,4.6,0,964.1,1015.1,61.1,,
883,2023-03-20 15:00,11.7,155.9,5.3,0,963.4,1014.3,64.2,,
883,2023-03-20 16:00,12.6,141.8,3.2,0,962.3,1013,44.3,,
883,2023-03-20 17:00,13.4,233.9,1.3,0,961.9,1012.3,43,,
883,2023-03-20 18:00,11.4,311.4,1.1,0,961.9,1012.8,65.7,,
883,2023-03-20 19:00,10.7,0,.4,0,961.8,1012.9,73,,
883,2023-03-20 20:00,10.7,47,.7,0,962,1013.1,71.9,,
883,2023-03-20 21:00,12.2,149,3.9,0,962,1012.7,54.1,,
883,2023-03-20 22:00,10.8,30.3,3.8,0,961.9,1013,63.9,,
883,2023-03-20 23:00,11.3,128.2,1,0,961.6,1012.6,67.7,,
883,2023-03-21 00:00,11.8,27.4,2.6,0,961,1011.8,65,,
883,2023-03-21 01:00,11.2,237.5,1.2,0,960.8,1011.7,67.1,,
883,2023-03-21 02:00,11.7,146.3,.7,0,960.5,1011.3,75.7,,
883,2023-03-21 03:00,11.6,38.6,2.4,0,960.5,1011.3,66.3,,
883,2023-03-21 04:00,11.6,65.5,2.3,.5,959.2,1009.9,97,,
883,2023-03-21 05:00,11.2,62.2,2.2,0,959.1,1009.9,96.8,,
883,2023-03-21 06:00,13,111.4,3.3,1,958.9,1009.3,92.6,,
883,2023-03-21 07:00,12.9,129,1.2,1.5,958.5,1008.9,96.1,,
883,2023-03-21 08:00,13.8,3.8,.5,.5,958.6,1008.8,94.5,,
883,2023-03-21 09:00,14.2,116,2.8,0,958.9,1009.2,92,,
883,2023-03-21 10:00,14.7,132.6,2.8,.5,959,1009.2,91.6,,
883,2023-03-21 11:00,14.8,289.1,1.7,0,959.1,1009.3,95.1,,
883,2023-03-21 12:00,15.1,0,.4,0,959,1009.1,94.2,,
883,2023-03-21 13:00,15.9,0,.4,0,958.6,1008.4,88.7,,
883,2023-03-21 14:00,17.2,19.5,1.5,0,958.1,1007.5,84.7,,
883,2023-03-21 15:00,17.3,249.4,2.3,0,957.5,1006.9,84,,
883,2023-03-21 16:00,16.9,263.5,2.5,0,957.7,1007.2,84.8,,
883,2023-03-21 17:00,17.8,242.5,2.1,0,957.3,1006.5,82.4,,
883,2023-03-21 18:00,17.1,285.1,1.9,0,957.3,1006.7,82.9,,
883,2023-03-21 19:00,14.5,0,.4,0,957.5,1007.7,94.1,,
883,2023-03-21 20:00,13.1,146.2,1.6,0,957.5,1007.8,95.8,,
883,2023-03-21 21:00,12.8,89.3,1.2,0,957.9,1008.3,96.1,,
883,2023-03-21 22:00,12.1,129.1,1.2,0,958.4,1009,96.8,,
883,2023-03-21 23:00,12.1,69.4,1.1,0,958.6,1009.2,98.3,,
883,2023-03-22 00:00,12,33.4,1.3,0,959,1009.6,99,,
883,2023-03-22 01:00,11.5,342.4,1.2,0,959.1,1009.9,99.4,,
883,2023-03-22 02:00,11.2,58.6,1.8,0,958.9,1009.7,99.4,,
883,2023-03-22 03:00,11.3,72.3,2,0,958.6,1009.4,99.6,,
883,2023-03-22 04:00,10.9,77.3,2.2,0,958.1,1009,99.4,,
883,2023-03-22 05:00,12,151.3,1.9,0,957.4,1008,99.7,,
883,2023-03-22 06:00,10.1,194.1,.8,0,957.8,1008.9,99.5,,
883,2023-03-22 07:00,11.3,66.2,1.2,0,958.4,1009.2,99.6,,
883,2023-03-22 08:00,12.5,73.8,2.8,0,958.5,1009,99.9,,
883,2023-03-22 09:00,13.5,290,1,0,958.9,1009.2,99.6,,
883,2023-03-22 10:00,15.2,297.6,2.4,0,958.6,1008.6,89.2,,
883,2023-03-22 11:00,15.5,34,3.1,0,958.1,1008,90.5,,
883,2023-03-22 12:00,17.3,28.9,2.7,0,957.8,1007.2,83.2,,
883,2023-03-22 13:00,18.4,146.2,7,0,957.3,1006.3,77.5,,
883,2023-03-22 14:00,18.6,155.2,7,0,956.7,1005.6,76.6,,
883,2023-03-22 15:00,16.9,149.8,6.7,0,956.6,1006,89.8,,
883,2023-03-22 16:00,17.1,145.5,5.9,0,956.1,1005.4,89.3,,
883,2023-03-22 17:00,17.4,143.3,6.3,0,955.7,1004.9,87.9,,
883,2023-03-22 18:00,17.3,148.4,4.2,0,955.5,1004.8,88.7,,
883,2023-03-22 19:00,17.4,161.2,1.1,0,955.2,1004.4,88.1,,
883,2023-03-22 20:00,16.9,171.2,2.9,0,955.2,1004.6,94.8,,
883,2023-03-22 21:00,16.8,166.5,2.8,0,955.1,1004.5,95.2,,
883,2023-03-22 22:00,16.9,200.6,1.2,0,955.2,1004.6,93.9,,
883,2023-03-22 23:00,16.5,359,.9,0,954.6,1004,94,,
883,2023-03-23 00:00,16.2,49.3,2,0,953.7,1003.2,93.1,,
883,2023-03-23 01:00,16.3,83.9,1.8,0,953.6,1003,91.4,,
883,2023-03-23 02:00,16.3,244.1,.5,0,953.1,1002.5,95.9,,
883,2023-03-23 03:00,15.9,107.2,.8,0,952.4,1001.9,98.7,,
883,2023-03-23 04:00,16.1,182.9,1.8,.5,951.8,1001.2,99.2,,
883,2023-03-23 05:00,15.8,250.8,1.4,1,952,1001.5,99.5,,
883,2023-03-23 06:00,15,12.5,1.7,2,952.6,1002.4,99.7,,
883,2023-03-23 07:00,14.8,29.7,2.5,1.5,952.9,1002.8,99.5,,
883,2023-03-23 08:00,15.3,45.2,2.5,0,953.5,1003.2,99.6,,
883,2023-03-23 09:00,15.3,29.1,3.9,0,953.5,1003.2,99.7,,
883,2023-03-23 10:00,16.2,22.5,4.8,0,953.9,1003.4,99.2,,
883,2023-03-23 11:00,15.5,25.7,6.2,0,954.6,1004.3,91.8,,
883,2023-03-23 12:00,14,27.9,4,0,954.9,1005.1,97.2,,
883,2023-03-23 13:00,11.4,20.7,4.3,0,955.5,1006.1,99.3,,
883,2023-03-23 14:00,11.2,26.9,4.6,0,955.3,1005.9,99.6,,
883,2023-03-23 15:00,11,19.8,4.7,0,955.3,1006,99.6,,
883,2023-03-23 16:00,10.9,19.2,5.8,0,955.3,1006,99.8,,
883,2023-03-23 17:00,9.9,19.6,7.4,0,955.3,1006.3,99.7,,
883,2023-03-23 18:00,13.2,44.9,6.1,0,956,1006.2,99.8,,
883,2023-03-23 19:00,12.5,43.8,5.6,0,957.1,1007.5,90.3,,
883,2023-03-23 20:00,8.7,39.9,3.5,0,958.3,1009.5,98.4,,
883,2023-03-23 21:00,8.2,22.1,5.4,0,959.2,1010.6,99.5,,
883,2023-03-23 22:00,7.9,21,6.4,0,959.7,1011.2,99.7,,
883,2023-03-23 23:00,7.6,20.7,7.2,0,959.6,1011.2,99.4,,
883,2023-03-24 00:00,7.1,23,7,0,959.6,1011.3,95.8,,
883,2023-03-24 01:00,7,23.9,7.1,0,959.6,1011.3,91.5,,
883,2023-03-24 02:00,7,18.5,8.7,0,959.4,1011.1,86.1,,
883,2023-03-24 03:00,6.8,23.3,8.1,0,959,1010.7,84.4,,
883,2023-03-24 04:00,6.8,26.1,6.5,0,959.1,1010.8,84.3,,
883,2023-03-24 05:00,6.5,26.9,6,0,959.5,1011.3,88.1,,
883,2023-03-24 06:00,6.8,28.9,6.2,0,960.4,1012.2,85.4,,
883,2023-03-24 07:00,7,34.5,5.1,0,961.5,1013.3,83.9,,
883,2023-03-24 08:00,6.8,27.2,6.6,0,962,1013.9,86.9,,
883,2023-03-24 09:00,7.4,25,6.2,0,962,1013.7,88.7,,
883,2023-03-24 10:00,8.8,23.6,5.8,0,962.3,1013.7,83,,
883,2023-03-24 11:00,10.7,23,5.3,0,962.4,1013.5,78.3,,
883,2023-03-24 12:00,12,15,3.3,0,962.7,1013.5,75.5,,
883,2023-03-24 13:00,11.5,41.3,1,0,962.6,1013.6,80.3,,
883,2023-03-24 14:00,8.9,19.3,5.7,0,962.2,1013.6,88.8,,
883,2023-03-24 15:00,7.9,29,4.8,0,962.3,1013.9,98.2,,
883,2023-03-24 16:00,8.4,28.3,3.4,1,962.3,1013.8,99.2,,
883,2023-03-24 17:00,7.8,27.9,4.5,1,962.8,1014.5,99.4,,
883,2023-03-24 18:00,7.8,18.1,4.9,1.5,963.5,1015.2,99.7,,
883,2023-03-24 19:00,7.8,21.9,5.1,.5,963.7,1015.4,99.6,,
883,2023-03-24 20:00,7.9,16.9,3.6,1,964.6,1016.3,99.7,,
883,2023-03-24 21:00,8.1,38.5,3.3,1,964.2,1015.9,99.8,,
883,2023-03-24 22:00,10.7,190,1.7,.5,964.5,1015.8,99.2,,
883,2023-03-24 23:00,9.6,0,.4,.5,965.2,1016.8,99.3,,
883,2023-03-25 00:00,10,128.8,.9,1,965.4,1016.9,99.7,,
883,2023-03-25 01:00,10.5,152.2,1.8,.5,965.3,1016.7,97.2,,
883,2023-03-25 02:00,10.4,12.2,1.2,.5,965.1,1016.5,98,,
883,2023-03-25 03:00,10,98,2,.5,965.2,1016.7,98.2,,
883,2023-03-25 04:00,10.3,107.8,1.3,0,964.6,1016,95.5,,
883,2023-03-25 05:00,10.1,100.4,3.2,0,964.5,1015.9,91.7,,
883,2023-03-25 06:00,10,0,.4,0,964.9,1016.4,99,,
883,2023-03-25 07:00,10.1,80.1,.9,0,965.4,1016.9,97.8,,
883,2023-03-25 08:00,10.4,0,.4,0,966,1017.4,97.4,,
883,2023-03-25 09:00,10.3,68.9,3.1,0,966.1,1017.5,93.1,,
883,2023-03-25 10:00,11.5,142.2,1.7,0,966.3,1017.4,86.4,,
883,2023-03-25 11:00,11.1,282.5,.8,0,966.5,1017.8,93.6,,
883,2023-03-25 12:00,10.9,240.7,2.1,0,965.9,1017.2,92.4,,
883,2023-03-25 13:00,11.5,233.3,2,0,965.4,1016.5,91.2,,
883,2023-03-25 14:00,10.8,96.5,2.1,0,964.7,1015.9,92.7,,
883,2023-03-25 15:00,11.4,273.7,1.2,.5,964.5,1015.6,90.1,,
883,2023-03-25 16:00,11.8,15,2.3,0,964,1015,82,,
883,2023-03-25 17:00,11.5,6.7,1.7,0,963.7,1014.7,87.2,,
883,2023-03-25 18:00,10.7,67.8,3,0,963.5,1014.7,88.4,,
883,2023-03-25 19:00,10.1,126.1,2.2,0,963.5,1014.9,90,,
883,2023-03-25 20:00,10.1,0,.2,0,963.9,1015.3,95.2,,
883,2023-03-25 21:00,10.2,357.4,1,0,964.7,1016.1,95.9,,
883,2023-03-25 22:00,9.9,342.4,1.4,0,965.3,1016.8,94.5,,
883,2023-03-25 23:00,9.4,91.5,3.1,0,964.6,1016.2,89.7,,
883,2023-03-26 00:00,9.4,73.8,3.4,0,964.4,1016,81.1,,
883,2023-03-26 01:00,9.4,86.9,3.1,0,963.8,1015.4,81.5,,
883,2023-03-26 02:00,9.2,56.3,3.4,0,963.4,1015,85,,
883,2023-03-26 03:00,8.9,40.3,4,0,963.4,1014.8,89.5,,
883,2023-03-26 04:00,8.6,47.8,5.2,0,962.6,1014.1,93.6,,
883,2023-03-26 05:00,8.5,31.2,5.1,0,963.5,1015,97.7,,
883,2023-03-26 06:00,7.2,29,7.4,0,963.7,1015.6,99.3,,
883,2023-03-26 07:00,6.8,40.6,4.5,.5,964.6,1016.6,99.5,,
883,2023-03-26 08:00,6.8,30.6,6,0,964.4,1016.4,95.6,,
883,2023-03-26 09:00,6.6,28,6.8,0,965,1017.1,91.6,,
883,2023-03-26 10:00,7,32.5,6.5,0,965.3,1017.3,91.9,,
883,2023-03-26 11:00,8.6,29.8,8.3,0,965,1016.6,72.6,,
883,2023-03-26 12:00,10.5,22.7,7.9,0,965.4,1016.8,59.9,,
883,2023-03-26 13:00,11.9,23.4,7.3,0,965.3,1016.3,50.7,,
883,2023-03-26 14:00,10.6,26.7,7.6,0,965.1,1016.4,46.3,,
883,2023-03-26 15:00,10.5,22.5,7.2,0,964.7,1016,57.7,,
883,2023-03-26 16:00,9,28.5,7.9,0,964.9,1016.6,68.3,,
883,2023-03-26 17:00,8.3,23.8,7.4,0,964.9,1016.6,60.9,,
883,2023-03-26 18:00,7.3,25.9,7,0,964.7,1016.6,65,,
883,2023-03-26 19:00,5.2,35.6,5.4,0,965.7,1018.2,71.7,,
883,2023-03-26 20:00,4.6,40,4.9,0,966.2,1018.9,67.7,,
883,2023-03-26 21:00,3.9,42.9,4.1,0,967.6,1020.3,62.4,,
883,2023-03-26 22:00,3.7,39.2,5.5,0,967.8,1020.6,63.4,,
883,2023-03-26 23:00,4.1,44.6,6.7,0,967.4,1020.2,62.9,,
883,2023-03-27 00:00,4,47.3,6.9,0,966.9,1019.7,58.4,,
883,2023-03-27 01:00,4.6,53,7,0,966,1018.6,44.5,,
883,2023-03-27 02:00,4.5,48.9,7.3,0,966.4,1019.1,48.8,,
883,2023-03-27 03:00,4.5,59.4,6.4,0,966.9,1019.6,48.4,,
883,2023-03-27 04:00,4.7,53,4.5,0,967.2,1019.9,43.6,,
883,2023-03-27 05:00,4.2,44.1,5.7,0,967.9,1020.7,52.8,,
883,2023-03-27 06:00,4.2,52.5,5.1,0,968.4,1021.3,53.4,,
883,2023-03-27 07:00,3.8,42,5.3,0,968.4,1021.2,52.3,,
883,2023-03-27 08:00,4.8,42.7,6.2,0,968.6,1021.3,49.1,,
883,2023-03-27 09:00,6,45.6,7,0,969.2,1021.7,43.3,,
883,2023-03-27 10:00,7.3,39.3,7.7,0,969.5,1021.7,36.9,,
883,2023-03-27 11:00,7.9,34.4,7.8,0,969.9,1021.9,32.1,,
883,2023-03-27 12:00,8.6,31.5,8.6,0,969.7,1021.6,33,,
883,2023-03-27 13:00,9.4,29.8,8.1,0,969.4,1021.3,35.8,,
883,2023-03-27 14:00,9.5,31,8.1,0,968.9,1020.7,31.4,,
883,2023-03-27 15:00,10.5,24.8,8.6,0,968.6,1020.1,33.3,,
883,2023-03-27 16:00,9.9,22.1,7.9,0,968.6,1020.3,36,,
883,2023-03-27 17:00,8.3,26.5,8.3,0,968.5,1020.4,42.3,,
883,2023-03-27 18:00,7.4,27.1,8.7,0,968.7,1020.8,48.4,,
883,2023-03-27 19:00,5.5,35.9,5,0,969.6,1022.2,57,,
883,2023-03-27 20:00,5.1,63.3,5.5,0,970.2,1022.9,58,,
883,2023-03-27 21:00,4.9,60.7,5.5,0,970.4,1023.2,56.4,,
883,2023-03-27 22:00,4.8,57.6,5,0,970.6,1023.4,56.2,,
883,2023-03-27 23:00,5.3,59,4.8,0,970.3,1023,39.3,,
883,2023-03-28 00:00,7.5,73.5,4.9,0,970.2,1022.3,14.3,,
883,2023-03-28 01:00,6.6,83.6,3.6,0,970.4,1022.8,16.7,,
883,2023-03-28 02:00,6.1,88.9,2.7,0,970.5,1023,20.8,,
883,2023-03-28 03:00,7.2,99.1,4.5,0,970.7,1022.9,18.8,,
883,2023-03-28 04:00,4.8,148.4,1.6,0,970.7,1023.5,29.7,,
883,2023-03-28 05:00,3,66.1,1.4,0,971.2,1024.4,38.8,,
883,2023-03-28 06:00,4.3,91.7,4.1,0,971.4,1024.4,30.3,,
883,2023-03-28 07:00,5.8,93.1,4.5,0,971.8,1024.5,24.5,,
883,2023-03-28 08:00,9.3,48.8,2.6,0,972.4,1024.4,25.6,,
883,2023-03-28 09:00,11.5,39.5,3.9,0,973,1024.5,21.4,,
883,2023-03-28 10:00,13.3,20.1,5,0,973.2,1024.3,24.3,,
883,2023-03-28 11:00,13.9,23.6,5.1,0,973,1023.9,35.5,,
883,2023-03-28 12:00,14.1,27,5.5,0,972.7,1023.8,40.5,,
883,2023-03-28 13:00,15,28.7,5,0,972.1,1022.9,45.6,,
883,2023-03-28 14:00,14.1,22.9,6,0,971.8,1022.9,50.8,,
883,2023-03-28 15:00,14.7,26.4,5.3,0,971.4,1022.3,46.8,,
883,2023-03-28 16:00,14.5,22.4,3.2,0,971.2,1022.1,42.6,,
883,2023-03-28 17:00,13.9,27.2,3.4,0,971.2,1022,43,,
883,2023-03-28 18:00,11.7,18.3,3.5,0,971.4,1022.8,45.4,,
883,2023-03-28 19:00,9.7,82.6,2.9,0,971.5,1023.4,51.8,,
883,2023-03-28 20:00,7.9,93.1,2.7,0,971.8,1023.9,61.7,,
883,2023-03-28 21:00,7.7,89.1,3.2,0,972,1024.2,58.3,,
883,2023-03-28 22:00,7.6,103.9,3.1,0,972.3,1024.5,58.9,,
883,2023-03-28 23:00,5.8,124.9,1.4,0,972.1,1024.8,70.2,,
883,2023-03-29 00:00,5.6,95.5,1.7,0,972,1024.7,79.7,,
883,2023-03-29 01:00,6,112.8,.8,0,971.7,1024.3,78.5,,
883,2023-03-29 02:00,5.8,110,1.7,0,971.4,1024,79.7,,
883,2023-03-29 03:00,6.3,94.8,3,0,970.8,1023.3,73.6,,
883,2023-03-29 04:00,7.1,68.5,2.7,0,970.4,1022.7,67.9,,
883,2023-03-29 05:00,7.2,78.7,2.4,0,970.3,1022.5,67.7,,
883,2023-03-29 06:00,6.5,69.6,3.1,0,970.4,1022.8,70.5,,
883,2023-03-29 07:00,7.3,92.4,3,0,970.5,1022.7,64.4,,
883,2023-03-29 08:00,10.4,104,1.1,0,971,1022.7,60.5,,
883,2023-03-29 09:00,12.8,65.4,1.3,0,971.2,1022.3,49.2,,
883,2023-03-29 10:00,13.9,342.4,2.1,0,971.1,1021.9,44.7,,
883,2023-03-29 11:00,13.3,321.4,3.8,0,971.5,1022.5,66.4,,
883,2023-03-29 12:00,14.4,23,4.3,0,970.7,1021.6,63.9,,
883,2023-03-29 13:00,16.2,25.9,3.9,0,969.9,1020.2,61.6,,
883,2023-03-29 14:00,15,307.3,4.1,0,969.6,1020.3,61.1,,
883,2023-03-29 15:00,15,301,3.5,0,969.2,1019.8,58.9,,
883,2023-03-29 16:00,15.3,216.6,2.3,0,969.3,1019.9,47.5,,
883,2023-03-29 17:00,14,307.6,2.3,0,968.9,1019.8,54.9,,
883,2023-03-29 18:00,12.8,305.6,2.7,0,968.8,1019.8,56.6,,
883,2023-03-29 19:00,11.3,164.8,2,0,969.1,1020.4,68.3,,
883,2023-03-29 20:00,9.6,108.5,3.2,0,969,1020.8,78.2,,
883,2023-03-29 21:00,8,108.2,3,0,969.2,1021.2,76.7,,
883,2023-03-29 22:00,7.2,103.1,2.6,0,969.7,1021.9,64,,
883,2023-03-29 23:00,9.3,82.1,3,0,969.3,1021.2,46.5,,
883,2023-03-30 00:00,7.4,111.5,2.5,0,969.5,1021.6,54.8,,
883,2023-03-30 01:00,6,144.4,2.3,0,969.4,1021.9,54.3,,
883,2023-03-30 02:00,8.7,103.8,4.5,0,968.8,1020.6,35.1,,
883,2023-03-30 03:00,8.1,95.8,3.4,0,968,1019.9,40.2,,
883,2023-03-30 04:00,6.4,100.3,3.6,0,967.3,1019.6,51.7,,
883,2023-03-30 05:00,6.4,71.4,1.3,0,967.3,1019.6,52.1,,
883,2023-03-30 06:00,7,119.4,1.6,0,967.5,1019.6,55.5,,
883,2023-03-30 07:00,10,139.4,2,0,967.8,1019.4,41.8,,
883,2023-03-30 08:00,11.7,51.4,2.2,0,967.2,1018.3,45.4,,
883,2023-03-30 09:00,13.5,239.3,1.6,0,967.8,1018.5,46.2,,
883,2023-03-30 10:00,14.4,242.8,.9,0,967.8,1018.6,35.8,,
883,2023-03-30 11:00,15.3,313.6,2.6,0,967.7,1018.2,34.2,,
883,2023-03-30 12:00,16.1,312.5,3.2,0,967.4,1017.6,43.4,,
883,2023-03-30 13:00,16.1,303.6,2.8,0,967,1017.2,45.4,,
883,2023-03-30 14:00,16.5,278.1,2.8,0,966.4,1016.5,49.4,,
883,2023-03-30 15:00,16.5,282.6,3.9,0,965.5,1015.5,49.3,,
883,2023-03-30 16:00,15.2,324.9,4.8,0,965.1,1015.5,59.4,,
883,2023-03-30 17:00,13.6,294.8,2.9,0,965.5,1016.1,70.2,,
883,2023-03-30 18:00,12.7,261.8,3.2,0,965.8,1016.6,73.8,,
883,2023-03-30 19:00,11.8,58.4,1.9,0,966.1,1017.2,82.2,,
883,2023-03-30 20:00,11.5,85.8,2.1,0,966.3,1017.4,83.6,,
883,2023-03-30 21:00,11.3,95.9,1.7,0,967,1018.2,81.6,,
883,2023-03-30 22:00,11.3,104.6,1.3,0,967,1018.2,79.1,,
883,2023-03-30 23:00,11.1,72.4,1.4,0,967.3,1018.6,78,,
883,2023-03-31 00:00,11.7,123.6,2.2,0,967.2,1018.3,70.9,,
883,2023-03-31 01:00,11.3,144.3,1.9,0,967.2,1018.4,73.3,,
883,2023-03-31 02:00,11,314.4,.8,0,967.1,1018.4,87.6,,
883,2023-03-31 03:00,10.4,215.8,1.3,0,966.8,1018.3,90.3,,
883,2023-03-31 04:00,11.8,34.1,6.1,0,966.2,1017.3,58.6,,
883,2023-03-31 05:00,12,99.1,2.2,0,966.4,1017.4,53.9,,
883,2023-03-31 06:00,10.7,117.6,1.5,0,966.5,1017.9,63.4,,
883,2023-03-31 07:00,10.9,184.8,1.8,0,966.5,1017.8,64.9,,
883,2023-03-31 08:00,13.2,193.1,2.1,0,966.7,1017.4,57.8,,
883,2023-03-31 09:00,14.8,50.1,4.1,0,966.7,1017.3,52.5,,
883,2023-03-31 10:00,16.2,48.7,4.6,0,966.8,1017,58.9,,
883,2023-03-31 11:00,16.6,61.3,6.2,0,966.5,1016.5,60.8,,
883,2023-03-31 12:00,17.9,65.9,5.6,0,966.3,1015.9,55.5,,
883,2023-03-31 13:00,17.7,63.4,3.8,0,966,1015.7,49.4,,
883,2023-03-31 14:00,17.7,357.9,5.4,0,965.7,1015.4,47.8,,
883,2023-03-31 15:00,18.3,72.9,5.8,0,964.8,1014.2,36.7,,
883,2023-03-31 16:00,19.1,55.5,5.8,0,964.6,1014.3,32.3,,
883,2023-03-31 17:00,17.8,269.4,2,0,964.9,1014.5,43.7,,
883,2023-03-31 18:00,16.9,36.1,4.6,0,964.6,1014.4,34.7,,
883,2023-03-31 19:00,13,56,2.9,0,964.8,1015.5,64.5,,
883,2023-03-31 20:00,12.9,137.8,1.6,0,965.1,1015.8,48.5,,
883,2023-03-31 21:00,12.6,116.1,1.2,0,965.4,1016.2,31,,
883,2023-03-31 22:00,12.2,87.7,2.8,0,965.3,1016.2,32.4,,
883,2023-03-31 23:00,12.3,109.2,4,0,965.3,1016.2,31.1,,
883,2023-04-01 00:00,13.2,105.9,3.9,0,964.9,1015.5,27.9,,
883,2023-04-01 01:00,9.7,118.3,1.8,0,965.2,1016.8,40.3,,
883,2023-04-01 02:00,11.7,108,4.2,0,964.6,1015.6,34.5,,
883,2023-04-01 03:00,10.7,96.2,3.4,0,964,1015.2,34.3,,
883,2023-04-01 04:00,11.8,134.8,2.6,0,964,1015,36.3,,
883,2023-04-01 05:00,9.7,119.3,2,0,963.6,1015.1,45.5,,
883,2023-04-01 06:00,10.8,120.1,2.7,0,963.4,1014.6,43.3,,
883,2023-04-01 07:00,11.3,102,2.8,0,963.4,1014.4,46.9,,
883,2023-04-01 08:00,15,200.8,1.7,0,964.2,1014.6,39.2,,
883,2023-04-01 09:00,15.8,263.8,.9,0,964.5,1014.7,43.4,,
883,2023-04-01 10:00,17.1,333.2,1.7,0,964.4,1014.2,40.5,,
883,2023-04-01 11:00,17.8,340.2,3.2,0,964.1,1013.7,41.7,,
883,2023-04-01 12:00,19.7,323,2.9,0,963.7,1013.2,46.7,,
883,2023-04-01 13:00,18.9,305.5,4.3,0,963.3,1012.5,46.2,,
883,2023-04-01 14:00,19.7,280.3,3.3,0,963,1012.4,51.1,,
883,2023-04-01 15:00,18,317.1,4.6,0,962.7,1012.1,62.8,,
883,2023-04-01 16:00,17.6,316.7,3.6,0,962.5,1012,63.2,,
883,2023-04-01 17:00,18.5,276,2.8,0,962.2,1011.4,51.6,,
883,2023-04-01 18:00,17.1,255.3,2.1,0,962.4,1012.1,60.1,,
883,2023-04-01 19:00,14.4,320.9,1.4,0,962.7,1013.2,66.2,,
883,2023-04-01 20:00,12,99.6,1,0,962.8,1013.6,75.4,,
883,2023-04-01 21:00,11,126.2,2.1,0,963.4,1014.5,77,,
883,2023-04-01 22:00,11.6,83.1,2.6,0,963.9,1014.9,75.4,,
883,2023-04-01 23:00,11,74.3,4.1,0,963.8,1014.9,58.4,,
883,2023-04-02 00:00,11.2,99.2,5.5,0,963.8,1014.9,48.9,,
883,2023-04-02 01:00,10.4,88.9,3.4,0,963.5,1014.8,40.9,,
883,2023-04-02 02:00,13.4,87.2,5.2,0,963,1013.5,26.2,,
883,2023-04-02 03:00,13.5,80.7,7,0,962.4,1012.8,24.7,,
883,2023-04-02 04:00,13.9,80.2,8.5,0,962,1012.3,20.6,,
883,2023-04-02 05:00,14.3,82.1,8.5,0,962.3,1012.8,19.7,,
883,2023-04-02 06:00,13.4,84.4,8.6,0,963.1,1013.6,27.4,,
883,2023-04-02 07:00,13.7,80,8.7,0,963.7,1014.2,26.1,,
883,2023-04-02 08:00,15.1,73.5,8.1,0,964.4,1014.8,23.3,,
883,2023-04-02 09:00,16.7,78.1,6.4,0,965.1,1015,20.6,,
883,2023-04-02 10:00,17.8,61.7,7,0,965.3,1014.9,22.2,,
883,2023-04-02 11:00,17.6,66.1,7.6,0,965.8,1015.5,24.9,,
883,2023-04-02 12:00,18.3,52.5,6.9,0,965.4,1014.9,25,,
883,2023-04-02 13:00,18.9,40.5,6.4,0,965.4,1014.7,25.5,,
883,2023-04-02 14:00,17.9,54.3,6.6,0,964.7,1014.3,37.5,,
883,2023-04-02 15:00,17.8,48.2,6.7,0,964.5,1014.1,35,,
883,2023-04-02 16:00,16.9,78.5,7.2,0,964.9,1014.8,37.5,,
883,2023-04-02 17:00,16.2,87,6.8,0,965.1,1015.2,29.4,,
883,2023-04-02 18:00,15.3,100.5,8.6,0,964.6,1014.9,26.2,,
883,2023-04-02 19:00,15.4,126,6.2,0,965.2,1015.5,22.3,,
883,2023-04-02 20:00,15.3,132.8,4.1,0,965.4,1015.8,24.6,,
883,2023-04-02 21:00,14.6,116.7,6.6,0,965.5,1016.1,29.7,,
883,2023-04-02 22:00,14,97.3,6.6,0,965.6,1016.4,29.6,,
883,2023-04-02 23:00,13.6,79.8,7.1,0,966,1016.6,31.1,,
883,2023-04-03 00:00,13.8,88,9,0,966.1,1016.7,26.6,,
883,2023-04-03 01:00,11.7,107.1,4,0,966.7,1017.8,33.2,,
883,2023-04-03 02:00,9.9,124.5,2.2,0,966.6,1018.2,45.6,,
883,2023-04-03 03:00,8.9,81,4.4,0,966.6,1018.2,48.4,,
883,2023-04-03 04:00,10.4,90.9,6.7,0,966.8,1018.3,58,,
883,2023-04-03 05:00,10.4,93,6.4,0,966.3,1017.7,58.4,,
883,2023-04-03 06:00,8.1,74.7,1.7,0,966.6,1018.4,60.5,,
883,2023-04-03 07:00,9.6,99.3,4,0,967,1018.7,58.6,,
883,2023-04-03 08:00,11.9,17.9,1.9,0,967.3,1018.4,54.4,,
883,2023-04-03 09:00,14.6,335.5,2.2,0,967.8,1018.5,47.1,,
883,2023-04-03 10:00,16.2,294.5,2.7,0,968.2,1018.4,47,,
883,2023-04-03 11:00,18.7,31.9,3.4,0,967.7,1017.2,40.3,,
883,2023-04-03 12:00,19.7,23.3,4.6,0,967.6,1017.3,38.8,,
883,2023-04-03 13:00,19.1,331.8,4.8,0,967.7,1017.5,39.1,,
883,2023-04-03 14:00,18.8,339.4,3.4,0,968,1017.5,41.4,,
883,2023-04-03 15:00,20.7,249.9,2.7,0,967.2,1016.5,32.6,,
883,2023-04-03 16:00,19.4,173.3,4.8,0,967.2,1016.9,25,,
883,2023-04-03 17:00,18.2,194.3,5.2,0,967.9,1017.5,33,,
883,2023-04-03 18:00,16.4,171.3,5.1,0,968,1018.2,31.4,,
883,2023-04-03 19:00,14.9,149,4.4,0,968.4,1019,29.4,,
883,2023-04-03 20:00,14.4,154.2,4.2,0,968.7,1019.5,29,,
883,2023-04-03 21:00,14.8,153.5,4.3,0,969.1,1019.8,30,,
883,2023-04-03 22:00,16.2,139.4,5.2,0,969,1019.3,20.6,,
883,2023-04-03 23:00,15.4,147.9,3.5,0,969,1019.5,21.5,,
883,2023-04-04 00:00,15.9,132.2,4.4,0,968.9,1019.3,25.4,,
883,2023-04-04 01:00,15.8,141.5,5.6,0,968.4,1018.8,42.5,,
883,2023-04-04 02:00,15.4,148.9,6.3,0,967.8,1018.3,54.5,,
883,2023-04-04 03:00,15.2,167.2,6,0,967.8,1018.3,63.9,,
883,2023-04-04 04:00,14.8,166,8,0,967.5,1018.1,72.2,,
883,2023-04-04 05:00,14.4,168.8,8,0,967.8,1018.6,76.9,,
883,2023-04-04 06:00,14.3,161.5,8.2,0,967.7,1018.5,75.5,,
883,2023-04-04 07:00,14.2,161,7.5,0,967.8,1018.6,76.5,,
883,2023-04-04 08:00,14.6,164.7,8.2,0,967.3,1018,79.9,,
883,2023-04-04 09:00,15.1,163.6,10.8,0,966.7,1017.2,82.4,,
883,2023-04-04 10:00,15.5,168.6,14.2,0,966.2,1016.5,83.1,,
883,2023-04-04 11:00,15.6,164,13.2,0,966,1016.3,82,,
883,2023-04-04 12:00,15.6,167.4,10.3,0,966,1016.3,85.1,,
883,2023-04-04 13:00,15.8,164.6,12.2,0,965.3,1015.5,80.6,,
883,2023-04-04 14:00,15.4,164.2,12,0,963.1,1013.3,88.1,,
883,2023-04-04 15:00,15.4,164.6,13.3,.5,962.4,1012.6,84,,
883,2023-04-04 16:00,15.4,172.2,14.2,0,961.4,1011.5,86.4,,
883,2023-04-04 17:00,15.2,177.1,13.3,0,961.6,1011.8,86.6,,
883,2023-04-04 18:00,14.3,179.7,12,0,961.9,1012.4,92.2,,
883,2023-04-04 19:00,14.4,176.9,12.6,1,961.7,1012.1,94.1,,
883,2023-04-04 20:00,14.6,186.1,11.6,.5,962.6,1013,95.2,,
883,2023-04-04 21:00,14.4,176.9,11.5,.5,963.1,1013.6,93.1,,
883,2023-04-04 22:00,14.2,180.3,10.1,.5,963.9,1014.5,92.5,,
883,2023-04-04 23:00,14.1,169.9,13.7,5,962.2,1012.8,95.4,,
883,2023-04-05 00:00,14.2,161.9,15.4,6,961.4,1011.9,95.5,,
883,2023-04-05 01:00,14.2,161.9,17,6,960.4,1010.8,94.9,,
883,2023-04-05 02:00,14.3,168,16.2,9,959.8,1010.2,95.3,,
883,2023-04-05 03:00,14.4,179.7,13.7,14,959.2,1009.5,96.4,,
883,2023-04-05 04:00,14.4,193.2,13,12,959.5,1009.8,96.7,,
883,2023-04-05 05:00,14.1,188.3,13.2,15,959.2,1009.6,95.7,,
883,2023-04-05 06:00,14.6,199.5,9.3,22.5,959.9,1010.2,98,,
883,2023-04-05 07:00,14.6,196.5,11.2,22,959.6,1009.9,98.1,,
883,2023-04-05 08:00,14.6,199.4,9.9,20.5,959.6,1009.9,98.3,,
883,2023-04-05 09:00,14.8,202.7,9.5,19,959.9,1010.1,98.4,,
883,2023-04-05 10:00,14.7,206.7,8.7,17,960.3,1010.6,99.2,,
883,2023-04-05 11:00,14.2,206.9,7.8,16,960.5,1010.9,99.4,,
883,2023-04-05 12:00,13.6,209,5.4,7,960.5,1010.8,99.5,,
883,2023-04-05 13:00,12.8,204.1,3.8,3,960,1010.5,99.5,,
883,2023-04-05 14:00,12.4,251.3,1.9,0,959.7,1010.3,99.8,,
883,2023-04-05 15:00,12.8,261.2,1.9,0,959.4,1009.9,99.5,,
883,2023-04-05 16:00,11.7,311.4,2.3,0,959.5,1010.2,99.7,,
883,2023-04-05 17:00,11.1,259.4,2.5,0,959.7,1010.6,99.7,,
883,2023-04-05 18:00,9.8,316.8,3,0,960.6,1011.9,99.7,,
883,2023-04-05 19:00,9.1,287.7,2,0,960.4,1011.9,99.7,,
883,2023-04-05 20:00,9.1,301.7,1.7,0,961.1,1012.6,99.7,,
883,2023-04-05 21:00,8.7,289.9,2.5,0,961.7,1013.1,99.8,,
883,2023-04-05 22:00,8.6,280.8,2.8,0,962.4,1013.9,99.8,,
883,2023-04-05 23:00,8.3,293.8,3.2,0,962.4,1013.9,99.8,,
883,2023-04-06 00:00,7.8,291.6,3.1,0,962,1013.6,99.9,,
883,2023-04-06 01:00,7.5,306.8,2.8,0,961.9,1013.6,99,,
883,2023-04-06 02:00,7.3,297.3,3.2,0,962.1,1013.9,99,,
883,2023-04-06 03:00,7.2,322.9,2.5,0,961.7,1013.5,98.1,,
883,2023-04-06 04:00,7.3,309.9,2.5,0,961.7,1013.4,98.3,,
883,2023-04-06 05:00,7.1,316.9,3.2,0,961.7,1013.5,98.8,,
883,2023-04-06 06:00,7,292.4,3.1,0,961.8,1013.6,99.1,,
883,2023-04-06 07:00,7.1,8,3.1,0,961.6,1013.4,99.4,,
883,2023-04-06 08:00,7.3,29.7,2,0,961.8,1013.5,99.7,,
883,2023-04-06 09:00,7.9,19.2,2.1,0,961.8,1013.4,97.6,,
883,2023-04-06 10:00,8.1,317.4,1.4,0,961.9,1013.5,92.6,,
883,2023-04-06 11:00,8.8,267.6,1.7,0,961.9,1013.3,92.6,,
883,2023-04-06 12:00,9.3,308.7,2.8,0,962.4,1013.9,92.4,,
883,2023-04-06 13:00,8.7,323.1,3.4,0,961.5,1012.9,96.1,,
883,2023-04-06 14:00,9,313.3,3.2,0,961.5,1013,92,,
883,2023-04-06 15:00,9.1,288.5,2,0,960.1,1011.5,90.1,,
883,2023-04-06 16:00,8.8,296.8,3.4,0,960.1,1011.4,91.7,,
883,2023-04-06 17:00,8.4,26.3,3.2,0,960.2,1011.6,96.8,,
883,2023-04-06 18:00,8.1,300.9,3.2,0,961,1012.5,98.2,,
883,2023-04-06 19:00,7.4,25.5,5.8,0,960.5,1012.1,99.5,,
883,2023-04-06 20:00,7.1,23.6,4.6,0,961,1012.7,99.5,,
883,2023-04-06 21:00,7,27.4,5.3,1.5,961.4,1013.2,99.8,,
883,2023-04-06 22:00,6.3,27.6,5.4,1,962.1,1014.1,99.9,,
883,2023-04-06 23:00,6.2,27.1,5.8,2,961.9,1013.9,100,,
883,2023-04-07 00:00,5.7,23.6,5.6,1.5,962,1014.1,99.9,,
883,2023-04-07 01:00,5.9,49.8,3.8,.5,961.6,1013.7,99.9,,
883,2023-04-07 02:00,6,26.3,6.5,0,961.6,1013.7,99.8,,
883,2023-04-07 03:00,5.8,25.1,7.8,0,961.5,1013.6,99.9,,
883,2023-04-07 04:00,5.8,33.6,6.9,0,962,1014.1,99.9,,
883,2023-04-07 05:00,5.8,31,9.4,0,962.1,1014.2,100,,
883,2023-04-07 06:00,5.3,44.5,6.7,0,962.2,1014.5,100,,
883,2023-04-07 07:00,5.6,37.9,6.3,0,963.1,1015.3,93.7,,
883,2023-04-07 08:00,6.1,30.9,7.6,0,963.8,1015.9,94,,
883,2023-04-07 09:00,6.9,22.5,9.1,0,964.5,1016.5,92.3,,
883,2023-04-07 10:00,8.3,23.1,9.1,0,964.9,1016.6,84.9,,
883,2023-04-07 11:00,7.9,25.9,8.2,0,965.3,1017.1,83.5,,
883,2023-04-07 12:00,8.5,28.5,6.2,0,965.3,1016.9,83.8,,
883,2023-04-07 13:00,8.8,26.2,5.6,0,965.1,1016.7,84.1,,
883,2023-04-07 14:00,9.6,25.8,5.2,0,964.8,1016.4,80.7,,
883,2023-04-07 15:00,8,22.2,4.4,0,964.2,1015.9,94.1,,
883,2023-04-07 16:00,8.2,12.3,4,0,964.2,1015.9,92,,
883,2023-04-07 17:00,7.9,24.2,4.2,0,964.4,1016.1,92.9,,
883,2023-04-07 18:00,7.3,45.3,4.6,0,965.1,1017,95.3,,
883,2023-04-07 19:00,7,37.8,5.5,0,965.3,1017.3,97.4,,
883,2023-04-07 20:00,6.4,30.2,8.3,0,965.9,1018.1,94.8,,
883,2023-04-07 21:00,6.1,17.2,6,0,966.8,1019.1,97.2,,
883,2023-04-07 22:00,4.5,26.5,7.9,0,966.9,1019.6,90.5,,
883,2023-04-07 23:00,4.5,27,8.9,0,967.3,1020,87.4,,
883,2023-04-08 00:00,4,28.3,8.8,0,967.6,1020.5,80,,
883,2023-04-08 01:00,3.4,22.5,8.2,0,968.4,1021.3,72.3,,
883,2023-04-08 02:00,3.2,23.4,8,0,968.6,1021.6,72.7,,
883,2023-04-08 03:00,2.9,25.1,7.1,0,968.3,1021.3,72.8,,
883,2023-04-08 04:00,2.7,23.9,7.3,0,967.9,1020.9,70.9,,
883,2023-04-08 05:00,2.5,26.1,7.1,0,968.2,1021.3,69.4,,
883,2023-04-08 06:00,2.3,37.2,5.5,0,968.9,1022.1,70.6,,
883,2023-04-08 07:00,2.7,39.6,4.4,0,969.7,1022.8,69.9,,
883,2023-04-08 08:00,4.9,27.2,6.6,0,970.2,1023,65.6,,
883,2023-04-08 09:00,7,25.7,5.2,0,971.1,1023.4,52.9,,
883,2023-04-08 10:00,7.8,28.8,5.1,0,971.4,1023.5,51.9,,
883,2023-04-08 11:00,9.8,10.8,4.5,0,971.5,1023.4,38.4,,
883,2023-04-08 12:00,9.6,354.9,5.3,0,971.3,1023.2,51.2,,
883,2023-04-08 13:00,9.6,300.8,5.7,0,970.7,1022.6,55.2,,
883,2023-04-08 14:00,9.5,313.6,5.1,0,970.6,1022.5,59.8,,
883,2023-04-08 15:00,9.9,34.6,5.4,0,970.1,1021.9,60.7,,
883,2023-04-08 16:00,8.6,31.9,6.5,0,969.5,1021.3,69,,
883,2023-04-08 17:00,8.7,19.3,5.1,0,969.4,1021.2,61.9,,
883,2023-04-08 18:00,8.3,27.6,6.1,0,969.4,1021.3,62.2,,
883,2023-04-08 19:00,6.1,23.4,4.1,0,969.5,1022,77.5,,
883,2023-04-08 20:00,5.6,52.9,3.4,0,969.6,1022.2,79.1,,
883,2023-04-08 21:00,5.7,41.5,3.2,0,970.1,1022.7,79.6,,
883,2023-04-08 22:00,5.4,58.8,3.4,0,970.5,1023.2,82.7,,
883,2023-04-08 23:00,5.6,63.3,3.3,0,970.7,1023.3,39.5,,
883,2023-04-09 00:00,6.4,57.7,4.5,0,970.6,1023,26.8,,
883,2023-04-09 01:00,5,46.2,2.3,0,970.7,1023.5,32.1,,
883,2023-04-09 02:00,5.1,46.5,1.8,0,970.5,1023.3,31.1,,
883,2023-04-09 03:00,4.1,72.1,2.3,0,970.4,1023.4,37.5,,
883,2023-04-09 04:00,4.4,75.3,3.8,0,969.8,1022.7,37.3,,
883,2023-04-09 05:00,4.5,60,2.4,0,969.7,1022.6,37.4,,
883,2023-04-09 06:00,4.4,73.9,4.3,0,969.6,1022.5,36.6,,
883,2023-04-09 07:00,5.9,84.2,4.2,0,970,1022.5,32.9,,
883,2023-04-09 08:00,9.3,45.7,2.7,0,969.8,1021.7,26.7,,
883,2023-04-09 09:00,10.9,35.1,2.2,0,970.4,1021.9,17.8,,
883,2023-04-09 10:00,11.9,320.2,2.6,0,970.7,1022,24.8,,
883,2023-04-09 11:00,13.4,277.9,2.2,0,970.5,1021.4,28.9,,
883,2023-04-09 12:00,14.4,263.8,3.3,0,969.9,1020.8,39.1,,
883,2023-04-09 13:00,12.7,293.5,4.1,0,969.9,1020.9,33.4,,
883,2023-04-09 14:00,13.7,259.5,3.1,0,969.1,1019.8,31.4,,
883,2023-04-09 15:00,13.2,286.4,3.5,0,968.6,1019.4,32.9,,
883,2023-04-09 16:00,13.3,261.4,2.6,0,968.2,1019,42.3,,
883,2023-04-09 17:00,12.8,264.3,2.9,0,967.6,1018.5,30.2,,
883,2023-04-09 18:00,11.4,250.8,3,0,967.3,1018.5,34.7,,
883,2023-04-09 19:00,8.4,225.6,2.5,0,967.4,1019.2,47.5,,
883,2023-04-09 20:00,7.4,174.5,3.2,0,967.3,1019.3,58,,
883,2023-04-09 21:00,7.4,176.4,3.5,0,968,1020.1,52.1,,
883,2023-04-09 22:00,7.3,172.7,3.9,0,967.9,1020,53.1,,
883,2023-04-09 23:00,6.6,172.3,4.7,0,967.6,1019.8,62,,
883,2023-04-10 00:00,7.4,169.4,4.1,0,967.4,1019.4,63.3,,
883,2023-04-10 01:00,7.9,176,5.3,0,967.4,1019.3,66.8,,
883,2023-04-10 02:00,7.9,178.6,5.1,0,966.8,1018.7,70.5,,
883,2023-04-10 03:00,7.8,182.5,5.4,0,966.4,1018.3,74,,
883,2023-04-10 04:00,7.9,183.9,5.1,0,966.4,1018.2,74.5,,
883,2023-04-10 05:00,7.6,180.6,4.7,0,966.6,1018.5,76.5,,
883,2023-04-10 06:00,7.3,179.4,4.8,0,966.8,1018.8,80.3,,
883,2023-04-10 07:00,8.6,186,4.8,0,967.5,1019.2,76,,
883,2023-04-10 08:00,10.4,190.6,4.3,0,967.8,1019.3,74.6,,
883,2023-04-10 09:00,11.6,182.3,5.3,0,967.1,1018.3,70.9,,
883,2023-04-10 10:00,12.8,178.9,6.6,0,967,1017.9,65.1,,
883,2023-04-10 11:00,14.1,183,6.1,0,967.4,1018.2,64.3,,
883,2023-04-10 12:00,14.5,178.3,5.9,0,966.7,1017.4,57.1,,
883,2023-04-10 13:00,15.5,194.6,6.1,0,966,1016.3,54.1,,
883,2023-04-10 14:00,15.9,189.9,6.3,0,965.5,1015.7,39.8,,
883,2023-04-10 15:00,15.8,186.8,6.5,0,965.1,1015.3,48.2,,
883,2023-04-10 16:00,15.8,178,5.9,0,964.7,1014.9,45.3,,
883,2023-04-10 17:00,15.2,175.7,5.2,0,964.8,1015.2,34.1,,
883,2023-04-10 18:00,14.5,181.8,4.8,0,964.2,1014.7,47.7,,
883,2023-04-10 19:00,12.7,172.4,6.1,0,963.7,1014.4,40.2,,
883,2023-04-10 20:00,12.4,163.1,7.7,0,963.3,1014.1,34.2,,
883,2023-04-10 21:00,11.8,162.3,8.6,0,963.9,1014.8,35.4,,
883,2023-04-10 22:00,11.8,160.9,9.4,0,964.4,1015.4,79.3,,
883,2023-04-10 23:00,11.9,158.7,9.1,0,964.5,1015.5,82.7,,
883,2023-04-11 00:00,12.4,161.5,9.6,0,964.7,1015.5,87.3,,
883,2023-04-11 01:00,12.7,178.3,9.3,0,964.2,1014.9,88.8,,
883,2023-04-11 02:00,12.7,187.9,8.2,0,963.9,1014.6,88.3,,
883,2023-04-11 03:00,12.8,188.4,6.8,0,964.1,1014.8,83,,
883,2023-04-11 04:00,13.4,189.2,7,0,964.1,1014.7,81,,
883,2023-04-11 05:00,13.7,197.5,7,0,963.7,1014.2,77.5,,
883,2023-04-11 06:00,13.4,198.5,7.2,0,963.6,1014.1,83.3,,
883,2023-04-11 07:00,13.4,184.4,8.1,0,963.3,1013.8,90.1,,
883,2023-04-11 08:00,14.3,179.8,8.9,0,963.1,1013.6,87.6,,
883,2023-04-11 09:00,15.1,176.9,7.5,0,963.6,1013.9,82.6,,
883,2023-04-11 10:00,15.8,185.3,6.8,0,963.8,1013.9,78,,
883,2023-04-11 11:00,16.4,185.1,8,0,963.8,1013.7,77.7,,
883,2023-04-11 12:00,17.6,183.7,7.7,0,963.3,1012.9,73.7,,
883,2023-04-11 13:00,16.9,187.9,7.5,0,963.1,1012.9,77.5,,
883,2023-04-11 14:00,16.5,195.6,6.9,0,962.2,1012,80.7,,
883,2023-04-11 15:00,15.4,204,6,0,961.7,1011.8,90.5,,
883,2023-04-11 16:00,15.2,207.6,5.8,0,961.2,1011.4,92.8,,
883,2023-04-11 17:00,15.2,220.4,6,0,961.5,1011.7,91.6,,
883,2023-04-11 18:00,14.7,227.5,4.8,0,961.6,1011.9,95.1,,
883,2023-04-11 19:00,14,226.2,5.2,.5,961.8,1012.4,98.1,,
883,2023-04-11 20:00,13.8,229.8,3.9,0,962.5,1012.9,98.8,,
883,2023-04-11 21:00,13.4,218.3,3.2,0,963.2,1013.7,99.2,,
883,2023-04-11 22:00,13.6,178.2,3.2,0,963.3,1013.8,99.4,,
883,2023-04-11 23:00,13.1,221.8,1.8,0,963.5,1014.1,99.5,,
883,2023-04-12 00:00,13.4,124.6,2,0,964,1014.5,99.6,,
883,2023-04-12 01:00,10.3,32.4,6.2,0,964.3,1015.7,99.7,,
883,2023-04-12 02:00,10.2,51,6.6,0,964.3,1015.7,99.7,,
883,2023-04-12 03:00,9.6,64.2,7.1,0,964.3,1015.8,56.2,,
883,2023-04-12 04:00,9.5,64.8,7,0,964.4,1016,35.3,,
883,2023-04-12 05:00,9.5,54.3,5.1,0,964.5,1016.1,26.3,,
883,2023-04-12 06:00,8.8,51.9,6.1,0,964.8,1016.3,28.8,,
883,2023-04-12 07:00,8.8,59.5,7.3,0,965,1016.6,26.5,,
883,2023-04-12 08:00,10,47.1,7,0,965.7,1017.2,28.6,,
883,2023-04-12 09:00,10.8,47.4,8.3,0,966.3,1017.6,26.8,,
883,2023-04-12 10:00,12.2,57.8,10.4,0,966.9,1017.9,15.8,,
883,2023-04-12 11:00,13.9,37.9,9.5,0,967,1017.6,15.8,,
883,2023-04-12 12:00,14.1,41.1,9.4,0,966.8,1017.6,13.4,,
883,2023-04-12 13:00,15.7,42.1,9.3,0,966.4,1016.7,12.5,,
883,2023-04-12 14:00,15.5,43.4,9.4,0,965.8,1016.1,10.3,,
883,2023-04-12 15:00,15.3,35.5,10,0,966,1016.4,15.2,,
883,2023-04-12 16:00,15.3,41.6,7.9,0,965.6,1016,16.5,,
883,2023-04-12 17:00,14.4,30.2,8.2,0,965.7,1016.3,11.5,,
883,2023-04-12 18:00,12.4,21.9,6.2,0,965.9,1016.8,29.8,,
883,2023-04-12 19:00,9.6,64.7,4.4,0,966.4,1018,24.1,,
883,2023-04-12 20:00,8.5,52.3,3.8,0,966.7,1018.4,21.3,,
883,2023-04-12 21:00,7.3,37.1,2.8,0,967.3,1019.3,23.8,,
883,2023-04-12 22:00,7.3,52,3.7,0,967.7,1019.8,24.6,,
883,2023-04-12 23:00,11.7,120.5,4.6,0,967,1018.1,11.2,,
883,2023-04-13 00:00,7,35,3.8,0,968.1,1020.3,28,,
883,2023-04-13 01:00,7.8,71,4.7,0,968,1020,20.4,,
883,2023-04-13 02:00,7,46.4,2.9,0,967.8,1019.9,20.6,,
883,2023-04-13 03:00,10.3,104.9,6,0,967,1018.5,12.8,,
883,2023-04-13 04:00,10.4,102.2,4,0,966.6,1018,14.1,,
883,2023-04-13 05:00,8.2,124.5,1.8,0,966.2,1018,24.5,,
883,2023-04-13 06:00,9.4,88.9,3.3,0,967.1,1018.8,20.7,,
883,2023-04-13 07:00,11.8,162.6,3.2,0,966.9,1018,16.9,,
883,2023-04-13 08:00,12.9,269.4,.8,0,967.5,1018.4,33.5,,
883,2023-04-13 09:00,15,347,1.8,0,968,1018.6,22,,
883,2023-04-13 10:00,20.3,181,4.1,0,968,1017.5,11.3,,
883,2023-04-13 11:00,21,199.4,3.7,0,967.9,1017.2,9.6,,
883,2023-04-13 12:00,20.7,206.6,3.9,0,967.5,1016.9,19.3,,
883,2023-04-13 13:00,20.7,230.7,2.4,0,966.3,1015.6,14.9,,
883,2023-04-13 14:00,21.9,231.4,3.8,0,965.6,1014.5,13.1,,
883,2023-04-13 15:00,21.8,239.2,3.8,0,965.1,1014,16.3,,
883,2023-04-13 16:00,21.3,197.5,3.6,0,964.3,1013.3,14.5,,
883,2023-04-13 17:00,19.7,190.7,4.5,0,964.2,1013.7,25.5,,
883,2023-04-13 18:00,16.2,266.7,2.6,0,965.1,1015.2,55.1,,
883,2023-04-13 19:00,14.5,175.6,2.3,0,964.6,1015.2,23,,
883,2023-04-13 20:00,16.4,155.1,4.7,0,965,1015,8.4,,
883,2023-04-13 21:00,16.1,147.7,4.3,0,965.5,1015.6,8,,
883,2023-04-13 22:00,14.6,155.6,1.5,0,965.8,1016.4,11.3,,
883,2023-04-13 23:00,17.1,152.8,5.2,0,965.3,1015.1,6.7,,
883,2023-04-14 00:00,16.1,160.5,5.4,0,965.5,1015.6,14.8,,
883,2023-04-14 01:00,16,158.9,7.7,0,965,1015.1,11.5,,
883,2023-04-14 02:00,14.1,178.8,7.7,0,964.6,1015.3,64.1,,
883,2023-04-14 03:00,13.6,176.8,7,0,964.2,1014.7,74.2,,
883,2023-04-14 04:00,13.6,167.4,7.4,.5,963.2,1013.7,59.4,,
883,2023-04-14 05:00,13.6,162.5,7.4,0,962.3,1012.7,66.2,,
883,2023-04-14 06:00,14.4,159,7,0,962.1,1012.6,74.4,,
883,2023-04-14 07:00,16,150.4,5.5,0,962.9,1012.9,83.1,,
883,2023-04-14 08:00,14.7,188.9,6,1,963.2,1013.6,93.8,,
883,2023-04-14 09:00,14.8,94.5,3.4,.5,963.2,1013.6,78.6,,
883,2023-04-14 10:00,13.4,106.3,4.3,3.5,962.9,1013.4,87.7,,
883,2023-04-14 11:00,14.7,138.8,2.9,.5,962.2,1012.6,87.8,,
883,2023-04-14 12:00,14,93.8,3.4,.5,961.1,1011.6,89.5,,
883,2023-04-14 13:00,14.6,142.9,5.9,2,959.2,1009.4,90.8,,
883,2023-04-14 14:00,16.1,127.9,8.8,6,957.8,1007.5,83.4,,
883,2023-04-14 15:00,14.7,309.4,2.1,2,956.5,1006.6,94.4,,
883,2023-04-14 16:00,17.8,145.2,11.3,0,955.4,1004.5,77.7,,
883,2023-04-14 17:00,17.9,154.7,10.3,0,955.3,1004.4,77.6,,
883,2023-04-14 18:00,17.6,137.9,11.2,0,955,1004.1,75.1,,
883,2023-04-14 19:00,17.9,156,7.5,0,954.9,1003.9,78.3,,
883,2023-04-14 20:00,18.2,155.7,6.8,0,954.9,1003.9,78.1,,
883,2023-04-14 21:00,17.2,126.3,2.4,0,955.4,1004.7,80.9,,
883,2023-04-14 22:00,15.1,21.5,1.4,0,955.6,1005.5,89,,
883,2023-04-14 23:00,15,187,.5,0,955.5,1005.4,89.3,,
883,2023-04-15 00:00,14.6,316.1,.5,0,955.1,1005.1,92.8,,
883,2023-04-15 01:00,14.4,32.2,1.9,0,954.7,1004.8,92.5,,
883,2023-04-15 02:00,14.3,165.2,.9,0,954.2,1004.3,94.5,,
883,2023-04-15 03:00,14.3,128.2,1.1,0,953.8,1003.9,94.6,,
883,2023-04-15 04:00,13.3,72.2,2.9,0,953.2,1003.2,93.6,,
883,2023-04-15 05:00,12.3,71.5,6.5,0,952.8,1003,91.8,,
883,2023-04-15 06:00,13.5,91.5,5.9,0,952.8,1002.7,83.7,,
883,2023-04-15 07:00,11.1,31.8,7.8,0,953.9,1004.5,98.2,,
883,2023-04-15 08:00,10.8,38.6,7.1,0,954,1004.7,99.2,,
883,2023-04-15 09:00,11.9,49.1,5.7,.5,954.1,1004.5,99.5,,
883,2023-04-15 10:00,12.2,41.4,5.6,0,954.9,1005.3,96.7,,
883,2023-04-15 11:00,12.8,36.1,6.5,0,955.1,1005.3,95.4,,
883,2023-04-15 12:00,12.9,26.7,8.4,0,955.1,1005.3,90.8,,
883,2023-04-15 13:00,13,24.3,9.5,0,954.8,1005,90.2,,
883,2023-04-15 14:00,12.3,29.1,7.7,0,954.3,1004.6,94.4,,
883,2023-04-15 15:00,13,24.4,8.8,0,954.1,1004.2,90.4,,
883,2023-04-15 16:00,13.3,30.7,7.6,0,954.1,1004.2,83.5,,
883,2023-04-15 17:00,11,28.5,5.5,0,954.4,1005,92.5,,
883,2023-04-15 18:00,10.1,24.9,5.2,0,954.4,1005.3,96.9,,
883,2023-04-15 19:00,10.6,30.2,5.1,0,954.4,1005.1,91.2,,
883,2023-04-15 20:00,10.6,35.5,4.5,0,954.3,1005,96,,
883,2023-04-15 21:00,10.2,23.6,5.2,0,955.2,1006.1,97.2,,
883,2023-04-15 22:00,9.6,34.7,3.7,0,955.4,1006.5,96.6,,
883,2023-04-15 23:00,8.4,41.6,2.5,0,955.4,1006.5,94.9,,
883,2023-04-16 00:00,8,72.8,3.7,0,954.2,1005.4,93.3,,
883,2023-04-16 01:00,6.7,81.7,2.4,0,954.4,1005.9,71,,
883,2023-04-16 02:00,8.1,253.8,1.4,0,954.7,1005.9,78.7,,
883,2023-04-16 03:00,8.9,197,3.1,0,953.5,1004.4,98.8,,
883,2023-04-16 04:00,10.5,162.3,5.8,0,951.4,1002,50.8,,
883,2023-04-16 05:00,9.6,175.6,4.9,0,952.3,1003.2,63.3,,
883,2023-04-16 06:00,9.4,179.1,3.8,0,952.6,1003.6,56,,
883,2023-04-16 07:00,10.3,197.8,4,0,953,1003.7,80.1,,
883,2023-04-16 08:00,11.9,222.5,4.8,0,953.1,1003.4,79.5,,
883,2023-04-16 09:00,12.4,289.8,7.4,0,954.1,1004.4,77,,
883,2023-04-16 10:00,11.4,296.1,7,0,955,1005.6,84.4,,
883,2023-04-16 11:00,12,284.8,7,0,955.2,1005.6,79,,
883,2023-04-16 12:00,12.3,291.4,5.9,0,955.6,1006,80.9,,
883,2023-04-16 13:00,12.6,305,5.1,0,955.6,1005.9,77.6,,
883,2023-04-16 14:00,12.7,311.2,5.7,0,955.3,1005.6,75.9,,
883,2023-04-16 15:00,11.6,299.6,5.9,0,955.3,1005.8,76.7,,
883,2023-04-16 16:00,11.5,293.2,7,0,955.4,1006,75.4,,
883,2023-04-16 17:00,9.3,287.7,7.6,0,956.1,1007.3,88.2,,
883,2023-04-16 18:00,9.1,356.4,5.2,0,956.7,1008,86.4,,
883,2023-04-16 19:00,8.3,25.8,6,0,957.5,1008.8,91.3,,
883,2023-04-16 20:00,7.5,37.6,4.4,0,958.5,1010,89.4,,
883,2023-04-16 21:00,7.4,53.5,4.7,0,959.5,1011.1,88.8,,
883,2023-04-16 22:00,7.3,68,5.5,0,960.1,1011.8,78.9,,
883,2023-04-16 23:00,7.6,62.7,3.7,0,960.7,1012.3,64.9,,
883,2023-04-17 00:00,8.1,68.5,4.4,0,961,1012.5,58.2,,
883,2023-04-17 01:00,7.1,90.8,2.7,0,961.5,1013.3,59.4,,
883,2023-04-17 02:00,7.9,93.6,4.3,0,961.5,1013.1,48.7,,
883,2023-04-17 03:00,6.1,91,2.5,0,961.9,1013.9,54.3,,
883,2023-04-17 04:00,5.4,74.2,1.8,0,962.1,1014.3,61.6,,
883,2023-04-17 05:00,6.9,95.7,4.2,0,962.8,1014.7,55,,
883,2023-04-17 06:00,7.4,102.6,4.2,0,963.1,1014.9,47.6,,
883,2023-04-17 07:00,7.7,119.9,2.1,0,963.7,1015.4,50.4,,
883,2023-04-17 08:00,13.1,177.5,2.8,0,964.1,1014.7,34.2,,
883,2023-04-17 09:00,14,182.2,4.3,0,964.9,1015.6,50.9,,
883,2023-04-17 10:00,15.9,167.3,4.6,0,965.1,1015.3,45.4,,
883,2023-04-17 11:00,16.7,175.8,5.7,0,965.6,1015.6,42,,
883,2023-04-17 12:00,17.4,165.1,6.4,0,965.2,1014.9,34.1,,
883,2023-04-17 13:00,17.2,167.8,6.3,0,965.1,1014.9,33.7,,
883,2023-04-17 14:00,18.5,156.4,6.7,0,964.5,1013.9,31.2,,
883,2023-04-17 15:00,18.1,170.5,6.7,0,964.2,1013.7,47.6,,
883,2023-04-17 16:00,16.4,164.4,8.4,0,964.2,1014.2,50.8,,
883,2023-04-17 17:00,15.7,161.7,8.2,0,963.6,1013.7,57.3,,
883,2023-04-17 18:00,14.5,160.3,8.3,0,963.4,1013.9,63.6,,
883,2023-04-17 19:00,14.7,160,8.3,0,962.9,1013.3,19.2,,
883,2023-04-17 20:00,14.5,161.4,9,0,963.7,1014.2,21.1,,
883,2023-04-17 21:00,16.7,166.8,11.2,0,963.8,1013.7,23.1,,
883,2023-04-17 22:00,16.5,171.5,10.9,0,964,1013.9,52.8,,
883,2023-04-17 23:00,15.9,171.1,11.4,0,963.9,1014,81.8,,
883,2023-04-18 00:00,16.2,171.7,11.7,0,963.8,1013.8,84.3,,
883,2023-04-18 01:00,16.2,165.8,11.9,0,963.3,1013.3,85.7,,
883,2023-04-18 02:00,16.3,162.3,12.4,0,962.5,1012.4,88.3,,
883,2023-04-18 03:00,16.7,167,11.4,0,961.8,1011.6,88.8,,
883,2023-04-18 04:00,17,167.4,12.3,0,961.6,1011.3,90.6,,
883,2023-04-18 05:00,16.9,174.8,12,0,961.3,1011,90.3,,
883,2023-04-18 06:00,16.6,182.2,10.5,0,961.8,1011.6,90.8,,
883,2023-04-18 07:00,16.6,183.4,9.4,0,962.1,1011.9,89.6,,
883,2023-04-18 08:00,17.5,181.4,9.8,0,962.8,1012.4,83.7,,
883,2023-04-18 09:00,18,196.6,9.5,0,962.8,1012.2,83.9,,
883,2023-04-18 10:00,18.4,196.9,9.2,0,962.9,1012.2,84.5,,
883,2023-04-18 11:00,17.8,196,9.9,0,962.6,1012.1,93.3,,
883,2023-04-18 12:00,17.1,204.3,8.1,0,962.2,1011.9,96.8,,
883,2023-04-18 13:00,17,202.7,6.8,.5,962.4,1012.1,98.7,,
883,2023-04-18 14:00,17.2,205.3,6.8,0,962.2,1011.8,99.3,,
883,2023-04-18 15:00,17,199.8,6.8,0,961.9,1011.6,99.6,,
883,2023-04-18 16:00,17.1,187.9,7.1,0,961,1010.6,99.8,,
883,2023-04-18 17:00,16.9,181.8,6.5,.5,960.7,1010.3,99.6,,
883,2023-04-18 18:00,17,187.8,6.6,0,960.9,1010.5,99.7,,
883,2023-04-18 19:00,17.1,189.8,6.3,.5,960.9,1010.5,99.7,,
883,2023-04-18 20:00,17.1,199,6,0,961.1,1010.7,99.8,,
883,2023-04-18 21:00,17.2,201.7,6.1,0,961.4,1011,99.7,,
883,2023-04-18 22:00,17.3,198.5,5.5,.5,961.4,1011,99.8,,
883,2023-04-18 23:00,17.4,204.7,6,0,961.5,1011,99.8,,
883,2023-04-19 00:00,17.6,212.1,5.9,0,961.6,1011.1,99.8,,
883,2023-04-19 01:00,17.6,200.8,5.8,.5,961.2,1010.7,99.8,,
883,2023-04-19 02:00,17.5,204.1,5.6,0,960.4,1009.8,99.8,,
883,2023-04-19 03:00,17.5,210.2,4.8,.5,959.7,1009.1,99.8,,
883,2023-04-19 04:00,17.7,214.8,4.3,0,959.3,1008.6,99.7,,
883,2023-04-19 05:00,17.7,194.6,4.3,0,959.1,1008.4,99.8,,
883,2023-04-19 06:00,17.4,182.7,3.6,0,958.7,1008.1,99.8,,
883,2023-04-19 07:00,17,177.3,4,0,959.2,1008.7,99.9,,
883,2023-04-19 08:00,17.4,180.1,3.4,0,959.9,1009.4,99.1,,
883,2023-04-19 09:00,18.7,192.9,2.6,0,960.1,1009.2,92.3,,
883,2023-04-19 10:00,18.9,184.5,3.9,0,960.3,1009.3,82,,
883,2023-04-19 11:00,20.6,212.2,4.1,0,959.6,1008.6,72,,
883,2023-04-19 12:00,21.6,200.7,3.5,0,959.4,1008.1,71.7,,
883,2023-04-19 13:00,22.6,202.2,3.8,0,959,1007.4,70.9,,
883,2023-04-19 14:00,22.7,200.9,3.6,0,958.3,1006.6,66.4,,
883,2023-04-19 15:00,22,240.7,2.6,0,958.5,1007,69.8,,
883,2023-04-19 16:00,21,230,2.8,0,958.6,1007.4,83.4,,
883,2023-04-19 17:00,18.9,197.2,2.9,0,958.3,1007.2,89.3,,
883,2023-04-19 18:00,17.4,172.9,5.2,0,958,1007.4,85.7,,
883,2023-04-19 19:00,16.4,165.9,6.5,0,958,1007.6,80.6,,
883,2023-04-19 20:00,15.6,162.3,5.6,0,959.3,1009.3,85.4,,
883,2023-04-19 21:00,15.2,168.3,4.6,0,959.4,1009.5,91.6,,
883,2023-04-19 22:00,15,158.4,3.6,0,959.4,1009.5,82.2,,
883,2023-04-19 23:00,15.5,115.9,3.1,0,959.7,1009.7,80.5,,
883,2023-04-20 00:00,14.3,152.3,5.3,0,959.9,1010.3,84.6,,
883,2023-04-20 01:00,14.8,91,4,0,960.1,1010.3,87,,
883,2023-04-20 02:00,12.7,131.7,2.1,0,959.6,1010.1,94,,
883,2023-04-20 03:00,13.6,98.3,4.1,0,959.1,1009.3,90.2,,
883,2023-04-20 04:00,14,90.7,3.2,0,958.5,1008.9,85.3,,
883,2023-04-20 05:00,12,149.8,2.1,0,958,1008.6,93.6,,
883,2023-04-20 06:00,12.7,98.8,2.7,0,958.3,1008.7,90.3,,
883,2023-04-20 07:00,14,89.4,2.4,0,958.9,1009.3,87.7,,
883,2023-04-20 08:00,17.1,190.8,.6,0,959.2,1008.7,76.9,,
883,2023-04-20 09:00,18.5,335.2,1.5,0,959.5,1008.6,73.5,,
883,2023-04-20 10:00,19.5,325.9,1.7,0,960,1009.3,72.8,,
883,2023-04-20 11:00,19.5,23.8,4.7,0,959.7,1009,80.4,,
883,2023-04-20 12:00,20,31.8,2,0,959.3,1008.4,73.4,,
883,2023-04-20 13:00,19.6,349.4,4.4,0,958.8,1008,76.4,,
883,2023-04-20 14:00,20.1,356.3,3.9,0,958.5,1007.6,70.5,,
883,2023-04-20 15:00,19.9,329.1,3.7,0,957.7,1006.8,69.9,,
883,2023-04-20 16:00,20.4,20.3,2.4,0,957,1005.9,69.2,,
883,2023-04-20 17:00,19.5,312.5,3.8,0,957.3,1006.5,70.5,,
883,2023-04-20 18:00,18.6,21.7,3,0,957.6,1006.6,75.7,,
883,2023-04-20 19:00,16.1,27.5,2.8,0,957.9,1007.6,87.9,,
883,2023-04-20 20:00,16,77.9,2.7,0,958.8,1008.6,87.3,,
883,2023-04-20 21:00,13.8,38.4,3,0,959.6,1009.8,97.8,,
883,2023-04-20 22:00,13.3,30.4,4.9,0,959.8,1010.2,96,,
883,2023-04-20 23:00,14,89,4.1,0,959.6,1010,91.4,,
883,2023-04-21 00:00,14.3,53.8,2.8,0,959.5,1009.9,90.5,,
883,2023-04-21 01:00,15.6,239.8,.9,0,959.3,1009.3,83.1,,
883,2023-04-21 02:00,15.6,5.9,1.5,0,958.9,1008.8,81,,
883,2023-04-21 03:00,13.4,39.2,4.2,0,958.3,1008.5,98.6,,
883,2023-04-21 04:00,14.7,43.9,3.8,0,957.9,1008,80.7,,
883,2023-04-21 05:00,15.6,53.1,4,0,957.6,1007.5,74.1,,
883,2023-04-21 06:00,13.2,48.4,4.1,0,957.8,1008.1,83,,
883,2023-04-21 07:00,12,31.1,5.9,0,958.2,1008.8,99.2,,
883,2023-04-21 08:00,15.8,30.9,5.2,0,958.2,1008,96.8,,
883,2023-04-21 09:00,21.4,49.5,5.3,0,958.3,1007,56.3,,
883,2023-04-21 10:00,21.3,37.4,6.3,0,958.4,1007.1,67.2,,
883,2023-04-21 11:00,22.6,58.6,5.2,0,958.7,1007.1,59.8,,
883,2023-04-21 12:00,22.1,61.3,7.5,0,958.5,1007,57.3,,
883,2023-04-21 13:00,23.4,49.9,5.8,0,958.5,1006.6,48.6,,
883,2023-04-21 14:00,23,130.8,2.4,0,958.4,1006.6,59.1,,
883,2023-04-21 15:00,21.6,87.2,4.2,0,958.5,1007.1,45.7,,
883,2023-04-21 16:00,21,82.5,5,0,958.6,1007.4,52.7,,
883,2023-04-21 17:00,19.9,22.7,4.3,0,958.8,1007.9,50.3,,
883,2023-04-21 18:00,16.1,38.5,4.8,0,959.4,1009.2,71.1,,
883,2023-04-21 19:00,14.5,35.6,2.5,0,959.8,1010.1,76.4,,
883,2023-04-21 20:00,14.1,252.7,1.2,0,960.4,1010.9,81.5,,
883,2023-04-21 21:00,13.5,165.6,3.5,0,960.8,1011.2,84.9,,
883,2023-04-21 22:00,11.8,84.8,1.4,0,961.8,1012.6,90,,
883,2023-04-21 23:00,11.5,42.7,.8,0,962.1,1013,92.9,,
883,2023-04-22 00:00,11.6,114.2,2.5,0,962.2,1013.1,93.5,,
883,2023-04-22 01:00,12,155.4,3.4,0,962.4,1013.2,90.9,,
883,2023-04-22 02:00,11.1,91.8,1,0,962.4,1013.4,92,,
883,2023-04-22 03:00,10.6,100.7,1.2,0,962.5,1013.7,92.6,,
883,2023-04-22 04:00,10.3,111.1,3.2,0,962.7,1014,92.3,,
883,2023-04-22 05:00,9.5,152.7,2.4,0,962.9,1014.4,92,,
883,2023-04-22 06:00,10.3,148,2.3,0,963.2,1014.5,89.2,,
883,2023-04-22 07:00,11.6,109.6,1.7,0,963.4,1014.4,86.1,,
883,2023-04-22 08:00,13.6,201.3,2.1,0,964,1014.5,76.5,,
883,2023-04-22 09:00,14.7,239,1.9,0,964.7,1015.2,72.3,,
883,2023-04-22 10:00,17,248.3,2.2,0,964.9,1014.7,68.1,,
883,2023-04-22 11:00,16.6,243.6,2.2,0,965,1014.9,67.3,,
883,2023-04-22 12:00,17.5,262.3,3.3,0,965,1014.7,55.9,,
883,2023-04-22 13:00,18.9,238.9,3.1,0,964.5,1013.8,49.4,,
883,2023-04-22 14:00,19.2,49.1,5.5,0,964.5,1014.1,38.4,,
883,2023-04-22 15:00,18.4,289.4,2.4,0,964.2,1013.6,43.3,,
883,2023-04-22 16:00,18.2,65.4,3.2,0,964.4,1013.8,38.9,,
883,2023-04-22 17:00,16.4,301.1,1.1,0,964.8,1014.8,45.9,,
883,2023-04-22 18:00,14.2,84.8,5.5,0,965,1015.7,24.8,,
883,2023-04-22 19:00,13.3,78.6,11.8,0,965.3,1015.9,13.8,,
883,2023-04-22 20:00,13.7,92.7,11.2,0,966.4,1017,13,,
883,2023-04-22 21:00,14.1,101.8,9.2,0,966.9,1017.7,11.5,,
883,2023-04-22 22:00,13.9,85.2,8.9,0,966.6,1017.2,12.6,,
883,2023-04-22 23:00,13.3,79.9,9.4,0,966.8,1017.5,17.6,,
883,2023-04-23 00:00,12.8,85.1,9.9,0,966.2,1017,17,,
883,2023-04-23 01:00,11.2,90.9,4.8,0,966.2,1017.4,25,,
883,2023-04-23 02:00,9.1,111.6,3.6,0,966,1017.8,44.2,,
883,2023-04-23 03:00,10,110.1,4,0,966,1017.5,40.6,,
883,2023-04-23 04:00,9.7,121.1,3.8,0,965.9,1017.5,40.8,,
883,2023-04-23 05:00,9.2,160.6,2.4,0,966.3,1018,46.8,,
883,2023-04-23 06:00,8.9,72.6,2.3,0,967,1018.6,49.6,,
883,2023-04-23 07:00,11.5,89.9,6,0,967.4,1018.6,55.8,,
883,2023-04-23 08:00,11.9,78.7,6.8,0,968,1019.1,53.9,,
883,2023-04-23 09:00,12.8,73.8,7.5,0,969.1,1020.1,54.4,,
883,2023-04-23 10:00,13.7,86.2,6.4,0,969.6,1020.4,51.7,,
883,2023-04-23 11:00,13.7,76.7,8.5,0,969.4,1020.2,46.2,,
883,2023-04-23 12:00,18.3,85.8,5.9,0,968.7,1018.3,32.2,,
883,2023-04-23 13:00,18.9,85.7,3,0,967.9,1017.3,27.3,,
883,2023-04-23 14:00,17.6,63.1,6.5,0,967.6,1017.4,25.7,,
883,2023-04-23 15:00,17.8,77.4,6.3,0,967.6,1017.3,24.4,,
883,2023-04-23 16:00,16.4,60.3,6.1,0,967.7,1017.8,29.3,,
883,2023-04-23 17:00,16.2,58.2,5.3,0,967.7,1017.9,31.3,,
883,2023-04-23 18:00,15.5,80.5,3.4,0,967.4,1017.8,28.7,,
883,2023-04-23 19:00,13.3,47.5,3.9,0,968.1,1018.9,42.6,,
883,2023-04-23 20:00,14,80.5,8.6,0,968.1,1019,19.6,,
883,2023-04-23 21:00,13.4,72.6,10,0,968.5,1019.3,18.5,,
883,2023-04-23 22:00,13.4,75,8.6,0,968.8,1019.6,19.9,,
883,2023-04-23 23:00,14.5,102.1,6.1,0,968.8,1019.6,16,,
883,2023-04-24 00:00,14,120,3.5,0,968.1,1019,20.1,,
883,2023-04-24 01:00,13.1,110.5,2.3,0,968.2,1019,29.7,,
883,2023-04-24 02:00,13.8,93.5,4.6,0,968,1018.7,17.9,,
883,2023-04-24 03:00,14,80,4.8,0,968.3,1019.2,17.2,,
883,2023-04-24 04:00,13.9,87.4,4.8,0,969,1019.7,18.1,,
883,2023-04-24 05:00,13.4,74.7,8.4,0,968.6,1019.4,23,,
883,2023-04-24 06:00,12.9,69.5,11.3,0,968.7,1019.6,27.2,,
883,2023-04-24 07:00,11.1,68.7,10.2,0,968.9,1020.3,55.2,,
883,2023-04-24 08:00,10.8,67.1,11,0,969,1020.5,59.7,,
883,2023-04-24 09:00,11.2,75,11.3,0,969.4,1020.8,64.6,,
883,2023-04-24 10:00,11.2,73.9,11.1,0,969.7,1021.1,67,,
883,2023-04-24 11:00,9.3,75.7,11.6,.5,969.9,1021.8,77.6,,
883,2023-04-24 12:00,9.1,93.7,7.7,1.5,969.9,1021.9,77,,
883,2023-04-24 13:00,10,121,3.3,.5,969.9,1021.6,83.1,,
883,2023-04-24 14:00,10.2,281.2,.9,.5,969.5,1021.2,86.7,,
883,2023-04-24 15:00,10.4,31.6,1.1,0,968.8,1020.4,87.3,,
883,2023-04-24 16:00,10.7,43.7,2.8,0,968.4,1019.9,78.8,,
883,2023-04-24 17:00,9.8,56.7,3.4,0,968,1019.7,77.9,,
883,2023-04-24 18:00,10.4,65.1,2.9,0,967.5,1019,70.9,,
883,2023-04-24 19:00,10.3,90.6,2.7,0,967.6,1019.1,76.2,,
883,2023-04-24 20:00,10,180.9,3.3,0,967.4,1019,82.5,,
883,2023-04-24 21:00,9.8,199.8,1.7,0,967.9,1019.6,82.1,,
883,2023-04-24 22:00,10.1,98.2,1.8,0,968.2,1019.8,79.7,,
883,2023-04-24 23:00,10.1,133.3,1.8,0,967.7,1019.3,81.8,,
883,2023-04-25 00:00,9.8,115.2,1.7,0,967.2,1018.8,84.4,,
883,2023-04-25 01:00,9.7,1,.9,0,966.7,1018.3,87,,
883,2023-04-25 02:00,10.1,129.1,.6,0,966.3,1017.8,86.4,,
883,2023-04-25 03:00,9.9,114.2,1.8,0,965.2,1016.7,89,,
883,2023-04-25 04:00,9.2,0,.4,0,965.8,1017.5,96.7,,
883,2023-04-25 05:00,9.3,119.2,1.1,.5,964.6,1016.2,94.9,,
883,2023-04-25 06:00,9.2,281.9,1,0,963.6,1015.2,96.6,,
883,2023-04-25 07:00,9.3,229.3,.5,.5,963.8,1015.4,97.5,,
883,2023-04-25 08:00,9.9,108.1,1.4,.5,963.4,1014.8,95.6,,
883,2023-04-25 09:00,10.3,27.6,1.4,0,963,1014.3,97,,
883,2023-04-25 10:00,11.2,23.8,1.5,1,962.5,1013.5,98.4,,
883,2023-04-25 11:00,11.6,43.5,1.5,1,962.3,1013.2,97.5,,
883,2023-04-25 12:00,12.2,60.4,1.8,1,961.4,1012.1,96.5,,
883,2023-04-25 13:00,12.3,33.1,2.3,0,960.6,1011.2,94.8,,
883,2023-04-25 14:00,12,51.1,3.5,0,959.7,1010.4,95.7,,
883,2023-04-25 15:00,11.2,40.2,3.6,.5,959.4,1010.3,96.3,,
883,2023-04-25 16:00,11.6,89,3.5,0,959.2,1009.9,92.9,,
883,2023-04-25 17:00,11.5,87.5,3.9,0,959,1009.8,90.4,,
883,2023-04-25 18:00,10.2,340.1,2.5,.5,959.1,1010.2,96.4,,
883,2023-04-25 19:00,9.1,28.6,5.7,0,959.7,1011.1,97.9,,
883,2023-04-25 20:00,8.9,55.5,4.8,0,960.1,1011.4,99.3,,
883,2023-04-25 21:00,9.2,23.9,4.9,0,961.1,1012.6,96.5,,
883,2023-04-25 22:00,8.9,26.8,5.6,0,961.8,1013.2,98.7,,
883,2023-04-25 23:00,8.7,27.3,6,0,962,1013.4,99,,
883,2023-04-26 00:00,8.3,26.7,6.4,0,962.1,1013.6,99.3,,
883,2023-04-26 01:00,7.8,24.9,6.5,0,962.1,1013.7,99.5,,
883,2023-04-26 02:00,7.2,30.7,6.3,0,962,1013.8,99.6,,
883,2023-04-26 03:00,6.6,41.5,4.2,0,962.1,1014,98.9,,
883,2023-04-26 04:00,6.6,45.2,3.6,0,962.2,1014.1,94.6,,
883,2023-04-26 05:00,6.1,47.8,2.9,0,962.3,1014.4,92.2,,
883,2023-04-26 06:00,6,31.1,2.5,0,962.7,1014.8,87.5,,
883,2023-04-26 07:00,7.3,54.1,3.4,0,963.2,1015,94.5,,
883,2023-04-26 08:00,9.3,30.7,3.6,0,963.6,1015.2,84.7,,
883,2023-04-26 09:00,10.3,26.5,4,0,964,1015.3,82.5,,
883,2023-04-26 10:00,11.1,353.1,3,0,964.2,1015.3,72.1,,
883,2023-04-26 11:00,11.3,322.6,5,0,964.5,1015.6,73.7,,
883,2023-04-26 12:00,11.4,314.9,4.5,0,964.5,1015.6,81.4,,
883,2023-04-26 13:00,12,32.4,4.4,0,964.4,1015.3,86.6,,
883,2023-04-26 14:00,11.8,24.3,6,0,964.3,1015.3,77.6,,
883,2023-04-26 15:00,12.8,31.2,6.9,0,964.4,1015.1,55.6,,
883,2023-04-26 16:00,12.3,21.8,8.2,0,964.5,1015.4,48.5,,
883,2023-04-26 17:00,10.7,24.4,8.1,0,964.6,1015.9,62.4,,
883,2023-04-26 18:00,9,28.4,7.4,0,964.9,1016.6,67.7,,
883,2023-04-26 19:00,7.4,43.7,5.4,0,965,1016.9,66,,
883,2023-04-26 20:00,6,38.1,5.8,0,965.6,1017.9,80.3,,
883,2023-04-26 21:00,7.4,45.8,6,0,966,1017.9,39.7,,
883,2023-04-26 22:00,7.5,59.7,5.3,0,966.5,1018.4,27.2,,
883,2023-04-26 23:00,6.1,42.6,3.4,0,966.9,1019.2,32.5,,
883,2023-04-27 00:00,6.9,87.4,3.9,0,966.5,1018.6,23,,
883,2023-04-27 01:00,7.6,92.5,4.5,0,966.6,1018.5,18.4,,
883,2023-04-27 02:00,7.4,92.1,4.7,0,966.3,1018.3,19.2,,
883,2023-04-27 03:00,7.3,98.6,4,0,966.5,1018.5,20.7,,
883,2023-04-27 04:00,2.9,160.2,.5,0,966.9,1019.8,48.5,,
883,2023-04-27 05:00,2.9,92.8,2.6,0,967.2,1020.2,42,,
883,2023-04-27 06:00,5.8,97,3,0,967.4,1019.8,25.7,,
883,2023-04-27 07:00,7.6,160.3,1.2,0,968,1020,27.7,,
883,2023-04-27 08:00,10.8,305.7,.6,0,968.6,1020,45.3,,
883,2023-04-27 09:00,12.8,317.5,1.2,0,968.9,1019.9,52.3,,
883,2023-04-27 10:00,14.7,224.3,2.8,0,969.3,1020,58.6,,
883,2023-04-27 11:00,15,225.5,4,0,969.4,1020.1,55.2,,
883,2023-04-27 12:00,16.5,228.8,3.6,0,969.6,1019.8,59.4,,
883,2023-04-27 13:00,17.3,208.2,3.5,0,969.2,1019.2,53.8,,
883,2023-04-27 14:00,17.4,212.3,2.9,0,968.9,1018.8,45.1,,
883,2023-04-27 15:00,17.7,209.9,2.7,0,968.9,1018.7,31.3,,
883,2023-04-27 16:00,16.7,194.8,2.3,0,968.5,1018.6,28.2,,
883,2023-04-27 17:00,17.2,203.5,3.2,0,967.9,1017.8,29.5,,
883,2023-04-27 18:00,14.2,193.9,3.5,0,967.6,1018.4,61,,
883,2023-04-27 19:00,11.7,153.9,4.3,0,968.2,1019.4,68.8,,
883,2023-04-27 20:00,9.8,197.1,2.3,0,968.1,1019.8,23.4,,
883,2023-04-27 21:00,9.7,169.9,4.8,0,968.4,1020.1,30.3,,
883,2023-04-27 22:00,9.8,164.7,6.3,0,968.8,1020.5,57,,
883,2023-04-27 23:00,11.3,157.7,5.3,0,968.4,1019.7,12.1,,
883,2023-04-28 00:00,11.9,151.9,5.7,0,968.1,1019.2,17.8,,
883,2023-04-28 01:00,12.3,154.9,4.9,0,968,1019,10.5,,
883,2023-04-28 02:00,12.7,159.9,4.7,0,967.8,1018.7,9.9,,
883,2023-04-28 03:00,11.5,167.5,5.6,0,967.4,1018.6,34.7,,
883,2023-04-28 04:00,11.3,164.3,4.7,0,967.5,1018.8,35.5,,
883,2023-04-28 05:00,11.7,166,5.3,0,967.7,1018.9,48.6,,
883,2023-04-28 06:00,12.2,165.2,5.3,0,967.4,1018.4,39.1,,
883,2023-04-28 07:00,13.3,162.1,5.5,0,967.2,1017.9,45.6,,
883,2023-04-28 08:00,15.8,176.8,6.1,0,967.5,1017.8,67,,
883,2023-04-28 09:00,15.5,163.5,6.7,0,967.5,1017.9,70,,
883,2023-04-28 10:00,17.7,170.7,7.1,0,967.3,1017,62.7,,
883,2023-04-28 11:00,18.1,173.8,8.1,0,966.6,1016.2,59.4,,
883,2023-04-28 12:00,17.9,172.2,7.1,0,966.2,1015.8,63.4,,
883,2023-04-28 13:00,18.7,168.9,7.3,0,966.1,1015.5,58.8,,
883,2023-04-28 14:00,18.6,160.9,7,0,965.2,1014.6,65.5,,
883,2023-04-28 15:00,19.4,159.8,8.4,0,964.5,1014.1,62.7,,
883,2023-04-28 16:00,18.3,155.3,8.2,0,964.1,1013.5,70.5,,
883,2023-04-28 17:00,17.6,159.4,8.1,0,963.8,1013.4,73.8,,
883,2023-04-28 18:00,16.9,160.9,7.4,0,963.3,1013.1,82.5,,
883,2023-04-28 19:00,16,162.5,6.6,0,963.2,1013.2,91.5,,
883,2023-04-28 20:00,15.8,168.4,6.6,0,963.3,1013.4,94.7,,
883,2023-04-28 21:00,15.3,177.7,6,.5,963.4,1013.7,96.6,,
883,2023-04-28 22:00,15.9,176.2,6.8,1,963,1013.1,97.9,,
883,2023-04-28 23:00,16.5,185.7,6.6,2.5,962.5,1012.3,98.2,,
883,2023-04-29 00:00,16.7,196.9,6.1,.5,962.3,1012.1,99.3,,
883,2023-04-29 01:00,16.7,208.4,5.4,2,961.8,1011.6,99.7,,
883,2023-04-29 02:00,16.7,204.8,5.1,0,960.7,1010.4,99.5,,
883,2023-04-29 03:00,16.3,202.9,4.1,.5,960.2,1010,99.5,,
883,2023-04-29 04:00,16,182.4,3.5,0,959.4,1009.2,99.6,,
883,2023-04-29 05:00,15.8,183.3,3.3,0,959.1,1009,99.6,,
883,2023-04-29 06:00,16,172.6,4,0,959.1,1008.9,99.6,,
883,2023-04-29 07:00,16.2,180.1,3.5,0,959,1008.8,97.8,,
883,2023-04-29 08:00,16.8,177.7,3.7,0,958.8,1008.4,84.9,,
883,2023-04-29 09:00,17.4,175.3,4.7,0,958.9,1008.3,87.6,,
883,2023-04-29 10:00,17.1,199.1,2.9,0,958.8,1008.3,85.1,,
883,2023-04-29 11:00,16.8,225.8,3.2,0,959,1008.6,83.3,,
883,2023-04-29 12:00,15.7,230.5,1.6,0,958.3,1008.2,94.5,,
883,2023-04-29 13:00,14.5,297.7,2.5,3.5,958.2,1008.4,98.7,,
883,2023-04-29 14:00,13.6,22.6,3.6,2.5,958,1008.2,99.5,,
883,2023-04-29 15:00,12.8,22.3,4.2,1.5,958.1,1008.5,99.9,,
883,2023-04-29 16:00,12.2,30.4,6.1,.5,958.2,1008.7,99.8,,
883,2023-04-29 17:00,10.8,28.9,6.4,.5,958.4,1009.3,99.9,,
883,2023-04-29 18:00,10.4,16,5.7,.5,958.3,1009.3,99.9,,
883,2023-04-29 19:00,9.5,28,7.2,.5,959.2,1010.5,99.8,,
883,2023-04-29 20:00,8.3,23.9,6.8,0,959.8,1011.2,99.8,,
883,2023-04-29 21:00,8,23.7,7.7,0,960.4,1011.9,98.9,,
883,2023-04-29 22:00,8.1,24.4,8.2,0,961.1,1012.6,97.1,,
883,2023-04-29 23:00,7.9,29.5,7.9,0,960.8,1012.3,97.1,,
883,2023-04-30 00:00,7,27.6,8.9,0,960.8,1012.6,95.2,,
883,2023-04-30 01:00,6.7,38.9,6.3,0,961,1012.8,91,,
883,2023-04-30 02:00,6.6,39.1,7.3,0,960.4,1012.2,88.9,,
883,2023-04-30 03:00,6.6,43.3,7.3,0,960.2,1012,79.9,,
883,2023-04-30 04:00,6.5,40.1,6.7,0,960.7,1012.6,79.7,,
883,2023-04-30 05:00,6.7,53.7,5.6,0,961,1012.8,77.6,,
883,2023-04-30 06:00,6.9,52,4.6,0,961.1,1012.9,67.4,,
883,2023-04-30 07:00,9.3,50.8,5,0,961.2,1012.6,50.7,,
883,2023-04-30 08:00,12,66.4,6.1,0,961.9,1012.7,41.9,,
883,2023-04-30 09:00,14.3,44.7,6.1,0,962.5,1013,31,,
883,2023-04-30 10:00,15.3,28.5,5.7,0,962.9,1013.1,33.6,,
883,2023-04-30 11:00,16.5,26.3,4.7,0,962.8,1012.7,42.7,,
883,2023-04-30 12:00,15.7,324.4,3.6,0,962.9,1013,37.3,,
883,2023-04-30 13:00,16.4,307.3,3.8,0,962.5,1012.4,38.5,,
883,2023-04-30 14:00,16.2,302.3,4.9,0,962.2,1012.1,41.5,,
883,2023-04-30 15:00,16.7,283.5,3.4,0,962.1,1011.9,44,,
883,2023-04-30 16:00,15.5,298.1,4,0,962.1,1012.2,48.5,,
883,2023-04-30 17:00,13.9,301.6,4,0,962.3,1012.6,48.8,,
883,2023-04-30 18:00,13.2,308.9,3.3,0,962.4,1012.9,55.2,,
883,2023-04-30 19:00,11.7,0,.4,0,962.7,1013.6,65.1,,
883,2023-04-30 20:00,10.1,127.6,.9,0,963.2,1014.5,74.5,,
883,2023-04-30 21:00,10,173.4,2,0,963.8,1015.2,76.6,,
883,2023-04-30 22:00,9.8,172.4,2.7,0,964.2,1015.7,74.5,,
883,2023-04-30 23:00,10,183.7,2.6,0,964,1015.4,72.3,,
883,2023-05-01 00:00,9.9,183.2,2.2,0,964.1,1015.5,65.9,,
883,2023-05-01 01:00,10.2,189.7,1.9,0,964.3,1015.7,66.6,,
883,2023-05-01 02:00,9.9,174.9,2.2,0,964,1015.4,71.4,,
883,2023-05-01 03:00,9.4,164.8,2.8,0,963.9,1015.5,76.4,,
883,2023-05-01 04:00,9,175.3,2.1,0,964,1015.7,69.7,,
883,2023-05-01 05:00,9.4,187.3,1.6,0,964.1,1015.7,70.7,,
883,2023-05-01 06:00,8.8,122.7,.9,0,964.6,1016.1,76.8,,
883,2023-05-01 07:00,10.4,44.2,.7,0,964.8,1016.2,79.3,,
883,2023-05-01 08:00,13.1,20.4,2.6,0,965.7,1016.4,75.5,,
883,2023-05-01 09:00,13.9,43.2,2.5,0,966.2,1016.7,71.9,,
883,2023-05-01 10:00,18.5,25,3.9,0,966.8,1016.3,46.1,,
883,2023-05-01 11:00,16.8,26.2,4.6,0,967.5,1017.5,67.6,,
883,2023-05-01 12:00,19.6,23.4,4.3,0,967.6,1017.3,46.6,,
883,2023-05-01 13:00,18.8,24.6,5.2,0,967.7,1017.1,50.1,,
883,2023-05-01 14:00,19.5,29.1,5,0,967.8,1017.5,29.5,,
883,2023-05-01 15:00,20,28.9,4.5,0,967.4,1017,31.9,,
883,2023-05-01 16:00,19.3,26.7,5.4,0,967.2,1017,27.5,,
883,2023-05-01 17:00,19.6,30.7,3.6,0,967.1,1016.8,14.9,,
883,2023-05-01 18:00,18.6,28.5,3,0,967.4,1016.9,22.7,,
883,2023-05-01 19:00,15.7,0,.3,0,967.9,1018.3,37.3,,
883,2023-05-01 20:00,14.3,105.9,4.6,0,968.2,1019,29.2,,
883,2023-05-01 21:00,13.9,108.1,4.5,0,969,1019.7,30.5,,
883,2023-05-01 22:00,14,108.3,4.6,0,969.9,1020.9,32.3,,
883,2023-05-01 23:00,12.6,103.9,4.2,0,970,1021.1,40.1,,
883,2023-05-02 00:00,11.6,106,4,0,970.1,1021.4,44.3,,
883,2023-05-02 01:00,10.3,101.4,2.8,0,970.2,1021.9,50.6,,
883,2023-05-02 02:00,9.5,116.7,2.8,0,969.9,1021.8,52.6,,
883,2023-05-02 03:00,10,93.3,3.1,0,969.6,1021.3,49.5,,
883,2023-05-02 04:00,10.5,73.5,.9,0,970.1,1021.7,46.6,,
883,2023-05-02 05:00,8.8,111.6,2.6,0,970.4,1022.2,57.4,,
883,2023-05-02 06:00,14.1,148.1,4.7,0,970.6,1021.6,32.2,,
883,2023-05-02 07:00,13.5,166.9,4.2,0,971.3,1022.2,41.2,,
883,2023-05-02 08:00,16,170.5,4.4,0,971.9,1022.4,35,,
883,2023-05-02 09:00,18.5,179.3,4.5,0,972.1,1021.9,26.7,,
883,2023-05-02 10:00,19.9,163.6,6.8,0,972.1,1021.9,26.1,,
883,2023-05-02 11:00,20.6,179.6,6.5,0,972.3,1021.9,27,,
883,2023-05-02 12:00,20.7,167.3,5.8,0,972.2,1021.8,28.8,,
883,2023-05-02 13:00,21.2,167.1,6.1,0,971.7,1021.1,31.9,,
883,2023-05-02 14:00,21.7,187.6,5.5,0,971.3,1020.6,30.6,,
883,2023-05-02 15:00,19.7,193.9,5.6,0,971.2,1021,31.5,,
883,2023-05-02 16:00,19.5,193.1,6,0,970.9,1020.8,35.7,,
883,2023-05-02 17:00,18,177.4,6.9,0,970.4,1020.2,37,,
883,2023-05-02 18:00,16.7,164.3,6.7,0,969.9,1020.1,40.8,,
883,2023-05-02 19:00,14.9,149.2,6.1,0,970.2,1020.9,41.8,,
883,2023-05-02 20:00,16.3,133.4,6.4,0,970.8,1021.1,24.8,,
883,2023-05-02 21:00,14.3,144.9,6.9,0,969.9,1020.8,32.7,,
883,2023-05-02 22:00,13.8,145,6.2,0,970.6,1021.4,36.2,,
883,2023-05-02 23:00,14.7,152.9,8.6,0,970.1,1020.9,35.7,,
883,2023-05-03 00:00,15.1,150.7,8.2,0,970.2,1020.9,32,,
883,2023-05-03 01:00,14.2,157.5,8.7,0,969.8,1020.7,51.4,,
883,2023-05-03 02:00,14.4,157,9,0,969.5,1020.3,59.8,,
883,2023-05-03 03:00,14.9,162,8.2,0,969.4,1020.1,71.4,,
883,2023-05-03 04:00,15.6,173.6,8.6,0,969.3,1019.8,73.5,,
883,2023-05-03 05:00,16,171.4,8.3,0,969,1019.3,71.7,,
883,2023-05-03 06:00,16.1,162.7,7.1,0,969.7,1020,71.9,,
883,2023-05-03 07:00,17,162.4,6.8,0,969.9,1020,73.6,,
883,2023-05-03 08:00,17.2,164.4,6.5,0,970,1020,76.7,,
883,2023-05-03 09:00,17.2,166.4,7.2,0,970,1020,80.2,,
883,2023-05-03 10:00,16.9,154.8,7,0,970.7,1020.9,85.9,,
883,2023-05-03 11:00,17.5,161.7,8,0,970.3,1020.3,83.2,,
883,2023-05-03 12:00,16.5,170,6.6,0,970.2,1020.4,89.3,,
883,2023-05-03 13:00,15.9,176.8,7.2,.5,970,1020.4,94,,
883,2023-05-03 14:00,14.8,194.3,5,2.5,969.6,1020.3,97.3,,
883,2023-05-03 15:00,13.7,179.4,6.3,2,969,1019.7,95.6,,
883,2023-05-03 16:00,14.4,149,9.7,4.5,967.6,1018.3,90.2,,
883,2023-05-03 17:00,15.1,161.6,7.6,3.5,966.9,1017.4,93.1,,
883,2023-05-03 18:00,14.8,158.9,11.3,6.5,966.7,1017.3,93.1,,
883,2023-05-03 19:00,14.7,139.8,10.1,3,966.1,1016.7,87,,
883,2023-05-03 20:00,15.1,108.2,8.1,0,967,1017.5,75.1,,
883,2023-05-03 21:00,15.2,136.1,8.7,1,967.7,1018.2,91.6,,
883,2023-05-03 22:00,15.3,147.1,12.7,3.5,966.9,1017.3,85.8,,
883,2023-05-03 23:00,14.9,150.8,12.2,4,967,1017.6,92.4,,
883,2023-05-04 00:00,14.1,151.6,10.4,8,967.3,1018.1,88.6,,
883,2023-05-04 01:00,13.5,149.8,11.3,15,966.9,1017.6,91,,
883,2023-05-04 02:00,15.1,134,9.3,1.5,966,1016.4,80.7,,
883,2023-05-04 03:00,14.8,149.1,12.5,2.5,964.2,1014.6,88.9,,
883,2023-05-04 04:00,15.1,158.3,12.6,6,963.3,1013.6,94.1,,
883,2023-05-04 05:00,15.6,154.9,11.1,4.5,963.1,1013.2,92.1,,
883,2023-05-04 06:00,15.6,152.7,10.6,5.5,963.3,1013.5,93.5,,
883,2023-05-04 07:00,16,138.8,9.2,10.5,963.3,1013.3,91.6,,
883,2023-05-04 08:00,15.9,138.2,10.4,11,963.4,1013.5,92.7,,
883,2023-05-04 09:00,15.9,147.9,11.1,11.5,962.9,1012.9,95.3,,
883,2023-05-04 10:00,16.6,145.5,12.9,5,961.9,1011.7,92.7,,
883,2023-05-04 11:00,17.1,145.2,14.2,7.5,961.3,1010.9,89,,
883,2023-05-04 12:00,17.6,155.6,14.9,2.5,960.5,1009.9,88.4,,
883,2023-05-04 13:00,17.1,152,13.9,5,959.3,1008.8,90.5,,
883,2023-05-04 14:00,16.7,152.2,14,8,959,1008.6,91.9,,
883,2023-05-04 15:00,17.4,151.6,11.5,18.5,959.1,1008.5,92.2,,
883,2023-05-04 16:00,18.1,159.3,9.2,8,959.1,1008.3,93.6,,
883,2023-05-04 17:00,18.1,180.1,7.2,2,958.9,1008.1,95.1,,
883,2023-05-04 18:00,17.9,172.9,8.6,5,958.6,1007.8,96.1,,
883,2023-05-04 19:00,18.1,172.3,8.3,4,958.4,1007.6,96.5,,
883,2023-05-04 20:00,18.5,179.9,8,6,958.9,1008,97.6,,
883,2023-05-04 21:00,17.9,177.9,7.3,5.5,959,1008.3,98.2,,
883,2023-05-04 22:00,17.9,179.8,8.5,4,959,1008.3,99.4,,
883,2023-05-04 23:00,17.8,181.6,7.7,.5,958.3,1007.6,99.6,,
883,2023-05-05 00:00,17.8,178.7,7.7,2.5,957.8,1007,99.7,,
883,2023-05-05 01:00,18.2,196.7,7.4,.5,957.6,1006.7,99.6,,
883,2023-05-05 02:00,18.1,202.5,8.3,1,957.1,1006.2,99.6,,
883,2023-05-05 03:00,18,200.1,7.2,2.5,956.5,1005.6,99.9,,
883,2023-05-05 04:00,17.7,196.6,7.1,4.5,956,1005.2,99.9,,
883,2023-05-05 05:00,17.9,195,8.2,8,955.5,1004.6,99.7,,
883,2023-05-05 06:00,17.8,189.9,9,2.5,955.2,1004.3,99.9,,
883,2023-05-05 07:00,18.1,203.9,8.3,6,955.4,1004.4,99.8,,
883,2023-05-05 08:00,18.5,213,8.1,3,955.6,1004.5,99.9,,
883,2023-05-05 09:00,18.4,203.2,8.2,27.5,955.6,1004.5,100,,
883,2023-05-05 10:00,18.4,200.5,9.4,11.5,955.7,1004.6,100,,
883,2023-05-05 11:00,18.6,203.4,7.9,9.5,955.6,1004.5,100,,
883,2023-05-05 12:00,18.6,186,8.1,3,954.9,1003.7,99.8,,
883,2023-05-05 13:00,18.9,189.6,9.1,4.5,954.1,1002.8,99.8,,
883,2023-05-05 14:00,18.9,192.1,9,8.5,953.9,1002.6,99.8,,
883,2023-05-05 15:00,19.3,192,10.4,0,952.8,1001.8,99.8,,
883,2023-05-05 16:00,18.9,185.6,9.1,2.5,952.7,1001.3,99.8,,
883,2023-05-05 17:00,18.8,187.5,9.2,.5,951.6,1000.2,99.9,,
883,2023-05-05 18:00,18.8,198.4,9.9,7.5,951.4,1000,99.9,,
883,2023-05-05 19:00,19,210.9,8.1,6,951.4,1000.4,99.9,,
883,2023-05-05 20:00,18.1,212.5,7.8,3,951.8,1000.6,99.9,,
883,2023-05-05 21:00,17.9,211.1,8.3,.5,952.6,1001.5,99.9,,
883,2023-05-05 22:00,17.5,207.8,7.1,0,952.8,1001.9,99.9,,
883,2023-05-05 23:00,17.5,209.4,6.4,0,952.5,1001.5,99.8,,
883,2023-05-06 00:00,17.3,210.1,5.9,0,952.4,1001.5,99.8,,
883,2023-05-06 01:00,16.8,201.6,5.6,.5,952.4,1001.6,99.8,,
883,2023-05-06 02:00,16.2,197.2,5.2,.5,952,1001.4,99.9,,
883,2023-05-06 03:00,15.2,199.1,4.2,0,952,1001.7,99.8,,
883,2023-05-06 04:00,14.6,199.8,3.5,0,952,1001.9,100,,
883,2023-05-06 05:00,14.2,199.4,.7,.5,952.5,1002.5,99.9,,
883,2023-05-06 06:00,14.2,286.9,.6,0,952.9,1002.9,100,,
883,2023-05-06 07:00,15.7,195.2,.8,0,953.1,1002.7,100,,
883,2023-05-06 08:00,15.9,177.2,1.6,.5,953.5,1003.1,99.9,,
883,2023-05-06 09:00,15,233.7,3,0,954.1,1004,99.9,,
883,2023-05-06 10:00,15.1,206.9,1.9,0,954.2,1004,99.8,,
883,2023-05-06 11:00,18.1,224.9,3,0,954.2,1003.2,98,,
883,2023-05-06 12:00,19.5,216.9,3.9,0,954.4,1003.4,86.7,,
883,2023-05-06 13:00,20.1,210.8,4.4,0,954.4,1003.3,81.2,,
883,2023-05-06 14:00,21.1,191.3,4.6,0,953.8,1002.3,77.4,,
883,2023-05-06 15:00,21.1,200,4.6,0,953.2,1001.7,75,,
883,2023-05-06 16:00,19.3,226.8,2.9,0,953.8,1002.9,81,,
883,2023-05-06 17:00,18.4,261.7,2.6,0,954.2,1003.1,82.4,,
883,2023-05-06 18:00,17.5,19.5,3,0,954.4,1003.5,87.9,,
883,2023-05-06 19:00,15,19.4,4.4,0,954.4,1004.3,98.7,,
883,2023-05-06 20:00,14.4,41.4,1.6,0,954.9,1005,96.3,,
883,2023-05-06 21:00,15.1,145.5,5.5,0,955.2,1005.1,96.4,,
883,2023-05-06 22:00,13.9,63.7,1,0,955.6,1005.6,99.3,,
883,2023-05-06 23:00,13.9,360,1.1,0,955.6,1005.6,99.6,,
883,2023-05-07 00:00,13.9,21.9,1.4,0,956,1006,99.7,,
883,2023-05-07 01:00,13.8,36.4,.9,0,956,1006,99.7,,
883,2023-05-07 02:00,14,36.6,2.2,0,955.4,1005.6,99.8,,
883,2023-05-07 03:00,14,0,.2,0,955.1,1005.3,99.7,,
883,2023-05-07 04:00,13.8,350.7,1.5,0,954.8,1004.8,99.9,,
883,2023-05-07 05:00,13.9,34.8,.9,0,954.7,1004.6,99.9,,
883,2023-05-07 06:00,14.1,0,.4,0,954.7,1004.9,99.9,,
883,2023-05-07 07:00,14.2,0,.3,0,954.3,1004.4,98.1,,
883,2023-05-07 08:00,14.4,0,.4,.5,954.6,1004.7,96.1,,
883,2023-05-07 09:00,14.2,178.7,.9,2,955.2,1005.4,97.9,,
883,2023-05-07 10:00,14.3,33.1,.8,3,955.4,1005.5,98.3,,
883,2023-05-07 11:00,14.5,265,1.3,3,955,1005.1,98.8,,
883,2023-05-07 12:00,14.1,270.6,1.5,1,955.3,1005.5,99.1,,
883,2023-05-07 13:00,13.9,106.8,4,2,955,1005,90.9,,
883,2023-05-07 14:00,14.1,78,3.1,.5,955.1,1005.3,90.1,,
883,2023-05-07 15:00,12.5,75.5,6.4,0,955.8,1006.1,87.7,,
883,2023-05-07 16:00,11.9,69.9,7.4,0,956.1,1006.6,89.6,,
883,2023-05-07 17:00,10.9,56.4,7.6,0,956.5,1007.3,94.2,,
883,2023-05-07 18:00,10.6,64.5,10.4,0,956.3,1007.1,93.7,,
883,2023-05-07 19:00,11.6,75.1,6.1,0,957.8,1008.5,83.9,,
883,2023-05-07 20:00,11.6,55.8,5.1,0,957.6,1008.3,84.4,,
883,2023-05-07 21:00,11.1,39.9,3.8,0,959.1,1010,89.4,,
883,2023-05-07 22:00,10.4,49,3.5,0,960.3,1011.4,91.3,,
883,2023-05-07 23:00,10.1,49.3,3.3,0,961,1012.2,95.1,,
883,2023-05-08 00:00,10.7,47.8,3.3,0,961.1,1012.2,90,,
883,2023-05-08 01:00,10.8,48,4.7,0,961.4,1012.5,88.3,,
883,2023-05-08 02:00,8.9,42.9,4.6,0,961.6,1012.9,88.6,,
883,2023-05-08 03:00,8.7,44.7,3.7,0,961.9,1013.3,82.6,,
883,2023-05-08 04:00,9,55.6,5.2,0,961.6,1013.1,80.6,,
883,2023-05-08 05:00,9.5,57.3,6.8,0,961.3,1012.7,69.3,,
883,2023-05-08 06:00,9.3,58.8,4.7,0,961.9,1013.4,72.9,,
883,2023-05-08 07:00,10.4,39.4,4.9,0,962.5,1013.7,71.2,,
883,2023-05-08 08:00,12.1,71.5,4.7,0,963.5,1014.3,50.1,,
883,2023-05-08 09:00,13.6,40.5,5,0,963.9,1014.4,59,,
883,2023-05-08 10:00,14.7,52.9,5.3,0,964.6,1015.1,62.7,,
883,2023-05-08 11:00,16.1,34.4,6.4,0,965,1015.1,58.1,,
883,2023-05-08 12:00,17,44.1,5.5,0,965.3,1015.1,37.3,,
883,2023-05-08 13:00,17.1,38.7,4.9,0,965,1014.8,37.4,,
883,2023-05-08 14:00,17.7,26.1,5.4,0,964.8,1014.4,56.5,,
883,2023-05-08 15:00,16.9,32.9,5.7,0,964.7,1014.5,52.7,,
883,2023-05-08 16:00,15.7,40.9,5.8,0,964.5,1014.7,49.9,,
883,2023-05-08 17:00,15.1,47.3,5.3,0,964.7,1015.1,53,,
883,2023-05-08 18:00,13.9,26.2,5.4,0,965.2,1015.7,52.6,,
883,2023-05-08 19:00,11.6,75.2,3.6,0,965.4,1016.5,57.9,,
883,2023-05-08 20:00,9.4,37.7,3.2,0,965.7,1017.4,67.8,,
883,2023-05-08 21:00,11.7,67.5,4.9,0,966.4,1017.5,51.2,,
883,2023-05-08 22:00,12.2,67.2,6.3,0,966.3,1017.3,45,,
883,2023-05-08 23:00,12.3,63,4.7,0,966.3,1017.2,38.9,,
883,2023-05-09 00:00,10.9,103.3,2.7,0,966.2,1017.5,55.6,,
883,2023-05-09 01:00,12.3,71.1,3.3,0,966.2,1017.1,52.7,,
883,2023-05-09 02:00,11.6,113.2,3.6,0,965.6,1016.7,63.3,,
883,2023-05-09 03:00,12.2,103.5,4.2,0,965.8,1016.7,63.7,,
883,2023-05-09 04:00,13.5,76.2,3.9,0,965.9,1016.5,57.5,,
883,2023-05-09 05:00,12.3,86.2,4.1,0,966.1,1017,61.1,,
883,2023-05-09 06:00,11.4,100,4.2,0,966.1,1017.3,62.8,,
883,2023-05-09 07:00,13.7,94.5,4.4,0,965.8,1016.4,55,,
883,2023-05-09 08:00,16.8,53.7,3,0,966.6,1016.6,48.7,,
883,2023-05-09 09:00,17.8,40.7,4.7,0,967,1016.7,44.1,,
883,2023-05-09 10:00,18.7,39,6.1,0,966.9,1016.3,48.3,,
883,2023-05-09 11:00,18.7,46.3,5.7,0,967,1016.4,40.3,,
883,2023-05-09 12:00,19.9,28.7,6.4,0,966.9,1016.5,45.3,,
883,2023-05-09 13:00,19,31.5,5.8,0,966.5,1016.3,36.4,,
883,2023-05-09 14:00,19.9,35.1,5.1,0,965.5,1015,34.9,,
883,2023-05-09 15:00,21.1,22.1,5.1,0,964.9,1014,32.8,,
883,2023-05-09 16:00,19.3,28.1,6,0,964.8,1014.4,40.1,,
883,2023-05-09 17:00,17.8,22.6,5.8,0,964.7,1014.3,34.9,,
883,2023-05-09 18:00,16.2,28.6,5.1,0,964.4,1014.4,49.7,,
883,2023-05-09 19:00,13.4,29.4,3.3,0,964.7,1015.3,64,,
883,2023-05-09 20:00,11,33.4,3.4,0,964.9,1016.1,62.2,,
883,2023-05-09 21:00,10.7,37.3,3.8,0,965.5,1016.8,58.3,,
883,2023-05-09 22:00,13,84.6,4.5,0,965.8,1016.5,48.4,,
883,2023-05-09 23:00,12,96.8,5.3,0,966.1,1017.1,47.8,,
883,2023-05-10 00:00,12,96.7,6.5,0,966.2,1017.2,44.3,,
883,2023-05-10 01:00,11.5,96.8,4.3,0,966.5,1017.7,46.7,,
883,2023-05-10 02:00,11.9,97.1,4.7,0,965.9,1016.9,45.6,,
883,2023-05-10 03:00,12.1,98.8,4.9,0,965.6,1016.6,46.9,,
883,2023-05-10 04:00,11.9,104.9,4.7,0,965.6,1016.6,47.9,,
883,2023-05-10 05:00,12.5,103.8,4.8,0,965.6,1016.5,45.8,,
883,2023-05-10 06:00,13.1,80.9,2.8,0,965.8,1016.5,44.4,,
883,2023-05-10 07:00,14.9,93.2,4,0,966.2,1016.7,41.2,,
883,2023-05-10 08:00,17.7,45.9,3.1,0,966.9,1016.6,39.5,,
883,2023-05-10 09:00,19.2,37.4,4.5,0,966.9,1016.7,34,,
883,2023-05-10 10:00,20.9,30.2,4.7,0,966.9,1016.2,33.3,,
883,2023-05-10 11:00,22.4,26.6,5.6,0,966.8,1015.6,38.4,,
883,2023-05-10 12:00,23.1,26.7,5.1,0,966.6,1015.2,37.7,,
883,2023-05-10 13:00,21.4,23.4,4.8,0,966.2,1015.3,40.5,,
883,2023-05-10 14:00,21.9,32.1,4.6,0,965.7,1014.6,47,,
883,2023-05-10 15:00,20.8,28.9,3.7,0,965.3,1014.5,52,,
883,2023-05-10 16:00,19.7,2.1,3.7,0,965,1014.5,56.5,,
883,2023-05-10 17:00,19.1,17.4,4.2,0,965,1014.7,56.1,,
883,2023-05-10 18:00,17.8,37.1,4.2,0,965.2,1014.8,57.9,,
883,2023-05-10 19:00,15.3,42.1,2.4,0,965.6,1016,40,,
883,2023-05-10 20:00,15.6,69,3.6,0,966.1,1016.4,36.2,,
883,2023-05-10 21:00,15.9,71.7,4.9,0,966.4,1016.6,30.6,,
883,2023-05-10 22:00,16.2,55.4,4,0,966.7,1016.9,30.2,,
883,2023-05-10 23:00,16.1,59.1,5,0,966.6,1016.8,28.1,,
883,2023-05-11 00:00,16.1,57.8,4.7,0,966.4,1016.6,28.1,,
883,2023-05-11 01:00,14.4,94.3,4.3,0,966.4,1017.1,34.2,,
883,2023-05-11 02:00,14.7,98.7,4.2,0,966.1,1016.7,32.4,,
883,2023-05-11 03:00,15.3,101.9,4.7,0,966,1016.4,32.6,,
883,2023-05-11 04:00,15.3,107.1,3.7,0,966.1,1016.5,28.8,,
883,2023-05-11 05:00,14.6,107.7,4.4,0,966.3,1016.9,30.6,,
883,2023-05-11 06:00,13.1,104,3,0,966.4,1017.1,42.8,,
883,2023-05-11 07:00,15.6,93.2,1.8,0,966.8,1017.1,46.4,,
883,2023-05-11 08:00,17.5,252.5,.9,0,967.4,1017.2,44.8,,
883,2023-05-11 09:00,19,232.8,1.5,0,967.6,1017.5,51.3,,
883,2023-05-11 10:00,20,241.4,1.9,0,968,1017.6,54.3,,
883,2023-05-11 11:00,20.3,283.2,1.9,0,968.1,1017.6,49.9,,
883,2023-05-11 12:00,21.8,297.7,2.8,0,967.8,1016.9,57.9,,
883,2023-05-11 13:00,19.1,303.9,2.9,0,967.5,1017.3,70.6,,
883,2023-05-11 14:00,19.9,320,3.6,0,967.2,1016.8,69.3,,
883,2023-05-11 15:00,19.8,300,2.8,0,967,1016.6,67.1,,
883,2023-05-11 16:00,20.1,240.8,1.8,0,966.7,1016.2,68.1,,
883,2023-05-11 17:00,19.5,257.4,2.6,0,966.4,1016.1,71.1,,
883,2023-05-11 18:00,18.3,7.8,1.6,0,966.1,1015.6,81,,
883,2023-05-11 19:00,16.9,356.6,2.5,0,966.4,1016.3,86.2,,
883,2023-05-11 20:00,15.1,96.8,2.1,0,966.6,1017.1,91.9,,
883,2023-05-11 21:00,14.4,0,.2,0,967.4,1018.1,94.8,,
883,2023-05-11 22:00,13.8,57.9,2.2,0,967.7,1018.3,91.7,,
883,2023-05-11 23:00,13.1,136.5,1.9,0,967.8,1018.6,91,,
883,2023-05-12 00:00,11.6,97.5,2.5,0,967.5,1018.7,88.1,,
883,2023-05-12 01:00,11.3,107.7,3.1,0,967.1,1018.3,87.6,,
883,2023-05-12 02:00,12.2,105.2,3.3,0,966.6,1017.6,69.3,,
883,2023-05-12 03:00,12.3,156.8,2.7,0,966.6,1017.6,79.3,,
883,2023-05-12 04:00,12.4,123.2,1.4,0,966.2,1017.1,67.1,,
883,2023-05-12 05:00,12.6,90.8,2,0,966,1016.9,63.8,,
883,2023-05-12 06:00,12.6,98.6,2.3,0,966.1,1017,69,,
883,2023-05-12 07:00,13.5,80.6,2.7,0,966.3,1016.9,68.7,,
883,2023-05-12 08:00,14.1,0,.3,0,966.6,1017.4,72.7,,
883,2023-05-12 09:00,16.4,158.5,1.6,0,966.7,1016.8,54.8,,
883,2023-05-12 10:00,19.4,161.2,2.6,0,966.6,1016.3,34.7,,
883,2023-05-12 11:00,18.8,241.5,2.4,0,967,1016.4,66.6,,
883,2023-05-12 12:00,17.3,196.3,3.3,0,967.1,1017,71.2,,
883,2023-05-12 13:00,18.9,237.1,1.6,0,966.9,1016.3,45.5,,
883,2023-05-12 14:00,16.9,207.4,3.2,0,966.7,1016.6,59.3,,
883,2023-05-12 15:00,16.5,177,3.7,0,966.2,1016.2,54.3,,
883,2023-05-12 16:00,15.4,175.4,4.1,0,965.6,1015.9,67.1,,
883,2023-05-12 17:00,15.1,179.9,4.4,0,964.9,1015.3,74.9,,
883,2023-05-12 18:00,14,154.2,4.5,0,964.9,1015.6,71.5,,
883,2023-05-12 19:00,13.5,159.7,4.1,0,964.9,1015.5,69.1,,
883,2023-05-12 20:00,13.2,150.5,3.5,0,964.9,1015.5,68.5,,
883,2023-05-12 21:00,13.3,109.5,2.5,0,965.2,1015.8,71.2,,
883,2023-05-12 22:00,12.8,157.2,2,0,965.2,1016,80.8,,
883,2023-05-12 23:00,12.3,0,.2,0,964.9,1015.8,92.5,,
883,2023-05-13 00:00,11.7,29.1,2.6,.5,964.6,1015.6,97.8,,
883,2023-05-13 01:00,11.8,30.8,4,1,964.3,1015.3,97.8,,
883,2023-05-13 02:00,11.7,20.8,4.1,2,963.7,1014.7,98.9,,
883,2023-05-13 03:00,11.6,28.6,3.7,2,963.1,1014.1,98.8,,
883,2023-05-13 04:00,11.8,52.8,2.5,1.5,962.8,1013.7,98.2,,
883,2023-05-13 05:00,12.3,86.2,3.7,0,962.1,1012.8,92.6,,
883,2023-05-13 06:00,12.5,91.7,4.7,0,961.8,1012.5,90.9,,
883,2023-05-13 07:00,12.8,61.7,2.2,0,962.2,1012.8,93.2,,
883,2023-05-13 08:00,14.1,107.7,1.5,0,962.6,1013.2,91.9,,
883,2023-05-13 09:00,14.7,258.8,.9,0,962.7,1013.1,92.8,,
883,2023-05-13 10:00,13.7,293.3,1.5,0,962.6,1013,96.9,,
883,2023-05-13 11:00,13.7,278.3,2.2,0,962.8,1013.2,97.4,,
883,2023-05-13 12:00,14.3,83.3,2,0,961.3,1011.7,97.5,,
883,2023-05-13 13:00,14.7,45.7,4.8,0,961.2,1011.5,94,,
883,2023-05-13 14:00,14.1,73,6.1,0,960.6,1011.1,98.8,,
883,2023-05-13 15:00,17.3,116.4,3.6,0,960.2,1009.7,79.9,,
883,2023-05-13 16:00,17.3,39.8,5.3,0,960.1,1009.6,85.1,,
883,2023-05-13 17:00,17.2,61.7,3.5,0,960,1009.5,72.9,,
883,2023-05-13 18:00,17,35.4,3.8,0,960.1,1009.7,74.7,,
883,2023-05-13 19:00,14.3,18.7,3.2,0,960.5,1010.9,92.6,,
883,2023-05-13 20:00,12.7,0,.4,0,960.9,1011.5,97.5,,
883,2023-05-13 21:00,11.7,0,.3,0,961.4,1012.2,97,,
883,2023-05-13 22:00,11.6,102.7,3.2,0,961.7,1012.6,88.8,,
883,2023-05-13 23:00,11.2,106.2,2.7,0,961.4,1012.4,92.3,,
883,2023-05-14 00:00,10.8,79.7,3.5,0,961.1,1012.2,89.1,,
883,2023-05-14 01:00,12.1,104.1,4.6,0,960.5,1011.2,84.4,,
883,2023-05-14 02:00,12.5,97.6,4.4,0,959.9,1010.5,82.5,,
883,2023-05-14 03:00,11.8,72.1,3.2,0,959.7,1010.4,84.3,,
883,2023-05-14 04:00,12.5,98.9,4.1,0,959.4,1009.9,78.1,,
883,2023-05-14 05:00,10.2,92.9,2.3,0,959.3,1010.4,83.5,,
883,2023-05-14 06:00,10.9,98,1.7,0,959.8,1010.8,79.8,,
883,2023-05-14 07:00,14.3,103.9,1.1,0,960,1010.4,74.6,,
883,2023-05-14 08:00,17.9,208.1,1,0,960.3,1009.6,66.3,,
883,2023-05-14 09:00,18.1,206.6,2.5,0,960.6,1009.9,70.5,,
883,2023-05-14 10:00,19.4,244.5,1.8,0,960.6,1010,64.9,,
883,2023-05-14 11:00,19.2,248.8,2.4,0,960.6,1010,72,,
883,2023-05-14 12:00,18.3,223.2,2.6,0,960.4,1009.6,74.4,,
883,2023-05-14 13:00,20.5,222.8,3,0,959.6,1008.6,58.6,,
883,2023-05-14 14:00,21,221.4,2.7,0,959.2,1008.1,59.1,,
883,2023-05-14 15:00,20.2,211.3,2.5,0,958.9,1008,66.1,,
883,2023-05-14 16:00,18.9,185.7,3.7,0,958.5,1007.4,60.3,,
883,2023-05-14 17:00,18.6,179.4,3.7,0,958.3,1007.3,61.1,,
883,2023-05-14 18:00,17.3,202.4,2.7,0,958.4,1007.8,69.1,,
883,2023-05-14 19:00,16.3,168,2.8,0,958.6,1008.3,71.1,,
883,2023-05-14 20:00,15.5,166.4,3.1,0,958.7,1008.6,58.1,,
883,2023-05-14 21:00,15,164.5,3.6,0,958.9,1009,52.4,,
883,2023-05-14 22:00,14.4,177.4,3.8,0,959,1009.3,55,,
883,2023-05-14 23:00,16.1,146.3,3.8,0,958.6,1008.4,63,,
883,2023-05-15 00:00,14.2,160.8,5,0,958.5,1008.8,70.6,,
883,2023-05-15 01:00,15.5,147,2.6,0,958.3,1008.2,67.3,,
883,2023-05-15 02:00,13.5,101,1.8,0,958.5,1008.7,81.8,,
883,2023-05-15 03:00,13.9,102.7,3.3,0,958.2,1008.3,78.4,,
883,2023-05-15 04:00,13.5,89.5,1.8,0,958.7,1008.9,72.8,,
883,2023-05-15 05:00,15.1,110.2,4.6,0,958.2,1008.2,53.9,,
883,2023-05-15 06:00,13.5,84.4,1.2,0,958.2,1008.4,65,,
883,2023-05-15 07:00,15.4,106.3,2.3,0,959.1,1009.1,66.5,,
883,2023-05-15 08:00,20.2,168.7,2.1,0,959.6,1008.7,49.7,,
883,2023-05-15 09:00,21.6,166.6,3.5,0,959.8,1008.5,42.5,,
883,2023-05-15 10:00,21.1,185.5,1.9,0,960.5,1009.4,44.2,,
883,2023-05-15 11:00,14.6,103.5,7.3,3,961.4,1011.8,83.1,,
883,2023-05-15 12:00,20.2,110.4,4.5,0,959.9,1009,59.8,,
883,2023-05-15 13:00,21.1,146.9,2.8,0,960.8,1009.7,69,,
883,2023-05-15 14:00,21.2,160.7,6.4,0,958.8,1007.6,57.6,,
883,2023-05-15 15:00,22.9,163.2,6.1,0,958.7,1007,51.9,,
883,2023-05-15 16:00,23,171.9,4.5,0,958.7,1007,49,,
883,2023-05-15 17:00,21.6,176.5,4.7,0,958.9,1007.6,49.4,,
883,2023-05-15 18:00,19.9,168.5,5.6,0,959.1,1008.3,52,,
883,2023-05-15 19:00,18.3,156.9,7.6,0,959.3,1008.5,63.2,,
883,2023-05-15 20:00,19.5,174.4,4.7,0,959.8,1009.1,61.8,,
883,2023-05-15 21:00,18.6,178.9,3.1,0,960.5,1009.6,65.9,,
883,2023-05-15 22:00,18.8,173.8,3.1,0,961.2,1010.3,64.7,,
883,2023-05-15 23:00,18.7,173.9,3.3,0,961.3,1010.4,65.5,,
883,2023-05-16 00:00,18,177.8,3.1,0,961.3,1010.6,66.5,,
883,2023-05-16 01:00,18.2,172.5,3.9,0,961.4,1010.7,68.7,,
883,2023-05-16 02:00,18.3,179.8,2.9,0,961.3,1010.6,59.6,,
883,2023-05-16 03:00,18.6,181.3,2.8,0,961.3,1010.5,55.9,,
883,2023-05-16 04:00,17.8,162.4,3.6,0,961.4,1010.8,60,,
883,2023-05-16 05:00,17.8,166.6,3.5,0,961.7,1011.1,59.3,,
883,2023-05-16 06:00,17.5,170.2,3.6,0,962.2,1011.7,61.5,,
883,2023-05-16 07:00,19.2,172.8,2.9,0,962.7,1012.3,54.6,,
883,2023-05-16 08:00,21.8,176.6,2.3,0,963.2,1012,54.5,,
883,2023-05-16 09:00,23.5,195.2,2.5,0,963.4,1011.8,48.5,,
883,2023-05-16 10:00,24.4,196.6,3,0,963.7,1012.3,46.8,,
883,2023-05-16 11:00,25.6,194.8,3.4,0,963.7,1012,42.5,,
883,2023-05-16 12:00,26,196.5,3.5,0,963.6,1011.8,44.3,,
883,2023-05-16 13:00,26.2,179.3,4.1,0,963.3,1011.5,37.3,,
883,2023-05-16 14:00,26.6,207.7,3.8,0,963,1011.1,33.2,,
883,2023-05-16 15:00,25.4,198.8,3.9,0,962.8,1011.1,38.9,,
883,2023-05-16 16:00,24.1,194.2,3.8,0,962.6,1011.2,45.1,,
883,2023-05-16 17:00,23.3,189.4,4,0,962.7,1011.1,54,,
883,2023-05-16 18:00,21.3,183.3,3.9,0,962.8,1011.7,64.8,,
883,2023-05-16 19:00,19.6,173.3,4.3,0,963.2,1012.7,70.7,,
883,2023-05-16 20:00,18.8,179.5,4.3,0,963.6,1012.8,68.6,,
883,2023-05-16 21:00,18.9,173.8,4.8,0,964,1013.2,66.9,,
883,2023-05-16 22:00,18.1,180.3,5.2,0,964.3,1013.8,82.6,,
883,2023-05-16 23:00,17.7,179.4,4.9,0,964.4,1014,84.4,,
883,2023-05-17 00:00,18.4,164.2,5.8,0,964.5,1013.9,65.1,,
883,2023-05-17 01:00,18.3,163.5,6,0,964.6,1014,57.1,,
883,2023-05-17 02:00,18.8,168.9,5.8,0,964.6,1013.9,41.1,,
883,2023-05-17 03:00,18,177.5,5.1,0,964.4,1013.9,54.8,,
883,2023-05-17 04:00,17.2,160.6,5.9,0,964.2,1013.9,60.2,,
883,2023-05-17 05:00,17.9,157.4,6.6,0,964.1,1013.6,59.9,,
883,2023-05-17 06:00,18,157.3,7.6,0,964.7,1014.2,78.5,,
883,2023-05-17 07:00,18.2,160.4,7.5,0,964.8,1014.3,80.6,,
883,2023-05-17 08:00,19.7,168.3,6.7,0,965.1,1014.6,82.8,,
883,2023-05-17 09:00,20.1,169.9,7.2,0,965.2,1014.6,74.3,,
883,2023-05-17 10:00,20.9,173.9,6.2,0,965.1,1014.3,75.4,,
883,2023-05-17 11:00,21.9,184.4,7,0,965.1,1014,76.7,,
883,2023-05-17 12:00,22.6,185.8,6.2,0,964.9,1013.6,70.6,,
883,2023-05-17 13:00,22.3,175.5,7.1,0,964.9,1013.7,74.5,,
883,2023-05-17 14:00,21.6,186.1,4.9,0,964.2,1013.1,74.7,,
883,2023-05-17 15:00,21.3,179.5,4.8,0,963.8,1012.8,79.2,,
883,2023-05-17 16:00,21,195,5,0,963.2,1012.3,84.5,,
883,2023-05-17 17:00,20,192,5.1,0,962.8,1012.1,83.4,,
883,2023-05-17 18:00,19.6,184.8,4.7,0,962.4,1011.8,83.5,,
883,2023-05-17 19:00,19.3,179.5,6.1,0,962.5,1012,75.9,,
883,2023-05-17 20:00,18.8,168.9,6.3,0,962.8,1012,84.7,,
883,2023-05-17 21:00,18.5,173.6,7,0,962.7,1012,86.5,,
883,2023-05-17 22:00,18.5,175.8,6.4,0,962.7,1012,84.7,,
883,2023-05-17 23:00,18.3,182.2,6.2,0,962,1011.3,88.2,,
883,2023-05-18 00:00,17.6,171.6,7.8,0,961.1,1010.6,92.8,,
883,2023-05-18 01:00,15.6,173.5,6.7,1.5,960.4,1010.4,92.7,,
883,2023-05-18 02:00,15.6,152.7,9.5,0,959.5,1009.5,85.4,,
883,2023-05-18 03:00,15.6,158.3,9.7,1.5,958.5,1008.4,79.2,,
883,2023-05-18 04:00,16.1,151.8,7.4,2.5,958.4,1008.2,91.1,,
883,2023-05-18 05:00,16.1,148.4,3,7.5,958.4,1008.2,92.9,,
883,2023-05-18 06:00,15.8,152.4,5.7,7.5,957.7,1007.5,94.8,,
883,2023-05-18 07:00,16.3,150.6,4.9,7.5,957.9,1007.6,93.6,,
883,2023-05-18 08:00,15.2,155.6,7.3,6,957.3,1007.3,95,,
883,2023-05-18 09:00,17.4,124.8,7.5,.5,956.6,1005.9,86.3,,
883,2023-05-18 10:00,18.1,141.6,8.5,1,955.5,1004.5,82.4,,
883,2023-05-18 11:00,18.9,143,12.3,.5,954.7,1003.5,80.2,,
883,2023-05-18 12:00,20.8,143.2,12.8,0,953.8,1002.4,75.2,,
883,2023-05-18 13:00,21.2,140.2,13.8,0,953.3,1001.8,74.9,,
883,2023-05-18 14:00,21.3,142.2,11.5,0,953.1,1001.6,79,,
883,2023-05-18 15:00,21.2,138.9,9.7,0,952.7,1001.2,81.8,,
883,2023-05-18 16:00,20.6,136.3,5.6,0,952.8,1001.4,85.5,,
883,2023-05-18 17:00,20.8,139,5.7,0,952.4,1001,84.1,,
883,2023-05-18 18:00,19.7,135.3,2.9,.5,952.3,1001.2,93.1,,
883,2023-05-18 19:00,18.4,32.8,2.8,0,952.2,1001,95.3,,
883,2023-05-18 20:00,18.5,103,3.2,0,952.2,1000.9,91.8,,
883,2023-05-18 21:00,17.5,73.2,4.4,0,952.5,1001.5,90.2,,
883,2023-05-18 22:00,17,96.2,5,0,952.6,1001.8,86.1,,
883,2023-05-18 23:00,16.9,144.4,1.9,0,952.7,1001.9,93,,
883,2023-05-19 00:00,17.2,126.8,2.5,0,953.2,1002.4,87.8,,
883,2023-05-19 01:00,16.6,77,10.9,.5,952.8,1002.1,85.2,,
883,2023-05-19 02:00,16.2,50.8,5.6,0,953.2,1002.7,87.6,,
883,2023-05-19 03:00,16.4,75.6,6.4,0,953.1,1002.5,85.5,,
883,2023-05-19 04:00,16.6,64.3,6.2,0,953.8,1003.2,84.8,,
883,2023-05-19 05:00,15.1,54.4,5.4,0,954.2,1004,90.2,,
883,2023-05-19 06:00,14.7,42.6,5.6,0,955,1005,96.7,,
883,2023-05-19 07:00,14.9,41.6,5.2,0,956,1006,96.9,,
883,2023-05-19 08:00,14.8,42.5,6,0,956.7,1006.8,96.6,,
883,2023-05-19 09:00,14.9,53.5,5.5,0,957.1,1007.1,95.6,,
883,2023-05-19 10:00,15.3,56.5,5.9,0,957.6,1007.6,94,,
883,2023-05-19 11:00,16.5,48.8,4.9,0,957.8,1007.4,89.3,,
883,2023-05-19 12:00,18.5,55,6.7,0,957.9,1006.9,83.5,,
883,2023-05-19 13:00,19,51,7.8,0,957.9,1007.3,76.8,,
883,2023-05-19 14:00,19.9,64.2,6.2,0,957.9,1007,74.2,,
883,2023-05-19 15:00,20.2,71,8.5,0,957.8,1006.8,69,,
883,2023-05-19 16:00,20.4,77.8,5.5,0,958,1007,65.7,,
883,2023-05-19 17:00,20.1,63.5,4.2,0,958.4,1007.5,72.4,,
883,2023-05-19 18:00,19.8,28.5,4.6,0,958.4,1007.6,78.9,,
883,2023-05-19 19:00,17.5,179.2,2.5,0,959.3,1008.7,88.7,,
883,2023-05-19 20:00,16.4,109.7,.9,0,959.5,1009.2,89.5,,
883,2023-05-19 21:00,15.8,145.2,2.3,0,960,1009.9,91.8,,
883,2023-05-19 22:00,14.6,144.3,1.1,0,960.2,1010.5,92.1,,
883,2023-05-19 23:00,13.9,168.3,.9,0,960.5,1010.7,95.9,,
883,2023-05-20 00:00,14.9,271.9,1,0,960.8,1011,96.6,,
883,2023-05-20 01:00,14.5,31.5,1.2,0,960.9,1011.3,99,,
883,2023-05-20 02:00,13.5,102.7,2.3,0,960.3,1010.6,99.1,,
883,2023-05-20 03:00,13.4,115.7,2,0,960.4,1010.8,95.3,,
883,2023-05-20 04:00,13.9,167.8,2.8,0,960.4,1010.6,95.6,,
883,2023-05-20 05:00,13.7,153.6,2,0,960.5,1010.8,97,,
883,2023-05-20 06:00,12.8,96.9,1.6,0,961,1011.5,95,,
883,2023-05-20 07:00,15.2,69.5,3.1,0,961.5,1011.7,84.8,,
883,2023-05-20 08:00,15.9,168.1,1.1,0,962.1,1012.1,89.1,,
883,2023-05-20 09:00,17.9,225,.8,0,962.1,1011.5,73.3,,
883,2023-05-20 10:00,18.3,284.4,1.6,0,962.2,1011.5,75.3,,
883,2023-05-20 11:00,19.8,341.7,2.4,0,961.8,1011.1,69.9,,
883,2023-05-20 12:00,18.3,289.3,3.9,0,962,1011.3,80.4,,
883,2023-05-20 13:00,19,345.5,3,0,961.8,1011.4,79.2,,
883,2023-05-20 14:00,17.2,184.8,1.9,0,961.4,1011,87.4,,
883,2023-05-20 15:00,18.6,284.7,1.6,0,960.9,1010.1,81.3,,
883,2023-05-20 16:00,18.3,316.3,2.1,0,960.6,1009.8,83.5,,
883,2023-05-20 17:00,15.9,338.9,1.8,0,960.7,1010.6,98.4,,
883,2023-05-20 18:00,15.7,9.4,2.2,0,960.7,1010.7,99.2,,
883,2023-05-20 19:00,15.1,339.5,2.7,0,960.8,1011,99.3,,
883,2023-05-20 20:00,15,36.5,2.3,0,960.8,1011,99.4,,
883,2023-05-20 21:00,14.7,22.4,2,0,961.4,1011.7,99.3,,
883,2023-05-20 22:00,12.9,69.7,1.3,0,961.8,1012.4,99.5,,
883,2023-05-20 23:00,12.1,50.3,2.2,0,961.8,1012.6,99,,
883,2023-05-21 00:00,12.1,61.2,3.1,0,961.8,1012.6,99.3,,
883,2023-05-21 01:00,12.5,66.7,2.3,0,961.6,1012.2,99.3,,
883,2023-05-21 02:00,12.8,80.8,3.3,0,961.2,1011.8,84.5,,
883,2023-05-21 03:00,11.7,102,2.8,0,960.4,1011.2,89.7,,
883,2023-05-21 04:00,13.3,159.3,2.9,0,959.9,1010.3,80.5,,
883,2023-05-21 05:00,11.7,100.1,1.9,0,960.1,1010.9,86.6,,
883,2023-05-21 06:00,12.2,125.9,1.4,0,960,1010.6,85.3,,
883,2023-05-21 07:00,16.1,85.2,1.3,0,961,1010.9,80.2,,
883,2023-05-21 08:00,14.2,39.3,2.9,0,961.6,1012.1,98.8,,
883,2023-05-21 09:00,18.2,46.4,1.3,0,961.4,1010.7,97,,
883,2023-05-21 10:00,21.7,263.7,.6,0,961.3,1010.1,58.1,,
883,2023-05-21 11:00,18.7,316.7,3.4,0,961.8,1011,79.5,,
883,2023-05-21 12:00,17.2,328.4,1.9,0,961.3,1010.9,82.8,,
883,2023-05-21 13:00,19.9,268.1,2.4,0,960.7,1009.9,71.2,,
883,2023-05-21 14:00,21.1,9.7,3.3,0,960.5,1009.4,68.8,,
883,2023-05-21 15:00,16.6,343.2,4.4,0,960.7,1010.4,82.1,,
883,2023-05-21 16:00,15.9,25.6,4.5,0,960,1009.9,83,,
883,2023-05-21 17:00,18.5,20.4,5.6,0,959.4,1008.5,77,,
883,2023-05-21 18:00,18.2,24.1,4.2,0,959,1008.2,79.5,,
883,2023-05-21 19:00,14.9,37.2,3.2,0,959.4,1009.6,92.1,,
883,2023-05-21 20:00,13,54.5,2.2,0,959.8,1010.2,98.2,,
883,2023-05-21 21:00,12.5,31,4.5,0,960.1,1010.7,98.8,,
883,2023-05-21 22:00,11.7,43.8,3.2,0,959.9,1010.7,98.4,,
883,2023-05-21 23:00,11.9,55.2,3.1,0,959.9,1010.6,99.2,,
883,2023-05-22 00:00,11.1,43.9,2.5,0,959.3,1010.2,99.4,,
883,2023-05-22 01:00,15.2,93,3.9,0,958.5,1008.5,78.9,,
883,2023-05-22 02:00,12.2,31,4.5,0,958,1008.5,99.2,,
883,2023-05-22 03:00,12,43.8,3.2,0,957.3,1007.8,99.3,,
883,2023-05-22 04:00,12.1,29.1,7.2,0,957.4,1007.9,99.6,,
883,2023-05-22 05:00,11.6,34.9,4.5,0,957.1,1007.7,96,,
883,2023-05-22 06:00,11.8,31.8,4.6,0,957.3,1007.9,96.1,,
883,2023-05-22 07:00,13.5,44.8,3.9,0,957.4,1007.6,61,,
883,2023-05-22 08:00,15,23.5,5.9,0,957.4,1007.4,68.1,,
883,2023-05-22 09:00,15.6,36.5,5.9,0,957.3,1007.1,71.5,,
883,2023-05-22 10:00,17.6,63.8,6.3,0,957.1,1006.3,31.1,,
883,2023-05-22 11:00,18.1,72.8,7.9,0,956.6,1005.7,25.4,,
883,2023-05-22 12:00,18.3,51,5.7,0,957.4,1006.5,34.6,,
883,2023-05-22 13:00,14.3,88.4,7.3,.5,957.2,1007.4,60.7,,
883,2023-05-22 14:00,16.8,78.2,7,0,957.2,1006.7,54,,
883,2023-05-22 15:00,18.9,75.3,6.5,0,957.2,1006.1,58.7,,
883,2023-05-22 16:00,18.7,70.5,3.9,0,957,1005.9,64,,
883,2023-05-22 17:00,15.6,303.7,3.8,0,957.3,1007.1,85.9,,
883,2023-05-22 18:00,13.8,21.1,4.4,0,957.5,1007.6,91.1,,
883,2023-05-22 19:00,13,21,5.6,0,957.9,1008.2,92.7,,
883,2023-05-22 20:00,12.3,39.1,4,0,958.2,1008.7,95.2,,
883,2023-05-22 21:00,12.2,90.5,5,0,958.4,1009,79.3,,
883,2023-05-22 22:00,11.5,74.9,3.4,0,958.6,1009.3,80.2,,
883,2023-05-22 23:00,13.3,74.4,4.5,0,958.6,1008.9,60.5,,
883,2023-05-23 00:00,11.1,42.1,4,0,958.8,1009.7,90.2,,
883,2023-05-23 01:00,12.3,63,3.5,0,958.4,1008.9,66,,
883,2023-05-23 02:00,12,54.7,4.1,0,958.4,1009,67.3,,
883,2023-05-23 03:00,12.5,58.2,5.4,0,958.2,1008.7,69.2,,
883,2023-05-23 04:00,12.3,52,5,0,958.2,1008.7,66.6,,
883,2023-05-23 05:00,12.7,49.4,5.5,0,958.2,1008.6,62.7,,
883,2023-05-23 06:00,13.1,57.8,4.8,0,958.5,1008.8,65.7,,
883,2023-05-23 07:00,14.8,53.7,5,0,959.1,1009.3,67,,
883,2023-05-23 08:00,17.3,39.4,5.6,0,959.4,1008.9,64.1,,
883,2023-05-23 09:00,17.9,9.6,4.1,0,960.1,1009.4,68.5,,
883,2023-05-23 10:00,19.3,31.6,5.3,0,960.4,1009.8,60.7,,
883,2023-05-23 11:00,19.7,26.7,4.9,0,960.9,1010.2,62.8,,
883,2023-05-23 12:00,18.9,13.2,3.5,0,960.9,1010,68.5,,
883,2023-05-23 13:00,19.7,24.6,4,0,961,1010.3,63.1,,
883,2023-05-23 14:00,19.9,26.4,4.5,0,960.8,1010,64.7,,
883,2023-05-23 15:00,20.7,21.9,4.9,0,960.5,1009.5,58.8,,
883,2023-05-23 16:00,20.7,24.2,4.4,0,960.4,1009.4,40.5,,
883,2023-05-23 17:00,19.8,23.4,3.4,0,960.6,1009.9,60.7,,
883,2023-05-23 18:00,18.7,21.1,3.1,0,960.9,1010,56.8,,
883,2023-05-23 19:00,15.9,35.4,2,0,961.1,1011.1,60.3,,
883,2023-05-23 20:00,15.1,72.8,2.9,0,961.2,1011.4,55.7,,
883,2023-05-23 21:00,13.1,27.6,.7,0,962.2,1012.7,61.5,,
883,2023-05-23 22:00,13.2,99.3,4.6,0,962.7,1013.2,59.4,,
883,2023-05-23 23:00,13.1,98,5.7,0,963,1013.6,53.7,,
883,2023-05-24 00:00,13.1,170.2,.5,0,963,1013.6,49.5,,
883,2023-05-24 01:00,12.5,166.4,2.4,0,963.2,1013.9,52.2,,
883,2023-05-24 02:00,11.3,141.8,2.2,0,963.2,1014.2,61.8,,
883,2023-05-24 03:00,11.9,204.8,1.6,0,962.6,1013.5,62.9,,
883,2023-05-24 04:00,11.5,112.3,2.4,0,962.6,1013.6,62.9,,
883,2023-05-24 05:00,10.6,90.1,2.7,0,962.4,1013.6,74,,
883,2023-05-24 06:00,11.4,97.3,2.5,0,962.8,1013.8,74.2,,
883,2023-05-24 07:00,15.7,65.7,1.2,0,963.3,1013.4,65.3,,
883,2023-05-24 08:00,17.7,153.1,3.8,0,963.8,1013.4,61.4,,
883,2023-05-24 09:00,20,162.5,3.7,0,964,1013.4,54.1,,
883,2023-05-24 10:00,19.6,183.9,3.1,0,964.5,1014,50.8,,
883,2023-05-24 11:00,21.2,184.8,3.4,0,964.9,1014,45.4,,
883,2023-05-24 12:00,20.4,195.1,2.9,0,964.8,1014.1,40.9,,
883,2023-05-24 13:00,19,173.9,3.8,0,964.2,1013.9,44.5,,
883,2023-05-24 14:00,18.4,170.7,3.9,0,964.3,1013.7,50.1,,
883,2023-05-24 15:00,18.2,172.9,4.1,0,964.3,1013.7,47.5,,
883,2023-05-24 16:00,17.7,157.5,3.1,0,964.4,1014,44.8,,
883,2023-05-24 17:00,18.1,147.4,4.9,0,963.9,1013.4,36.1,,
883,2023-05-24 18:00,16.9,117.4,3.2,0,964,1013.8,58.8,,
883,2023-05-24 19:00,15.6,76.2,1.2,0,964.3,1014.5,82.4,,
883,2023-05-24 20:00,14.8,25.6,2.7,0,964.4,1014.9,85.3,,
883,2023-05-24 21:00,14.6,159.1,1.4,0,965.2,1015.8,62,,
883,2023-05-24 22:00,15.4,153.8,3,0,965.8,1016.1,54.5,,
883,2023-05-24 23:00,16.5,128.2,3.3,0,965.8,1015.8,39.6,,
883,2023-05-25 00:00,16.5,118.5,2.5,0,966,1016,43.4,,
883,2023-05-25 01:00,15,97,3,0,965.7,1016.2,52.6,,
883,2023-05-25 02:00,16.2,118.6,3,0,965.2,1015.3,42.4,,
883,2023-05-25 03:00,14.5,103.7,3.4,0,964.5,1015.1,49.8,,
883,2023-05-25 04:00,15.3,112.6,3.8,0,964.5,1014.8,47.5,,
883,2023-05-25 05:00,13.6,103.5,2.7,0,964.9,1015.4,57.3,,
883,2023-05-25 06:00,13.6,102.5,2.4,0,965.2,1015.8,55.4,,
883,2023-05-25 07:00,16,87.2,2.7,0,965.6,1015.8,50.7,,
883,2023-05-25 08:00,18.6,276.2,1,0,966.4,1015.8,44.7,,
883,2023-05-25 09:00,19.7,202.7,2.1,0,966.5,1016.1,56.1,,
883,2023-05-25 10:00,21,204.4,2.8,0,966.2,1015.4,53.6,,
883,2023-05-25 11:00,20.9,188.1,4.7,0,966,1015.2,51.5,,
883,2023-05-25 12:00,21.7,178.1,5.3,0,965.6,1014.6,47.1,,
883,2023-05-25 13:00,21.7,201.7,3.9,0,966.1,1015.1,38.2,,
883,2023-05-25 14:00,21.7,192.3,3.8,0,965.9,1014.9,42.2,,
883,2023-05-25 15:00,21.1,192.5,4.1,0,965.8,1015,49.8,,
883,2023-05-25 16:00,19.7,182.3,3.8,0,965.2,1014.7,59.1,,
883,2023-05-25 17:00,19.9,159.2,4.5,0,964.8,1014.3,57.5,,
883,2023-05-25 18:00,18.2,166.6,4.2,0,965,1014.5,70.2,,
883,2023-05-25 19:00,17.5,155.3,5,0,965.7,1015.4,72.9,,
883,2023-05-25 20:00,16.9,133,4.4,0,966.2,1016.1,75.9,,
883,2023-05-25 21:00,17.2,146.2,7.9,0,964.9,1014.7,73.1,,
883,2023-05-25 22:00,17.1,150.6,6.1,0,965.8,1015.6,77,,
883,2023-05-25 23:00,16.9,167.2,6.9,0,965.8,1015.7,77.9,,
883,2023-05-26 00:00,16.7,172.4,7,0,966,1016,81.3,,
883,2023-05-26 01:00,16.7,171.8,7,0,965.8,1015.8,84.9,,
883,2023-05-26 02:00,16.7,172.3,6.3,0,965.9,1015.9,83.4,,
883,2023-05-26 03:00,16.5,188.9,3.3,0,965.9,1015.9,86,,
883,2023-05-26 04:00,17.3,177.6,3.4,0,966.5,1016.3,85.8,,
883,2023-05-26 05:00,17.5,164,3.4,0,967,1016.8,83.9,,
883,2023-05-26 06:00,17.6,151.1,2.7,0,967.4,1017.2,76.2,,
883,2023-05-26 07:00,17.9,150,5,0,967.3,1017,69.2,,
883,2023-05-26 08:00,18.7,145.6,2.7,0,967.9,1017.4,61.3,,
883,2023-05-26 09:00,19.6,81.7,1.3,0,968.6,1018.3,54.5,,
883,2023-05-26 10:00,21.6,166.2,3.9,0,967.9,1017,53.5,,
883,2023-05-26 11:00,22.7,137.7,5,0,968,1016.8,54.6,,
883,2023-05-26 12:00,24.1,185.9,4.2,0,967.8,1016.7,62.8,,
883,2023-05-26 13:00,23.6,186.7,4.2,0,967.9,1016.5,60.7,,
883,2023-05-26 14:00,23.8,185,6.1,0,967.3,1015.8,62.1,,
883,2023-05-26 15:00,22.2,160.5,6.5,0,967.2,1016.1,71.4,,
883,2023-05-26 16:00,21.5,185.5,4.2,0,966.9,1016,80.9,,
883,2023-05-26 17:00,21.5,188.4,4.5,0,967.1,1016.2,78.2,,
883,2023-05-26 18:00,20.2,174.3,5.3,0,967.4,1016.9,82.8,,
883,2023-05-26 19:00,19.5,174.7,7.2,0,966.9,1016.6,86.6,,
883,2023-05-26 20:00,19.3,175.2,7.1,0,967.2,1017,88.8,,
883,2023-05-26 21:00,19.1,176,7.2,0,967.7,1017.5,91,,
883,2023-05-26 22:00,19,168.1,8.7,0,967.7,1017.6,89.5,,
883,2023-05-26 23:00,19.2,164.7,8.2,0,968,1017.8,87.8,,
883,2023-05-27 00:00,19.1,157.9,7.9,0,968,1017.9,87.6,,
883,2023-05-27 01:00,18.7,159.3,8.5,0,967.7,1017.2,86.8,,
883,2023-05-27 02:00,18.9,142.4,6.2,0,967.7,1017.1,81.9,,
883,2023-05-27 03:00,19,151,6.5,0,967.2,1017,85,,
883,2023-05-27 04:00,19.2,146.3,5,0,967.4,1017.2,86.1,,
883,2023-05-27 05:00,19.3,139.6,5.3,0,967.5,1017.3,86.6,,
883,2023-05-27 06:00,19.1,165.1,4.9,0,967.6,1017.4,91.8,,
883,2023-05-27 07:00,18.7,176.9,4.4,0,967.3,1016.8,94.9,,
883,2023-05-27 08:00,18.4,189,5,2,967.6,1017.2,98.1,,
883,2023-05-27 09:00,18.7,188.4,5.7,0,967.8,1017.3,96.2,,
883,2023-05-27 10:00,19,185.1,6.3,0,967.7,1017.6,94.4,,
883,2023-05-27 11:00,19.1,179.8,6,0,968,1017.9,92.4,,
883,2023-05-27 12:00,19.1,177.5,7.6,0,967.3,1017.1,92.6,,
883,2023-05-27 13:00,19.4,174,9.3,0,966,1015.7,91,,
883,2023-05-27 14:00,20.3,173.1,10.3,0,965.5,1014.9,83.4,,
883,2023-05-27 15:00,19.4,174.2,8.9,0,965.1,1014.7,85.9,,
883,2023-05-27 16:00,19.3,167.2,10,0,965.1,1014.7,85,,
883,2023-05-27 17:00,18.9,172.4,9.9,0,965,1014.3,88.2,,
883,2023-05-27 18:00,19,165.8,10.8,0,964.5,1014.2,88.5,,
883,2023-05-27 19:00,19,162.4,11.2,0,964.6,1014.3,87.2,,
883,2023-05-27 20:00,18.8,156.7,12,0,964.5,1013.8,86,,
883,2023-05-27 21:00,19,158.4,11.6,0,964.6,1014.3,88,,
883,2023-05-27 22:00,18.9,173.6,8.2,0,965.7,1015,90.6,,
883,2023-05-27 23:00,19.2,170.9,8.1,0,965.1,1014.8,91.3,,
883,2023-05-28 00:00,19.3,178.3,8.3,0,965.1,1014.7,94.2,,
883,2023-05-28 01:00,19,188.3,7.6,0,965.1,1014.8,95.2,,
883,2023-05-28 02:00,18.8,189.7,7.2,0,964.2,1013.5,96.8,,
883,2023-05-28 03:00,19,193.8,5.8,0,964.1,1013.8,98.2,,
883,2023-05-28 04:00,19.3,195.1,6,0,964,1013.6,99,,
883,2023-05-28 05:00,19.4,202.7,6.4,1,964.2,1013.8,99.2,,
883,2023-05-28 06:00,19.4,200.1,5.4,1.5,964.3,1013.9,99.2,,
883,2023-05-28 07:00,19.7,194.6,5.7,1.5,964.2,1013.7,99.5,,
883,2023-05-28 08:00,20,197.4,5.3,2,964.4,1013.8,99.2,,
883,2023-05-28 09:00,20.4,200.3,5.3,1,964.7,1014,99.5,,
883,2023-05-28 10:00,20.6,193.9,5.7,2,964.4,1013.6,99.3,,
883,2023-05-28 11:00,20.7,197.2,5.9,1,964.5,1013.7,99.4,,
883,2023-05-28 12:00,20.9,189.1,5.5,.5,964.1,1013.2,99.3,,
883,2023-05-28 13:00,21.3,186.7,5,0,963.6,1012.6,99.3,,
883,2023-05-28 14:00,21,187.5,5.3,0,963.4,1012.5,99.3,,
883,2023-05-28 15:00,20.7,186.6,4.6,0,963.6,1012.8,99.5,,
883,2023-05-28 16:00,20.8,189.7,4.6,0,963.3,1012.4,99.6,,
883,2023-05-28 17:00,20.6,189,4.5,.5,963,1012.2,99.4,,
883,2023-05-28 18:00,20.9,185.8,4.5,0,962.7,1011.8,99.5,,
883,2023-05-28 19:00,20.4,187.5,5.1,0,962.8,1012,99.6,,
883,2023-05-28 20:00,20.4,192.3,5.6,.5,963.4,1012.6,99.6,,
883,2023-05-28 21:00,20.6,197.6,5.3,1,963.4,1012.6,99.6,,
883,2023-05-28 22:00,20.5,194.6,5.3,1.5,963.5,1012.7,99.6,,
883,2023-05-28 23:00,20.4,192.8,5.5,0,963.5,1012.7,99.6,,
883,2023-05-29 00:00,20.3,193.5,5.4,.5,963.5,1012.8,99.7,,
883,2023-05-29 01:00,20.2,201.6,4.8,.5,963.3,1012.6,99.7,,
883,2023-05-29 02:00,20.2,199.4,5.3,0,962.6,1011.9,99.6,,
883,2023-05-29 03:00,20.1,194.4,4.7,.5,962.2,1011.5,99.7,,
883,2023-05-29 04:00,20.1,199,4.3,.5,962,1011.3,99.7,,
883,2023-05-29 05:00,20.2,196.1,4,0,962.1,1011.3,99.7,,
883,2023-05-29 06:00,20.3,190.4,3.9,.5,962,1011.2,99.7,,
883,2023-05-29 07:00,20.4,186.6,3.7,.5,962.4,1011.6,99.7,,
883,2023-05-29 08:00,20.7,186.9,3.6,0,962.3,1011.4,99.8,,
883,2023-05-29 09:00,21.1,187.4,3.8,.5,962,1011,99.7,,
883,2023-05-29 10:00,21.4,191.1,3.5,0,961.8,1010.7,99.7,,
883,2023-05-29 11:00,21.3,188.9,4.1,.5,961.6,1010.5,99.6,,
883,2023-05-29 12:00,22.5,209.2,3.7,0,961.8,1010.4,99,,
883,2023-05-29 13:00,22.8,209.6,3.3,0,961.5,1010,98.9,,
883,2023-05-29 14:00,22.8,218.8,3.1,0,961.4,1009.9,97.5,,
883,2023-05-29 15:00,22.7,223.5,2.8,0,961.2,1009.7,97.7,,
883,2023-05-29 16:00,21.9,230.7,3.6,0,961,1009.7,98.6,,
883,2023-05-29 17:00,21,216.2,3.7,0,960.7,1009.6,98.8,,
883,2023-05-29 18:00,20.7,213.1,3.1,1,960.7,1009.7,99.3,,
883,2023-05-29 19:00,20.5,235.3,2.5,.5,961.6,1010.7,99.5,,
883,2023-05-29 20:00,19.4,245.4,2.5,1.5,962.3,1011.8,99.6,,
883,2023-05-29 21:00,20.3,187.1,2.7,4,961.3,1010.5,99.6,,
883,2023-05-29 22:00,20.8,166.9,5.7,.5,960.4,1009.4,94.3,,
883,2023-05-29 23:00,21,179.1,6.3,0,961.2,1010.2,94.6,,
883,2023-05-30 00:00,20.4,202,3.5,0,961.3,1010.4,99,,
883,2023-05-30 01:00,20.3,205.8,2.5,.5,961.2,1010.4,99.6,,
883,2023-05-30 02:00,20.1,232.8,2.6,19.5,961.3,1010.5,99.8,,
883,2023-05-30 03:00,20.2,211.5,1.8,10.5,960.7,1009.9,99.6,,
883,2023-05-30 04:00,20.1,173.8,3.7,3.5,960.1,1009.3,97.2,,
883,2023-05-30 05:00,19.4,172.6,3.9,0,959.9,1009.2,95.1,,
883,2023-05-30 06:00,20,190.5,2.4,.5,959.8,1009,98.4,,
883,2023-05-30 07:00,20.2,201.6,1.9,.5,959.8,1008.9,99.4,,
883,2023-05-30 08:00,20.9,193.3,2.2,0,959.9,1008.8,98.7,,
883,2023-05-30 09:00,20.7,227.3,.9,2,960,1009,99.3,,
883,2023-05-30 10:00,21.2,219.1,1.3,1,960,1008.8,98.4,,
883,2023-05-30 11:00,21.7,224.6,1.4,1.5,959.8,1008.5,99,,
883,2023-05-30 12:00,22.7,218.8,1.7,.5,959.4,1007.8,98.5,,
883,2023-05-30 13:00,22.2,216.5,1.6,0,959.2,1007.7,97.1,,
883,2023-05-30 14:00,21.4,206.1,1.9,.5,958.9,1007.6,98.7,,
883,2023-05-30 15:00,22,218.6,1.7,0,958.4,1006.9,96.6,,
883,2023-05-30 16:00,21.6,243.8,.9,0,957.9,1006.5,98.5,,
883,2023-05-30 17:00,21.4,253.3,.7,6.5,957.6,1006.3,99.2,,
883,2023-05-30 18:00,21.4,179.2,1.1,1,957.5,1006.2,98.9,,
883,2023-05-30 19:00,20.9,0,.3,2.5,957.9,1006.7,98.9,,
883,2023-05-30 20:00,20.3,47,1.4,3,958.1,1007.1,99.3,,
883,2023-05-30 21:00,20.3,51.6,.7,1,958.3,1007.3,99.3,,
883,2023-05-30 22:00,19.9,34.2,1.9,0,958.4,1007.5,99.4,,
883,2023-05-30 23:00,19.5,0,.4,0,958.8,1008.1,99.7,,
883,2023-05-31 00:00,18.7,250,1.1,0,958.4,1007.4,99.4,,
883,2023-05-31 01:00,18.7,45.1,.5,0,957.9,1006.9,99.7,,
883,2023-05-31 02:00,18.1,321.7,2.1,4.5,957.4,1006.5,100,,
883,2023-05-31 03:00,17.3,27.6,2.5,3.5,957.8,1007.2,99.9,,
883,2023-05-31 04:00,17.6,0,.4,4,957.5,1006.8,99.7,,
883,2023-05-31 05:00,17.8,219.1,1,1,957.9,1007.1,99.7,,
883,2023-05-31 06:00,17.1,111.7,2.5,2,958.3,1007.8,97.5,,
883,2023-05-31 07:00,17.9,109.8,4,1.5,958.6,1007.8,94.3,,
883,2023-05-31 08:00,19.7,166.1,1.7,0,958.9,1008.1,94.2,,
883,2023-05-31 09:00,19.7,285,1.2,0,959.3,1008.5,94.9,,
883,2023-05-31 10:00,19.8,263.8,1.2,0,959.9,1009.1,96.6,,
883,2023-05-31 11:00,18.6,19.9,1.4,0,959.9,1009,99.1,,
883,2023-05-31 12:00,19.6,307.5,1.3,0,959.8,1009.1,99.2,,
883,2023-05-31 13:00,20.7,305,2.8,0,959.2,1008.1,89.8,,
883,2023-05-31 14:00,21.3,250.4,1.5,0,958.4,1007.1,87.8,,
883,2023-05-31 15:00,23.1,311.2,2,0,958.3,1006.5,85.3,,
883,2023-05-31 16:00,23.3,286.7,2.7,0,958.2,1006.4,82.3,,
883,2023-05-31 17:00,23.2,261.3,2.2,0,957.9,1006.1,79.5,,
883,2023-05-31 18:00,21.8,303.8,2.5,0,958,1006.6,81.9,,
883,2023-05-31 19:00,19.9,262,1.5,0,958.4,1007.5,91.2,,
883,2023-05-31 20:00,18,249,.9,0,958.5,1007.7,97.3,,
883,2023-05-31 21:00,17.7,145.3,1.3,0,959.2,1008.5,94.1,,
883,2023-05-31 22:00,18.4,83.2,2.8,0,959.7,1008.9,92.2,,
883,2023-05-31 23:00,19.4,150.3,1.7,0,959.5,1008.8,86.8,,
883,2023-06-01 00:00,17.9,27.1,2.1,0,959.2,1008.5,84.8,,
883,2023-06-01 01:00,17.6,93,1.9,0,958.7,1008,87.8,,
883,2023-06-01 02:00,18.1,200.8,1.8,0,957.8,1006.9,89.2,,
883,2023-06-01 03:00,17.6,271,.5,0,957.7,1007,88.9,,
883,2023-06-01 04:00,17.6,44.4,1.9,0,957.1,1006.3,89.1,,
883,2023-06-01 05:00,20.5,164,3.4,0,956.8,1005.7,95.8,,
883,2023-06-01 06:00,21,173,3,0,956.8,1005.5,95,,
883,2023-06-01 07:00,22.2,165.9,3.4,0,957,1005.4,91.7,,
883,2023-06-01 08:00,23.5,169.4,4,0,957.4,1005.5,86.3,,
883,2023-06-01 09:00,23.4,165.9,4.3,0,957.7,1005.8,91.3,,
883,2023-06-01 10:00,22.9,158.6,6.2,0,957.4,1005.6,93.1,,
883,2023-06-01 11:00,22.4,178.8,2.6,0,957.4,1005.8,98.1,,
883,2023-06-01 12:00,22.1,171.9,3.4,2,957.1,1005.5,97.6,,
883,2023-06-01 13:00,21.7,175.5,2.9,1,956.6,1005.1,97.8,,
883,2023-06-01 14:00,20.5,60.3,.9,3.5,955.9,1004.7,98.7,,
883,2023-06-01 15:00,21.4,251.2,1,5,955.3,1003.8,99.4,,
883,2023-06-01 16:00,22,154,2.8,1,954.6,1002.9,95.1,,
883,2023-06-01 17:00,22.4,178.8,4.5,5,954.4,1002.6,96.3,,
883,2023-06-01 18:00,21.9,180,3.4,0,954.4,1002.8,96.8,,
883,2023-06-01 19:00,21.5,178.3,2.6,6.5,954.4,1002.9,97.9,,
883,2023-06-01 20:00,21.6,173.1,3.7,.5,954.5,1002.9,98.1,,
883,2023-06-01 21:00,21.5,182,4.4,0,954.8,1003.3,96.4,,
883,2023-06-01 22:00,21.5,192.6,2.6,5.5,954.9,1003.4,98.4,,
883,2023-06-01 23:00,21.7,188.4,2.2,5,954.5,1002.9,98.9,,
883,2023-06-02 00:00,21.7,175.4,2.7,1,953.5,1001.9,98.1,,
883,2023-06-02 01:00,21.8,160.6,3,0,952.8,1001.1,97.7,,
883,2023-06-02 02:00,21.8,150.4,2.5,0,952.1,1000.4,96.4,,
883,2023-06-02 03:00,20.9,19.8,2.5,0,951.8,1000.3,99.4,,
883,2023-06-02 04:00,20.5,337.1,4.2,.5,951.4,1000,99.6,,
883,2023-06-02 05:00,20.6,23.7,3.7,2,951.3,999.9,99.7,,
883,2023-06-02 06:00,20.1,21.9,3.8,.5,951.4,1000.1,99.6,,
883,2023-06-02 07:00,20.3,48.8,4.8,0,951.2,999.8,99.6,,
883,2023-06-02 08:00,18.8,49.2,6.4,0,951.2,999.8,99.6,,
883,2023-06-02 09:00,18.8,40.5,7.2,0,951.4,1000,99.5,,
883,2023-06-02 10:00,22.3,46.5,6.7,0,950.7,998.8,87,,
883,2023-06-02 11:00,21.6,28.3,9.3,0,951.6,999.9,89.4,,
883,2023-06-02 12:00,23,26.2,7.2,0,952,999.9,84.4,,
883,2023-06-02 13:00,24.5,34.7,7.7,0,951.7,999.7,64.7,,
883,2023-06-02 14:00,23.8,25.1,6.9,0,952,999.7,80.4,,
883,2023-06-02 15:00,20.3,29.7,6.7,0,952.6,1001.3,89.5,,
883,2023-06-02 16:00,19.4,24.2,6,0,953.1,1002.1,90.6,,
883,2023-06-02 17:00,20.9,30.1,7.5,0,952.5,1001,82.2,,
883,2023-06-02 18:00,21.1,44.9,6.1,0,953,1001.5,63.3,,
883,2023-06-02 19:00,19.8,41,6,0,953.9,1002.8,63.9,,
883,2023-06-02 20:00,16.1,21.7,5.3,0,954.6,1004.2,98,,
883,2023-06-02 21:00,16,23.1,5.9,0,955.3,1004.9,98.4,,
883,2023-06-02 22:00,15.6,30,5.1,0,955.7,1005.5,98,,
883,2023-06-02 23:00,15,23.5,5.8,0,956.2,1006.2,96.9,,
883,2023-06-03 00:00,14.8,27.1,5.1,0,956.2,1006.2,98.7,,
883,2023-06-03 01:00,14.7,31.1,6.2,0,956.3,1006.4,99.1,,
883,2023-06-03 02:00,13.9,25.5,6.1,0,956.1,1006.1,99.5,,
883,2023-06-03 03:00,13.4,32,5.1,0,955.9,1006,93.4,,
883,2023-06-03 04:00,13.3,26,6.5,0,955.9,1006,98,,
883,2023-06-03 05:00,13.3,36.4,5.5,0,956.5,1006.7,96.7,,
883,2023-06-03 06:00,13.8,42.9,5.2,0,957.2,1007.3,95.8,,
883,2023-06-03 07:00,15.3,26.4,6.2,,957.5,1007.4,89.2,,
883,2023-06-03 08:00,16.3,32,7.1,,958.4,1008.1,84.7,,
883,2023-06-03 09:00,19,21,7.4,,959,1008.4,79.3,,
883,2023-06-03 10:00,21.1,24.5,6.6,,959.4,1008.2,74.8,,
883,2023-06-03 11:00,21.4,27.1,7.7,,959.7,1008.5,71.5,,
883,2023-06-03 12:00,22.2,28.2,7.3,,959.6,1008.1,69.1,,
883,2023-06-03 13:00,22.8,24,7.2,,959.6,1008,72.2,,
883,2023-06-03 14:00,23.2,27.4,6.8,,959.4,1007.6,64,,
883,2023-06-03 15:00,22.1,10.6,5.4,,959.8,1008.4,65.7,,
883,2023-06-03 16:00,20.9,16.2,3.8,,960,1008.9,68.1,,
883,2023-06-03 17:00,21.7,26.4,4.7,,959.8,1008.5,69,,
883,2023-06-03 18:00,19.3,9.6,4.1,,960,1009.4,71.7,,
883,2023-06-03 19:00,18,31.9,4,,960.7,1010,79.1,,
883,2023-06-03 20:00,17.5,80.9,4.4,,961.1,1010.6,66.3,,
883,2023-06-03 21:00,17.7,72.6,4.7,,961.3,1010.7,56.6,,
883,2023-06-03 22:00,16.9,97.9,4.6,,962,1011.7,57.3,,
883,2023-06-03 23:00,16.9,98.9,4.7,,962.1,1011.8,55,,
883,2023-06-04 00:00,17.3,112.7,4.6,,962.1,1011.7,44.8,,
883,2023-06-04 01:00,16.6,103.9,4.7,0,961.7,1011.5,46.8,,
883,2023-06-04 02:00,16.7,99.1,4.9,0,961.7,1011.4,46.7,,
883,2023-06-04 03:00,16.2,99.6,4.8,0,962,1011.9,48.6,,
883,2023-06-04 04:00,15.6,94.8,4.1,0,962.4,1012.5,49.1,,
883,2023-06-04 05:00,16.4,101.2,4.5,0,962.5,1012.4,45.3,,
883,2023-06-04 06:00,17.4,83.6,3.8,0,963,1012.6,41.2,,
883,2023-06-04 07:00,17.3,88.7,3,0,963.2,1012.9,45.8,,
883,2023-06-04 08:00,18.5,70.4,3,0,963.4,1012.7,42.6,,
883,2023-06-04 09:00,19.4,72.6,4.1,0,963.5,1013,42.1,,
883,2023-06-04 10:00,22,38.1,3.9,0,963.6,1012.4,39.4,,
883,2023-06-04 11:00,20.1,65.1,3.3,0,963.9,1013.3,49.6,,
883,2023-06-04 12:00,22.6,35.6,5.4,0,963.5,1012.1,42.8,,
883,2023-06-04 13:00,23.4,33.1,4.5,0,963.4,1011.8,37.6,,
883,2023-06-04 14:00,23.9,23,5.2,0,963.2,1011.4,35.9,,
883,2023-06-04 15:00,23.4,30.1,4.4,0,962.7,1011.1,41.6,,
883,2023-06-04 16:00,22.3,25.2,4.9,0,962.2,1010.8,43.3,,
883,2023-06-04 17:00,21.9,22.7,4.8,0,961.7,1010.4,42.1,,
883,2023-06-04 18:00,20.3,32.6,5.3,0,962,1011.2,45.1,,
883,2023-06-04 19:00,19.6,65.9,3.3,0,962.5,1011.9,43.3,,
883,2023-06-04 20:00,20.4,71,3.4,0,962.6,1011.8,25.5,,
883,2023-06-04 21:00,18.5,31.3,2,0,963.3,1012.6,36,,
883,2023-06-04 22:00,20,56.5,3.4,0,963.2,1012.5,24.8,,
883,2023-06-04 23:00,19.5,63.1,2.6,0,963.8,1013.3,34.8,,
883,2023-06-05 00:00,19.4,54.3,2.5,0,963.4,1012.9,44,,
883,2023-06-05 01:00,17.9,40.9,2.9,0,963.1,1012.6,55.9,,
883,2023-06-05 02:00,18.7,56.6,3.3,0,962.8,1012,48,,
883,2023-06-05 03:00,18.1,51.4,3.5,0,963,1012.4,51.1,,
883,2023-06-05 04:00,17.6,54.8,3.3,0,963,1012.6,53.1,,
883,2023-06-05 05:00,17.2,56.8,3.9,0,962.9,1012.6,55.6,,
883,2023-06-05 06:00,17.3,73.7,5.5,0,963,1012.6,52.3,,
883,2023-06-05 07:00,16.4,41,4.3,0,963.4,1013.3,61.6,,
883,2023-06-05 08:00,16.9,69.4,4.8,0,963.3,1013.1,56.6,,
883,2023-06-05 09:00,17.1,22.3,5.3,0,963.6,1013.3,66.5,,
883,2023-06-05 10:00,16.5,112.5,4.3,0,963.7,1013.6,66.6,,
883,2023-06-05 11:00,18.7,42.1,2.3,0,963.2,1012.4,78.4,,
883,2023-06-05 12:00,18.3,95.6,2.6,0,963.2,1012.6,70.9,,
883,2023-06-05 13:00,18.9,57.1,1.7,0,963.2,1012.4,76.2,,
883,2023-06-05 14:00,16.3,99.6,5.2,0,963,1012.9,77.8,,
883,2023-06-05 15:00,17.2,140.6,3.8,.5,962.3,1011.9,68.9,,
883,2023-06-05 16:00,17.2,181.2,3.2,0,961.7,1011.3,70.2,,
883,2023-06-05 17:00,16.5,172.8,3.4,0,961.3,1011.1,68.6,,
883,2023-06-05 18:00,15.1,132.1,4.5,1.5,960.7,1010.9,79.2,,
883,2023-06-05 19:00,14.3,135.2,5,1,961,1011.4,84.7,,
883,2023-06-05 20:00,14.5,131.3,4.1,.5,961,1011.4,89,,
883,2023-06-05 21:00,14.1,160.8,5.8,1.5,961,1011.5,94.2,,
883,2023-06-05 22:00,14.4,151.8,7.1,2,960.9,1011.3,92.4,,
883,2023-06-05 23:00,15.2,140.2,5.4,2,960.5,1010.6,90.2,,
883,2023-06-06 00:00,15.4,148.6,4.9,4.5,960,1010,94.7,,
883,2023-06-06 01:00,15,45.2,1.8,7.5,959.4,1009.5,98.2,,
883,2023-06-06 02:00,16.4,116.6,3.9,6,958.3,1008,90.1,,
883,2023-06-06 03:00,15.3,114.7,.6,7,957.6,1007.6,98.9,,
883,2023-06-06 04:00,15.7,62.4,1.6,4.5,956.9,1006.7,99.1,,
883,2023-06-06 05:00,15.7,24,1.9,6,956.7,1006.5,99.5,,
883,2023-06-06 06:00,15.6,233.9,.9,3.5,956.2,1006,99.3,,
883,2023-06-06 07:00,15.9,263.5,.5,3,956.1,1005.8,99.4,,
883,2023-06-06 08:00,15.9,321.5,1.7,.5,956.1,1005.8,99.4,,
883,2023-06-06 09:00,16,269.7,.8,0,956.2,1005.9,99.6,,
883,2023-06-06 10:00,17.6,194.6,2.2,0,955.5,1004.7,99.4,,
883,2023-06-06 11:00,17.9,259.7,1.5,0,956.1,1005.2,93.3,,
883,2023-06-06 12:00,17.1,44.2,3.7,0,956.4,1005.8,98.2,,
883,2023-06-06 13:00,20,43.9,3.7,0,956.3,1005.3,88.8,,
883,2023-06-06 14:00,21.8,31.9,5.7,0,956.3,1004.8,81.2,,
883,2023-06-06 15:00,21.1,61.2,4.2,0,956.3,1005,77.6,,
883,2023-06-06 16:00,22,24.6,5.2,0,956.4,1004.8,78.4,,
883,2023-06-06 17:00,19.9,35.8,4.7,0,956.6,1005.6,86.6,,
883,2023-06-06 18:00,20.1,8,3,0,956.5,1005.5,82,,
883,2023-06-06 19:00,17.1,278.4,1.6,0,957.1,1006.5,95.2,,
883,2023-06-06 20:00,15.6,24.4,3.7,0,958.1,1008,98.9,,
883,2023-06-06 21:00,15.1,27.9,4.2,0,958.6,1008.7,99.1,,
883,2023-06-06 22:00,14.5,36.7,3.9,0,959.8,1010.1,99.5,,
883,2023-06-06 23:00,13.9,74.9,2.8,0,959.6,1009.8,96.4,,
883,2023-06-07 00:00,13.8,89.4,3,0,960,1010.2,92.2,,
883,2023-06-07 01:00,12.7,88.1,2.1,0,959.8,1010.3,95,,
883,2023-06-07 02:00,12.4,61.1,2.3,0,959.8,1010.4,95,,
883,2023-06-07 03:00,12.9,108.7,2.1,0,959.8,1010.3,92.3,,
883,2023-06-07 04:00,13.1,153.3,2.6,0,960.2,1010.6,91.6,,
883,2023-06-07 05:00,14.9,154,3,0,960.1,1010.3,78,,
883,2023-06-07 06:00,16.7,156.6,3.6,0,960.3,1010,67.5,,
883,2023-06-07 07:00,17.1,177.2,2.4,0,960.8,1010.4,71.1,,
883,2023-06-07 08:00,21.2,176.4,2,0,961.1,1010,67.5,,
883,2023-06-07 09:00,22.8,187.7,2.1,0,961.3,1009.8,62.9,,
883,2023-06-07 10:00,23.1,221.1,1.8,0,961.1,1009.5,72.8,,
883,2023-06-07 11:00,23,188.4,2.8,0,961.1,1009.5,68.9,,
883,2023-06-07 12:00,22.9,205.7,3.1,0,961.1,1009.5,73.5,,
883,2023-06-07 13:00,24.2,202.8,3.8,0,960.6,1009.1,69.1,,
883,2023-06-07 14:00,23.1,190.3,3.9,0,960.5,1008.8,74.7,,
883,2023-06-07 15:00,21.9,187.9,4.1,0,959.5,1008.1,76.6,,
883,2023-06-07 16:00,23.5,171,5.7,0,959.1,1007.2,63.5,,
883,2023-06-07 17:00,22,175.6,6.2,0,959.1,1007.7,58.2,,
883,2023-06-07 18:00,19.5,193.9,3.8,0,959.2,1008.5,82.1,,
883,2023-06-07 19:00,16.4,204,3.6,0,959.7,1009.4,92.6,,
883,2023-06-07 20:00,16,193,3.6,0,959.5,1009.3,94.5,,
883,2023-06-07 21:00,16.4,183.3,2.7,0,959.8,1009.5,94.4,,
883,2023-06-07 22:00,16.4,188.9,3.1,0,959.7,1009.4,95.4,,
883,2023-06-07 23:00,16.4,186.4,2.7,0,959.7,1009.4,95,,
883,2023-06-08 00:00,16.7,180.7,4.5,0,959.2,1008.8,93.1,,
883,2023-06-08 01:00,17.6,182,4.7,0,958.3,1007.6,84.3,,
883,2023-06-08 02:00,17,167.2,6.4,0,957.1,1006.5,89.1,,
883,2023-06-08 03:00,17.2,168.2,6.7,0,956.5,1005.8,86.7,,
883,2023-06-08 04:00,17,181.6,3.4,0,957.7,1007.2,88.2,,
883,2023-06-08 05:00,17.4,151.5,5,0,956.7,1006,86.7,,
883,2023-06-08 06:00,18.7,150,3.8,.5,957,1005.9,82.5,,
883,2023-06-08 07:00,17.5,38.1,2.5,0,956.3,1005.5,88.6,,
883,2023-06-08 08:00,18.3,253.1,1.2,0,956.3,1005.3,91.3,,
883,2023-06-08 09:00,18.5,39.9,1.3,0,956.2,1005.1,90.8,,
883,2023-06-08 10:00,18.7,304.9,1.8,0,956.2,1005.1,91.6,,
883,2023-06-08 11:00,19.1,27.5,4.2,0,956.1,1005.3,82.3,,
883,2023-06-08 12:00,22.4,91.9,2.8,0,955.8,1004.1,70.6,,
883,2023-06-08 13:00,24.1,274.1,2.2,0,954.9,1003.1,55.1,,
883,2023-06-08 14:00,22.2,271.4,2.5,0,955.3,1003.6,85.1,,
883,2023-06-08 15:00,20,298.7,2.7,0,955.2,1004.1,92.1,,
883,2023-06-08 16:00,21.5,197,2.8,0,954.8,1003.3,84.5,,
883,2023-06-08 17:00,21.6,215.2,2,0,954.3,1002.7,84.6,,
883,2023-06-08 18:00,20.7,173.8,2.9,0,954.7,1003.4,88.1,,
883,2023-06-08 19:00,19.1,215.3,2,0,954.7,1003.9,91,,
883,2023-06-08 20:00,17.7,177.6,2.2,0,955.3,1004.4,96.3,,
883,2023-06-08 21:00,17.7,173.4,3,0,955.8,1005,91.4,,
883,2023-06-08 22:00,16.7,184.9,1.8,0,956.5,1006,90.8,,
883,2023-06-08 23:00,17.4,178.7,3.2,0,956.3,1005.6,83.8,,
883,2023-06-09 00:00,17.2,179.1,2.8,0,955.8,1005.1,89.1,,
883,2023-06-09 01:00,16.9,183,3.1,0,955.5,1004.9,93.7,,
883,2023-06-09 02:00,17.2,177.7,4.9,0,955.2,1004.5,85.5,,
883,2023-06-09 03:00,16.1,188.6,2.7,0,955.7,1005.3,89,,
883,2023-06-09 04:00,17.2,179.2,3,0,955.4,1004.7,90.8,,
883,2023-06-09 05:00,17,182.6,2.7,0,955.5,1004.8,92.9,,
883,2023-06-09 06:00,17.7,178.8,2.4,0,955.6,1004.7,91,,
883,2023-06-09 07:00,18.7,182.8,.8,0,955.9,1004.8,88.4,,
883,2023-06-09 08:00,20.3,281.3,1.4,0,955.8,1004.7,89.7,,
883,2023-06-09 09:00,21.1,224.7,1.6,0,955.9,1004.6,89,,
883,2023-06-09 10:00,23.2,219.4,1.9,0,955.6,1003.7,78.3,,
883,2023-06-09 11:00,23.1,226.8,2.2,0,955.8,1003.9,78.7,,
883,2023-06-09 12:00,24.6,243.2,2.3,0,956.1,1004.3,77.4,,
883,2023-06-09 13:00,24.4,197.1,2.5,0,956.1,1004.3,77.1,,
883,2023-06-09 14:00,24.3,203.1,3,0,955.7,1003.9,78.3,,
883,2023-06-09 15:00,23.1,186,3.5,0,955.5,1003.6,82.2,,
883,2023-06-09 16:00,23.1,175,3.8,0,955.4,1003.5,81.6,,
883,2023-06-09 17:00,23,197.4,2.7,0,955.5,1003.6,82.2,,
883,2023-06-09 18:00,21.9,187.5,2.6,0,955.7,1004.1,85,,
883,2023-06-09 19:00,20.6,168.3,4.7,0,956.2,1005,83.6,,
883,2023-06-09 20:00,19.8,159.4,5,0,956.7,1005.8,85.8,,
883,2023-06-09 21:00,19.5,163.7,5.4,0,957.1,1006.3,85.5,,
883,2023-06-09 22:00,20,163.1,6.1,0,957,1006,69.2,,
883,2023-06-09 23:00,19.9,164.8,6.3,0,956.7,1005.7,56.6,,
883,2023-06-10 00:00,18.7,179,4.2,0,956.5,1005.4,67.9,,
883,2023-06-10 01:00,18.6,165.9,6.2,0,955.9,1004.8,72.8,,
883,2023-06-10 02:00,20,164.1,7.2,0,955.4,1004.3,51.9,,
883,2023-06-10 03:00,17.2,91.9,1.1,0,956.2,1005.5,89.8,,
883,2023-06-10 04:00,17.4,58,2.3,0,956.2,1005.5,65.5,,
883,2023-06-10 05:00,16.5,114.4,2.7,0,956.3,1005.8,63.3,,
883,2023-06-10 06:00,18,60,1.3,0,956.1,1005.2,65.5,,
883,2023-06-10 07:00,20.4,120.6,3.9,0,956.1,1005,72.4,,
883,2023-06-10 08:00,21.7,11.2,2.9,0,956.8,1005.3,76.8,,
883,2023-06-10 09:00,22.1,203.8,1.8,0,956.4,1004.8,72.9,,
883,2023-06-10 10:00,23.7,164.7,2.9,0,956,1003.9,73.2,,
883,2023-06-10 11:00,24.4,315.7,3,0,955.7,1003.9,78.8,,
883,2023-06-10 12:00,26.1,164,4.1,0,954.7,1002.5,69.8,,
883,2023-06-10 13:00,27.8,135.6,4.8,0,954.6,1002,62.8,,
883,2023-06-10 14:00,25.2,313.2,3.1,0,955.2,1003.2,71.4,,
883,2023-06-10 15:00,25.8,174.7,4.4,0,954.6,1002.4,70.2,,
883,2023-06-10 16:00,26,30.8,3.6,0,954.8,1002.6,72.3,,
883,2023-06-10 17:00,26.6,32.9,2.8,0,954.3,1001.9,73.9,,
883,2023-06-10 18:00,20.8,345.1,3.5,0,955.4,1004.1,86.1,,
883,2023-06-10 19:00,19.2,19.8,3.3,0,956.5,1005.7,97,,
883,2023-06-10 20:00,19.3,31.7,3.1,0,955.8,1005,97,,
883,2023-06-10 21:00,18.5,51.8,1.6,0,955,1003.9,94.9,,
883,2023-06-10 22:00,18.9,148,4.1,0,953.8,1002.5,88.6,,
883,2023-06-10 23:00,19.9,154.3,3.7,0,954.1,1003,80.9,,
883,2023-06-11 00:00,21,146.8,4.3,0,954.4,1003,73.1,,
883,2023-06-11 01:00,19.5,165.7,3.4,0,954.1,1003.1,83,,
883,2023-06-11 02:00,21.1,153.4,6.1,0,953.6,1002.1,69.1,,
883,2023-06-11 03:00,20.1,153.6,5.6,0,953.5,1002.3,75.5,,
883,2023-06-11 04:00,18.6,217.4,1.6,0,954.2,1003,85.1,,
883,2023-06-11 05:00,18.9,165.2,2.2,0,954.9,1003.7,94.7,,
883,2023-06-11 06:00,18.7,173.7,2.7,0,955.1,1003.9,95.1,,
883,2023-06-11 07:00,20.1,231.4,.7,0,955.5,1004.4,91.2,,
883,2023-06-11 08:00,20.4,242.9,1,0,956.1,1005,93.1,,
883,2023-06-11 09:00,21.5,217.8,1.1,0,955.9,1004.4,84.2,,
883,2023-06-11 10:00,21.8,311.5,2.5,0,955.8,1004.3,88.6,,
883,2023-06-11 11:00,24.5,31.9,2.4,0,955.5,1003.7,79.1,,
883,2023-06-11 12:00,24.2,196.2,3.5,0,955.5,1003.7,80.1,,
883,2023-06-11 13:00,23.6,183.5,3,0,955.6,1003.5,76.4,,
883,2023-06-11 14:00,23.4,182.4,3.2,0,955.6,1003.6,77.7,,
883,2023-06-11 15:00,25,190.5,2.4,0,955.4,1003.5,72.1,,
883,2023-06-11 16:00,23.6,225.7,2.8,0,955.2,1003.1,84,,
883,2023-06-11 17:00,23.6,191.6,2.7,0,955.4,1003.3,81.9,,
883,2023-06-11 18:00,21.8,211.2,2.2,0,955.3,1003.7,86.3,,
883,2023-06-11 19:00,20.1,320.7,.7,0,955.8,1004.7,92.2,,
883,2023-06-11 20:00,19.4,6.4,2.8,0,956.6,1005.8,94.8,,
883,2023-06-11 21:00,19.2,69.6,.9,0,957,1006.3,93.9,,
883,2023-06-11 22:00,20.2,184.1,2.5,0,957.2,1006.2,95,,
883,2023-06-11 23:00,20.1,174.9,3,0,956.9,1005.9,94.2,,
883,2023-06-12 00:00,19.8,232.1,1.1,0,956.9,1006,96.8,,
883,2023-06-12 01:00,20,180,2.2,0,956.8,1005.8,94.8,,
883,2023-06-12 02:00,18.8,181.1,1.9,0,956.4,1005.3,96.9,,
883,2023-06-12 03:00,19.6,153,2.6,0,955.9,1005,91.6,,
883,2023-06-12 04:00,19.5,166.3,2.7,0,956.1,1005.2,91.7,,
883,2023-06-12 05:00,18.8,54.4,.7,0,956.7,1005.6,95.4,,
883,2023-06-12 06:00,19.2,97.8,2,0,956.5,1005.7,91.5,,
883,2023-06-12 07:00,20.2,0,.2,0,957,1006,94.2,,
883,2023-06-12 08:00,20.8,87.4,1.3,0,956.9,1005.7,91.9,,
883,2023-06-12 09:00,21.4,302.9,2.1,0,957.1,1005.7,90.2,,
883,2023-06-12 10:00,22.7,18.9,2,0,956.8,1005.1,87.9,,
883,2023-06-12 11:00,22.6,28,4,0,956.8,1005.1,87.3,,
883,2023-06-12 12:00,21.7,41,3.3,0,956.7,1005.2,87.5,,
883,2023-06-12 13:00,24.1,181.1,1.7,0,955.9,1004.2,73.6,,
883,2023-06-12 14:00,23.7,176.8,3.3,0,955.5,1003.4,82,,
883,2023-06-12 15:00,20.9,12.9,2.3,0,955.5,1004.2,94.9,,
883,2023-06-12 16:00,20.7,39.5,1.3,5.5,955.6,1004.4,97.7,,
883,2023-06-12 17:00,21.3,24.6,2.7,0,955.3,1003.9,97.4,,
883,2023-06-12 18:00,21.2,195.3,1.6,0,955.4,1004,92.6,,
883,2023-06-12 19:00,20.3,223.8,1.2,0,955.3,1004.2,96.9,,
883,2023-06-12 20:00,19.6,221.2,1.4,0,956,1005.1,98.3,,
883,2023-06-12 21:00,19.4,194.8,1.9,0,955.9,1005,98.4,,
883,2023-06-12 22:00,19.4,191.4,2.3,0,956.3,1005.5,97.8,,
883,2023-06-12 23:00,18.9,203.2,2,0,956.4,1005.2,97.8,,
883,2023-06-13 00:00,19.5,197.9,2.2,0,956.3,1005.4,97.4,,
883,2023-06-13 01:00,19.5,178.8,2,0,956,1005.1,96.8,,
883,2023-06-13 02:00,19.6,198,1.7,0,955.8,1004.9,97.3,,
883,2023-06-13 03:00,19.5,211.1,1,0,955.7,1004.8,98.2,,
883,2023-06-13 04:00,18.8,327.4,1.8,0,956,1004.8,98.9,,
883,2023-06-13 05:00,18.6,16.8,2.6,0,955.8,1004.7,99.4,,
883,2023-06-13 06:00,18,34.2,2.2,0,955.5,1004.6,99.6,,
883,2023-06-13 07:00,18.3,39.1,2.5,0,955.6,1004.6,99.5,,
883,2023-06-13 08:00,20.1,328.4,2.4,0,956,1004.9,92.2,,
883,2023-06-13 09:00,19.5,311.2,1.6,0,956,1005.1,96,,
883,2023-06-13 10:00,22,4.8,1.5,0,955.5,1003.9,84.5,,
883,2023-06-13 11:00,23.6,321.6,2.9,0,955.5,1003.4,81.5,,
883,2023-06-13 12:00,23.7,28.1,2.8,0,955.6,1003.5,68,,
883,2023-06-13 13:00,23.1,322.9,2.5,0,955.3,1003.4,78.8,,
883,2023-06-13 14:00,24.4,341.4,2.2,0,955.1,1003.3,79.3,,
883,2023-06-13 15:00,22.3,313.7,2.5,0,955.4,1003.7,82.1,,
883,2023-06-13 16:00,21.2,319.1,2.7,0,955.1,1003.7,84.8,,
883,2023-06-13 17:00,21,22.8,2.6,0,954.8,1003.4,84.4,,
883,2023-06-13 18:00,20.3,337.7,.8,0,954.7,1003.5,88.2,,
883,2023-06-13 19:00,19.2,25.1,2.6,0,954.6,1003.7,93.7,,
883,2023-06-13 20:00,18.7,124.3,.5,0,955,1003.8,95.2,,
883,2023-06-13 21:00,19.3,116.5,.9,0,955.2,1004.3,92.2,,
883,2023-06-13 22:00,18.9,117.4,1.6,0,955.3,1004.1,89.3,,
883,2023-06-13 23:00,18.2,73.5,2.6,0,955.3,1004.3,85.1,,
883,2023-06-14 00:00,17.5,89.8,2.8,0,955.2,1004.4,85.9,,
883,2023-06-14 01:00,16.8,69.6,2.9,0,955.1,1004.5,90.1,,
883,2023-06-14 02:00,17.6,73.9,3.4,0,955,1004.1,95.5,,
883,2023-06-14 03:00,17.3,80.7,3.4,0,954.8,1004,88.7,,
883,2023-06-14 04:00,17.5,86.4,4,0,955,1004.2,64.3,,
883,2023-06-14 05:00,17.8,91.4,4.2,0,955.1,1004.2,55.4,,
883,2023-06-14 06:00,18.1,88.8,4.3,0,955.4,1004.4,52.9,,
883,2023-06-14 07:00,18.2,99.6,4.4,0,956.5,1005.5,56.9,,
883,2023-06-14 08:00,20.1,93.9,3.8,0,956.4,1005.4,58.5,,
883,2023-06-14 09:00,21.1,12.5,1.5,0,956.9,1005.6,67.9,,
883,2023-06-14 10:00,21.7,41.8,3.9,0,957,1005.5,67.5,,
883,2023-06-14 11:00,24.5,75.5,1.9,0,957,1005.2,44.6,,
883,2023-06-14 12:00,24.3,27.4,4.4,0,957.4,1005.7,56.9,,
883,2023-06-14 13:00,24.7,280.2,2,0,957,1005.2,59.7,,
883,2023-06-14 14:00,22.7,268.7,2,0,956.9,1005.2,72.1,,
883,2023-06-14 15:00,23.6,311,3.5,0,957,1005,56.9,,
883,2023-06-14 16:00,24.4,308.5,2.1,0,956.5,1004.7,55.5,,
883,2023-06-14 17:00,24.2,21.7,2.8,0,956.4,1004.7,59.2,,
883,2023-06-14 18:00,23.3,22.3,2.9,0,956.3,1004.4,72.4,,
883,2023-06-14 19:00,20.4,22.3,1.5,0,956.6,1005.5,83.6,,
883,2023-06-14 20:00,19.1,87.8,1.7,0,957,1006.3,89.9,,
883,2023-06-14 21:00,17.8,101.1,1.3,0,957.5,1006.7,89.4,,
883,2023-06-14 22:00,17,91.9,2.2,0,958.2,1007.7,84.8,,
883,2023-06-14 23:00,16.3,44.5,2.9,0,958.4,1008.1,83.7,,
883,2023-06-15 00:00,16,88.2,2.1,0,958,1007.8,74.9,,
883,2023-06-15 01:00,16.2,70.4,3,0,957.8,1007.5,73.4,,
883,2023-06-15 02:00,16.8,104.5,3.6,0,957.6,1007.1,71.4,,
883,2023-06-15 03:00,16.7,89.7,3.5,0,957.3,1006.8,72.4,,
883,2023-06-15 04:00,15.6,79.7,2.1,0,957.3,1007.1,79.1,,
883,2023-06-15 05:00,17.1,100.2,3.5,0,957.3,1006.7,73.8,,
883,2023-06-15 06:00,17,99.2,3.9,0,957.7,1007.2,73.9,,
883,2023-06-15 07:00,19.2,87.7,2.8,0,958.2,1007.5,69.2,,
883,2023-06-15 08:00,22.4,45.7,1.5,0,958.4,1006.8,65.9,,
883,2023-06-15 09:00,23.6,26.7,3.3,0,958.6,1006.7,65.5,,
883,2023-06-15 10:00,24.3,29.7,3.5,0,958.9,1007.3,63.5,,
883,2023-06-15 11:00,24.6,23.3,3.8,0,959.1,1007.4,63.6,,
883,2023-06-15 12:00,25,27,3.7,0,959.3,1007.5,63.2,,
883,2023-06-15 13:00,24.3,20.8,3.8,0,959.1,1007.5,58.9,,
883,2023-06-15 14:00,24.8,12.1,3.7,0,959.2,1007.5,61.3,,
883,2023-06-15 15:00,24.4,32.4,4.2,0,959.3,1007.7,64.4,,
883,2023-06-15 16:00,23.2,351.4,3.7,0,959.3,1007.5,70.8,,
883,2023-06-15 17:00,22.3,16.6,3.4,0,959.3,1007.8,65.8,,
883,2023-06-15 18:00,20.5,330.6,3,0,959.7,1008.7,68.6,,
883,2023-06-15 19:00,19.2,25.4,2.7,0,959.8,1009.2,80.1,,
883,2023-06-15 20:00,16.4,20.8,3.5,0,960.3,1010.1,91.9,,
883,2023-06-15 21:00,16.3,73.8,3.3,0,960.9,1010.7,85.6,,
883,2023-06-15 22:00,17.5,99.8,3.8,0,961.4,1010.9,71.2,,
883,2023-06-15 23:00,16.1,120.3,1.6,0,961.7,1011.6,78.5,,
883,2023-06-16 00:00,15.5,106.8,2.9,0,961.9,1012,87.8,,
883,2023-06-16 01:00,15.3,111.7,2.2,0,962,1012.2,83.7,,
883,2023-06-16 02:00,15,134.7,2,0,962,1012.3,85.1,,
883,2023-06-16 03:00,14.6,108,2.2,0,961.9,1012.3,88.1,,
883,2023-06-16 04:00,13.9,94.1,2.4,0,962.2,1012.5,87.8,,
883,2023-06-16 05:00,14.2,91.9,2.2,0,962.6,1013.1,84.8,,
883,2023-06-16 06:00,15.6,95.1,3.4,0,963,1013.1,79,,
883,2023-06-16 07:00,18.9,86.8,1.4,0,963.4,1012.6,76.6,,
883,2023-06-16 08:00,22.2,256.9,.7,0,963.9,1012.7,67.1,,
883,2023-06-16 09:00,22.2,296.1,2.1,0,964,1012.8,63.1,,
883,2023-06-16 10:00,24,24.6,2.7,0,964.4,1013.1,62.2,,
883,2023-06-16 11:00,23.8,307.7,2.9,0,964.4,1012.7,65.8,,
883,2023-06-16 12:00,23.6,235.5,1.3,0,964.1,1012.5,66.8,,
883,2023-06-16 13:00,25.9,322.2,2.7,0,964.1,1012.4,60.8,,
883,2023-06-16 14:00,23.6,208.1,2.9,0,964,1012.4,73.4,,
883,2023-06-16 15:00,23.4,197.7,2.4,0,963.5,1011.9,73.8,,
883,2023-06-16 16:00,22.2,199.4,1.9,0,963.6,1012.3,76.2,,
883,2023-06-16 17:00,21.3,194.1,1.9,0,963.7,1012.7,77.7,,
883,2023-06-16 18:00,21,188.4,2,0,963.5,1012.6,84.6,,
883,2023-06-16 19:00,20,162.3,3.2,0,963.6,1013,85.8,,
883,2023-06-16 20:00,19.2,162,3.1,0,963.9,1013.5,76.1,,
883,2023-06-16 21:00,19.5,156.9,3.7,0,964.2,1013.7,65.7,,
883,2023-06-16 22:00,18.9,161.3,3.8,0,964.7,1014,65.9,,
883,2023-06-16 23:00,18.7,159.1,3.6,0,964.9,1014.2,59.5,,
883,2023-06-17 00:00,16.5,123.1,2.3,0,964.9,1014.9,71.1,,
883,2023-06-17 01:00,15.8,131.6,1.8,0,964.7,1014.9,74.7,,
883,2023-06-17 02:00,14.6,91.5,2.2,0,964.7,1015.2,74.1,,
883,2023-06-17 03:00,14.8,126.4,1.6,0,964.3,1014.8,78.3,,
883,2023-06-17 04:00,16.6,133.9,1.9,0,964.1,1014,72.1,,
883,2023-06-17 05:00,15.7,128.9,2.1,0,964.2,1014.4,78.6,,
883,2023-06-17 06:00,16,92,3.4,0,964.6,1014.7,77.7,,
883,2023-06-17 07:00,19,98.1,3.1,0,964.3,1014,68.3,,
883,2023-06-17 08:00,21.5,165.2,1.8,0,964.5,1013.5,68.2,,
883,2023-06-17 09:00,23.9,217.8,1.5,0,964.4,1012.7,59.5,,
883,2023-06-17 10:00,25.1,170.2,2.3,0,964.4,1012.9,53.1,,
883,2023-06-17 11:00,25.8,206.1,2.6,0,964.1,1012.4,62.8,,
883,2023-06-17 12:00,25.8,183,3.6,0,963.9,1012.2,52.8,,
883,2023-06-17 13:00,26,276.8,3.8,0,963.5,1011.7,57.3,,
883,2023-06-17 14:00,24.2,286.7,2,0,963.3,1011.9,59.7,,
883,2023-06-17 15:00,25.1,298.2,3,0,963,1011.4,58,,
883,2023-06-17 16:00,27.2,27.5,3.5,0,962.5,1010.4,52.6,,
883,2023-06-17 17:00,23.4,355.2,1.9,0,962.3,1010.6,64.8,,
883,2023-06-17 18:00,21.7,208.6,1.6,0,962.2,1011,81.1,,
883,2023-06-17 19:00,21.5,89.9,1.8,0,962.2,1011.1,84.6,,
883,2023-06-17 20:00,21.2,112.8,.7,0,961.7,1010.6,83.2,,
883,2023-06-17 21:00,19.5,224.3,1,0,962.1,1011.5,90.6,,
883,2023-06-17 22:00,19.8,97.2,2.6,0,962.3,1011.7,80.5,,
883,2023-06-17 23:00,19.6,157,1.3,0,962.2,1011.6,81.9,,
883,2023-06-18 00:00,19.5,159.6,2.8,0,961.7,1011.1,75.4,,
883,2023-06-18 01:00,20.4,159.6,4.4,0,961.2,1010.3,67.9,,
883,2023-06-18 02:00,20.8,134.5,2.9,0,960.7,1009.7,67.5,,
883,2023-06-18 03:00,20.4,112.6,2,0,960.4,1009.5,70,,
883,2023-06-18 04:00,19.2,107.9,2.7,0,960,1009.4,81.5,,
883,2023-06-18 05:00,18.4,92.6,2.8,0,959.5,1008.6,87.4,,
883,2023-06-18 06:00,17.7,96,2.9,.5,959.6,1008.9,89.6,,
883,2023-06-18 07:00,17.8,89.8,2.9,1,959.7,1009,90.3,,
883,2023-06-18 08:00,18.8,106.5,2.9,0,959.7,1008.7,88.1,,
883,2023-06-18 09:00,20.4,244.7,1.1,0,959.8,1008.9,87.6,,
883,2023-06-18 10:00,22.1,273.4,1.2,0,959.5,1008.1,75.6,,
883,2023-06-18 11:00,23.1,326.1,1.8,0,959.4,1007.7,73.4,,
883,2023-06-18 12:00,24.7,29.2,2.7,0,958.8,1007.1,62.2,,
883,2023-06-18 13:00,24.6,20.5,2.4,0,958.8,1007.1,60.4,,
883,2023-06-18 14:00,23,307.5,1.6,0,958.1,1006.3,67.9,,
883,2023-06-18 15:00,22.6,252.5,.7,0,957.5,1005.8,74.9,,
883,2023-06-18 16:00,22.4,308.2,1,0,956.8,1005.1,78.9,,
883,2023-06-18 17:00,21.5,243.4,1.6,0,956.9,1005.5,82.5,,
883,2023-06-18 18:00,21.1,249.9,1.2,0,956.6,1005.3,84.5,,
883,2023-06-18 19:00,19.7,38,1.6,0,956.9,1006,84.2,,
883,2023-06-18 20:00,19.4,83.1,1.1,0,957.4,1006.6,81.8,,
883,2023-06-18 21:00,18.2,16.5,1.6,0,957.9,1007,88.1,,
883,2023-06-18 22:00,17.8,80.7,1.7,0,958.2,1007.4,76.7,,
883,2023-06-18 23:00,17.4,84.3,2.7,0,958,1007.4,74,,
883,2023-06-19 00:00,16.4,76.4,2.7,0,957.9,1007.5,74,,
883,2023-06-19 01:00,16.5,85.1,3.8,0,957.1,1006.7,68.1,,
883,2023-06-19 02:00,16,89.6,2.6,0,956.7,1006.4,63.6,,
883,2023-06-19 03:00,16.5,78.5,2.7,0,956.3,1005.8,65.3,,
883,2023-06-19 04:00,16.8,73.8,3.9,0,956.4,1005.8,67.3,,
883,2023-06-19 05:00,17.3,88.4,4.2,0,956.5,1005.8,68.9,,
883,2023-06-19 06:00,17.6,102,3.2,0,956.8,1006,73.3,,
883,2023-06-19 07:00,21.6,103.5,3.7,0,956.7,1005.3,69.6,,
883,2023-06-19 08:00,23.7,232.7,2,0,957.1,1005.1,67,,
883,2023-06-19 09:00,24.3,306.6,1.3,0,957.1,1005.4,59.5,,
883,2023-06-19 10:00,25,314.8,1.8,0,957.1,1005.2,56.1,,
883,2023-06-19 11:00,25.8,317,2.3,0,957,1005,60.4,,
883,2023-06-19 12:00,25.2,299.6,2.3,0,956.9,1005,72.3,,
883,2023-06-19 13:00,27.3,176.5,2.4,0,955.9,1003.5,59.1,,
883,2023-06-19 14:00,27,359.1,3.1,0,956,1003.6,65.7,,
883,2023-06-19 15:00,26.8,321.5,3.1,0,955.8,1003.5,64.1,,
883,2023-06-19 16:00,24.7,279.9,2.5,0,956.3,1004.5,72.7,,
883,2023-06-19 17:00,23.7,290.3,2.5,0,956.5,1004.5,76.7,,
883,2023-06-19 18:00,22.2,262.1,1.4,0,956.4,1004.8,84.1,,
883,2023-06-19 19:00,20.8,274.6,1.3,0,956.6,1005.4,90,,
883,2023-06-19 20:00,19.4,219.2,.9,0,956.8,1006,95.3,,
883,2023-06-19 21:00,19,263.9,1.5,0,956.8,1006.1,96.7,,
883,2023-06-19 22:00,19.7,47.8,1.7,0,956.6,1005.7,89.3,,
883,2023-06-19 23:00,19.1,183.6,1.6,0,956.3,1005.6,89.3,,
883,2023-06-20 00:00,19.7,72.1,1.6,0,956.1,1005.2,86.5,,
883,2023-06-20 01:00,19.4,150.7,2.8,0,955.4,1004.5,82.4,,
883,2023-06-20 02:00,21,109.7,2.2,0,954.5,1003.1,47.8,,
883,2023-06-20 03:00,19.7,91.6,.8,0,954.5,1003.5,81.8,,
883,2023-06-20 04:00,19.1,105.4,2,0,954.6,1003.8,79,,
883,2023-06-20 05:00,19.2,62,3.7,0,954.7,1003.8,75.8,,
883,2023-06-20 06:00,18.4,86.3,.8,0,954.8,1003.7,73,,
883,2023-06-20 07:00,23.3,143.6,4.8,0,954.4,1002.4,56.8,,
883,2023-06-20 08:00,23.6,140.4,8.1,0,954.1,1002,62.9,,
883,2023-06-20 09:00,23.4,155.4,9,0,954.2,1002.1,70.7,,
883,2023-06-20 10:00,22.9,158.8,7.9,0,954.7,1002.8,85.1,,
883,2023-06-20 11:00,23,161.2,7.1,0,954.8,1002.9,87.3,,
883,2023-06-20 12:00,24.4,162.5,7.1,0,954.7,1002.9,84.1,,
883,2023-06-20 13:00,22,166.4,7.5,0,954.1,1002.4,95.3,,
883,2023-06-20 14:00,22.4,176.3,5.6,0,953.7,1001.9,95.6,,
883,2023-06-20 15:00,22.9,169.5,8.6,.5,953.1,1001.1,90.6,,
883,2023-06-20 16:00,22.4,174,7.3,0,952.9,1001,93.2,,
883,2023-06-20 17:00,22.1,165,6.8,0,952.5,1000.7,91.7,,
883,2023-06-20 18:00,22.2,174.1,5.2,1,952.5,1000.7,95.4,,
883,2023-06-20 19:00,22,181.1,4.4,.5,952.5,1000.7,97,,
883,2023-06-20 20:00,22.1,189.9,3.5,.5,952.7,1000.9,98.1,,
883,2023-06-20 21:00,21.8,207.7,2.6,1,953,1001.3,98.7,,
883,2023-06-20 22:00,21.2,215.1,2.6,.5,953.1,1001.6,99.1,,
883,2023-06-20 23:00,20.6,221.6,2.9,0,953.3,1002,99.3,,
883,2023-06-21 00:00,20.1,228,3,0,953.4,1002.2,99.4,,
883,2023-06-21 01:00,19.9,221.3,3.2,0,953.3,1002.2,99.4,,
883,2023-06-21 02:00,19.5,226,2.8,0,952.9,1001.9,99.5,,
883,2023-06-21 03:00,19.4,232.6,2.7,0,952.8,1001.8,99.5,,
883,2023-06-21 04:00,18.6,243.9,2.8,0,952.6,1001.3,99.8,,
883,2023-06-21 05:00,18.7,258.5,2.3,0,952.9,1001.6,99.8,,
883,2023-06-21 06:00,18.9,265.4,2,.5,953.1,1001.8,99.8,,
883,2023-06-21 07:00,19,265.2,2.3,.5,953.2,1002.3,99.5,,
883,2023-06-21 08:00,18.9,294.9,3,0,953.5,1002.2,99.6,,
883,2023-06-21 09:00,19.6,316.2,3.2,0,953.3,1002.3,99.7,,
883,2023-06-21 10:00,19.4,306.1,3.7,0,953.1,1002.1,99.8,,
883,2023-06-21 11:00,19.5,303,3.8,0,953.3,1002.3,99.6,,
883,2023-06-21 12:00,19.7,308.5,3.9,.5,953.6,1002.5,99.8,,
883,2023-06-21 13:00,19.6,295.5,3,0,953.6,1002.6,99.6,,
883,2023-06-21 14:00,19.2,275.5,3.2,0,953.6,1002.7,99.7,,
883,2023-06-21 15:00,19.2,293.2,2.6,0,953.6,1002.7,100,,
883,2023-06-21 16:00,19.2,23.5,3.8,0,953.5,1002.6,99.6,,
883,2023-06-21 17:00,19.1,16.6,4.2,.5,953.4,1002.5,99.9,,
883,2023-06-21 18:00,19,23.5,6.3,0,953.7,1002.8,99.7,,
883,2023-06-21 19:00,18.8,24.3,5.6,0,954.3,1003.1,99.8,,
883,2023-06-21 20:00,18.4,25.7,5,0,954.8,1003.7,99.8,,
883,2023-06-21 21:00,18.3,25.4,5.3,0,955.1,1004,99.7,,
883,2023-06-21 22:00,18.3,22.7,5.9,0,955.4,1004.4,99.9,,
883,2023-06-21 23:00,17.9,29.1,5.2,0,955.2,1004.3,99.8,,
883,2023-06-22 00:00,17.8,29.2,4.2,0,955.5,1004.6,99.9,,
883,2023-06-22 01:00,17.6,25.6,4.8,0,955.3,1004.5,99.9,,
883,2023-06-22 02:00,17.6,27.6,5,0,955.2,1004.4,99.9,,
883,2023-06-22 03:00,17.4,27.4,3.9,0,955.6,1004.8,99.9,,
883,2023-06-22 04:00,17.4,21.7,4.7,0,955.7,1004.9,99.8,,
883,2023-06-22 05:00,17.4,23.5,3.9,0,956.2,1005.5,99.6,,
883,2023-06-22 06:00,17.5,26.1,4.9,0,956.2,1005.4,99.8,,
883,2023-06-22 07:00,17.4,31.3,5.4,0,956.7,1006,99.8,,
883,2023-06-22 08:00,18.4,24.1,4.8,0,956.9,1005.9,99.6,,
883,2023-06-22 09:00,20.1,24.5,4.3,0,957.2,1006.2,90.4,,
883,2023-06-22 10:00,22.1,28.1,5.1,0,956.8,1005.2,79.9,,
883,2023-06-22 11:00,22.5,27.6,3.7,0,957,1005.3,77.4,,
883,2023-06-22 12:00,22.9,16,4.3,0,956.8,1005,76.7,,
883,2023-06-22 13:00,22.3,28,4.1,0,956.7,1005.1,79.9,,
883,2023-06-22 14:00,22.8,31,4.6,0,956.6,1004.8,77.9,,
883,2023-06-22 15:00,21.1,21.5,3,0,956.7,1005.4,72.7,,
883,2023-06-22 16:00,21,313.6,2.8,0,956.7,1005.4,75.7,,
883,2023-06-22 17:00,20.6,321,3,0,956.7,1005.5,80,,
883,2023-06-22 18:00,19.6,340.7,2.2,0,956.6,1005.7,81.2,,
883,2023-06-22 19:00,19.4,324.8,1.1,0,957,1006.2,87.9,,
883,2023-06-22 20:00,18.5,70.8,.7,0,957.1,1006.1,93.9,,
883,2023-06-22 21:00,17.7,60.1,1.8,0,957.5,1006.7,85.8,,
883,2023-06-22 22:00,18.1,76,2.5,0,957.7,1006.8,80.8,,
883,2023-06-22 23:00,17.8,87.7,2.4,0,957.6,1006.8,78,,
883,2023-06-23 00:00,17.4,57.7,2.2,0,957.7,1007,80.8,,
883,2023-06-23 01:00,16.8,37.7,2.1,0,957.5,1007,83,,
883,2023-06-23 02:00,16.8,36.8,2.3,0,957.6,1007.1,82.9,,
883,2023-06-23 03:00,17.8,68.4,2.9,0,957.8,1007,70,,
883,2023-06-23 04:00,18,49.8,1.8,0,957.9,1007.1,68.6,,
883,2023-06-23 05:00,17.3,72.5,2.7,0,958.2,1007.6,71.5,,
883,2023-06-23 06:00,18,51.1,2.1,0,958.3,1007.5,71.1,,
883,2023-06-23 07:00,19.6,45.1,1.9,0,958.7,1007.9,70.5,,
883,2023-06-23 08:00,23.2,29.4,2.4,0,959.3,1007.5,65.6,,
883,2023-06-23 09:00,24,15.6,2.9,0,959.7,1008.2,65.2,,
883,2023-06-23 10:00,25.9,36.6,2.8,0,959.9,1008,65.1,,
883,2023-06-23 11:00,25.5,12.7,2.5,0,960.2,1008.4,65.7,,
883,2023-06-23 12:00,27.1,11.8,2.8,0,960.1,1007.9,63.3,,
883,2023-06-23 13:00,27,24.2,2.7,0,959.6,1007.4,60.2,,
883,2023-06-23 14:00,27.2,256.2,2.5,0,959.6,1007.4,58.3,,
883,2023-06-23 15:00,24.8,284.8,2.5,0,960,1008.3,65.7,,
883,2023-06-23 16:00,25,309.7,2.6,0,959.8,1008.1,64.2,,
883,2023-06-23 17:00,26.5,90.3,1.2,0,960.1,1008,60.9,,
883,2023-06-23 18:00,23.3,200.1,1.3,0,960.2,1008.5,77.3,,
883,2023-06-23 19:00,22,174.1,2.5,0,961,1009.7,83.4,,
883,2023-06-23 20:00,21.2,104.7,2.3,0,961.3,1010.2,84.5,,
883,2023-06-23 21:00,20.9,106.8,1.7,0,961.7,1010.7,81.2,,
883,2023-06-23 22:00,20.8,117.7,1.9,0,962,1011.1,72.3,,
883,2023-06-23 23:00,19.8,89.8,2.7,0,962.3,1011.7,83.5,,
883,2023-06-24 00:00,19.2,79,.8,0,962.5,1012,84,,
883,2023-06-24 01:00,19.4,97.5,2.7,0,962.2,1011.7,83.6,,
883,2023-06-24 02:00,18.8,135.4,1.4,0,962.2,1011.4,86.9,,
883,2023-06-24 03:00,19.3,88.2,2.7,0,962.3,1011.8,81.4,,
883,2023-06-24 04:00,19.5,71.9,2.7,0,962.6,1012.1,78.7,,
883,2023-06-24 05:00,19.3,83.2,2.5,0,962.9,1012.4,79.2,,
883,2023-06-24 06:00,18.1,79.9,1.2,0,963.5,1012.9,87.9,,
883,2023-06-24 07:00,19.9,0,.4,0,963.1,1012.5,85.6,,
883,2023-06-24 08:00,21,167.9,1.1,0,963.2,1012.3,81,,
883,2023-06-24 09:00,23.2,30.9,1.6,0,963.4,1011.8,71.9,,
883,2023-06-24 10:00,24.8,356.3,3,0,963.7,1012.2,66.5,,
883,2023-06-24 11:00,25.2,339.7,2.8,0,963.7,1012.1,72.2,,
883,2023-06-24 12:00,24.9,322.7,3.2,0,963.6,1012.1,71.4,,
883,2023-06-24 13:00,26.9,355.9,3.3,0,963.1,1011.1,67.8,,
883,2023-06-24 14:00,25.9,171.2,4,0,963.1,1011.3,70.7,,
883,2023-06-24 15:00,24.5,83.1,3.9,0,963.1,1011.7,75.1,,
883,2023-06-24 16:00,23.8,23.2,3.8,0,963,1011.3,78,,
883,2023-06-24 17:00,22.7,285.4,1.2,0,963,1011.6,82.1,,
883,2023-06-24 18:00,22,60.6,2.4,0,963.1,1011.9,84.2,,
883,2023-06-24 19:00,22.2,142.4,6.1,0,963.6,1012.3,70.1,,
883,2023-06-24 20:00,22.5,137.1,5.8,0,963.5,1012.1,69.1,,
883,2023-06-24 21:00,22.6,147.8,3,0,964.1,1012.7,67.1,,
883,2023-06-24 22:00,21.8,157.7,2,0,964.7,1013.6,75.9,,
883,2023-06-24 23:00,22.1,158.4,4.4,0,964.4,1013.2,69.7,,
883,2023-06-25 00:00,21.2,144.7,3.6,0,964.1,1013.1,70.5,,
883,2023-06-25 01:00,20.3,123.9,5.3,,963.7,1013,73.3,,
883,2023-06-25 02:00,19,139.2,3.6,,963.7,1013.4,83.9,,
883,2023-06-25 03:00,19.6,133,6.3,,963.3,1012.8,86.3,,
883,2023-06-25 04:00,19.3,140.9,7.1,,962.2,1011.7,85.4,,
883,2023-06-25 05:00,19.5,143,6.3,,962.1,1011.5,85.3,,
883,2023-06-25 06:00,20.2,133.2,9.4,,961.4,1010.6,88,,
883,2023-06-25 07:00,21,133.9,9.2,,960.6,1009.5,85,,
883,2023-06-25 08:00,20.2,129.5,4.7,,961.1,1010.3,89,,
883,2023-06-25 09:00,20.3,136.5,10.7,,959.7,1008.8,90.3,,
883,2023-06-25 10:00,20.5,145.8,10.2,,959.5,1008.5,87.4,,
883,2023-06-25 11:00,20,147.3,11,,960,1009.2,91.1,,
883,2023-06-25 12:00,20.5,147.4,10.4,,959.7,1008.7,92.9,,
883,2023-06-25 13:00,20.9,180.7,4.9,,960,1008.9,96.9,,
883,2023-06-25 14:00,21.5,184.1,3.4,,960,1008.8,97.3,,
883,2023-06-25 15:00,21.8,164.3,3.1,,959.7,1008.4,97.9,,
883,2023-06-25 16:00,21.2,231.8,2.8,,960.3,1009.2,98.3,,
883,2023-06-25 17:00,21.8,215.6,2.5,,960.4,1009.1,99,,
883,2023-06-25 18:00,21.8,216.7,1.9,,960.3,1009,99.3,,
883,2023-06-25 19:00,22.3,204.4,3.3,,960.6,1009.2,99.3,,
883,2023-06-25 20:00,22.4,205.5,3.7,,960.8,1009.3,99.3,,
883,2023-06-25 21:00,22.5,203.3,4.4,,961.3,1009.8,99.6,,
883,2023-06-25 22:00,22.6,196.4,4.3,,961,1009.5,99.4,,
883,2023-06-25 23:00,22.6,212.4,4.7,,961.6,1010.1,99.5,,
883,2023-06-26 00:00,22.4,214.1,5.3,,961,1009.5,99.6,,
883,2023-06-26 01:00,22.2,214.2,6.1,0,960.6,1009.2,99.7,,
883,2023-06-26 02:00,22.1,216.2,5.6,0,960.4,1009,99.5,,
883,2023-06-26 03:00,22.3,216.8,5.8,0,960.1,1008.6,99.5,,
883,2023-06-26 04:00,22.2,213,5.6,0,960.2,1008.8,99.7,,
883,2023-06-26 05:00,22.3,207.7,5.5,1,960.3,1008.8,99.7,,
883,2023-06-26 06:00,22.3,200.9,5.6,.5,960.3,1008.8,99.7,,
883,2023-06-26 07:00,22.3,197.8,5.6,1,960.9,1009.5,99.8,,
883,2023-06-26 08:00,22.4,195.8,5.4,.5,961.1,1009.7,99.8,,
883,2023-06-26 09:00,22.3,194,5.5,.5,961.1,1009.7,99.6,,
883,2023-06-26 10:00,22.5,200.3,5.6,0,961.3,1009.8,99.7,,
883,2023-06-26 11:00,22.6,197.1,5.3,0,961.4,1009.9,99.7,,
883,2023-06-26 12:00,22.5,199.3,5.3,.5,961.2,1009.7,99.8,,
883,2023-06-26 13:00,22.7,200.6,5.6,0,960.8,1009.3,99.7,,
883,2023-06-26 14:00,22.8,205.6,5.5,.5,960.6,1009,99.8,,
883,2023-06-26 15:00,22.7,206.1,5.6,0,960.3,1008.7,99.6,,
883,2023-06-26 16:00,22.6,207.2,4.9,0,960,1008.4,99.6,,
883,2023-06-26 17:00,22.7,212.3,5.2,0,959.6,1008,99.9,,
883,2023-06-26 18:00,22.7,202.5,5.3,.5,959.4,1007.8,99.8,,
883,2023-06-26 19:00,22.5,202.9,5,.5,959.5,1007.9,99.9,,
883,2023-06-26 20:00,22.6,208.3,5.9,1,960.2,1008.7,99.9,,
883,2023-06-26 21:00,22.5,215.8,5.5,4.5,960.4,1008.9,99.9,,
883,2023-06-26 22:00,22.6,224.9,6.2,.5,960.8,1009.3,99.8,,
883,2023-06-26 23:00,22.6,216.7,6.4,0,960.9,1009.4,99.7,,
883,2023-06-27 00:00,22.4,219.3,6.5,0,960.9,1009.4,99.8,,
883,2023-06-27 01:00,22.6,220.1,5.3,0,961.2,1009.7,99.9,,
883,2023-06-27 02:00,22.5,225,6.6,0,961.1,1009.6,99.7,,
883,2023-06-27 03:00,22.5,225.5,6.1,0,961,1009.5,99.8,,
883,2023-06-27 04:00,22.5,224.6,5.6,.5,960.8,1009.3,99.6,,
883,2023-06-27 05:00,22.5,220.1,5.5,0,960.9,1009.4,99.9,,
883,2023-06-27 06:00,22.6,222.2,5.3,.5,961.2,1009.7,99.9,,
883,2023-06-27 07:00,22.6,211.1,5.3,0,961.5,1010,99.8,,
883,2023-06-27 08:00,22.9,216.5,5.6,0,961.8,1010.2,99.8,,
883,2023-06-27 09:00,22.8,210.2,5.1,1,962.1,1010.6,99.8,,
883,2023-06-27 10:00,22.8,211.8,5,1,962.2,1010.7,99.8,,
883,2023-06-27 11:00,23,211.3,6.1,3,962.2,1010.6,99.8,,
883,2023-06-27 12:00,23,217.1,5.5,1.5,962.8,1011.3,99.8,,
883,2023-06-27 13:00,22.9,218.9,4.7,2.5,962.8,1011.3,99.9,,
883,2023-06-27 14:00,23,215.5,5.5,1.5,962.3,1010.7,99.9,,
883,2023-06-27 15:00,22.8,224.2,5.7,1.5,962.3,1010.8,99.9,,
883,2023-06-27 16:00,23,227.3,5.3,0,962.1,1010.5,99.9,,
883,2023-06-27 17:00,23,224.1,4.7,.5,962.1,1010.5,99.8,,
883,2023-06-27 18:00,22.8,217.8,4.5,0,962.1,1010.6,99.8,,
883,2023-06-27 19:00,22.7,213.9,5.2,1.5,962.4,1010.9,99.8,,
883,2023-06-27 20:00,22.7,208.6,5.4,1,962.5,1011,99.9,,
883,2023-06-27 21:00,22.9,211.7,5.7,0,962.6,1011.1,99.8,,
883,2023-06-27 22:00,22.9,212.6,6.5,0,962.5,1011,99.8,,
883,2023-06-27 23:00,22.8,214.9,6,0,962.6,1011.1,99.8,,
883,2023-06-28 00:00,22.8,210.2,6.2,0,962.3,1010.8,99.9,,
883,2023-06-28 01:00,22.7,216.9,6,0,962.3,1010.8,99.8,,
883,2023-06-28 02:00,22.8,219.3,5.5,0,962.3,1010.8,99.8,,
883,2023-06-28 03:00,22.9,221.9,6.8,0,961.9,1010.4,99.8,,
883,2023-06-28 04:00,22.7,215.6,5.8,0,961.5,1010,99.7,,
883,2023-06-28 05:00,22.8,214,5.4,.5,961.5,1010,99.8,,
883,2023-06-28 06:00,22.7,205.3,6,0,961.6,1010.1,99.7,,
883,2023-06-28 07:00,22.7,205.9,5.5,.5,962,1010.5,99.8,,
883,2023-06-28 08:00,22.8,215.3,4.7,0,962.2,1010.7,99.9,,
883,2023-06-28 09:00,22.9,215.1,4.7,.5,962.1,1010.6,99.9,,
883,2023-06-28 10:00,23,218,4.7,.5,962.4,1010.8,99.8,,
883,2023-06-28 11:00,23.1,218.4,5.2,0,962.4,1010.8,99.7,,
883,2023-06-28 12:00,23.2,219.3,5.5,0,961.9,1010.3,99.8,,
883,2023-06-28 13:00,23.2,225.6,5.1,0,961.3,1009.6,99.9,,
883,2023-06-28 14:00,23.3,228.1,5.5,0,960.9,1009.2,99.8,,
883,2023-06-28 15:00,23.4,236.9,5.9,0,960.6,1008.8,99.8,,
883,2023-06-28 16:00,23.3,235.6,5.6,0,960.4,1008.7,99.8,,
883,2023-06-28 17:00,23.5,228.7,5.2,0,960,1008.2,99.7,,
883,2023-06-28 18:00,23.3,229.5,5.1,0,959.9,1008.1,99.9,,
883,2023-06-28 19:00,23.2,223.4,4.6,0,960.1,1008.4,99.9,,
883,2023-06-28 20:00,23.3,222.2,4,0,960.2,1008.5,99.9,,
883,2023-06-28 21:00,23.3,223.9,3.9,0,960.5,1008.8,99.8,,
883,2023-06-28 22:00,23.4,214.1,4.7,0,960.3,1008.5,99.8,,
883,2023-06-28 23:00,23.3,212.3,4.7,0,960,1008.2,99.9,,
883,2023-06-29 00:00,23.1,197.6,5.2,.5,959.4,1007.7,99.8,,
883,2023-06-29 01:00,23,197.7,5.7,.5,958.8,1007.1,100,,
883,2023-06-29 02:00,22.6,197.4,6.4,0,958,1006.3,99.9,,
883,2023-06-29 03:00,22.6,201.7,6,.5,958,1006.3,99.9,,
883,2023-06-29 04:00,22.5,201.3,6.3,0,957.7,1006.1,99.9,,
883,2023-06-29 05:00,22.7,200.9,5.2,.5,957.6,1005.9,100,,
883,2023-06-29 06:00,22.5,195.6,5.3,.5,957.5,1005.8,99.8,,
883,2023-06-29 07:00,22.6,196.7,5.1,0,957.4,1005.7,99.9,,
883,2023-06-29 08:00,22.7,201,6,0,957.7,1006,99.9,,
883,2023-06-29 09:00,22.9,203.3,6.2,0,957.6,1005.8,99.9,,
883,2023-06-29 10:00,23.1,197.4,5.8,0,957.6,1005.8,99.9,,
883,2023-06-29 11:00,23.2,203.7,6.6,0,957.3,1005.4,99.9,,
883,2023-06-29 12:00,23.4,211.9,6.3,0,956.6,1004.6,99.9,,
883,2023-06-29 13:00,23.4,213.5,6.4,0,956.2,1004.2,99.9,,
883,2023-06-29 14:00,23.4,218.6,5.6,0,955.7,1003.7,99.9,,
883,2023-06-29 15:00,23.5,217.4,6.6,0,954.7,1002.6,99.9,,
883,2023-06-29 16:00,23.5,224,6.5,0,954.8,1002.7,99.9,,
883,2023-06-29 17:00,23.5,227,6.2,0,954.5,1002.4,99.9,,
883,2023-06-29 18:00,23.4,226.4,6.2,0,954.5,1002.4,99.9,,
883,2023-06-29 19:00,23.3,222,5.5,0,954.4,1002.4,99.9,,
883,2023-06-29 20:00,23.3,214.5,5.3,0,954.6,1002.6,99.9,,
883,2023-06-29 21:00,23.2,218.5,6,.5,955.2,1003.2,99.9,,
883,2023-06-29 22:00,22.8,222.1,6.1,0,956.2,1004.4,99.8,,
883,2023-06-29 23:00,22.7,235.9,5.2,.5,956.4,1004.6,99.9,,
883,2023-06-30 00:00,22.7,236.6,3.7,1,955.5,1003.7,99.9,,
883,2023-06-30 01:00,22.6,215.1,3.6,0,954.7,1002.9,99.9,,
883,2023-06-30 02:00,22.8,216.5,5,.5,954.1,1002.2,99.9,,
883,2023-06-30 03:00,22.8,218.2,6,0,953.4,1001.5,99.9,,
883,2023-06-30 04:00,23,208.3,5.9,.5,952.6,1000.6,99.9,,
883,2023-06-30 05:00,23.1,209.3,5.8,1.5,953.2,1001.2,99.9,,
883,2023-06-30 06:00,22.8,209.4,4.4,6.5,953.2,1001.2,99.9,,
883,2023-06-30 07:00,22.8,220,5.4,5.5,953.8,1001.9,99.9,,
883,2023-06-30 08:00,21.8,232.4,2.5,23,953.9,1002.3,100,,
883,2023-06-30 09:00,22.1,168.4,4.1,7,953.2,1001.4,100,,
883,2023-06-30 10:00,22.4,192.2,3.4,2.5,954.1,1002.3,99.9,,
883,2023-06-30 11:00,22.9,231.8,2.8,6,954.2,1002.3,99.9,,
883,2023-06-30 12:00,22.3,196.9,4.2,17,954.3,1002.5,99.9,,
883,2023-06-30 13:00,23.1,221.9,5.1,2.5,953.2,1001.2,99.9,,
883,2023-06-30 14:00,22.5,216.3,3.5,18.5,953.3,1001.4,100,,
883,2023-06-30 15:00,22.7,220.3,4.5,.5,952.9,1001,100,,
883,2023-06-30 16:00,22.8,228.3,5.5,1,952.5,1000.5,100,,
883,2023-06-30 17:00,22.7,235.7,5.8,0,952.5,1000.5,100,,
883,2023-06-30 18:00,22.6,233.6,4.3,0,952.8,1000.9,100,,
883,2023-06-30 19:00,22.6,241.5,4.4,0,953.5,1001.6,100,,
883,2023-06-30 20:00,22.4,238.8,3.5,0,954.2,1002.4,100,,
883,2023-06-30 21:00,22.2,229.2,3.5,0,954.5,1002.8,100,,
883,2023-06-30 22:00,22,222.6,2.7,0,954.9,1003.3,100,,
883,2023-06-30 23:00,22,229.1,3,0,955.2,1003.6,100,,
883,2023-07-01 00:00,22,226.4,2.7,0,955.2,1003.6,100,,
883,2023-07-01 01:00,22,216.2,2.6,.5,954.8,1003.1,100,,
883,2023-07-01 02:00,21.8,238.2,1.2,0,954.4,1002.8,100,,
883,2023-07-01 03:00,21.8,252.9,1.5,0,954.7,1003.1,100,,
883,2023-07-01 04:00,21.9,258.1,1.6,0,954.8,1003.2,100,,
883,2023-07-01 05:00,21.8,176.1,.7,.5,955.4,1003.8,100,,
883,2023-07-01 06:00,21.6,296.2,2.7,4.5,955.5,1004,100,,
883,2023-07-01 07:00,21.5,0,.2,1.5,956.1,1004.7,100,,
883,2023-07-01 08:00,22,274.6,.5,.5,956.1,1004.5,100,,
883,2023-07-01 09:00,22.4,102.6,.5,0,956.6,1004.9,100,,
883,2023-07-01 10:00,22.5,236,1.8,0,957.4,1005.7,100,,
883,2023-07-01 11:00,23.3,254.5,1.8,0,958,1006.1,98,,
883,2023-07-01 12:00,24.5,52.7,1.7,0,957.6,1005.9,96.6,,
883,2023-07-01 13:00,23.1,29.5,1.7,0,957.9,1006.1,99.7,,
883,2023-07-01 14:00,22.8,324.5,1.3,0,957.8,1006.1,97.8,,
883,2023-07-01 15:00,22.3,239.5,1.9,0,957.9,1006.3,99.8,,
883,2023-07-01 16:00,24.1,0,.2,0,957.4,1005.8,98.9,,
883,2023-07-01 17:00,25.9,256.3,.9,0,957.3,1005.2,88.6,,
883,2023-07-01 18:00,26.6,213.4,1,0,957.4,1005.2,87.6,,
883,2023-07-01 19:00,24.1,237.3,1.7,0,958,1006.4,95.9,,
883,2023-07-01 20:00,23,184.3,1.1,0,958.4,1006.6,98,,
883,2023-07-01 21:00,22.6,0,.4,0,958.5,1006.9,99.5,,
883,2023-07-01 22:00,22.1,30.2,2,0,958.9,1007.4,100,,
883,2023-07-01 23:00,21.7,128.4,.9,0,958.9,1007.5,99.9,,
883,2023-07-02 00:00,22.3,110.8,1.2,0,959,1007.5,95.9,,
883,2023-07-02 01:00,22.8,0,.3,0,958.9,1007.2,93.4,,
883,2023-07-02 02:00,23.6,151.3,2.9,0,958.5,1006.6,88.4,,
883,2023-07-02 03:00,22.7,69.6,1,0,958.6,1006.9,93.4,,
883,2023-07-02 04:00,23.1,155,2.9,0,958.1,1006.3,91.7,,
883,2023-07-02 05:00,23,161.5,2.7,0,958.5,1006.8,94.5,,
883,2023-07-02 06:00,23.8,148.5,3.1,0,958.6,1006.6,90.1,,
883,2023-07-02 07:00,23.7,158.5,2.8,0,959.5,1007.6,91.9,,
883,2023-07-02 08:00,25.9,193.8,2.4,0,960.1,1008.2,88.4,,
883,2023-07-02 09:00,26.4,174.4,3.1,0,960.2,1008.2,87.2,,
883,2023-07-02 10:00,26.5,207.7,2,0,960.3,1008.3,84.7,,
883,2023-07-02 11:00,26.8,226.1,1.4,0,959.8,1007.7,76.8,,
883,2023-07-02 12:00,27.9,209.4,2,0,960.1,1007.7,86.4,,
883,2023-07-02 13:00,27.1,179.5,2.7,0,959.6,1007.4,82.9,,
883,2023-07-02 14:00,26.3,181,3.1,0,959.2,1007.1,86.3,,
883,2023-07-02 15:00,26.3,190.1,3.2,0,958.8,1006.7,87.4,,
883,2023-07-02 16:00,27.4,194.3,3.8,0,959.1,1006.8,85.9,,
883,2023-07-02 17:00,26.5,193.8,3,0,958.8,1006.7,86,,
883,2023-07-02 18:00,24.8,162.7,2.9,0,959.1,1007.4,96.6,,
883,2023-07-02 19:00,24.7,165.5,4.8,0,959,1007.3,95.7,,
883,2023-07-02 20:00,24.3,174.4,4,0,959,1007.4,98.9,,
883,2023-07-02 21:00,23.9,190,3.6,.5,959.2,1007.2,99.9,,
883,2023-07-02 22:00,24.1,193.5,3.7,1,959.4,1007.9,99.9,,
883,2023-07-02 23:00,24.1,193.3,3.1,.5,959.6,1008.1,100,,
883,2023-07-03 00:00,23.9,209,4.1,3.5,959.1,1007.1,100,,
883,2023-07-03 01:00,24,228.1,4.7,2,958.7,1007.1,100,,
883,2023-07-03 02:00,23.8,237.5,3.2,2,958.5,1006.5,100,,
883,2023-07-03 03:00,23.7,233.4,3.1,2,957.9,1005.9,100,,
883,2023-07-03 04:00,23.2,227.5,3.3,10.5,957.8,1006,100,,
883,2023-07-03 05:00,23.5,235.4,3.2,1.5,957.4,1005.5,100,,
883,2023-07-03 06:00,23.4,211.2,1.5,0,957.3,1005.4,100,,
883,2023-07-03 07:00,23.5,224.1,1.6,0,957.5,1005.6,100,,
883,2023-07-03 08:00,24,146.5,.9,0,957.4,1005.8,100,,
883,2023-07-03 09:00,23.7,230.9,2.3,0,958.3,1006.3,100,,
883,2023-07-03 10:00,25.8,98.6,.9,0,957.9,1005.9,100,,
883,2023-07-03 11:00,24.5,234,1.6,0,958.2,1006.5,99.3,,
883,2023-07-03 12:00,24.3,233.6,1.4,0,958.1,1006.4,97.5,,
883,2023-07-03 13:00,23.7,195.7,1.1,2,957.5,1005.5,99.1,,
883,2023-07-03 14:00,23.4,211.5,1.6,.5,957.2,1005.3,99.5,,
883,2023-07-03 15:00,23,210.4,2.7,0,957.1,1005.3,99.7,,
883,2023-07-03 16:00,23,222.7,2.2,.5,956.9,1005.1,100,,
883,2023-07-03 17:00,22.6,225.8,2.4,1,956.5,1004.8,100,,
883,2023-07-03 18:00,22.5,248.9,2.3,0,956.8,1005.1,100,,
883,2023-07-03 19:00,22.8,284,1.6,0,956.1,1004.3,100,,
883,2023-07-03 20:00,22.7,252.5,1.2,0,956.2,1004.4,100,,
883,2023-07-03 21:00,22.7,0,.2,0,956.4,1004.6,100,,
883,2023-07-03 22:00,22.5,145.5,1.9,0,956.5,1004.8,100,,
883,2023-07-03 23:00,22.1,0,.1,0,956.8,1005.2,100,,
883,2023-07-04 00:00,22.3,186.5,2.5,0,956.3,1004.6,100,,
883,2023-07-04 01:00,22.3,182.3,2.2,0,956.1,1004.4,100,,
883,2023-07-04 02:00,22.1,0,.3,0,955.5,1003.9,100,,
883,2023-07-04 03:00,23.4,158,4.3,0,955.3,1003.3,95.4,,
883,2023-07-04 04:00,23.1,162.2,4,0,954.8,1002.8,96.9,,
883,2023-07-04 05:00,23.5,165.1,3.9,0,954.6,1002.5,93.7,,
883,2023-07-04 06:00,23.3,171.8,4.2,0,954.4,1002.4,95.6,,
883,2023-07-04 07:00,23.8,159.1,4.6,0,954.6,1002.4,94.8,,
883,2023-07-04 08:00,25.1,162.4,3.6,0,954.5,1002.5,90.4,,
883,2023-07-04 09:00,25.6,180.4,3.9,0,954.2,1002.1,88.9,,
883,2023-07-04 10:00,27.3,188.5,3,0,954,1001.5,85.5,,
883,2023-07-04 11:00,26.3,164.8,3.8,0,953.9,1001.6,91.6,,
883,2023-07-04 12:00,28.5,196.3,2.1,0,953.5,1000.7,83.3,,
883,2023-07-04 13:00,28.3,179.3,3.8,0,953.2,1000.4,87.1,,
883,2023-07-04 14:00,27.9,169.1,5.6,0,953,1000.3,83.2,,
883,2023-07-04 15:00,28.4,190.2,3.1,0,952.5,999.6,78.8,,
883,2023-07-04 16:00,27.3,178.3,3.9,0,952.2,999.6,85.6,,
883,2023-07-04 17:00,27,179.2,3.9,0,951.8,999.2,85.5,,
883,2023-07-04 18:00,27.6,174.2,4.4,0,951.4,998.7,82.4,,
883,2023-07-04 19:00,26.6,186,3.7,0,951.7,999.2,87.4,,
883,2023-07-04 20:00,25.6,178.4,5.1,0,951.6,999.3,90.5,,
883,2023-07-04 21:00,25.2,179.7,4.4,0,952.2,1000,91.5,,
883,2023-07-04 22:00,25.1,182.8,3.4,0,951.7,999.5,90,,
883,2023-07-04 23:00,25.3,185.6,3.1,0,950.9,998.7,90.5,,
883,2023-07-05 00:00,25,176.2,3.9,0,950.7,998.5,92.9,,
883,2023-07-05 01:00,24.1,169.5,4.3,0,950.7,998.7,98.4,,
883,2023-07-05 02:00,24.2,191.1,3.8,0,950,998,95.2,,
883,2023-07-05 03:00,23.8,189.5,4.3,0,949.3,996.9,97.4,,
883,2023-07-05 04:00,23.4,226.5,5.2,.5,949,996.7,99.2,,
883,2023-07-05 05:00,23.1,249.4,4,5,949.2,997,100,,
883,2023-07-05 06:00,21.8,297.7,5.5,25,949.8,997.9,100,,
883,2023-07-05 07:00,22.2,302.1,4.2,8,950,998,100,,
883,2023-07-05 08:00,22.1,34.3,3.3,2,950.2,998.3,100,,
883,2023-07-05 09:00,22.4,16.3,2.9,0,950.5,998.5,100,,
883,2023-07-05 10:00,21.8,311.1,4,0,950.8,999,100,,
883,2023-07-05 11:00,22.4,3.8,3.1,0,951,999,100,,
883,2023-07-05 12:00,23.9,359.3,3.2,0,951,998.6,87.4,,
883,2023-07-05 13:00,26.2,25.7,2.7,0,951.1,998.7,88.1,,
883,2023-07-05 14:00,24.1,312.1,3.4,0,951.2,999.2,83.2,,
883,2023-07-05 15:00,25.2,353,2.9,0,951.1,998.9,77,,
883,2023-07-05 16:00,26.7,20.9,3.1,0,951,998.4,77.1,,
883,2023-07-05 17:00,24.5,316.9,2.5,0,951.1,999.1,76.2,,
883,2023-07-05 18:00,24.7,353,1.9,0,951.2,999.1,73.6,,
883,2023-07-05 19:00,22.8,343.1,1.4,0,951.8,999.8,84.6,,
883,2023-07-05 20:00,21,0,.2,0,952.3,1000.8,90.8,,
883,2023-07-05 21:00,19.8,159.3,1.8,0,952.6,1001.5,95.7,,
883,2023-07-05 22:00,19.8,168.4,2,0,953.4,1002.3,96.4,,
883,2023-07-05 23:00,20.4,179.3,3,0,953.8,1002.5,95,,
883,2023-07-06 00:00,19.8,184.4,2.5,0,954.1,1003,97.4,,
883,2023-07-06 01:00,19.9,176.6,3.3,0,954,1002.9,93.7,,
883,2023-07-06 02:00,18.2,207.4,.8,0,953.8,1002.7,96.7,,
883,2023-07-06 03:00,19,95.2,1.2,0,953.7,1002.8,82,,
883,2023-07-06 04:00,21.8,145,2.8,0,953.7,1002,63.2,,
883,2023-07-06 05:00,22.6,145.3,3.4,0,953.9,1002,58,,
883,2023-07-06 06:00,22,151.3,5.1,0,953.9,1002.2,58.6,,
883,2023-07-06 07:00,24.9,139.8,5.4,0,954.3,1002.3,39.1,,
883,2023-07-06 08:00,26.3,149.6,4.7,0,955.1,1002.8,43,,
883,2023-07-06 09:00,28.3,146,3.5,0,955.4,1002.7,45.2,,
883,2023-07-06 10:00,27.2,158.5,2.8,0,955.2,1002.7,59.4,,
883,2023-07-06 11:00,27.7,257.7,2.6,0,955.4,1002.8,77.2,,
883,2023-07-06 12:00,27,238,2.4,0,955.6,1003.2,78.8,,
883,2023-07-06 13:00,27.4,185.3,3.7,0,954.7,1002.2,77.8,,
883,2023-07-06 14:00,27.6,179.5,3.4,0,954.7,1002.1,75.7,,
883,2023-07-06 15:00,28,183,2.5,0,954.3,1001.6,72,,
883,2023-07-06 16:00,27.5,191.1,3.2,0,954.2,1001.6,73.7,,
883,2023-07-06 17:00,24.9,181.3,4.6,0,953.8,1001.8,82.3,,
883,2023-07-06 18:00,23.9,188.2,3.1,0,954.3,1002.1,79.5,,
883,2023-07-06 19:00,24.4,152.9,2.5,0,954.4,1002.5,70.1,,
883,2023-07-06 20:00,23.3,159.6,3.3,0,954.9,1002.9,62.2,,
883,2023-07-06 21:00,23.2,145.7,3.4,0,955.1,1003.1,57.2,,
883,2023-07-06 22:00,21.4,164.4,3.4,0,955.4,1003.9,88.4,,
883,2023-07-06 23:00,22.8,151.5,4.9,0,955.5,1003.7,86.5,,
883,2023-07-07 00:00,22.9,161.4,4.4,0,955.3,1003.4,81.7,,
883,2023-07-07 01:00,23.8,174.5,4.3,0,954.7,1002.5,73.1,,
883,2023-07-07 02:00,23.9,171.4,5,0,954.3,1002.1,75.6,,
883,2023-07-07 03:00,23.7,180.2,4,0,954.5,1002.4,76.3,,
883,2023-07-07 04:00,23.3,153,5.7,.5,953.6,1001.5,89.5,,
883,2023-07-07 05:00,23.8,174.5,3.7,1,953.8,1001.6,97.1,,
883,2023-07-07 06:00,24.2,182.2,4.4,0,953.9,1002.1,97.9,,
883,2023-07-07 07:00,24.6,178.2,4.8,0,953.8,1001.9,97.4,,
883,2023-07-07 08:00,24.8,181.3,5.4,0,953.6,1001.6,95.9,,
883,2023-07-07 09:00,24.7,189.6,5.3,0,953.5,1001.5,96.2,,
883,2023-07-07 10:00,24.6,195,5.2,0,953.4,1001.4,96.8,,
883,2023-07-07 11:00,24.4,206.4,4.7,1,953,1001.1,99.7,,
883,2023-07-07 12:00,24.5,208.2,4.2,1,952.8,1000.8,100,,
883,2023-07-07 13:00,24.3,217.6,4.4,.5,953,1001.1,100,,
883,2023-07-07 14:00,24.4,187.3,3.7,0,952.7,1000.8,100,,
883,2023-07-07 15:00,24.1,210.8,3.5,0,952.8,1000.9,100,,
883,2023-07-07 16:00,24.1,210.2,3.9,0,952.8,1000.9,100,,
883,2023-07-07 17:00,23.9,217.6,3.3,0,953.1,1000.8,100,,
883,2023-07-07 18:00,23.9,207.6,3.2,0,952.9,1000.6,100,,
883,2023-07-07 19:00,24,167.2,4.4,0,953.1,1001.3,100,,
883,2023-07-07 20:00,23.9,169.4,3.9,0,953.7,1001.5,99,,
883,2023-07-07 21:00,24.1,173.2,3.8,0,954,1002.2,96.4,,
883,2023-07-07 22:00,24.3,162.7,5.2,0,954.4,1002.6,95.3,,
883,2023-07-07 23:00,24.1,166.2,3.9,0,954.9,1003.1,98.7,,
883,2023-07-08 00:00,24,174,3.8,0,954.6,1002.8,99.7,,
883,2023-07-08 01:00,24.4,193,3,0,954.4,1002.5,95.5,,
883,2023-07-08 02:00,24.1,186,3.4,0,954,1002.2,97.3,,
883,2023-07-08 03:00,23.7,219.5,4.1,6.5,954,1001.8,100,,
883,2023-07-08 04:00,23.7,210.1,3.6,6,953.9,1001.7,99.9,,
883,2023-07-08 05:00,23.9,211.5,3.2,3,953.7,1001.5,100,,
883,2023-07-08 06:00,23.8,220.6,3.7,6,954.1,1001.9,100,,
883,2023-07-08 07:00,23.7,230.2,4.5,26,954.4,1002.3,100,,
883,2023-07-08 08:00,23.1,226.3,3.9,5,954.7,1002.7,100,,
883,2023-07-08 09:00,23.3,202.7,2.9,4.5,954.4,1002.4,100,,
883,2023-07-08 10:00,23.4,207,3.2,2.5,954.7,1002.7,100,,
883,2023-07-08 11:00,23.5,221.1,3.3,4,954.9,1002.8,100,,
883,2023-07-08 12:00,23.5,221.8,3.2,2,954.8,1002.7,100,,
883,2023-07-08 13:00,23.3,216.3,3.2,1,955,1003,100,,
883,2023-07-08 14:00,23,210.1,3.2,1,955.2,1003.3,100,,
883,2023-07-08 15:00,22.9,205.2,3.1,.5,955.3,1003.4,100,,
883,2023-07-08 16:00,23.2,202.3,3,1,955.3,1003.3,100,,
883,2023-07-08 17:00,24.3,194.2,3.3,0,954.5,1002.7,100,,
883,2023-07-08 18:00,23.4,197.6,3.5,0,954.7,1002.7,100,,
883,2023-07-08 19:00,23.9,195.8,3.3,0,955.1,1002.9,100,,
883,2023-07-08 20:00,23.6,206.1,3.2,0,955.8,1003.8,100,,
883,2023-07-08 21:00,23.6,210.3,2.9,.5,956.1,1004.1,100,,
883,2023-07-08 22:00,23.5,214.2,3,0,956.7,1004.7,99.9,,
883,2023-07-08 23:00,23.6,209,2.8,0,956.9,1004.9,100,,
883,2023-07-09 00:00,23.6,207.3,3.2,0,956.5,1004.5,100,,
883,2023-07-09 01:00,23.6,204.1,3.1,0,956,1004,100,,
883,2023-07-09 02:00,23.7,193,3.2,0,955.8,1003.7,100,,
883,2023-07-09 03:00,23.9,192,3.6,0,955.5,1003.4,100,,
883,2023-07-09 04:00,24,194.7,3.2,.5,955.7,1004,99.9,,
883,2023-07-09 05:00,23.8,224.9,2.9,5,955.8,1003.7,100,,
883,2023-07-09 06:00,23.7,223.1,3.4,.5,955.7,1003.6,100,,
883,2023-07-09 07:00,23.3,205.5,3.8,0,955.4,1003.4,100,,
883,2023-07-09 08:00,23.4,183,2.9,0,956.1,1004.1,100,,
883,2023-07-09 09:00,24.3,177.1,3.4,0,956.5,1004.8,97.6,,
883,2023-07-09 10:00,23.4,202.9,4.3,0,957.2,1005.3,99.3,,
883,2023-07-09 11:00,25.5,184.9,3.1,0,956.5,1004.5,95.7,,
883,2023-07-09 12:00,26.3,197.3,3,0,956.7,1004.5,91.9,,
883,2023-07-09 13:00,25.4,206.8,3.4,0,957,1005,94.7,,
883,2023-07-09 14:00,24.5,193.2,3.4,0,956.9,1005.1,97.7,,
883,2023-07-09 15:00,26.9,191.3,2.8,0,956.3,1004,92.2,,
883,2023-07-09 16:00,25.6,165.9,5,0,956.2,1004.2,94.9,,
883,2023-07-09 17:00,24.4,196.4,3.2,0,956.6,1004.9,97.4,,
883,2023-07-09 18:00,23.8,196.6,3.7,0,956.9,1004.9,99.8,,
883,2023-07-09 19:00,24.2,169.3,3.5,0,956.4,1004.7,100,,
883,2023-07-09 20:00,23.9,185.4,3,0,956.8,1004.7,99.9,,
883,2023-07-09 21:00,23.6,178.2,3.9,0,957.1,1005.1,94.2,,
883,2023-07-09 22:00,23.6,183.8,3.3,0,958,1006.1,87.7,,
883,2023-07-09 23:00,23.8,183.6,3.8,0,958.1,1006.1,85.1,,
883,2023-07-10 00:00,23.5,193.8,3.7,0,957.6,1005.7,87.1,,
883,2023-07-10 01:00,23.4,183.9,4.6,0,956.8,1004.9,89.7,,
883,2023-07-10 02:00,23.1,186.9,4.7,0,956.9,1005,91.9,,
883,2023-07-10 03:00,23.6,196.9,4.6,0,956.8,1004.8,98.3,,
883,2023-07-10 04:00,23.6,191.7,4.5,0,956.6,1004.6,99.8,,
883,2023-07-10 05:00,23.8,217.1,3.3,0,957.1,1005.1,100,,
883,2023-07-10 06:00,23.5,216,2.9,0,957.6,1005.7,99.9,,
883,2023-07-10 07:00,23.6,222.2,2.8,0,957.8,1005.9,100,,
883,2023-07-10 08:00,23.7,215.5,2.8,0,957.5,1005.5,100,,
883,2023-07-10 09:00,23.8,219.2,3,.5,958.2,1006.2,100,,
883,2023-07-10 10:00,24.1,211.8,3.1,0,958.5,1006.9,100,,
883,2023-07-10 11:00,23.9,244.2,3.7,0,959.1,1007.1,100,,
883,2023-07-10 12:00,24,203.8,4.6,0,957.5,1005.9,100,,
883,2023-07-10 13:00,24,196.5,6.3,0,957.1,1005.5,100,,
883,2023-07-10 14:00,24.2,192.7,4.5,0,957.8,1006.2,100,,
883,2023-07-10 15:00,24.6,188.1,5,0,957.8,1006.1,99.9,,
883,2023-07-10 16:00,24.4,195.3,5.3,0,957.8,1006.1,100,,
883,2023-07-10 17:00,24.4,191.4,4.9,0,957.9,1006.2,100,,
883,2023-07-10 18:00,24.2,196,4.3,0,958.4,1006.8,99.8,,
883,2023-07-10 19:00,24.1,203,4.2,0,958.4,1006.8,99.9,,
883,2023-07-10 20:00,24,191,4.2,.5,957.8,1006.2,100,,
883,2023-07-10 21:00,23.9,198.6,3.5,.5,958.5,1006.5,100,,
883,2023-07-10 22:00,23.8,185.4,2.9,0,958.9,1007,100,,
883,2023-07-10 23:00,23.8,195.2,2.9,0,959,1007.1,100,,
883,2023-07-11 00:00,23.7,206.1,3.6,.5,958.9,1007,100,,
883,2023-07-11 01:00,23.8,214.2,3.5,.5,959,1007.1,100,,
883,2023-07-11 02:00,24,217,4.3,0,958.6,1007,100,,
883,2023-07-11 03:00,24,217.7,3.8,.5,958.4,1006.8,100,,
883,2023-07-11 04:00,24.1,226.4,4.4,.5,958.3,1006.7,100,,
883,2023-07-11 05:00,24,226.8,4.8,1,958.8,1007.3,100,,
883,2023-07-11 06:00,23.7,226,5.9,0,959.7,1007.8,100,,
883,2023-07-11 07:00,23.6,221.3,5.5,0,960.1,1008.3,100,,
883,2023-07-11 08:00,23.7,220.6,5.2,0,960,1008.1,100,,
883,2023-07-11 09:00,23.9,219.7,5.2,0,960.1,1008.2,100,,
883,2023-07-11 10:00,24.7,217.2,5.7,0,959.8,1008.1,95.8,,
883,2023-07-11 11:00,24.4,219.3,4.9,0,960,1008.4,96.4,,
883,2023-07-11 12:00,24.9,224.8,5.4,0,959.9,1008.2,94.8,,
883,2023-07-11 13:00,24.3,216.1,5.8,0,959.4,1007.8,95.7,,
883,2023-07-11 14:00,25.1,219.2,5.6,0,959.3,1007.5,93.7,,
883,2023-07-11 15:00,24.7,219.5,5.5,0,959.5,1007.8,95,,
883,2023-07-11 16:00,24.3,218.7,5.8,0,959.6,1008,95.7,,
883,2023-07-11 17:00,24.5,221.5,5.2,0,959.1,1007.5,95.1,,
883,2023-07-11 18:00,24.1,219,5.4,0,958.8,1007.2,96.1,,
883,2023-07-11 19:00,23.9,213,5.1,0,958.5,1006.5,97.4,,
883,2023-07-11 20:00,23.8,201.1,4.6,0,958.5,1006.5,96.7,,
883,2023-07-11 21:00,23.8,202.2,4.2,0,958.7,1006.7,97.2,,
883,2023-07-11 22:00,23.8,200.4,4,0,959.2,1007.3,97.9,,
883,2023-07-11 23:00,23.8,190.8,5.6,0,958.7,1006.7,97.4,,
883,2023-07-12 00:00,23.7,198,4.9,0,958.8,1006.9,95.9,,
883,2023-07-12 01:00,23.7,188.9,5.4,0,958.4,1006.5,96.4,,
883,2023-07-12 02:00,23.7,199.3,5.4,0,957.8,1005.8,97.2,,
883,2023-07-12 03:00,23.8,206.7,6.5,0,958.2,1006.2,95.8,,
883,2023-07-12 04:00,23.6,205.9,5.3,0,958.2,1006.3,97.1,,
883,2023-07-12 05:00,23.8,217.9,5.7,0,958.3,1006.3,96.7,,
883,2023-07-12 06:00,23.7,222.8,5.1,0,958.6,1006.7,97.5,,
883,2023-07-12 07:00,23.8,226.5,6.1,0,959,1007.1,97.3,,
883,2023-07-12 08:00,23.6,229,5.4,0,959.2,1007.3,99.2,,
883,2023-07-12 09:00,24,224.9,5.2,0,959.3,1007.8,97.1,,
883,2023-07-12 10:00,24.1,226.9,5.6,0,959.4,1007.9,96.6,,
883,2023-07-12 11:00,24.1,222.9,5.2,0,959.3,1007.8,96.1,,
883,2023-07-12 12:00,24.3,226,4.9,0,959.1,1007.5,96.5,,
883,2023-07-12 13:00,24.7,221.3,4.5,0,958.7,1007,95.7,,
883,2023-07-12 14:00,24.3,221.3,4.4,1,958.3,1006.7,99.1,,
883,2023-07-12 15:00,24.5,222.2,4.3,0,958.3,1006.6,98.7,,
883,2023-07-12 16:00,24.3,207.5,3.6,.5,958.3,1006.7,99.6,,
883,2023-07-12 17:00,24.4,208.5,3.9,0,958.1,1006.4,99.5,,
883,2023-07-12 18:00,24.4,206.6,3.8,0,958.1,1006.4,99.6,,
883,2023-07-12 19:00,24,199.6,4,.5,958.2,1006.6,99.4,,
883,2023-07-12 20:00,23.9,204.6,4.4,0,958.7,1006.7,99.7,,
883,2023-07-12 21:00,23.7,199.3,4.1,0,958.9,1007,99.6,,
883,2023-07-12 22:00,23.7,206.4,4.7,0,959.4,1007.5,99.5,,
883,2023-07-12 23:00,23.6,207.8,4,0,959.4,1007.5,99.4,,
883,2023-07-13 00:00,23.5,190,4.2,0,959.2,1007.4,98,,
883,2023-07-13 01:00,23.5,184.7,4.5,0,959.1,1007.2,96.8,,
883,2023-07-13 02:00,23.6,187.1,4.6,0,958.9,1007,96.5,,
883,2023-07-13 03:00,23.5,191,4.8,0,958.3,1006.4,96.6,,
883,2023-07-13 04:00,23.6,189.1,4.7,0,958.3,1006.4,97.1,,
883,2023-07-13 05:00,23.6,191.7,5.5,0,957.9,1006,96.9,,
883,2023-07-13 06:00,23.7,196.7,5.3,0,958.1,1006.1,96.2,,
883,2023-07-13 07:00,23.9,195.8,5.3,0,958,1006,96.8,,
883,2023-07-13 08:00,24,205.1,6.2,0,958.2,1006.6,96.4,,
883,2023-07-13 09:00,24.3,205.3,6.3,0,958.5,1006.9,95.9,,
883,2023-07-13 10:00,24.3,208.8,6.1,0,958.3,1006.7,94.7,,
883,2023-07-13 11:00,25,205.8,6.1,0,958.6,1006.8,94.2,,
883,2023-07-13 12:00,25.1,211.5,6.2,0,958.4,1006.6,92.8,,
883,2023-07-13 13:00,24.7,213.1,6.9,0,958,1006.3,94.2,,
883,2023-07-13 14:00,24.4,209,6.6,0,957.7,1006,95.3,,
883,2023-07-13 15:00,24.7,210.5,5.9,0,957.3,1005.5,95,,
883,2023-07-13 16:00,24.5,212.2,6.2,0,957.1,1005.4,95.6,,
883,2023-07-13 17:00,24.4,214.5,6.9,0,956.9,1005.2,94.5,,
883,2023-07-13 18:00,24.3,219.6,6.9,0,956.6,1004.9,93.4,,
883,2023-07-13 19:00,24.2,221.5,7.5,0,956.9,1005.2,95.4,,
883,2023-07-13 20:00,24.1,215.1,6.8,0,957.4,1005.8,95.6,,
883,2023-07-13 21:00,24.3,213.8,6.3,0,957.6,1005.9,94.3,,
883,2023-07-13 22:00,24.2,216.7,5.9,0,957.8,1006.2,96.3,,
883,2023-07-13 23:00,24.4,204.7,6.9,0,957.6,1005.9,95.3,,
883,2023-07-14 00:00,24.2,206.3,7.7,0,957.2,1005.5,96.9,,
883,2023-07-14 01:00,24.2,207.6,7.5,0,956.8,1005.1,96.6,,
883,2023-07-14 02:00,24.1,204.3,7.6,0,956.2,1004.5,97.1,,
883,2023-07-14 03:00,24,200.1,7.8,0,955.8,1004.1,97.3,,
883,2023-07-14 04:00,24,201,7,0,955.6,1003.9,98.4,,
883,2023-07-14 05:00,24.1,201.2,8.2,0,955.5,1003.8,95.9,,
883,2023-07-14 06:00,24,208,8,0,955.8,1004.1,97.9,,
883,2023-07-14 07:00,23.9,205.9,7.3,0,956.1,1004,97.7,,
883,2023-07-14 08:00,23.9,212.8,6.6,0,956.3,1004.2,98.9,,
883,2023-07-14 09:00,24,211.5,7.1,0,956.5,1004.8,97.5,,
883,2023-07-14 10:00,24.3,216.2,7.1,0,956.4,1004.7,96.1,,
883,2023-07-14 11:00,24.5,217.1,7.1,0,956.7,1004.9,94.9,,
883,2023-07-14 12:00,24.7,218.5,7,0,956.9,1005.1,94.2,,
883,2023-07-14 13:00,24.3,219.1,7.4,0,956.6,1004.9,96.9,,
883,2023-07-14 14:00,24.7,218.9,6.8,0,956.1,1004.3,95.8,,
883,2023-07-14 15:00,24.3,217.6,6.6,0,955.9,1004.1,96.5,,
883,2023-07-14 16:00,24.5,216.9,6.6,0,955.5,1003.7,95.8,,
883,2023-07-14 17:00,24.6,215.7,6.5,0,955.5,1003.6,94,,
883,2023-07-14 18:00,24.5,214.7,5.8,0,955.4,1003.6,94.3,,
883,2023-07-14 19:00,24.3,209,6.2,0,955.5,1003.7,94.3,,
883,2023-07-14 20:00,24.1,213.8,6.3,0,955.5,1003.8,96.4,,
883,2023-07-14 21:00,24.3,210.6,6.7,0,955.9,1004.1,96.8,,
883,2023-07-14 22:00,24.3,208.2,6.9,0,956,1004.2,97.9,,
883,2023-07-14 23:00,24.3,208.6,7.2,0,955.9,1004.1,98.5,,
883,2023-07-15 00:00,24.2,207.9,6.8,0,955.5,1003.7,99.3,,
883,2023-07-15 01:00,24,220.9,7,0,955.5,1003.8,99.8,,
883,2023-07-15 02:00,24.1,212.5,6.3,0,955.1,1003.3,99.7,,
883,2023-07-15 03:00,24,207.1,7.6,0,954.8,1003.1,99.6,,
883,2023-07-15 04:00,24,204.6,7.4,0,954.9,1003.2,98.8,,
883,2023-07-15 05:00,24,205.3,7.2,0,955.2,1003.5,98.5,,
883,2023-07-15 06:00,24,205.2,7.2,0,955,1003.3,99.3,,
883,2023-07-15 07:00,24.1,203.6,6.5,0,955.5,1003.8,99.6,,
883,2023-07-15 08:00,24.1,208.9,6.9,0,955.9,1004.2,99.5,,
883,2023-07-15 09:00,24.4,210.9,6.7,0,956.1,1004.3,99.2,,
883,2023-07-15 10:00,24.5,205.6,6.5,.5,956,1004.2,99.7,,
883,2023-07-15 11:00,24.7,213.7,7.8,0,956.4,1004.6,99.7,,
883,2023-07-15 12:00,25,216.4,6.4,0,956.4,1004.5,96.6,,
883,2023-07-15 13:00,26.1,218.9,7.1,0,956.5,1004.4,91.2,,
883,2023-07-15 14:00,26,218.3,6,0,956.2,1004.1,93,,
883,2023-07-15 15:00,25.7,209.8,6.2,0,956.1,1004,93.9,,
883,2023-07-15 16:00,25.6,210.9,6,0,956.1,1004.1,93,,
883,2023-07-15 17:00,25.7,213.7,5.6,0,955.8,1003.7,94.8,,
883,2023-07-15 18:00,25.6,222.9,6.2,0,955.8,1003.7,94.9,,
883,2023-07-15 19:00,24.9,224.7,5.4,0,956.1,1004.2,98,,
883,2023-07-15 20:00,24.6,229.1,6.6,0,956.7,1004.9,99.5,,
883,2023-07-15 21:00,24.6,228.4,5.9,0,957.3,1005.5,99.4,,
883,2023-07-15 22:00,24.7,227.3,4.8,0,957.9,1006.1,99.8,,
883,2023-07-15 23:00,24.7,223.5,6.4,1,957.9,1006.1,99.7,,
883,2023-07-16 00:00,24.5,223.9,7.1,.5,958,1006.3,99.9,,
883,2023-07-16 01:00,24.7,232.1,6.1,1,958.1,1006.4,99.6,,
883,2023-07-16 02:00,24.7,230.9,6.5,3,957.8,1006,99.9,,
883,2023-07-16 03:00,24.5,229.6,7.2,0,957.5,1005.8,99.7,,
883,2023-07-16 04:00,24.4,229.9,7.4,0,957.1,1005.4,99.3,,
883,2023-07-16 05:00,24.4,226.2,6.8,0,957.1,1005.4,98.3,,
883,2023-07-16 06:00,24.4,226.2,6.5,0,957.5,1005.8,98.4,,
883,2023-07-16 07:00,24.5,223.5,5.7,1,957.9,1006.2,99.5,,
883,2023-07-16 08:00,24.9,215.9,6.2,0,958.2,1006.4,99.9,,
883,2023-07-16 09:00,25.5,217.6,6.2,0,958.8,1006.9,97.5,,
883,2023-07-16 10:00,24.9,222.9,5.7,.5,959.3,1007.6,99.8,,
883,2023-07-16 11:00,25.1,219.7,6.2,1.5,959.5,1007.7,99.2,,
883,2023-07-16 12:00,26.9,220.8,6,0,959.8,1007.6,92.1,,
883,2023-07-16 13:00,25.4,205.7,4.2,0,959.9,1008.1,98,,
883,2023-07-16 14:00,26.1,213.2,5.5,0,959.7,1007.7,94.7,,
883,2023-07-16 15:00,24.8,212.6,5.4,1.5,959.5,1007.8,99.3,,
883,2023-07-16 16:00,24.6,206.8,3.8,1,959.5,1007.9,99.5,,
883,2023-07-16 17:00,24.8,203.3,4.6,0,959.7,1008,99.6,,
883,2023-07-16 18:00,24.8,199,4.1,.5,959.9,1008.2,99,,
883,2023-07-16 19:00,24.8,187.6,4.3,0,960.2,1008.5,99.2,,
883,2023-07-16 20:00,24.6,190,5.1,.5,960.8,1009.2,98.9,,
883,2023-07-16 21:00,24.7,194.1,5.2,0,961.3,1009.7,97.9,,
883,2023-07-16 22:00,24.6,194.1,5.4,0,961.9,1010.4,97.7,,
883,2023-07-16 23:00,24.6,183.8,5.6,0,962,1010.5,97.3,,
883,2023-07-17 00:00,24.5,183.8,5.5,0,961.9,1010.4,97.4,,
883,2023-07-17 01:00,24.5,187.6,5.8,0,961.5,1010,97.1,,
883,2023-07-17 02:00,24.4,193.4,5.1,0,961.4,1009.9,96.6,,
883,2023-07-17 03:00,24.3,193.2,5.1,0,961.2,1009.7,96.7,,
883,2023-07-17 04:00,24.3,191.7,5.1,0,961.2,1009.7,96,,
883,2023-07-17 05:00,24.1,188.3,5.1,0,961.5,1010.1,97.9,,
883,2023-07-17 06:00,24.1,185.5,5.8,.5,961.7,1010.3,97.6,,
883,2023-07-17 07:00,24.5,178.8,6.7,0,962.1,1010.6,95.1,,
883,2023-07-17 08:00,24.8,179.7,6.6,0,962.5,1011,93.7,,
883,2023-07-17 09:00,25.4,183.4,4.3,0,962.9,1011.2,90.7,,
883,2023-07-17 10:00,26.3,191.6,4.5,0,963.1,1011.2,87.9,,
883,2023-07-17 11:00,26.1,195.8,3.8,0,963.6,1011.8,87.6,,
883,2023-07-17 12:00,26,186.5,4.9,.5,963.5,1011.7,89.1,,
883,2023-07-17 13:00,26.6,194,4.1,0,963.5,1011.6,87.6,,
883,2023-07-17 14:00,26.4,199.7,4.3,.5,963,1011.1,89.5,,
883,2023-07-17 15:00,24.9,216.2,4,0,963.2,1011.7,90.9,,
883,2023-07-17 16:00,24.6,189.7,2.7,30.5,963,1011.5,98.9,,
883,2023-07-17 17:00,24.2,175.5,5.1,2.5,962.8,1011.4,97,,
883,2023-07-17 18:00,24,165,4.3,0,963,1011.7,95.3,,
883,2023-07-17 19:00,24,167.3,4.1,.5,963.1,1011.8,95.3,,
883,2023-07-17 20:00,23.4,150,5.1,1,963.7,1012.1,92,,
883,2023-07-17 21:00,24,148.6,4.1,2,963.6,1012.3,95,,
883,2023-07-17 22:00,24.1,142.8,4.2,1.5,963.7,1012.4,93.2,,
883,2023-07-17 23:00,24.7,161.9,8.2,.5,963.3,1011.8,95.1,,
883,2023-07-18 00:00,24.6,163.7,5.6,.5,962.7,1011.2,96.9,,
883,2023-07-18 01:00,24.4,160.9,8.9,.5,962.2,1010.7,96.6,,
883,2023-07-18 02:00,22.9,186.2,6.7,8,962.2,1010.7,97,,
883,2023-07-18 03:00,22.7,163.6,7.9,5,961.4,1009.9,96.7,,
883,2023-07-18 04:00,23,166.7,8,.5,960.9,1009.3,94.9,,
883,2023-07-18 05:00,23,167.8,6.5,1.5,960.5,1008.9,98.3,,
883,2023-07-18 06:00,23.3,168.4,7.4,4,960.7,1009,98,,
883,2023-07-18 07:00,23.8,166,8.6,1,960.3,1008.4,97.3,,
883,2023-07-18 08:00,24.1,185.8,7.2,2,960.3,1008.8,98.8,,
883,2023-07-18 09:00,24.1,202.4,6.2,20,960.4,1008.9,99.4,,
883,2023-07-18 10:00,24.4,216.4,7,3.5,960.3,1008.7,99.4,,
883,2023-07-18 11:00,24.7,204.9,6.3,9.5,960.4,1008.8,99.3,,
883,2023-07-18 12:00,24.9,211.6,6.6,.5,959.9,1008.2,99.4,,
883,2023-07-18 13:00,24.6,229.8,6.6,5,959.7,1008.1,99.5,,
883,2023-07-18 14:00,24.8,218,5.9,.5,959.1,1007.4,99.6,,
883,2023-07-18 15:00,24.9,223.8,6.3,1.5,958.8,1007,99.4,,
883,2023-07-18 16:00,24.5,227.6,6.5,5,958.6,1006.9,99.9,,
883,2023-07-18 17:00,24.6,223.6,6.1,10,958.1,1006.4,99.9,,
883,2023-07-18 18:00,24.5,241,5.6,6,957.8,1006.1,99.6,,
883,2023-07-18 19:00,24,241.6,4.5,1.5,958.2,1006.6,99.6,,
883,2023-07-18 20:00,23.4,227.7,4.3,0,958.4,1006.5,99.8,,
883,2023-07-18 21:00,23.4,225.9,3.5,0,958.7,1006.9,99.7,,
883,2023-07-18 22:00,23.5,222,3.8,.5,958.9,1007,99.7,,
883,2023-07-18 23:00,23.3,232.5,3.4,0,958.7,1006.9,99.8,,
883,2023-07-19 00:00,23.3,225.8,3,.5,958.8,1007,99.8,,
883,2023-07-19 01:00,23.2,241.3,2.6,1,958.6,1006.8,99.8,,
883,2023-07-19 02:00,22.5,273.1,2.1,.5,958.4,1006.8,99.8,,
883,2023-07-19 03:00,21.7,290.4,3.3,.5,958.5,1007.1,99.9,,
883,2023-07-19 04:00,21.6,18.2,3.2,.5,958.3,1006.9,99.9,,
883,2023-07-19 05:00,21.6,27.6,4.3,1,958.5,1007.1,100,,
883,2023-07-19 06:00,21.4,24.9,5.8,1,958.7,1007.4,99.9,,
883,2023-07-19 07:00,21.5,22.4,5,1,958.9,1007.6,99.9,,
883,2023-07-19 08:00,21.6,23.5,6.5,.5,959.1,1007.8,100,,
883,2023-07-19 09:00,21.9,20.9,6,1,959.2,1007.8,100,,
883,2023-07-19 10:00,21.8,26,5.8,.5,959.5,1008.1,100,,
883,2023-07-19 11:00,21.7,24.1,5.8,0,959.7,1008.4,99.8,,
883,2023-07-19 12:00,22.1,24.5,5.2,0,959.4,1008,99.9,,
883,2023-07-19 13:00,23.9,27.1,5.8,0,959.3,1007.3,98.9,,
883,2023-07-19 14:00,25.5,28.3,4.7,0,959.1,1007.2,87.2,,
883,2023-07-19 15:00,24.8,24.7,4.3,0,959.1,1007.4,87.9,,
883,2023-07-19 16:00,25.2,19.3,4.4,0,958.7,1006.9,85,,
883,2023-07-19 17:00,23.6,23.4,3.8,0,958.4,1006.5,94,,
883,2023-07-19 18:00,22.8,5.9,3.4,0,958.2,1006.5,93.9,,
883,2023-07-19 19:00,22.3,29.1,3.4,0,958.6,1007.1,97.6,,
883,2023-07-19 20:00,21.6,23,3.3,0,958.8,1007.5,99.1,,
883,2023-07-19 21:00,21.1,20,2.8,0,959.1,1007.9,99.2,,
883,2023-07-19 22:00,20.6,0,0,0,959.4,1008.4,97.7,,
883,2023-07-19 23:00,21.3,183.1,.7,0,959.5,1008.3,98.8,,
883,2023-07-20 00:00,21.6,63.8,1.5,0,959.7,1008.4,98.9,,
883,2023-07-20 01:00,21.4,107.6,2.6,0,959.7,1008.5,94.9,,
883,2023-07-20 02:00,21.7,104.3,2.8,0,959.6,1008.3,94.7,,
883,2023-07-20 03:00,21.7,0,.4,0,959.6,1008.3,96.7,,
883,2023-07-20 04:00,21.2,99,1.3,0,959.4,1008.2,97.3,,
883,2023-07-20 05:00,21.3,73.3,1.6,0,959.7,1008.5,95.8,,
883,2023-07-20 06:00,21.8,88.3,2.3,0,959.7,1008.4,91.5,,
883,2023-07-20 07:00,22.1,47.9,2.4,0,959.9,1008.5,91.9,,
883,2023-07-20 08:00,22.8,118.8,2.1,0,960,1008.4,91,,
883,2023-07-20 09:00,24.3,44.8,1.2,0,960.2,1008.7,87.5,,
883,2023-07-20 10:00,24.5,245.4,1.1,0,960.5,1008.9,91.4,,
883,2023-07-20 11:00,24.1,208.8,1.3,0,960.7,1009.2,91.4,,
883,2023-07-20 12:00,24.4,219.1,.6,0,960.3,1008.7,88.8,,
883,2023-07-20 13:00,25.1,0,.4,0,960.1,1008.4,89.4,,
883,2023-07-20 14:00,24.4,331.8,2,0,960.2,1008.6,93.7,,
883,2023-07-20 15:00,24.3,318.9,1.7,0,960.2,1008.7,94.2,,
883,2023-07-20 16:00,24.2,318,2.2,0,960.4,1008.9,94.3,,
883,2023-07-20 17:00,23.5,333.3,2.6,0,960,1008.2,97.1,,
883,2023-07-20 18:00,24.3,19.5,2.1,0,959.7,1008.1,95.3,,
883,2023-07-20 19:00,23.3,35.1,2.2,0,959.6,1007.8,96.9,,
883,2023-07-20 20:00,22.6,0,.4,0,960.1,1008.5,98.8,,
883,2023-07-20 21:00,22.4,219.7,2.2,0,960.9,1009.4,98.9,,
883,2023-07-20 22:00,22.5,142.2,2.4,0,961.3,1009.8,88.2,,
883,2023-07-20 23:00,21.9,115.7,1.5,0,961.5,1010.2,76.2,,
883,2023-07-21 00:00,21.2,89.3,1.7,0,961.3,1010.2,75.7,,
883,2023-07-21 01:00,22.1,96.8,2,0,961.3,1009.9,67.7,,
883,2023-07-21 02:00,22.3,147.1,2.8,0,961.2,1009.8,68.9,,
883,2023-07-21 03:00,21.8,101.4,.9,0,961.6,1010.3,75.1,,
883,2023-07-21 04:00,23.6,138.9,3.8,0,961.2,1009.4,62.9,,
883,2023-07-21 05:00,21.6,97.3,1.7,0,961.4,1010.2,82.1,,
883,2023-07-21 06:00,21.5,99.3,1.9,0,961.3,1010.1,82.6,,
883,2023-07-21 07:00,22.3,105.4,1.6,0,961.5,1010.1,80.7,,
883,2023-07-21 08:00,23.2,135,1.1,0,961.9,1010.3,82.4,,
883,2023-07-21 09:00,25.4,144,2.8,0,961.8,1010.1,67.5,,
883,2023-07-21 10:00,27,156.9,1.8,0,962,1009.9,68.3,,
883,2023-07-21 11:00,27,160.2,4.8,0,962.3,1010.2,55.1,,
883,2023-07-21 12:00,27.5,140.3,3.7,0,962.5,1010.3,51,,
883,2023-07-21 13:00,25.8,147.7,4.9,0,962.6,1010.8,73.1,,
883,2023-07-21 14:00,25.5,128,4.2,0,962.3,1010.6,56.6,,
883,2023-07-21 15:00,26.6,132.9,2.8,0,962,1010,51.4,,
883,2023-07-21 16:00,25.8,142.2,2.2,0,962,1010.2,58.5,,
883,2023-07-21 17:00,27.1,149.1,3.9,0,961.5,1009.4,61.8,,
883,2023-07-21 18:00,25.8,150.3,5.1,0,961.2,1009.4,69.7,,
883,2023-07-21 19:00,24.7,148.7,6.6,0,961.4,1009.8,85.9,,
883,2023-07-21 20:00,24.1,166.2,7.2,0,961.9,1010.5,89.4,,
883,2023-07-21 21:00,24.1,169.1,6.6,0,962.5,1011.1,90.5,,
883,2023-07-21 22:00,24.1,172.9,5.3,0,963.2,1011.9,91.6,,
883,2023-07-21 23:00,23.9,181.1,4.2,0,963.3,1011.5,94.9,,
883,2023-07-22 00:00,23.7,185.2,3.5,0,963.3,1011.6,97.1,,
883,2023-07-22 01:00,23.2,160.9,4.8,9,963,1011.4,97.5,,
883,2023-07-22 02:00,23,187,2.8,.5,962.9,1011.4,98.6,,
883,2023-07-22 03:00,23,179.3,2.7,5,962.7,1011.2,99.3,,
883,2023-07-22 04:00,22.8,174,6.4,31,962.4,1010.9,99.3,,
883,2023-07-22 05:00,21.2,162.9,9.3,30.5,963,1012,99.3,,
883,2023-07-22 06:00,19.9,154,10.8,4.5,962.4,1011.7,92.3,,
883,2023-07-22 07:00,21.2,147.3,9.8,.5,962.1,1011,77.4,,
883,2023-07-22 08:00,23.4,158.6,9.9,0,962.8,1011.2,90.9,,
883,2023-07-22 09:00,24,165.8,9,0,963,1011.7,91.5,,
883,2023-07-22 10:00,24.4,183.5,6,0,963.2,1011.8,94.6,,
883,2023-07-22 11:00,25.2,198.8,6.2,0,963.3,1011.7,88.9,,
883,2023-07-22 12:00,25.2,204.1,5.8,0,963.3,1011.7,91.5,,
883,2023-07-22 13:00,24.9,199.2,4.7,0,963.1,1011.6,94.2,,
883,2023-07-22 14:00,25,202.7,5.5,0,963.1,1011.5,92.4,,
883,2023-07-22 15:00,24.7,201.8,5.4,0,963.1,1011.6,95.2,,
883,2023-07-22 16:00,25,196.5,5.7,0,962.7,1011.1,93,,
883,2023-07-22 17:00,25,195.8,5.8,0,962.3,1010.7,93.3,,
883,2023-07-22 18:00,24.9,201.3,5.3,0,962.4,1010.8,93.1,,
883,2023-07-22 19:00,24.6,205.5,4.8,0,962.5,1011,95.9,,
883,2023-07-22 20:00,24.6,206.2,5.3,0,962.5,1011,94.4,,
883,2023-07-22 21:00,24.5,201.4,5.6,0,962.7,1011.2,94.1,,
883,2023-07-22 22:00,24.6,197.6,6.5,0,962.8,1011.3,93.2,,
883,2023-07-22 23:00,24.6,194.2,6.7,0,962.8,1011.3,93.6,,
883,2023-07-23 00:00,24.6,199.7,5.8,0,962.8,1011.3,93.8,,
883,2023-07-23 01:00,24.6,200.2,6.4,0,962.7,1011.2,92.4,,
883,2023-07-23 02:00,24.5,205,5.3,0,962.6,1011.1,95,,
883,2023-07-23 03:00,24.5,208,5.5,0,962.3,1010.8,94.4,,
883,2023-07-23 04:00,24.4,214,4.9,0,961.9,1010.4,96.3,,
883,2023-07-23 05:00,24.5,210.1,5.9,0,961.8,1010.3,95.7,,
883,2023-07-23 06:00,24.4,207.7,5.5,0,961.6,1010.1,94.2,,
883,2023-07-23 07:00,24.4,198.8,6.6,0,961.6,1010.1,95.3,,
883,2023-07-23 08:00,24.4,204.5,4.9,0,961.7,1010.2,96,,
883,2023-07-23 09:00,24.5,200.9,4.8,0,961.6,1010.1,97,,
883,2023-07-23 10:00,24.8,197.5,5.3,0,961.3,1009.7,95.4,,
883,2023-07-23 11:00,25.5,208.1,6,0,961.3,1009.5,94.2,,
883,2023-07-23 12:00,25.1,206.4,5.7,0,961.5,1009.8,93.6,,
883,2023-07-23 13:00,26.9,203.3,5.1,0,961.3,1009.2,90.2,,
883,2023-07-23 14:00,25.6,205.7,5,0,961,1009.2,88.6,,
883,2023-07-23 15:00,25.6,207.5,4.1,0,960.7,1008.9,92.8,,
883,2023-07-23 16:00,25.6,206.6,5.2,0,960.5,1008.7,91.5,,
883,2023-07-23 17:00,25,199.9,5,0,960,1008.3,94,,
883,2023-07-23 18:00,24.7,203.8,5.1,0,959.8,1008.1,96.4,,
883,2023-07-23 19:00,24.3,208.8,4.8,1,960.1,1008.6,97.6,,
883,2023-07-23 20:00,24.3,197,4.4,.5,960.2,1008.7,98.7,,
883,2023-07-23 21:00,24.3,191.7,4.8,.5,960.7,1009.2,98.4,,
883,2023-07-23 22:00,24.4,194.3,4.5,0,960.7,1009.2,98.5,,
883,2023-07-23 23:00,24.5,207.5,5.3,0,960.9,1009.3,98.5,,
883,2023-07-24 00:00,24.4,200.6,5.6,0,960.3,1008.7,97.7,,
883,2023-07-24 01:00,24.5,211.1,5.5,0,960,1008.4,98,,
883,2023-07-24 02:00,24.5,213.2,5.9,0,959.9,1008.3,97.9,,
883,2023-07-24 03:00,24.4,222,4.9,0,959.7,1008.1,99.1,,
883,2023-07-24 04:00,24.3,221.2,4.4,0,959.6,1008,99,,
883,2023-07-24 05:00,24.3,214.2,4.9,0,959.6,1008,99.2,,
883,2023-07-24 06:00,24.5,210.3,6,0,959.8,1008.2,98.3,,
883,2023-07-24 07:00,23,233.6,3.4,6.5,960.5,1008.9,98.9,,
883,2023-07-24 08:00,23.4,227.4,3.9,.5,960.9,1009.2,99.6,,
883,2023-07-24 09:00,23.4,213.3,3.5,0,961,1009.3,99.7,,
883,2023-07-24 10:00,23.6,222.2,3.3,.5,961.4,1009.6,99.6,,
883,2023-07-24 11:00,23.7,221.2,3.9,0,961.6,1009.8,99.5,,
883,2023-07-24 12:00,24.5,213.3,4,0,961.3,1009.8,95.9,,
883,2023-07-24 13:00,24,199.9,3.7,0,961,1009.6,97,,
883,2023-07-24 14:00,23.2,198.5,4,0,961.4,1009.7,98.1,,
883,2023-07-24 15:00,23,183.5,5,2,960.6,1009,99.2,,
883,2023-07-24 16:00,23.2,202.5,4.2,1.5,960.4,1008.7,99,,
883,2023-07-24 17:00,23.4,173.4,3.2,0,960.8,1009.1,97.9,,
883,2023-07-24 18:00,23.2,183.5,2.4,0,961.3,1009.6,98.8,,
883,2023-07-24 19:00,22.8,168.1,2.9,0,961.8,1010.3,96.7,,
883,2023-07-24 20:00,22.7,177.1,3.7,0,962,1010.5,97.2,,
883,2023-07-24 21:00,22.7,165.1,5,0,962.1,1010.6,93.3,,
883,2023-07-24 22:00,22.8,171.6,4,0,962.5,1011,92.8,,
883,2023-07-24 23:00,23,160.2,4.3,0,962.4,1010.8,89.9,,
883,2023-07-25 00:00,22.9,169.3,3.5,0,962.6,1011.1,91.4,,
883,2023-07-25 01:00,23.1,176.7,4.1,0,962.5,1010.9,91.4,,
883,2023-07-25 02:00,23.5,170.3,5.2,0,962.7,1011,95.1,,
883,2023-07-25 03:00,23.8,176.5,4.3,0,962.9,1011.2,95.8,,
883,2023-07-25 04:00,23.8,172.1,4.6,0,963,1011.3,94.2,,
883,2023-07-25 05:00,23.3,166.5,6.9,0,963.2,1011.6,89.9,,
883,2023-07-25 06:00,22.9,161.3,5.4,0,963.6,1012.1,93.4,,
883,2023-07-25 07:00,23.1,181.3,4.5,0,963.6,1012.1,96.2,,
883,2023-07-25 08:00,23.1,160.9,6.6,0,963.6,1012.1,89,,
883,2023-07-25 09:00,23.1,158.1,5.4,0,964.4,1012.9,88.1,,
883,2023-07-25 10:00,23.2,168.4,5.6,.5,964.6,1013.1,90.8,,
883,2023-07-25 11:00,24.6,172.6,4.8,0,964.6,1013.2,88.6,,
883,2023-07-25 12:00,25.3,171.8,5.8,0,964.7,1013.2,86.2,,
883,2023-07-25 13:00,25.7,170.2,3.8,0,965.1,1013.5,87.7,,
883,2023-07-25 14:00,25.8,180.3,3.7,0,964.6,1012.9,88.6,,
883,2023-07-25 15:00,25.4,179.8,3.7,0,964.4,1012.8,92.5,,
883,2023-07-25 16:00,24.7,182.2,3.8,0,963.9,1012.4,94.5,,
883,2023-07-25 17:00,26.4,176.1,4.5,0,963.6,1011.7,82.4,,
883,2023-07-25 18:00,25.5,172.9,5.8,0,963.4,1011.7,86,,
883,2023-07-25 19:00,24.7,153.9,4.4,0,963.8,1012.3,86.4,,
883,2023-07-25 20:00,24.3,151.7,5.1,0,964.2,1012.9,88.3,,
883,2023-07-25 21:00,24.2,151.1,4.5,0,964.9,1013.6,92.4,,
883,2023-07-25 22:00,24.4,164.2,4.8,0,965,1013.7,93.6,,
883,2023-07-25 23:00,24.7,163.1,5.8,0,964.7,1013.3,93.6,,
883,2023-07-26 00:00,24.6,163.5,5,0,965,1013.6,93.7,,
883,2023-07-26 01:00,24.7,158.6,5.7,0,964.8,1013.4,92.2,,
883,2023-07-26 02:00,24.6,165.7,5.6,0,964.6,1013.2,93,,
883,2023-07-26 03:00,24.6,165,4.8,0,964.6,1013.2,93.9,,
883,2023-07-26 04:00,24.4,164.1,4.7,0,964.8,1013.5,94.2,,
883,2023-07-26 05:00,24.2,162.1,5.5,.5,965,1013.7,95.4,,
883,2023-07-26 06:00,24.3,165.7,4.6,0,965.3,1014,95.5,,
883,2023-07-26 07:00,25.2,156.6,4.2,0,965.7,1014.2,90.4,,
883,2023-07-26 08:00,26.2,156.2,4.2,0,966.3,1014.6,81.3,,
883,2023-07-26 09:00,26.1,144.4,4.9,0,966.3,1014.6,80.5,,
883,2023-07-26 10:00,26.7,158.9,4.9,0,966.3,1014.5,82.3,,
883,2023-07-26 11:00,27.4,175.9,3.1,0,966.2,1014.2,81.9,,
883,2023-07-26 12:00,28.4,153.5,5.1,0,965.6,1013.4,77.4,,
883,2023-07-26 13:00,27.7,176.2,4.5,0,965.3,1013.2,79.5,,
883,2023-07-26 14:00,28.7,180.2,3.4,0,965.2,1012.9,77.7,,
883,2023-07-26 15:00,27.7,170.2,4.5,0,964.9,1012.8,80.1,,
883,2023-07-26 16:00,28.1,156.1,5,0,964.7,1012.5,75.4,,
883,2023-07-26 17:00,27.7,172.4,3.7,0,964.5,1012.4,80.2,,
883,2023-07-26 18:00,27.1,155,4.9,0,964.5,1012.5,80.8,,
883,2023-07-26 19:00,25.6,161.9,4.2,0,965,1013.4,87.9,,
883,2023-07-26 20:00,24.7,120.7,3.8,0,965,1013.6,89.2,,
883,2023-07-26 21:00,24.5,139.7,2.8,0,965.8,1014.5,89.7,,
883,2023-07-26 22:00,24.8,171.2,4.5,0,966.4,1015.1,94.7,,
883,2023-07-26 23:00,23.4,150,4.5,1,965.9,1014.4,88.7,,
883,2023-07-27 00:00,23.6,147,3,1,965.9,1014.4,92.5,,
883,2023-07-27 01:00,24.9,137.2,4.2,0,965.1,1013.7,89.8,,
883,2023-07-27 02:00,24.7,144.9,4.9,0,964.8,1013.4,92.5,,
883,2023-07-27 03:00,24.4,157.1,4.4,0,964.1,1012.7,94,,
883,2023-07-27 04:00,24,156.4,2.2,0,964,1012.7,92.9,,
883,2023-07-27 05:00,24.3,146,4.4,0,964.1,1012.8,87.2,,
883,2023-07-27 06:00,24.2,143.7,4.2,0,964.4,1013.1,85.2,,
883,2023-07-27 07:00,24.7,115.7,3.7,0,964.4,1013,81.6,,
883,2023-07-27 08:00,26.4,131.1,5,0,964.9,1013.1,76.8,,
883,2023-07-27 09:00,27.3,127.9,6,0,964.9,1012.9,76.8,,
883,2023-07-27 10:00,27.4,156.9,5,0,965.1,1013.1,80.2,,
883,2023-07-27 11:00,27.9,160.7,6.3,0,965.1,1013,79.2,,
883,2023-07-27 12:00,28.4,150.6,6.2,0,964.9,1012.7,79.3,,
883,2023-07-27 13:00,28.6,154.3,5.6,0,964.6,1012.3,78.6,,
883,2023-07-27 14:00,27.3,160.8,6.7,0,964.6,1012.6,81.2,,
883,2023-07-27 15:00,27.4,161.5,6.4,0,964.3,1012.3,82.2,,
883,2023-07-27 16:00,27.7,152.5,7,0,963.8,1011.7,75.5,,
883,2023-07-27 17:00,27.3,164.3,6.1,0,963.4,1011.3,77.5,,
883,2023-07-27 18:00,26.1,151.7,5.7,0,963.8,1012,80.8,,
883,2023-07-27 19:00,25.2,154.1,5.2,0,963.9,1012.3,87,,
883,2023-07-27 20:00,24.9,145.3,5.5,0,964,1012.5,89.4,,
883,2023-07-27 21:00,24.9,124.5,3.7,0,964.1,1012.6,87.8,,
883,2023-07-27 22:00,25.1,122.8,5.3,0,964.1,1012.6,83.2,,
883,2023-07-27 23:00,25.1,146.3,5.9,0,964,1012.5,88.3,,
883,2023-07-28 00:00,24.7,141.6,5.6,0,964.2,1012.8,90.2,,
883,2023-07-28 01:00,24.9,139.2,4.8,0,964,1012.5,88.2,,
883,2023-07-28 02:00,24.7,149.1,5,0,963.6,1012.1,90.3,,
883,2023-07-28 03:00,24.7,150.6,6.3,0,963.4,1011.9,89.7,,
883,2023-07-28 04:00,24.5,150.5,6.3,0,963.3,1011.9,90.1,,
883,2023-07-28 05:00,24.7,144.1,5.7,0,963.5,1012,87.3,,
883,2023-07-28 06:00,24.6,142,4.9,0,963.6,1012.2,87.7,,
883,2023-07-28 07:00,24.8,147.5,5.2,0,964,1012.5,87.3,,
883,2023-07-28 08:00,25.3,151.6,6.5,0,964.1,1012.5,87.5,,
883,2023-07-28 09:00,25.3,158.7,5.1,0,964.4,1012.8,91.4,,
883,2023-07-28 10:00,25.9,159,6.1,0,964.5,1012.8,88.6,,
883,2023-07-28 11:00,26.2,166.7,5.7,0,964.5,1012.7,84.6,,
883,2023-07-28 12:00,26.1,177.9,4.8,0,964.6,1012.9,86.7,,
883,2023-07-28 13:00,24.7,164.7,4.4,8.5,964.7,1013.3,96.7,,
883,2023-07-28 14:00,25.3,176.5,4,0,964.4,1012.8,91.9,,
883,2023-07-28 15:00,22.4,190.7,5.4,24.5,964.7,1013.4,99.4,,
883,2023-07-28 16:00,23.1,159.9,5.2,2.5,963.5,1012,95.6,,
883,2023-07-28 17:00,24.2,152.8,4.7,0,963.5,1012.1,88.6,,
883,2023-07-28 18:00,24.7,154.8,4,0,963.5,1012,90.3,,
883,2023-07-28 19:00,24.8,151.9,3.1,0,964,1012.5,89.2,,
883,2023-07-28 20:00,24.5,157.6,3,0,964.6,1013.2,92,,
883,2023-07-28 21:00,24.5,145.7,4.2,.5,965,1013.7,92.4,,
883,2023-07-28 22:00,24.7,132.7,4.2,0,965.1,1013.7,90.5,,
883,2023-07-28 23:00,24.6,146.4,4.2,0,965.5,1014.2,93.3,,
883,2023-07-29 00:00,24.4,152.5,4.3,0,965.4,1014.1,92.8,,
883,2023-07-29 01:00,24.6,144.9,4.2,0,965.2,1013.8,91.7,,
883,2023-07-29 02:00,24.3,145.6,4.2,0,965,1013.7,90.5,,
883,2023-07-29 03:00,24.6,137.7,5.8,0,964.4,1013,76.4,,
883,2023-07-29 04:00,24.4,139.3,7.3,0,964.2,1012.8,75.8,,
883,2023-07-29 05:00,24.8,124.2,6,0,964.1,1012.6,76.3,,
883,2023-07-29 06:00,24.5,133.1,4.9,0,964.2,1012.8,78.7,,
883,2023-07-29 07:00,25.5,121.7,6.4,0,964.4,1012.8,76,,
883,2023-07-29 08:00,25.5,140,5.9,0,964.4,1012.8,73.5,,
883,2023-07-29 09:00,26.2,140.9,4.9,0,964.9,1013.2,74.7,,
883,2023-07-29 10:00,26.5,140.5,6.8,0,965.3,1013.5,75.8,,
883,2023-07-29 11:00,26.7,126,5.8,0,965.3,1013.5,73.9,,
883,2023-07-29 12:00,26.9,143.9,6.3,0,964.8,1012.9,74.6,,
883,2023-07-29 13:00,29.2,147.2,6.3,0,964.6,1012.4,72.7,,
883,2023-07-29 14:00,28.4,153.8,6.1,0,964.5,1012.2,70.3,,
883,2023-07-29 15:00,28,159.1,6.1,0,964.3,1012.1,72.2,,
883,2023-07-29 16:00,28.2,152.6,5.7,0,964.1,1011.9,72.1,,
883,2023-07-29 17:00,27.7,147.6,6.3,0,963.9,1011.8,70.5,,
883,2023-07-29 18:00,27,146.4,4.8,0,964.2,1012.2,71.4,,
883,2023-07-29 19:00,25.4,151,5.3,0,964.2,1012.6,79.2,,
883,2023-07-29 20:00,24.7,125.2,4.9,0,964.6,1013.2,80.2,,
883,2023-07-29 21:00,24.1,138.9,4.1,0,964.9,1013.6,82.5,,
883,2023-07-29 22:00,24,115,3.9,0,965.1,1013.9,79.5,,
883,2023-07-29 23:00,24.1,126.7,4.7,0,965,1013.7,72.8,,
883,2023-07-30 00:00,24.2,134.2,4.6,0,964.7,1013.4,73.8,,
883,2023-07-30 01:00,23.2,128.5,5.1,0,964.3,1012.8,81.3,,
883,2023-07-30 02:00,23.8,126,4.7,0,963.8,1012.1,77.5,,
883,2023-07-30 03:00,23.2,150.5,3.7,0,963.3,1011.7,78,,
883,2023-07-30 04:00,23.4,140,3.4,0,963.1,1011.5,84.5,,
883,2023-07-30 05:00,23.6,164.9,5.3,0,963.1,1011.4,90.6,,
883,2023-07-30 06:00,23.5,150.1,5.4,0,963.3,1011.7,90.9,,
883,2023-07-30 07:00,24.5,143.2,4.6,0,963.5,1012.1,78.9,,
883,2023-07-30 08:00,26,146.2,4.7,0,964.2,1012.5,74.7,,
883,2023-07-30 09:00,27.3,160.9,4.9,0,964.5,1012.5,72,,
883,2023-07-30 10:00,28.2,154.7,5.2,0,964.6,1012.4,70.9,,
883,2023-07-30 11:00,28.6,175.3,4.1,0,964.2,1011.9,71.4,,
883,2023-07-30 12:00,27.2,158.6,7,0,964,1012,78.4,,
883,2023-07-30 13:00,27.7,152.9,5.6,0,963.9,1011.8,78.2,,
883,2023-07-30 14:00,28.8,185.2,4.8,0,963.8,1011.4,77.1,,
883,2023-07-30 15:00,28.5,170.8,5.7,0,963.7,1011.4,75.2,,
883,2023-07-30 16:00,28.6,178.8,4.1,0,963.2,1010.8,77.3,,
883,2023-07-30 17:00,27.3,168.5,5,0,963.1,1011,75.5,,
883,2023-07-30 18:00,26.8,153.4,4.8,0,962.9,1010.9,81,,
883,2023-07-30 19:00,25.6,149.3,3,0,962.8,1011.1,83.4,,
883,2023-07-30 20:00,25,143.9,4.4,0,963.2,1011.6,84.6,,
883,2023-07-30 21:00,25,144,4.5,0,963.8,1012.3,84.9,,
883,2023-07-30 22:00,23.7,110.2,2.6,0,964.4,1012.8,84.7,,
883,2023-07-30 23:00,24.7,124.5,3,0,964.5,1013.1,77,,
883,2023-07-31 00:00,24.6,134.5,5.5,0,964.1,1012.7,84.7,,
883,2023-07-31 01:00,24.7,134.2,4.7,0,963.9,1012.4,79.3,,
883,2023-07-31 02:00,23.9,102.2,3.3,0,963.8,1012.1,85.7,,
883,2023-07-31 03:00,24,151.2,3.5,0,963.5,1012.2,88.5,,
883,2023-07-31 04:00,24.2,121.5,4,0,963.4,1012,82.7,,
883,2023-07-31 05:00,24.1,106.8,4.3,0,963.2,1011.9,82.4,,
883,2023-07-31 06:00,24.1,110,3.6,0,963.3,1012,78.9,,
883,2023-07-31 07:00,24.3,67.2,2.5,0,963.5,1012.1,85.5,,
883,2023-07-31 08:00,26.8,240.9,.7,0,963.9,1012,79.5,,
883,2023-07-31 09:00,27.3,127.9,5.6,0,963.9,1011.9,68.7,,
883,2023-07-31 10:00,27.6,143.5,5.2,0,963.8,1011.7,67.5,,
883,2023-07-31 11:00,27.9,31.1,2.6,0,963.8,1011.6,80.5,,
883,2023-07-31 12:00,30.6,30.3,2.7,0,963.5,1011,74.1,,
883,2023-07-31 13:00,28.2,21.2,3.7,0,963.2,1010.9,83.3,,
883,2023-07-31 14:00,26.6,23.5,5.5,0,962.5,1010.5,91.2,,
883,2023-07-31 15:00,25.3,31.5,2.1,0,962.7,1011.1,86.7,,
883,2023-07-31 16:00,25.2,55.3,1.6,.5,962.2,1010.5,90,,
883,2023-07-31 17:00,26.6,132.1,1.1,2,962,1010,83.9,,
883,2023-07-31 18:00,27.7,273.9,1.1,0,961.6,1009.4,84.3,,
883,2023-07-31 19:00,26.5,281.8,1.4,0,961.5,1009.5,88.2,,
883,2023-07-31 20:00,24.4,74.5,.5,0,961.7,1010.2,95.7,,
883,2023-07-31 21:00,24.2,122.2,2,0,961.8,1010.4,92.6,,
883,2023-07-31 22:00,24.1,63.5,1.5,0,961.9,1010.5,89.3,,
883,2023-07-31 23:00,23.2,111,2.2,0,962,1010.4,92.9,,
883,2023-08-01 00:00,23.4,92.5,1.8,0,962.1,1010.4,88.3,,
883,2023-08-01 01:00,23.9,120.5,1.8,0,962.1,1010.3,82.8,,
883,2023-08-01 02:00,23.1,110,2.8,0,961.8,1010.2,85.4,,
883,2023-08-01 03:00,22.2,98.6,1,0,961.6,1010.2,89.3,,
883,2023-08-01 04:00,22.5,111.5,2.5,0,961.2,1009.7,87.8,,
883,2023-08-01 05:00,22.5,127.3,2.6,0,961.2,1009.7,88.1,,
883,2023-08-01 06:00,22.9,112,3.3,0,961.2,1009.6,83.3,,
883,2023-08-01 07:00,24.9,106.5,3.2,0,961.4,1009.8,78,,
883,2023-08-01 08:00,28.1,72.2,1.1,0,961.8,1009.5,65.7,,
883,2023-08-01 09:00,28.6,291.6,1.8,0,961.6,1009.2,70.9,,
883,2023-08-01 10:00,30.2,29.1,3.3,0,961.7,1009.2,71.5,,
883,2023-08-01 11:00,28.6,21.3,2,0,961.5,1009,77.8,,
883,2023-08-01 12:00,29.2,42.7,4.4,0,961.2,1008.9,81.2,,
883,2023-08-01 13:00,29,33.9,4.7,0,960.7,1008.4,76.9,,
883,2023-08-01 14:00,30.2,15.9,1.1,0,960.5,1008,69.3,,
883,2023-08-01 15:00,29.4,44.5,3,0,960.1,1007.7,80.6,,
883,2023-08-01 16:00,29.3,44.4,3.5,0,959.9,1007.5,78.2,,
883,2023-08-01 17:00,29.6,65.8,2.2,0,959.7,1007.2,73.3,,
883,2023-08-01 18:00,28.9,46.5,2.8,0,959.8,1007.2,77.7,,
883,2023-08-01 19:00,27.9,15.1,1.2,0,959.8,1007.4,82.1,,
883,2023-08-01 20:00,26.9,127,3,0,959.8,1007.6,71.6,,
883,2023-08-01 21:00,25.8,91.1,2.6,0,960.5,1008.6,75.6,,
883,2023-08-01 22:00,24.8,102.1,3,0,960.5,1008.9,79.2,,
883,2023-08-01 23:00,24.7,100.7,3,0,960.3,1008.7,78.7,,
883,2023-08-02 00:00,26.4,78.3,3.1,0,960.2,1008.2,71.1,,
883,2023-08-02 01:00,26.6,129.5,2.3,0,960,1007.9,70.4,,
883,2023-08-02 02:00,26.7,128.3,3.5,0,959.7,1007.6,71.6,,
883,2023-08-02 03:00,26.9,144.1,5.1,0,959.4,1007.2,71.5,,
883,2023-08-02 04:00,24.6,108.3,2.8,0,959.4,1007.7,77.4,,
883,2023-08-02 05:00,23.1,125.7,1.4,0,959.4,1007.7,86.6,,
883,2023-08-02 06:00,24.9,95.3,4.2,0,959.3,1007.6,78.4,,
883,2023-08-02 07:00,25.5,101.8,1.6,0,959.6,1007.7,79.9,,
883,2023-08-02 08:00,28.1,98.3,.5,0,959.7,1007.3,72,,
883,2023-08-02 09:00,29.6,24.6,2.5,0,959.7,1007.2,70.7,,
883,2023-08-02 10:00,30.3,358,2.9,0,959.7,1007.1,74,,
883,2023-08-02 11:00,29.5,240.8,2.4,0,959.7,1007.2,73.5,,
883,2023-08-02 12:00,28.9,292.4,2.1,0,959.9,1007.3,79.2,,
883,2023-08-02 13:00,30.2,150.5,7,0,959,1006.4,69,,
883,2023-08-02 14:00,30.5,125,6.3,0,958.9,1006.2,63.9,,
883,2023-08-02 15:00,31.5,139.2,4.7,0,958.1,1005.2,60.6,,
883,2023-08-02 16:00,28.4,293.7,2.1,0,957.9,1005.3,79,,
883,2023-08-02 17:00,28.9,313.4,3.1,0,957.8,1005.1,76.9,,
883,2023-08-02 18:00,29.6,140.2,3.7,0,957.3,1004.7,69.1,,
883,2023-08-02 19:00,27.6,322.8,1.1,0,957.4,1005,76.5,,
883,2023-08-02 20:00,27.1,143.4,5,0,957.7,1005.4,64.9,,
883,2023-08-02 21:00,26.9,113.3,5.4,0,958.1,1005.9,69.1,,
883,2023-08-02 22:00,26.8,127.7,6.9,0,957.7,1005.5,70.5,,
883,2023-08-02 23:00,27.1,103.1,6.3,0,957.7,1005.4,67.4,,
883,2023-08-03 00:00,26.9,120.4,6.5,0,957.8,1005.5,70.9,,
883,2023-08-03 01:00,26.5,109.3,5.8,0,958,1005.8,74.8,,
883,2023-08-03 02:00,26.1,107.9,4.5,0,957.7,1005.6,74.3,,
883,2023-08-03 03:00,26.2,122.7,6.8,0,957.6,1005.5,74.8,,
883,2023-08-03 04:00,26.3,119.3,5,0,957,1004.8,69.5,,
883,2023-08-03 05:00,24,77.6,2.8,0,956.9,1005.3,84.5,,
883,2023-08-03 06:00,23.1,100.9,1.1,0,957.2,1005.4,88.3,,
883,2023-08-03 07:00,25.9,113.3,2.3,0,957.2,1005.1,78.8,,
883,2023-08-03 08:00,28,292.8,.8,0,957.1,1004.6,73.8,,
883,2023-08-03 09:00,28.9,30.3,2.8,0,957,1004.3,74.9,,
883,2023-08-03 10:00,29.8,33,2,0,957.2,1004.6,72.6,,
883,2023-08-03 11:00,30.2,141.6,4.6,0,957,1004.3,68.7,,
883,2023-08-03 12:00,30.8,135.9,2.9,0,956.7,1003.9,63.6,,
883,2023-08-03 13:00,30.4,151.3,5.6,0,956.5,1003.7,69,,
883,2023-08-03 14:00,29.1,29.8,5.9,0,956.4,1003.8,75.9,,
883,2023-08-03 15:00,28.2,147.2,6.3,0,956.5,1003.9,80.4,,
883,2023-08-03 16:00,30,141.6,5.4,0,955.8,1003.1,66.3,,
883,2023-08-03 17:00,29.4,147.9,5.4,0,955.9,1003.3,69,,
883,2023-08-03 18:00,28.5,74.3,2,0,955.8,1003.1,77.5,,
883,2023-08-03 19:00,26.7,130.4,3.5,0,956.5,1004.2,80.8,,
883,2023-08-03 20:00,26.3,114.2,4.4,0,956.4,1004.2,77.8,,
883,2023-08-03 21:00,26.4,128.7,5.5,0,956.5,1004.3,79.7,,
883,2023-08-03 22:00,26,127,5.5,0,956.3,1004.2,81.6,,
883,2023-08-03 23:00,26,123.8,6.1,0,956.1,1004,82.4,,
883,2023-08-04 00:00,26.2,124.4,4.6,0,956.3,1004.1,82.4,,
883,2023-08-04 01:00,26.4,107.2,3.6,0,955.9,1003.7,77.2,,
883,2023-08-04 02:00,25.5,117.5,4.8,0,955.7,1003.7,84.1,,
883,2023-08-04 03:00,25.5,128.2,3,0,955.6,1003.5,81.2,,
883,2023-08-04 04:00,24,104.1,3,0,955.7,1004,91.4,,
883,2023-08-04 05:00,25,104.7,3.7,0,955.3,1003.3,83.2,,
883,2023-08-04 06:00,25.5,122.2,4.9,0,955.3,1003.2,78.7,,
883,2023-08-04 07:00,25.5,46.9,2.3,0,955.6,1003.5,85.9,,
883,2023-08-04 08:00,27.4,218.9,.9,0,955.8,1003.3,81.6,,
883,2023-08-04 09:00,27.5,329,3.6,0,955.5,1003,80.8,,
883,2023-08-04 10:00,27.5,320.2,2.6,0,955.3,1002.8,81.9,,
883,2023-08-04 11:00,27.3,27.4,3.7,0,955.4,1002.9,84.2,,
883,2023-08-04 12:00,28.1,358.4,2,0,954.8,1002.1,79.7,,
883,2023-08-04 13:00,29.3,141.9,5.1,0,954.6,1001.9,74.8,,
883,2023-08-04 14:00,28.3,145.9,6,0,954.5,1001.8,76.9,,
883,2023-08-04 15:00,28.7,139.9,4.7,0,954.1,1001.3,79.6,,
883,2023-08-04 16:00,28.9,132.6,4.4,0,954,1001.1,73,,
883,2023-08-04 17:00,28.9,131.6,5,0,953.9,1001,73.1,,
883,2023-08-04 18:00,28.2,137,4.3,0,953.9,1001.2,74.6,,
883,2023-08-04 19:00,27.3,147.3,3.3,0,953.9,1001.4,75.4,,
883,2023-08-04 20:00,26.9,140.4,5.1,0,954.3,1001.9,74.9,,
883,2023-08-04 21:00,26.2,141,3.9,0,954.6,1002.3,79.7,,
883,2023-08-04 22:00,26.3,112.3,2.9,0,954.4,1002.1,79.9,,
883,2023-08-04 23:00,25.5,140.8,1.7,0,953.9,1001.8,83.1,,
883,2023-08-05 00:00,27,113.4,4.1,0,953.5,1001,74.2,,
883,2023-08-05 01:00,26.2,120.9,4.5,0,953.4,1001.1,80.6,,
883,2023-08-05 02:00,26,115,4.1,0,952.6,1000.3,79.8,,
883,2023-08-05 03:00,24.9,88,3.6,0,952.4,1000.3,88.7,,
883,2023-08-05 04:00,24.4,80.7,3.4,0,952.1,1000.1,89.6,,
883,2023-08-05 05:00,24.2,127.6,1.2,0,952.1,1000.2,89.6,,
883,2023-08-05 06:00,23.8,161.9,1.1,0,952,999.7,91.2,,
883,2023-08-05 07:00,26,0,.1,0,952.4,1000.1,84,,
883,2023-08-05 08:00,28.2,0,.2,0,952.6,999.8,76.4,,
883,2023-08-05 09:00,28.6,227.1,2,0,952.7,999.8,77.8,,
883,2023-08-05 10:00,30.5,299.7,.5,0,952.5,999.5,75.7,,
883,2023-08-05 11:00,28.3,63.6,4.5,0,952.3,999.5,77,,
883,2023-08-05 12:00,29.6,49,4.2,0,951.7,998.8,73.5,,
883,2023-08-05 13:00,29.2,52.1,4,0,951.1,998.3,76.1,,
883,2023-08-05 14:00,30.9,48.4,6.2,0,950.4,997.2,73.4,,
883,2023-08-05 15:00,30.3,50.7,6.1,0,950.5,997.4,69.4,,
883,2023-08-05 16:00,29.7,41.7,5.5,0,950.3,997.3,71.6,,
883,2023-08-05 17:00,29.5,64.4,6.3,0,949.9,997,67.1,,
883,2023-08-05 18:00,28.5,66.9,4.2,0,950.2,997.2,68.9,,
883,2023-08-05 19:00,27.5,46.5,3,0,950.3,997.5,73.7,,
883,2023-08-05 20:00,25.4,42.6,2.7,0,950.7,998.4,83.7,,
883,2023-08-05 21:00,25.2,61.8,3.1,0,951.2,999,84,,
883,2023-08-05 22:00,25.6,57.9,5,0,951,998.7,82.5,,
883,2023-08-05 23:00,26.2,68,4.6,0,950.6,998.1,81.1,,
883,2023-08-06 00:00,24.3,37.6,2.5,0,950.5,998.5,91,,
883,2023-08-06 01:00,24.5,37.1,3.7,0,949.8,997.7,89.7,,
883,2023-08-06 02:00,23.5,14.4,1,0,949.6,997.3,94.1,,
883,2023-08-06 03:00,25.1,69.6,2.9,0,949.4,997.1,79.4,,
883,2023-08-06 04:00,23.4,36.4,3,0,949.1,996.8,91.5,,
883,2023-08-06 05:00,24,44.5,3,0,948.9,996.9,87.1,,
883,2023-08-06 06:00,26.1,96.9,4.2,0,949.1,996.6,75.7,,
883,2023-08-06 07:00,25.8,38.5,2.3,0,949.2,996.8,81.1,,
883,2023-08-06 08:00,27.7,53.5,3.8,0,949.5,996.7,77.6,,
883,2023-08-06 09:00,28.4,59.5,6.1,0,949,996,71.2,,
883,2023-08-06 10:00,29.2,56.4,5.7,0,948.9,996,71.2,,
883,2023-08-06 11:00,29.2,39.8,6.7,0,949.2,996.3,74.1,,
883,2023-08-06 12:00,28.8,36.7,7.4,0,948.9,995.8,78.7,,
883,2023-08-06 13:00,29.3,47.5,7,0,948.6,995.6,76.3,,
883,2023-08-06 14:00,29,70.4,7.9,0,948.2,995.3,76.4,,
883,2023-08-06 15:00,29.8,63.5,6.1,0,947.8,994.7,70.8,,
883,2023-08-06 16:00,29.8,54.9,6.1,0,947.6,994.5,72.7,,
883,2023-08-06 17:00,29.2,42.5,6.3,0,947.8,994.8,76.9,,
883,2023-08-06 18:00,28.5,47.9,5.7,0,947.8,994.7,74.7,,
883,2023-08-06 19:00,27,45.7,5,0,948.5,995.8,81.4,,
883,2023-08-06 20:00,26.6,81.4,.7,0,949,996.4,85.1,,
883,2023-08-06 21:00,25.2,68.9,1.6,0,949.4,997.1,87.8,,
883,2023-08-06 22:00,25.7,83.7,3,0,949.5,997.1,83.4,,
883,2023-08-06 23:00,25.1,43,5,0,949.5,997.2,91.2,,
883,2023-08-07 00:00,24.8,39.8,3.3,0,949.4,997.2,95.8,,
883,2023-08-07 01:00,25.3,53.1,3.4,0,949,996.7,91.4,,
883,2023-08-07 02:00,25.3,45.9,4.8,0,948.7,996.3,95.9,,
883,2023-08-07 03:00,25.7,68.7,3.2,0,949,996.6,90.3,,
883,2023-08-07 04:00,26,77.2,3.9,0,949,996.5,87.2,,
883,2023-08-07 05:00,25.3,61.6,.6,0,949.1,996.8,90.9,,
883,2023-08-07 06:00,25.2,56.2,4,0,949.6,997.3,93.9,,
883,2023-08-07 07:00,25.7,69.9,5.4,0,949.9,997.5,89.6,,
883,2023-08-07 08:00,26.6,75.9,5.8,0,950.1,997.5,83.4,,
883,2023-08-07 09:00,27.8,54.6,4.7,0,950.1,997.3,81.4,,
883,2023-08-07 10:00,28,61.1,4.5,0,950.5,997.6,80.6,,
883,2023-08-07 11:00,28.5,40.5,4.8,0,950.5,997.5,78.1,,
883,2023-08-07 12:00,29.9,38.3,5.5,0,950.1,997.1,71.7,,
883,2023-08-07 13:00,29.7,63.9,4.7,0,949.9,996.9,73.2,,
883,2023-08-07 14:00,29.9,43.3,4.9,0,949.7,996.7,71.5,,
883,2023-08-07 15:00,29.5,43.8,6.4,0,949.5,996.5,72.2,,
883,2023-08-07 16:00,28.4,58,5.8,0,949.6,996.6,78.5,,
883,2023-08-07 17:00,27.7,41.6,4.8,0,949.7,996.9,81.2,,
883,2023-08-07 18:00,27.3,38.5,4.1,0,949.7,997,84.5,,
883,2023-08-07 19:00,26.1,42.1,3.1,0,949.7,997.2,85.7,,
883,2023-08-07 20:00,25.4,41.3,2.3,0,950.1,997.8,88.3,,
883,2023-08-07 21:00,25.6,14.7,1.9,0,950.3,998,87.5,,
883,2023-08-07 22:00,25.4,44,2.5,0,950.6,998.3,92.3,,
883,2023-08-07 23:00,26.1,69.6,5.2,0,950.7,998.3,85.2,,
883,2023-08-08 00:00,25.9,84.7,4.4,0,950.5,998.1,83.4,,
883,2023-08-08 01:00,25.6,64.8,3.2,0,950.1,997.8,81.3,,
883,2023-08-08 02:00,25.4,67.2,3.5,0,950.1,997.8,84.4,,
883,2023-08-08 03:00,25.5,60.7,4,0,950.3,998,89.3,,
883,2023-08-08 04:00,24.4,44.8,4.6,0,950.2,998.1,98,,
883,2023-08-08 05:00,25.1,61.9,5.4,0,950.3,998.1,91,,
883,2023-08-08 06:00,25,62.4,5.2,0,950.6,998.4,92.6,,
883,2023-08-08 07:00,24.5,46.3,5,0,951.2,999.2,96,,
883,2023-08-08 08:00,24.9,38.7,3.7,0,951.5,999.4,93.8,,
883,2023-08-08 09:00,25.7,44.5,4.4,0,951.7,999.4,90.7,,
883,2023-08-08 10:00,27.2,56,5.9,0,951.8,999.2,83,,
883,2023-08-08 11:00,27.4,67,5,0,951.9,999.2,82.8,,
883,2023-08-08 12:00,26.4,48.4,4.2,0,951.8,999.4,86.5,,
883,2023-08-08 13:00,26.3,52.9,4.2,0,951.8,999.4,89.3,,
883,2023-08-08 14:00,28.4,80,6.5,0,951.4,998.5,78.6,,
883,2023-08-08 15:00,28.5,60.8,7.5,0,951.1,998.2,78.1,,
883,2023-08-08 16:00,27.8,51.3,6.7,0,951,998.2,79.8,,
883,2023-08-08 17:00,27.4,57.8,7,0,951.2,998.5,80.6,,
883,2023-08-08 18:00,27.3,63.8,8.1,0,950.9,998.2,81.6,,
883,2023-08-08 19:00,25.8,40.2,7.8,0,951,998.7,88,,
883,2023-08-08 20:00,25.3,40.1,7.8,0,951.3,999.1,90.6,,
883,2023-08-08 21:00,25.3,57.3,4.7,0,951.6,999.4,88.9,,
883,2023-08-08 22:00,25.5,52.8,4.1,0,951.5,999.2,89.6,,
883,2023-08-08 23:00,25.7,56,4,0,951.9,999.6,88.7,,
883,2023-08-09 00:00,25.5,54.5,4.8,0,951.4,999.1,89.4,,
883,2023-08-09 01:00,25.2,52.5,7.6,0,950.6,998.4,90.9,,
883,2023-08-09 02:00,25,51,10.2,0,949.5,997.3,91.5,,
883,2023-08-09 03:00,25.1,59.1,10.2,0,949.2,996.9,89.4,,
883,2023-08-09 04:00,24.5,49.2,8.5,0,949,996.8,92.5,,
883,2023-08-09 05:00,24.4,33.6,7.6,0,949.6,997.5,92.4,,
883,2023-08-09 06:00,24.3,37.4,4.2,0,950.1,998,94.4,,
883,2023-08-09 07:00,24.1,29.2,7,0,950.2,998.2,94.6,,
883,2023-08-09 08:00,23.8,33.3,6.7,1,950.3,997.9,97.2,,
883,2023-08-09 09:00,23.9,50.6,5.9,1,950.3,997.9,96.7,,
883,2023-08-09 10:00,23.8,43.7,8.3,2,950.3,997.9,97.1,,
883,2023-08-09 11:00,23.5,45.6,9.6,.5,949.5,997.2,98.2,,
883,2023-08-09 12:00,23.4,47.1,8.6,4.5,949.3,997,98.7,,
883,2023-08-09 13:00,23.4,43.7,8.3,3,948.9,996.6,98.8,,
883,2023-08-09 14:00,23.4,40.7,9.3,5,948.1,995.7,98.8,,
883,2023-08-09 15:00,23.1,41.3,9.6,4,947.4,995.1,99.2,,
883,2023-08-09 16:00,23.2,34.4,9.1,1,947.1,994.7,99.5,,
883,2023-08-09 17:00,23.2,30,9.9,.5,947.3,994.9,99.6,,
883,2023-08-09 18:00,23.1,27.2,10,.5,946.9,994.5,99.5,,
883,2023-08-09 19:00,23.2,27.9,10.1,1.5,947.2,994.8,99.7,,
883,2023-08-09 20:00,23.4,29.3,9.4,2.5,947.4,995,99.6,,
883,2023-08-09 21:00,23.3,26.7,10.1,1,947.7,995.3,99.7,,
883,2023-08-09 22:00,23.3,28.3,9.7,.5,947.1,994.7,99.6,,
883,2023-08-09 23:00,23.3,39.1,10,.5,946.7,994.3,99.4,,
883,2023-08-10 00:00,22.8,21.5,7.6,8.5,945.8,993.5,99.7,,
883,2023-08-10 01:00,23.1,37.3,8.6,2,945.3,992.9,99.6,,
883,2023-08-10 02:00,23.2,37.4,7.7,0,945.1,992.6,99.6,,
883,2023-08-10 03:00,22.9,37.6,7.7,0,945,992.6,99.7,,
883,2023-08-10 04:00,22.9,35.5,7.6,1,944.9,992.5,99.7,,
883,2023-08-10 05:00,22.6,37.8,9.3,.5,944.9,992.6,99.5,,
883,2023-08-10 06:00,22.6,31.6,8.2,0,945.2,992.9,99.6,,
883,2023-08-10 07:00,22.3,33.6,7.5,0,946,993.8,99.7,,
883,2023-08-10 08:00,22.2,346.4,6.5,0,946.7,994.6,99.6,,
883,2023-08-10 09:00,22.1,24.5,6.3,0,947.3,995.2,99.8,,
883,2023-08-10 10:00,22.1,15.7,7.2,0,948,996,99.7,,
883,2023-08-10 11:00,22.7,34.8,8.9,0,948.7,996.5,99.7,,
883,2023-08-10 12:00,22.9,347.8,7.7,0,949.2,997,97.7,,
883,2023-08-10 13:00,23.3,10.7,6.8,0,949.7,997.4,91.5,,
883,2023-08-10 14:00,23.6,25.4,7.2,0,950.5,998.2,85.2,,
883,2023-08-10 15:00,24.2,27.5,5.6,0,950.6,998.6,84.1,,
883,2023-08-10 16:00,25.1,28.3,3.8,0,950.9,998.7,78.7,,
883,2023-08-10 17:00,24.9,292.2,3.7,0,951.2,999.1,78.9,,
883,2023-08-10 18:00,23.9,296.3,5.1,0,951.3,998.9,93.5,,
883,2023-08-10 19:00,23.9,296.7,4.2,0,951.8,999.5,93.4,,
883,2023-08-10 20:00,23.6,293.6,3.2,0,952.3,1000.1,97,,
883,2023-08-10 21:00,23.9,327.7,1,0,952.8,1000.5,96.5,,
883,2023-08-10 22:00,23.9,0,.2,0,953.3,1001,97.5,,
883,2023-08-10 23:00,24.3,238.6,2,0,953.5,1001.6,98.6,,
883,2023-08-11 00:00,23.7,295.7,2.2,0,953.7,1001.5,98,,
883,2023-08-11 01:00,22.6,76.8,.9,0,953.5,1001.6,98,,
883,2023-08-11 02:00,22.1,142.3,1.6,0,953.3,1001.5,97.8,,
883,2023-08-11 03:00,22,124.7,1.7,0,953.2,1001.5,97.1,,
883,2023-08-11 04:00,23,276.5,.5,0,953.5,1001.5,98,,
883,2023-08-11 05:00,23.3,247.6,.5,0,954,1001.9,98.7,,
883,2023-08-11 06:00,22.7,0,.4,0,954.2,1002.3,97.1,,
883,2023-08-11 07:00,23.2,182,.7,0,954.4,1002.4,98,,
883,2023-08-11 08:00,24.5,240.3,2.2,0,954.7,1002.8,91,,
883,2023-08-11 09:00,25.6,262.4,2.2,0,955,1002.9,84.5,,
883,2023-08-11 10:00,26.6,245.2,3.3,0,955.1,1002.8,79.3,,
883,2023-08-11 11:00,27.1,242.8,3.1,0,955,1002.6,71.6,,
883,2023-08-11 12:00,25.5,248.8,3.6,0,954.8,1002.7,82.5,,
883,2023-08-11 13:00,27.5,245.1,3.9,0,954.4,1001.8,79.4,,
883,2023-08-11 14:00,26.8,229,3.4,0,953.9,1001.5,76.1,,
883,2023-08-11 15:00,25.8,238.7,3.3,0,953.7,1001.5,80.6,,
883,2023-08-11 16:00,25.9,246.3,3,0,953.7,1001.5,81.9,,
883,2023-08-11 17:00,26.1,236,2.8,0,953.7,1001.4,83.1,,
883,2023-08-11 18:00,25.8,236.8,2.8,0,953.7,1001.5,86.7,,
883,2023-08-11 19:00,23.5,222.5,1.5,0,954,1001.9,91.9,,
883,2023-08-11 20:00,23.3,0,.3,0,954.5,1002.5,94.1,,
883,2023-08-11 21:00,22.6,0,.1,0,955.2,1003.4,94.4,,
883,2023-08-11 22:00,22.4,106.2,.5,0,955.6,1003.9,93.3,,
883,2023-08-11 23:00,22.8,0,.1,0,955.8,1004,92,,
883,2023-08-12 00:00,22.5,86.5,2.5,0,955.9,1004.2,92.5,,
883,2023-08-12 01:00,22.6,95.2,1.4,0,956,1004.2,93.4,,
883,2023-08-12 02:00,22.5,0,0,0,955.7,1004,94.1,,
883,2023-08-12 03:00,22.4,0,.3,0,955.6,1003.9,95.6,,
883,2023-08-12 04:00,22.2,0,.1,0,955.6,1003.9,97.1,,
883,2023-08-12 05:00,22.9,0,.1,0,955.6,1003.7,96,,
883,2023-08-12 06:00,22.1,0,.1,0,955.6,1004,97.6,,
883,2023-08-12 07:00,23.4,176.9,.9,0,956,1004,96.7,,
883,2023-08-12 08:00,24.8,219.1,.5,0,956.2,1004.3,92,,
883,2023-08-12 09:00,26.3,221.7,1.3,0,956.2,1004,78.5,,
883,2023-08-12 10:00,27.1,277.9,1.3,0,956.4,1004,69,,
883,2023-08-12 11:00,28.1,252.6,1.5,0,956.4,1003.8,71.4,,
883,2023-08-12 12:00,28.8,249.6,1.7,0,956.2,1003.4,68.5,,
883,2023-08-12 13:00,28.8,247.7,2.4,0,956,1003.2,67,,
883,2023-08-12 14:00,28.1,263.5,2.5,0,955.8,1003.2,73.2,,
883,2023-08-12 15:00,28.6,264.6,2.2,0,955.4,1002.6,67.1,,
883,2023-08-12 16:00,27.3,246.7,2.6,0,955.2,1002.7,75.9,,
883,2023-08-12 17:00,26.1,232.6,1.7,0,955.4,1003.2,85.4,,
883,2023-08-12 18:00,26.1,236.5,2.4,0,955.4,1003.2,83.1,,
883,2023-08-12 19:00,24.9,213.1,1.2,0,955.6,1003.7,89.8,,
883,2023-08-12 20:00,23.5,156.3,.9,0,955.8,1003.8,95.1,,
883,2023-08-12 21:00,23.3,145.8,1.3,0,956.3,1004.4,93,,
883,2023-08-12 22:00,22.1,0,.2,0,956.6,1005,89.4,,
883,2023-08-12 23:00,22.9,178.6,2.7,0,956.6,1004.8,91.6,,
883,2023-08-13 00:00,23.2,169.8,2.7,0,956.4,1004.5,92.8,,
883,2023-08-13 01:00,22.9,166.9,3,0,955.9,1004.1,94.6,,
883,2023-08-13 02:00,22.8,171,2.6,0,955.6,1003.8,94.4,,
883,2023-08-13 03:00,22.3,153.8,1.4,0,955.3,1003.6,84.5,,
883,2023-08-13 04:00,20.7,0,0,0,955.1,1003.8,89.1,,
883,2023-08-13 05:00,20.6,110.6,2.3,0,955.3,1004.1,85.6,,
883,2023-08-13 06:00,19.6,102.4,2.6,0,955.4,1004.5,85.8,,
883,2023-08-13 07:00,21.3,104.9,2.8,0,955.8,1004.4,81.5,,
883,2023-08-13 08:00,25.7,0,.1,0,956.1,1004,75.8,,
883,2023-08-13 09:00,26,187.4,1.9,0,956.3,1004.2,70.2,,
883,2023-08-13 10:00,26.8,174.5,3.3,0,956.6,1004.3,70.9,,
883,2023-08-13 11:00,28.7,211.6,2.1,0,956.6,1003.9,79.6,,
883,2023-08-13 12:00,27.3,221.1,2.3,0,956.4,1004,77.4,,
883,2023-08-13 13:00,24.7,45.4,1.8,.5,956.5,1004.7,93.6,,
883,2023-08-13 14:00,24.2,206.1,1.2,3,956.2,1004.5,96.1,,
883,2023-08-13 15:00,24.6,0,.2,15.5,955.8,1004,95.5,,
883,2023-08-13 16:00,25.2,337.4,1.5,0,955.6,1003.6,94,,
883,2023-08-13 17:00,26.9,22.8,2.4,0,955.3,1002.9,86.9,,
883,2023-08-13 18:00,26.3,25.2,3,0,955.2,1002.9,85.8,,
883,2023-08-13 19:00,24.9,24.1,1.5,0,955.4,1003.5,94.2,,
883,2023-08-13 20:00,23.9,0,.2,0,955.7,1003.6,96.1,,
883,2023-08-13 21:00,22.9,131.6,.8,0,956.2,1004.4,88.1,,
883,2023-08-13 22:00,22.3,110.3,2.8,0,956.6,1005,84.5,,
883,2023-08-13 23:00,22.7,77.9,3.1,0,956.5,1004.7,88.5,,
883,2023-08-14 00:00,22.1,102.5,2.6,0,956.4,1004.8,95.4,,
883,2023-08-14 01:00,21.7,89.4,2.6,0,956.2,1004.7,92.3,,
883,2023-08-14 02:00,21.5,79.1,1.7,0,956.3,1004.9,90.6,,
883,2023-08-14 03:00,20.8,98.5,1.8,0,956.5,1005.3,93.3,,
883,2023-08-14 04:00,21.1,99.5,1.7,0,956.4,1005.1,97.3,,
883,2023-08-14 05:00,21.4,90.2,1.5,0,956.3,1004.9,96.7,,
883,2023-08-14 06:00,21.5,102.3,2.8,0,956.3,1004.9,91.2,,
883,2023-08-14 07:00,22.3,92,2.7,0,956.4,1004.7,90,,
883,2023-08-14 08:00,25.5,0,0,0,956.4,1004.4,80.5,,
883,2023-08-14 09:00,26.2,0,0,0,956.5,1004.3,77.2,,
883,2023-08-14 10:00,27.8,245.2,1.3,0,956.9,1004.4,70.2,,
883,2023-08-14 11:00,28.4,289,1.3,0,957.3,1004.7,63.1,,
883,2023-08-14 12:00,28.2,237.8,1.8,0,956.9,1004.3,79.4,,
883,2023-08-14 13:00,28,248.9,2.8,0,956.6,1004,78.4,,
883,2023-08-14 14:00,26.9,294.7,1.6,0,956.1,1003.8,82.8,,
883,2023-08-14 15:00,28.4,337.5,2.4,0,955.8,1003.1,82,,
883,2023-08-14 16:00,28,313.3,3.8,0,955.6,1003,83.2,,
883,2023-08-14 17:00,26.6,322.8,2.8,0,955.5,1003.2,86.4,,
883,2023-08-14 18:00,27.7,20.4,3.5,0,955.2,1002.6,74.9,,
883,2023-08-14 19:00,24.9,201.2,2.2,0,955.5,1003.6,93.4,,
883,2023-08-14 20:00,24,169.7,1.8,0,956.2,1004.5,95.4,,
883,2023-08-14 21:00,23.6,173.2,1.4,0,956.6,1004.6,97.5,,
883,2023-08-14 22:00,23.1,94.8,2.3,0,956.6,1004.7,95.7,,
883,2023-08-14 23:00,23.3,0,0,0,956.6,1004.7,97.2,,
883,2023-08-15 00:00,22.4,115.6,2.8,0,956.2,1004.5,92.2,,
883,2023-08-15 01:00,22.1,356.2,2.1,0,956.1,1004.5,92.3,,
883,2023-08-15 02:00,21.5,97.1,2.4,0,955.8,1004.3,92.2,,
883,2023-08-15 03:00,21.8,106.9,2.8,0,955.6,1004,90.9,,
883,2023-08-15 04:00,21.6,100.8,2.9,0,955.4,1003.9,89.1,,
883,2023-08-15 05:00,22,151.8,1.2,0,956,1004.4,92.4,,
883,2023-08-15 06:00,22.4,120,2.2,0,956.1,1004.4,91.1,,
883,2023-08-15 07:00,22.8,105.5,2.8,0,956.4,1004.6,88,,
883,2023-08-15 08:00,25,39.3,3,0,956.7,1004.8,84.5,,
883,2023-08-15 09:00,26.3,43.5,3.2,0,956.8,1004.6,77.2,,
883,2023-08-15 10:00,27.8,29.7,3.7,0,956.9,1004.4,79.4,,
883,2023-08-15 11:00,29,33.7,4,0,956.5,1004,77.7,,
883,2023-08-15 12:00,27.7,30.8,4.7,0,956.3,1003.8,83.4,,
883,2023-08-15 13:00,28.8,39.5,3.9,0,955.8,1003,83.7,,
883,2023-08-15 14:00,28.6,30.9,2.1,0,955.6,1002.9,82.4,,
883,2023-08-15 15:00,28.1,27.2,5.1,0,955.4,1002.8,79,,
883,2023-08-15 16:00,28.9,25.5,4.2,0,955.1,1002.3,76.9,,
883,2023-08-15 17:00,28.2,34.3,3.2,0,955.1,1002.4,76.6,,
883,2023-08-15 18:00,27.4,348.6,1.4,0,955.2,1002.7,79.8,,
883,2023-08-15 19:00,24.8,333.8,1.9,0,955.6,1003.7,94.7,,
883,2023-08-15 20:00,23.8,26.6,1,0,956.1,1004,96.8,,
883,2023-08-15 21:00,23.9,35.8,1,0,956.3,1004.2,97.8,,
883,2023-08-15 22:00,23.2,0,0,0,956.3,1004.4,97.4,,
883,2023-08-15 23:00,22.9,25.9,2.2,0,956.4,1004.6,97.5,,
883,2023-08-16 00:00,22.8,27.4,2.2,0,956.2,1004.4,97.1,,
883,2023-08-16 01:00,23,25.1,2.8,0,955.9,1004,97.9,,
883,2023-08-16 02:00,22.7,41.2,2.3,0,955.7,1003.9,88.3,,
883,2023-08-16 03:00,22.7,35.6,2.6,0,955.5,1003.7,97.3,,
883,2023-08-16 04:00,23.2,42.8,3,0,955.4,1003.4,97.2,,
883,2023-08-16 05:00,23.1,62.4,3.5,0,955.2,1003.3,96.6,,
883,2023-08-16 06:00,23.2,65,3.4,0,955.3,1003.3,91.4,,
883,2023-08-16 07:00,23.1,25,2.8,0,955.9,1004,96.7,,
883,2023-08-16 08:00,26,26.5,4.1,0,956.6,1004.5,89.6,,
883,2023-08-16 09:00,25,31.7,3.5,0,956.8,1004.9,90.1,,
883,2023-08-16 10:00,25.9,34.8,4.5,0,956.5,1004.4,81.6,,
883,2023-08-16 11:00,28.2,32,3.9,0,956.3,1003.7,75.7,,
883,2023-08-16 12:00,29.1,26.4,3.8,0,956.1,1003.5,73.7,,
883,2023-08-16 13:00,29.5,25.7,3.6,0,956,1003.4,70.8,,
883,2023-08-16 14:00,29.9,27.6,3.6,0,955.7,1003,64.9,,
883,2023-08-16 15:00,29.3,23.2,3.1,0,955.8,1003.2,65.2,,
883,2023-08-16 16:00,29.4,23.1,4.6,0,955.7,1003.1,73.4,,
883,2023-08-16 17:00,27.5,27,4.2,0,955.4,1002.9,67.6,,
883,2023-08-16 18:00,27,26.9,4.4,0,955.1,1002.7,77.8,,
883,2023-08-16 19:00,24.7,29.8,2.3,0,955.1,1003.2,87.7,,
883,2023-08-16 20:00,23.7,92.8,2.1,0,955.6,1003.5,90.6,,
883,2023-08-16 21:00,22.8,82.7,2.3,0,956,1004.2,92.5,,
883,2023-08-16 22:00,22.7,93.1,2.7,0,956.5,1004.7,93.3,,
883,2023-08-16 23:00,23,69,3.2,0,956.5,1004.7,94.1,,
883,2023-08-17 00:00,22.3,85.4,3.8,0,956.2,1004.5,90,,
883,2023-08-17 01:00,22.5,60,3.8,0,955.8,1004.1,93.2,,
883,2023-08-17 02:00,22.6,58.3,3.4,0,955.9,1004.1,94.1,,
883,2023-08-17 03:00,21.4,104.2,3.2,0,955.8,1004.4,91.8,,
883,2023-08-17 04:00,21.5,105.9,3,0,955.6,1004.1,89.1,,
883,2023-08-17 05:00,21.7,109.8,3.3,0,955.5,1004,87.8,,
883,2023-08-17 06:00,21.3,130.6,2.1,0,955.4,1004,92.2,,
883,2023-08-17 07:00,22.1,102.6,1.6,0,955.4,1003.7,86,,
883,2023-08-17 08:00,25.5,0,.4,0,956,1004,74.9,,
883,2023-08-17 09:00,26.3,303.3,.5,0,956.4,1004.2,76.1,,
883,2023-08-17 10:00,27.6,38.5,1.3,0,956.5,1004,68.5,,
883,2023-08-17 11:00,29,28.1,3.2,0,956.4,1003.9,73.1,,
883,2023-08-17 12:00,29.5,31.7,4.2,0,956,1003.4,76.5,,
883,2023-08-17 13:00,24.4,332,3.7,4.5,956.1,1004.3,95.1,,
883,2023-08-17 14:00,23.5,103.7,4.1,15,956.1,1004.1,92.4,,
883,2023-08-17 15:00,25.8,69.6,3.5,9,955.8,1003.7,90,,
883,2023-08-17 16:00,23.8,127.9,3.1,.5,955.5,1003.4,89.4,,
883,2023-08-17 17:00,25.8,138.5,3,0,955.1,1003,83.6,,
883,2023-08-17 18:00,24.5,329.4,1,0,955.4,1003.6,90.1,,
883,2023-08-17 19:00,23.7,0,.3,0,955.7,1003.6,96.4,,
883,2023-08-17 20:00,22.8,110.2,.7,0,956.3,1004.5,96.4,,
883,2023-08-17 21:00,22.3,0,.3,0,956.9,1005.3,96,,
883,2023-08-17 22:00,22.4,145.1,1.2,0,957,1005.3,97.7,,
883,2023-08-17 23:00,21.5,116.1,1.6,0,957.1,1005.7,96.5,,
883,2023-08-18 00:00,21.2,92,.9,0,957,1005.7,97.2,,
883,2023-08-18 01:00,21.2,114.1,.8,0,956.8,1005.5,97.5,,
883,2023-08-18 02:00,20.2,85.8,.5,0,956.7,1005.7,97.4,,
883,2023-08-18 03:00,21.3,109.4,2.9,0,956.7,1005.3,90.9,,
883,2023-08-18 04:00,21.2,114.9,2.3,0,956.3,1004.9,92.3,,
883,2023-08-18 05:00,21.1,86,2.8,0,956.3,1005,92.1,,
883,2023-08-18 06:00,21.6,103.1,3.8,0,956.3,1004.8,90.7,,
883,2023-08-18 07:00,22.9,76.4,2.5,0,956.9,1005.1,89.9,,
883,2023-08-18 08:00,25.3,53.6,.6,0,957,1005.1,82.4,,
883,2023-08-18 09:00,26.8,68.6,2.9,0,957.2,1004.9,81.5,,
883,2023-08-18 10:00,27.4,48.9,4.1,0,957.3,1004.9,78.8,,
883,2023-08-18 11:00,28.2,37,5,0,957.4,1004.8,83,,
883,2023-08-18 12:00,28.5,47.5,4.9,0,957.1,1004.5,81.9,,
883,2023-08-18 13:00,26.7,131.2,1,0,957.2,1005,84.6,,
883,2023-08-18 14:00,27.2,52.9,5.3,0,956.9,1004.5,78.4,,
883,2023-08-18 15:00,26.3,44.7,4.3,0,956.8,1004.6,84.5,,
883,2023-08-18 16:00,27.4,39.4,5.6,0,956.7,1004.3,81,,
883,2023-08-18 17:00,27.6,44,3.9,0,956.9,1004.4,78.5,,
883,2023-08-18 18:00,25.7,192.9,1,0,957,1005,91.6,,
883,2023-08-18 19:00,24.7,0,.1,0,957.1,1005.3,94.1,,
883,2023-08-18 20:00,24,0,0,0,957.6,1006,96.6,,
883,2023-08-18 21:00,23.2,65.4,2.4,0,958.4,1006.6,91.7,,
883,2023-08-18 22:00,23.4,0,0,0,958.9,1007.1,93.8,,
883,2023-08-18 23:00,23.9,129.8,1.1,0,959.1,1007.1,92.2,,
883,2023-08-19 00:00,23.6,0,.2,0,959.3,1007.4,94.6,,
883,2023-08-19 01:00,23,51.5,.8,0,959.2,1007.5,95.1,,
883,2023-08-19 02:00,23.6,60.5,2.5,0,959.2,1007.3,93.7,,
883,2023-08-19 03:00,23.5,29.1,3.1,0,959.4,1007.6,95.4,,
883,2023-08-19 04:00,23.5,56.6,2.4,0,959.5,1007.7,95.2,,
883,2023-08-19 05:00,23.7,64.5,3.1,0,959.6,1007.7,96.3,,
883,2023-08-19 06:00,23.8,117.1,2.7,0,960,1008.1,91.7,,
883,2023-08-19 07:00,23.9,35,2,0,960.4,1008.5,94.7,,
883,2023-08-19 08:00,26.4,19.2,2.3,0,960.9,1008.9,87.9,,
883,2023-08-19 09:00,28.4,27.6,2.5,0,961.3,1008.9,79.3,,
883,2023-08-19 10:00,29.5,25.1,3.4,0,961.5,1009.1,75.4,,
883,2023-08-19 11:00,28,20.2,3.3,0,961.6,1009.3,78.6,,
883,2023-08-19 12:00,27.6,25.6,2.9,0,961.7,1009.5,82.3,,
883,2023-08-19 13:00,29.4,28.6,2,0,961.5,1009.1,74.7,,
883,2023-08-19 14:00,29.1,26.1,2.8,0,961.3,1009,77,,
883,2023-08-19 15:00,28.1,31.3,3.7,0,961.3,1008.9,82.9,,
883,2023-08-19 16:00,28.1,37.2,1.8,0,961,1008.6,82.4,,
883,2023-08-19 17:00,26.6,336,.9,0,960.9,1008.9,85.5,,
883,2023-08-19 18:00,26.1,185.5,1,0,960.7,1008.8,91.2,,
883,2023-08-19 19:00,25,200.7,.5,0,961,1009.3,93.1,,
883,2023-08-19 20:00,24.2,164.2,2.8,0,961.5,1010,95.4,,
883,2023-08-19 21:00,24.1,161,3,0,962.1,1010.7,93.1,,
883,2023-08-19 22:00,23.7,161.4,2.7,0,962.5,1010.8,91.7,,
883,2023-08-19 23:00,23.6,160.9,2.8,0,962.8,1011.1,91.5,,
883,2023-08-20 00:00,24.1,150.5,3.3,0,962.9,1011.5,87.8,,
883,2023-08-20 01:00,23.4,155.6,3.8,0,962.7,1011.1,88.9,,
883,2023-08-20 02:00,23.4,155.7,3.2,0,962.6,1010.9,86.9,,
883,2023-08-20 03:00,23.3,145.5,2.6,0,962.5,1010.9,87,,
883,2023-08-20 04:00,23.5,148.3,2.8,0,962.3,1010.6,87.3,,
883,2023-08-20 05:00,23.3,142.6,2.9,0,962.4,1010.8,85.9,,
883,2023-08-20 06:00,23.1,145.4,2,0,962.5,1010.9,85.4,,
883,2023-08-20 07:00,23.9,103.5,2.5,0,962.9,1011.1,86.3,,
883,2023-08-20 08:00,26.7,156.8,2,0,963.1,1011.2,79.4,,
883,2023-08-20 09:00,27.9,182,1.6,0,963,1010.8,80.4,,
883,2023-08-20 10:00,28.3,164.5,3.4,0,963,1010.7,79.2,,
883,2023-08-20 11:00,28.9,190.3,3,0,963.2,1010.8,78.1,,
883,2023-08-20 12:00,26.7,341,1.7,0,963.3,1011.4,82.3,,
883,2023-08-20 13:00,27,266.5,.6,0,963.2,1011.2,86.3,,
883,2023-08-20 14:00,28.4,197.8,2.2,0,962.8,1010.5,82.4,,
883,2023-08-20 15:00,29,205.4,1.9,0,962.5,1010.3,79.8,,
883,2023-08-20 16:00,28.1,189.5,1,0,962.3,1010,78.7,,
883,2023-08-20 17:00,27.2,0,.4,0,962.2,1010.1,85.3,,
883,2023-08-20 18:00,26.7,213.8,1.8,0,962,1010,87.8,,
883,2023-08-20 19:00,24.6,207.6,1,0,961.9,1010.4,92.3,,
883,2023-08-20 20:00,24,0,0,0,962.2,1010.8,95.4,,
883,2023-08-20 21:00,23.9,94,2.6,0,962.3,1010.5,93.7,,
883,2023-08-20 22:00,22.8,113.5,2.1,0,962.5,1011,92.9,,
883,2023-08-20 23:00,23.4,141.1,2,0,962.3,1010.6,84.4,,
883,2023-08-21 00:00,24.5,155.6,3.9,0,962.2,1010.7,79.3,,
883,2023-08-21 01:00,24.4,153.8,5,0,961.6,1010.1,80.8,,
883,2023-08-21 02:00,24.9,146.8,4.8,0,961.1,1009.5,81.2,,
883,2023-08-21 03:00,24.3,154.9,4.3,0,961.1,1009.6,87.5,,
883,2023-08-21 04:00,24.5,155.9,4.1,0,960.9,1009.3,90.8,,
883,2023-08-21 05:00,24.1,149,2.6,0,960.7,1009.2,93.1,,
883,2023-08-21 06:00,24.2,176.8,3.3,0,960.4,1008.9,94.1,,
883,2023-08-21 07:00,24.3,159.7,4.3,0,960.5,1009,92.8,,
883,2023-08-21 08:00,26,169.4,5.8,0,960.3,1008.4,79.7,,
883,2023-08-21 09:00,27,172.1,5.6,0,960.4,1008.3,80,,
883,2023-08-21 10:00,27.6,179.6,4.9,0,960.3,1008,79.9,,
883,2023-08-21 11:00,27.7,186.2,5.2,0,960.2,1007.9,78.3,,
883,2023-08-21 12:00,28.4,185.2,5.2,0,960.1,1007.6,76.9,,
883,2023-08-21 13:00,27.8,188.9,4.9,0,959.7,1007.3,79.7,,
883,2023-08-21 14:00,26.4,190.3,3.9,0,959.4,1007.3,89.3,,
883,2023-08-21 15:00,26.1,185,5.2,0,959.3,1007.3,90.5,,
883,2023-08-21 16:00,27,188.4,3.6,0,958.8,1006.6,87.3,,
883,2023-08-21 17:00,25.7,181.8,4.2,0,958.5,1006.5,89.6,,
883,2023-08-21 18:00,25.3,181.1,4.4,0,958.3,1006.4,90.3,,
883,2023-08-21 19:00,24.9,175.4,5,0,958,1006.2,90.8,,
883,2023-08-21 20:00,24.8,173.6,5,0,958.3,1006.5,91.2,,
883,2023-08-21 21:00,24.5,179.2,4.7,0,959,1007.3,94.2,,
883,2023-08-21 22:00,24.3,183.3,3.8,0,959,1007.4,94.6,,
883,2023-08-21 23:00,24.2,165.4,6.9,0,958.7,1007.1,91.3,,
883,2023-08-22 00:00,24.5,183,4.7,0,958.5,1006.8,94.2,,
883,2023-08-22 01:00,24.3,177.2,5,0,958.2,1006.6,94.4,,
883,2023-08-22 02:00,24.3,174.5,4.9,0,957.8,1006.1,95.2,,
883,2023-08-22 03:00,24.1,170.3,5.2,0,957.3,1005.7,93.9,,
883,2023-08-22 04:00,24.3,165.7,5.6,0,957,1005.3,92.3,,
883,2023-08-22 05:00,23.8,187.1,4.5,2.5,956.8,1004.7,97.9,,
883,2023-08-22 06:00,23.2,200.3,3.4,7,957.1,1005.2,98.6,,
883,2023-08-22 07:00,23.3,174.3,3.6,6.5,957.1,1005.2,98.5,,
883,2023-08-22 08:00,23.4,181.1,3.1,5.5,957.2,1005.3,98.9,,
883,2023-08-22 09:00,24.2,183.6,4.1,.5,957.2,1005.5,98.9,,
883,2023-08-22 10:00,24.6,181.3,4.5,0,957.2,1005.4,97.5,,
883,2023-08-22 11:00,26.2,193.8,3.9,0,957.1,1005,95.1,,
883,2023-08-22 12:00,27.3,194.5,4.6,0,956.9,1004.5,88.5,,
883,2023-08-22 13:00,27,194.9,3.8,0,956.6,1004.3,89.3,,
883,2023-08-22 14:00,27.8,190.3,4.1,0,956.1,1003.6,86.4,,
883,2023-08-22 15:00,26.3,203.4,4.2,1,955.8,1003.6,97.1,,
883,2023-08-22 16:00,26.5,208.3,4,0,955.5,1003.2,92.2,,
883,2023-08-22 17:00,25.1,192.6,3.7,2,955.5,1003.5,97.5,,
883,2023-08-22 18:00,24.9,187.6,4.4,0,955.4,1003.5,97.2,,
883,2023-08-22 19:00,24.4,202,4.3,0,955.7,1003.9,97.6,,
883,2023-08-22 20:00,24.7,197.5,4.1,1,956,1004.2,98.3,,
883,2023-08-22 21:00,24.8,199.3,3.6,0,956.9,1005.1,97.9,,
883,2023-08-22 22:00,24.8,203.2,4.5,0,956.8,1005,97.3,,
883,2023-08-22 23:00,24.7,206.1,4.3,0,956.8,1005,97.5,,
883,2023-08-23 00:00,24.6,201.5,3.9,0,956.5,1004.7,97.4,,
883,2023-08-23 01:00,24.6,196.6,4.3,0,956.3,1004.5,96.6,,
883,2023-08-23 02:00,24.6,196.9,4,3,956.3,1004.5,98.1,,
883,2023-08-23 03:00,24.5,200.9,3.9,1,955.9,1004.1,98.1,,
883,2023-08-23 04:00,24.6,200.1,3.7,0,955.7,1003.9,97.4,,
883,2023-08-23 05:00,24.6,199.5,3.6,0,956,1004.2,97.2,,
883,2023-08-23 06:00,24.6,188.8,4.1,0,956.2,1004.4,96.7,,
883,2023-08-23 07:00,21.7,220.9,5.2,12.5,957.5,1006.1,95.7,,
883,2023-08-23 08:00,22.4,175.8,2.5,39,957,1005.3,99.6,,
883,2023-08-23 09:00,22.8,164.4,4,40.5,956.7,1004.9,99.7,,
883,2023-08-23 10:00,24.2,182.9,4.6,1,956,1004.3,99.6,,
883,2023-08-23 11:00,23.8,171.6,5.4,1,955.8,1003.7,99.5,,
883,2023-08-23 12:00,24.5,177.5,4.9,0,955.1,1003.3,98.8,,
883,2023-08-23 13:00,24.9,181,5,2.5,955.3,1003.4,98.7,,
883,2023-08-23 14:00,24.4,212.2,3.9,24.5,955.2,1003.4,99.5,,
883,2023-08-23 15:00,23.6,192,3.5,3,955.4,1003.3,99.7,,
883,2023-08-23 16:00,23.7,179.6,2.6,9.5,955.1,1003,99.7,,
883,2023-08-23 17:00,23.2,169.6,4.2,17.5,955.4,1003.4,99.7,,
883,2023-08-23 18:00,23.8,184.7,3.7,0,955.8,1003.7,98.9,,
883,2023-08-23 19:00,23.8,201.9,3,7.5,956.1,1004,99,,
883,2023-08-23 20:00,24,193.9,3.9,14.5,956,1004.3,99.5,,
883,2023-08-23 21:00,23.9,206.2,4,0,956.1,1004,99.6,,
883,2023-08-23 22:00,24.1,198.4,3.6,0,956.6,1004.9,99.5,,
883,2023-08-23 23:00,24.1,199.8,2.8,0,957.1,1005.4,99.5,,
883,2023-08-24 00:00,24.3,226.5,3.2,4.5,957.4,1005.7,99.7,,
883,2023-08-24 01:00,23.2,192.3,5.1,9,957.3,1005.4,99.7,,
883,2023-08-24 02:00,23.9,205.3,3.4,0,956.7,1004.6,99.6,,
883,2023-08-24 03:00,24.1,212.8,4.4,0,956.4,1004.7,99.6,,
883,2023-08-24 04:00,23.9,240.8,1.3,.5,956.4,1004.3,99.7,,
883,2023-08-24 05:00,23.5,0,.2,2.5,956.9,1004.9,99.8,,
883,2023-08-24 06:00,22.6,162.7,2.6,6.5,957.1,1005.4,99.8,,
883,2023-08-24 07:00,23.2,170.5,2.8,.5,957,1005.1,99.3,,
883,2023-08-24 08:00,23,0,.3,2,957.3,1005.5,98.9,,
883,2023-08-24 09:00,23.2,0,.2,1.5,957.8,1006,99.5,,
883,2023-08-24 10:00,23.2,0,0,1,958.2,1006.4,99.7,,
883,2023-08-24 11:00,23.1,297.1,2.5,1.5,958.1,1006.3,99.9,,
883,2023-08-24 12:00,23.6,296.9,1.5,.5,957.8,1005.9,98.2,,
883,2023-08-24 13:00,24,9.9,1.8,0,958.1,1006.5,94.6,,
883,2023-08-24 14:00,24.7,292.7,2,0,958.3,1006.6,95.3,,
883,2023-08-24 15:00,24.2,295.4,3.3,0,958.3,1006.7,91.6,,
883,2023-08-24 16:00,24.8,288.7,3.5,0,958.4,1006.6,83.4,,
883,2023-08-24 17:00,24.4,296.1,3,0,958.5,1006.8,88.4,,
883,2023-08-24 18:00,24.2,292.3,2.5,0,958.6,1007,90.1,,
883,2023-08-24 19:00,23.2,289.9,2,0,958.9,1007.1,93.8,,
883,2023-08-24 20:00,22.7,0,.2,0,959.7,1008.1,95.7,,
883,2023-08-24 21:00,21.6,0,0,0,959.8,1008.5,97.7,,
883,2023-08-24 22:00,21.1,140.6,1.6,0,960.3,1009.2,98.2,,
883,2023-08-24 23:00,21.1,145.1,1.5,0,960.4,1009.3,98.8,,
883,2023-08-25 00:00,21,172.1,2.1,0,960.5,1009.4,98.6,,
883,2023-08-25 01:00,20.6,122.3,1.3,0,959.9,1008.9,98.3,,
883,2023-08-25 02:00,21.3,168.1,2.3,0,959.8,1008.6,97.7,,
883,2023-08-25 03:00,20.8,147.9,1.9,0,959.5,1008.4,98.5,,
883,2023-08-25 04:00,20.3,116.4,1.1,0,959.4,1008.5,99.1,,
883,2023-08-25 05:00,20.3,111.3,1.9,0,959.5,1008.6,99.3,,
883,2023-08-25 06:00,20.1,110.9,1.9,0,959.9,1009,98.5,,
883,2023-08-25 07:00,21,100.5,2.6,0,960.2,1009.1,97.3,,
883,2023-08-25 08:00,23.9,76.4,1.7,0,960.5,1008.6,90.5,,
883,2023-08-25 09:00,26.1,24.4,3.2,0,960.9,1009,85,,
883,2023-08-25 10:00,26.2,24.4,3.4,0,961.1,1009.2,82.2,,
883,2023-08-25 11:00,27.1,27.4,4,0,961.1,1009,75.7,,
883,2023-08-25 12:00,27.6,26.8,3.7,0,960.9,1008.6,73.3,,
883,2023-08-25 13:00,27.7,20.8,3.3,0,960.7,1008.4,68.6,,
883,2023-08-25 14:00,28.7,22.3,2.9,0,960.2,1007.7,62.7,,
883,2023-08-25 15:00,27.2,310.7,2.9,0,959.7,1007.5,73.2,,
883,2023-08-25 16:00,26.7,327.9,2.6,0,959.6,1007.5,67,,
883,2023-08-25 17:00,26.9,22.6,3,0,959.7,1007.5,69.2,,
883,2023-08-25 18:00,24.4,14.9,2.5,0,959.8,1008.2,79.5,,
883,2023-08-25 19:00,22.6,47.7,1.6,0,960.3,1008.8,86.7,,
883,2023-08-25 20:00,21.6,81.2,3.1,0,960.4,1009.1,87.2,,
883,2023-08-25 21:00,20.7,95.2,3.5,0,960.7,1009.7,86.9,,
883,2023-08-25 22:00,20.8,99.1,3,0,960.9,1009.9,90.8,,
883,2023-08-25 23:00,19.8,65,1.3,0,961.3,1010.6,91.1,,
883,2023-08-26 00:00,20.5,98.3,3.3,0,961.2,1010.3,91.6,,
883,2023-08-26 01:00,20.1,96.4,3.4,0,961.1,1010.3,91,,
883,2023-08-26 02:00,20.1,92.3,3.2,0,960.7,1009.9,93.6,,
883,2023-08-26 03:00,20.1,93.8,3.4,0,960.4,1009.6,94.5,,
883,2023-08-26 04:00,19.8,93.6,3.4,0,960.4,1009.7,93.6,,
883,2023-08-26 05:00,19.5,100.6,4.4,0,960.1,1009.4,91.9,,
883,2023-08-26 06:00,19.4,107.4,4.8,0,960.3,1009.7,90.4,,
883,2023-08-26 07:00,20.1,104.6,5.2,0,960.6,1009.8,80.5,,
883,2023-08-26 08:00,22.8,75.8,3.5,0,960.6,1009,74.4,,
883,2023-08-26 09:00,24.8,66.2,3.2,0,960.5,1008.9,64.4,,
883,2023-08-26 10:00,27,271.5,.5,0,960.4,1008.3,69.1,,
883,2023-08-26 11:00,25.9,295.7,2.4,0,960.4,1008.5,69.1,,
883,2023-08-26 12:00,26.8,24,2.6,0,959.9,1007.8,80.6,,
883,2023-08-26 13:00,26.6,323.4,2.6,0,959.6,1007.5,76.4,,
883,2023-08-26 14:00,26.3,34.2,2.6,0,959.2,1007.1,73.1,,
883,2023-08-26 15:00,27.3,26.8,4,0,959.2,1006.9,75,,
883,2023-08-26 16:00,26.8,32.2,3.4,0,958.9,1006.7,82.9,,
883,2023-08-26 17:00,26.6,34.5,3.5,0,958.6,1006.5,74,,
883,2023-08-26 18:00,24.6,229,.6,0,958.6,1006.9,86.3,,
883,2023-08-26 19:00,23.4,267.8,.7,0,959,1007.2,90.4,,
883,2023-08-26 20:00,22.6,64.8,1.3,0,959.5,1007.9,92.6,,
883,2023-08-26 21:00,21.5,109.7,3.1,0,960,1008.8,92.9,,
883,2023-08-26 22:00,20.2,108.3,3.6,0,960.2,1009.3,81.8,,
883,2023-08-26 23:00,18.5,108.2,3.6,0,960.1,1009.2,89,,
883,2023-08-27 00:00,18.2,107.2,3.7,0,959.9,1009.1,87.2,,
883,2023-08-27 01:00,17.7,90.2,2.3,0,959.3,1008.6,91.8,,
883,2023-08-27 02:00,18.1,110.8,2.8,0,959,1008.2,90.8,,
883,2023-08-27 03:00,17.5,90.7,2.8,0,958.7,1008.1,89.6,,
883,2023-08-27 04:00,19.3,89.2,3.7,0,958.6,1007.9,80.7,,
883,2023-08-27 05:00,18.7,102.1,3.8,0,958.5,1007.5,84.7,,
883,2023-08-27 06:00,18.8,108.8,2.7,0,958.7,1007.7,86.6,,
883,2023-08-27 07:00,20.2,113,1.5,0,958.8,1007.9,87.4,,
883,2023-08-27 08:00,24.4,108.7,.7,0,959,1007.4,75.9,,
883,2023-08-27 09:00,25.7,342.4,.8,0,959.2,1007.3,70.4,,
883,2023-08-27 10:00,27.8,29.7,1.8,0,959.2,1006.8,62,,
883,2023-08-27 11:00,28.7,306.7,1.2,0,959.1,1006.5,66.7,,
883,2023-08-27 12:00,29.1,242.7,2,0,958.6,1006.2,67.7,,
883,2023-08-27 13:00,27.4,278.6,2,0,958.1,1005.7,75.1,,
883,2023-08-27 14:00,27.8,210.9,2.6,0,958,1005.6,73,,
883,2023-08-27 15:00,28.6,200.4,3.2,0,957.5,1004.9,74.9,,
883,2023-08-27 16:00,28.8,190.2,2.9,0,957.1,1004.4,75.1,,
883,2023-08-27 17:00,27.4,159.6,4,0,957.2,1004.8,76.4,,
883,2023-08-27 18:00,26.5,186.2,2,0,957.3,1005.1,84.7,,
883,2023-08-27 19:00,24.2,165.5,1.4,0,957.5,1005.8,92.4,,
883,2023-08-27 20:00,23.7,90.3,2.7,0,958,1006,89.6,,
883,2023-08-27 21:00,22.9,95.6,3.4,0,958.1,1006.4,80.8,,
883,2023-08-27 22:00,23.1,99.5,2.7,0,958,1006.2,87.2,,
883,2023-08-27 23:00,24.6,139.1,2.9,0,957.8,1006.1,77,,
883,2023-08-28 00:00,22.1,88.2,2.3,0,957.9,1006.4,89.2,,
883,2023-08-28 01:00,23.1,105.1,3.9,0,957.2,1005.4,83.5,,
883,2023-08-28 02:00,24.1,147.5,3.9,0,956.8,1005.1,88.7,,
883,2023-08-28 03:00,24.4,149.1,4.2,0,956.7,1005,88.5,,
883,2023-08-28 04:00,23.9,162.6,4.6,.5,956.5,1004.4,94,,
883,2023-08-28 05:00,23.9,176.5,4.8,0,956.4,1004.3,93.8,,
883,2023-08-28 06:00,24,179.2,5.1,0,956.4,1004.7,94.6,,
883,2023-08-28 07:00,24.2,177.5,6.1,0,956.5,1004.8,93.7,,
883,2023-08-28 08:00,24.9,172.8,5.4,0,956.5,1004.6,90.7,,
883,2023-08-28 09:00,25.7,169.6,7.3,0,957,1005,86.5,,
883,2023-08-28 10:00,25.9,186.3,4,0,957.4,1005.3,88.6,,
883,2023-08-28 11:00,26.8,186.8,5.1,0,956.9,1004.6,80.1,,
883,2023-08-28 12:00,26.7,169.3,6.8,0,956.6,1004.3,82,,
883,2023-08-28 13:00,26,181.4,5.6,0,956.5,1004.4,87.1,,
883,2023-08-28 14:00,27.2,188.4,6.3,0,956,1003.6,82.1,,
883,2023-08-28 15:00,26.4,178.5,7.6,0,955.4,1003.1,85.8,,
883,2023-08-28 16:00,26.5,178.5,8.2,0,955.1,1002.8,83.7,,
883,2023-08-28 17:00,24.5,174.8,7.8,2,955.3,1003.5,96.4,,
883,2023-08-28 18:00,24.9,182.2,7.5,0,955.1,1003.2,95.2,,
883,2023-08-28 19:00,23.7,175,7.8,5,955.3,1003.2,96,,
883,2023-08-28 20:00,24.5,176.8,6.9,0,956.2,1004.4,95.1,,
883,2023-08-28 21:00,23.6,177.9,6,3,956.9,1004.9,97.7,,
883,2023-08-28 22:00,24.2,175.5,6.2,.5,956.6,1004.9,97.9,,
883,2023-08-28 23:00,24.5,172.9,5.9,.5,956.7,1004.9,97.6,,
883,2023-08-29 00:00,24.2,174.9,6.4,1,956.6,1004.9,98.1,,
883,2023-08-29 01:00,24.2,181.9,5.5,5,956.4,1004.7,98.3,,
883,2023-08-29 02:00,23.9,204.5,3.7,7.5,956.4,1004.3,98.9,,
883,2023-08-29 03:00,24,186.3,4.1,0,956.3,1004.6,99,,
883,2023-08-29 04:00,24.1,205.1,3.4,.5,956.3,1004.6,98.8,,
883,2023-08-29 05:00,23.7,187.1,4,0,956.5,1004.5,98.6,,
883,2023-08-29 06:00,23.9,194.1,3.8,1.5,956.3,1004.2,99.1,,
883,2023-08-29 07:00,24.3,209,3.1,0,956.9,1005.2,99,,
883,2023-08-29 08:00,24.2,212.3,3.6,2.5,957.4,1005.7,98.8,,
883,2023-08-29 09:00,24.3,198.9,3.6,0,957.6,1005.9,98.1,,
883,2023-08-29 10:00,25.4,199.2,3.5,0,957.7,1005.8,98,,
883,2023-08-29 11:00,26,210.4,3.8,0,957.9,1005.9,94.9,,
883,2023-08-29 12:00,27.2,212.5,4.3,0,957.8,1005.5,87.6,,
883,2023-08-29 13:00,26.8,217.5,4.4,0,957.7,1005.5,89.8,,
883,2023-08-29 14:00,25.3,192.4,3.4,2.5,957.6,1005.7,98.9,,
883,2023-08-29 15:00,24.7,263.2,3.9,10,957.6,1005.8,99.2,,
883,2023-08-29 16:00,24.4,244.7,2.8,1.5,957.8,1006.1,99.3,,
883,2023-08-29 17:00,24.7,211.7,2.2,0,958.1,1006.4,98.5,,
883,2023-08-29 18:00,24.8,207.5,2.1,0,958,1006.2,96.5,,
883,2023-08-29 19:00,24.3,182,2.8,0,958.7,1007.1,96.6,,
883,2023-08-29 20:00,24.2,173.2,2.8,0,959,1007.4,96.6,,
883,2023-08-29 21:00,23.9,163.9,4.7,0,959.4,1007.4,93.2,,
883,2023-08-29 22:00,23.6,183.9,2.7,0,959.6,1007.7,95,,
883,2023-08-29 23:00,23.9,174.1,4.1,0,959.4,1007.4,93.8,,
883,2023-08-30 00:00,24,178.9,2.7,0,959.6,1008.1,97.3,,
883,2023-08-30 01:00,23.5,171.7,2.7,3,959.4,1007.6,98.9,,
883,2023-08-30 02:00,23.9,182.4,2.9,.5,958.6,1006.6,99,,
883,2023-08-30 03:00,24,188.4,2.3,.5,958.4,1006.8,99.2,,
883,2023-08-30 04:00,23.6,169.6,4.2,22,958.5,1006.6,99.7,,
883,2023-08-30 05:00,23,172.1,3.6,9,958.8,1007.1,99.4,,
883,2023-08-30 06:00,23,177.8,3.5,14,958.8,1007.1,99.8,,
883,2023-08-30 07:00,22.8,174.2,4.2,7.5,958.9,1007.2,99.7,,
883,2023-08-30 08:00,22.9,199.7,2.4,16,959.6,1007.9,99.6,,
883,2023-08-30 09:00,22.7,201.9,2.6,25,960,1008.4,99.9,,
883,2023-08-30 10:00,22.8,205.4,2.5,10.5,960.2,1008.6,99.8,,
883,2023-08-30 11:00,23.2,194.2,1.3,3,959.9,1008.2,99.9,,
883,2023-08-30 12:00,23.5,234.9,1,2.5,959.7,1007.9,99.9,,
883,2023-08-30 13:00,22.8,26.3,2.9,1.5,959.5,1007.9,99.8,,
883,2023-08-30 14:00,22.2,36.7,3.5,.5,959.4,1007.9,100,,
883,2023-08-30 15:00,24.1,19.8,5.5,0,958.9,1007.3,93.3,,
883,2023-08-30 16:00,23.9,19.1,4.1,0,959,1007,94.5,,
883,2023-08-30 17:00,21.1,25.3,5.3,1.5,959.5,1008.3,99.1,,
883,2023-08-30 18:00,20.3,23.9,5.7,.5,959.8,1008.9,99.6,,
883,2023-08-30 19:00,19.2,62.2,5.2,.5,960,1009.4,97.9,,
883,2023-08-30 20:00,19.5,60.1,3.8,0,960.1,1009.4,94.4,,
883,2023-08-30 21:00,19.9,31.9,2.5,0,960.2,1009.4,96,,
883,2023-08-30 22:00,21.9,225.9,2,0,960.3,1009,97.4,,
883,2023-08-30 23:00,22,0,.2,0,960.5,1009.1,95.3,,
883,2023-08-31 00:00,20.1,39.1,3.4,0,960.5,1009.7,91.9,,
883,2023-08-31 01:00,20,30.5,4.7,0,960.3,1009.5,94.9,,
883,2023-08-31 02:00,19.6,39.3,3.7,.5,960.4,1009.7,96.5,,
883,2023-08-31 03:00,18.3,77.4,4.9,2.5,960.2,1009.4,95.9,,
883,2023-08-31 04:00,19.3,56.9,2.5,0,959.9,1009.3,95.8,,
883,2023-08-31 05:00,20.9,71,3.7,0,959.7,1008.6,86.2,,
883,2023-08-31 06:00,20.5,69.1,3.2,0,959.9,1008.9,89,,
883,2023-08-31 07:00,21.4,102.6,4.5,0,959.7,1008.5,88,,
883,2023-08-31 08:00,21,42,4.1,0,960.5,1009.4,92.9,,
883,2023-08-31 09:00,22.6,76.4,4.6,0,960.6,1009.1,84.2,,
883,2023-08-31 10:00,26,27.4,4.3,0,960.7,1008.8,77.5,,
883,2023-08-31 11:00,24.8,33.2,6.4,0,961.1,1009.5,81.4,,
883,2023-08-31 12:00,22.4,37.5,5.5,0,961.1,1009.7,88.2,,
883,2023-08-31 13:00,24,53.3,5.5,0,960.7,1009.2,82.4,,
883,2023-08-31 14:00,27.4,29.2,6.1,0,960.2,1008,77.1,,
883,2023-08-31 15:00,25.9,26.5,5.9,0,959.7,1007.8,77,,
883,2023-08-31 16:00,24.2,24.5,5.5,0,959.6,1008,83.1,,
883,2023-08-31 17:00,24.2,35.4,3.9,0,959.6,1008,81.9,,
883,2023-08-31 18:00,24,22.8,5.1,0,959.8,1008.3,83.5,,
883,2023-08-31 19:00,21.3,29.5,3.4,0,959.9,1008.7,92.2,,
883,2023-08-31 20:00,21.4,23.5,4.3,0,960.3,1009.1,92.3,,
883,2023-08-31 21:00,21,0,0,0,960.7,1009.6,95.3,,
883,2023-08-31 22:00,21.1,35,3.1,0,960.8,1009.7,91.1,,
883,2023-08-31 23:00,20.6,47.5,1.9,0,960.7,1009.7,95.7,,
883,2023-09-01 00:00,20.5,28.7,3.2,0,961,1010.1,94.5,,
883,2023-09-01 01:00,20.5,61.5,2.1,0,961,1010.1,95.2,,
883,2023-09-01 02:00,20.6,108.9,3.9,0,960.3,1009.3,90.2,,
883,2023-09-01 03:00,20.9,55,2.9,0,960,1008.9,90.1,,
883,2023-09-01 04:00,20.8,70.3,2.4,0,960.2,1009.2,93.1,,
883,2023-09-01 05:00,21.7,114.7,3,0,960,1008.7,90.6,,
883,2023-09-01 06:00,20.5,59.6,1.4,0,960.2,1009.2,93.3,,
883,2023-09-01 07:00,21.4,42,3.4,0,960.5,1009.3,95.8,,
883,2023-09-01 08:00,22.9,91,2,0,961,1009.4,91.4,,
883,2023-09-01 09:00,24.4,75.2,3.7,0,960.9,1009.4,85.6,,
883,2023-09-01 10:00,26.5,35.8,4.2,0,960.8,1008.8,82.4,,
883,2023-09-01 11:00,24.4,45.2,4.1,0,961.3,1009.8,88.6,,
883,2023-09-01 12:00,25.2,96.4,4.2,0,961,1009.3,93.3,,
883,2023-09-01 13:00,25.3,67.5,5.1,0,960.6,1008.8,86.9,,
883,2023-09-01 14:00,25.7,70.3,6.3,0,960.1,1008.2,82.5,,
883,2023-09-01 15:00,24,57.4,4.5,1,959.9,1008.4,95.7,,
883,2023-09-01 16:00,24.8,90.9,3.6,0,959.7,1008,86.9,,
883,2023-09-01 17:00,26.7,23.6,2.3,0,959.6,1007.5,86.4,,
883,2023-09-01 18:00,25.4,245.6,2,0,959.9,1008.1,93.8,,
883,2023-09-01 19:00,24,266.7,.7,0,959.7,1008.2,97.1,,
883,2023-09-01 20:00,23.5,0,.4,0,960.4,1008.6,97.7,,
883,2023-09-01 21:00,23,0,0,0,960.7,1009.1,99.3,,
883,2023-09-01 22:00,22.8,0,0,0,960.6,1009,99.4,,
883,2023-09-01 23:00,23.8,134.5,4.7,3.5,960.6,1008.7,96.4,,
883,2023-09-02 00:00,23.6,145.7,5.8,8,960.4,1008.6,98,,
883,2023-09-02 01:00,24,161.3,5.3,1.5,960,1008.5,98,,
883,2023-09-02 02:00,23.8,147.9,4.1,1,960,1008.1,97.1,,
883,2023-09-02 03:00,23,147.1,2.9,0,959.6,1007.9,96.3,,
883,2023-09-02 04:00,23.4,149.4,3,0,959.7,1007.9,94.5,,
883,2023-09-02 05:00,22.8,161.4,6.1,25.5,960.3,1008.7,97.6,,
883,2023-09-02 06:00,22.3,165.5,8.2,.5,959.2,1007.7,95,,
883,2023-09-02 07:00,22.3,153,7.2,0,960.1,1008.6,90.4,,
883,2023-09-02 08:00,23.5,151.8,7.5,0,960.2,1008.4,88,,
883,2023-09-02 09:00,23.6,141.4,5.2,0,960.9,1009.1,92,,
883,2023-09-02 10:00,24.7,169.9,3.7,0,961.3,1009.7,87.8,,
883,2023-09-02 11:00,27.5,166.7,5.6,0,961.2,1009,81.1,,
883,2023-09-02 12:00,26.1,164.3,6.3,0,961.3,1009.4,87.9,,
883,2023-09-02 13:00,27.3,165.4,5.4,0,961.2,1009,70.6,,
883,2023-09-02 14:00,26.5,172.8,5.1,0,960.9,1008.9,72.4,,
883,2023-09-02 15:00,27.6,179.3,4,0,960.8,1008.5,72.9,,
883,2023-09-02 16:00,27.4,164.7,5.6,0,960.3,1008.1,70.5,,
883,2023-09-02 17:00,26.8,172.6,4.8,0,960.3,1008.2,75.9,,
883,2023-09-02 18:00,25.1,167.3,4,0,960.6,1008.9,80.3,,
883,2023-09-02 19:00,24.4,133.7,4,0,960.5,1008.9,83.7,,
883,2023-09-02 20:00,24.3,130.7,4.6,0,961.2,1009.7,84,,
883,2023-09-02 21:00,24.6,132.7,5.2,0,961.8,1010.3,83.9,,
883,2023-09-02 22:00,22.5,152,5.2,6,962.1,1010.7,97.9,,
883,2023-09-02 23:00,22.5,156.8,4.3,.5,961.7,1010.3,90,,
883,2023-09-03 00:00,23.8,136.3,5.6,0,961.9,1010.1,85.2,,
883,2023-09-03 01:00,23.5,157.2,4.9,0,961.7,1010,88.6,,
883,2023-09-03 02:00,23.6,161.5,6.4,0,961.3,1009.5,88.2,,
883,2023-09-03 03:00,23.4,156.3,5.5,0,961.8,1010.1,91.7,,
883,2023-09-03 04:00,23.5,142.5,4.5,.5,961.4,1009.7,92.2,,
883,2023-09-03 05:00,23.2,137.6,4.4,0,961.3,1009.6,91.5,,
883,2023-09-03 06:00,23.3,122,3.6,0,961.5,1009.8,90.5,,
883,2023-09-03 07:00,24,140.4,4.4,0,961.9,1010.5,91.1,,
883,2023-09-03 08:00,25.3,116.3,2.4,0,962.3,1010.6,85.5,,
883,2023-09-03 09:00,26.1,139.2,3.6,0,962.5,1010.7,82,,
883,2023-09-03 10:00,27.7,136.8,3.4,0,962.9,1010.7,74.1,,
883,2023-09-03 11:00,28,176.8,3.3,0,962.6,1010.3,79.8,,
883,2023-09-03 12:00,28.3,158.3,4.3,0,962.1,1009.7,78.4,,
883,2023-09-03 13:00,28,157.5,5.7,0,961.8,1009.5,77.8,,
883,2023-09-03 14:00,28.2,160.5,4.7,0,961.6,1009.2,69.9,,
883,2023-09-03 15:00,28.7,188.1,2.7,0,961.5,1009,74.6,,
883,2023-09-03 16:00,27.8,178.4,3.4,0,961.5,1009.2,74.2,,
883,2023-09-03 17:00,27.3,174.6,3.4,0,961.5,1009.3,80.3,,
883,2023-09-03 18:00,25.9,34.8,2.4,0,961.8,1010,90.1,,
883,2023-09-03 19:00,24.5,62.9,2.6,0,961.7,1010.2,94.3,,
883,2023-09-03 20:00,23.5,0,0,0,962.2,1010.5,94.7,,
883,2023-09-03 21:00,22.9,0,0,0,962.7,1011.2,93.7,,
883,2023-09-03 22:00,22.5,0,0,0,963,1011.6,89.9,,
883,2023-09-03 23:00,22.6,96.2,4.2,0,962.9,1011.5,82.3,,
883,2023-09-04 00:00,21.8,99.7,3.4,0,962.7,1011.5,85.1,,
883,2023-09-04 01:00,21.7,103.9,2.8,0,962.3,1011.1,86.7,,
883,2023-09-04 02:00,22.1,97.1,3,0,962.1,1010.8,85.1,,
883,2023-09-04 03:00,21.1,101.1,2,0,962.1,1011.1,92.4,,
883,2023-09-04 04:00,21.4,108,2.9,0,961.8,1010.7,90.5,,
883,2023-09-04 05:00,20.4,96.8,1.9,0,961.4,1010.5,92.7,,
883,2023-09-04 06:00,20.5,113.9,3.1,0,961.4,1010.5,90.8,,
883,2023-09-04 07:00,22,89.4,2.7,0,961.7,1010.4,82.9,,
883,2023-09-04 08:00,25.8,0,0,0,961.9,1010.1,72.3,,
883,2023-09-04 09:00,27.2,30.4,2.6,0,961.9,1009.8,71.2,,
883,2023-09-04 10:00,27.9,207.7,1.7,0,962.2,1009.9,74,,
883,2023-09-04 11:00,29,221.4,.6,0,962.3,1010.1,74.7,,
883,2023-09-04 12:00,28.7,42.6,3.7,0,962.3,1009.9,73.6,,
883,2023-09-04 13:00,29.1,42.5,4.6,0,961.9,1009.6,68.6,,
883,2023-09-04 14:00,29.1,44.4,5.2,0,961.3,1009,66.5,,
883,2023-09-04 15:00,29.2,39.2,4.8,0,961.1,1008.8,69.8,,
883,2023-09-04 16:00,30.3,32.2,3.3,0,961.3,1008.8,62.4,,
883,2023-09-04 17:00,28,30.8,5.8,0,961.3,1009,74,,
883,2023-09-04 18:00,26.9,61.3,3.6,0,960.9,1008.8,74.4,,
883,2023-09-04 19:00,24.6,167.3,2.3,0,961.1,1009.5,94.4,,
883,2023-09-04 20:00,22.7,89.9,3.3,0,961.5,1010,81.8,,
883,2023-09-04 21:00,23,99.9,2.2,0,961.6,1010,90.4,,
883,2023-09-04 22:00,22.3,86.1,3.1,0,961.6,1010.2,82.8,,
883,2023-09-04 23:00,22.2,49.4,3.3,0,961.5,1010.1,86.2,,
883,2023-09-05 00:00,22.5,92.5,1.9,0,961.5,1010,89.7,,
883,2023-09-05 01:00,22,97,2.5,0,961.4,1010.1,92.2,,
883,2023-09-05 02:00,22,96.8,1.5,0,961.4,1010.1,94.4,,
883,2023-09-05 03:00,22.7,52.2,3.5,0,960.9,1009.4,92.3,,
883,2023-09-05 04:00,22.7,101.3,3.7,0,961,1009.5,87.6,,
883,2023-09-05 05:00,23,78.9,4,0,961,1009.4,86.3,,
883,2023-09-05 06:00,23,77.3,3.2,0,961.2,1009.6,86.6,,
883,2023-09-05 07:00,23.7,71.8,4.3,0,961.5,1009.7,81.9,,
883,2023-09-05 08:00,24.7,67,4.8,0,961.4,1009.8,85.5,,
883,2023-09-05 09:00,25.7,65.2,4.7,0,961.7,1009.9,81.3,,
883,2023-09-05 10:00,26.8,48.8,4,0,961.9,1009.9,74.3,,
883,2023-09-05 11:00,27,48.8,5.1,0,962,1009.9,72.3,,
883,2023-09-05 12:00,28.1,67.1,4.5,0,961.8,1009.5,49.2,,
883,2023-09-05 13:00,27.2,84.6,3.1,0,961.7,1009.6,52.3,,
883,2023-09-05 14:00,29.4,41,3.8,0,961.1,1008.7,48.2,,
883,2023-09-05 15:00,27.7,36.4,3.8,0,960.9,1008.6,64.8,,
883,2023-09-05 16:00,27.4,49.7,5,0,960.8,1008.6,57.4,,
883,2023-09-05 17:00,26.3,39.5,4.1,0,960.9,1008.9,58.1,,
883,2023-09-05 18:00,24.4,43.5,2.3,0,960.8,1009.3,62.6,,
883,2023-09-05 19:00,23.3,101.6,3.2,0,960.7,1009,48.2,,
883,2023-09-05 20:00,22.2,102.3,3.3,0,960.9,1009.5,70.6,,
883,2023-09-05 21:00,22.8,62.5,3.1,0,961.6,1010.1,76.3,,
883,2023-09-05 22:00,22.7,63.9,3.1,0,961.4,1009.9,83.9,,
883,2023-09-05 23:00,21.6,47.1,2.3,0,961.4,1010.2,90.5,,
883,2023-09-06 00:00,21.2,34.8,2.9,0,961.1,1010,92.5,,
883,2023-09-06 01:00,21.5,81.8,1.4,0,961,1009.8,90.5,,
883,2023-09-06 02:00,21.1,95.3,1.5,0,960.9,1009.8,93.3,,
883,2023-09-06 03:00,21.8,41.5,2.3,0,961,1009.7,96.8,,
883,2023-09-06 04:00,21.5,54.8,2,0,961.1,1009.9,98.2,,
883,2023-09-06 05:00,21.5,60.5,3.5,0,961,1009.8,97,,
883,2023-09-06 06:00,21.5,50.3,3.3,0,961.2,1010,96.8,,
883,2023-09-06 07:00,22,60.7,2.4,0,961.4,1010.1,85.7,,
883,2023-09-06 08:00,24.1,58.7,2.7,0,961.5,1010.1,72.7,,
883,2023-09-06 09:00,25.8,57.8,3.5,0,961.6,1009.8,65.3,,
883,2023-09-06 10:00,27.1,56.4,3.7,0,961.7,1009.6,65.5,,
883,2023-09-06 11:00,26.9,52.4,5.7,0,961.9,1009.8,69.3,,
883,2023-09-06 12:00,27.3,44.9,5.9,0,961.6,1009.4,67.7,,
883,2023-09-06 13:00,28.3,37.6,5.6,0,961.8,1009.4,69.7,,
883,2023-09-06 14:00,27.8,47.2,5.2,0,961.4,1009.1,63.4,,
883,2023-09-06 15:00,28.1,37.2,5.3,0,961.4,1009.1,65.7,,
883,2023-09-06 16:00,27.1,40.3,5.5,0,961.2,1009.1,64,,
883,2023-09-06 17:00,28.1,26.8,3.6,0,961.1,1008.7,65,,
883,2023-09-06 18:00,25.4,253,2,0,961.5,1009.8,81.1,,
883,2023-09-06 19:00,23.6,0,.4,0,961.8,1010.1,86.3,,
883,2023-09-06 20:00,23.2,0,0,0,962.4,1010.8,89.1,,
883,2023-09-06 21:00,22.8,112.2,1.2,0,962.8,1011.3,90.9,,
883,2023-09-06 22:00,22,111.7,1.7,0,963.1,1011.9,86.5,,
883,2023-09-06 23:00,21.2,107.9,4.4,0,963.2,1012.2,83,,
883,2023-09-07 00:00,21.1,101.9,3.4,0,963.2,1012.2,86.4,,
883,2023-09-07 01:00,20.7,102.9,4.5,0,963,1012.1,88,,
883,2023-09-07 02:00,21.4,86.6,3,0,962.8,1011.7,86,,
883,2023-09-07 03:00,21.3,105.6,5,0,962.3,1011.2,80.7,,
883,2023-09-07 04:00,19.8,107.6,3.1,0,962.4,1011.8,85.5,,
883,2023-09-07 05:00,19.6,92.1,3.4,0,962.1,1011.5,84.9,,
883,2023-09-07 06:00,19.8,101.4,4.7,0,962.8,1012.2,81.2,,
883,2023-09-07 07:00,20.6,69.4,2.5,0,963.5,1012.7,91.2,,
883,2023-09-07 08:00,23.1,58,4.1,0,963.4,1011.9,78.6,,
883,2023-09-07 09:00,24.6,70.1,4.3,0,963.7,1012.3,73.4,,
883,2023-09-07 10:00,25.6,57.3,4.1,0,964.1,1012.5,66.5,,
883,2023-09-07 11:00,26.3,45.7,5.2,0,964.3,1012.5,59.2,,
883,2023-09-07 12:00,26.4,51.6,4.7,0,964,1012.2,61.3,,
883,2023-09-07 13:00,26.3,55.5,5.5,0,963.7,1011.9,60.1,,
883,2023-09-07 14:00,26.4,48.7,5,0,963.4,1011.5,53.4,,
883,2023-09-07 15:00,25.8,39,7.1,0,962.9,1011.1,54.4,,
883,2023-09-07 16:00,25.5,64.6,4.9,0,962.9,1011.2,55.4,,
883,2023-09-07 17:00,24.5,52.5,4.7,0,962.9,1011.4,57.5,,
883,2023-09-07 18:00,22.9,43.3,4,0,962.6,1011.1,75.8,,
883,2023-09-07 19:00,21.3,113.4,3.6,0,962.9,1011.9,73.7,,
883,2023-09-07 20:00,21.3,60.1,3.5,0,963.1,1012.1,78.6,,
883,2023-09-07 21:00,21.7,70.5,5.5,0,963.5,1012.4,74.2,,
883,2023-09-07 22:00,21.6,68.4,6.2,0,963.7,1012.6,79.7,,
883,2023-09-07 23:00,21.4,65.8,5.8,0,963.8,1012.8,83.4,,
883,2023-09-08 00:00,21.2,74.3,4.3,0,963.7,1012.7,86.4,,
883,2023-09-08 01:00,21.2,56.8,3.7,0,963.4,1012.4,85.5,,
883,2023-09-08 02:00,21.2,74.8,4.1,0,963,1012,80.2,,
883,2023-09-08 03:00,20.3,94.3,4.3,0,962.8,1012,76.9,,
883,2023-09-08 04:00,19.1,91.8,3.2,0,962.8,1012.4,72.2,,
883,2023-09-08 05:00,18.5,88.7,5,0,962.9,1012.2,79.9,,
883,2023-09-08 06:00,18.1,104.8,3.6,0,963.1,1012.5,74.1,,
883,2023-09-08 07:00,20.1,63.9,3.9,0,963.5,1012.8,86,,
883,2023-09-08 08:00,21.6,43.3,3,0,963.4,1012.3,78.5,,
883,2023-09-08 09:00,22.5,53.1,4.8,0,963.7,1012.4,71.1,,
883,2023-09-08 10:00,24.4,37.9,4.9,0,963.8,1012.4,64.1,,
883,2023-09-08 11:00,24.5,58.2,5.2,0,963.7,1012.3,58.4,,
883,2023-09-08 12:00,25.2,50.3,6.1,0,963.2,1011.6,56.1,,
883,2023-09-08 13:00,25.4,49.1,6.3,0,962.7,1011,53,,
883,2023-09-08 14:00,26.2,31.2,7.7,0,962,1010.1,57.3,,
883,2023-09-08 15:00,25.9,37.5,6.7,0,961.7,1009.9,62.8,,
883,2023-09-08 16:00,25.1,34.1,6.5,0,961.6,1009.9,65.5,,
883,2023-09-08 17:00,23.8,52.2,5.6,0,961.6,1009.8,61.2,,
883,2023-09-08 18:00,22.7,64.7,5.3,0,961.6,1010.1,63.7,,
883,2023-09-08 19:00,21,81.3,3.7,0,961.9,1010.9,68.8,,
883,2023-09-08 20:00,19.2,101.7,3.4,0,962.3,1011.8,78,,
883,2023-09-08 21:00,19.1,97.9,3.5,0,962.6,1012.2,79.9,,
883,2023-09-08 22:00,19.4,50.5,3.3,0,962.7,1012.2,81.7,,
883,2023-09-08 23:00,17.9,83.7,2,0,962.5,1011.9,85.1,,
883,2023-09-09 00:00,18.1,106.9,3.3,0,962.4,1011.8,84.2,,
883,2023-09-09 01:00,18.5,91.1,4.9,0,962.1,1011.3,81.1,,
883,2023-09-09 02:00,17.3,112.8,3,0,962,1011.6,89,,
883,2023-09-09 03:00,17.6,107,3.7,0,961.9,1011.4,86.9,,
883,2023-09-09 04:00,18.2,95.4,4.2,0,961.6,1010.9,85.1,,
883,2023-09-09 05:00,18.1,94.3,4.4,0,961.7,1011,84,,
883,2023-09-09 06:00,18.3,92.4,3.6,0,961.7,1011,87.3,,
883,2023-09-09 07:00,18.8,95.3,3.4,0,962.1,1011.3,85.9,,
883,2023-09-09 08:00,21.8,71.1,2.4,0,962.2,1011,81.5,,
883,2023-09-09 09:00,24,34.1,3.5,0,962.4,1011,77.7,,
883,2023-09-09 10:00,25.1,30.6,4.4,0,962.4,1010.8,69.1,,
883,2023-09-09 11:00,24.6,29.1,3.9,0,962.4,1010.9,74.3,,
883,2023-09-09 12:00,27.2,26.9,4.3,0,962,1009.9,67.8,,
883,2023-09-09 13:00,24.4,90.8,2.9,0,961.7,1010.2,74.9,,
883,2023-09-09 14:00,24.2,261.7,.6,0,961.3,1009.8,76,,
883,2023-09-09 15:00,23.9,177.7,.7,0,961.2,1009.3,78.2,,
883,2023-09-09 16:00,24.1,255.7,.6,0,961.1,1009.6,75,,
883,2023-09-09 17:00,23.6,217.7,.8,0,961.1,1009.3,77.5,,
883,2023-09-09 18:00,22.3,0,0,0,961.1,1009.7,80.6,,
883,2023-09-09 19:00,20.2,110,2,0,961.3,1010.5,89.3,,
883,2023-09-09 20:00,18.5,106,2.7,0,961.5,1010.7,85.8,,
883,2023-09-09 21:00,17.9,114.1,3.4,0,961.9,1011.3,71.6,,
883,2023-09-09 22:00,17.5,125.7,3.3,0,962.2,1011.7,74.4,,
883,2023-09-09 23:00,16.2,104,2.4,0,962.2,1012.1,85,,
883,2023-09-10 00:00,15.8,101.1,2.8,0,962.1,1012.1,89.8,,
883,2023-09-10 01:00,15.9,103.8,2.9,0,961.7,1011.7,89.3,,
883,2023-09-10 02:00,17,99.2,4,0,961.3,1010.9,80.2,,
883,2023-09-10 03:00,15.8,98.2,3.4,0,961.1,1011.1,86.2,,
883,2023-09-10 04:00,17.2,101.9,4.1,0,960.7,1010.3,80.5,,
883,2023-09-10 05:00,18.1,106,3.6,0,960.9,1010.2,80.7,,
883,2023-09-10 06:00,18.3,104,3.9,0,960.9,1010.1,84.9,,
883,2023-09-10 07:00,19.3,105.8,4.5,0,961,1010.4,79.5,,
883,2023-09-10 08:00,22.5,107.2,2,0,961.6,1010.1,73.3,,
883,2023-09-10 09:00,25,0,0,0,961.5,1009.9,62.7,,
883,2023-09-10 10:00,25.5,0,0,0,961.7,1010,64.5,,
883,2023-09-10 11:00,24.6,252.1,1.2,0,961.5,1010,71.1,,
883,2023-09-10 12:00,26,260.1,1.8,0,961.1,1009.2,66.2,,
883,2023-09-10 13:00,26.1,260.4,2.4,0,960.8,1008.9,76.2,,
883,2023-09-10 14:00,25.6,231.5,2.3,0,960.3,1008.5,75.5,,
883,2023-09-10 15:00,23.6,262.2,2.1,0,959.9,1008.1,80.6,,
883,2023-09-10 16:00,24.4,245.7,1.5,0,959.8,1008.2,78.4,,
883,2023-09-10 17:00,23.7,207.2,1.3,0,960.1,1008.2,83.6,,
883,2023-09-10 18:00,24.1,217.8,1.5,0,960.2,1008.7,80.9,,
883,2023-09-10 19:00,21.9,0,.3,0,960.4,1009.1,90,,
883,2023-09-10 20:00,20.7,93.5,2.2,0,960.7,1009.7,92.3,,
883,2023-09-10 21:00,20.6,108.5,4.2,0,961,1010.1,73.6,,
883,2023-09-10 22:00,19.3,114.2,3.5,0,960.9,1010.3,77.9,,
883,2023-09-10 23:00,18.5,131.3,1.7,0,960.6,1009.8,79.5,,
883,2023-09-11 00:00,17.8,137.5,2.3,0,960.3,1009.7,86.4,,
883,2023-09-11 01:00,16.8,95.3,2.7,0,960.1,1009.7,90.7,,
883,2023-09-11 02:00,17.9,96.3,2.5,0,959.9,1009.2,87.4,,
883,2023-09-11 03:00,17.7,89.8,2.2,0,959.6,1008.9,87.4,,
883,2023-09-11 04:00,17.5,98.8,3,0,959.7,1009.1,88.5,,
883,2023-09-11 05:00,18,99.8,3.3,0,959.6,1008.9,84.5,,
883,2023-09-11 06:00,18.3,100.4,3.7,0,959.7,1008.9,83.7,,
883,2023-09-11 07:00,19.5,100.8,4.1,0,959.6,1008.9,74.8,,
883,2023-09-11 08:00,23.5,108,2.5,0,959.7,1007.9,67.9,,
883,2023-09-11 09:00,24.9,228,1,0,960.2,1008.5,72.5,,
883,2023-09-11 10:00,26.1,212.9,1.1,0,960.5,1008.6,67.5,,
883,2023-09-11 11:00,26.3,27.4,3.8,0,960.6,1008.6,75.3,,
883,2023-09-11 12:00,27.7,33.1,3.6,0,960.1,1007.8,69.6,,
883,2023-09-11 13:00,26.8,26.1,4,0,960,1007.9,70,,
883,2023-09-11 14:00,25.1,79.3,3.1,0,959.5,1007.7,73.2,,
883,2023-09-11 15:00,25.3,185.1,1.8,0,959.3,1007.5,78.5,,
883,2023-09-11 16:00,25.1,210.5,1.7,0,959.3,1007.5,80.7,,
883,2023-09-11 17:00,24.1,183.9,1.4,0,959.6,1008.1,87.5,,
883,2023-09-11 18:00,23.1,188.8,1,0,959.9,1008.2,88.2,,
883,2023-09-11 19:00,22.1,0,0,0,960.3,1008.9,92,,
883,2023-09-11 20:00,21.2,0,0,0,960.4,1009.3,92.8,,
883,2023-09-11 21:00,20,101.3,2.3,0,961.1,1010.3,94.5,,
883,2023-09-11 22:00,19.8,110.8,2,0,961.7,1011,93.4,,
883,2023-09-11 23:00,20.1,115.4,2.1,0,961.7,1010.9,95.2,,
883,2023-09-12 00:00,20.6,106.6,2.6,0,961.6,1010.7,91.6,,
883,2023-09-12 01:00,20,113.4,2.4,0,961.4,1010.7,89.1,,
883,2023-09-12 02:00,19.2,98.2,1.3,0,961.2,1010.7,90.5,,
883,2023-09-12 03:00,19.2,106.9,3.1,0,960.8,1010.3,91.8,,
883,2023-09-12 04:00,19.7,131.8,1,0,960.9,1010.2,91.4,,
883,2023-09-12 05:00,19.1,93.3,1.6,0,960.7,1010.2,90.3,,
883,2023-09-12 06:00,19.3,77,3.3,0,960.9,1010.3,87.6,,
883,2023-09-12 07:00,20.5,100.8,3.4,0,961.1,1010.2,81.1,,
883,2023-09-12 08:00,22.3,128.5,2,0,961.3,1009.9,80.9,,
883,2023-09-12 09:00,24.8,0,.4,0,961.7,1010.1,68.7,,
883,2023-09-12 10:00,26.4,0,.1,0,961.9,1010,66.7,,
883,2023-09-12 11:00,26.3,287,1.3,0,961.6,1009.7,69.8,,
883,2023-09-12 12:00,25.9,23,2.8,0,961.5,1009.7,78,,
883,2023-09-12 13:00,28,226.8,2.6,0,961,1008.7,72.8,,
883,2023-09-12 14:00,25,73.7,2.3,0,961,1009.3,81.6,,
883,2023-09-12 15:00,24.9,210.8,2.6,0,960.4,1008.7,85.3,,
883,2023-09-12 16:00,25.2,197.7,1.5,0,960.3,1008.6,83.9,,
883,2023-09-12 17:00,24.6,183.5,1.8,0,960.1,1008.5,84.6,,
883,2023-09-12 18:00,24.1,179.2,1.4,0,960.2,1008.7,87.9,,
883,2023-09-12 19:00,22.7,161,2.5,0,960.3,1008.7,92.4,,
883,2023-09-12 20:00,22.9,133.3,3.6,0,960.9,1009.3,84,,
883,2023-09-12 21:00,23.3,130.7,2.8,0,961.7,1010,74.9,,
883,2023-09-12 22:00,21.9,120.9,2.4,0,961.8,1010.5,84.8,,
883,2023-09-12 23:00,22.2,97.3,2.2,0,961.8,1010.4,81.7,,
883,2023-09-13 00:00,22.6,149.3,2.4,0,961.4,1009.9,79.8,,
883,2023-09-13 01:00,23.6,139.9,3.7,0,961.4,1009.6,69.9,,
883,2023-09-13 02:00,20.9,102.4,2.8,0,961.2,1010.2,84.3,,
883,2023-09-13 03:00,21.2,106.1,2.6,0,960.7,1009.6,79.9,,
883,2023-09-13 04:00,21.4,81.8,2.6,0,960.6,1009.4,76.2,,
883,2023-09-13 05:00,22.8,116.8,3.5,0,960.8,1009.2,70.2,,
883,2023-09-13 06:00,23,138,4.5,0,960.5,1008.9,74.6,,
883,2023-09-13 07:00,22.5,77.1,3.1,0,961,1009.5,77.5,,
883,2023-09-13 08:00,24.4,148,1.8,0,960.9,1009.4,76.5,,
883,2023-09-13 09:00,26.1,125.4,1.1,0,961.1,1009.2,70.3,,
883,2023-09-13 10:00,27.7,186.5,2.4,0,961.2,1008.9,68.6,,
883,2023-09-13 11:00,26.9,174.2,3.5,0,961.1,1009,70.8,,
883,2023-09-13 12:00,27.3,175.2,3.5,0,960.7,1008.5,68.7,,
883,2023-09-13 13:00,26.7,159.6,5.7,0,960.2,1008.1,66.7,,
883,2023-09-13 14:00,26.7,176.5,3.7,0,959.6,1007.5,70.6,,
883,2023-09-13 15:00,26.9,184.5,4.5,0,959.2,1007,73.3,,
883,2023-09-13 16:00,25.2,174,4.1,0,958.9,1007.1,82.6,,
883,2023-09-13 17:00,24.8,154.7,5.2,0,958.8,1007.1,82.2,,
883,2023-09-13 18:00,24.3,157.8,3.9,0,959.1,1007.5,83.4,,
883,2023-09-13 19:00,23.6,147.6,3.7,0,959.2,1007.3,86.1,,
883,2023-09-13 20:00,23.4,155.4,3.3,0,959.4,1007.6,83.4,,
883,2023-09-13 21:00,24,131.4,2.6,0,960.4,1008.9,82.8,,
883,2023-09-13 22:00,22.2,29.1,3.8,0,960.6,1009.2,97.8,,
883,2023-09-13 23:00,22,312.9,2.5,0,960.7,1009.3,99.3,,
883,2023-09-14 00:00,21.5,310.5,.7,2.5,960.7,1009.5,99.3,,
883,2023-09-14 01:00,21.9,78.6,2.5,0,960.4,1009.1,98.5,,
883,2023-09-14 02:00,21.4,69,3,0,960,1008.8,94.1,,
883,2023-09-14 03:00,20.9,41.4,2.8,.5,960.3,1009.2,96.4,,
883,2023-09-14 04:00,21.1,21.8,4.2,0,960.4,1009.3,97.7,,
883,2023-09-14 05:00,21.2,92.5,3.2,0,960.2,1009,94.6,,
883,2023-09-14 06:00,21.2,80.7,4.3,.5,960,1008.8,96.9,,
883,2023-09-14 07:00,21.2,105.9,3.2,0,960.6,1009.5,89.2,,
883,2023-09-14 08:00,21.2,109.5,3.4,0,960.6,1009.5,83.4,,
883,2023-09-14 09:00,21.6,110.3,4.3,0,961.3,1010.1,85.1,,
883,2023-09-14 10:00,20.7,102.5,3.3,.5,961.7,1010.8,90.8,,
883,2023-09-14 11:00,21.5,45.9,1.9,0,961.5,1010.3,93.3,,
883,2023-09-14 12:00,21.8,84.1,3.1,0,961.7,1010.5,84.4,,
883,2023-09-14 13:00,21.3,89.9,3.7,0,961.5,1010.4,86.4,,
883,2023-09-14 14:00,21.8,36.3,3.5,0,961.3,1010,85.2,,
883,2023-09-14 15:00,22.1,27.6,2.8,0,960.9,1009.5,92.8,,
883,2023-09-14 16:00,22.9,49.9,3.3,.5,960.9,1009.3,90.6,,
883,2023-09-14 17:00,22.1,49.4,2.8,0,961.1,1009.7,93.2,,
883,2023-09-14 18:00,22.5,100.9,.5,0,961.1,1009.6,92.2,,
883,2023-09-14 19:00,22.8,99.1,2.3,0,961.4,1009.9,90.1,,
883,2023-09-14 20:00,24.2,121.4,3.3,0,961.9,1010.5,79.7,,
883,2023-09-14 21:00,24.4,138.6,3.7,0,962.3,1010.8,79.1,,
883,2023-09-14 22:00,24.1,143.5,5.1,0,962.6,1011.2,83.9,,
883,2023-09-14 23:00,24.3,148.7,3.7,0,962.6,1011.2,85,,
883,2023-09-15 00:00,23.7,155.6,4.4,0,962.6,1010.9,89.1,,
883,2023-09-15 01:00,23.7,155.1,4.8,0,962.3,1010.6,85.7,,
883,2023-09-15 02:00,23.3,154.7,3.8,0,962.1,1010.5,87.1,,
883,2023-09-15 03:00,23.3,157.3,4.4,0,961.8,1010.1,85.5,,
883,2023-09-15 04:00,23.3,169.5,4,0,961.8,1010.1,89.3,,
883,2023-09-15 05:00,23.1,160.4,3.1,0,961.7,1010.1,91,,
883,2023-09-15 06:00,22.7,173.4,2.8,0,961.9,1010.4,94.3,,
883,2023-09-15 07:00,23.6,158.4,3.3,0,962.4,1010.7,89.6,,
883,2023-09-15 08:00,25,182.8,3,0,962.8,1011.2,85.2,,
883,2023-09-15 09:00,26.6,190.4,2.1,0,963,1011.1,80.8,,
883,2023-09-15 10:00,26.6,219.1,1.5,0,963.5,1011.6,81.4,,
883,2023-09-15 11:00,27.8,206.8,2.2,0,963.4,1011.2,71.9,,
883,2023-09-15 12:00,27.8,200.8,3.1,0,963.3,1011.1,72.9,,
883,2023-09-15 13:00,28.4,220,3,0,962.9,1010.6,70.7,,
883,2023-09-15 14:00,28,221.7,3.1,0,962.6,1010.3,69.2,,
883,2023-09-15 15:00,28.2,216.9,3.5,0,962.5,1010.2,72.2,,
883,2023-09-15 16:00,27.3,204.3,3.5,0,962.5,1010.4,76.5,,
883,2023-09-15 17:00,26.3,188.5,4.3,0,962.4,1010.5,79.4,,
883,2023-09-15 18:00,24.9,193.2,3.1,0,962.8,1011.2,82.2,,
883,2023-09-15 19:00,23.9,185.6,3.2,0,963.1,1011.3,89.2,,
883,2023-09-15 20:00,23.9,166.9,4.9,0,963.4,1011.7,89.5,,
883,2023-09-15 21:00,23.7,189.6,2.5,0,964.1,1012.4,91.1,,
883,2023-09-15 22:00,24,163.7,4.9,0,964.2,1012.9,87.6,,
883,2023-09-15 23:00,23.6,174.8,3.2,0,964.2,1012.6,91.1,,
883,2023-09-16 00:00,23.7,179.4,2.5,0,964,1012.3,94.4,,
883,2023-09-16 01:00,23.9,174.1,2.7,0,963.7,1012,95.4,,
883,2023-09-16 02:00,23.8,161.9,3.5,0,963.5,1011.8,95.6,,
883,2023-09-16 03:00,23.5,150.5,2.7,1.5,963.3,1011.7,96.7,,
883,2023-09-16 04:00,23.3,142.9,3.8,14,963.4,1011.8,98.1,,
883,2023-09-16 05:00,23.5,181.9,2,4.5,963.4,1011.8,98.8,,
883,2023-09-16 06:00,23.7,192.6,2.5,10.5,963.3,1011.6,99.2,,
883,2023-09-16 07:00,23.7,195.1,2.3,2.5,963,1011.3,99.1,,
883,2023-09-16 08:00,23.6,211.9,2.2,8.5,963.2,1011.5,98.8,,
883,2023-09-16 09:00,23.7,223.9,2.7,9.5,963.3,1011.6,99.2,,
883,2023-09-16 10:00,24.6,196.9,3.2,2.5,963.2,1011.7,98.7,,
883,2023-09-16 11:00,24.7,214,4.3,1,962.8,1011.3,97.9,,
883,2023-09-16 12:00,25.6,211.6,5.2,0,962.7,1011,92.9,,
883,2023-09-16 13:00,23.3,212.1,4.8,14,962.8,1011.2,98.7,,
883,2023-09-16 14:00,22.3,234.9,3.2,6.5,962.9,1011.6,99.2,,
883,2023-09-16 15:00,23,268.7,2.2,.5,962.3,1010.7,98.5,,
883,2023-09-16 16:00,22.4,0,.1,2,961.4,1010,98.9,,
883,2023-09-16 17:00,25.3,208.2,1.2,0,961.4,1009.7,89.8,,
883,2023-09-16 18:00,23.3,194.8,1.9,0,961.4,1009.7,95.1,,
883,2023-09-16 19:00,23.1,170,3.5,0,961.6,1010,90.6,,
883,2023-09-16 20:00,23,160.3,4.9,0,961.5,1009.9,90.3,,
883,2023-09-16 21:00,23,168.6,3.7,0,962.1,1010.5,90.9,,
883,2023-09-16 22:00,23.2,160.1,4,0,961.8,1010.2,87.8,,
883,2023-09-16 23:00,23.1,171.3,4.5,0,962.3,1010.7,89.3,,
883,2023-09-17 00:00,22.7,182.5,3.3,1.5,962,1010.5,97.3,,
883,2023-09-17 01:00,22.5,187.6,2.4,3.5,961.6,1010.1,98.7,,
883,2023-09-17 02:00,21.9,173.7,2,1,961.6,1010.3,98.8,,
883,2023-09-17 03:00,22,166.5,2.1,4.5,961,1009.7,98.8,,
883,2023-09-17 04:00,22,190.6,2.3,1.5,960.9,1009.6,99.3,,
883,2023-09-17 05:00,22.3,187.1,2.5,0,960.4,1008.9,99.1,,
883,2023-09-17 06:00,22.5,199.3,1.6,0,960.7,1009.2,99.2,,
883,2023-09-17 07:00,22.5,218.5,1.8,0,961.4,1009.9,99.4,,
883,2023-09-17 08:00,23,215.1,1.6,3,961.7,1010.1,99.4,,
883,2023-09-17 09:00,23.1,226,1.6,0,962.4,1010.8,99.1,,
883,2023-09-17 10:00,24.3,141,1,0,962.3,1010.9,86,,
883,2023-09-17 11:00,25.6,306.9,1.3,0,962.2,1010.5,75.9,,
883,2023-09-17 12:00,25.1,299.8,.9,0,961.9,1010.3,87.6,,
883,2023-09-17 13:00,24,213.4,2,.5,961.3,1009.9,95.6,,
883,2023-09-17 14:00,24.5,250.1,1.5,0,961.1,1009.6,90.8,,
883,2023-09-17 15:00,22.7,57.7,2.6,2.5,960.9,1009.4,95.5,,
883,2023-09-17 16:00,21.4,46.4,3.6,17.5,961.1,1009.9,98.2,,
883,2023-09-17 17:00,21.9,72.7,2.6,5,961.4,1010.1,95.6,,
883,2023-09-17 18:00,22.4,131.5,2.4,0,961.4,1010,93.2,,
883,2023-09-17 19:00,22.1,148.9,1,7,961.8,1010.5,98.3,,
883,2023-09-17 20:00,21.1,220.6,2.2,34,962,1011,96.7,,
883,2023-09-17 21:00,21.9,186.1,1.5,0,962.2,1010.9,98.4,,
883,2023-09-17 22:00,22.6,202.5,.9,1,962.4,1011,99.2,,
883,2023-09-17 23:00,21.8,163.5,2.5,1,962.3,1011.1,98.8,,
883,2023-09-18 00:00,21.8,164.8,2.9,0,962.9,1011.7,97.7,,
883,2023-09-18 01:00,21.8,169.5,2.5,0,962.5,1011.3,98.4,,
883,2023-09-18 02:00,21.3,164.7,2.9,0,962.4,1011.3,96,,
883,2023-09-18 03:00,21.3,156.8,2.7,0,962.4,1011.3,96.2,,
883,2023-09-18 04:00,20.8,149.4,1.9,0,962.2,1011.3,97.1,,
883,2023-09-18 05:00,20.5,152.9,1.1,0,962.4,1011.6,98.4,,
883,2023-09-18 06:00,19.9,93.7,1.6,0,962.4,1011.7,98.7,,
883,2023-09-18 07:00,21.3,89.6,2.3,0,963,1012,97.1,,
883,2023-09-18 08:00,23.2,32.7,2.5,0,963.5,1011.9,92.3,,
883,2023-09-18 09:00,24.6,28.4,3.2,0,964,1012.6,90.6,,
883,2023-09-18 10:00,25,42.4,3.1,0,964.7,1013.2,87,,
883,2023-09-18 11:00,26.4,32,3.2,0,964.5,1012.7,78.5,,
883,2023-09-18 12:00,28,31.9,3.3,0,964.1,1011.9,81.9,,
883,2023-09-18 13:00,26.4,28.6,4.6,0,964.1,1012.3,78.9,,
883,2023-09-18 14:00,26.8,20.9,3.9,0,963.9,1012,80.7,,
883,2023-09-18 15:00,26.8,20.5,2.7,0,963.4,1011.4,77.2,,
883,2023-09-18 16:00,26.9,37.7,3.2,0,963.5,1011.5,75.5,,
883,2023-09-18 17:00,26.8,26.3,3.7,0,963.7,1011.8,76.5,,
883,2023-09-18 18:00,23.8,26.2,2.9,0,964,1012.3,87.8,,
883,2023-09-18 19:00,22.1,27.4,1.9,0,964.2,1013,94.8,,
883,2023-09-18 20:00,21.4,0,0,0,964.4,1013.4,97.1,,
883,2023-09-18 21:00,20.7,0,0,0,965,1014.2,96.1,,
883,2023-09-18 22:00,20.6,0,0,0,964.9,1014.2,94,,
883,2023-09-18 23:00,20.3,156.1,1.5,0,965.1,1014.5,90.1,,
883,2023-09-19 00:00,19.6,156.2,2.6,0,964.9,1014.4,88.5,,
883,2023-09-19 01:00,19,163.2,.8,0,965.2,1014.9,91.2,,
883,2023-09-19 02:00,18.9,164.4,1.6,0,965.1,1014.4,95.3,,
883,2023-09-19 03:00,19.8,0,.4,0,964.9,1014.4,96.8,,
883,2023-09-19 04:00,19.3,113.4,1,0,964.6,1014.2,98.1,,
883,2023-09-19 05:00,18.6,99.3,2.5,0,964.6,1013.9,97.8,,
883,2023-09-19 06:00,18.5,101.2,2.1,0,964.7,1014.1,97.6,,
883,2023-09-19 07:00,19.5,101.8,2.4,0,965,1014.6,97.2,,
883,2023-09-19 08:00,22.8,0,0,0,965.8,1014.5,85.5,,
883,2023-09-19 09:00,23.8,0,0,0,965.8,1014.2,86.8,,
883,2023-09-19 10:00,24.8,293.5,1.2,,966,1014.6,77.1,,
883,2023-09-19 11:00,24.9,23.7,1.9,,965.8,1014.4,76.5,,
883,2023-09-19 12:00,25.9,11.9,2.4,,965.7,1014.1,72.6,,
883,2023-09-19 13:00,25.4,26,2.9,,965.4,1013.9,82.8,,
883,2023-09-19 14:00,24.9,309.6,2.5,,964.8,1013.3,83.3,,
883,2023-09-19 15:00,24.9,320.8,.7,,964.3,1012.8,82.4,,
883,2023-09-19 16:00,24.6,216.8,1.9,,964.4,1013,81.5,,
883,2023-09-19 17:00,23.8,22.9,3.2,,964.8,1013.1,90,,
883,2023-09-19 18:00,22.7,0,0,,964.7,1013.3,94,,
883,2023-09-19 19:00,21.7,150.3,1.5,,964.8,1013.7,96.2,,
883,2023-09-19 20:00,21.2,173.9,1.6,,965.1,1014.2,94.2,,
883,2023-09-19 21:00,21.6,158,3.4,,965.6,1014.6,89.7,,
883,2023-09-19 22:00,21.2,162.6,3.6,,965.2,1014.3,75.2,,
883,2023-09-19 23:00,21.7,157.2,4,,964.6,1013.5,75.5,,
883,2023-09-20 00:00,21.4,155.8,5.2,,964.5,1013.5,84.7,,
883,2023-09-20 01:00,21.7,154.6,5.6,0,963.9,1012.8,88.7,,
883,2023-09-20 02:00,21.9,162.2,5,0,963.5,1012.3,86.8,,
883,2023-09-20 03:00,21.9,163.8,5.4,0,963.4,1012.2,88,,
883,2023-09-20 04:00,22.1,165.3,5.2,0,963.1,1011.8,89.1,,
883,2023-09-20 05:00,22.4,164.8,5.7,0,962.8,1011.4,91.2,,
883,2023-09-20 06:00,22.4,159.7,5.7,0,962.2,1010.8,89.3,,
883,2023-09-20 07:00,23.2,157.9,5.4,0,962.2,1010.6,88.3,,
883,2023-09-20 08:00,23.5,193,4.1,0,962.2,1010.5,95,,
883,2023-09-20 09:00,24.3,193,4.8,0,962.1,1010.7,92.7,,
883,2023-09-20 10:00,25.1,191.5,5.5,0,961.9,1010.3,89.3,,
883,2023-09-20 11:00,24.9,189.3,5.2,0,961.4,1009.8,89.6,,
883,2023-09-20 12:00,26.1,191.5,5.7,0,961,1009.1,87.2,,
883,2023-09-20 13:00,25.6,190,6.2,0,960.4,1008.6,87.1,,
883,2023-09-20 14:00,25.1,202.4,5.7,0,959.6,1007.8,93.3,,
883,2023-09-20 15:00,25.2,204.7,6.4,0,959,1007.2,90.1,,
883,2023-09-20 16:00,24.8,199.2,6.2,0,958.3,1006.5,90.4,,
883,2023-09-20 17:00,24.7,202.7,6.5,0,957.9,1006.1,94.4,,
883,2023-09-20 18:00,24.6,211.9,6.5,0,957.7,1006,94.6,,
883,2023-09-20 19:00,24.3,216.6,6.6,0,957.5,1005.8,97.4,,
883,2023-09-20 20:00,24.3,222.8,6.5,3.5,957.5,1005.8,98.7,,
883,2023-09-20 21:00,23.5,232.6,6.8,2,957.8,1005.9,98.6,,
883,2023-09-20 22:00,22.5,225.4,5.4,0,958.1,1006.5,99.4,,
883,2023-09-20 23:00,22.2,229.3,4.9,0,958.4,1006.9,99.1,,
883,2023-09-21 00:00,22.1,259.6,3.9,0,958.3,1006.8,99.1,,
883,2023-09-21 01:00,21,303.2,4.4,1,958.4,1007.2,99.4,,
883,2023-09-21 02:00,19.9,313.4,6.2,1,959.1,1008.3,99.8,,
883,2023-09-21 03:00,19.4,30.3,4.5,2,959.3,1008.6,99.5,,
883,2023-09-21 04:00,19.4,340.9,4.3,2,959.6,1008.9,99.8,,
883,2023-09-21 05:00,19.5,25.3,5.9,.5,960,1009.3,99.7,,
883,2023-09-21 06:00,19.4,25.5,5.5,0,960.2,1009.6,99.6,,
883,2023-09-21 07:00,19.2,31.2,4.7,0,960.7,1010.1,99.8,,
883,2023-09-21 08:00,19.4,29.7,5.4,0,961.3,1010.7,99.3,,
883,2023-09-21 09:00,21.3,25.6,6.4,0,961.7,1010.6,96.5,,
883,2023-09-21 10:00,21.2,28.4,6.7,0,962.3,1011.3,86.1,,
883,2023-09-21 11:00,22,30.2,5.9,0,962.5,1011.2,83.7,,
883,2023-09-21 12:00,21.6,32.5,6,0,962.3,1011.1,82.6,,
883,2023-09-21 13:00,20.7,29.7,5.9,0,962.2,1011.3,87.5,,
883,2023-09-21 14:00,21.4,28.7,7,0,961.5,1010.4,82.5,,
883,2023-09-21 15:00,20.1,25.6,7.2,0,961.7,1010.9,87.9,,
883,2023-09-21 16:00,20,27.2,6.6,0,961.7,1011,89.9,,
883,2023-09-21 17:00,19.4,25.6,6.5,0,961.9,1011.4,92,,
883,2023-09-21 18:00,19,26.9,6.3,0,962.4,1012,94.8,,
883,2023-09-21 19:00,18.9,28.9,5.9,0,962.3,1011.4,96.4,,
883,2023-09-21 20:00,18.8,31,5.3,0,962.8,1012,94.6,,
883,2023-09-21 21:00,18.8,55.8,3.3,0,963.1,1012.3,95,,
883,2023-09-21 22:00,18.8,42.7,4,0,963.4,1012.6,96.2,,
883,2023-09-21 23:00,18.8,37.1,4,0,963.5,1012.7,96.3,,
883,2023-09-22 00:00,18.8,38.1,3,0,963.7,1012.9,96.1,,
883,2023-09-22 01:00,18.5,52.6,4,0,963.6,1012.9,96.2,,
883,2023-09-22 02:00,18.5,33.4,3.2,0,963.5,1012.8,95.6,,
883,2023-09-22 03:00,18.7,44.3,3,0,963.4,1012.7,95.9,,
883,2023-09-22 04:00,18.8,29.9,4.1,0,963.2,1012.4,96.6,,
883,2023-09-22 05:00,18.6,28.2,3.7,0,963.4,1012.7,98,,
883,2023-09-22 06:00,18.5,34,3.8,0,963.9,1013.2,98.5,,
883,2023-09-22 07:00,18.4,45.5,3.4,0,964,1013.4,98.3,,
883,2023-09-22 08:00,18.8,35.1,4.4,0,964.3,1013.6,97.1,,
883,2023-09-22 09:00,19.6,40.3,4.5,0,964.6,1014.1,93.5,,
883,2023-09-22 10:00,19.7,30.8,5,0,965.1,1014.6,91.4,,
883,2023-09-22 11:00,20.9,31.3,5.6,0,965.1,1014.3,85.8,,
883,2023-09-22 12:00,21.4,25,5.8,0,965.1,1014.1,83.3,,
883,2023-09-22 13:00,19.9,35,4.8,0,964.6,1014,88.6,,
883,2023-09-22 14:00,20.8,21.2,4.5,0,964.3,1013.5,89.3,,
883,2023-09-22 15:00,20.7,32.2,3.9,0,964.2,1013.4,89.3,,
883,2023-09-22 16:00,20.9,26.3,4.6,0,964,1013.1,87.6,,
883,2023-09-22 17:00,22.7,26.4,2.6,0,963.8,1012.4,84.7,,
883,2023-09-22 18:00,20.7,21.2,4,0,964.3,1013.5,90.8,,
883,2023-09-22 19:00,19.4,0,0,0,964.6,1014.2,95.2,,
883,2023-09-22 20:00,19.4,85.4,2.5,0,965.3,1014.9,95.7,,
883,2023-09-22 21:00,19.7,228.7,.5,0,965.7,1015.3,96.7,,
883,2023-09-22 22:00,20.1,123.1,2,0,965.9,1015.4,95,,
883,2023-09-22 23:00,20,0,.1,0,966.1,1015.6,93.6,,
883,2023-09-23 00:00,20.1,111.6,1.1,0,966,1015.5,94.6,,
883,2023-09-23 01:00,19.9,25.1,3.6,0,966.2,1015.7,92.8,,
883,2023-09-23 02:00,20.2,50.3,3.6,0,966.1,1015.5,87.6,,
883,2023-09-23 03:00,20.3,78.1,4,0,965.9,1015.3,86,,
883,2023-09-23 04:00,19.2,41.7,2.4,0,965.7,1015.4,95.5,,
883,2023-09-23 05:00,19.5,46.1,4.5,0,966,1015.6,95.6,,
883,2023-09-23 06:00,18.7,58.4,2.6,0,966.4,1015.8,93.8,,
883,2023-09-23 07:00,18.6,91.8,2.7,0,966.6,1016,76.5,,
883,2023-09-23 08:00,20.8,77.4,2.6,0,967,1016.3,51.1,,
883,2023-09-23 09:00,21.9,103.2,2.7,0,967,1016,63.8,,
883,2023-09-23 10:00,23.3,70,3.6,0,967.6,1016.2,66.2,,
883,2023-09-23 11:00,24.5,55.9,5.4,0,967.2,1016,61.7,,
883,2023-09-23 12:00,23.2,64.2,5.7,0,967.2,1015.8,68.2,,
883,2023-09-23 13:00,22.1,61.8,5.8,0,966.5,1015.4,74.3,,
883,2023-09-23 14:00,22.5,76.9,5.1,0,966.1,1014.9,71.9,,
883,2023-09-23 15:00,22.2,66.1,3.9,0,966.1,1015,64.2,,
883,2023-09-23 16:00,22.2,3,1.3,0,966.6,1015.5,73.8,,
883,2023-09-23 17:00,21.5,135.1,1.3,0,966.2,1015.3,73.2,,
883,2023-09-23 18:00,20.2,18.7,1.7,0,966.5,1016,85.9,,
883,2023-09-23 19:00,19.4,123.5,1.9,0,966.3,1016,86,,
883,2023-09-23 20:00,18.7,94.8,2,0,966.6,1016,86,,
883,2023-09-23 21:00,18.9,100.9,2.9,0,967.7,1017.1,85.6,,
883,2023-09-23 22:00,19.2,109.9,4.1,0,967.1,1016.9,75.3,,
883,2023-09-23 23:00,19.5,93.6,2.5,0,966.6,1016.3,74.1,,
883,2023-09-24 00:00,19.2,103.3,2.7,0,966.6,1016.4,70.5,,
883,2023-09-24 01:00,17.4,94.6,.9,0,966.6,1016.4,82.4,,
883,2023-09-24 02:00,17.7,92.9,4.5,0,966.5,1016.2,76.4,,
883,2023-09-24 03:00,19.7,100.8,4,0,965.9,1015.5,64.7,,
883,2023-09-24 04:00,17.4,72.5,1.1,0,966.1,1015.9,81.1,,
883,2023-09-24 05:00,17.2,97.9,2.8,0,966.1,1015.9,85.5,,
883,2023-09-24 06:00,17.6,154.5,2.4,0,966,1015.7,87.8,,
883,2023-09-24 07:00,17.9,106.7,1.9,0,966.3,1015.9,84.5,,
883,2023-09-24 08:00,19.3,134.8,1.2,0,966.6,1016.3,84,,
883,2023-09-24 09:00,21.8,189.2,.6,0,966.5,1015.5,65.2,,
883,2023-09-24 10:00,23.3,277.5,1.1,0,966.7,1015.3,59.7,,
883,2023-09-24 11:00,24.6,235,.8,0,966.7,1015.4,58,,
883,2023-09-24 12:00,25.9,227.4,1.4,0,966.1,1014.5,59.9,,
883,2023-09-24 13:00,25.9,251.9,2.5,0,965.2,1013.5,54.6,,
883,2023-09-24 14:00,26.1,62.1,4.3,0,964.9,1013.2,59.5,,
883,2023-09-24 15:00,26.2,276.7,2.4,0,964.3,1012.5,60.2,,
883,2023-09-24 16:00,24.9,30.1,4.4,0,964.5,1013,68,,
883,2023-09-24 17:00,22.7,65.3,3.3,0,964.5,1013.1,64.2,,
883,2023-09-24 18:00,21.6,74.7,3.2,0,964.9,1013.9,70.1,,
883,2023-09-24 19:00,20.5,107.8,2.3,0,965.1,1014.4,81.1,,
883,2023-09-24 20:00,19.1,107.3,2.2,0,965.3,1015,88.1,,
883,2023-09-24 21:00,19,150.9,2,0,966.1,1015.9,90.1,,
883,2023-09-24 22:00,19.3,114.8,1.7,0,965.9,1015.6,86.4,,
883,2023-09-24 23:00,18.3,97.3,1.2,0,965,1014.5,90.6,,
883,2023-09-25 00:00,17.7,104.1,2.6,0,965,1014.6,91.8,,
883,2023-09-25 01:00,17.9,162.4,2.8,0,964.1,1013.6,91.4,,
883,2023-09-25 02:00,17.8,87.5,2.5,0,964.3,1013.9,87.4,,
883,2023-09-25 03:00,17.4,0,.1,0,963.8,1013.5,89.6,,
883,2023-09-25 04:00,17.2,159,2.7,0,963.5,1013.2,89.6,,
883,2023-09-25 05:00,18.2,172.7,2.4,0,963.7,1013.1,86.5,,
883,2023-09-25 06:00,18.7,108.5,2.4,0,964.3,1013.6,85.5,,
883,2023-09-25 07:00,19,85.1,2.4,0,964.8,1014.5,87.2,,
883,2023-09-25 08:00,22.1,174.1,1.9,0,965,1013.8,78.7,,
883,2023-09-25 09:00,23,306.6,.7,0,965.3,1013.9,71.8,,
883,2023-09-25 10:00,24.2,0,0,0,965.4,1014.1,68,,
883,2023-09-25 11:00,25.1,235.8,.6,0,965.3,1013.8,71,,
883,2023-09-25 12:00,25.4,249.8,1.8,0,965,1013.4,68.3,,
883,2023-09-25 13:00,25.9,301.4,.9,0,964.5,1012.8,72.5,,
883,2023-09-25 14:00,23.5,232.6,2.3,0,964,1012.4,83.6,,
883,2023-09-25 15:00,22.9,287.2,1.8,0,963.6,1012.1,90,,
883,2023-09-25 16:00,24.6,3.9,2.1,0,963.3,1011.8,83.8,,
883,2023-09-25 17:00,22.9,318.2,1.7,0,963.5,1012,91,,
883,2023-09-25 18:00,22.2,0,.1,0,964,1012.8,91.6,,
883,2023-09-25 19:00,21.9,0,.4,0,964.3,1013.2,95.6,,
883,2023-09-25 20:00,22,0,.2,0,964.8,1013.7,92.6,,
883,2023-09-25 21:00,21.6,145.3,3,0,965,1014,85.2,,
883,2023-09-25 22:00,21.7,140.1,4.5,0,965,1013.9,84.8,,
883,2023-09-25 23:00,21.4,142.8,4,0,964.9,1013.9,86.1,,
883,2023-09-26 00:00,21,149,3.9,0,964.7,1013.8,87.7,,
883,2023-09-26 01:00,20.9,154.4,4.7,0,964,1013.1,86.8,,
883,2023-09-26 02:00,21.1,157.9,3.3,0,964,1013.1,87.6,,
883,2023-09-26 03:00,20.4,177.6,2.6,0,963.8,1013.1,89.4,,
883,2023-09-26 04:00,20.5,172.4,3,0,963.5,1012.7,91.3,,
883,2023-09-26 05:00,20.8,174.9,2.6,0,963.8,1012.9,90.6,,
883,2023-09-26 06:00,20.2,170.8,2.2,0,964.2,1013.5,93.1,,
883,2023-09-26 07:00,20.4,106.6,.9,0,964.8,1014.1,95.4,,
883,2023-09-26 08:00,23.3,178.3,1.1,0,965,1013.5,86.8,,
883,2023-09-26 09:00,22.9,276,2.5,0,965.1,1013.7,89,,
883,2023-09-26 10:00,22,315.9,2.2,0,965.5,1014.4,96.3,,
883,2023-09-26 11:00,23.3,329.8,1.5,0,965.1,1013.6,89.3,,
883,2023-09-26 12:00,25.9,14.7,.9,0,964.7,1013,79.5,,
883,2023-09-26 13:00,25.8,327,3,0,964.3,1012.6,75.1,,
883,2023-09-26 14:00,24.8,328.2,3.6,0,963.6,1012.1,78.9,,
883,2023-09-26 15:00,24.1,317.2,3.7,0,963.5,1012.2,82,,
883,2023-09-26 16:00,24.5,7,3,0,963.2,1011.8,77.2,,
883,2023-09-26 17:00,24.2,28.3,2.9,0,963.4,1012,82.9,,
883,2023-09-26 18:00,21.5,24.1,2.1,0,963.6,1012.5,93.1,,
883,2023-09-26 19:00,21.3,8.7,2.2,0,964,1013,95.3,,
883,2023-09-26 20:00,20.6,31.7,3,0,964.5,1013.7,97.5,,
883,2023-09-26 21:00,20.5,27.4,2.9,0,964.7,1014,98.2,,
883,2023-09-26 22:00,20,38.8,1.3,0,964.9,1014.3,98.4,,
883,2023-09-26 23:00,20.3,24.4,2.6,0,964.7,1014,97.6,,
883,2023-09-27 00:00,19.4,24.6,1.7,0,964.3,1013.9,96.1,,
883,2023-09-27 01:00,20.3,25.8,.7,0,963.8,1013.1,94.9,,
883,2023-09-27 02:00,20.6,0,.2,0,963.7,1012.9,97.1,,
883,2023-09-27 03:00,20.2,330.5,1.4,0,963.6,1012.9,98.5,,
883,2023-09-27 04:00,20.1,35.9,1.7,0,963.6,1012.9,98.6,,
883,2023-09-27 05:00,20.1,24.7,2.2,0,963.7,1013,98.3,,
883,2023-09-27 06:00,19.9,29.9,1.1,0,963.8,1013.2,98.5,,
883,2023-09-27 07:00,19.4,46.4,1.8,0,963.8,1013.3,98.6,,
883,2023-09-27 08:00,20.7,32.3,2.8,0,964.3,1013.5,91.2,,
883,2023-09-27 09:00,22.2,30.6,3.3,0,964.6,1013.4,83.8,,
883,2023-09-27 10:00,24,26.6,3.4,0,964.6,1013.3,78.7,,
883,2023-09-27 11:00,24.4,32.8,3.4,0,964.5,1013.1,75.4,,
883,2023-09-27 12:00,24.2,28.3,4.3,0,964.2,1012.9,77.6,,
883,2023-09-27 13:00,24.1,33.6,3.9,0,963.5,1012.2,77.6,,
883,2023-09-27 14:00,25.6,9.4,3.2,0,962.8,1011.1,74,,
883,2023-09-27 15:00,24.6,29,3.7,0,962.3,1010.8,75.8,,
883,2023-09-27 16:00,23.7,24.1,4.4,0,962.1,1010.3,78.4,,
883,2023-09-27 17:00,22,25.1,3.8,0,962.4,1011.1,84.3,,
883,2023-09-27 18:00,20.8,34.9,2.7,0,962.8,1011.9,87.7,,
883,2023-09-27 19:00,19.5,45.4,2,0,963.2,1012.7,93.8,,
883,2023-09-27 20:00,20.3,35.3,2.3,0,964,1013.3,91.3,,
883,2023-09-27 21:00,20.3,26.9,3.4,0,964.6,1013.9,96.2,,
883,2023-09-27 22:00,20.2,34.2,2.7,0,964.9,1014.3,95.7,,
883,2023-09-27 23:00,20.2,26.1,2.2,0,964.7,1014.1,96.5,,
883,2023-09-28 00:00,20.1,25.6,1.2,0,964.6,1014,96.7,,
883,2023-09-28 01:00,20.1,0,.1,0,964.3,1013.7,96,,
883,2023-09-28 02:00,20,52.5,.9,0,964,1013.4,92.1,,
883,2023-09-28 03:00,20,0,.1,0,964.1,1013.5,92.4,,
883,2023-09-28 04:00,20.3,106.5,1.2,0,964,1013.3,92.1,,
883,2023-09-28 05:00,20.4,23.4,1,0,964.3,1013.6,95.8,,
883,2023-09-28 06:00,20.3,36.9,1.2,0,964.8,1014.1,96.8,,
883,2023-09-28 07:00,20.4,28.1,2,0,965.2,1014.5,95.6,,
883,2023-09-28 08:00,21.1,31.9,3.1,0,965.6,1014.7,93.9,,
883,2023-09-28 09:00,21.6,36.9,2.8,0,965.6,1014.6,93.6,,
883,2023-09-28 10:00,22,22.2,3.4,0,965.9,1014.8,89,,
883,2023-09-28 11:00,21.3,32.5,4,0,965.9,1015,98,,
883,2023-09-28 12:00,23.8,26.1,5.6,0,965.1,1013.5,80.8,,
883,2023-09-28 13:00,25.3,23.4,6,0,964.9,1013.4,77.6,,
883,2023-09-28 14:00,26,33,4.9,0,964.2,1012.5,74.9,,
883,2023-09-28 15:00,24,32,5.2,0,964.1,1012.8,68.7,,
883,2023-09-28 16:00,24.2,28,5.2,0,964.1,1012.8,71,,
883,2023-09-28 17:00,23.6,22.8,4.2,0,964.3,1012.7,69.3,,
883,2023-09-28 18:00,20.3,34.7,3.6,0,964.2,1013.5,80.1,,
883,2023-09-28 19:00,17.9,26.8,2.4,0,964.4,1013.9,91.7,,
883,2023-09-28 20:00,19.2,74.1,3.4,0,965,1014.7,92.7,,
883,2023-09-28 21:00,19.3,58.2,2.9,0,965.5,1015.2,95.9,,
883,2023-09-28 22:00,19.6,42.3,3,0,965.5,1015.1,96.4,,
883,2023-09-28 23:00,19.2,43.4,3.5,0,965.7,1015.4,96.7,,
883,2023-09-29 00:00,18.6,44.5,3,0,965.8,1015.2,96.9,,
883,2023-09-29 01:00,18.4,56.8,3.4,0,965.2,1014.6,97.6,,
883,2023-09-29 02:00,18.1,52.3,3,0,965.1,1014.6,94.1,,
883,2023-09-29 03:00,17.8,67,2.7,0,964.9,1014.5,93.5,,
883,2023-09-29 04:00,17.5,72.8,2.2,0,964.8,1014.5,91.5,,
883,2023-09-29 05:00,16.5,74.7,3.8,0,964.7,1014.7,88.9,,
883,2023-09-29 06:00,16.2,55.8,3,0,964.5,1014.5,69,,
883,2023-09-29 07:00,16.6,55.1,2.1,0,965,1014.9,59.5,,
883,2023-09-29 08:00,18.9,42.8,2.4,0,965.3,1014.6,67.7,,
883,2023-09-29 09:00,22.5,33.7,2.7,0,965.6,1014.4,70.6,,
883,2023-09-29 10:00,23.8,23.6,5.2,0,965.7,1014.1,76.4,,
883,2023-09-29 11:00,25.4,32.2,4.3,0,965.3,1013.8,67.4,,
883,2023-09-29 12:00,26,27.3,4.1,0,965.3,1013.6,66.4,,
883,2023-09-29 13:00,25.4,24.9,4.8,0,964.8,1013.2,58.7,,
883,2023-09-29 14:00,26,6.8,3,0,964.1,1012.4,61.6,,
883,2023-09-29 15:00,24.1,4.7,3.9,0,964,1012.7,71.6,,
883,2023-09-29 16:00,23.9,19.7,1.4,0,963.5,1011.8,69.7,,
883,2023-09-29 17:00,23.8,278.6,.9,0,963.5,1011.8,68.8,,
883,2023-09-29 18:00,19.7,26.2,2.8,0,963.5,1012.9,82.2,,
883,2023-09-29 19:00,19.9,170.3,2.9,0,963.1,1012.5,85.1,,
883,2023-09-29 20:00,19.7,178.3,2.6,0,963.4,1012.8,84.1,,
883,2023-09-29 21:00,19.2,166,2.2,0,963.7,1013.3,89.7,,
883,2023-09-29 22:00,19.6,169.7,2.7,0,963.3,1012.8,92.5,,
883,2023-09-29 23:00,19.4,169.2,3.2,0,962.9,1012.4,87,,
883,2023-09-30 00:00,19.6,164.2,3.5,0,962.5,1011.9,86,,
883,2023-09-30 01:00,19,165.4,3.5,0,962.2,1011.8,78.7,,
883,2023-09-30 02:00,16.1,123.8,1.9,0,962.3,1012.3,59.9,,
883,2023-09-30 03:00,15.4,70,1.7,0,962.2,1012.4,66.5,,
883,2023-09-30 04:00,18.1,65.1,3.3,0,961.9,1011.3,89.7,,
883,2023-09-30 05:00,18.4,43.6,3.9,0,961.4,1010.6,91,,
883,2023-09-30 06:00,18.3,42.5,3.2,0,961.1,1010.4,86.2,,
883,2023-09-30 07:00,18.4,86.5,4,0,961.4,1010.6,74,,
883,2023-09-30 08:00,17.3,31.9,6.2,0,961.8,1011.4,89.1,,
883,2023-09-30 09:00,15.3,77.8,2.9,3,962.5,1012.7,92.7,,
883,2023-09-30 10:00,15.5,115.7,1.9,.5,962.4,1012.5,95.4,,
883,2023-09-30 11:00,16.1,356,1,7,962.1,1012,97.7,,
883,2023-09-30 12:00,19.1,354.8,1.7,1,961.7,1011.2,91.5,,
883,2023-09-30 13:00,18.2,358.6,2,0,961.5,1010.8,91.5,,
883,2023-09-30 14:00,19.4,26.6,3.5,0,960.8,1010.2,91.7,,
883,2023-09-30 15:00,19.7,24.8,4.2,0,960.5,1009.8,85.6,,
883,2023-09-30 16:00,21.4,25.9,5.5,0,960.3,1009.1,81.9,,
883,2023-09-30 17:00,19,26.9,6.8,0,960.7,1010.2,82.9,,
883,2023-09-30 18:00,16.8,32.6,6.7,0,960.8,1010.5,91.1,,
883,2023-09-30 19:00,16.2,49.3,4.1,0,961.2,1011.1,93.4,,
883,2023-09-30 20:00,16.5,40.3,4,0,961.4,1011.2,93.2,,
883,2023-09-30 21:00,16.2,40.3,4,0,961.7,1011.6,94.5,,
883,2023-09-30 22:00,16.5,44.2,3.9,0,962.1,1011.9,94.5,,
883,2023-09-30 23:00,16.3,39.9,4.5,0,962.2,1012.1,96.2,,
883,2023-10-01 00:00,16.3,46.7,4.6,0,962.3,1012.2,96.1,,
883,2023-10-01 01:00,16,54.3,4.3,0,962.3,1012.3,88.7,,
883,2023-10-01 02:00,16.1,43.7,4.5,0,962.3,1012.3,94.7,,
883,2023-10-01 03:00,16.2,58.7,4.2,0,962,1011.9,94.4,,
883,2023-10-01 04:00,16.3,45.1,4.6,0,962,1011.9,92.6,,
883,2023-10-01 05:00,16.9,60.2,4.5,0,962.5,1012.2,89.6,,
883,2023-10-01 06:00,16.9,48.7,3.7,0,963,1012.8,90.6,,
883,2023-10-01 07:00,17.6,53.6,3.5,0,963.2,1012.8,91,,
883,2023-10-01 08:00,17.3,35.3,5.6,0,964.1,1013.8,86.8,,
883,2023-10-01 09:00,18.6,30.5,7.1,0,964.2,1013.5,82.4,,
883,2023-10-01 10:00,19.3,34.4,7.4,0,964.2,1013.8,75.9,,
883,2023-10-01 11:00,19.1,34.5,6.9,0,964.3,1014,69.2,,
883,2023-10-01 12:00,21,29.1,7.2,0,964.5,1013.6,63,,
883,2023-10-01 13:00,21.3,28.7,8.3,0,964.1,1013.1,61.7,,
883,2023-10-01 14:00,20.6,36.1,6.7,0,963.7,1012.9,60.1,,
883,2023-10-01 15:00,20,34.9,6.9,0,963.8,1013.2,60.7,,
883,2023-10-01 16:00,19.5,35.4,6,0,964,1013.5,66.7,,
883,2023-10-01 17:00,19.1,26.9,6.5,0,963.8,1013.4,51.4,,
883,2023-10-01 18:00,15.9,33.9,3.7,0,964.3,1014.4,69.4,,
883,2023-10-01 19:00,16,62.5,5.6,0,963.8,1013.9,70.4,,
883,2023-10-01 20:00,15.6,72.5,3.8,0,964.6,1014.8,75.8,,
883,2023-10-01 21:00,15.6,47.8,4.9,0,964.6,1014.8,78.9,,
883,2023-10-01 22:00,15.1,58.7,4,0,965.2,1015.6,74.2,,
883,2023-10-01 23:00,15.1,67.9,4.3,0,965.2,1015.6,68.6,,
883,2023-10-02 00:00,14.7,84,3.9,0,965.6,1016.1,70.4,,
883,2023-10-02 01:00,14.2,89.5,4.7,0,966,1016.7,74.6,,
883,2023-10-02 02:00,14.4,91.3,4.3,0,965.9,1016.6,72.2,,
883,2023-10-02 03:00,15.9,66.2,7,0,965.6,1015.8,66,,
883,2023-10-02 04:00,15.2,68.6,3.8,0,966.4,1016.8,72.9,,
883,2023-10-02 05:00,15.1,43.2,4.8,0,966.3,1016.8,73.6,,
883,2023-10-02 06:00,15.6,55.5,5.8,0,966.2,1016.5,67.8,,
883,2023-10-02 07:00,15.7,63.1,5.1,0,966.3,1016.6,66.2,,
883,2023-10-02 08:00,16.5,84.4,2.5,0,966.7,1016.8,65,,
883,2023-10-02 09:00,17.7,72,4.5,0,967.6,1017.4,59.7,,
883,2023-10-02 10:00,19,48.2,6.1,0,967.8,1017.7,50.5,,
883,2023-10-02 11:00,19.8,57.4,6.3,0,967.6,1017.2,37.4,,
883,2023-10-02 12:00,20.9,60.6,5,0,966.7,1016,34.3,,
883,2023-10-02 13:00,21.6,34.4,6.4,0,966.2,1015.2,38.8,,
883,2023-10-02 14:00,21.6,35.7,6.2,0,965.7,1014.7,44.8,,
883,2023-10-02 15:00,21.4,33.4,5.7,0,965.5,1014.6,43.6,,
883,2023-10-02 16:00,20.4,29.4,5.8,0,965.6,1015,48.8,,
883,2023-10-02 17:00,18.5,55.9,3.3,0,965.6,1015,54,,
883,2023-10-02 18:00,16.7,117.8,1.7,0,966,1016,70.5,,
883,2023-10-02 19:00,15.8,104.7,2.7,0,966.2,1016.4,77.7,,
883,2023-10-02 20:00,15.9,96.9,3.1,0,966.2,1016.4,62.4,,
883,2023-10-02 21:00,14.5,125.1,1.8,0,966.7,1017.4,71.6,,
883,2023-10-02 22:00,14.4,99.6,1.4,0,967,1017.7,76.9,,
883,2023-10-02 23:00,14.5,79,1.3,0,966.7,1017.4,69,,
883,2023-10-03 00:00,14.3,109.7,2.9,0,966.4,1017.1,67.9,,
883,2023-10-03 01:00,16.4,162.1,3,0,966.4,1016.5,56.7,,
883,2023-10-03 02:00,14.3,95.1,2.8,0,965.8,1016.5,66.8,,
883,2023-10-03 03:00,15.1,84.3,2.2,0,965,1015.4,52.2,,
883,2023-10-03 04:00,14.3,125.6,2.6,0,964.6,1015.2,69.2,,
883,2023-10-03 05:00,14.7,111.6,1.8,0,965.1,1015.6,66.7,,
883,2023-10-03 06:00,15.5,107.8,2.9,0,965,1015.3,69.8,,
883,2023-10-03 07:00,16.8,156.1,2.7,0,965,1014.9,66.6,,
883,2023-10-03 08:00,16.6,79.7,2.2,0,965.8,1015.8,68.4,,
883,2023-10-03 09:00,19.5,132.2,1.9,0,966.2,1015.8,63.6,,
883,2023-10-03 10:00,19.5,172.9,2.1,0,966.4,1016.1,72.3,,
883,2023-10-03 11:00,20.4,0,.2,0,966,1015.4,64.1,,
883,2023-10-03 12:00,21,28.3,1.5,0,965.7,1014.9,66.4,,
883,2023-10-03 13:00,20.5,63.6,1.4,0,964.9,1014.2,79.5,,
883,2023-10-03 14:00,20.2,39.6,4.3,0,964.3,1013.6,81.9,,
883,2023-10-03 15:00,20,112.9,3,0,964.2,1013.6,74.8,,
883,2023-10-03 16:00,19.5,107.2,3.4,0,964.1,1013.6,71,,
883,2023-10-03 17:00,19,92,3.9,0,964.2,1013.9,66.3,,
883,2023-10-03 18:00,18.5,85.8,4.8,0,964.2,1013.6,63.7,,
883,2023-10-03 19:00,19.6,110.6,3.2,0,964.3,1013.8,35.9,,
883,2023-10-03 20:00,18.3,96.8,4.8,0,964.6,1014,48.2,,
883,2023-10-03 21:00,18.7,88.5,5.3,0,964.6,1013.9,64.4,,
883,2023-10-03 22:00,17.6,95.8,3.6,0,964.8,1014.4,67.7,,
883,2023-10-03 23:00,17.3,99.3,2.2,0,965.2,1015,74.2,,
883,2023-10-04 00:00,17.5,122.1,2.2,0,964.9,1014.6,76.9,,
883,2023-10-04 01:00,16.8,147.7,1.9,0,964.9,1014.8,81.9,,
883,2023-10-04 02:00,16.2,105.9,4.2,0,964.3,1014.3,64.9,,
883,2023-10-04 03:00,17,80.1,2.9,0,964.1,1013.9,52.1,,
883,2023-10-04 04:00,14.9,143.6,1.1,0,964.2,1014.6,63.4,,
883,2023-10-04 05:00,16.7,89.5,3.6,0,964.3,1014.2,52.6,,
883,2023-10-04 06:00,17.6,66.1,4.1,0,964,1013.6,50.8,,
883,2023-10-04 07:00,17.4,54.5,4.8,0,964.2,1013.9,52.6,,
883,2023-10-04 08:00,18.7,62.4,4,0,964.7,1014,46.3,,
883,2023-10-04 09:00,20.4,46.8,4,0,964.8,1014.1,52.3,,
883,2023-10-04 10:00,21.7,41.3,4.7,0,964.6,1013.5,48.5,,
883,2023-10-04 11:00,22.1,43.2,5.8,0,964.2,1013,53.4,,
883,2023-10-04 12:00,22.2,36,5.2,0,964.1,1012.9,59.5,,
883,2023-10-04 13:00,22.2,44.7,4.9,0,963.5,1012.2,58.8,,
883,2023-10-04 14:00,23.5,31.7,5.6,0,962.8,1011.1,55.6,,
883,2023-10-04 15:00,22.2,27.4,6.5,0,962.5,1011.2,48.4,,
883,2023-10-04 16:00,20.5,27.1,7,0,962.6,1011.8,61.5,,
883,2023-10-04 17:00,19.1,31.1,5.8,0,962.8,1012.4,65.8,,
883,2023-10-04 18:00,16.7,28.5,4.9,0,963.2,1013,79.3,,
883,2023-10-04 19:00,16.1,62.3,3.5,0,963.4,1013.4,84.8,,
883,2023-10-04 20:00,16.1,40.5,4.2,0,963.6,1013.6,92.3,,
883,2023-10-04 21:00,16.6,37.6,5.4,0,963.9,1013.8,93.7,,
883,2023-10-04 22:00,16.4,38.9,4.4,0,964.3,1014.3,95.1,,
883,2023-10-04 23:00,16.1,45,3.8,0,964.3,1014.4,89.8,,
883,2023-10-05 00:00,16.4,47.2,4.1,0,964.4,1014.4,79.8,,
883,2023-10-05 01:00,17,42.5,4,0,964.5,1014.3,89.3,,
883,2023-10-05 02:00,17.1,32.4,8,0,964,1013.8,95,,
883,2023-10-05 03:00,16,29.2,9.5,0,963.8,1013.9,80.6,,
883,2023-10-05 04:00,15.7,29.7,8.9,0,963.6,1013.7,79.6,,
883,2023-10-05 05:00,15.5,30.4,9.2,0,963.6,1013.8,74.5,,
883,2023-10-05 06:00,15,26.9,10.3,0,963.9,1014.3,72.2,,
883,2023-10-05 07:00,14.5,34.4,9.4,0,964.6,1015.2,63.4,,
883,2023-10-05 08:00,14.3,33.3,9.3,0,965.2,1015.9,62.8,,
883,2023-10-05 09:00,15,30.3,10,0,965.3,1015.7,62.5,,
883,2023-10-05 10:00,15,27.5,9.9,0,965.9,1016.4,59.7,,
883,2023-10-05 11:00,16.9,32.6,9.2,0,965.5,1015.4,58.6,,
883,2023-10-05 12:00,18.3,26.1,10.3,0,964.9,1014.3,56.9,,
883,2023-10-05 13:00,17.6,28.6,11.1,0,964.7,1014.3,54.7,,
883,2023-10-05 14:00,18.1,26.8,10.4,0,964.4,1013.9,56.2,,
883,2023-10-05 15:00,17.3,28.7,9.9,0,964.1,1013.8,60.8,,
883,2023-10-05 16:00,16.4,30.7,9.3,0,964.1,1014.1,62.1,,
883,2023-10-05 17:00,15.4,29.7,8.6,0,964.2,1014.5,69.1,,
883,2023-10-05 18:00,13.5,31.6,7.9,0,964.3,1014.8,74,,
883,2023-10-05 19:00,12.7,45.2,4.9,0,965.2,1016,74.4,,
883,2023-10-05 20:00,12.4,44,5.8,0,965.5,1016.4,74.7,,
883,2023-10-05 21:00,12.3,39.9,6.2,0,966.2,1017.1,75.4,,
883,2023-10-05 22:00,12,48.1,4.8,0,966.5,1017.5,77.7,,
883,2023-10-05 23:00,11.9,43.2,5.2,0,966,1017,80.1,,
883,2023-10-06 00:00,12.1,48,5,0,966.1,1017.1,79,,
883,2023-10-06 01:00,12.2,58,5.1,0,966.1,1017.1,83.4,,
883,2023-10-06 02:00,12.9,46.6,5.6,0,966.5,1017.3,84.4,,
883,2023-10-06 03:00,12.6,53.8,5.1,0,966.2,1017.1,82.5,,
883,2023-10-06 04:00,12.4,44.8,5.5,0,966.3,1017.2,85.8,,
883,2023-10-06 05:00,13,54.6,4.7,0,966.4,1017.2,83.9,,
883,2023-10-06 06:00,13.3,44.5,4.7,0,966.6,1017.3,81.5,,
883,2023-10-06 07:00,13.3,43,5.9,0,966.7,1017.4,86.1,,
883,2023-10-06 08:00,13.3,33.1,6.2,0,967.5,1018.3,81.2,,
883,2023-10-06 09:00,15.2,31,5.6,0,967.8,1018.3,67.1,,
883,2023-10-06 10:00,17.4,40.2,4.6,0,968,1017.9,56,,
883,2023-10-06 11:00,18.1,47,4.9,0,967.7,1017.3,48.9,,
883,2023-10-06 12:00,18.8,26.5,5.7,0,967.6,1017,54.2,,
883,2023-10-06 13:00,19.2,28,5.7,0,967.2,1017,55.9,,
883,2023-10-06 14:00,17.6,30.7,4.4,0,966.6,1016.3,52.1,,
883,2023-10-06 15:00,17.9,30.2,4.1,0,966.6,1016.2,57.7,,
883,2023-10-06 16:00,16.4,30.9,4.2,0,966.7,1016.8,60.9,,
883,2023-10-06 17:00,15.2,32.7,3.9,0,967,1017.5,66.3,,
883,2023-10-06 18:00,14.2,44.3,3.5,0,967,1017.8,70.4,,
883,2023-10-06 19:00,14.2,54.4,3.7,0,967.7,1018.5,71.7,,
883,2023-10-06 20:00,14.3,79.4,2.4,0,967.6,1018.4,60.2,,
883,2023-10-06 21:00,14.4,36,4.1,0,968.5,1019.3,70.9,,
883,2023-10-06 22:00,14.4,41.1,3.2,0,968.7,1019.5,74.3,,
883,2023-10-06 23:00,14.4,60.3,3.6,0,968.5,1019.3,76.4,,
883,2023-10-07 00:00,14.4,47.4,4.1,0,968.4,1019.2,77.1,,
883,2023-10-07 01:00,14.2,57.7,3.1,0,968.7,1019.6,76.4,,
883,2023-10-07 02:00,14.2,75.6,2.9,0,968.5,1019.4,75.1,,
883,2023-10-07 03:00,14.2,67.7,4,0,968.1,1018.9,75.2,,
883,2023-10-07 04:00,14.6,59.2,4.9,0,967.8,1018.5,70.2,,
883,2023-10-07 05:00,13.7,78.8,3.1,0,968,1018.7,52.1,,
883,2023-10-07 06:00,14.1,78.5,3.4,0,968.3,1019.2,49.7,,
883,2023-10-07 07:00,14.5,95,4.5,0,968.8,1019.6,50.7,,
883,2023-10-07 08:00,14.8,100.3,4.4,0,969.3,1020,67.4,,
883,2023-10-07 09:00,16.4,99.8,2.6,0,969.7,1020,67.5,,
883,2023-10-07 10:00,16.6,83.3,3.9,0,969.8,1020,63.8,,
883,2023-10-07 11:00,18.9,117.2,.8,0,970,1019.5,64.1,,
883,2023-10-07 12:00,17.3,56,3.2,0,969.5,1019.5,79.8,,
883,2023-10-07 13:00,16.9,42.1,3.7,0,969.4,1019.5,85.9,,
883,2023-10-07 14:00,16.7,80.2,2.8,0,968.7,1018.8,72,,
883,2023-10-07 15:00,16.7,65.9,4,0,968.5,1018.6,86.4,,
883,2023-10-07 16:00,16,66,4.3,0,968.5,1018.8,84.8,,
883,2023-10-07 17:00,14.7,75.9,4.4,0,968.9,1019.6,88.6,,
883,2023-10-07 18:00,14.2,72.6,3.3,1,969.2,1020.1,93.8,,
883,2023-10-07 19:00,14,90.1,3.1,.5,969.7,1020.7,92.3,,
883,2023-10-07 20:00,14.8,75.8,5.9,0,969.6,1020.3,82.4,,
883,2023-10-07 21:00,15.5,66.4,6.7,0,969.5,1020,82.9,,
883,2023-10-07 22:00,15.3,78.8,4.7,0,969.5,1020.1,84.9,,
883,2023-10-07 23:00,15,78.3,6,.5,969.5,1020.2,86.6,,
883,2023-10-08 00:00,15.3,56.4,3.8,0,969.1,1019.7,89.6,,
883,2023-10-08 01:00,15,23.5,2.4,.5,968.8,1019.4,96.6,,
883,2023-10-08 02:00,15.5,66.5,4.6,.5,967.8,1018.2,92.8,,
883,2023-10-08 03:00,16.4,59.4,4.4,0,967.5,1017.6,87.2,,
883,2023-10-08 04:00,15.4,25.7,3.6,0,967.3,1017.7,93.8,,
883,2023-10-08 05:00,15.1,23.9,1.7,0,967,1017.5,95.4,,
883,2023-10-08 06:00,15.1,63.4,1.3,0,967,1017.5,94.5,,
883,2023-10-08 07:00,15.6,77.6,1.6,0,966.6,1016.9,89,,
883,2023-10-08 08:00,17.1,240.7,1.4,0,967.2,1017.1,79.8,,
883,2023-10-08 09:00,17.6,25.6,1,0,967.9,1017.7,80.1,,
883,2023-10-08 10:00,17.9,129.8,2.8,0,967.9,1017.6,80.6,,
883,2023-10-08 11:00,19.5,294.8,3.3,0,966.9,1016.6,75.3,,
883,2023-10-08 12:00,21.1,239.6,2,0,967,1016.2,68.1,,
883,2023-10-08 13:00,21.7,311.4,1.7,0,966.6,1015.6,60.6,,
883,2023-10-08 14:00,22.2,282.2,3.3,0,966.2,1015.1,62.4,,
883,2023-10-08 15:00,22.3,38.7,3.6,0,966.1,1014.9,62.7,,
883,2023-10-08 16:00,21.7,252.3,2.6,0,965.9,1014.9,66.2,,
883,2023-10-08 17:00,19.3,241,1.8,0,966,1015.7,76,,
883,2023-10-08 18:00,18.3,25.9,1.3,0,967,1016.6,85,,
883,2023-10-08 19:00,17.1,105.8,3.4,0,967.4,1017.3,83.3,,
883,2023-10-08 20:00,16.8,74.5,5.5,0,967.8,1017.8,74.4,,
883,2023-10-08 21:00,15.8,98,4.4,0,968,1018.3,78.1,,
883,2023-10-08 22:00,15.3,115.5,3.8,0,967.8,1018.3,81,,
883,2023-10-08 23:00,15.1,110.7,3.1,0,967.7,1018.2,86.3,,
883,2023-10-09 00:00,15.3,110.8,3.5,0,967.7,1018.2,83.7,,
883,2023-10-09 01:00,15.8,146.4,2.9,0,967.3,1017.6,80.6,,
883,2023-10-09 02:00,16,109.8,2.7,0,967.5,1017.8,78.3,,
883,2023-10-09 03:00,15,96.7,3.4,0,967.5,1018.1,83,,
883,2023-10-09 04:00,14.9,108.8,4.1,0,967,1017.6,83.1,,
883,2023-10-09 05:00,15.8,57.6,4.1,0,967.1,1017.4,89.4,,
883,2023-10-09 06:00,15.3,90.4,3.6,0,967.3,1017.8,84,,
883,2023-10-09 07:00,14.9,93.9,2.5,0,967.6,1018.2,87.6,,
883,2023-10-09 08:00,18.2,20.7,3.7,0,968.2,1017.8,81.5,,
883,2023-10-09 09:00,17.8,38.6,4.7,0,968,1017.8,85.5,,
883,2023-10-09 10:00,20.1,40.8,4.3,0,968,1017.6,74.1,,
883,2023-10-09 11:00,21.1,31.3,5.7,0,968.6,1017.9,73.1,,
883,2023-10-09 12:00,21,24.3,1.4,0,968.1,1017.4,74.5,,
883,2023-10-09 13:00,20.6,35,5.4,0,968.2,1017.6,75.5,,
883,2023-10-09 14:00,18.6,49.4,5.3,0,967,1016.5,79.6,,
883,2023-10-09 15:00,19.7,29.9,5.8,0,967.1,1016.7,73.9,,
883,2023-10-09 16:00,18.3,29.1,5.3,0,967.6,1017.2,78.5,,
883,2023-10-09 17:00,17.1,29.7,4.7,0,967.9,1017.9,83,,
883,2023-10-09 18:00,16.7,24.7,5.3,0,968.2,1018.3,88,,
883,2023-10-09 19:00,16.3,30.6,5.4,0,968.2,1018.4,91.3,,
883,2023-10-09 20:00,15.8,30.6,4.6,0,968.8,1019.2,93.4,,
883,2023-10-09 21:00,15.9,31.4,4.2,0,969.3,1019.7,93.8,,
883,2023-10-09 22:00,15.6,30.3,3.8,0,969.6,1020.1,95.1,,
883,2023-10-09 23:00,15.6,41.5,2.8,0,969.6,1020.1,96.8,,
883,2023-10-10 00:00,15.4,43.3,3.1,0,969.1,1019.6,97.5,,
883,2023-10-10 01:00,15.1,25.7,4,0,969.1,1019.7,97.4,,
883,2023-10-10 02:00,15.2,26.9,5.3,0,969.2,1019.8,97,,
883,2023-10-10 03:00,15.3,24.8,6.3,0,968.8,1019.3,95.5,,
883,2023-10-10 04:00,15.3,24.2,7,0,968.5,1019,94.4,,
883,2023-10-10 05:00,14.5,25.7,8,0,968.5,1019.3,86.7,,
883,2023-10-10 06:00,14,32.1,6.2,0,968.6,1019.5,83.4,,
883,2023-10-10 07:00,13.6,33.7,6,0,969,1019.8,79.6,,
883,2023-10-10 08:00,15.1,26.9,7.5,0,969.5,1020.1,75.6,,
883,2023-10-10 09:00,17.2,27.3,8.7,0,970,1020,65.7,,
883,2023-10-10 10:00,17.4,34.5,8.1,0,970.2,1020.2,65.6,,
883,2023-10-10 11:00,18.9,35.1,7.7,0,970.3,1019.8,63.9,,
883,2023-10-10 12:00,18.2,32.8,7.1,0,969.7,1019.4,67.1,,
883,2023-10-10 13:00,18.8,34.7,6.8,0,968.9,1018.4,61.5,,
883,2023-10-10 14:00,20.2,31.6,6.4,0,968.9,1018.5,60.7,,
883,2023-10-10 15:00,18.4,27.7,6.3,0,968.5,1018.1,64.4,,
883,2023-10-10 16:00,17.2,28.2,5.1,0,968.9,1018.9,73.7,,
883,2023-10-10 17:00,16.2,36.1,4.9,0,968.9,1019.2,76.6,,
883,2023-10-10 18:00,15.3,27.2,3.9,0,969.4,1020,85.4,,
883,2023-10-10 19:00,15.2,64.1,2.9,0,969.4,1020,87.9,,
883,2023-10-10 20:00,14.9,56.7,2.7,0,969.9,1020.6,88,,
883,2023-10-10 21:00,14.6,46.9,1.8,0,970.3,1021.1,85.4,,
883,2023-10-10 22:00,14.8,91.8,3.1,0,970.4,1021.2,84.6,,
883,2023-10-10 23:00,15,63.6,2.7,0,970.4,1021.1,86.3,,
883,2023-10-11 00:00,13.5,101.8,2.3,0,970.8,1021.7,86.6,,
883,2023-10-11 01:00,14.2,74.6,1.7,0,970.9,1021.9,87.7,,
883,2023-10-11 02:00,14.2,76.9,2.3,0,971,1022,84.3,,
883,2023-10-11 03:00,14.8,79,3.1,0,970.6,1021.4,89.7,,
883,2023-10-11 04:00,14,97.9,3.8,0,970.4,1021.4,86,,
883,2023-10-11 05:00,13.8,105,4.2,0,970.2,1021,78.2,,
883,2023-10-11 06:00,13.3,102.8,5.1,0,970.6,1021.5,79.3,,
883,2023-10-11 07:00,14.2,103.3,4.6,0,971,1022,80.5,,
883,2023-10-11 08:00,16.9,92.2,3.3,0,971.6,1021.8,69.9,,
883,2023-10-11 09:00,18.8,62.5,3.1,0,972.2,1021.9,70.1,,
883,2023-10-11 10:00,19.2,54.3,5.8,0,972.1,1022.1,74.3,,
883,2023-10-11 11:00,20.6,78.6,6.3,0,971.8,1021.4,64.2,,
883,2023-10-11 12:00,20,56.7,5.1,0,971.2,1021,65.4,,
883,2023-10-11 13:00,21.4,62.4,4.3,0,970.8,1020.1,64.2,,
883,2023-10-11 14:00,22,40.3,4.7,0,970.5,1019.6,60.4,,
883,2023-10-11 15:00,21.2,52.9,4.5,0,970.6,1020,63.8,,
883,2023-10-11 16:00,20.6,52.2,4.4,0,970.6,1020.1,63.6,,
883,2023-10-11 17:00,18.8,78.1,4.3,0,970.7,1020.3,64.9,,
883,2023-10-11 18:00,17.1,74.7,3.1,0,970.9,1021,69.2,,
883,2023-10-11 19:00,16.8,98.4,3.6,0,971.4,1021.6,60.7,,
883,2023-10-11 20:00,16.2,87.9,5.4,0,971.7,1022.1,55.8,,
883,2023-10-11 21:00,15.7,95.3,5,0,972.3,1022.9,58.8,,
883,2023-10-11 22:00,16.8,92.5,5.4,0,972.6,1022.9,57.1,,
883,2023-10-11 23:00,15.9,79.9,4.9,0,972.5,1023,60.8,,
883,2023-10-12 00:00,15.4,86.9,4.2,0,972.2,1022.9,64.2,,
883,2023-10-12 01:00,15.8,86,4.7,0,972.4,1023,60.1,,
883,2023-10-12 02:00,14.3,68.9,3.5,0,972.1,1023.1,61.6,,
883,2023-10-12 03:00,12.7,114,2.3,0,972.1,1023.2,68.1,,
883,2023-10-12 04:00,11.5,102.3,3.1,0,972.1,1023.6,76.9,,
883,2023-10-12 05:00,13.4,100.7,5,0,971.8,1022.8,61.5,,
883,2023-10-12 06:00,13,89.4,5.1,0,972.3,1023.4,61.8,,
883,2023-10-12 07:00,12.5,109.8,3.7,0,972.7,1023.9,67.3,,
883,2023-10-12 08:00,15.9,77.4,4.3,0,972.8,1023.4,68.7,,
883,2023-10-12 09:00,17.7,71.3,4,0,973.2,1023.2,58.1,,
883,2023-10-12 10:00,18.7,59.1,5.5,0,973.2,1023,58.2,,
883,2023-10-12 11:00,19.8,57.5,5.2,0,973.3,1023.2,54.3,,
883,2023-10-12 12:00,20.2,51.7,6.1,0,972.3,1022.1,63.2,,
883,2023-10-12 13:00,19.8,55,7.1,0,971.2,1021,61,,
883,2023-10-12 14:00,19.8,60.7,6.1,0,970.8,1020.6,55.3,,
883,2023-10-12 15:00,19.9,52.7,5.9,0,970.3,1020,53.4,,
883,2023-10-12 16:00,19.2,60.5,5.3,0,970.4,1020.3,51.8,,
883,2023-10-12 17:00,17.7,65.7,7.4,0,969.9,1019.8,51.9,,
883,2023-10-12 18:00,16.2,90,5.9,0,970.4,1020.7,43.5,,
883,2023-10-12 19:00,13.8,106,3.5,0,971.1,1021.9,48.3,,
883,2023-10-12 20:00,16.9,113.5,6.1,0,971.2,1021.4,40.5,,
883,2023-10-12 21:00,14.6,95.6,3.9,0,971.1,1022,55.8,,
883,2023-10-12 22:00,15.7,73.6,4.9,0,971.2,1021.7,52.7,,
883,2023-10-12 23:00,14.1,97.1,3.3,0,971.4,1022.4,65,,
883,2023-10-13 00:00,15.5,76.1,4.7,0,971,1021.6,72.7,,
883,2023-10-13 01:00,15.2,57,3.4,0,970.5,1021.2,76.5,,
883,2023-10-13 02:00,15.7,70.1,4.9,0,969.7,1020.2,74.5,,
883,2023-10-13 03:00,15.6,68,5.7,0,968.5,1018.9,74.6,,
883,2023-10-13 04:00,15.7,75.1,5.8,0,968.9,1019.3,75.8,,
883,2023-10-13 05:00,15.7,74.5,5.4,0,968.6,1019,74.4,,
883,2023-10-13 06:00,15.4,86.2,3.7,0,968.5,1019,80.7,,
883,2023-10-13 07:00,15.5,72.9,5.2,0,968.2,1018.6,80.7,,
883,2023-10-13 08:00,16.3,87.8,5,0,968.2,1018.4,74.9,,
883,2023-10-13 09:00,17.5,70.1,2.7,0,968.5,1018.4,70.6,,
883,2023-10-13 10:00,18.2,68.8,4.7,0,968.4,1018.1,70.6,,
883,2023-10-13 11:00,19.5,42.8,4,0,968.3,1018.1,66.5,,
883,2023-10-13 12:00,21.8,47.9,4.5,0,966.6,1015.6,66.5,,
883,2023-10-13 13:00,19.4,42,4.4,0,966.3,1016,67.1,,
883,2023-10-13 14:00,20.2,51.7,3.5,0,965.2,1014.6,61,,
883,2023-10-13 15:00,18.9,64.6,3.7,0,964.7,1014,67.2,,
883,2023-10-13 16:00,18.3,55.7,3.2,0,964.6,1014,74.1,,
883,2023-10-13 17:00,17.3,59.1,3.4,0,964.4,1014.1,78.2,,
883,2023-10-13 18:00,16.5,83,2.9,0,964.5,1014.5,80.7,,
883,2023-10-13 19:00,15.9,83,3.2,0,964.3,1014.4,81.6,,
883,2023-10-13 20:00,15.5,103.3,3.8,0,964.5,1014.8,76.1,,
883,2023-10-13 21:00,15.3,100.9,4.1,0,964.4,1014.7,70.9,,
883,2023-10-13 22:00,14.6,103.3,3.3,0,964.4,1014.9,74.4,,
883,2023-10-13 23:00,14.5,94.5,1.5,0,964.2,1014.7,76.7,,
883,2023-10-14 00:00,14.1,103.1,2.1,0,963.8,1014.4,79.9,,
883,2023-10-14 01:00,14.6,108,3.5,0,963.3,1013.8,75.7,,
883,2023-10-14 02:00,14.5,102.4,3,0,962.9,1013.4,81,,
883,2023-10-14 03:00,14.4,103.2,3.1,0,962.4,1012.9,82.9,,
883,2023-10-14 04:00,14.1,88.7,2.9,0,962.3,1012.9,80.7,,
883,2023-10-14 05:00,13.9,66.1,1.6,0,962.2,1012.5,88.5,,
883,2023-10-14 06:00,13.8,73.7,1.8,0,962,1012.3,92.1,,
883,2023-10-14 07:00,13.6,86.3,2.6,0,962,1012.4,92.5,,
883,2023-10-14 08:00,16,75.4,2.5,0,962.1,1012.1,82.2,,
883,2023-10-14 09:00,18,24.1,3.2,0,962.4,1011.8,72.2,,
883,2023-10-14 10:00,19.3,18.5,3.6,0,962.6,1012.1,67,,
883,2023-10-14 11:00,19.4,30,3.9,0,962.3,1011.8,53.3,,
883,2023-10-14 12:00,20,345.1,2.3,0,961.4,1010.7,60,,
883,2023-10-14 13:00,19,323.5,2.9,0,960.9,1010.4,68.8,,
883,2023-10-14 14:00,18.4,322.2,4.4,0,960.7,1009.9,57.4,,
883,2023-10-14 15:00,19,27.1,4,0,960.3,1009.8,62.6,,
883,2023-10-14 16:00,17.6,2.7,3.2,0,960.2,1009.6,70.9,,
883,2023-10-14 17:00,17,38.4,3.4,0,960,1009.6,72.7,,
883,2023-10-14 18:00,15.8,20.3,2.4,0,960.3,1010.2,73.4,,
883,2023-10-14 19:00,15.1,44.3,2.1,0,960.6,1010.8,72.4,,
883,2023-10-14 20:00,15,42.2,1.7,0,961.1,1011.3,71.6,,
883,2023-10-14 21:00,15.1,274.8,1.9,0,961.1,1011.3,69.2,,
883,2023-10-14 22:00,15.1,59.6,2.1,0,961.7,1011.9,75,,
883,2023-10-14 23:00,15,47.9,3.4,0,961.5,1011.7,75.7,,
883,2023-10-15 00:00,14.9,278.3,2.4,0,961.2,1011.5,76.2,,
883,2023-10-15 01:00,15.5,311.9,5.7,0,960.8,1010.9,77.8,,
883,2023-10-15 02:00,14.1,37.2,3.7,0,961.1,1011.6,90.2,,
883,2023-10-15 03:00,14.5,34.4,4,0,960.9,1011.3,81.7,,
883,2023-10-15 04:00,13.7,27.5,4.6,0,960.7,1011,82,,
883,2023-10-15 05:00,13.3,31.8,3.4,0,960.7,1011.1,86.3,,
883,2023-10-15 06:00,13,32.7,3.3,0,961.2,1011.7,87.8,,
883,2023-10-15 07:00,13.9,27.8,3.1,0,961.5,1011.8,86.1,,
883,2023-10-15 08:00,15.3,30.3,3.5,0,962,1012.2,81.9,,
883,2023-10-15 09:00,17.6,27.2,3.7,0,962.4,1011.9,73.8,,
883,2023-10-15 10:00,17.6,29.2,3.6,0,962.7,1012.2,78.2,,
883,2023-10-15 11:00,17.5,288.5,5,0,962.9,1012.5,71.2,,
883,2023-10-15 12:00,17.1,289.4,4.6,0,962.9,1012.6,66,,
883,2023-10-15 13:00,16.8,358.2,4.3,0,962.6,1012.4,69.4,,
883,2023-10-15 14:00,17.9,298.1,4.8,0,962.3,1011.7,65.5,,
883,2023-10-15 15:00,18.2,351.5,4.8,0,962.2,1011.5,61.2,,
883,2023-10-15 16:00,17.3,9,3.5,0,962.3,1011.9,69.3,,
883,2023-10-15 17:00,16.6,17.5,4.5,0,962.6,1012.4,68.5,,
883,2023-10-15 18:00,15.8,1.1,3.5,0,963,1013.1,74.8,,
883,2023-10-15 19:00,15.1,28.2,4.7,0,963.6,1013.9,78.1,,
883,2023-10-15 20:00,13.5,45,1.2,0,964.3,1014.8,76.8,,
883,2023-10-15 21:00,13.5,57.9,2.4,0,964.5,1015,78.7,,
883,2023-10-15 22:00,13.3,63.4,2.8,0,964.6,1015.2,78.9,,
883,2023-10-15 23:00,12.9,49.3,1,0,964.7,1015.4,78.7,,
883,2023-10-16 00:00,12.9,34.6,2.2,0,964.7,1015.4,78.5,,
883,2023-10-16 01:00,12.8,27.5,2.2,0,964.9,1015.6,80.9,,
883,2023-10-16 02:00,12.6,30.2,2.7,0,965.1,1015.9,81.3,,
883,2023-10-16 03:00,12.8,35.5,2.1,0,965,1015.8,79.8,,
883,2023-10-16 04:00,12.8,31.3,1.5,0,965,1015.8,76.7,,
883,2023-10-16 05:00,13.1,21.2,1.7,0,965.4,1016.1,74.3,,
883,2023-10-16 06:00,13,49.9,1.5,0,965.7,1016.4,76.2,,
883,2023-10-16 07:00,13.6,55.7,1.2,0,966,1016.6,76.9,,
883,2023-10-16 08:00,15,32.6,2.4,0,966.5,1017,78.9,,
883,2023-10-16 09:00,16.7,31.5,3.9,0,966.8,1016.8,75.4,,
883,2023-10-16 10:00,17.1,22,5.5,0,966.8,1016.7,79.4,,
883,2023-10-16 11:00,17.6,27.1,5.5,0,966.8,1016.5,74.8,,
883,2023-10-16 12:00,17.9,337.7,4.1,0,966.5,1016.1,73.4,,
883,2023-10-16 13:00,17.7,278.9,5.8,0,966.1,1015.8,67.9,,
883,2023-10-16 14:00,17.4,334.9,4.1,0,965.7,1015.4,67.1,,
883,2023-10-16 15:00,16.4,33.6,4.7,0,965.7,1015.7,76.4,,
883,2023-10-16 16:00,16.1,32.8,5.2,0,965.8,1015.9,74.3,,
883,2023-10-16 17:00,14.5,35,7.1,0,965.7,1016.3,74,,
883,2023-10-16 18:00,13.2,25.5,6.9,0,965.8,1016.5,78,,
883,2023-10-16 19:00,12.3,27.8,6.5,0,966.1,1017,81.3,,
883,2023-10-16 20:00,11.8,27.7,6.5,0,966.4,1017.5,82.9,,
883,2023-10-16 21:00,12.2,27.8,7,0,966.9,1017.9,80.3,,
883,2023-10-16 22:00,11.4,25.4,6.4,0,967,1018.2,84.2,,
883,2023-10-16 23:00,11.5,34,4.6,0,967.1,1018.3,83.7,,
883,2023-10-17 00:00,11.5,40.5,4.1,0,967.3,1018.5,83.6,,
883,2023-10-17 01:00,11.4,42.8,4,0,967.4,1018.6,85.4,,
883,2023-10-17 02:00,11.6,42.4,4.5,0,967.5,1018.7,83.7,,
883,2023-10-17 03:00,11.7,44.9,4.4,0,967.3,1018.5,83.7,,
883,2023-10-17 04:00,11.4,51.4,3.8,0,967.4,1018.6,84,,
883,2023-10-17 05:00,10.9,48.7,3.3,0,967.4,1018.8,86,,
883,2023-10-17 06:00,11.1,39.8,3.8,0,967.6,1018.9,88.8,,
883,2023-10-17 07:00,11.7,59.8,4.7,0,967.8,1019,84.5,,
883,2023-10-17 08:00,12.8,43.1,5.1,0,968.4,1019.3,80.6,,
883,2023-10-17 09:00,14.9,28.6,7.6,0,969,1019.7,72.7,,
883,2023-10-17 10:00,16.4,25.4,8,0,969.1,1019.3,68.2,,
883,2023-10-17 11:00,17.4,31.6,7.7,0,969.2,1019.1,60.8,,
883,2023-10-17 12:00,18.1,27.5,7.4,0,968.9,1018.6,56.6,,
883,2023-10-17 13:00,19.1,30.2,6.8,0,968.4,1018.3,57.8,,
883,2023-10-17 14:00,19.4,27.8,5.8,0,968.1,1017.9,59.6,,
883,2023-10-17 15:00,19.1,32.7,5.7,0,968.1,1018,62.7,,
883,2023-10-17 16:00,17.9,27.5,5.6,0,968.2,1017.9,62.5,,
883,2023-10-17 17:00,15.8,24.1,5.2,0,968.4,1018.8,74.1,,
883,2023-10-17 18:00,13.1,40.2,2.8,0,968.7,1019.6,84.5,,
883,2023-10-17 19:00,12.8,61.2,4.1,0,969.1,1020.1,85.3,,
883,2023-10-17 20:00,12.4,64.8,3.9,0,969.2,1020.3,86.4,,
883,2023-10-17 21:00,12.1,63.2,4.2,0,969.5,1020.7,87.5,,
883,2023-10-17 22:00,12.5,59.4,4.7,0,969.8,1020.9,86.5,,
883,2023-10-17 23:00,11.2,94.8,3.4,0,969.8,1021.2,84.9,,
883,2023-10-18 00:00,9.9,72.9,1.6,0,969.8,1021.5,90,,
883,2023-10-18 01:00,8.7,79.1,2,0,969.7,1021.5,87.4,,
883,2023-10-18 02:00,8.7,69.1,3.1,0,969.4,1021.2,74.7,,
883,2023-10-18 03:00,8.2,105.7,2.8,0,969,1020.9,79.7,,
883,2023-10-18 04:00,8.3,140.9,2.3,0,969.3,1021.2,86.4,,
883,2023-10-18 05:00,13.9,159.2,3.8,0,968.8,1019.5,92.9,,
883,2023-10-18 06:00,10.3,60.5,1.9,0,969.7,1021.3,90.1,,
883,2023-10-18 07:00,13.4,150.3,3,0,969.9,1020.8,92.1,,
883,2023-10-18 08:00,16.1,145.6,3.1,0,970.3,1020.7,84,,
883,2023-10-18 09:00,17.9,166.4,3.2,0,970.7,1020.6,74.9,,
883,2023-10-18 10:00,19.2,211.7,2.3,0,971.1,1021.1,69.9,,
883,2023-10-18 11:00,21.1,196.6,2.5,0,971,1020.4,68.1,,
883,2023-10-18 12:00,21.4,229.9,2,0,970.5,1019.8,62.6,,
883,2023-10-18 13:00,22,194.3,2.5,0,969.1,1018.2,60.9,,
883,2023-10-18 14:00,22.3,252.9,2.3,0,968.7,1017.7,64.1,,
883,2023-10-18 15:00,18.7,299.4,2,0,968.4,1017.9,78.1,,
883,2023-10-18 16:00,19.3,272.1,.9,0,968.5,1018.3,76.2,,
883,2023-10-18 17:00,18.2,238,2.7,0,968.4,1018.1,80,,
883,2023-10-18 18:00,15.7,225,1.1,0,968.6,1019,93.4,,
883,2023-10-18 19:00,14.9,202.1,.7,0,968.7,1019.4,93.6,,
883,2023-10-18 20:00,14.3,186.8,2.5,0,968.5,1019.3,93.4,,
883,2023-10-18 21:00,13.9,192.1,2,0,968.8,1019.5,92.4,,
883,2023-10-18 22:00,13.9,178.3,3.7,0,969.3,1020,90.8,,
883,2023-10-18 23:00,13.7,176.7,2.8,0,969.2,1019.9,91.3,,
883,2023-10-19 00:00,14.2,170.5,3,0,969.1,1020,90.2,,
883,2023-10-19 01:00,14.3,160.8,2.7,0,969.2,1020.1,88.2,,
883,2023-10-19 02:00,14.6,160.6,2.9,0,968.5,1019.2,88,,
883,2023-10-19 03:00,14.7,164.7,3.7,0,968.2,1018.9,87.4,,
883,2023-10-19 04:00,14.9,172.6,3.4,0,968,1018.6,87.2,,
883,2023-10-19 05:00,15.1,177.3,3,0,968.1,1018.7,88.7,,
883,2023-10-19 06:00,15.3,173,3.3,0,967.9,1018.4,89.3,,
883,2023-10-19 07:00,15.6,172.6,3.4,0,968,1018.4,88.5,,
883,2023-10-19 08:00,16.3,184,2.3,0,968.5,1018.7,87.6,,
883,2023-10-19 09:00,18.9,223.2,1.8,0,968.5,1018,79.9,,
883,2023-10-19 10:00,18.1,238,2.7,0,968.5,1018.2,79.2,,
883,2023-10-19 11:00,19.1,269.5,3.2,0,968.2,1018.1,68,,
883,2023-10-19 12:00,20.2,268,3,0,967.5,1017,65.3,,
883,2023-10-19 13:00,21.3,261.4,2.7,0,966.6,1015.7,62,,
883,2023-10-19 14:00,22.2,245.8,2.3,0,965.6,1014.4,59.6,,
883,2023-10-19 15:00,20.2,239.2,3,0,965.4,1014.8,68.2,,
883,2023-10-19 16:00,20.4,243.9,2.1,0,965.1,1014.4,69.7,,
883,2023-10-19 17:00,18.3,224.3,1.7,0,964.7,1014.1,78.2,,
883,2023-10-19 18:00,16.5,203.7,.8,0,965.1,1015.1,88.5,,
883,2023-10-19 19:00,15.6,137,1.2,0,965.2,1015.5,90.7,,
883,2023-10-19 20:00,17,161.2,2.6,0,965.4,1015.3,88.2,,
883,2023-10-19 21:00,16.9,187.4,1.5,0,965.3,1015.2,91.1,,
883,2023-10-19 22:00,17.4,173.1,1.8,0,964.9,1014.6,90.8,,
883,2023-10-19 23:00,17.1,0,.1,0,964.9,1014.7,92.6,,
883,2023-10-20 00:00,16.9,0,0,0,964.2,1014,94.1,,
883,2023-10-20 01:00,17.3,264.1,1.1,2.5,964,1013.7,96.7,,
883,2023-10-20 02:00,14.6,31,6.1,.5,964.1,1014.6,97.9,,
883,2023-10-20 03:00,13.3,43.6,5.5,0,963.9,1014.5,97.9,,
883,2023-10-20 04:00,12.2,48.7,6,0,963.8,1014.6,89.3,,
883,2023-10-20 05:00,12,42,6.4,0,964.1,1015,86.7,,
883,2023-10-20 06:00,11.5,31.1,8.3,0,964.3,1015.3,91.8,,
883,2023-10-20 07:00,11.4,38.3,7.7,0,964.5,1015.6,92.5,,
883,2023-10-20 08:00,11.5,41,6.4,0,965.1,1016.2,91,,
883,2023-10-20 09:00,11.7,34.7,9.6,0,966,1017.1,87.9,,
883,2023-10-20 10:00,12.3,38.3,8.6,0,966.5,1017.5,85,,
883,2023-10-20 11:00,12.5,31.1,11.8,0,966.2,1017.1,68.6,,
883,2023-10-20 12:00,13.3,34.3,9.3,0,966.2,1016.9,58.7,,
883,2023-10-20 13:00,15.5,29.7,11.8,0,965.7,1016,59.6,,
883,2023-10-20 14:00,15.3,31.1,11.1,0,965.4,1015.8,54.2,,
883,2023-10-20 15:00,14.6,28.5,12,0,965.6,1016.2,53.8,,
883,2023-10-20 16:00,14,35.5,11,0,966,1016.8,55.8,,
883,2023-10-20 17:00,12.2,26.2,10.4,0,966.5,1017.5,62.3,,
883,2023-10-20 18:00,11.7,27.5,9.5,0,967,1018.1,60.8,,
883,2023-10-20 19:00,11.5,30.7,8.7,0,967.6,1018.8,63.9,,
883,2023-10-20 20:00,11.2,30.8,9.3,0,968.3,1019.6,61.3,,
883,2023-10-20 21:00,11,31.5,8.9,0,968.8,1020.2,60.1,,
883,2023-10-20 22:00,10.7,43.5,7.8,0,969.3,1020.8,60.4,,
883,2023-10-20 23:00,10.8,35.5,9.2,0,969.5,1021,67.8,,
883,2023-10-21 00:00,10.6,29.4,9.4,0,969.4,1020.9,68.1,,
883,2023-10-21 01:00,10.8,32.3,8.5,0,969.4,1020.9,67.7,,
883,2023-10-21 02:00,10.9,31.8,6.9,0,969.5,1021,65.6,,
883,2023-10-21 03:00,11.3,28,8.4,0,969.3,1020.7,66.6,,
883,2023-10-21 04:00,11.1,27.1,8.9,0,969,1020.4,57,,
883,2023-10-21 05:00,11.1,28.4,7.7,0,969.2,1020.6,68.4,,
883,2023-10-21 06:00,10.3,29.8,8,0,969.5,1021.1,72.6,,
883,2023-10-21 07:00,10.1,31.4,6.8,0,969.9,1021.6,75,,
883,2023-10-21 08:00,10.9,34.4,5.4,0,970.8,1022.3,72.8,,
883,2023-10-21 09:00,12.5,33.6,6.5,0,971.6,1022.8,63.8,,
883,2023-10-21 10:00,14.4,26.2,6.7,0,971.7,1022.7,55.6,,
883,2023-10-21 11:00,14.2,39.6,6.2,0,972,1023,39.6,,
883,2023-10-21 12:00,16,36.9,4.5,0,971.9,1022.4,43.4,,
883,2023-10-21 13:00,16.1,24.2,4.2,0,971.5,1021.9,44.8,,
883,2023-10-21 14:00,14.8,283.3,3.7,0,971.1,1021.9,52.2,,
883,2023-10-21 15:00,14.7,12.1,3.6,0,971.3,1022.1,60.6,,
883,2023-10-21 16:00,14.7,15.3,4.5,0,971.4,1022.3,58.7,,
883,2023-10-21 17:00,13.7,11.1,4.8,0,971.5,1022.4,59.8,,
883,2023-10-21 18:00,12.7,36.7,4.1,0,971.6,1022.7,71,,
883,2023-10-21 19:00,11.5,29.6,3.3,0,971.8,1023.2,79.2,,
883,2023-10-21 20:00,11.8,29.2,3.9,0,971.9,1023.3,79.7,,
883,2023-10-21 21:00,12.9,31,4.3,0,972.3,1023.4,75,,
883,2023-10-21 22:00,13.2,35.2,3.7,0,972.7,1023.8,74.7,,
883,2023-10-21 23:00,11.9,37.7,2.6,0,972.6,1024,86.1,,
883,2023-10-22 00:00,12,53.4,2.7,0,972.6,1024,84.9,,
883,2023-10-22 01:00,11.7,49.2,3.4,0,972.7,1024.1,85.5,,
883,2023-10-22 02:00,11.5,61.2,3.7,0,972.8,1024.3,85.7,,
883,2023-10-22 03:00,11.3,70.2,4.2,0,972.5,1024,86.3,,
883,2023-10-22 04:00,10.8,71.1,3.6,0,972.1,1023.7,86.6,,
883,2023-10-22 05:00,10.9,77.6,4.3,0,972,1023.6,80.5,,
883,2023-10-22 06:00,10.8,78.1,4.2,0,972.3,1023.9,74.6,,
883,2023-10-22 07:00,9.4,103.3,4.2,0,972.8,1024.8,79.2,,
883,2023-10-22 08:00,12.6,97.1,3.6,0,973,1024.2,69.8,,
883,2023-10-22 09:00,14.3,55.6,3.1,0,973.4,1024.5,60.7,,
883,2023-10-22 10:00,16.5,35.8,3.9,0,973.5,1023.9,46.1,,
883,2023-10-22 11:00,16.1,37,3.2,0,973.6,1024.1,50.2,,
883,2023-10-22 12:00,17.4,29.3,2.8,0,973,1023.1,51.4,,
883,2023-10-22 13:00,18.7,26.9,3.6,0,972.5,1022.2,53.8,,
883,2023-10-22 14:00,17.6,304.3,3.2,0,972.1,1022.1,54,,
883,2023-10-22 15:00,17.7,343.3,3.1,0,971.8,1021.8,58,,
883,2023-10-22 16:00,16.3,25.7,2.9,0,972,1022.4,61.8,,
883,2023-10-22 17:00,14.8,11.2,2.3,0,972,1022.9,67.5,,
883,2023-10-22 18:00,13.3,27.5,1.6,0,972.2,1023.2,80.5,,
883,2023-10-22 19:00,13,98.1,2.4,0,972.6,1023.7,81.1,,
883,2023-10-22 20:00,12.4,104.9,2.6,0,972.9,1024.2,82.5,,
883,2023-10-22 21:00,11.9,106.3,3,0,972.8,1024.2,82.3,,
883,2023-10-22 22:00,11.1,96.9,3.6,0,972.7,1024.3,84.4,,
883,2023-10-22 23:00,10.8,95.5,3.7,0,972.6,1024.3,87.8,,
883,2023-10-23 00:00,10.5,101.2,3.7,0,972.7,1024.4,88.9,,
883,2023-10-23 01:00,10.3,106.8,3.6,0,972.7,1024.5,87.1,,
883,2023-10-23 02:00,10.3,104.8,3.5,0,972.7,1024.5,88.8,,
883,2023-10-23 03:00,10.4,107.6,4.1,0,972.4,1024.2,88.1,,
883,2023-10-23 04:00,10.4,105.9,3.9,0,972.2,1023.9,87.2,,
883,2023-10-23 05:00,10.3,105,3.9,0,972.4,1024.2,86.1,,
883,2023-10-23 06:00,9.8,107.8,4.1,0,972.5,1024.4,89,,
883,2023-10-23 07:00,10,98.9,4.3,0,972.8,1024.7,84.5,,
883,2023-10-23 08:00,12.7,98.4,3.3,0,973.3,1024.5,74.3,,
883,2023-10-23 09:00,15.4,70.8,2.6,0,973.5,1024.3,64.4,,
883,2023-10-23 10:00,16.6,30.6,2.9,0,973.4,1023.8,59.2,,
883,2023-10-23 11:00,17.2,322.6,1.7,0,973.2,1023.4,57.7,,
883,2023-10-23 12:00,18.5,330,3.4,0,972.8,1022.6,57.9,,
883,2023-10-23 13:00,17.4,306.3,3.2,0,971.9,1022,60.6,,
883,2023-10-23 14:00,18.4,26.1,3.4,0,971.3,1021,56.8,,
883,2023-10-23 15:00,18.3,12.1,2.9,0,970.9,1020.7,62.1,,
883,2023-10-23 16:00,16.9,29.3,2.9,0,970.9,1021.1,65.2,,
883,2023-10-23 17:00,15.9,36,2.4,0,970.8,1021.3,71.5,,
883,2023-10-23 18:00,13,52.4,1.4,0,970.8,1021.8,83.4,,
883,2023-10-23 19:00,11.5,102.5,2.7,0,970.9,1022.3,86.2,,
883,2023-10-23 20:00,12.5,171.5,2.9,0,971,1022.1,81,,
883,2023-10-23 21:00,12.5,171.1,3.1,0,971.1,1022.2,79.9,,
883,2023-10-23 22:00,12.2,158.4,3.2,0,971.2,1022.4,83.1,,
883,2023-10-23 23:00,11.8,152,2.6,0,971.1,1022.4,85.6,,
883,2023-10-24 00:00,10.5,133.5,1.8,0,970.9,1022.5,90.8,,
883,2023-10-24 01:00,10.1,127.7,1.6,0,970.7,1022.4,93,,
883,2023-10-24 02:00,10,162,2.6,0,970.4,1022.2,94,,
883,2023-10-24 03:00,10.4,163.6,1.9,0,970.2,1021.8,92.6,,
883,2023-10-24 04:00,11.8,165.7,2.7,0,969.7,1021,90.9,,
883,2023-10-24 05:00,11.2,159.3,2.3,0,970,1021.4,89.9,,
883,2023-10-24 06:00,10.3,154.1,1.8,0,970.2,1021.9,94.4,,
883,2023-10-24 07:00,10.6,100.7,1.8,0,970.4,1022,94,,
883,2023-10-24 08:00,13.1,103.8,2.3,0,970.8,1021.8,88.5,,
883,2023-10-24 09:00,16.2,98,1.6,0,970.7,1021.1,65.3,,
883,2023-10-24 10:00,18.1,25.9,1.4,0,970.7,1020.5,45.3,,
883,2023-10-24 11:00,18.9,40.9,2.3,0,970.5,1020.1,40.3,,
883,2023-10-24 12:00,20.1,290.9,2.8,0,970,1019.7,43.3,,
883,2023-10-24 13:00,20.3,49.3,2.3,0,969,1018.6,48,,
883,2023-10-24 14:00,20,299,2.8,0,968.2,1017.8,47.6,,
883,2023-10-24 15:00,20.6,11.7,2.9,0,968,1017.4,48,,
883,2023-10-24 16:00,20.2,34.9,3.3,0,967.9,1017.4,56,,
883,2023-10-24 17:00,17.4,56.3,2.4,0,968.2,1018.1,66.1,,
883,2023-10-24 18:00,15.2,132.1,1.5,0,968.1,1018.6,71.5,,
883,2023-10-24 19:00,13.1,101.5,2.7,0,968.2,1019,79.3,,
883,2023-10-24 20:00,12.7,101.4,2.7,0,968.6,1019.6,77.2,,
883,2023-10-24 21:00,12.2,108.4,3.2,0,968.6,1019.7,79.7,,
883,2023-10-24 22:00,12,111.1,2.7,0,968.9,1020.1,84.2,,
883,2023-10-24 23:00,12.2,99.2,2.6,0,969,1020.1,84.7,,
883,2023-10-25 00:00,12.7,101,2.8,0,968.8,1019.8,81.5,,
883,2023-10-25 01:00,12.5,98.4,2.8,0,969,1020,83,,
883,2023-10-25 02:00,12.8,83.7,1.1,0,968.9,1019.9,83.3,,
883,2023-10-25 03:00,12.3,103.9,2.5,0,968.3,1019.4,85.7,,
883,2023-10-25 04:00,11.8,105.6,2.3,0,968.1,1019.3,90.5,,
883,2023-10-25 05:00,12.5,96.1,1.4,0,968,1019,89.6,,
883,2023-10-25 06:00,13,105.7,2.6,0,967.8,1018.6,90.6,,
883,2023-10-25 07:00,13.3,98.8,2.8,0,968.1,1018.9,90,,
883,2023-10-25 08:00,16.1,99.1,1.5,0,968.6,1018.9,83.6,,
883,2023-10-25 09:00,18.3,40.3,2,0,968.8,1018.4,79.7,,
883,2023-10-25 10:00,19.6,26.8,2.8,0,968.7,1018.4,70.8,,
883,2023-10-25 11:00,21.3,26.2,3.5,0,968.4,1017.6,59.8,,
883,2023-10-25 12:00,22.1,12.6,3.2,0,967.8,1016.8,58.2,,
883,2023-10-25 13:00,19.8,295.3,3.6,0,967.3,1016.9,66.8,,
883,2023-10-25 14:00,20.2,297.6,4.3,0,966.9,1016.4,67.7,,
883,2023-10-25 15:00,20.3,324,2.8,0,966.8,1016.2,63.9,,
883,2023-10-25 16:00,20.1,25,3,0,966.6,1016.1,65.5,,
883,2023-10-25 17:00,18,292.4,2.6,0,966.9,1016.5,76.5,,
883,2023-10-25 18:00,15.9,11.2,.9,0,967.4,1017.7,89.8,,
883,2023-10-25 19:00,14.8,83.9,2.7,0,967.5,1018.1,91.7,,
883,2023-10-25 20:00,14,99.6,3.2,0,967.7,1018.6,90.1,,
883,2023-10-25 21:00,13.2,107.7,3,0,967.7,1018.5,87.2,,
883,2023-10-25 22:00,11.7,100.3,2.5,0,967.9,1019.1,89.3,,
883,2023-10-25 23:00,11.4,100.3,2.4,0,967.7,1018.9,88.9,,
883,2023-10-26 00:00,11.5,103.3,2.8,0,967.5,1018.7,89.1,,
883,2023-10-26 01:00,11.5,105.6,3.2,0,967.2,1018.4,90,,
883,2023-10-26 02:00,12.3,106.1,3.4,0,966.9,1017.9,88.3,,
883,2023-10-26 03:00,12.1,96.4,2.5,0,966.8,1017.8,90.4,,
883,2023-10-26 04:00,12.3,98.1,2.7,0,966.6,1017.6,90.8,,
883,2023-10-26 05:00,12.1,96.2,2.7,0,966.5,1017.5,90.2,,
883,2023-10-26 06:00,11.8,91.4,1.5,0,966.3,1017.4,92.8,,
883,2023-10-26 07:00,12.9,97.9,2.1,0,966.3,1017.1,94.9,,
883,2023-10-26 08:00,14,112.8,1.2,0,966.9,1017.7,95.6,,
883,2023-10-26 09:00,17.8,200.4,.6,0,967.2,1016.9,86.1,,
883,2023-10-26 10:00,18.9,266.7,2.2,0,967.3,1016.7,80.7,,
883,2023-10-26 11:00,20,279.3,3,0,967.3,1016.9,69.5,,
883,2023-10-26 12:00,20.6,275.9,2.9,0,966.7,1016,62.9,,
883,2023-10-26 13:00,21.1,263.6,3.3,0,965.9,1015.1,62.3,,
883,2023-10-26 14:00,20.1,291.6,2.8,0,965.6,1015,66.2,,
883,2023-10-26 15:00,19.8,283.8,2.7,0,965.2,1014.7,65.6,,
883,2023-10-26 16:00,19.9,281.9,2.6,0,965.3,1014.8,69.9,,
883,2023-10-26 17:00,17.9,296.5,2.1,0,965.2,1014.8,75.1,,
883,2023-10-26 18:00,15.8,253.3,.7,0,965.2,1015.4,85.1,,
883,2023-10-26 19:00,14.9,0,.2,0,965.5,1016,87.2,,
883,2023-10-26 20:00,16.4,287.1,2.1,0,965.5,1015.5,93.6,,
883,2023-10-26 21:00,16.5,280,1.9,0,965.5,1015.5,96,,
883,2023-10-26 22:00,16.5,285.9,1.8,0,965.6,1015.6,97.7,,
883,2023-10-26 23:00,16.6,292.6,2.5,0,965.4,1015.4,97.3,,
883,2023-10-27 00:00,16.5,306.8,2.1,0,965.1,1015.1,97.9,,
883,2023-10-27 01:00,16.6,28.1,2.2,0,964.9,1014.8,98.1,,
883,2023-10-27 02:00,16.5,35.4,1.6,0,964.5,1014.5,98.3,,
883,2023-10-27 03:00,16.1,26.1,4.3,0,964.4,1014.5,98.5,,
883,2023-10-27 04:00,15.1,26.5,4.3,0,964.4,1014.8,99.1,,
883,2023-10-27 05:00,14.2,25.2,4.6,0,964.4,1015,98.7,,
883,2023-10-27 06:00,13.7,22.2,4.5,0,964.4,1014.9,98.9,,
883,2023-10-27 07:00,12.8,32.1,3.8,0,964.6,1015.3,97.7,,
883,2023-10-27 08:00,13,30.6,4.5,0,965.3,1016,94.1,,
883,2023-10-27 09:00,14.1,26,6.3,0,965.7,1016.4,81.7,,
883,2023-10-27 10:00,16.3,26.8,8.3,0,965.9,1016,66.5,,
883,2023-10-27 11:00,16,34.7,8.7,0,965.7,1015.9,57.5,,
883,2023-10-27 12:00,16.3,29.9,10.1,0,964.8,1014.8,54,,
883,2023-10-27 13:00,15.8,27.4,10,0,964.4,1014.6,54.6,,
883,2023-10-27 14:00,15.6,26.8,10.1,0,963.7,1013.9,53.7,,
883,2023-10-27 15:00,15.7,29.7,8.9,0,963.5,1013.6,53.1,,
883,2023-10-27 16:00,14.4,30.5,8,0,963.8,1014.3,54.7,,
883,2023-10-27 17:00,13.2,32.2,8.3,0,964.1,1014.7,61.2,,
883,2023-10-27 18:00,11.3,25.2,5.4,0,964.8,1015.9,70.6,,
883,2023-10-27 19:00,10.7,36.4,3.8,0,965.2,1016.5,77.8,,
883,2023-10-27 20:00,10.7,46.8,4,0,965.2,1016.5,79.8,,
883,2023-10-27 21:00,10.8,67.6,4.6,0,965.6,1016.9,83.5,,
883,2023-10-27 22:00,10.7,61.1,3.9,0,966.1,1017.4,84.5,,
883,2023-10-27 23:00,10.6,64.1,4.1,0,966.3,1017.7,86.5,,
883,2023-10-28 00:00,10.7,78.3,3.8,0,966.4,1017.8,85.6,,
883,2023-10-28 01:00,10.7,71.5,3.7,0,966.6,1018,86,,
883,2023-10-28 02:00,10.3,84.6,3.4,0,966.5,1018,85.5,,
883,2023-10-28 03:00,11.1,67.1,4,0,966,1017.2,84.7,,
883,2023-10-28 04:00,11.1,69.9,4.3,0,966.1,1017.3,83.8,,
883,2023-10-28 05:00,9.6,90.6,3.6,0,966.2,1017.8,89.4,,
883,2023-10-28 06:00,10.9,66.2,4,0,966.4,1017.7,90.8,,
883,2023-10-28 07:00,11.1,65.6,3.9,0,966.6,1017.9,91,,
883,2023-10-28 08:00,12.2,57.1,3.5,0,967.1,1018.1,85.3,,
883,2023-10-28 09:00,14.3,48.2,3.5,0,967.8,1018.6,75.4,,
883,2023-10-28 10:00,16.6,37.9,3.9,0,968.1,1018.2,60.3,,
883,2023-10-28 11:00,18,33.7,4,0,968.3,1018,50.8,,
883,2023-10-28 12:00,19.7,32.8,5,0,967.9,1017.6,46.2,,
883,2023-10-28 13:00,19.7,35.3,5.1,0,967.4,1017,40.2,,
883,2023-10-28 14:00,19,33.7,5.2,0,967,1016.8,40.1,,
883,2023-10-28 15:00,18,41,5,0,966.9,1016.5,45.4,,
883,2023-10-28 16:00,17.7,31.9,4.7,0,967,1016.7,44.5,,
883,2023-10-28 17:00,15.1,23.8,4.2,0,967.1,1017.6,66.2,,
883,2023-10-28 18:00,12.1,45.3,2.2,0,967.5,1018.6,83,,
883,2023-10-28 19:00,12.1,60.4,3.4,0,968,1019.1,86.8,,
883,2023-10-28 20:00,12.2,59.8,3.8,0,968.3,1019.4,88.5,,
883,2023-10-28 21:00,12.6,76,4.2,0,968.6,1019.6,87.3,,
883,2023-10-28 22:00,12.6,63.1,4.2,0,968.7,1019.7,87.7,,
883,2023-10-28 23:00,12.4,58,3.2,0,968.6,1019.6,88.1,,
883,2023-10-29 00:00,12.5,69.9,3.4,0,968.5,1019.5,85.7,,
883,2023-10-29 01:00,11.8,86,2.8,0,968.7,1019.9,86.8,,
883,2023-10-29 02:00,11,96.5,3.8,0,968.9,1020.3,90.2,,
883,2023-10-29 03:00,11.1,99.5,3.2,0,968.8,1020.2,93.2,,
883,2023-10-29 04:00,11.9,87.8,3.5,0,968.6,1019.8,90.5,,
883,2023-10-29 05:00,10.8,99.4,3.6,0,968.6,1020,87.5,,
883,2023-10-29 06:00,10.8,105.6,3.9,0,968.6,1020,84.7,,
883,2023-10-29 07:00,11.3,117.1,3.7,0,968.9,1020.2,81.1,,
883,2023-10-29 08:00,12.7,106,2.8,0,969.7,1020.7,78.2,,
883,2023-10-29 09:00,16.5,47.3,1.3,0,970.2,1020.4,66.2,,
883,2023-10-29 10:00,17.4,355.6,2.3,0,970.4,1020.4,58.5,,
883,2023-10-29 11:00,18.9,13.4,2.7,0,970.4,1020,56.6,,
883,2023-10-29 12:00,19.2,286.7,3.2,0,970,1019.9,55.1,,
883,2023-10-29 13:00,19.9,24.5,2.4,0,969.5,1019.2,56.5,,
883,2023-10-29 14:00,20.7,24.5,3.5,0,969.1,1018.5,54.7,,
883,2023-10-29 15:00,20,.4,4.2,0,969,1018.6,60.1,,
883,2023-10-29 16:00,18,28.5,4,0,969.1,1018.8,69.5,,
883,2023-10-29 17:00,16,32.5,3.4,0,969.4,1019.8,79.8,,
883,2023-10-29 18:00,14.1,35,1.1,0,969.8,1020.8,90.4,,
883,2023-10-29 19:00,14.1,51.5,.6,0,970,1021,94,,
883,2023-10-29 20:00,12.7,142.9,1.7,0,970.3,1021.4,94,,
883,2023-10-29 21:00,10.9,106.9,2,0,970.6,1022.1,93.3,,
883,2023-10-29 22:00,10,97.5,2.4,0,970.8,1022.6,90.5,,
883,2023-10-29 23:00,10.1,77.5,1.2,0,971,1022.8,88.7,,
883,2023-10-30 00:00,9.4,100.8,2.9,0,970.8,1022.7,92.8,,
883,2023-10-30 01:00,10.9,131.6,2.3,0,970.7,1022.2,90.8,,
883,2023-10-30 02:00,10,121.7,2.4,0,970.6,1022.4,92,,
883,2023-10-30 03:00,9.5,92.8,2,0,970.5,1022.4,91.1,,
883,2023-10-30 04:00,9.3,104.5,3.1,0,970.2,1022.1,92.5,,
883,2023-10-30 05:00,10.6,109.3,4.2,0,970,1021.6,83.9,,
883,2023-10-30 06:00,9.4,104.8,3.5,0,970,1021.9,80.6,,
883,2023-10-30 07:00,10,123.9,1.3,0,970.3,1022,87,,
883,2023-10-30 08:00,15.1,142.4,2.8,0,971,1021.7,69.4,,
883,2023-10-30 09:00,17.6,153.7,2.3,0,971.6,1021.6,63.5,,
883,2023-10-30 10:00,18.5,203.3,.8,0,971.9,1021.6,53,,
883,2023-10-30 11:00,19.7,264.5,1.7,0,971.8,1021.7,51.6,,
883,2023-10-30 12:00,19.6,301.6,3,0,971.4,1021.3,60.1,,
883,2023-10-30 13:00,18,16.6,2.8,0,970.8,1020.6,70.7,,
883,2023-10-30 14:00,20,20,3.1,0,970.3,1020,68.3,,
883,2023-10-30 15:00,20,19.7,3.5,0,970,1019.7,66.8,,
883,2023-10-30 16:00,19.6,37.2,4.5,0,970.2,1020,69.1,,
883,2023-10-30 17:00,17.2,167.9,1.8,0,970.5,1020.6,65.7,,
883,2023-10-30 18:00,14,75.2,1.8,0,970.8,1021.8,80.2,,
883,2023-10-30 19:00,12.8,110.2,2.6,0,971.2,1022.3,86.3,,
883,2023-10-30 20:00,11.7,112.1,2.3,0,971.5,1022.9,89.6,,
883,2023-10-30 21:00,11.5,119.9,1.5,0,971.8,1023.2,89.8,,
883,2023-10-30 22:00,10.8,115.2,2.4,0,972.1,1023.7,90.9,,
883,2023-10-30 23:00,10.7,101.4,2.6,0,972.4,1024.1,90.9,,
883,2023-10-31 00:00,9.9,87.7,2.8,0,972.1,1024,91.2,,
883,2023-10-31 01:00,9.7,93.2,3,0,972.2,1024.1,88.8,,
883,2023-10-31 02:00,9.4,105.7,3.2,0,972,1024,85.8,,
883,2023-10-31 03:00,9.3,106.4,3.7,0,972,1024,70.5,,
883,2023-10-31 04:00,10.8,90.2,3.5,0,971.6,1023.2,48.3,,
883,2023-10-31 05:00,10.2,106.8,4.1,0,971.3,1023,48.1,,
883,2023-10-31 06:00,9.8,106.5,4.1,0,971.6,1023.5,49.1,,
883,2023-10-31 07:00,11,95.3,3.2,0,972,1023.6,42,,
883,2023-10-31 08:00,13.9,99.4,3.7,0,972.4,1023.3,38.9,,
883,2023-10-31 09:00,17.4,52.5,1.8,0,972.8,1022.9,32.5,,
883,2023-10-31 10:00,19.6,26.5,2.1,0,973,1023,34.1,,
883,2023-10-31 11:00,20.1,31.7,2,0,972.9,1022.7,29.4,,
883,2023-10-31 12:00,19.4,297.3,3.5,0,972.6,1022.6,44.3,,
883,2023-10-31 13:00,19.5,293.4,3,0,971.9,1021.8,39,,
883,2023-10-31 14:00,19.5,300.3,2.8,0,971.3,1021.2,36.9,,
883,2023-10-31 15:00,20.5,337.6,2,0,971.1,1020.7,37.8,,
883,2023-10-31 16:00,18.8,301.4,1.9,0,971.1,1020.7,44,,
883,2023-10-31 17:00,17.1,293,1.9,0,971.1,1021.2,52.9,,
883,2023-10-31 18:00,13.4,118,1.2,0,971.1,1022,76.1,,
883,2023-10-31 19:00,11.5,138.5,1.8,0,971.3,1022.7,79.6,,
883,2023-10-31 20:00,10.7,158.2,2.6,0,971.6,1023.2,75,,
883,2023-10-31 21:00,12.9,171.8,3.5,0,971.6,1022.7,57.3,,
883,2023-10-31 22:00,13.5,169.3,3.4,0,971.9,1022.8,68.9,,
883,2023-10-31 23:00,13.5,174.3,3.7,0,971.9,1022.8,88.3,,
883,2023-11-01 00:00,13.8,179.3,3.6,0,971.5,1022.3,60.9,,
883,2023-11-01 01:00,13.4,163.5,4.3,0,971,1021.9,75.6,,
883,2023-11-01 02:00,13.8,162.4,4.4,0,971,1021.8,85.3,,
883,2023-11-01 03:00,14,168.3,3.6,0,970.5,1021.5,82,,
883,2023-11-01 04:00,14.2,166,4,0,970.6,1021.6,89.9,,
883,2023-11-01 05:00,14.4,169.9,4.3,0,970.5,1021.4,88.1,,
883,2023-11-01 06:00,14.4,175.1,4.2,0,970.8,1021.7,89.8,,
883,2023-11-01 07:00,14.4,175.5,3.6,0,971.1,1022,92.1,,
883,2023-11-01 08:00,15.6,179.9,3.3,0,971.6,1022.2,88.8,,
883,2023-11-01 09:00,17.5,202.9,2.9,0,971.8,1021.8,84.9,,
883,2023-11-01 10:00,19.6,200.3,3,0,971.4,1021.3,76.3,,
883,2023-11-01 11:00,20.8,221.7,2.9,0,971.3,1020.8,71.4,,
883,2023-11-01 12:00,21.4,226.8,3.5,0,970.9,1020.2,66.9,,
883,2023-11-01 13:00,21.8,229.5,3.1,0,970.3,1019.5,66.8,,
883,2023-11-01 14:00,22.1,219.9,3.5,0,969.9,1019,64.6,,
883,2023-11-01 15:00,21.3,224.4,3.5,0,969.9,1019.2,66.2,,
883,2023-11-01 16:00,20.1,203.7,3.4,0,969.9,1019.6,72.5,,
883,2023-11-01 17:00,18.3,195.1,2.9,0,969.9,1019.6,82.9,,
883,2023-11-01 18:00,16.7,174.3,3.3,0,969.7,1019.9,91.2,,
883,2023-11-01 19:00,16.2,163.5,4.1,0,969.9,1020.2,90.1,,
883,2023-11-01 20:00,16.7,157.9,5.3,0,970.1,1020.3,70.3,,
883,2023-11-01 21:00,16.7,157.4,5.2,0,970.3,1020.5,67.5,,
883,2023-11-01 22:00,16.3,166.8,5,0,970.4,1020.7,86.8,,
883,2023-11-01 23:00,15.8,168.7,4.9,0,970.3,1020.8,91.4,,
883,2023-11-02 00:00,15.8,171.3,4.9,0,970.3,1020.8,92.7,,
883,2023-11-02 01:00,15.6,162.2,4.3,0,970.3,1020.8,93.6,,
883,2023-11-02 02:00,15.5,161.2,4.2,0,970.1,1020.6,92.8,,
883,2023-11-02 03:00,14.8,170.1,3.7,0,969.7,1020.4,82.4,,
883,2023-11-02 04:00,16.4,163.2,4.3,0,969.3,1019.5,60.8,,
883,2023-11-02 05:00,16.5,166.7,4.5,0,969.3,1019.5,52.1,,
883,2023-11-02 06:00,16.3,178,4.4,0,969.3,1019.6,44,,
883,2023-11-02 07:00,16.8,175.3,3.9,0,969.4,1019.5,29.9,,
883,2023-11-02 08:00,18.5,174.7,3.8,0,969.8,1019.4,26.4,,
883,2023-11-02 09:00,20.5,190.5,3.1,0,970.2,1019.8,30.6,,
883,2023-11-02 10:00,21.7,194.3,3.2,0,970.2,1019.4,44.4,,
883,2023-11-02 11:00,22.6,194.1,3.3,0,969.8,1018.7,45.6,,
883,2023-11-02 12:00,24.1,195.8,3.5,0,969,1017.9,37,,
883,2023-11-02 13:00,24.1,197.9,3.3,0,968.4,1017.3,32.5,,
883,2023-11-02 14:00,22.8,201.2,3.9,0,967.9,1016.7,39.7,,
883,2023-11-02 15:00,22.3,198.1,4,0,967.6,1016.5,46.3,,
883,2023-11-02 16:00,20.8,188.4,4.9,0,967.5,1016.8,45.1,,
883,2023-11-02 17:00,19.6,182.4,4.7,0,967.5,1017.2,52.7,,
883,2023-11-02 18:00,17.2,168.1,5.5,0,967.7,1017.6,82.3,,
883,2023-11-02 19:00,16.7,166.2,5.1,0,967.8,1017.9,76.7,,
883,2023-11-02 20:00,16.3,157.6,4.8,0,967.9,1018.1,84.5,,
883,2023-11-02 21:00,17,160,5.7,0,967.5,1017.5,86.7,,
883,2023-11-02 22:00,17.3,166.1,6.1,0,967.5,1017.4,84,,
883,2023-11-02 23:00,17.9,171.4,5.7,0,967.3,1017,82.4,,
883,2023-11-03 00:00,16.9,188.1,3.1,0,967.2,1017.2,84.5,,
883,2023-11-03 01:00,16.7,196.1,3.3,0,966.6,1016.6,81,,
883,2023-11-03 02:00,16.7,199.9,3.1,0,966.2,1016.2,90.8,,
883,2023-11-03 03:00,16.7,187.1,3.6,0,965.9,1015.9,93.5,,
883,2023-11-03 04:00,17,183.8,3.9,0,965.6,1015.5,86.7,,
883,2023-11-03 05:00,16.3,195,2.7,0,965.9,1016,91.2,,
883,2023-11-03 06:00,16.5,189.5,2.9,0,966.4,1016.5,93.7,,
883,2023-11-03 07:00,16.5,178.7,3.4,0,966.1,1016.1,92.1,,
883,2023-11-03 08:00,18,173.3,3.2,0,966.3,1015.9,88,,
883,2023-11-03 09:00,19.7,175.5,3.3,0,966.9,1016.5,81.6,,
883,2023-11-03 10:00,21.1,187.5,2.6,0,967.1,1016.3,69.3,,
883,2023-11-03 11:00,22.6,201.8,3.3,0,967.1,1015.9,65,,
883,2023-11-03 12:00,21.6,210,2.6,0,966.7,1015.8,70.6,,
883,2023-11-03 13:00,21.7,207.5,2.7,0,966,1015,69.8,,
883,2023-11-03 14:00,24.2,196.9,3.4,0,965.4,1014.1,63.8,,
883,2023-11-03 15:00,22.2,196.1,2.5,0,965.3,1014.1,70.9,,
883,2023-11-03 16:00,20.5,206,2.6,0,965.6,1014.9,84.2,,
883,2023-11-03 17:00,19.7,196.8,2.3,0,965.8,1015.4,89,,
883,2023-11-03 18:00,18.9,171.9,3,0,966.1,1015.4,93.3,,
883,2023-11-03 19:00,18.3,158.6,2.2,0,966.9,1016.4,93.2,,
883,2023-11-03 20:00,17.9,183.6,1.5,0,967,1016.7,92.6,,
883,2023-11-03 21:00,18.2,176.1,2,0,967.3,1016.9,93.5,,
883,2023-11-03 22:00,18,196.6,1.9,0,967.5,1017.2,96.8,,
883,2023-11-03 23:00,18,191.3,2.4,0,967.3,1017,97.4,,
883,2023-11-04 00:00,18.2,181.8,3.5,0,967,1016.6,96.7,,
883,2023-11-04 01:00,18.2,175.2,2.7,0,967.1,1016.7,95.3,,
883,2023-11-04 02:00,18.4,172.8,3.2,0,967.3,1016.8,94.1,,
883,2023-11-04 03:00,18.2,168.1,2.7,0,967.2,1016.8,94.4,,
883,2023-11-04 04:00,18.3,193.9,2.1,0,967.5,1017.1,94.9,,
883,2023-11-04 05:00,18.5,214.2,1.1,1.5,967.5,1017,97.4,,
883,2023-11-04 06:00,18.3,0,.3,1.5,967.5,1017.1,97.9,,
883,2023-11-04 07:00,18,188.1,1.4,0,967.8,1017.5,98.4,,
883,2023-11-04 08:00,19.2,167.5,2.7,0,968.2,1018,97,,
883,2023-11-04 09:00,20.7,177.2,2.3,0,968.8,1018.2,88,,
883,2023-11-04 10:00,22.6,187.8,2,0,968.7,1017.6,73.7,,
883,2023-11-04 11:00,22.9,205.2,2.5,0,969,1017.8,77.8,,
883,2023-11-04 12:00,23,215,2,0,968.5,1017.3,73.8,,
883,2023-11-04 13:00,21.6,203.1,2.7,0,968.1,1017.2,78.2,,
883,2023-11-04 14:00,22.1,198.6,3.3,0,967.8,1016.8,78.2,,
883,2023-11-04 15:00,21.8,217.6,2.4,0,967.8,1016.9,80.4,,
883,2023-11-04 16:00,22.1,185.4,2.8,0,968,1017,77.6,,
883,2023-11-04 17:00,20,210.1,2.3,0,968.4,1018,88.5,,
883,2023-11-04 18:00,19.7,182.7,2.7,0,968.7,1018.4,91.4,,
883,2023-11-04 19:00,19.5,167.6,4,0,969.4,1019.2,90,,
883,2023-11-04 20:00,19.1,143,6,0,969.2,1019.1,84.1,,
883,2023-11-04 21:00,19.1,148.4,4.3,0,969.5,1019.4,84.2,,
883,2023-11-04 22:00,19.3,151.2,4.5,0,969.3,1019.2,84.3,,
883,2023-11-04 23:00,19.5,153,5.7,0,969.8,1019.6,88,,
883,2023-11-05 00:00,19.6,157.3,5.8,0,969.2,1019,90,,
883,2023-11-05 01:00,19.5,159,4.8,0,969,1018.8,87.1,,
883,2023-11-05 02:00,19.4,158.5,6.7,0,968.9,1018.7,89.6,,
883,2023-11-05 03:00,19.4,173.5,7.6,0,968.1,1017.9,90.5,,
883,2023-11-05 04:00,19.4,160,6,.5,968.1,1017.9,91.6,,
883,2023-11-05 05:00,19.2,158.1,7.8,0,967.7,1017.5,90.9,,
883,2023-11-05 06:00,19.1,161.9,7.8,0,968,1017.9,90,,
883,2023-11-05 07:00,19,150,7.6,0,967.9,1017.8,87.3,,
883,2023-11-05 08:00,19.2,150.7,8.3,0,968.3,1018.1,85.1,,
883,2023-11-05 09:00,19.5,157.5,7.6,.5,968.4,1018.2,90.4,,
883,2023-11-05 10:00,19.6,145.6,5.6,0,968,1017.7,89.7,,
883,2023-11-05 11:00,20.2,178.8,6.2,0,967.4,1016.9,88.1,,
883,2023-11-05 12:00,18.6,175.3,7,3.5,966.7,1016.2,94.3,,
883,2023-11-05 13:00,20.4,178.3,7.3,0,965.7,1015.1,88.8,,
883,2023-11-05 14:00,19.9,195,6.6,1.5,964.9,1014.4,96.6,,
883,2023-11-05 15:00,19.9,195.4,6.6,3,964.1,1013.5,96.4,,
883,2023-11-05 16:00,20.2,192.8,7.1,0,964.2,1013.5,96.4,,
883,2023-11-05 17:00,20,197.8,7,.5,964.1,1013.5,96,,
883,2023-11-05 18:00,20,193.2,7,0,963.7,1013.1,96.3,,
883,2023-11-05 19:00,20.1,198.6,6.4,0,963.7,1013,97.3,,
883,2023-11-05 20:00,19.9,210.4,7.3,.5,963.3,1012.7,97.8,,
883,2023-11-05 21:00,20.3,213.7,8.6,0,963.3,1012.6,96.6,,
883,2023-11-05 22:00,20.2,200.8,7.6,.5,962.6,1011.9,97.7,,
883,2023-11-05 23:00,20.3,186.2,9.2,0,961.2,1010.4,95.7,,
883,2023-11-06 00:00,20.2,182,7.9,0,960.9,1010.1,96.6,,
883,2023-11-06 01:00,20,191,8.7,0,960.7,1009.9,94.9,,
883,2023-11-06 02:00,20,184.8,9,0,959.7,1008.9,94.6,,
883,2023-11-06 03:00,19.8,189.7,9.2,.5,958.4,1007.6,97.4,,
883,2023-11-06 04:00,19.8,203.4,8.8,9,957.4,1006.5,98.9,,
883,2023-11-06 05:00,18.3,250.1,5.6,26.5,958.8,1007.9,99.2,,
883,2023-11-06 06:00,17.4,274.3,4,4.5,959.7,1009.1,99.3,,
883,2023-11-06 07:00,16.4,281.2,5.6,.5,959.8,1009.5,99.3,,
883,2023-11-06 08:00,15.8,289.4,4.6,0,960.9,1010.9,99.4,,
883,2023-11-06 09:00,15.5,316.3,8,0,962.1,1012.2,98.8,,
883,2023-11-06 10:00,15.4,312.3,6.9,0,962.8,1013,90,,
883,2023-11-06 11:00,15.2,311,5.6,0,962.8,1013.1,90.8,,
883,2023-11-06 12:00,14.9,311.8,6.3,0,963.2,1013.6,90.8,,
883,2023-11-06 13:00,15.1,305.3,6.3,0,962.8,1013.1,83.4,,
883,2023-11-06 14:00,14.7,294.3,6.3,0,962.7,1013.1,85.6,,
883,2023-11-06 15:00,13.9,272.2,3.3,0,962.5,1012.8,84,,
883,2023-11-06 16:00,13.2,136.8,3.1,0,963.2,1013.8,82.5,,
883,2023-11-06 17:00,13.2,282,6.2,0,963.9,1014.5,78.9,,
883,2023-11-06 18:00,12.4,257.4,2.8,0,964.5,1015.3,73,,
883,2023-11-06 19:00,11.9,302.5,3.6,0,965.5,1016.5,71.5,,
883,2023-11-06 20:00,11.7,311.1,7.8,0,966.2,1017.3,66.2,,
883,2023-11-06 21:00,11,304.6,2.8,0,966.7,1018,65.8,,
883,2023-11-06 22:00,11.3,302.7,5.3,0,967.2,1018.4,63.6,,
883,2023-11-06 23:00,11.4,303.1,6.4,0,967.6,1018.8,61.2,,
883,2023-11-07 00:00,11.6,288.9,6.7,0,967.6,1018.8,62.8,,
883,2023-11-07 01:00,10.7,1.3,3.7,0,967.3,1018.7,74.3,,
883,2023-11-07 02:00,10.1,35.2,5.5,0,967.6,1019.2,74.3,,
883,2023-11-07 03:00,9.9,29.6,4.4,0,967.8,1019.4,71.2,,
883,2023-11-07 04:00,9.9,42.7,5.4,0,968,1019.7,68.5,,
883,2023-11-07 05:00,9.9,5,4.9,0,968,1019.7,62.9,,
883,2023-11-07 06:00,9.5,37.9,5,0,968.3,1020.1,63.4,,
883,2023-11-07 07:00,9.2,35.8,4.6,0,969,1020.9,69.6,,
883,2023-11-07 08:00,9.4,37.8,6.9,0,969.7,1021.6,68.9,,
883,2023-11-07 09:00,10,25.7,7.4,0,970.2,1021.9,67.9,,
883,2023-11-07 10:00,11.5,28.7,6.5,0,970.4,1021.8,64,,
883,2023-11-07 11:00,12,26.8,7.4,0,970.3,1021.5,65.4,,
883,2023-11-07 12:00,12.7,24,7.3,0,970,1021,63.9,,
883,2023-11-07 13:00,12.8,26.7,7.4,0,969.3,1020.3,70.3,,
883,2023-11-07 14:00,13,31.3,5.8,0,969.1,1020,63.1,,
883,2023-11-07 15:00,13.3,28.5,7.3,0,969.2,1020,67.4,,
883,2023-11-07 16:00,11.6,26.8,6.4,0,969.6,1020.9,75.3,,
883,2023-11-07 17:00,11.3,24.2,5.5,0,970,1021.4,75.4,,
883,2023-11-07 18:00,10.2,30.2,4.7,0,970.2,1021.9,81.8,,
883,2023-11-07 19:00,9.5,36.8,3.3,0,970.5,1022.4,84.3,,
883,2023-11-07 20:00,9.7,47.7,3.5,0,970.6,1022.4,82.5,,
883,2023-11-07 21:00,9,50.4,3.3,0,970.8,1022.8,83.4,,
883,2023-11-07 22:00,8.9,62.1,4.8,0,970.9,1022.7,83.5,,
883,2023-11-07 23:00,8.6,62.8,3.9,0,970.6,1022.5,84.7,,
883,2023-11-08 00:00,8.1,46.1,3.6,0,969.9,1021.9,89.5,,
883,2023-11-08 01:00,7.8,31.7,5.2,0,969.4,1021.4,91.1,,
883,2023-11-08 02:00,6.2,72.8,3.2,0,969.7,1022.1,90.9,,
883,2023-11-08 03:00,5.8,83.2,2.6,0,969,1021.5,86.9,,
883,2023-11-08 04:00,5.8,61.2,2,0,969,1021.5,86.5,,
883,2023-11-08 05:00,6.4,89.2,4.2,0,969.1,1021.5,87.8,,
883,2023-11-08 06:00,6.8,77.4,4.2,0,969.3,1021.6,89.7,,
883,2023-11-08 07:00,5.6,78,2.5,0,969.4,1022,84.4,,
883,2023-11-08 08:00,11,186.4,1.9,0,969.9,1021.4,88.9,,
883,2023-11-08 09:00,12,49.2,1.4,0,970.5,1021.7,82,,
883,2023-11-08 10:00,15.1,190.2,2.7,0,970.7,1021.4,77.5,,
883,2023-11-08 11:00,16.5,199.5,2.3,0,970.2,1020.4,68.5,,
883,2023-11-08 12:00,16.5,202.9,3.1,0,969.9,1020.1,71.1,,
883,2023-11-08 13:00,17.6,209.6,2.3,0,969.2,1019.1,67.6,,
883,2023-11-08 14:00,17.6,205.4,2.9,0,968.9,1018.8,67.7,,
883,2023-11-08 15:00,16.5,204.3,2.9,0,968.9,1019.1,68.2,,
883,2023-11-08 16:00,16.4,225.7,2.5,0,968.7,1018.9,73.1,,
883,2023-11-08 17:00,14.3,207.9,1.4,0,968.7,1019.5,82.6,,
883,2023-11-08 18:00,12.9,191.4,1.8,0,969.7,1020.7,89.5,,
883,2023-11-08 19:00,12.9,153.3,3.5,0,969.4,1020.4,89,,
883,2023-11-08 20:00,12.8,122.9,1.3,0,969.8,1020.8,78.7,,
883,2023-11-08 21:00,13,138.8,4.6,0,969.8,1020.8,84.9,,
883,2023-11-08 22:00,12.7,121.7,2.4,0,970.4,1021.5,68.2,,
883,2023-11-08 23:00,13.3,124.2,3,0,970.2,1021.1,73.9,,
883,2023-11-09 00:00,13.3,147.7,4.2,0,970,1020.9,79,,
883,2023-11-09 01:00,13.4,150,3.8,0,969.8,1020.7,82,,
883,2023-11-09 02:00,13,174.7,3,0,969.2,1020.1,77.7,,
883,2023-11-09 03:00,13.7,152.8,4.2,0,968.8,1019.5,74.6,,
883,2023-11-09 04:00,13.3,160.4,3,0,969.1,1019.9,85,,
883,2023-11-09 05:00,13.5,149.9,4,0,969.1,1019.9,86.6,,
883,2023-11-09 06:00,13.6,152.1,4.4,0,969.1,1019.9,86.6,,
883,2023-11-09 07:00,14,140.2,5,0,969.2,1020.2,83.6,,
883,2023-11-09 08:00,15.8,139.5,4.6,0,969.3,1019.7,76.3,,
883,2023-11-09 09:00,16.5,151.5,4.6,0,969.9,1020.1,80.1,,
883,2023-11-09 10:00,17.5,178.7,4.6,0,969.6,1019.5,75.4,,
883,2023-11-09 11:00,18.1,172.1,5,0,969.6,1019.3,72.5,,
883,2023-11-09 12:00,18.5,179.9,4.5,0,969.1,1018.7,71,,
883,2023-11-09 13:00,18.5,179.6,4.3,0,968.6,1018.2,72.3,,
883,2023-11-09 14:00,18,181.8,3.9,0,967.8,1017.5,74.9,,
883,2023-11-09 15:00,17.9,156.8,4.6,0,967.4,1017.1,74.8,,
883,2023-11-09 16:00,18.1,163,4.6,0,967.5,1017.1,71.4,,
883,2023-11-09 17:00,17.5,167.7,4.9,0,967.6,1017.4,81.4,,
883,2023-11-09 18:00,17.3,165.9,6.1,0,967.3,1017.2,83.4,,
883,2023-11-09 19:00,17.2,153.5,5.1,0,967,1016.9,83.3,,
883,2023-11-09 20:00,17.4,161.2,5.3,0,967.4,1017.2,83.9,,
883,2023-11-09 21:00,15.9,177.1,4,0,968.1,1018.4,86.3,,
883,2023-11-09 22:00,14.8,160.2,3.5,.5,968.5,1019.2,90.5,,
883,2023-11-09 23:00,15.2,158.9,2.9,1,968.4,1018.9,94.1,,
883,2023-11-10 00:00,14.3,174.5,2,1.5,968.5,1019.3,95,,
883,2023-11-10 01:00,13.8,231,.8,3,967.6,1018.2,97.7,,
883,2023-11-10 02:00,13.9,301.3,1.5,1,967.2,1017.8,98.3,,
883,2023-11-10 03:00,14.3,49.4,.9,0,966.5,1017.2,97.8,,
883,2023-11-10 04:00,12.2,37.3,6.4,1,966.2,1017.2,99.2,,
883,2023-11-10 05:00,10.7,37.4,7.8,0,966.1,1017.4,99.1,,
883,2023-11-10 06:00,9.9,39.6,7.1,.5,967.1,1018.7,98.8,,
883,2023-11-10 07:00,9.3,39.7,7.6,.5,967.5,1019.3,97.9,,
883,2023-11-10 08:00,9.2,36.4,8.2,0,967.9,1019.7,96,,
883,2023-11-10 09:00,8.8,32,8.9,0,968.9,1020.7,90.3,,
883,2023-11-10 10:00,8.9,35.7,9.9,0,969.2,1021,80.8,,
883,2023-11-10 11:00,9.1,28.6,11.9,0,969.1,1021,72.7,,
883,2023-11-10 12:00,8.9,31.7,10.7,0,969.5,1021.3,69,,
883,2023-11-10 13:00,8.6,39.5,9.1,0,969.4,1021.2,72.4,,
883,2023-11-10 14:00,8.5,28.7,12.5,0,969.3,1021.2,78,,
883,2023-11-10 15:00,9.1,33.1,10.7,0,969.6,1021.5,73.4,,
883,2023-11-10 16:00,8.2,26.9,11.3,0,970.7,1022.7,76.4,,
883,2023-11-10 17:00,7.4,32.5,10.5,0,970.6,1022.8,75.3,,
883,2023-11-10 18:00,6.9,32.3,10.5,0,971.3,1023.7,77.5,,
883,2023-11-10 19:00,6.6,40.6,8.9,0,971.5,1023.9,74,,
883,2023-11-10 20:00,6.3,48.7,8.3,0,971.8,1024.3,73.2,,
883,2023-11-10 21:00,6.1,45.7,8.6,0,971.6,1024.2,74.7,,
883,2023-11-10 22:00,5.8,46.3,8.1,0,971.8,1024.5,73.6,,
883,2023-11-10 23:00,5.6,50.7,6.2,0,972.7,1025.5,68.9,,
883,2023-11-11 00:00,5.5,46.2,7.2,0,972.4,1025.2,69.4,,
883,2023-11-11 01:00,5.3,41.4,7,0,972.4,1025.2,67.4,,
883,2023-11-11 02:00,5.3,41.2,7.9,0,971.5,1024.3,66.3,,
883,2023-11-11 03:00,4.9,44.7,6.1,0,972.4,1025.3,64.9,,
883,2023-11-11 04:00,4.7,60.8,5.7,0,972.7,1025.7,60.7,,
883,2023-11-11 05:00,4.7,68.1,6.7,0,972.7,1025.7,64.4,,
883,2023-11-11 06:00,5.3,63.8,6.5,0,972.6,1025.4,70.4,,
883,2023-11-11 07:00,5.1,49.8,5.8,0,972.9,1025.8,74.7,,
883,2023-11-11 08:00,5.1,39.1,4.8,0,974,1026.9,78.2,,
883,2023-11-11 09:00,5.7,36.7,5.7,0,974.4,1027.2,77.2,,
883,2023-11-11 10:00,7.1,48.7,6.5,0,974.4,1026.9,66.9,,
883,2023-11-11 11:00,7.8,29,9.1,0,974.4,1026.7,66.8,,
883,2023-11-11 12:00,8.4,33,7.5,0,974.1,1026.2,63.5,,
883,2023-11-11 13:00,8.4,38.8,7.5,0,973.2,1025.3,58.7,,
883,2023-11-11 14:00,8.9,34.6,7.6,0,973,1025,62.3,,
883,2023-11-11 15:00,7,28.7,8.7,0,973.2,1025.6,72.6,,
883,2023-11-11 16:00,7.6,28.9,7.4,0,973.2,1025.5,71.2,,
883,2023-11-11 17:00,6.7,28.5,8.8,0,973,1025.5,78.8,,
883,2023-11-11 18:00,6.7,29.6,8.8,0,973.2,1025.7,80.3,,
883,2023-11-11 19:00,6.6,26,9.2,0,973.7,1026.3,78.5,,
883,2023-11-11 20:00,6.4,28.5,9.2,0,973.8,1026.4,77.6,,
883,2023-11-11 21:00,6.5,25.2,9,0,973.9,1026.5,78.6,,
883,2023-11-11 22:00,6.5,29.4,8.4,0,974.3,1026.9,82.3,,
883,2023-11-11 23:00,6.5,28.3,7.9,0,974.1,1026.7,79.3,,
883,2023-11-12 00:00,6,26.8,9.4,0,973.8,1026.5,71.8,,
883,2023-11-12 01:00,5.8,24.8,10.2,0,973.9,1026.7,72.2,,
883,2023-11-12 02:00,5.9,26.9,10.1,0,973.9,1026.6,74.2,,
883,2023-11-12 03:00,5.9,24.3,9.8,0,973.5,1026.2,78.2,,
883,2023-11-12 04:00,6,26.7,10.3,0,973.7,1026.4,74.9,,
883,2023-11-12 05:00,6,30,10.3,0,973.6,1026.3,74.5,,
883,2023-11-12 06:00,5.8,29.2,9.9,0,972.9,1025.6,76.9,,
883,2023-11-12 07:00,5.6,30.3,9,0,973.2,1026,77.9,,
883,2023-11-12 08:00,5.5,43.5,6.7,0,973.2,1026,77.8,,
883,2023-11-12 09:00,6.2,28.3,8.1,0,974.1,1026.8,75.5,,
883,2023-11-12 10:00,6.6,31.3,7.5,0,974.2,1026.8,75.4,,
883,2023-11-12 11:00,6.9,36.1,6.4,0,974,1026.5,78.1,,
883,2023-11-12 12:00,7.4,29.1,7.4,0,973.5,1025.8,71.5,,
883,2023-11-12 13:00,7.7,27.4,6.9,0,972.7,1024.9,72.1,,
883,2023-11-12 14:00,6.5,25.8,7.3,0,972.1,1024.6,88.4,,
883,2023-11-12 15:00,6.4,26.5,7.9,0,971.8,1024.3,81.7,,
883,2023-11-12 16:00,6.3,31.8,7.3,0,972,1024.5,77.3,,
883,2023-11-12 17:00,6.2,29.1,8.2,0,972,1024.6,78.1,,
883,2023-11-12 18:00,5.8,32.9,7.5,0,972.4,1025.1,79.4,,
883,2023-11-12 19:00,5.6,24.1,6.9,0,972.7,1025.5,77.7,,
883,2023-11-12 20:00,5.6,26.4,6.9,0,973.4,1026.2,76.4,,
883,2023-11-12 21:00,5.2,26.1,6.2,0,973.3,1026.2,76.5,,
883,2023-11-12 22:00,4.9,33.1,5.4,0,973.7,1026.7,76,,
883,2023-11-12 23:00,4.4,30.3,5.8,0,973.9,1027,82.2,,
883,2023-11-13 00:00,3.7,33.6,8.9,.5,974.1,1027.2,93.1,,
883,2023-11-13 01:00,2.8,29.6,6.6,.5,974,1027.4,96.2,,
883,2023-11-13 02:00,2.6,28.3,6.2,2,973.7,1027.1,98.1,,
883,2023-11-13 03:00,2.8,28.2,8.8,1,973.6,1026.9,97.4,,
883,2023-11-13 04:00,3.1,33.7,7.2,1.5,973.2,1026.4,98,,
883,2023-11-13 05:00,3.8,31.1,6.9,.5,973.3,1026.4,90.2,,
883,2023-11-13 06:00,3.7,28.2,6.1,.5,973.4,1026.5,82.5,,
883,2023-11-13 07:00,4.1,43.9,6.8,0,973.7,1026.9,74.9,,
883,2023-11-13 08:00,4.1,30.1,9,0,974.3,1027.5,75.9,,
883,2023-11-13 09:00,4.5,27.4,8.4,0,974.5,1027.6,84.8,,
883,2023-11-13 10:00,3.1,28.1,8.2,1,975.4,1028.8,92.4,,
883,2023-11-13 11:00,5,27.5,8.1,.5,975.4,1028.5,88.1,,
883,2023-11-13 12:00,5.4,28.1,8.8,0,974.9,1027.8,77.6,,
883,2023-11-13 13:00,5.8,23.8,9,0,974.5,1027.3,74.5,,
883,2023-11-13 14:00,5.9,24.5,9.4,0,973.8,1026.5,71.6,,
883,2023-11-13 15:00,5.8,29,8,0,973.8,1026.6,73.7,,
883,2023-11-13 16:00,5.9,29.8,7.9,0,973.9,1026.6,74.4,,
883,2023-11-13 17:00,5.5,29.2,6.4,0,974,1026.8,76.4,,
883,2023-11-13 18:00,5.3,35.4,5.4,0,974.5,1027.4,73.3,,
883,2023-11-13 19:00,4.9,43.9,4.3,0,974.7,1027.7,77.3,,
883,2023-11-13 20:00,5.1,40.9,4,0,974.8,1027.8,76.9,,
883,2023-11-13 21:00,5.2,29.1,4.1,0,975.5,1028.5,78.1,,
883,2023-11-13 22:00,4.7,35.2,3.4,0,975.5,1028.6,80.2,,
883,2023-11-13 23:00,5.2,30.5,4.4,0,975.3,1028.3,80.1,,
883,2023-11-14 00:00,5.5,45.9,3.8,0,974.9,1027.8,81,,
883,2023-11-14 01:00,5.2,58.2,3.8,0,974.8,1027.8,79.5,,
883,2023-11-14 02:00,5.6,56.8,4,0,974.9,1027.8,81,,
883,2023-11-14 03:00,5.3,76,4.4,0,974.6,1027.5,79.5,,
883,2023-11-14 04:00,5.7,47,2.7,0,974.2,1027,81.3,,
883,2023-11-14 05:00,5.9,54.1,2.9,0,974.1,1026.9,81,,
883,2023-11-14 06:00,5.9,49.5,3,0,974.1,1026.9,80.8,,
883,2023-11-14 07:00,6,65.7,3.3,0,974.6,1027.4,79,,
883,2023-11-14 08:00,6.5,73.4,3,0,974.9,1027.5,76.8,,
883,2023-11-14 09:00,7.9,31.7,4.9,0,975.2,1027.5,66.8,,
883,2023-11-14 10:00,8.7,31.6,4.7,0,975.4,1027.5,65.7,,
883,2023-11-14 11:00,8.7,23.7,5,0,975.3,1027.4,65.5,,
883,2023-11-14 12:00,9.4,25.1,4.4,0,974.8,1026.9,62.6,,
883,2023-11-14 13:00,8.9,3.5,4.2,0,974,1026,63.3,,
883,2023-11-14 14:00,9.6,34.6,4.1,0,973.5,1025.5,63.7,,
883,2023-11-14 15:00,8.6,19.5,3.9,0,973.4,1025.4,67.2,,
883,2023-11-14 16:00,8.9,26.8,3.3,0,973.1,1025.1,67.1,,
883,2023-11-14 17:00,8.8,27.6,2.8,0,973.2,1025.2,69.3,,
883,2023-11-14 18:00,7.8,69,3,0,973.2,1025.4,72.5,,
883,2023-11-14 19:00,6.7,84,3.5,0,973.5,1026,74.4,,
883,2023-11-14 20:00,7.5,42.6,2.3,0,973.7,1026,73.1,,
883,2023-11-14 21:00,7.7,61.5,3.1,0,973.7,1026,75.5,,
883,2023-11-14 22:00,7.8,54.3,2.3,0,974,1026.3,80.4,,
883,2023-11-14 23:00,7.2,75.3,3.4,0,974,1026.4,81.1,,
883,2023-11-15 00:00,7.7,58.7,2.3,0,974.2,1026.5,80.6,,
883,2023-11-15 01:00,8,59.4,2.7,0,974.2,1026.4,77.7,,
883,2023-11-15 02:00,7.1,78.1,3.3,0,974.2,1026.7,84.5,,
883,2023-11-15 03:00,7.8,65.9,3,0,974.3,1026.6,82.9,,
883,2023-11-15 04:00,7.7,69.4,3.6,0,974.3,1026.6,84.8,,
883,2023-11-15 05:00,7.7,63.2,2.9,0,974.6,1026.9,85.8,,
883,2023-11-15 06:00,7.2,61.5,3.3,0,975,1027.5,86.1,,
883,2023-11-15 07:00,7,54,2.5,0,975.5,1028.1,83.9,,
883,2023-11-15 08:00,7.6,53.1,3.2,0,975.9,1028.3,81.3,,
883,2023-11-15 09:00,9.1,49.1,3.7,0,976,1028.3,76.5,,
883,2023-11-15 10:00,10.1,60.6,5.1,0,976.2,1028.2,67.9,,
883,2023-11-15 11:00,11.7,45.8,3.3,0,976.1,1027.7,59.5,,
883,2023-11-15 12:00,11.5,24.7,3.2,0,975.6,1027.2,57.4,,
883,2023-11-15 13:00,11.9,11.6,2,0,975.2,1026.7,54.1,,
883,2023-11-15 14:00,12.7,24,3.5,0,975,1026.3,54.2,,
883,2023-11-15 15:00,12.3,342.6,3,0,974.6,1026,55.4,,
883,2023-11-15 16:00,11.1,29.4,2.6,0,974.4,1026.1,54.6,,
883,2023-11-15 17:00,9.5,24.8,2,0,974.5,1026.6,66.1,,
883,2023-11-15 18:00,7.8,106.1,3.8,0,974.9,1027.2,74.5,,
883,2023-11-15 19:00,7.1,96.5,3.7,0,975.2,1027.7,74.7,,
883,2023-11-15 20:00,6.7,95.7,3.5,0,974.9,1027.5,75.9,,
883,2023-11-15 21:00,6.3,97,4.5,0,974.7,1027.4,77.2,,
883,2023-11-15 22:00,4.3,72.1,1.4,0,974.7,1027.9,82.8,,
883,2023-11-15 23:00,5.3,113.3,2.9,0,974.3,1027.2,88.7,,
883,2023-11-16 00:00,7.5,179.7,2.2,0,974.6,1027,74.3,,
883,2023-11-16 01:00,5.3,129.4,2.6,0,973.7,1026.6,82.1,,
883,2023-11-16 02:00,7.8,161.4,2.7,0,973.2,1025.4,65.9,,
883,2023-11-16 03:00,8.1,167.4,2.9,0,973.4,1025.6,71.7,,
883,2023-11-16 04:00,8.1,156.7,2,0,973.3,1025.5,80.4,,
883,2023-11-16 05:00,9.1,157.3,2.8,0,972.7,1024.8,79.2,,
883,2023-11-16 06:00,9.8,144.6,4.7,0,971.4,1023.3,76.9,,
883,2023-11-16 07:00,10.1,150.1,4.6,0,971,1022.8,73.1,,
883,2023-11-16 08:00,10.5,159.6,5.6,0,970.5,1022.1,72.5,,
883,2023-11-16 09:00,11.6,159.4,6.3,0,970.3,1021.6,75.8,,
883,2023-11-16 10:00,11.2,160.7,5,0,970.3,1021.7,79.9,,
883,2023-11-16 11:00,11.7,196.5,3.2,1,969.1,1020.3,90,,
883,2023-11-16 12:00,11.1,272.3,4.9,1,968.2,1019.6,91.8,,
883,2023-11-16 13:00,9.8,311.9,7.3,13.5,967.2,1018.8,99,,
883,2023-11-16 14:00,9.4,276.8,4.8,9,967.3,1019,99.2,,
883,2023-11-16 15:00,8,292.7,6.5,8,967,1018.9,99.1,,
883,2023-11-16 16:00,7.8,20.8,4.4,6.5,967.4,1019.3,99.2,,
883,2023-11-16 17:00,7.6,24.8,5.1,3,967,1019,98.9,,
883,2023-11-16 18:00,7.4,28.5,5,.5,966.8,1018.8,98.2,,
883,2023-11-16 19:00,7.5,27.7,5,2.5,967.3,1019.3,98,,
883,2023-11-16 20:00,7.3,26.2,5.5,.5,967.2,1019.2,96.5,,
883,2023-11-16 21:00,7.9,37.6,5.6,0,967.5,1019.4,84.9,,
883,2023-11-16 22:00,7.2,34.4,4.2,0,967,1019,84,,
883,2023-11-16 23:00,7.8,30,4.3,0,966.8,1018.7,83.3,,
883,2023-11-17 00:00,6.8,37.6,6.7,0,967.1,1019.3,93.7,,
883,2023-11-17 01:00,7.7,48.4,4.8,0,966.7,1018.6,83.4,,
883,2023-11-17 02:00,5.7,6.8,3.7,2.5,966.3,1018.7,94,,
883,2023-11-17 03:00,7,80.8,3.3,2,966.2,1018.3,79.4,,
883,2023-11-17 04:00,6.1,309.5,6.1,.5,965.6,1017.8,87.7,,
883,2023-11-17 05:00,5.6,309,5.3,2.5,965.8,1018.2,87.5,,
883,2023-11-17 06:00,6.3,43.1,4,0,965.5,1017.7,74.8,,
883,2023-11-17 07:00,6.9,272.1,5.3,0,965.8,1017.9,61.7,,
883,2023-11-17 08:00,6.6,272.4,4.6,0,966,1018.1,67.5,,
883,2023-11-17 09:00,5,32.4,4.3,1.5,966.4,1019,95.4,,
883,2023-11-17 10:00,6.3,40.7,4,0,966.1,1018.3,83.6,,
883,2023-11-17 11:00,7.9,156.5,2.4,0,965.5,1017.3,71.8,,
883,2023-11-17 12:00,9.1,320.2,7.3,0,964.4,1016.1,53.3,,
883,2023-11-17 13:00,7.3,313.3,10.3,0,963.9,1015.8,70.1,,
883,2023-11-17 14:00,5.1,346.3,4,2,963.6,1016,95.1,,
883,2023-11-17 15:00,4.3,304,6,2.5,963.1,1015.7,96.9,,
883,2023-11-17 16:00,5,75.4,4.2,3,963.1,1015.5,97.2,,
883,2023-11-17 17:00,5.4,294.6,4.6,.5,963.2,1015.5,85,,
883,2023-11-17 18:00,6.2,272.7,5.6,0,963.1,1015.2,74.8,,
883,2023-11-17 19:00,6.1,313.6,9.6,.5,963.5,1015.6,63.8,,
883,2023-11-17 20:00,5,99.7,3.1,0,963.5,1015.9,76.3,,
883,2023-11-17 21:00,5.4,315.3,9.3,.5,963.8,1016.1,71,,
883,2023-11-17 22:00,4.4,309.8,6,.5,963.5,1016.1,93.2,,
883,2023-11-17 23:00,3.3,328.7,3.4,0,963.9,1016.6,95.4,,
883,2023-11-18 00:00,4.5,289.9,11.1,0,963.7,1016.2,78.8,,
883,2023-11-18 01:00,3.8,237.4,6.2,.5,963.7,1016.3,82.1,,
883,2023-11-18 02:00,3,39.5,6.7,.5,963.6,1016.3,94.1,,
883,2023-11-18 03:00,3.4,151.5,3.8,.5,963.8,1016.5,77.4,,
883,2023-11-18 04:00,2.9,305.2,8.6,0,964.3,1017.1,86.3,,
883,2023-11-18 05:00,2.2,55.8,8,.5,964.7,1017.7,82.7,,
883,2023-11-18 06:00,1.7,35.2,9.1,.5,966,1019.2,92.8,,
883,2023-11-18 07:00,2.5,36.8,8.5,0,966.3,1019.3,75.5,,
883,2023-11-18 08:00,2.4,37.6,8.2,.5,967.3,1020.4,70.6,,
883,2023-11-18 09:00,2.9,31.7,10.3,0,968.1,1021.1,69.8,,
883,2023-11-18 10:00,3.6,27.4,10,0,968.9,1021.8,73.1,,
883,2023-11-18 11:00,3.6,28.5,10.2,0,968.8,1021.7,72.6,,
883,2023-11-18 12:00,4,26.4,7.4,0,969,1022,75.4,,
883,2023-11-18 13:00,4.4,41,6.4,0,968.9,1021.7,74.4,,
883,2023-11-18 14:00,4.8,26.7,6.7,0,968.7,1021.4,74.8,,
883,2023-11-18 15:00,5.1,38.9,4.9,0,968.5,1021.1,77.6,,
883,2023-11-18 16:00,5.4,34.3,6.2,0,968.7,1021.3,73.9,,
883,2023-11-18 17:00,5.6,23.6,4.2,0,969,1021.6,73.9,,
883,2023-11-18 18:00,5.9,19.1,4.6,0,968.9,1021.4,74.1,,
883,2023-11-18 19:00,6,34.6,6.2,0,969.6,1022.1,76.7,,
883,2023-11-18 20:00,6.1,31.6,6.2,0,969.8,1022.3,75.7,,
883,2023-11-18 21:00,6,7.8,3,0,970.1,1022.6,69.6,,
883,2023-11-18 22:00,6.1,37.2,4.9,0,969.9,1022.4,73,,
883,2023-11-18 23:00,5.8,30.7,4.2,0,969.9,1022.5,73.6,,
883,2023-11-19 00:00,5.7,27.3,4.1,0,969.5,1022.1,78.9,,
883,2023-11-19 01:00,6,23.3,4.2,0,969.3,1021.8,80.4,,
883,2023-11-19 02:00,5.8,41,2.2,0,969.2,1021.7,75.7,,
883,2023-11-19 03:00,6.5,37.4,3.3,0,969.1,1021.4,79.5,,
883,2023-11-19 04:00,6.1,31.6,2.9,0,968.9,1021.3,77.5,,
883,2023-11-19 05:00,6,35.9,2.6,0,968.8,1021.2,79.1,,
883,2023-11-19 06:00,6.7,41.8,2.4,0,968.9,1021.2,78.3,,
883,2023-11-19 07:00,6.8,12.7,1.2,0,969.2,1021.5,81.1,,
883,2023-11-19 08:00,7.1,64.3,1.4,0,969.4,1021.6,80.4,,
883,2023-11-19 09:00,8.6,293.4,1.8,0,969.7,1021.6,74.8,,
883,2023-11-19 10:00,9.8,291.6,3,0,969.7,1021.5,71.7,,
883,2023-11-19 11:00,10.2,288.4,3.6,0,969.4,1021,73.4,,
883,2023-11-19 12:00,11.5,290.4,4.7,0,968.3,1019.6,66.3,,
883,2023-11-19 13:00,12.4,285.3,4.3,0,967.8,1018.8,63.8,,
883,2023-11-19 14:00,13.3,283.5,3.5,0,967.5,1018.3,63.3,,
883,2023-11-19 15:00,12.4,317.1,5.1,0,967.3,1018.3,56,,
883,2023-11-19 16:00,11.9,317.1,5,0,967.3,1018.4,65.1,,
883,2023-11-19 17:00,11.2,309.2,4.3,0,967.6,1018.9,69,,
883,2023-11-19 18:00,10.2,306.2,3.2,0,967.9,1019.5,73,,
883,2023-11-19 19:00,10.2,280.3,2.4,0,968,1019.6,71.9,,
883,2023-11-19 20:00,10.5,280.1,3,0,968.3,1019.8,71.1,,
883,2023-11-19 21:00,10.3,256,1.7,0,968.5,1020.1,71.5,,
883,2023-11-19 22:00,9.6,90.2,2.1,0,968.5,1020.3,74.3,,
883,2023-11-19 23:00,10.1,116.2,1.4,0,968.6,1020.2,73.6,,
883,2023-11-20 00:00,10.8,98.8,1.6,0,968.7,1020.2,76.9,,
883,2023-11-20 01:00,10.6,45.7,3.1,0,968.8,1020.3,82.4,,
883,2023-11-20 02:00,10.6,33,4.3,0,968.8,1020.3,83.4,,
883,2023-11-20 03:00,9.8,26,5.4,0,968.8,1020.5,91.2,,
883,2023-11-20 04:00,9,30.8,4.7,0,969,1020.9,91.8,,
883,2023-11-20 05:00,8,38,3.6,0,968.9,1020.9,92.7,,
883,2023-11-20 06:00,7.4,36.3,4.3,0,969.1,1021.2,94,,
883,2023-11-20 07:00,6.9,43.5,4.8,0,969.7,1022,94,,
883,2023-11-20 08:00,6.3,38.8,5.4,0,970.3,1022.7,87.6,,
883,2023-11-20 09:00,7.6,62.4,5.2,0,971.1,1023.3,77.1,,
883,2023-11-20 10:00,9.5,40.6,5.2,0,971.4,1023.3,69,,
883,2023-11-20 11:00,10.9,26.5,6,0,971.5,1023.1,62.7,,
883,2023-11-20 12:00,11.8,33.2,5.5,0,971.1,1022.4,59.7,,
883,2023-11-20 13:00,11.5,29.7,5.9,0,970.8,1022.2,62.6,,
883,2023-11-20 14:00,11.8,24.1,6.2,0,970.4,1021.7,64.7,,
883,2023-11-20 15:00,11.4,25.3,5.5,0,970.5,1021.9,64.4,,
883,2023-11-20 16:00,10.7,20.4,5.4,0,970.3,1021.9,66,,
883,2023-11-20 17:00,8.6,17.6,5.3,0,970.9,1022.8,72.4,,
883,2023-11-20 18:00,7.3,97.9,2,0,971.1,1023.3,83.4,,
883,2023-11-20 19:00,7.3,116.2,2.4,0,971.2,1023.4,86.4,,
883,2023-11-20 20:00,8.6,165.1,3,0,971.7,1023.7,80.3,,
883,2023-11-20 21:00,8.5,164.8,3,0,971.7,1023.7,83.6,,
883,2023-11-20 22:00,8.6,164.3,2.8,0,971.6,1023.6,85.1,,
883,2023-11-20 23:00,8.6,167.8,3.6,0,971.4,1023.3,80.1,,
883,2023-11-21 00:00,8.1,161.5,3.5,0,971.2,1023.3,82.8,,
883,2023-11-21 01:00,8.4,152.6,3.1,0,971.1,1023.1,83.5,,
883,2023-11-21 02:00,8.3,152.5,3.7,0,970.8,1022.8,84.8,,
883,2023-11-21 03:00,7.8,156.6,3.1,0,970.6,1022.7,82.4,,
883,2023-11-21 04:00,8,165.2,3.4,0,970.3,1022.3,82.1,,
883,2023-11-21 05:00,8.4,165.1,3.2,0,970.1,1022,84.3,,
883,2023-11-21 06:00,8.3,168.6,3.4,0,970.3,1022.3,86.5,,
883,2023-11-21 07:00,8.4,166.7,3.1,0,970.6,1022.5,88.3,,
883,2023-11-21 08:00,9.1,175.4,2.9,0,971,1023,87.3,,
883,2023-11-21 09:00,12.1,203.4,1.4,0,971.6,1022.9,77.7,,
883,2023-11-21 10:00,13.5,209.1,2.1,0,971.4,1022.3,71.4,,
883,2023-11-21 11:00,14,225.6,1.9,0,970.9,1021.9,69.2,,
883,2023-11-21 12:00,14.2,274.8,2.4,0,970.3,1021.2,68.5,,
883,2023-11-21 13:00,14.9,296.6,2.9,0,969.5,1020.2,75.9,,
883,2023-11-21 14:00,15.3,23.7,.9,0,968.6,1019.1,73.7,,
883,2023-11-21 15:00,13.6,347.7,2.5,0,968.3,1019,77.1,,
883,2023-11-21 16:00,13.3,337.5,2.7,0,968.4,1019.2,76.5,,
883,2023-11-21 17:00,11.8,326.6,1.2,0,968.5,1019.7,75.5,,
883,2023-11-21 18:00,9.1,160.9,.8,0,968.5,1020.4,88.3,,
883,2023-11-21 19:00,9.1,168.2,2.8,0,968.5,1020.4,88.5,,
883,2023-11-21 20:00,9,162.8,2.7,0,968.9,1020.8,85.6,,
883,2023-11-21 21:00,9.3,168,3.5,0,968.9,1020.8,87.6,,
883,2023-11-21 22:00,9.4,173.5,4.6,0,968.8,1020.6,86.8,,
883,2023-11-21 23:00,9.4,167.7,3.5,0,968.7,1020.5,88.9,,
883,2023-11-22 00:00,9.6,163.1,4,0,968.5,1020.3,88.4,,
883,2023-11-22 01:00,9.8,168.7,4,0,968.2,1019.9,88.9,,
883,2023-11-22 02:00,9.8,171.7,3.8,0,968.1,1019.8,88.8,,
883,2023-11-22 03:00,10.2,169.7,4.4,0,967.8,1019.4,87.3,,
883,2023-11-22 04:00,10.3,168.1,3.7,0,967.8,1019.3,87.8,,
883,2023-11-22 05:00,10.4,168.8,3.1,0,967.7,1019.2,87.7,,
883,2023-11-22 06:00,10.6,173.6,3,0,967.8,1019.3,85,,
883,2023-11-22 07:00,10.4,174.9,2.5,0,967.7,1019.2,86.9,,
883,2023-11-22 08:00,10.9,173.4,2.8,0,967.6,1019,85.1,,
883,2023-11-22 09:00,13.2,174.1,3,0,967.3,1018.1,78.6,,
883,2023-11-22 10:00,15.6,192.9,2.6,0,968,1018.4,71.8,,
883,2023-11-22 11:00,16.4,199.3,3,0,967.3,1017.4,68.1,,
883,2023-11-22 12:00,17,198.7,3.1,0,966.6,1016.5,65.1,,
883,2023-11-22 13:00,17.6,228.5,2.7,0,965.7,1015.4,62.2,,
883,2023-11-22 14:00,17.7,222.8,2.5,0,965.1,1014.7,60.4,,
883,2023-11-22 15:00,17.3,233,2.7,0,964.9,1014.6,61.7,,
883,2023-11-22 16:00,14.9,206.1,3.3,0,964.4,1014.8,73.4,,
883,2023-11-22 17:00,13.2,206.4,2.8,0,964.7,1015.3,82.4,,
883,2023-11-22 18:00,12.3,187.7,3,0,965.1,1016,86.5,,
883,2023-11-22 19:00,12.4,178.6,3.7,0,965,1015.9,86.8,,
883,2023-11-22 20:00,12.4,175.1,4.7,0,964.6,1015.4,87.6,,
883,2023-11-22 21:00,13,174.1,5.7,0,964.4,1015.1,88.7,,
883,2023-11-22 22:00,13.5,179.4,3.9,0,964.7,1015.3,88.8,,
883,2023-11-22 23:00,14.2,177.9,4.4,0,964.7,1015.4,88.1,,
883,2023-11-23 00:00,14.3,181.7,3.3,0,964.8,1015.4,91.9,,
883,2023-11-23 01:00,14.7,194.1,3.6,0,964.6,1015.1,92.2,,
883,2023-11-23 02:00,14.5,206.7,3.4,0,964.6,1015.2,93.5,,
883,2023-11-23 03:00,14.6,227.7,3.5,0,964.4,1014.9,92.5,,
883,2023-11-23 04:00,14.9,248,3,0,964.2,1014.6,93.5,,
883,2023-11-23 05:00,14.2,237.3,2.5,0,964,1014.6,95.5,,
883,2023-11-23 06:00,13.9,227.2,2.2,0,963.9,1014.3,96.3,,
883,2023-11-23 07:00,13,209.4,1.4,0,964,1014.6,96.5,,
883,2023-11-23 08:00,14.1,227.4,2.1,0,964.2,1014.9,97.6,,
883,2023-11-23 09:00,14.9,224.8,1.3,0,964.6,1015,96,,
883,2023-11-23 10:00,15.9,241.5,2.4,0,964.7,1014.8,88.6,,
883,2023-11-23 11:00,17.6,237.6,2.5,0,964.4,1014,79,,
883,2023-11-23 12:00,18.1,235.3,3.6,0,963.6,1013,72.3,,
883,2023-11-23 13:00,17.2,244,3.6,0,963.2,1012.9,76.6,,
883,2023-11-23 14:00,17.3,225.3,4,0,963,1012.6,75.2,,
883,2023-11-23 15:00,17.3,230.9,4.1,0,962.9,1012.5,75.3,,
883,2023-11-23 16:00,15.5,276,4.2,0,963.9,1014.1,82.3,,
883,2023-11-23 17:00,13.3,306.5,6.2,0,964.7,1015.3,87.3,,
883,2023-11-23 18:00,12.4,35.8,4.7,0,965.3,1016.2,83.5,,
883,2023-11-23 19:00,11,27,5,0,966,1017.3,87.5,,
883,2023-11-23 20:00,10.9,14.9,4.1,0,966.6,1017.9,75.5,,
883,2023-11-23 21:00,10.5,45.9,5,0,967.2,1018.7,85.2,,
883,2023-11-23 22:00,9.4,47,5.5,0,967.8,1019.6,80.6,,
883,2023-11-23 23:00,8.2,30.3,7.3,0,968.2,1020.1,76.1,,
883,2023-11-24 00:00,7,21,6.5,0,968.4,1020.6,68.9,,
883,2023-11-24 01:00,7,39.2,9,0,968.2,1020.4,74.8,,
883,2023-11-24 02:00,6.9,26.9,8.3,0,968.2,1020.4,78.6,,
883,2023-11-24 03:00,6.4,31.7,8.4,0,968.7,1021,76.1,,
883,2023-11-24 04:00,6.1,32.5,10.3,0,968.9,1021.3,73.6,,
883,2023-11-24 05:00,5.8,29.7,10.5,0,969.5,1022,66.4,,
883,2023-11-24 06:00,5.4,28.3,9.7,0,970.1,1022.8,63.7,,
883,2023-11-24 07:00,5,28.3,10.8,0,970.8,1023.6,73.4,,
883,2023-11-24 08:00,4.8,25.7,11.7,0,971.6,1024.5,71.1,,
883,2023-11-24 09:00,4.8,25.8,12.6,0,972.4,1025.3,72.8,,
883,2023-11-24 10:00,4.9,26.3,11,0,973.5,1026.5,71.1,,
883,2023-11-24 11:00,5,27.5,10.4,0,974,1027,68.5,,
883,2023-11-24 12:00,5.3,28.6,10.1,0,973.8,1026.7,66.1,,
883,2023-11-24 13:00,5,33,11.1,0,973.4,1026.3,66.5,,
883,2023-11-24 14:00,4.6,24.9,12.2,0,973.3,1026.3,67.9,,
883,2023-11-24 15:00,3.5,28.8,12.1,0,973.8,1027,77.8,,
883,2023-11-24 16:00,3.8,26,12,0,973.9,1027,70.2,,
883,2023-11-24 17:00,3.4,27.1,12,0,974.2,1027.4,67.1,,
883,2023-11-24 18:00,3.1,27,10.3,0,974.9,1028.2,67.3,,
883,2023-11-24 19:00,3,29,10.9,0,975.5,1028.9,70.1,,
883,2023-11-24 20:00,2.5,26.1,9.1,0,975.6,1029.1,68.8,,
883,2023-11-24 21:00,2.5,30.6,10.1,0,976,1029.5,71,,
883,2023-11-24 22:00,2.1,29,9.1,0,976.1,1029.7,69.6,,
883,2023-11-24 23:00,2,29.6,8.7,0,976.7,1030.4,71.5,,
883,2023-11-25 00:00,1.8,30.5,9.1,0,976.7,1030.4,70.9,,
883,2023-11-25 01:00,1.5,31.9,9.7,0,976.3,1030.1,70.7,,
883,2023-11-25 02:00,1.5,33.8,8,0,976.6,1030.4,71.1,,
883,2023-11-25 03:00,1.6,28.4,8.9,0,976.3,1030.1,71.8,,
883,2023-11-25 04:00,1.9,31.3,9,0,976,1029.7,73.4,,
883,2023-11-25 05:00,1.9,43.4,6.2,0,976.2,1029.9,77.5,,
883,2023-11-25 06:00,1.5,35.5,8.5,0,976.3,1030.1,78.4,,
883,2023-11-25 07:00,1.1,42.4,8.3,0,976.3,1030.2,78.4,,
883,2023-11-25 08:00,1.4,44.3,6.1,0,977.7,1031.6,79,,
883,2023-11-25 09:00,1.8,43.9,6.5,0,978.4,1032.2,77.4,,
883,2023-11-25 10:00,2.6,59.4,5.8,0,978.9,1032.6,67.9,,
883,2023-11-25 11:00,3.4,29.2,7.4,0,978.1,1031.5,66.4,,
883,2023-11-25 12:00,3.6,41,5.3,0,977.4,1030.8,66.2,,
883,2023-11-25 13:00,4.3,31.4,6.6,0,976.7,1030,66.1,,
883,2023-11-25 14:00,5.1,23.5,5.8,0,976,1029.1,64.9,,
883,2023-11-25 15:00,4,31.2,4.9,0,975.6,1028.9,67.8,,
883,2023-11-25 16:00,3.8,31.6,5.2,0,975.1,1028.3,65.6,,
883,2023-11-25 17:00,2.6,34.2,4.4,0,975.2,1028.7,68.1,,
883,2023-11-25 18:00,2.4,40.1,3.5,0,975.3,1028.8,69.7,,
883,2023-11-25 19:00,2.8,56.2,3,0,975.7,1029.1,69.3,,
883,2023-11-25 20:00,3,51.7,2.3,0,975.5,1028.9,71.7,,
883,2023-11-25 21:00,3.2,50.2,1.8,0,975.9,1029.3,75.3,,
883,2023-11-25 22:00,3.6,60.5,1.3,0,975.7,1029,78.4,,
883,2023-11-25 23:00,4,103.3,.8,0,975.7,1029,77.9,,
883,2023-11-26 00:00,3.9,82.3,1.7,0,975.1,1028.3,79.5,,
883,2023-11-26 01:00,3.2,0,0,0,974.7,1028,86.2,,
883,2023-11-26 02:00,3.1,106.7,2.1,0,974.4,1027.7,88.8,,
883,2023-11-26 03:00,3.4,164.1,2.8,0,974.3,1027.5,87.2,,
883,2023-11-26 04:00,3.1,77.2,1,0,974.1,1027.4,89,,
883,2023-11-26 05:00,2.4,73,3.6,0,973.7,1027.1,90.8,,
883,2023-11-26 06:00,2.2,57.8,2.7,0,973.7,1027.2,93.2,,
883,2023-11-26 07:00,2.4,74,3,0,974,1027.4,94,,
883,2023-11-26 08:00,3.8,71.9,3.5,0,973.6,1026.7,90.3,,
883,2023-11-26 09:00,5.1,31.8,4.6,0,973.4,1026.3,85.1,,
883,2023-11-26 10:00,8.1,32.3,2.1,0,973.3,1025.5,72.2,,
883,2023-11-26 11:00,9.9,270.7,.8,0,972.7,1024.6,63.7,,
883,2023-11-26 12:00,11.1,226.5,1.9,0,971.8,1023.3,56.6,,
883,2023-11-26 13:00,9.8,316,3.9,0,971,1022.8,65.9,,
883,2023-11-26 14:00,11.1,31,2.9,0,970.3,1021.8,62.9,,
883,2023-11-26 15:00,10.6,356.9,3.6,0,969.7,1021.3,62.7,,
883,2023-11-26 16:00,9.2,27.4,2.9,0,969.3,1021.2,62.2,,
883,2023-11-26 17:00,8.1,238.2,1.4,0,968.8,1020.7,70.3,,
883,2023-11-26 18:00,5.5,53.2,1.9,0,969,1021.6,76,,
883,2023-11-26 19:00,5.9,169,2.7,0,968.8,1021.3,87.4,,
883,2023-11-26 20:00,7.1,165.7,3.2,0,969,1021.2,84.9,,
883,2023-11-26 21:00,7.7,175.1,3.6,0,968.4,1020.4,81.2,,
883,2023-11-26 22:00,7.9,179.1,3.4,0,968.3,1020.2,83.6,,
883,2023-11-26 23:00,8.3,170,3.9,0,968.1,1019.9,87.9,,
883,2023-11-27 00:00,8.9,170.8,4.1,0,967.6,1019.3,86.8,,
883,2023-11-27 01:00,9.4,172,3.9,0,967.4,1019.1,85.6,,
883,2023-11-27 02:00,9.4,181.7,3.6,0,966.9,1018.6,85.8,,
883,2023-11-27 03:00,9.3,195.9,3,0,966.5,1018.2,89.9,,
883,2023-11-27 04:00,9.3,208.3,2.4,0,966.2,1017.9,91.6,,
883,2023-11-27 05:00,9.3,193.6,2.3,0,965.8,1017.5,90.8,,
883,2023-11-27 06:00,9.8,194.1,2.2,0,965.6,1017.1,89.1,,
883,2023-11-27 07:00,9.8,194.9,2.4,0,965.3,1016.8,88.7,,
883,2023-11-27 08:00,10.4,184.4,3.1,0,965.3,1016.7,84.4,,
883,2023-11-27 09:00,11,183.5,2.6,0,965.2,1016.4,86.5,,
883,2023-11-27 10:00,11,267.6,3.7,1.5,965.5,1016.7,96.7,,
883,2023-11-27 11:00,11.4,259.4,3.2,0,965.3,1016.4,92.1,,
883,2023-11-27 12:00,12.2,272.2,3.9,0,964.6,1015.5,84,,
883,2023-11-27 13:00,11.4,309,5,0,963.8,1014.8,83.5,,
883,2023-11-27 14:00,11.5,312.6,5.6,0,963.6,1014.6,76.2,,
883,2023-11-27 15:00,11,317.8,6.7,0,963.3,1014.4,83.8,,
883,2023-11-27 16:00,10.8,318.2,6.8,0,963.7,1014.9,85.2,,
883,2023-11-27 17:00,10.2,278.3,3.7,0,964.1,1015.5,90.3,,
883,2023-11-27 18:00,9.9,51.3,3.4,0,964.4,1015.9,86,,
883,2023-11-27 19:00,9.4,95.1,2.1,0,964.9,1016.5,86,,
883,2023-11-27 20:00,9.4,51.6,1.2,0,965.3,1016.9,83.5,,
883,2023-11-27 21:00,9.3,275.4,3.8,0,965.6,1017.3,80,,
883,2023-11-27 22:00,9.1,297.7,4.4,0,965.7,1017.4,81.7,,
883,2023-11-27 23:00,9,308.2,3.7,0,966,1017.8,79.2,,
883,2023-11-28 00:00,9.4,315,4.6,0,965.9,1017.6,79.7,,
883,2023-11-28 01:00,8.3,30.6,4.1,0,966.3,1018,93.8,,
883,2023-11-28 02:00,7.8,24,4,.5,966,1017.8,92.2,,
883,2023-11-28 03:00,7.6,27.2,3.8,0,966.2,1018.1,87.2,,
883,2023-11-28 04:00,6.9,33.8,2.7,0,966.3,1018.4,90.4,,
883,2023-11-28 05:00,7.4,72.5,2.1,0,967,1019,83.5,,
883,2023-11-28 06:00,7.5,43.5,3.2,0,967.6,1019.6,79.7,,
883,2023-11-28 07:00,6.9,34.8,4.3,0,968,1020.2,85.5,,
883,2023-11-28 08:00,6.4,24.8,3.9,0,968.9,1021.2,92.4,,
883,2023-11-28 09:00,6.8,26.3,3.8,0,969.8,1022.1,86.9,,
883,2023-11-28 10:00,7.2,12.9,2.9,0,970.3,1022.5,80.5,,
883,2023-11-28 11:00,7.8,4,3.7,0,970.2,1022.3,79.3,,
883,2023-11-28 12:00,8,23.3,4.5,0,970.5,1022.5,79.3,,
883,2023-11-28 13:00,7.4,30.4,4.7,0,969.9,1022.1,74.9,,
883,2023-11-28 14:00,7.2,23.4,5.2,0,970.3,1022.5,70,,
883,2023-11-28 15:00,7.6,14.3,5,0,970,1022.1,63,,
883,2023-11-28 16:00,6.6,31.8,5,0,970.3,1022.7,61.8,,
883,2023-11-28 17:00,5.8,32.9,4.7,0,970.5,1023.1,65.7,,
883,2023-11-28 18:00,4.5,25.7,5,0,970.2,1023.1,71.4,,
883,2023-11-28 19:00,3.6,61,1.5,0,970.6,1023.6,73.5,,
883,2023-11-28 20:00,3.1,62.7,1.4,0,970.4,1023.5,75.4,,
883,2023-11-28 21:00,2.9,99.7,3.5,0,970.2,1023.3,77.2,,
883,2023-11-28 22:00,1.5,105.1,2.9,0,970.8,1024.3,83.5,,
883,2023-11-28 23:00,1.7,102.2,2.6,0,971.2,1024.7,88.7,,
883,2023-11-29 00:00,4,84.5,1.9,0,971.4,1024.5,81.7,,
883,2023-11-29 01:00,5.8,306.8,1,0,971.7,1024.3,76.1,,
883,2023-11-29 02:00,6.7,317.1,1.7,0,971.6,1024,74.3,,
883,2023-11-29 03:00,5.6,38.6,.9,0,971.2,1023.9,79.6,,
883,2023-11-29 04:00,5.9,7.8,1.4,0,971.2,1023.8,74.4,,
883,2023-11-29 05:00,6,64.9,1.7,0,971.2,1023.8,80.5,,
883,2023-11-29 06:00,5.2,65.9,1.9,0,971.1,1023.9,83.8,,
883,2023-11-29 07:00,5.9,76.3,.8,0,971.2,1023.8,80.7,,
883,2023-11-29 08:00,5.5,83.3,2.3,0,971.5,1024.2,83.3,,
883,2023-11-29 09:00,7.4,64.6,2.6,0,971.7,1024,77.3,,
883,2023-11-29 10:00,7.8,39,3.9,0,971.9,1024.1,74.5,,
883,2023-11-29 11:00,8.7,32.2,3.3,0,971.2,1023.1,73.6,,
883,2023-11-29 12:00,10,333.1,2.8,0,971,1022.8,68.7,,
883,2023-11-29 13:00,11.3,31.6,3.1,0,971.1,1022.6,65.7,,
883,2023-11-29 14:00,10.8,29,3.4,0,970.7,1022.3,66.5,,
883,2023-11-29 15:00,9.9,24.4,3.2,0,970.8,1022.6,70.7,,
883,2023-11-29 16:00,10.9,168.9,3.6,0,969.7,1021.2,62.6,,
883,2023-11-29 17:00,8.8,31.5,2.9,0,970.6,1022.5,77,,
883,2023-11-29 18:00,7.8,27.3,3.9,0,970.9,1023,71.9,,
883,2023-11-29 19:00,7.3,34.6,4.1,0,971.6,1023.9,77.4,,
883,2023-11-29 20:00,6.7,37.6,5.2,0,972.1,1024.5,76.5,,
883,2023-11-29 21:00,6.4,33.2,6.5,0,972.4,1024.9,75.6,,
883,2023-11-29 22:00,6.1,30.1,7.4,0,972.7,1025.3,77.9,,
883,2023-11-29 23:00,5.7,34.1,5.9,0,972.9,1025.6,81,,
883,2023-11-30 00:00,4.9,34.2,7.9,0,972.7,1025.6,95.8,,
883,2023-11-30 01:00,4,30.1,8.7,1,972.9,1026.1,97.7,,
883,2023-11-30 02:00,3.7,25.1,8.4,0,973,1026.1,96.9,,
883,2023-11-30 03:00,3.7,26.2,8.9,0,973.2,1026.3,90.4,,
883,2023-11-30 04:00,3.2,25.9,9.2,.5,973,1026.2,82,,
883,2023-11-30 05:00,2.6,31.3,8.6,0,973.1,1026.5,73.9,,
883,2023-11-30 06:00,2.8,30.1,8.5,0,973.2,1026.5,77.1,,
883,2023-11-30 07:00,2.8,32.2,8.2,0,973.8,1027.1,71.1,,
883,2023-11-30 08:00,2.7,31.3,8.4,0,974.3,1027.7,72,,
883,2023-11-30 09:00,2.8,28,8.8,0,974.4,1027.8,68.8,,
883,2023-11-30 10:00,2.8,32.3,6.5,0,974.6,1028,76.7,,
883,2023-11-30 11:00,1.7,25.8,6.6,0,974.7,1028.4,95.6,,
883,2023-11-30 12:00,1.6,37.2,5.8,.5,974,1027.6,95,,
883,2023-11-30 13:00,.9,31.2,6.3,.5,973.6,1027.4,96.7,,
883,2023-11-30 14:00,1.1,27.7,7.3,.5,973.1,1026.8,96.3,,
883,2023-11-30 15:00,1.6,25.9,7.1,0,973,1026.6,94,,
883,2023-11-30 16:00,1.4,24.8,6.9,.5,972.8,1026.4,92.5,,
883,2023-11-30 17:00,1.6,26,6.5,0,972.8,1026.4,88.4,,
883,2023-11-30 18:00,1.3,24.4,5.9,0,973,1026.7,89.8,,
883,2023-11-30 19:00,1.3,25.1,5.8,0,973,1026.7,89.5,,
883,2023-11-30 20:00,1.1,27.4,4.8,0,973.3,1027,91.2,,
883,2023-11-30 21:00,1.2,28.5,4.5,0,973.3,1027,94,,
883,2023-11-30 22:00,1.6,43,3.6,0,973.3,1026.9,93.8,,
883,2023-11-30 23:00,1.3,33.7,3.6,.5,973.4,1027.1,96,,
883,2023-12-01 00:00,1.4,28.1,4,.5,973,1026.6,97,,
883,2023-12-01 01:00,1.4,45.3,3.9,.5,972.6,1026.2,97,,
883,2023-12-01 02:00,1.7,56.5,4.1,.5,971.9,1025.4,94.6,,
883,2023-12-01 03:00,1.8,30.9,4.9,0,971.7,1025.2,94.2,,
883,2023-12-01 04:00,1.5,53.8,4.1,.5,971.5,1025,97.3,,
883,2023-12-01 05:00,2,26.9,3.4,.5,971.4,1024.8,97.2,,
883,2023-12-01 06:00,2.3,28.4,4,1,971.9,1025.3,96.7,,
883,2023-12-01 07:00,2.1,23.8,3.8,0,972.1,1025.5,96.6,,
883,2023-12-01 08:00,1.9,348.5,3.7,2.5,972.7,1026.2,97.9,,
883,2023-12-01 09:00,2.9,260.5,4.5,1,973,1026.3,82.3,,
883,2023-12-01 10:00,3.2,67.7,2.7,.5,973.3,1026.5,76.5,,
883,2023-12-01 11:00,3.3,267.8,3.4,0,973,1026.2,72.2,,
883,2023-12-01 12:00,3.5,295.4,5,0,972.2,1025.3,74.6,,
883,2023-12-01 13:00,4,304.8,5.6,0,971.5,1024.6,65.5,,
883,2023-12-01 14:00,3.7,22.7,3.5,0,971.3,1024.3,72.8,,
883,2023-12-01 15:00,3.4,70.5,3.5,0,971.2,1024.3,74.4,,
883,2023-12-01 16:00,3.8,62.8,4.2,0,971.2,1024.2,64.5,,
883,2023-12-01 17:00,2.7,25.8,8.2,0,971.4,1024.6,90.4,,
883,2023-12-01 18:00,2.4,25.6,8.5,0,972.1,1025.4,84.6,,
883,2023-12-01 19:00,1.5,25.1,7.4,0,972.5,1026.1,83.2,,
883,2023-12-01 20:00,2.2,25.6,5.9,0,972.9,1026.3,80.3,,
883,2023-12-01 21:00,2,36.3,5.9,0,973.2,1026.7,82.1,,
883,2023-12-01 22:00,2,34.3,5.4,0,973.2,1026.7,90,,
883,2023-12-01 23:00,2.6,27.4,6.5,0,973.2,1026.6,83.1,,
883,2023-12-02 00:00,2.7,32.3,4.6,0,973.3,1026.6,83.2,,
883,2023-12-02 01:00,2.9,24.9,5.2,0,973.5,1026.8,81.1,,
883,2023-12-02 02:00,3,24.2,4.5,0,973.6,1026.9,76.9,,
883,2023-12-02 03:00,2.7,34.8,3.6,0,973.6,1027,72.2,,
883,2023-12-02 04:00,2.6,46.5,2.7,0,973.5,1026.9,73.3,,
883,2023-12-02 05:00,2.8,29.6,2.6,0,973.5,1026.8,75.5,,
883,2023-12-02 06:00,3.2,69.1,2.1,0,973.7,1026.9,73.7,,
883,2023-12-02 07:00,3.7,74.6,2.4,0,974.2,1027.4,72.8,,
883,2023-12-02 08:00,4.2,38.2,1.7,0,974.7,1027.9,73,,
883,2023-12-02 09:00,4.8,37.3,1.6,0,974.9,1028,69.9,,
883,2023-12-02 10:00,5.6,322.7,1.8,0,975.2,1028.1,65.1,,
883,2023-12-02 11:00,5.7,290.5,2,0,975.2,1028.1,65.7,,
883,2023-12-02 12:00,6.1,16.8,1.9,0,974.7,1027.4,67.2,,
883,2023-12-02 13:00,6.1,331.3,1.7,0,974.2,1026.9,65,,
883,2023-12-02 14:00,6.2,336.5,1.9,0,973.3,1025.9,63.5,,
883,2023-12-02 15:00,6.2,18.4,1.9,0,972.9,1025.5,67,,
883,2023-12-02 16:00,5.9,55.2,2,0,972.8,1025.5,70.1,,
883,2023-12-02 17:00,5.8,73.5,3,0,972.8,1025.5,73.1,,
883,2023-12-02 18:00,5.6,81.4,1.2,0,973.1,1025.9,76.3,,
883,2023-12-02 19:00,5.6,49.1,1.2,0,973.3,1026.1,75.9,,
883,2023-12-02 20:00,6.2,34.8,1.6,0,973.3,1025.9,72.4,,
883,2023-12-02 21:00,6.3,290,2.6,0,973.3,1025.9,73,,
883,2023-12-02 22:00,6.3,335.4,1.9,0,973.2,1025.8,67,,
883,2023-12-02 23:00,6.2,29.1,2.3,0,973.5,1026.1,65.1,,
883,2023-12-03 00:00,6,31,2.9,0,973.6,1026.3,69.4,,
883,2023-12-03 01:00,5.4,282.6,2.5,0,973.7,1026.6,68.2,,
883,2023-12-03 02:00,5.7,81.5,1.4,0,973.6,1026.4,68.2,,
883,2023-12-03 03:00,6,32.2,2.6,0,973.2,1025.9,66.3,,
883,2023-12-03 04:00,6.1,35.3,3.5,0,972.9,1025.5,63.2,,
883,2023-12-03 05:00,6.2,25.7,3.6,0,972.7,1025.3,68.4,,
883,2023-12-03 06:00,5.9,35.1,3.3,0,972.5,1025.2,69.7,,
883,2023-12-03 07:00,6.3,41.6,2.8,0,973,1025.6,66,,
883,2023-12-03 08:00,6.2,28.3,3.4,0,973.4,1026,65,,
883,2023-12-03 09:00,6.5,30,4.7,0,974,1026.6,78.9,,
883,2023-12-03 10:00,7.3,29.2,4.6,0,974.6,1027,73,,
883,2023-12-03 11:00,8,26,5,0,974.6,1026.9,66.7,,
883,2023-12-03 12:00,8.2,32.5,4.2,0,974,1026.2,62.5,,
883,2023-12-03 13:00,9,27.8,4.9,0,973.4,1025.6,58.9,,
883,2023-12-03 14:00,8.6,26.7,4.5,0,972.9,1024.9,56.8,,
883,2023-12-03 15:00,8.3,29.4,4.9,0,972.7,1024.8,70.1,,
883,2023-12-03 16:00,6.9,31.9,5.1,0,972.7,1025.1,67.2,,
883,2023-12-03 17:00,6.2,26.2,4.3,0,972.7,1025.3,70.2,,
883,2023-12-03 18:00,4.8,56.7,2.9,0,972.7,1025.7,76,,
883,2023-12-03 19:00,4,56,1.8,0,973.2,1026.4,81,,
883,2023-12-03 20:00,3,82.7,3.7,0,973.1,1026.4,83.9,,
883,2023-12-03 21:00,2.3,76.7,3.8,0,973,1026.4,85.5,,
883,2023-12-03 22:00,2.5,71.1,4.2,0,973,1026.4,88.1,,
883,2023-12-03 23:00,2.3,74.1,4.5,0,972.8,1026.2,88.4,,
883,2023-12-04 00:00,2.3,79.1,4.3,0,972.4,1025.8,89.7,,
883,2023-12-04 01:00,2.7,69.5,4.3,0,972.2,1025.5,90.1,,
883,2023-12-04 02:00,2.5,65.5,3.8,0,971.7,1025,91.3,,
883,2023-12-04 03:00,2.2,65.4,3.7,0,971.1,1024.4,93.4,,
883,2023-12-04 04:00,1.5,67.3,3.3,0,970.9,1024.4,92,,
883,2023-12-04 05:00,1,51.6,3.1,0,970.3,1023.9,87.3,,
883,2023-12-04 06:00,2,96.7,3.1,0,970,1023.3,82.6,,
883,2023-12-04 07:00,.9,98.9,1.9,0,970.4,1024,85.7,,
883,2023-12-04 08:00,3.5,57.7,.6,0,970.5,1023.5,88.5,,
883,2023-12-04 09:00,6.2,48.6,.5,0,970.8,1023.3,80.9,,
883,2023-12-04 10:00,6.9,34.8,2.6,0,971,1023.3,79.9,,
883,2023-12-04 11:00,8.6,25.6,4,0,970.2,1022.1,75.1,,
883,2023-12-04 12:00,9.6,25.9,3.6,0,968.7,1020.5,74.7,,
883,2023-12-04 13:00,9,23.7,4.8,0,967.7,1019.6,74.6,,
883,2023-12-04 14:00,10.5,15.5,3.1,0,967,1018.4,70.1,,
883,2023-12-04 15:00,10.1,205,2.2,0,967.4,1019,68.6,,
883,2023-12-04 16:00,8.4,23.5,3.8,0,967,1018.8,78.3,,
883,2023-12-04 17:00,6.3,31.5,2.9,0,966.8,1019.1,86.6,,
883,2023-12-04 18:00,5.5,0,.3,0,966.9,1019.4,90.2,,
883,2023-12-04 19:00,8.1,155.1,4.1,0,966.8,1018.6,84.2,,
883,2023-12-04 20:00,6.2,166.5,1.2,0,966.9,1019.2,87.2,,
883,2023-12-04 21:00,7.2,169.7,3,0,967,1019,85.1,,
883,2023-12-04 22:00,6.2,58.7,.8,0,966.6,1018.9,93.3,,
883,2023-12-04 23:00,5.8,40.5,2.8,0,966.8,1019.2,91.5,,
883,2023-12-05 00:00,5.9,58.1,2.3,0,966.4,1018.7,85.8,,
883,2023-12-05 01:00,6,102.7,2.7,0,965.7,1018,88.2,,
883,2023-12-05 02:00,6.5,102,3.5,0,965.1,1017.2,75.5,,
883,2023-12-05 03:00,6.2,99.1,3.5,0,965.2,1017.4,78.6,,
883,2023-12-05 04:00,6.1,46,2.4,0,965.2,1017.4,83.6,,
883,2023-12-05 05:00,5.2,93.2,3.8,0,964.5,1016.9,75.4,,
883,2023-12-05 06:00,5.3,93,4.8,0,964.4,1016.8,79.9,,
883,2023-12-05 07:00,5.9,48.2,3.1,0,965.5,1017.8,82.3,,
883,2023-12-05 08:00,6.3,80.3,4.4,0,965.4,1017.6,80.7,,
883,2023-12-05 09:00,8.3,78.7,4.9,0,965.5,1017.2,70.3,,
883,2023-12-05 10:00,10.2,51.9,3.1,0,965.6,1017,64.5,,
883,2023-12-05 11:00,10.5,32.6,5,0,965.6,1017,62.9,,
883,2023-12-05 12:00,12,29.1,4.6,0,964.8,1015.7,58.4,,
883,2023-12-05 13:00,12.1,28.9,3.8,0,964,1014.9,51.1,,
883,2023-12-05 14:00,12,30.8,3.7,0,963.6,1014.5,39.8,,
883,2023-12-05 15:00,11.7,22.6,4.7,0,963.8,1014.8,54.2,,
883,2023-12-05 16:00,10.8,35.3,3.6,0,964,1015.2,59.5,,
883,2023-12-05 17:00,9.3,32.9,3,0,964.2,1015.8,67.3,,
883,2023-12-05 18:00,7.3,56.5,2.4,0,965,1016.9,74.9,,
883,2023-12-05 19:00,7.3,87.1,3.3,0,965.2,1017.1,78.4,,
883,2023-12-05 20:00,6.8,78.6,1.7,0,966.1,1018.2,80.6,,
883,2023-12-05 21:00,6.7,88.1,3.8,0,965,1017.1,85.6,,
883,2023-12-05 22:00,5.5,113.5,2.7,0,965.1,1017.5,86.4,,
883,2023-12-05 23:00,3.6,102,2.7,0,965.2,1017.9,89.9,,
883,2023-12-06 00:00,4.7,157.7,2.6,0,965.8,1018.4,90.3,,
883,2023-12-06 01:00,5.5,144.2,2.5,0,965.1,1017.5,94.4,,
883,2023-12-06 02:00,6.8,132.9,2.9,0,964.3,1016.3,94.8,,
883,2023-12-06 03:00,5.3,132,2,0,964.3,1016.7,94.4,,
883,2023-12-06 04:00,6,130.7,1.4,0,964.1,1016.3,93.4,,
883,2023-12-06 05:00,6.5,0,.1,0,963.6,1015.6,91.3,,
883,2023-12-06 06:00,6.9,158.8,1.7,0,963.7,1015.6,90.8,,
883,2023-12-06 07:00,7.6,175.9,2.4,0,963.6,1015.4,89.3,,
883,2023-12-06 08:00,7.8,169.1,3.3,0,963.3,1015,85.4,,
883,2023-12-06 09:00,9.6,173.9,3.4,0,963.5,1015,81.8,,
883,2023-12-06 10:00,12.3,188.2,3.3,0,963.1,1013.9,71.5,,
883,2023-12-06 11:00,13.8,188.1,4.3,0,962.5,1012.9,60.7,,
883,2023-12-06 12:00,13.2,211.8,5.4,0,961.9,1012.4,62.3,,
883,2023-12-06 13:00,14.3,220.1,5.8,0,961.2,1011.6,62.9,,
883,2023-12-06 14:00,13.2,238,4.8,0,960.6,1011,70.9,,
883,2023-12-06 15:00,13,226.8,5.6,0,959.5,1009.9,75.6,,
883,2023-12-06 16:00,12.8,241.1,4.9,0,959.7,1010.2,74.3,,
883,2023-12-06 17:00,12.4,244,5.6,0,959.4,1010,72.5,,
883,2023-12-06 18:00,11.5,277.6,5.4,0,959.4,1010.2,82.7,,
883,2023-12-06 19:00,10.8,314.1,5.9,0,960.1,1011.1,83.6,,
883,2023-12-06 20:00,9.5,293.6,6.8,0,961.4,1012.8,82.7,,
883,2023-12-06 21:00,8.4,45.3,5.3,0,961.8,1013.3,76.9,,
883,2023-12-06 22:00,8.3,47.5,5.1,0,962.2,1013.7,75.2,,
883,2023-12-06 23:00,8.2,58.9,4.8,0,962.5,1014.1,68.3,,
883,2023-12-07 00:00,8.2,25.6,5.6,0,962.9,1014.5,73.1,,
883,2023-12-07 01:00,8.1,48.2,5.1,0,962.9,1014.5,71.3,,
883,2023-12-07 02:00,7.8,28.4,6,0,963.5,1015.2,72.5,,
883,2023-12-07 03:00,6.9,30.6,5.9,0,963.8,1015.7,64.8,,
883,2023-12-07 04:00,6.2,36.6,6.2,0,963.7,1015.8,61.5,,
883,2023-12-07 05:00,5.6,27.4,8,0,963.6,1015.9,59.4,,
883,2023-12-07 06:00,5.6,26.2,7.2,0,964,1016.3,60.8,,
883,2023-12-07 07:00,4.9,27.5,5.8,0,964.9,1017.4,63.2,,
883,2023-12-07 08:00,4.6,27.1,3.6,0,965.6,1018.2,68.1,,
883,2023-12-07 09:00,6.7,29.6,3.8,0,966.2,1018.3,63.8,,
883,2023-12-07 10:00,8.1,10,3.3,0,966.8,1018.6,55,,
883,2023-12-07 11:00,9.5,313.3,2.7,0,966.8,1018.5,51.1,,
883,2023-12-07 12:00,9.6,318.8,2.7,0,966.4,1018,48.3,,
883,2023-12-07 13:00,10.3,292.3,2.7,0,966,1017.4,47.1,,
883,2023-12-07 14:00,10.7,277.6,2.6,0,965.6,1016.9,47.4,,
883,2023-12-07 15:00,11.2,261.6,2.3,0,965.5,1016.7,51.3,,
883,2023-12-07 16:00,10.7,249.4,2.7,0,965.6,1016.9,55.1,,
883,2023-12-07 17:00,9.2,213,2.3,0,965.5,1017.2,64.3,,
883,2023-12-07 18:00,7.6,169.5,3.1,0,965.7,1017.6,72.3,,
883,2023-12-07 19:00,7.4,177.4,3.5,0,966.2,1018.2,72.5,,
883,2023-12-07 20:00,7.3,180.7,3.8,0,966.5,1018.5,72.2,,
883,2023-12-07 21:00,7.4,184.6,3.5,0,966.7,1018.7,73.1,,
883,2023-12-07 22:00,7.5,179.3,4.5,0,966.8,1018.8,73.4,,
883,2023-12-07 23:00,7.9,166.8,5.1,0,966.6,1018.5,74.9,,
883,2023-12-08 00:00,8.1,156.9,5.2,0,966.7,1018.5,74.4,,
883,2023-12-08 01:00,8.5,163.3,5.4,0,966.4,1018.1,73.5,,
883,2023-12-08 02:00,9.1,172.2,5.1,0,966.5,1018.3,73.6,,
883,2023-12-08 03:00,9.6,181.3,5.4,0,966.3,1017.9,74.6,,
883,2023-12-08 04:00,9.7,179.2,5.4,0,966,1017.6,77.5,,
883,2023-12-08 05:00,9.7,175.7,6.5,0,965.6,1017.2,78.6,,
883,2023-12-08 06:00,10.1,175,6.3,0,965.6,1017.1,79.6,,
883,2023-12-08 07:00,10.7,185.1,5.5,0,965.9,1017.2,80.4,,
883,2023-12-08 08:00,11.1,187.1,5.3,0,966.3,1017.6,81.1,,
883,2023-12-08 09:00,12.3,178.6,6,0,966.5,1017.5,80.5,,
883,2023-12-08 10:00,13.9,183.6,6.3,0,966.9,1017.5,77.1,,
883,2023-12-08 11:00,15.3,185.6,6.3,0,966.8,1017.2,67.7,,
883,2023-12-08 12:00,14.9,192.5,6.1,0,965.9,1016.4,70.8,,
883,2023-12-08 13:00,15.7,190.7,6.9,0,965.4,1015.6,69.7,,
883,2023-12-08 14:00,17,204.1,5.9,0,964.8,1014.6,64.6,,
883,2023-12-08 15:00,16,212.5,6.6,0,964.6,1014.7,67.9,,
883,2023-12-08 16:00,14.9,203.1,5.8,0,964.8,1015.2,71.5,,
883,2023-12-08 17:00,13.8,205.3,5.1,0,964.9,1015.4,79.6,,
883,2023-12-08 18:00,13.1,197.8,5.2,0,964.9,1015.6,84.8,,
883,2023-12-08 19:00,13.1,199.9,5.3,0,965.4,1016.1,84.6,,
883,2023-12-08 20:00,13.2,192.5,5.6,0,965.6,1016.3,85.3,,
883,2023-12-08 21:00,12.8,188.2,5.7,0,965.4,1016.2,87.3,,
883,2023-12-08 22:00,12.9,179.5,6,0,965.5,1016.3,87.8,,
883,2023-12-08 23:00,12.9,176.5,5.7,0,965.7,1016.5,87.9,,
883,2023-12-09 00:00,12.9,178.2,5.3,0,966,1016.8,89.2,,
883,2023-12-09 01:00,13,184.7,4.9,0,965.9,1016.6,91.2,,
883,2023-12-09 02:00,13,195.1,4.3,0,966,1016.8,91.7,,
883,2023-12-09 03:00,12.9,196.6,4.1,0,965.9,1016.7,92.2,,
883,2023-12-09 04:00,12.7,197.2,4,0,965.8,1016.6,92.8,,
883,2023-12-09 05:00,12.7,193.3,4.2,0,965.8,1016.6,92.7,,
883,2023-12-09 06:00,12.7,193.2,3.8,0,966.2,1017,91.5,,
883,2023-12-09 07:00,12.9,193.6,2.9,0,966.9,1017.7,89.6,,
883,2023-12-09 08:00,13,186.3,3.6,0,967.3,1018.1,89.1,,
883,2023-12-09 09:00,14.4,185.2,2.9,0,968.1,1018.9,86,,
883,2023-12-09 10:00,15.6,184.6,3.4,0,968.2,1018.6,83.6,,
883,2023-12-09 11:00,16.3,200.7,3.9,0,968.4,1018.6,79.3,,
883,2023-12-09 12:00,17.4,194.9,3.6,0,967.7,1017.6,78.4,,
883,2023-12-09 13:00,17.1,200.9,4.2,0,967.3,1017.2,74.7,,
883,2023-12-09 14:00,17.4,203.5,3.8,0,966.6,1016.4,71,,
883,2023-12-09 15:00,16.8,198.5,4.3,0,966.5,1016.5,79,,
883,2023-12-09 16:00,16.5,195.2,3.9,0,966.7,1016.8,82.6,,
883,2023-12-09 17:00,15.3,189.5,2.5,0,966.9,1017.3,89.5,,
883,2023-12-09 18:00,14.3,169.8,3.1,0,967.3,1018.1,93.3,,
883,2023-12-09 19:00,14.7,163.1,4.8,0,967.6,1018.3,93.5,,
883,2023-12-09 20:00,14.4,164.6,3.8,0,968,1018.8,93.2,,
883,2023-12-09 21:00,14.1,152.6,3.5,0,968.4,1019.3,93.1,,
883,2023-12-09 22:00,14.1,155,3.6,0,968.6,1019.5,90,,
883,2023-12-09 23:00,14.3,144.3,4.5,0,968.7,1019.5,87.5,,
883,2023-12-10 00:00,15.1,137.7,5.4,0,968.6,1019.2,76.1,,
883,2023-12-10 01:00,14.9,149.4,4.4,0,968.6,1019.2,75,,
883,2023-12-10 02:00,15.4,147.3,4.9,0,968.7,1019.2,73,,
883,2023-12-10 03:00,14.6,141.4,4.3,0,968.6,1019.3,74.2,,
883,2023-12-10 04:00,15.1,145.4,4.7,0,968.3,1018.9,72.5,,
883,2023-12-10 05:00,15,147.3,4.8,0,968.5,1019.1,70.4,,
883,2023-12-10 06:00,14.9,148.7,4.9,0,968.9,1019.6,70,,
883,2023-12-10 07:00,14.9,131.9,5.1,0,969.3,1020,70.7,,
883,2023-12-10 08:00,15.3,126.3,4.7,0,969.8,1020.4,68.9,,
883,2023-12-10 09:00,16.4,133,4.5,0,970.2,1020.5,65.7,,
883,2023-12-10 10:00,16.7,136.5,4.3,0,970.6,1020.8,63.9,,
883,2023-12-10 11:00,18.1,115.6,3.7,0,970.3,1020.1,59.3,,
883,2023-12-10 12:00,20.1,302.5,1.9,0,969.4,1019,55,,
883,2023-12-10 13:00,18.9,5.3,3.5,0,968.5,1018,58.9,,
883,2023-12-10 14:00,20.1,138.7,4.2,0,967.6,1017.1,56.2,,
883,2023-12-10 15:00,19.1,158.6,5.2,0,967.2,1017,62.9,,
883,2023-12-10 16:00,17.2,162.4,5,0,966.9,1016.8,72.4,,
883,2023-12-10 17:00,16.6,153.7,3.4,0,967,1017.1,73.9,,
883,2023-12-10 18:00,15.4,129.9,3.1,0,967.5,1017.9,87.5,,
883,2023-12-10 19:00,15.1,122.1,5.2,1,967.8,1018.3,90.5,,
883,2023-12-10 20:00,14.7,133.6,4.1,1,968,1018.7,89.6,,
883,2023-12-10 21:00,13.9,165.7,1.7,1,968.3,1018.9,93.6,,
883,2023-12-10 22:00,13.7,125.7,3.6,3,968.1,1018.8,92.2,,
883,2023-12-10 23:00,13.3,118.6,6.1,.5,968.1,1018.9,89.8,,
883,2023-12-11 00:00,13.5,101.3,2.7,0,967.3,1018,91.1,,
883,2023-12-11 01:00,13.2,0,0,3,966.8,1017.5,97.5,,
883,2023-12-11 02:00,13,333.3,1.1,1,966,1016.8,98.1,,
883,2023-12-11 03:00,12.9,0,0,.5,965.3,1016,98.8,,
883,2023-12-11 04:00,12.7,0,0,0,964.4,1015.1,99.1,,
883,2023-12-11 05:00,12.4,322.3,.7,0,963.4,1014.2,99.2,,
883,2023-12-11 06:00,14.4,133.6,3.8,0,963.1,1013.6,99.2,,
883,2023-12-11 07:00,16,138.4,10.5,0,962.5,1012.5,75.9,,
883,2023-12-11 08:00,16.2,137.6,12.3,0,962.2,1012.1,74.1,,
883,2023-12-11 09:00,16.3,149.7,11.9,0,962.4,1012.3,77.9,,
883,2023-12-11 10:00,16.5,146.7,12.1,0,962.2,1012,80.6,,
883,2023-12-11 11:00,16.4,141,11.8,0,961.5,1011.3,85.3,,
883,2023-12-11 12:00,16.2,142.2,9.1,0,960.5,1010.3,90.1,,
883,2023-12-11 13:00,16.5,150.6,8.4,1,959.5,1009.2,94.6,,
883,2023-12-11 14:00,16.9,197.2,4.4,7,959.2,1008.8,98.5,,
883,2023-12-11 15:00,16.9,222.3,4.8,5,958.6,1008.1,99.2,,
883,2023-12-11 16:00,16.4,253.3,5,1.5,958.9,1008.6,99.2,,
883,2023-12-11 17:00,15.5,272.4,5,.5,959.2,1009.2,99.5,,
883,2023-12-11 18:00,14.5,274.2,5,.5,959.8,1010.1,99.5,,
883,2023-12-11 19:00,13.9,282.5,5.8,0,960.3,1010.5,99.7,,
883,2023-12-11 20:00,12.8,309.2,5.1,0,960.5,1011,99.7,,
883,2023-12-11 21:00,12.5,313.8,7.5,1,960.6,1011.2,100,,
883,2023-12-11 22:00,11,54.5,6.2,0,961.3,1012.3,99.8,,
883,2023-12-11 23:00,10.6,20.2,6,0,961.6,1012.7,99.9,,
883,2023-12-12 00:00,10.6,26.2,6.2,0,961.7,1012.8,99.9,,
883,2023-12-12 01:00,9.8,24.9,6,.5,962.2,1013.6,99.9,,
883,2023-12-12 02:00,8.9,33.6,8.2,0,961.6,1012.9,99.9,,
883,2023-12-12 03:00,8.3,27.3,9,1,962.2,1013.7,99.9,,
883,2023-12-12 04:00,7.9,25.7,9.3,.5,962.6,1014.2,100,,
883,2023-12-12 05:00,7.6,26.6,8.9,1,962.7,1014.4,100,,
883,2023-12-12 06:00,7.6,28.4,6.6,1.5,963.8,1015.6,100,,
883,2023-12-12 07:00,7.5,30,8.1,2,964.2,1016,100,,
883,2023-12-12 08:00,7.3,24.2,5.8,1.5,965.1,1017,100,,
883,2023-12-12 09:00,7.1,23.3,7.3,.5,965.4,1017.4,100,,
883,2023-12-12 10:00,7.1,27.7,6.8,0,966.1,1018.1,100,,
883,2023-12-12 11:00,7.2,27.8,6,.5,966.7,1018.7,99.9,,
883,2023-12-12 12:00,6.9,31.8,6.2,.5,967,1019.1,99.9,,
883,2023-12-12 13:00,7.2,26.9,6,.5,966.6,1018.6,100,,
883,2023-12-12 14:00,7,27.6,6.5,1,967,1019.1,99.9,,
883,2023-12-12 15:00,6.8,34.7,4.9,.5,967.2,1019.4,99.9,,
883,2023-12-12 16:00,7,35.7,4.5,.5,967.6,1019.7,100,,
883,2023-12-12 17:00,6.9,41.3,4,0,968.3,1020.5,99.9,,
883,2023-12-12 18:00,6.7,37.3,4,0,969.1,1021.4,99.9,,
883,2023-12-12 19:00,6.7,38.5,3.8,0,969.5,1021.8,99.5,,
883,2023-12-12 20:00,6.8,30.2,4.5,0,970.3,1022.6,98.9,,
883,2023-12-12 21:00,6.9,33.5,3.8,0,970.9,1023.2,97.8,,
883,2023-12-12 22:00,7,55.7,2.1,0,971.4,1023.7,97.2,,
883,2023-12-12 23:00,7.4,66.7,3.1,0,971.9,1024.2,95.2,,
883,2023-12-13 00:00,7.7,34,4.2,0,972.2,1024.4,96.7,,
883,2023-12-13 01:00,7.6,24.1,4.9,0,972.4,1024.6,98.3,,
883,2023-12-13 02:00,7.4,43.3,2.8,0,972.6,1024.9,98.3,,
883,2023-12-13 03:00,7.8,63.5,3.2,0,972.9,1025.1,97,,
883,2023-12-13 04:00,8.1,77.6,4.6,0,972.3,1024.4,93.7,,
883,2023-12-13 05:00,8.2,94.6,3.8,0,972.2,1024.3,95.9,,
883,2023-12-13 06:00,8.1,84.1,4.2,0,972.2,1024.3,93.2,,
883,2023-12-13 07:00,8.6,106,4.7,0,972.8,1024.8,88.2,,
883,2023-12-13 08:00,8.1,113.5,3.4,0,973.5,1025.7,90.5,,
883,2023-12-13 09:00,9.7,96.5,2.3,0,973.8,1025.8,87.8,,
883,2023-12-13 10:00,11.6,63,1,0,974.1,1025.6,75.3,,
883,2023-12-13 11:00,13.7,203.7,2.9,0,973.7,1024.7,69.4,,
883,2023-12-13 12:00,12.9,350.7,1.7,0,973.6,1024.8,81,,
883,2023-12-13 13:00,15.9,173.2,3,0,972.7,1023.3,53.8,,
883,2023-12-13 14:00,14.8,159.5,4.4,0,972.1,1023,62.2,,
883,2023-12-13 15:00,14.8,152.6,5.6,0,972,1022.9,65.4,,
883,2023-12-13 16:00,13.5,150.4,5.2,0,972.3,1023.3,70.2,,
883,2023-12-13 17:00,12,142.5,4.2,0,972.4,1023.7,77.4,,
883,2023-12-13 18:00,11.6,157.3,5.4,0,972.1,1023.5,67.7,,
883,2023-12-13 19:00,9.2,180.3,3,0,972.7,1024.8,83,,
883,2023-12-13 20:00,12.2,135.8,7,0,973,1024.3,67.1,,
883,2023-12-13 21:00,12.4,132.7,8.4,0,972.8,1024.1,67.2,,
883,2023-12-13 22:00,13,132.4,7.1,0,972.2,1023.3,61.3,,
883,2023-12-13 23:00,13.5,140.4,3.7,0,971.8,1022.7,61.8,,
883,2023-12-14 00:00,13.8,123.6,.6,0,972.4,1023.3,62,,
883,2023-12-14 01:00,12.1,0,.3,0,972.6,1023.9,71.1,,
883,2023-12-14 02:00,14.5,132.1,5,0,972.2,1023.2,63.5,,
883,2023-12-14 03:00,14.8,142.4,3.5,0,971.9,1022.7,63.7,,
883,2023-12-14 04:00,14.8,152.9,4.7,0,971.4,1022.2,64.7,,
883,2023-12-14 05:00,14.8,157.1,3.9,0,971,1021.8,66.1,,
883,2023-12-14 06:00,15,152.7,3.4,0,970,1020.7,67.4,,
883,2023-12-14 07:00,14.9,173.7,3.8,0,970,1020.7,71.8,,
883,2023-12-14 08:00,13.8,162.4,7.6,1,970.5,1021.3,86.1,,
883,2023-12-14 09:00,13.9,134.6,5.4,2,970.5,1021.3,85.8,,
883,2023-12-14 10:00,14,138.4,7.9,.5,970.2,1021.2,89.9,,
883,2023-12-14 11:00,14.8,150.9,9.1,0,969.3,1020,87.6,,
883,2023-12-14 12:00,15.4,162.4,7.3,0,969.8,1020.4,94.7,,
883,2023-12-14 13:00,15.6,188.8,4.1,3,969,1019.5,97.1,,
883,2023-12-14 14:00,15.8,190.4,5,2,967.7,1018,97.7,,
883,2023-12-14 15:00,16.4,202.8,5.9,3,966.8,1016.9,97.9,,
883,2023-12-14 16:00,16.5,199.8,6.7,4,965.8,1015.8,98,,
883,2023-12-14 17:00,16.6,208.6,6.2,2.5,966.2,1016.2,98.8,,
883,2023-12-14 18:00,15.2,225.1,4.5,1.5,966.2,1016.6,99.5,,
883,2023-12-14 19:00,14.8,212.4,4.5,0,966.5,1017.1,99.4,,
883,2023-12-14 20:00,14.7,221,4.3,0,966.8,1017.4,98.2,,
883,2023-12-14 21:00,14.5,184.9,4.5,0,966.5,1017.2,97,,
883,2023-12-14 22:00,14.7,190.3,5.7,0,966.3,1016.9,96.8,,
883,2023-12-14 23:00,15.1,184.6,6.2,0,966,1016.4,96.2,,
883,2023-12-15 00:00,15.2,196.8,5.7,0,965.6,1016,97.2,,
883,2023-12-15 01:00,15.4,202.7,5.7,0,965,1015.3,98.3,,
883,2023-12-15 02:00,15.5,227,5.3,0,964.8,1015.1,99.2,,
883,2023-12-15 03:00,15.6,220.6,5.9,0,963.9,1014.1,99.5,,
883,2023-12-15 04:00,15.9,214.7,5.2,0,963,1013.1,99.6,,
883,2023-12-15 05:00,16.1,223.9,5.9,0,962.1,1012,99.8,,
883,2023-12-15 06:00,16.3,220.9,7,0,962,1011.9,99.9,,
883,2023-12-15 07:00,16.5,229.5,6.6,0,962.2,1012,99.9,,
883,2023-12-15 08:00,16.6,225.9,7,0,961.9,1011.7,99.9,,
883,2023-12-15 09:00,16.6,227.6,7.5,.5,961.8,1011.6,99.9,,
883,2023-12-15 10:00,16.4,227.3,7.4,1,961.9,1011.7,99.8,,
883,2023-12-15 11:00,15.4,248.6,4.5,1.5,962,1012.2,99.8,,
883,2023-12-15 12:00,14.1,251.2,5,1,961.7,1012.2,99.9,,
883,2023-12-15 13:00,13.3,279.6,3,0,961,1011.4,99.9,,
883,2023-12-15 14:00,11.3,37,4.6,1.5,961.1,1012,100,,
883,2023-12-15 15:00,9.5,30.4,6.9,2.5,961.3,1012.7,100,,
883,2023-12-15 16:00,9.1,25.2,8.4,1,961.9,1013.4,99.9,,
883,2023-12-15 17:00,9,27.4,7.8,0,962.3,1013.9,100,,
883,2023-12-15 18:00,8.6,27.1,6.5,.5,963.5,1015,99.9,,
883,2023-12-15 19:00,8.3,34.9,7.4,0,964.6,1016.3,100,,
883,2023-12-15 20:00,7.9,33.1,7.5,.5,965.3,1017.1,100,,
883,2023-12-15 21:00,7.3,24.5,7.3,1,965.3,1017.2,100,,
883,2023-12-15 22:00,6.9,29.5,6.6,0,965.7,1017.8,99.9,,
883,2023-12-15 23:00,6.5,25.6,6.9,0,966.1,1018.3,99.5,,
883,2023-12-16 00:00,5.8,29.1,6.4,.5,966.6,1019,99.6,,
883,2023-12-16 01:00,5.5,30.8,6,1,966.4,1018.8,99.8,,
883,2023-12-16 02:00,4.9,31.2,6.8,.5,966.5,1019.1,99.9,,
883,2023-12-16 03:00,4.3,38.3,6.3,.5,967.5,1020.3,99.3,,
883,2023-12-16 04:00,3.6,26,5.6,1,967.1,1019.9,98.3,,
883,2023-12-16 05:00,3.3,31.3,7.1,.5,967.8,1020.7,91.1,,
883,2023-12-16 06:00,2.6,32.4,6.8,1,967.5,1020.5,98.1,,
883,2023-12-16 07:00,2.3,26.6,6.8,.5,967.9,1021,98,,
883,2023-12-16 08:00,1.8,31.7,7.5,1,968.4,1021.7,97.5,,
883,2023-12-16 09:00,1.9,323.1,6.5,0,969.7,1023,87.9,,
883,2023-12-16 10:00,1.3,27.9,6.5,.5,970.8,1024.3,95.3,,
883,2023-12-16 11:00,1.5,54.2,4.9,.5,971.1,1024.6,87.4,,
883,2023-12-16 12:00,2,276.6,3.9,0,970.7,1024.1,79.1,,
883,2023-12-16 13:00,.9,169.3,4.7,0,970.2,1023.8,87.1,,
883,2023-12-16 14:00,1.7,243.6,4.9,0,970.1,1023.5,75.1,,
883,2023-12-16 15:00,1.5,87.6,4.3,.5,970.2,1023.7,75,,
883,2023-12-16 16:00,.8,333.5,4.2,0,970.5,1024.1,70.5,,
883,2023-12-16 17:00,-.5,301.8,9.1,0,971.9,1025.9,87.9,,
883,2023-12-16 18:00,-.5,303.5,7.7,0,972.6,1026.7,87.5,,
883,2023-12-16 19:00,-1.3,32,6.1,0,972.9,1027.1,89.5,,
883,2023-12-16 20:00,-.6,287.5,7.9,0,973.8,1028,76.9,,
883,2023-12-16 21:00,-.9,329.6,5.9,0,973.7,1027.9,87.8,,
883,2023-12-16 22:00,-1.8,281,6.4,0,973.9,1028.3,86.6,,
883,2023-12-16 23:00,-2.3,44.9,6.5,0,974.3,1028.8,93.7,,
883,2023-12-17 00:00,-2.1,36.1,6.9,0,974.5,1029,95.7,,
883,2023-12-17 01:00,-1.8,55.4,6.4,.5,974.5,1028.9,87,,
883,2023-12-17 02:00,-2.2,38.3,6.7,0,974.9,1029.4,93.9,,
883,2023-12-17 03:00,-1.8,36.1,7.2,0,974.8,1029.2,90.9,,
883,2023-12-17 04:00,-1.3,33.5,7.6,0,974.9,1029.2,81.8,,
883,2023-12-17 05:00,-1.3,36,7.6,0,974.8,1029.1,71.3,,
883,2023-12-17 06:00,-1.1,34,7,.5,975.5,1029.8,67.6,,
883,2023-12-17 07:00,-1.1,37.8,6.7,0,975.6,1029.9,67.6,,
883,2023-12-17 08:00,-1.1,43.3,5.2,0,976.4,1030.7,68.4,,
883,2023-12-17 09:00,-.9,25,5.4,.5,976.8,1031.2,62.7,,
883,2023-12-17 10:00,-.4,34,6,0,977.6,1031.9,61.6,,
883,2023-12-17 11:00,0,33,6.2,0,978,1032.2,65.4,,
883,2023-12-17 12:00,.2,14.7,4.9,.5,977.3,1031.5,64.9,,
883,2023-12-17 13:00,.8,21.1,5.3,0,976.4,1030.4,57.9,,
883,2023-12-17 14:00,-1.4,33.1,6.2,.5,976.4,1030.8,94.8,,
883,2023-12-17 15:00,-1.1,33.7,5.1,0,975.9,1030.2,96,,
883,2023-12-17 16:00,-1.5,52,4.8,.5,976.8,1031.3,96.8,,
883,2023-12-17 17:00,-1.9,55.4,5.3,.5,977.1,1031.7,96.2,,
883,2023-12-17 18:00,-2,41,5.2,0,977.8,1032.4,96.3,,
883,2023-12-17 19:00,-1.9,37,5.8,.5,977.7,1032.3,96,,
883,2023-12-17 20:00,-1.9,43.2,6.3,.5,977.3,1031.9,94.7,,
883,2023-12-17 21:00,-2.2,56.3,5.4,0,977.9,1032.6,92.8,,
883,2023-12-17 22:00,-2.4,72.4,6.4,.5,978.3,1033,89.2,,
883,2023-12-17 23:00,-2.4,68.5,5.2,0,978.5,1033.3,87.7,,
883,2023-12-18 00:00,-2.2,66.1,5.1,.5,978.3,1033,84.9,,
883,2023-12-18 01:00,-1.9,70.5,4.5,0,978.8,1033.5,84.4,,
883,2023-12-18 02:00,-2,56.6,4.5,0,978.7,1033.4,84.7,,
883,2023-12-18 03:00,-1.6,70.1,7,0,978.2,1032.8,83.3,,
883,2023-12-18 04:00,-1.5,73.2,5.4,.5,978.4,1032.9,84.1,,
883,2023-12-18 05:00,-1.4,79.8,3.1,0,978.3,1032.8,84.4,,
883,2023-12-18 06:00,-1.2,77.6,6.6,0,977.9,1032.4,82.6,,
883,2023-12-18 07:00,-.8,115.1,4.9,0,978.5,1033,76.9,,
883,2023-12-18 08:00,-.3,91.9,3.2,0,978.1,1032.4,77,,
883,2023-12-18 09:00,.4,94.5,3.1,.5,978.4,1032.6,75.6,,
883,2023-12-18 10:00,.9,73.5,3.2,0,978.4,1032.5,73.8,,
883,2023-12-18 11:00,2.1,95.1,3,.5,978,1031.7,69.6,,
883,2023-12-18 12:00,1.8,58.5,3.4,,978,1031.8,72.5,,
883,2023-12-18 13:00,2.5,85.4,2,,976.6,1030.2,72.2,,
883,2023-12-18 14:00,1.3,60.3,3.2,,976.4,1030.2,78.5,,
883,2023-12-18 15:00,1.4,63.2,3.2,,975.5,1029.3,78.8,,
883,2023-12-18 16:00,2,48,2,,975.2,1028.8,78.6,,
883,2023-12-18 17:00,1.3,56,2.6,,975.6,1029.4,81.7,,
883,2023-12-18 18:00,1,30.8,2.1,,975.7,1029.6,82.7,,
883,2023-12-18 19:00,.8,75.2,4.7,,975.7,1029.6,84.4,,
883,2023-12-18 20:00,.9,76.1,7.4,,975.5,1029.4,83,,
883,2023-12-18 21:00,.4,73.9,7,,975.5,1029.5,90.3,,
883,2023-12-18 22:00,.5,73.6,6.4,,975.2,1029.2,89,,
883,2023-12-18 23:00,.7,95.9,5.3,,975,1028.9,87.6,,
883,2023-12-19 00:00,.8,80.5,4.3,,974.7,1028.6,87.9,,
883,2023-12-19 01:00,1,88.5,5,0,974.4,1028.2,86.7,,
883,2023-12-19 02:00,1.1,90.5,4.9,0,974.4,1028.2,89.6,,
883,2023-12-19 03:00,1.3,93.8,4.8,.5,974.2,1027.9,88.2,,
883,2023-12-19 04:00,1.8,110.8,4.5,0,973.6,1027.2,88,,
883,2023-12-19 05:00,1.7,112,4.3,0,972.4,1025.9,90.6,,
883,2023-12-19 06:00,1.7,53.1,2.9,0,972.9,1026.5,92,,
883,2023-12-19 07:00,2,78.8,3.9,0,973,1026.5,89,,
883,2023-12-19 08:00,2,27,5,0,973,1026.5,86.9,,
883,2023-12-19 09:00,2.3,50.3,4.6,0,972.7,1026.1,86.7,,
883,2023-12-19 10:00,2.8,62,5.8,0,972.9,1026.2,82.8,,
883,2023-12-19 11:00,3.1,58.5,5.1,0,972.6,1025.8,80.6,,
883,2023-12-19 12:00,3.4,59,5.6,0,972.5,1025.6,74.3,,
883,2023-12-19 13:00,2.7,50.5,5.7,0,971.9,1025.2,79.4,,
883,2023-12-19 14:00,3.1,47.5,6.8,0,971.7,1024.9,77.6,,
883,2023-12-19 15:00,3.1,38,8.8,0,971.2,1024.3,77.4,,
883,2023-12-19 16:00,2.9,34.8,6.7,0,971.9,1025.1,81.1,,
883,2023-12-19 17:00,2.8,35.5,6.1,0,971.9,1025.1,82.8,,
883,2023-12-19 18:00,2.6,26.7,7.7,0,972.4,1025.7,89.8,,
883,2023-12-19 19:00,2.5,26.2,7.6,.5,973.3,1026.7,96.7,,
883,2023-12-19 20:00,2.2,28.6,8.1,.5,973.2,1026.7,93.3,,
883,2023-12-19 21:00,1.4,38.1,4.9,0,973.3,1026.9,86.6,,
883,2023-12-19 22:00,1.7,32.7,6.1,0,973.4,1027,85.8,,
883,2023-12-19 23:00,2,26.2,6.3,0,973.4,1026.9,87.9,,
883,2023-12-20 00:00,2.7,25.4,6.3,0,973.2,1026.5,75.5,,
883,2023-12-20 01:00,2.6,34.5,6,0,973.3,1026.7,73.1,,
883,2023-12-20 02:00,2.5,31.6,6.1,0,973.1,1026.5,77.2,,
883,2023-12-20 03:00,2.5,27.9,6.9,0,972.8,1026.2,69.7,,
883,2023-12-20 04:00,2.8,28.7,6.8,0,972.8,1026.1,68.6,,
883,2023-12-20 05:00,2.8,31.9,7.6,0,972.4,1025.7,75.8,,
883,2023-12-20 06:00,2.4,35.2,6.5,0,972,1025.3,75.1,,
883,2023-12-20 07:00,1.8,44.7,6.4,0,972.3,1025.8,67.8,,
883,2023-12-20 08:00,2.2,36.3,6,0,972.7,1026.1,83,,
883,2023-12-20 09:00,1.3,35.8,8.6,0,973.3,1027,87.9,,
883,2023-12-20 10:00,.6,34.7,8.3,0,973.9,1027.8,81.7,,
883,2023-12-20 11:00,.3,33.1,7.1,0,973.9,1027.8,75.2,,
883,2023-12-20 12:00,0,42.8,6.9,0,973.3,1027.3,75.6,,
883,2023-12-20 13:00,-.2,32.5,8.1,0,972.5,1026.5,79.5,,
883,2023-12-20 14:00,-.1,340.8,6.3,0,972.4,1026.4,76.1,,
883,2023-12-20 15:00,-.5,27.5,7.1,0,971.9,1025.9,74.8,,
883,2023-12-20 16:00,-.9,39.5,7,0,971.8,1025.9,77.7,,
883,2023-12-20 17:00,-1,15.8,7,0,972.1,1026.3,75.6,,
883,2023-12-20 18:00,-1.6,36,6,0,972.3,1026.5,90.3,,
883,2023-12-20 19:00,-1.5,34.4,6.2,0,972.5,1026.7,77.2,,
883,2023-12-20 20:00,-1.9,34.1,5.5,0,972.6,1026.9,80.3,,
883,2023-12-20 21:00,-2.6,40.4,6.1,0,972.6,1027.1,87.5,,
883,2023-12-20 22:00,-2,337.9,5.8,0,972.9,1027.3,72.4,,
883,2023-12-20 23:00,-1.7,34.8,5.6,0,973,1027.3,73.4,,
883,2023-12-21 00:00,-1.8,38.9,5.7,0,972.5,1026.8,73.8,,
883,2023-12-21 01:00,-2.7,38.2,4.2,0,972.5,1027,87.9,,
883,2023-12-21 02:00,-3,324.8,4.6,.5,972.8,1027.4,94.9,,
883,2023-12-21 03:00,-2.7,47.1,3.6,0,972.3,1026.8,95.2,,
883,2023-12-21 04:00,-2.7,52.7,4,0,972,1026.5,97.9,,
883,2023-12-21 05:00,-2.8,37.1,6.1,.5,972,1026.5,97.9,,
883,2023-12-21 06:00,-3,303.9,6.2,.5,972.5,1027.1,97.8,,
883,2023-12-21 07:00,-3.4,40.9,5,.5,972.9,1027.6,96.9,,
883,2023-12-21 08:00,-3.5,323.2,5.5,.5,973.9,1028.6,84.7,,
883,2023-12-21 09:00,-4.1,310.5,6.9,.5,974.3,1029.2,96.9,,
883,2023-12-21 10:00,-3.7,39.1,5.4,.5,974.5,1029.3,97.5,,
883,2023-12-21 11:00,-4,356.6,4.9,1.5,974.5,1029.4,96.7,,
883,2023-12-21 12:00,-2.9,44,5.8,.5,974.2,1028.8,81.6,,
883,2023-12-21 13:00,-2,35.5,4.9,1.5,973.6,1028,67.5,,
883,2023-12-21 14:00,-2.7,36.3,6.1,.5,973.6,1028.1,84.7,,
883,2023-12-21 15:00,-3.1,33.6,5.6,1,973.6,1028.2,93,,
883,2023-12-21 16:00,-3,30.7,6.8,.5,973.8,1028.4,84.6,,
883,2023-12-21 17:00,-2.8,27.4,6.1,0,974.5,1029.1,79.2,,
883,2023-12-21 18:00,-3.6,42.2,6.6,.5,975.3,1030.1,81.8,,
883,2023-12-21 19:00,-2.5,33.6,6.1,.5,975.5,1030.1,74.4,,
883,2023-12-21 20:00,-4,32.6,4.1,0,975.8,1030.8,92.6,,
883,2023-12-21 21:00,-3.5,30.9,5.6,0,976.5,1031.4,93.9,,
883,2023-12-21 22:00,-3.2,28.4,5.7,.5,977.2,1032.1,92.5,,
883,2023-12-21 23:00,-3.4,46.1,4.2,.5,977.5,1032.4,93.3,,
883,2023-12-22 00:00,-3.4,84.6,3.7,.5,977.2,1032.1,94.6,,
883,2023-12-22 01:00,-3.3,39,3.7,.5,976.8,1031.7,97.4,,
883,2023-12-22 02:00,-3.1,36.3,5.2,.5,976.8,1031.6,97.7,,
883,2023-12-22 03:00,-2.6,16,4.4,.5,976.7,1031.4,85.3,,
883,2023-12-22 04:00,-2.5,47.5,6,.5,976.7,1031.4,83.8,,
883,2023-12-22 05:00,-2.9,34.2,4.8,.5,976.7,1031.5,90.2,,
883,2023-12-22 06:00,-2.4,50.6,6,.5,976.8,1031.5,73.2,,
883,2023-12-22 07:00,-3,29.4,7.9,0,977.2,1032,95.6,,
883,2023-12-22 08:00,-3.1,45.8,4.8,.5,978,1032.9,96.5,,
883,2023-12-22 09:00,-3.2,24.3,5.2,.5,978.8,1033.8,96,,
883,2023-12-22 10:00,-2.4,29.3,4.7,1,979.5,1034.3,92.9,,
883,2023-12-22 11:00,-1.8,30.5,6.5,.5,979.9,1034.6,78,,
883,2023-12-22 12:00,-2,25.7,7.9,.5,979.4,1034.1,94.1,,
883,2023-12-22 13:00,-2.5,26.2,8.8,1,979.3,1034.1,96.6,,
883,2023-12-22 14:00,-2.4,32.1,6.3,1,979.4,1034.2,96.6,,
883,2023-12-22 15:00,-2.5,27.8,7.8,1,979.4,1034.2,97.1,,
883,2023-12-22 16:00,-2.1,31.1,8.1,1,979.2,1033.9,96.4,,
883,2023-12-22 17:00,-2.2,26.9,8.9,.5,979.7,1034.5,91.7,,
883,2023-12-22 18:00,-2.4,29,7.7,.5,980.5,1035.4,91.7,,
883,2023-12-22 19:00,-2.3,23.8,5.9,.5,981.3,1036.2,97.7,,
883,2023-12-22 20:00,-2,29,6.3,.5,981.4,1036.2,89.5,,
883,2023-12-22 21:00,-2.1,32.9,5,0,982.2,1037.1,87.3,,
883,2023-12-22 22:00,-2.1,38.3,4.7,.5,981.8,1036.7,91.6,,
883,2023-12-22 23:00,-2,43.3,4.5,.5,981.5,1036.3,89.9,,
883,2023-12-23 00:00,-1.8,36.4,5.2,.5,981.2,1036,89.9,,
883,2023-12-23 01:00,-1.8,64.1,4.4,0,981.3,1036.1,89.4,,
883,2023-12-23 02:00,-1.7,59.5,4.7,.5,981.5,1036.3,88.7,,
883,2023-12-23 03:00,-1.6,54.8,4.4,0,981.4,1036.1,89.5,,
883,2023-12-23 04:00,-1.4,76.7,6,.5,981,1035.7,90.2,,
883,2023-12-23 05:00,-1.2,79.1,4.7,0,981.5,1036.2,89.4,,
883,2023-12-23 06:00,-1.1,70,5.4,.5,981.1,1035.7,88.5,,
883,2023-12-23 07:00,-1.2,73.1,5.4,0,981.4,1036,88.4,,
883,2023-12-23 08:00,-.8,75.4,5.7,0,981.5,1036.1,87.2,,
883,2023-12-23 09:00,-.7,66.6,5.3,,981.6,1036.2,85,,
883,2023-12-23 10:00,.1,34.7,3.9,,981.8,1036.2,80.3,,
883,2023-12-23 11:00,1.7,54.6,4,,981.5,1035.5,70.3,,
883,2023-12-23 12:00,1.8,60.4,4.7,,980.9,1034.9,74.6,,
883,2023-12-23 13:00,2.8,57.6,3.1,,980.4,1034.1,71.9,,
883,2023-12-23 14:00,1.6,59.4,3.8,,980.1,1034.1,78.4,,
883,2023-12-23 15:00,1.9,62.2,3,,980.3,1034.2,74.9,,
883,2023-12-23 16:00,1.9,34.6,2.7,,980.3,1034.2,77.2,,
883,2023-12-23 17:00,1.9,88.1,.7,,980.3,1034.2,76.2,,
883,2023-12-23 18:00,.2,90.5,1.7,,980.5,1034.8,85.5,,
883,2023-12-23 19:00,-.2,118.9,1.6,,980.8,1035.3,88.6,,
883,2023-12-23 20:00,.2,140.9,1.2,,980.7,1035,86.8,,
883,2023-12-23 21:00,1.5,174.7,2.6,,980.4,1034.4,79.8,,
883,2023-12-23 22:00,1.9,184.9,2.5,,979.7,1033.6,81,,
883,2023-12-23 23:00,1.2,58.6,2.3,,979.5,1033.5,86.4,,
883,2023-12-24 00:00,1.4,91.6,1.1,,979.2,1033.2,91,,
883,2023-12-24 01:00,2,202.3,1.2,0,978.8,1032.6,86.1,,
883,2023-12-24 02:00,1.6,193.7,1.9,0,978.3,1032.2,81,,
883,2023-12-24 03:00,3.2,223.6,.8,0,978.1,1031.6,75.7,,
883,2023-12-24 04:00,3.1,273.6,2.5,0,977.8,1031.3,73.7,,
883,2023-12-24 05:00,2.6,287.3,1.8,0,977.2,1030.8,68.7,,
883,2023-12-24 06:00,3.1,298.2,2.5,0,977.2,1030.7,67.2,,
883,2023-12-24 07:00,3.1,305.1,3.2,0,977.3,1030.8,72.1,,
883,2023-12-24 08:00,3.2,302.3,2.9,0,977.4,1030.8,65.5,,
883,2023-12-24 09:00,3.4,40.9,2.4,0,977.8,1031.2,70.4,,
883,2023-12-24 10:00,2.8,33.9,1.3,0,978.3,1031.9,81.8,,
883,2023-12-24 11:00,2.8,6.5,2,0,978.4,1032,81.8,,
883,2023-12-24 12:00,2.4,12.5,2.7,0,977.6,1031.2,89.2,,
883,2023-12-24 13:00,1.4,32.9,3.2,.5,976.7,1030.5,96.2,,
883,2023-12-24 14:00,1.2,56.6,3.3,.5,975.9,1029.7,97.7,,
883,2023-12-24 15:00,1,33.3,3.1,.5,976,1029.9,96.3,,
883,2023-12-24 16:00,.9,28.1,3.2,.5,975.8,1029.7,92.3,,
883,2023-12-24 17:00,.7,41.3,2.8,0,975.9,1029.9,93.1,,
883,2023-12-24 18:00,.7,35.3,3.8,0,975.9,1029.9,89.7,,
883,2023-12-24 19:00,1,40.2,3.8,0,976.1,1030,85.4,,
883,2023-12-24 20:00,1.1,34,3.8,0,976,1029.9,82.5,,
883,2023-12-24 21:00,1.1,43.5,2.7,0,975.8,1029.7,81.9,,
883,2023-12-24 22:00,1.4,43.2,2.9,0,975.7,1029.5,80.4,,
883,2023-12-24 23:00,1.5,35.6,3.1,0,975.5,1029.2,82.4,,
883,2023-12-25 00:00,1.5,30.2,3.4,0,975.2,1028.9,85.2,,
883,2023-12-25 01:00,2.2,37,3.5,0,975.1,1028.7,80.8,,
883,2023-12-25 02:00,1.7,32.6,2.9,.5,975.2,1028.9,84.8,,
883,2023-12-25 03:00,1.5,27.1,3.5,0,975.2,1028.9,86,,
883,2023-12-25 04:00,1,33.9,2.6,0,975,1028.8,86.1,,
883,2023-12-25 05:00,2,28.9,2.9,0,974.6,1028.2,77.7,,
883,2023-12-25 06:00,1.7,32.6,3.6,.5,975.1,1028.8,75.7,,
883,2023-12-25 07:00,1.9,27.3,3.9,0,975.3,1028.9,72.2,,
883,2023-12-25 08:00,1.8,28.8,3.1,0,975.7,1029.4,73.3,,
883,2023-12-25 09:00,1.9,26.7,5.2,0,976.2,1029.9,73,,
883,2023-12-25 10:00,1.9,31.7,5.3,0,977,1030.7,72.2,,
883,2023-12-25 11:00,2.3,28.7,4.3,0,977.3,1031,69.6,,
883,2023-12-25 12:00,2.9,35.4,4,0,976.7,1030.2,65.7,,
883,2023-12-25 13:00,2.5,35.3,4.7,0,976.1,1029.6,75.8,,
883,2023-12-25 14:00,2.6,31.4,5.3,0,975.5,1029,71.3,,
883,2023-12-25 15:00,2.6,31.5,5.4,0,975.5,1029,67.3,,
883,2023-12-25 16:00,2.3,29.5,5.5,0,975.8,1029.4,70.8,,
883,2023-12-25 17:00,2.3,32.9,4.5,0,975.9,1029.5,68.1,,
883,2023-12-25 18:00,1.6,27.2,3.3,0,976.4,1030.2,72.5,,
883,2023-12-25 19:00,1.3,33.5,2.3,0,976.7,1030.6,73.5,,
883,2023-12-25 20:00,1.3,47.1,.9,0,977.1,1031,75.4,,
883,2023-12-25 21:00,1.8,68.6,3.4,0,977,1030.8,73.2,,
883,2023-12-25 22:00,1.1,103.4,3.2,0,977.1,1031,77.5,,
883,2023-12-25 23:00,1.5,108.6,3.5,0,976.9,1030.7,77.1,,
883,2023-12-26 00:00,1.7,95.9,3.4,0,976.9,1030.7,75.2,,
883,2023-12-26 01:00,2.1,92.4,3.4,0,976.8,1030.5,76.5,,
883,2023-12-26 02:00,2.5,96.1,2.8,0,976.7,1030.3,76.3,,
883,2023-12-26 03:00,2.6,91.9,2.4,0,976.3,1029.8,78.2,,
883,2023-12-26 04:00,2.9,78.3,2.6,0,975.8,1029.2,79.2,,
883,2023-12-26 05:00,3.1,0,.1,0,975.7,1029.1,79.9,,
883,2023-12-26 06:00,3,89.7,2.3,0,975.7,1029.1,84.5,,
883,2023-12-26 07:00,4.1,313.1,.8,0,976.3,1029.6,75.7,,
883,2023-12-26 08:00,3.9,37.1,1.3,0,976.7,1029.9,76.1,,
883,2023-12-26 09:00,4.9,338.1,1,0,977.2,1030.4,73.1,,
883,2023-12-26 10:00,5.8,295.2,3,0,978.1,1031.1,69.2,,
883,2023-12-26 11:00,6.4,22.7,2.8,0,977.5,1030.3,66.3,,
883,2023-12-26 12:00,6.1,356.6,3.3,0,976.9,1029.8,66.2,,
883,2023-12-26 13:00,6.6,9.2,2.6,0,976.4,1029.1,67.5,,
883,2023-12-26 14:00,6.9,21.4,2,0,975.9,1028.5,64.1,,
883,2023-12-26 15:00,6.6,25.6,2.4,0,975.7,1028.4,70.2,,
883,2023-12-26 16:00,6.6,30.6,1.7,0,976.1,1028.8,76.3,,
883,2023-12-26 17:00,5.6,34.7,1.5,0,976.5,1029.5,80.1,,
883,2023-12-26 18:00,4,88.9,1.2,0,976.1,1029.4,85.5,,
883,2023-12-26 19:00,4.2,98.8,3.2,0,976.4,1029.7,85.4,,
883,2023-12-26 20:00,3.4,90.3,2.2,0,977,1030.4,85.7,,
883,2023-12-26 21:00,3.3,85.1,3,0,976.9,1030.3,86.5,,
883,2023-12-26 22:00,4.1,97.6,3.6,0,977.3,1030.7,82.2,,
883,2023-12-26 23:00,4.2,104.3,2.8,0,977.6,1031,83.6,,
883,2023-12-27 00:00,4.2,99.1,2.9,0,977.1,1030.4,83.5,,
883,2023-12-27 01:00,4.4,96.9,3.4,0,977.1,1030.4,84.3,,
883,2023-12-27 02:00,4.5,102.9,4.2,0,976.8,1030.1,84.2,,
883,2023-12-27 03:00,2.8,91.9,2.6,0,976.7,1030.2,89.8,,
883,2023-12-27 04:00,3.6,93.5,4.5,0,976.2,1029.5,88.5,,
883,2023-12-27 05:00,2.7,104.5,3.5,0,975.8,1029.3,87.1,,
883,2023-12-27 06:00,3.2,122.4,2.7,0,976,1029.4,87,,
883,2023-12-27 07:00,5.5,161.5,2.4,0,976.4,1029.4,80.2,,
883,2023-12-27 08:00,4.4,147.1,1.2,0,976.9,1030.2,85.2,,
883,2023-12-27 09:00,5.3,118.3,2.7,0,977.1,1030.2,86.3,,
883,2023-12-27 10:00,8.9,150.7,1.3,0,977.4,1029.6,65.5,,
883,2023-12-27 11:00,8.7,38.3,1.3,0,977.6,1029.8,67.4,,
883,2023-12-27 12:00,9.4,317.3,.6,0,977.2,1029.5,63.6,,
883,2023-12-27 13:00,10.9,272,1.4,0,976.4,1028.2,60.8,,
883,2023-12-27 14:00,9.6,37.3,3.2,0,975.9,1028.1,70.1,,
883,2023-12-27 15:00,9.7,24.2,3.3,0,975.6,1027.7,71.3,,
883,2023-12-27 16:00,8.5,39.9,1.9,0,975.5,1027.7,74.8,,
883,2023-12-27 17:00,7.4,68.4,2.1,0,975.6,1028.1,78.2,,
883,2023-12-27 18:00,5.7,96.3,2.5,0,975.9,1028.8,86.7,,
883,2023-12-27 19:00,5.2,94.8,1.8,0,976.3,1029.3,89.5,,
883,2023-12-27 20:00,4.7,93.8,3.1,0,975.9,1029.1,93.9,,
883,2023-12-27 21:00,5,107.4,3.8,0,975.8,1028.9,91,,
883,2023-12-27 22:00,3.3,100,3.2,0,975.7,1029,94.1,,
883,2023-12-27 23:00,3.1,90.6,2.7,0,975.8,1029.2,93.9,,
883,2023-12-28 00:00,4.1,104.7,2.2,0,975.6,1028.9,92.8,,
883,2023-12-28 01:00,6.5,154.7,2.3,0,975,1027.7,86.6,,
883,2023-12-28 02:00,7.3,155.7,3,0,974.5,1026.9,87.8,,
883,2023-12-28 03:00,6.6,71,1.1,0,974.7,1027.3,92.9,,
883,2023-12-28 04:00,4.9,73.9,1.8,0,974.3,1027.3,93.9,,
883,2023-12-28 05:00,5,94.8,2.6,0,974.3,1027.3,94.3,,
883,2023-12-28 06:00,4.5,101.9,2,0,974.4,1027.5,95.1,,
883,2023-12-28 07:00,4.1,0,.2,0,974.6,1027.8,95.5,,
883,2023-12-28 08:00,4.4,85.7,2.2,0,974.7,1027.9,94.7,,
883,2023-12-28 09:00,5.8,0,0,0,974.8,1027.6,94.1,,
883,2023-12-28 10:00,9.9,196.1,1.1,0,975.2,1027.2,83.9,,
883,2023-12-28 11:00,11.4,243.8,1.6,0,975.1,1026.7,76,,
883,2023-12-28 12:00,9.7,334.5,3,0,974.7,1026.8,80.5,,
883,2023-12-28 13:00,10.8,24.8,3.2,0,974.1,1025.8,74.5,,
883,2023-12-28 14:00,11,13.9,3.5,0,973.6,1025.3,70.1,,
883,2023-12-28 15:00,10.5,33.1,3.1,0,973.6,1025.4,69,,
883,2023-12-28 16:00,8.8,45.8,4,0,973.5,1025.5,75.6,,
883,2023-12-28 17:00,6.9,59.3,4.2,0,973.7,1026.2,84.1,,
883,2023-12-28 18:00,4.8,42.3,2.9,0,974.1,1027.1,89.5,,
883,2023-12-28 19:00,5.3,60.1,3.8,0,974.6,1027.5,91,,
883,2023-12-28 20:00,5.2,55.2,4,0,974.9,1027.9,93.5,,
883,2023-12-28 21:00,5.5,53.4,4,0,974.8,1027.7,91.3,,
883,2023-12-28 22:00,5.1,39.9,5.6,0,974.9,1027.9,91.6,,
883,2023-12-28 23:00,4.6,47.9,4.4,0,975.3,1028.4,90.4,,
883,2023-12-29 00:00,3.6,59.6,4.6,0,975.1,1028.3,90.3,,
883,2023-12-29 01:00,3.5,52.1,4.6,0,974.9,1028.1,89.7,,
883,2023-12-29 02:00,3.6,57.4,5.4,0,974.8,1028,86.1,,
883,2023-12-29 03:00,3.6,53,4.3,0,974.9,1028.1,87,,
883,2023-12-29 04:00,3.7,47.1,4.7,0,974.8,1028,87.7,,
883,2023-12-29 05:00,3.3,47.8,4.3,0,974,1027.2,88.6,,
883,2023-12-29 06:00,2.7,47.2,4.5,0,973.6,1027,89.2,,
883,2023-12-29 07:00,2.4,52.7,4.1,0,973.9,1027.3,87,,
883,2023-12-29 08:00,2.3,69.2,4,0,973.9,1027.4,85.5,,
883,2023-12-29 09:00,2.9,31.6,5.7,0,974.5,1027.9,84.4,,
883,2023-12-29 10:00,4.1,31.2,6.3,0,975,1028.3,79.5,,
883,2023-12-29 11:00,5.9,28.3,5.9,0,974.4,1027.2,73.6,,
883,2023-12-29 12:00,6.2,31.6,5.2,0,973.6,1026.3,72.5,,
883,2023-12-29 13:00,7.1,24.4,5.4,0,972.9,1025.3,72.6,,
883,2023-12-29 14:00,6.8,30.2,4.9,0,972.7,1025.2,73.3,,
883,2023-12-29 15:00,6.5,29.6,5.3,0,972.3,1024.8,73.2,,
883,2023-12-29 16:00,6,28.9,6,0,971.8,1024.4,76.9,,
883,2023-12-29 17:00,4.8,32.1,4.1,0,971.8,1024.7,82.7,,
883,2023-12-29 18:00,3.1,40.3,3,0,971.8,1025,90.3,,
883,2023-12-29 19:00,2.5,54.1,2.5,0,971.9,1025.2,92.8,,
883,2023-12-29 20:00,3.5,42.4,2.8,0,972.3,1025.4,92.3,,
883,2023-12-29 21:00,4,85.6,2.9,0,971.8,1024.9,91.8,,
883,2023-12-29 22:00,4.3,64.2,3,0,971.9,1024.9,91.2,,
883,2023-12-29 23:00,3.4,53,2.9,0,971.6,1024.7,93.7,,
883,2023-12-30 00:00,4.3,149.6,1.6,0,971,1024,91.6,,
883,2023-12-30 01:00,2.6,44,2.1,0,970.4,1023.6,92.9,,
883,2023-12-30 02:00,4.6,0,0,0,970.2,1023.1,94.7,,
883,2023-12-30 03:00,5.8,156.8,2.4,0,969.7,1022.2,93.4,,
883,2023-12-30 04:00,6,155.2,3,0,969.4,1021.9,90.7,,
883,2023-12-30 05:00,6.2,143.4,2.6,0,968.5,1020.9,88.5,,
883,2023-12-30 06:00,6.9,148.2,3.9,0,968,1020.2,88.9,,
883,2023-12-30 07:00,7.3,157.7,6.3,0,967,1019,86.7,,
883,2023-12-30 08:00,7.7,155.4,6.4,0,966.6,1018.5,79.5,,
883,2023-12-30 09:00,8.9,164.1,4,0,967,1018.6,67.1,,
883,2023-12-30 10:00,11.7,185.3,3.3,0,966.7,1017.8,49.7,,
883,2023-12-30 11:00,13,191.9,3.9,0,966.5,1017.3,37.4,,
883,2023-12-30 12:00,13.9,208.1,3.8,0,965.5,1016,40.6,,
883,2023-12-30 13:00,13.7,211.1,3.6,0,964.8,1015.3,62.1,,
883,2023-12-30 14:00,13,208,4.2,0,964,1014.6,68.4,,
883,2023-12-30 15:00,11.7,208.9,3.4,0,963.6,1014.6,74.1,,
883,2023-12-30 16:00,11.2,192.8,3.5,0,963.2,1014.3,80.3,,
883,2023-12-30 17:00,10.8,177.1,4.1,0,962.6,1013.7,82.6,,
883,2023-12-30 18:00,10.4,203.5,3.2,0,963.3,1014.6,87.8,,
883,2023-12-30 19:00,9.8,201.6,3,.5,963.3,1014.7,95.7,,
883,2023-12-30 20:00,9.5,208,3.3,1,963.6,1015.1,97.1,,
883,2023-12-30 21:00,9.3,207.1,3.5,1,963,1014.5,97.7,,
883,2023-12-30 22:00,9.7,195.4,3.6,0,962.9,1014.3,96.2,,
883,2023-12-30 23:00,10.4,225.6,3.7,0,962.6,1013.8,98,,
883,2023-12-31 00:00,10.5,254.8,5.1,.5,962.2,1013.4,98.8,,
883,2023-12-31 01:00,10,255.9,4.4,0,962.1,1013.4,98.7,,
883,2023-12-31 02:00,8.9,298.4,4.2,0,962.3,1013.7,91.1,,
883,2023-12-31 03:00,8.4,311.2,5.2,0,962.4,1013.9,89.6,,
883,2023-12-31 04:00,8.1,318.2,7,0,962.4,1014,83.6,,
883,2023-12-31 05:00,8.3,314.8,6.7,0,962.1,1013.6,81.2,,
883,2023-12-31 06:00,8.1,315,8.8,0,962.8,1014.4,79.6,,
883,2023-12-31 07:00,7,296.1,5.8,0,963.7,1015.6,75.2,,
883,2023-12-31 08:00,6.5,269.7,6,0,964.5,1016.6,73,,
883,2023-12-31 09:00,5.9,69.5,6.2,0,965.6,1017.9,71.6,,
883,2023-12-31 10:00,6.6,31.6,7.1,0,966.1,1018.2,64,,
883,2023-12-31 11:00,6.1,350.8,7,0,966.7,1019,67.7,,
883,2023-12-31 12:00,5.5,2.9,6.4,0,966.8,1019.3,74.4,,
883,2023-12-31 13:00,4.9,25.1,7.6,0,966.8,1019.4,78.7,,
883,2023-12-31 14:00,4.6,35.2,7.7,0,966.8,1019.5,79,,
883,2023-12-31 15:00,4.7,30.9,7.1,0,967.2,1019.9,79.5,,
883,2023-12-31 16:00,4.6,43.2,6.3,0,968.3,1021.1,79.5,,
883,2023-12-31 17:00,4.6,35.4,8,0,968.8,1021.6,78,,
883,2023-12-31 18:00,4.5,27.5,7.7,0,969.6,1022.5,80.3,,
883,2023-12-31 19:00,4.3,28,8.3,0,970.2,1023.1,75.9,,
883,2023-12-31 20:00,4.5,34.3,7.1,0,970.7,1023.6,78.6,,
883,2023-12-31 21:00,4.3,28.6,6.8,0,971.2,1024.2,77.4,,
883,2023-12-31 22:00,4.2,25.6,6.1,0,971.4,1024.4,77.2,,
883,2023-12-31 23:00,4.2,31.1,8,0,971.5,1024.5,78.2,,
