기준일,호기,1시,2시,3시,4시,5시,6시,7시,8시,9시,10시,11시,12시,13시,14시,15시,16시,17시,18시,19시,20시,21시,22시,23시,24시
2023-01-01,1,2285684,1240105,632211,2966526,4060737,5057684,7197474,8048526,6662526,3574421,4352526,2139789,1483263,1775053,3647368,5252211,6249158,6322105,8753684,8243053,8583474,7926947,8583474,7781053
2023-01-02,1,5057684,4595684,5276526,4936105,5398105,7902632,9385895,8632105,8826632,7464947,6273474,6930000,7416316,6808421,9312947,10042421,10796211,10650316,13349368,12255158,11209579,9118421,8826632,8413263
2023-01-03,1,5106316,4936105,6249158,8996842,10455789,12717158,11598632,9774947,10577368,9823579,8972526,7051579,4984737,2699053,6784105,8802316,6395053,6905684,8364632,8899579,7489263,7294737,6176211,7075895
2023-01-04,1,5933053,6419368,3501474,6395053,5714211,6078947,7367684,6638211,5519684,3379895,2528842,1677789,1288737,486316,1993895,2747684,2917895,2650421,5422421,4863158,3671684,2066842,1288737,267474
2023-01-05,1,194526,97263,97263,437684,996947,1386000,389053,0,0,48632,291789,364737,145895,145895,145895,340421,413368,899684,1848000,1069895,705158,48632,0,170211
2023-01-06,1,437684,437684,316105,316105,1045579,1872316,1531895,1142842,802421,218842,0,0,72947,0,0,0,0,0,0,389053,3574421,4595684,5860105,9361579
2023-01-07,1,8364632,7975579,9045474,10844842,11233895,12619895,13179158,12619895,11306842,11428421,8437579,0,0,0,0,1507579,5179263,7051579,6808421,4498421,3744632,3063789,2601789,2018211
2023-01-08,1,510632,462000,145895,413368,559263,1556211,218842,243158,121579,0,0,0,0,0,0,0,24316,48632,437684,632211,778105,1069895,729474,826737
2023-01-09,1,534947,413368,437684,583579,1483263,2844947,2334316,1629158,267474,24316,121579,389053,437684,486316,1531895,3015158,6346421,7635158,9531789,10577368,12401053,8243053,8802316,8753684
2023-01-10,1,6759789,7683789,8072842,10674632,11112316,11452737,8899579,2212737,0,0,0,0,0,121579,48632,0,0,0,0,24316,0,0,0,0
2023-01-11,1,316105,437684,486316,462000,486316,1823684,1507579,97263,364737,48632,0,0,0,24316,0,48632,0,121579,851053,875368,316105,2601789,1896632,0
2023-01-12,1,1240105,7586526,4425474,5519684,7951263,7951263,5616947,5398105,6832737,6200526,3817579,972632,1483263,2601789,3428526,3063789,4668632,11185263,15002842,14419263,13592526,12206526,12936000,12790105
2023-01-13,1,10626000,9969474,10747579,11282526,12328105,11477053,11258211,11088000,8607789,9507474,6492316,1775053,413368,413368,145895,0,48632,0,2528842,1386000,24316,1215789,48632,0
2023-01-14,1,97263,705158,1848000,2407263,3939158,5130632,6759789,8778000,7805368,9021158,6176211,6468000,6419368,7173158,6711158,4620000,6103263,6127579,7756737,11671579,9507474,7562211,7489263,7635158
2023-01-15,1,4717263,7392000,6103263,9021158,10504421,11525684,13519579,13641158,12765789,12668526,12595579,10577368,10917789,10723263,12960316,12936000,12571263,12668526,13835684,14394947,14127474,11987684,13008947,11355474
2023-01-16,1,10066737,10188316,8340316,11695895,11015053,12595579,12133579,10698947,9847895,9702000,9702000,7999895,7270421,7270421,9483158,9653368,9604737,9629053,11331158,10480105,8850947,5154947,4936105,2650421
2023-01-17,1,778105,1993895,5641263,6832737,5422421,4474105,4133684,4571368,4741579,2626105,2553158,1288737,462000,1702105,1872316,3234000,4522737,8024211,9167053,10601684,6857053,3793263,4498421,4303895
2023-01-18,1,826737,1677789,2990842,3623053,3234000,4790211,5179263,3939158,2796316,1337368,1702105,583579,462000,243158,291789,413368,972632,2358632,4401158,3598737,3282632,2431579,802421,340421
2023-01-19,1,389053,462000,899684,753789,2893579,4060737,4109368,2237053,2480211,705158,753789,486316,413368,364737,267474,218842,291789,462000,2164105,948316,899684,389053,0,121579
2023-01-20,1,340421,462000,510632,948316,3234000,5519684,6881368,9726316,9167053,10139684,10285579,9580421,8607789,8510526,11622947,11039368,14346316,11793158,12109263,10139684,9677684,4863158,4571368,4595684
2023-01-21,1,1531895,1167158,1556211,2893579,3088105,4984737,5860105,5471053,4498421,4376842,4303895,1629158,462000,486316,1726421,2553158,3331263,3720316,4814526,4085053,2723368,0,145895,170211
2023-01-22,1,340421,97263,267474,0,1021263,486316,632211,6419368,0,0,413368,145895,243158,413368,462000,778105,2650421,1094211,5689895,6857053,924000,267474,1167158,4692947
2023-01-23,1,4571368,3525789,4984737,6954316,7781053,7319053,7416316,5057684,5300842,4644316,5616947,3768947,0,0,2917895,7708105,7124526,6540947,12425368,13811368,15173053,13665474,13957263,13908632
2023-01-24,1,11428421,10382842,10285579,11477053,12182211,10626000,7562211,4352526,778105,924000,291789,0,0,0,1896632,5762842,5835789,7537895,9531789,7027263,7416316,6006000,6565263,7878316
2023-01-25,1,6565263,5276526,4984737,7635158,7100211,7829684,7416316,5665579,3234000,5860105,5300842,1799368,1434632,1361684,413368,462000,510632,267474,2139789,1969579,1313053,0,0,218842
2023-01-26,1,0,0,0,0,0,24316,97263,48632,0,0,267474,218842,267474,97263,194526,97263,0,0,121579,0,0,0,389053,559263
2023-01-27,1,1240105,2504526,4911789,10091053,12936000,15878211,16121368,13981579,11671579,13300737,4158000,11282526,10820526,10407158,9118421,11841789,11550000,12109263,13106211,12960316,7902632,8340316,14808316,13081895
2023-01-28,1,10796211,11088000,11720211,12352421,13154842,14638105,13422316,13641158,9774947,6905684,3550105,1386000,656526,899684,6346421,11963368,12425368,12206526,13908632,11258211,10139684,8437579,9240000,7416316
2023-01-29,1,4328211,3331263,3088105,5811474,5762842,6054632,5665579,3866211,1702105,1848000,1458947,656526,875368,851053,1969579,3525789,2699053,3817579,5471053,5762842,4765895,4547053,5130632,8607789
2023-01-30,1,8461895,8802316,10164000,11671579,10893474,12595579,12401053,10139684,6881368,5422421,5860105,2917895,1264421,607895,1896632,2504526,2577474,1896632,3477158,3696000,2528842,1848000,1118526,1142842
2023-01-31,1,486316,437684,48632,24316,389053,948316,364737,1848000,3890526,2480211,2091158,632211,462000,437684,462000,437684,462000,972632,3671684,3768947,2042526,2164105,3015158,5908737
2023-02-01,1,3331263,1531895,462000,924000,413368,1969579,2310000,2310000,2066842,2796316,4644316,2431579,1945263,0,8170105,10382842,12814421,13884316,15829579,16291579,14686737,13398000,12133579,13227789
2023-02-02,1,10966421,10431474,11306842,12619895,10236947,8778000,7124526,8875263,13203474,11136632,9410211,6395053,0,0,510632,4255263,3817579,4376842,4911789,4158000,5033368,4158000,4474105,5276526
2023-02-03,1,1945263,1215789,1896632,3574421,5203579,7878316,6030316,5787158,4474105,5665579,5860105,4960421,6881368,8364632,9094105,7197474,5592632,6686842,8024211,7708105,7294737,5568316,5203579,4425474
2023-02-04,1,3914842,4182316,5179263,11525684,10455789,12571263,10018105,6638211,5009053,7027263,8802316,1848000,0,0,0,0,3234000,5957368,5252211,3209684,3234000,2699053,1702105,2115474
2023-02-05,1,1264421,1969579,3015158,2358632,2772000,3112421,3063789,2285684,462000,121579,243158,24316,218842,316105,413368,437684,243158,24316,534947,0,0,194526,24316,0
2023-02-06,1,121579,437684,462000,462000,0,1045579,632211,0,0,0,0,0,0,24316,0,340421,48632,1386000,7951263,5835789,5398105,316105,0,72947
2023-02-07,1,437684,24316,1410316,2237053,4887474,4206632,5641263,7829684,2723368,1945263,2723368,510632,437684,510632,1750737,2066842,4158000,2844947,2942211,2869263,3039474,2066842,3841895,3088105
2023-02-08,1,3671684,3768947,5179263,7951263,9312947,12644211,14127474,10869158,7562211,4620000,3744632,2480211,243158,0,0,48632,2334316,3939158,4182316,4960421,5057684,3817579,5276526,6711158
2023-02-09,1,2990842,656526,437684,437684,72947,1653474,1848000,1434632,0,24316,1507579,3258316,1361684,4255263,1920947,1993895,486316,4036421,4206632,2796316,1556211,72947,72947,3452842
2023-02-10,1,9142737,7708105,8316000,8243053,8753684,9215684,9361579,11817474,10601684,8753684,7951263,6881368,7367684,7392000,8267368,8534842,6954316,5665579,5738526,5835789,8923895,6249158,7221789,4765895
2023-02-11,1,4717263,2917895,1945263,680842,0,2237053,2066842,1361684,24316,0,0,24316,364737,389053,24316,267474,437684,97263,1629158,0,0,0,0,0
2023-02-12,1,24316,0,0,0,0,0,0,24316,97263,48632,24316,0,0,0,97263,632211,3671684,8413263,5057684,2358632,8778000,10942105,11477053,10018105
2023-02-13,1,1337368,24316,0,194526,5422421,10601684,7708105,11306842,9264316,6686842,4401158,2772000,3452842,5227895,5471053,4595684,2747684,4449789,9142737,8316000,7732421,7343368,9191368,7878316
2023-02-14,1,4303895,4668632,5665579,8072842,8802316,10212632,10431474,12717158,11768842,10358526,8753684,4352526,0,0,0,0,6346421,9094105,9702000,9361579,8413263,5544000,4595684,3574421
2023-02-15,1,2164105,2893579,1945263,2796316,2869263,4425474,4085053,3768947,2358632,1653474,2042526,1167158,534947,413368,1118526,1677789,1556211,1604842,3866211,3671684,3161053,1434632,1945263,1507579
2023-02-16,1,510632,486316,1069895,1240105,3258316,5300842,4936105,3671684,1872316,510632,802421,437684,462000,778105,486316,2164105,2431579,1604842,2674737,3039474,1653474,243158,24316,0
2023-02-17,1,48632,0,121579,170211,0,0,24316,0,0,0,413368,1021263,486316,413368,121579,170211,534947,0,3914842,3696000,5981684,4984737,5616947,5009053
2023-02-18,1,3088105,1045579,462000,194526,0,2042526,2382947,510632,656526,218842,24316,0,24316,0,0,0,97263,170211,0,0,170211,121579,145895,97263
2023-02-19,1,24316,389053,2480211,5154947,6711158,13154842,15221684,11987684,12498316,12887368,13154842,10382842,3720316,12498316,15416211,13568211,13373684,13252105,16097053,16388842,15780947,14394947,12838737,12960316
2023-02-20,1,11404105,12303789,12401053,14151789,13227789,14127474,10771895,12692842,10480105,11963368,10942105,0,0,0,6905684,11817474,13495263,14735368,13057579,15391895,14054526,13957263,13787053,13154842
2023-02-21,1,11525684,11136632,11452737,13446632,13033263,13398000,10966421,11793158,9337263,10091053,11695895,9920842,948316,0,2382947,4984737,5082000,3671684,3963474,2212737,3112421,1386000,364737,121579
2023-02-22,1,291789,389053,437684,462000,2091158,5057684,2115474,1823684,243158,0,0,0,267474,437684,462000,145895,0,0,607895,97263,121579,826737,972632,680842
2023-02-23,1,486316,559263,462000,437684,2407263,4863158,4668632,4547053,4692947,3939158,3234000,1653474,778105,534947,1458947,1507579,1410316,1653474,3306947,3501474,2942211,1288737,1386000,1288737
2023-02-24,1,534947,462000,437684,1410316,5738526,8802316,11452737,8996842,7513579,6638211,7173158,4376842,2990842,2796316,6492316,6759789,9240000,11039368,13932947,14929895,15148737,14322000,14419263,14370632
2023-02-25,1,12619895,12157895,12425368,14322000,14273368,15878211,16242947,15902526,13957263,13592526,72947,0,0,0,0,0,6954316,11793158,15343263,14200421,14127474,14103158,13543895,12863053
2023-02-26,1,8534842,10309895,6249158,4449789,3379895,4425474,6711158,7902632,6492316,8267368,1142842,0,0,0,0,0,389053,3306947,1653474,1434632,1118526,1507579,1288737,1021263
2023-02-27,1,340421,24316,0,0,0,121579,0,534947,899684,145895,72947,24316,24316,0,0,243158,24316,0,24316,0,0,0,0,0
2023-02-28,1,0,24316,291789,437684,1434632,2115474,1264421,1483263,1142842,1215789,1386000,0,0,0,0,24316,437684,2820632,5203579,5544000,6006000,4717263,3939158,3039474
2023-03-01,1,632211,437684,462000,413368,243158,2091158,1069895,97263,0,0,0,0,72947,656526,924000,2869263,9434526,14370632,14078842,16024105,15926842,13835684,14443579,13981579
2023-03-02,1,12863053,12255158,12352421,10942105,13860000,14832632,16072737,15221684,12984632,12887368,10407158,291789,364737,389053,291789,291789,4303895,10285579,10893474,11258211,14005895,13714105,10869158,8072842
2023-03-03,1,6346421,5252211,5276526,5106316,4449789,6273474,6516632,3987789,2139789,1361684,2066842,632211,413368,413368,1823684,2942211,1750737,680842,2066842,2601789,3112421,2334316,2674737,1094211
2023-03-04,1,534947,437684,437684,486316,1872316,5276526,4595684,1993895,1969579,486316,656526,72947,97263,462000,437684,437684,437684,1361684,2942211,972632,194526,632211,753789,802421
2023-03-05,1,462000,486316,486316,462000,121579,1215789,0,0,0,0,0,0,0,24316,0,0,0,0,0,0,0,0,0,0
2023-03-06,1,0,0,0,0,0,0,0,0,0,0,170211,194526,48632,24316,24316,170211,291789,389053,583579,1021263,1094211,1702105,2261368,3234000
2023-03-07,1,2115474,1629158,1653474,4230947,3574421,5933053,5495368,4328211,2431579,2407263,340421,364737,437684,437684,437684,413368,389053,802421,2820632,4255263,4012105,2869263,2893579,3306947
2023-03-08,1,2212737,3258316,4401158,7148842,7416316,6930000,7343368,7197474,5641263,6419368,6930000,2772000,705158,2455895,4595684,3890526,3841895,4230947,6419368,8729368,7051579,7221789,9653368,9385895
2023-03-09,1,6078947,4863158,5373789,7100211,6565263,7416316,7708105,5203579,3671684,3136737,1458947,413368,72947,0,24316,24316,170211,437684,389053,267474,486316,72947,0,0
2023-03-10,1,0,0,0,0,0,0,0,0,0,0,0,0,24316,72947,267474,145895,340421,316105,1094211,1653474,2188421,2699053,2504526,3039474
2023-03-11,1,802421,1386000,3428526,3720316,2358632,3720316,4328211,4352526,2990842,2310000,1458947,534947,462000,437684,437684,437684,364737,267474,3234000,4741579,4474105,6127579,8607789,8291684
2023-03-12,1,5738526,5689895,5106316,4644316,2966526,5398105,4911789,3817579,2504526,2917895,3379895,3331263,11404105,12109263,14638105,12279474,11598632,14249053,12425368,13325053,10309895,10747579,11306842,11379789
2023-03-13,1,10796211,8802316,9653368,10820526,12619895,14467895,16291579,15489158,12376737,8583474,5471053,534947,437684,413368,826737,1702105,1167158,972632,2358632,2528842,1556211,0,340421,1386000
2023-03-14,1,1264421,462000,437684,1118526,8218737,9799263,8899579,4425474,2455895,2990842,1775053,583579,437684,437684,413368,1386000,4401158,6443684,7270421,9847895,11136632,10771895,12741474,14030211
2023-03-15,1,12303789,10942105,10674632,10771895,9483158,10626000,9094105,6978632,4474105,5738526,583579,389053,389053,2139789,4668632,2844947,1288737,413368,1945263,1896632,1386000,0,145895,1629158
2023-03-16,1,1215789,1264421,2577474,7246105,10650316,14492211,15100105,15270316,11695895,13008947,6613895,2480211,437684,413368,4425474,4401158,5689895,6419368,7586526,6638211,4474105,3987789,1677789,1215789
2023-03-17,1,510632,389053,243158,632211,729474,3112421,1604842,0,194526,486316,97263,121579,97263,97263,0,0,0,0,0,0,0,0,462000,5544000
2023-03-18,1,2091158,1045579,2018211,3355579,4303895,8486211,7854000,5252211,4328211,3720316,729474,340421,413368,413368,1604842,2261368,3428526,4547053,6054632,7075895,5641263,4717263,4352526,5689895
2023-03-19,1,3525789,2650421,3088105,5325158,5349474,7489263,8340316,7975579,5908737,3039474,291789,243158,462000,413368,267474,72947,170211,72947,1677789,72947,24316,364737,291789,389053
2023-03-20,1,170211,437684,316105,389053,218842,218842,0,0,0,0,24316,170211,48632,340421,413368,413368,145895,0,1629158,0,267474,1507579,267474,24316
2023-03-21,1,0,0,0,0,948316,145895,316105,0,0,97263,0,0,0,0,0,0,0,0,0,0,0,0,0,0
2023-03-22,1,0,0,0,0,0,0,0,0,0,0,0,3234000,4571368,3112421,3550105,2966526,3501474,2188421,3817579,3331263,4060737,1361684,24316,145895
2023-03-23,1,0,0,0,0,0,0,218842,778105,2674737,2844947,2966526,656526,705158,972632,1969579,2990842,6030316,8899579,8048526,5981684,6322105,5276526,7562211,7805368
2023-03-24,1,4644316,5179263,8826632,6686842,3404211,4498421,4303895,4012105,2893579,3112421,2504526,632211,389053,656526,437684,413368,705158,1021263,2553158,2674737,2164105,24316,0,0
2023-03-25,1,0,0,0,97263,802421,0,0,0,48632,145895,0,0,0,0,0,0,0,0,48632,0,0,0,0,72947
2023-03-26,1,437684,972632,1337368,2212737,3258316,6759789,5495368,4012105,3477158,5130632,5398105,583579,1215789,1969579,4109368,4522737,4838842,6638211,7489263,8267368,8948211,8121474,10650316,10577368
2023-03-27,1,7926947,8388947,5689895,5495368,6468000,8243053,8145789,6954316,6978632,8170105,5568316,559263,437684,437684,437684,1361684,5544000,9507474,10455789,8753684,10042421,9556105,7708105,7537895
2023-03-28,1,3501474,2480211,632211,170211,48632,2164105,2091158,1702105,996947,559263,899684,486316,121579,534947,680842,826737,364737,729474,2407263,2091158,72947,24316,0,0
2023-03-29,1,0,0,0,0,0,72947,0,0,0,0,48632,340421,316105,170211,267474,48632,0,0,48632,0,0,0,0,0
2023-03-30,1,0,0,0,218842,170211,72947,72947,24316,145895,0,0,0,24316,24316,0,0,48632,0,0,0,0,0,170211,291789
2023-03-31,1,486316,121579,0,0,24316,486316,0,0,145895,1264421,2042526,583579,413368,413368,437684,413368,389053,121579,1823684,1920947,948316,0,0,0
2023-04-01,1,0,0,0,0,72947,0,121579,0,0,0,0,0,0,72947,243158,267474,97263,24316,218842,0,0,0,267474,2626105
2023-04-02,1,680842,389053,486316,316105,0,1702105,1167158,145895,802421,510632,1410316,559263,437684,437684,437684,559263,4303895,8170105,9240000,6905684,2528842,413368,802421,3258316
2023-04-03,1,413368,291789,145895,2115474,3015158,2772000,3112421,1045579,72947,97263,145895,145895,243158,364737,1580526,3841895,4085053,6370737,4036421,4790211,5422421,4984737,4206632,3696000
2023-04-04,1,3234000,5957368,7732421,8121474,9288632,12741474,12668526,14686737,16072737,13616842,10382842,10139684,9337263,6565263,8316000,6686842,7464947,8948211,10869158,10771895,10626000,9215684,9045474,7610842
2023-04-05,1,875368,1264421,3209684,2139789,4911789,7027263,4863158,7464947,7659474,7610842,7951263,4060737,267474,24316,0,145895,170211,802421,2626105,364737,583579,534947,851053,996947
2023-04-06,1,437684,437684,340421,462000,899684,1872316,462000,316105,0,0,0,194526,145895,413368,243158,145895,437684,1410316,4814526,1993895,1799368,3355579,3817579,3331263
2023-04-07,1,875368,1288737,4717263,5933053,7829684,10431474,8948211,9118421,9483158,11550000,9434526,3234000,2601789,2261368,6638211,4838842,3890526,5106316,10139684,14346316,12741474,13689789,15999789,15197368
2023-04-08,1,13033263,12936000,12328105,14273368,12303789,14200421,10285579,5933053,2626105,1726421,1215789,0,0,0,2601789,4692947,4620000,5276526,4887474,3550105,2747684,2334316,1337368,1726421
2023-04-09,1,607895,437684,97263,0,170211,948316,364737,170211,24316,0,0,72947,291789,0,0,0,97263,24316,170211,0,0,291789,1337368,2966526
2023-04-10,1,3331263,3890526,3258316,4668632,3623053,4887474,5252211,4425474,2796316,3866211,1726421,534947,1313053,656526,3574421,4449789,3136737,3331263,6176211,11720211,14224737,12012000,12644211,13446632
2023-04-11,1,11793158,12157895,11452737,10820526,10334211,13252105,15197368,15002842,12133579,9142737,9580421,6443684,2990842,7902632,7926947,5009053,3550105,3914842,4425474,3282632,1726421,0,0,0
2023-04-12,1,1823684,4522737,10504421,11039368,13179158,15027158,14735368,15708000,13957263,10115368,753789,389053,413368,2334316,5276526,3112421,4717263,2674737,3477158,4863158,4474105,2772000,4911789,389053
2023-04-13,1,1580526,1969579,3696000,267474,1653474,6249158,3890526,4012105,1069895,0,24316,24316,0,0,0,48632,364737,316105,656526,2674737,4474105,2480211,3379895,5276526
2023-04-14,1,5738526,3550105,4279579,6078947,5203579,8656421,10650316,5811474,5373789,2018211,1702105,802421,1167158,12863053,11477053,7537895,12012000,15999789,17653263,15683684,4838842,0,0,0
2023-04-15,1,0,0,0,243158,4498421,6954316,5908737,6662526,7100211,5519684,4984737,6638211,2212737,2504526,9215684,4547053,2942211,3890526,3404211,3161053,2310000,1313053,729474,194526
2023-04-16,1,97263,24316,364737,972632,3306947,4911789,2917895,1653474,3161053,12741474,5860105,413368,437684,413368,996947,899684,3793263,5446737,5665579,5519684,5179263,4352526,2747684,3185368
2023-04-17,1,656526,437684,218842,24316,48632,1191474,218842,1167158,3598737,3112421,3501474,0,0,413368,437684,6224842,9167053,13689789,18480000,19525579,18966316,15756632,14638105,14127474
2023-04-18,1,12887368,12206526,11647263,13981579,14005895,16291579,16218632,15416211,14249053,13884316,13641158,10601684,7537895,7294737,4206632,3793263,3841895,5933053,7075895,6930000,6978632,6881368,5544000,3574421
2023-04-19,1,3112421,2504526,2066842,1969579,1118526,3696000,3623053,2407263,291789,607895,389053,121579,24316,72947,0,0,145895,1604842,4060737,4401158,4522737,3015158,2066842,1848000
2023-04-20,1,2310000,437684,413368,316105,0,1653474,1580526,0,534947,1677789,1118526,72947,97263,72947,121579,0,0,170211,24316,0,559263,1434632,3039474,4158000
2023-04-21,1,1240105,1726421,1118526,4352526,7562211,7173158,9750632,10869158,9556105,8850947,10893474,2601789,413368,413368,170211,1410316,3793263,7124526,4863158,2237053,2285684,899684,0,24316
2023-04-22,1,48632,340421,0,97263,0,316105,0,0,0,0,0,316105,194526,0,72947,97263,1580526,0,4425474,11379789,12644211,12109263,11890421,9191368
2023-04-23,1,3355579,753789,851053,121579,48632,1945263,3379895,5203579,6443684,7586526,6224842,2212737,121579,218842,1945263,291789,510632,2601789,2699053,6176211,5738526,6978632,3720316,48632
2023-04-24,1,0,0,0,389053,3744632,5544000,4936105,8194421,6954316,7878316,6784105,4182316,291789,0,0,462000,729474,1775053,3647368,1969579,778105,0,0,0
2023-04-25,1,0,0,0,0,0,0,0,0,0,0,0,0,0,97263,413368,413368,340421,413368,3963474,2358632,1337368,1945263,2091158,3550105
2023-04-26,1,2455895,3379895,2480211,4085053,2626105,3355579,3841895,2504526,389053,486316,1848000,559263,437684,437684,413368,1434632,4522737,5957368,8632105,7659474,8486211,7075895,4425474,4547053
2023-04-27,1,1799368,510632,243158,72947,0,1677789,1507579,48632,0,0,48632,121579,24316,72947,0,0,0,583579,2042526,4376842,5349474,8097158,7610842,9920842
2023-04-28,1,7829684,6930000,5568316,9702000,8364632,8632105,9774947,8632105,9215684,7416316,8802316,6759789,4668632,4960421,9702000,7999895,8072842,11550000,12546947,11160947,9604737,8024211,9361579,9920842
2023-04-29,1,5641263,5349474,1386000,1337368,1361684,3525789,2942211,2626105,1604842,583579,875368,48632,97263,437684,1629158,2285684,3817579,7562211,12595579,15537789,13398000,12571263,13252105,15805263
2023-04-30,1,13008947,12279474,11063684,10747579,7416316,6808421,6322105,4376842,1142842,851053,607895,48632,170211,413368,413368,389053,437684,656526,778105,0,0,0,0,0
2023-05-01,1,0,0,0,0,0,0,0,0,0,0,364737,437684,413368,462000,462000,462000,462000,72947,1629158,1848000,583579,0,24316,121579
2023-05-02,1,656526,2285684,1775053,2796316,2066842,3428526,6224842,4765895,1653474,1702105,340421,291789,291789,413368,3623053,4158000,6492316,7124526,5446737,6054632,9653368,13592526,17215579,14711053
2023-05-03,1,10650316,12376737,15002842,13227789,12765789,13689789,11404105,10577368,8437579,7951263,7732421,7051579,6054632,7537895,7562211,10358526,12838737,16097053,17847789,18042316,13568211,15246000,6492316,8948211
2023-05-04,1,12984632,14273368,14030211,12741474,10528737,16802211,18188211,18577263,16850842,11063684,8364632,4887474,2942211,607895,1264421,4668632,12084947,12765789,15027158,14370632,14565158,11039368,5106316,5908737
2023-05-05,1,3282632,4036421,5057684,8024211,8145789,6200526,7926947,10236947,10480105,7756737,8972526,5471053,4328211,5373789,7197474,5884421,5544000,6832737,8510526,9993789,9945158,8194421,9240000,6759789
2023-05-06,1,4133684,1434632,486316,534947,170211,1726421,1823684,1313053,48632,0,24316,24316,267474,316105,389053,48632,0,0,97263,243158,924000,1337368,0,0
2023-05-07,1,0,0,0,0,0,0,0,0,0,0,0,0,48632,0,1556211,4230947,2237053,6540947,6419368,5276526,2699053,2042526,2164105,1167158
2023-05-08,1,778105,1604842,3744632,3939158,4960421,7221789,4279579,2382947,3039474,1458947,0,0,0,218842,97263,948316,680842,2601789,4401158,5033368,4863158,170211,267474,680842
2023-05-09,1,486316,437684,462000,437684,0,1264421,0,0,72947,680842,0,0,0,267474,437684,437684,413368,2674737,3550105,4741579,4498421,2893579,2553158,2334316
2023-05-10,1,1215789,1142842,2091158,4036421,3574421,5300842,4206632,3379895,1069895,72947,0,0,0,0,0,0,0,0,0,753789,2285684,2966526,3963474,3696000
2023-05-11,1,1142842,145895,291789,72947,0,1653474,1507579,0,0,0,0,0,24316,0,0,0,24316,0,194526,121579,0,0,0,0
2023-05-12,1,0,0,0,0,753789,437684,0,0,1458947,1240105,291789,243158,0,48632,48632,194526,291789,1337368,1604842,1750737,486316,97263,0,0
2023-05-13,1,97263,243158,413368,437684,1167158,3696000,364737,0,0,0,0,0,24316,413368,243158,316105,413368,170211,1458947,48632,0,0,0,364737
2023-05-14,1,437684,364737,437684,340421,145895,462000,826737,632211,291789,24316,97263,24316,0,243158,291789,243158,389053,316105,437684,194526,267474,753789,1483263,1775053
2023-05-15,1,656526,437684,170211,0,0,3136737,1483263,145895,534947,607895,24316,218842,170211,1531895,5082000,1677789,1848000,3161053,5933053,8267368,4911789,1094211,559263,340421
2023-05-16,1,145895,170211,48632,0,72947,97263,24316,24316,24316,0,24316,121579,340421,437684,413368,389053,413368,1629158,3939158,2431579,2942211,4182316,5398105,5203579
2023-05-17,1,4765895,5252211,4814526,8437579,9847895,13057579,12936000,11477053,8923895,10893474,10042421,6613895,4328211,2844947,2796316,2407263,2358632,2966526,6200526,6078947,7586526,7051579,8826632,9847895
2023-05-18,1,8778000,7854000,9507474,10601684,8583474,6078947,5495368,10334211,10091053,9872211,10504421,6735474,5325158,6565263,9361579,5616947,2723368,1556211,1629158,2601789,2285684,2066842,680842,48632
2023-05-19,1,2650421,4960421,5689895,4012105,7610842,8437579,6857053,3550105,1848000,1580526,1604842,632211,1288737,2334316,2407263,3768947,1434632,607895,2091158,1848000,1337368,0,0,0
2023-05-20,1,0,0,0,0,24316,0,0,0,0,0,0,97263,97263,0,0,24316,0,0,0,97263,0,24316,24316,316105
2023-05-21,1,413368,48632,121579,0,0,170211,0,72947,291789,24316,48632,145895,0,0,364737,413368,413368,1920947,3112421,364737,705158,1264421,510632,413368
2023-05-22,1,170211,413368,437684,437684,2699053,3866211,3209684,2164105,6249158,10698947,11355474,948316,3209684,3063789,1337368,437684,170211,1556211,5884421,5349474,3866211,2893579,3209684,3744632
2023-05-23,1,2601789,1653474,2990842,5130632,7075895,8437579,6346421,3161053,1094211,680842,1021263,72947,24316,48632,437684,389053,364737,170211,1896632,462000,0,170211,316105,340421
2023-05-24,1,291789,291789,267474,0,97263,121579,1361684,1337368,121579,437684,583579,389053,437684,437684,437684,413368,243158,0,1653474,340421,0,0,48632,0
2023-05-25,1,0,0,97263,170211,0,121579,243158,340421,1094211,948316,1848000,753789,437684,607895,437684,364737,340421,1920947,5057684,5908737,8826632,11039368,6540947,7683789
2023-05-26,1,3598737,3379895,2115474,2261368,778105,2018211,2966526,3039474,559263,194526,1215789,267474,413368,2066842,4595684,2480211,2990842,2480211,6784105,11015053,11671579,13154842,13519579,12133579
2023-05-27,1,10236947,6200526,5009053,7124526,5082000,5738526,6930000,6492316,6711158,7489263,10115368,8316000,10990737,11379789,13641158,10747579,10626000,14054526,16048421,14808316,14832632,14467895,14224737,14394947
2023-05-28,1,12376737,12036316,12109263,14200421,12230842,12960316,10698947,13130526,9945158,8461895,8632105,5811474,7027263,8170105,7002947,3501474,1993895,3671684,6540947,8145789,8316000,9045474,9920842,8267368
2023-05-29,1,6151895,6200526,6589579,5227895,2869263,4109368,3987789,3015158,1507579,1653474,2115474,607895,437684,437684,437684,389053,413368,753789,2310000,2188421,170211,2407263,7197474,4230947
2023-05-30,1,486316,0,0,0,145895,218842,0,0,0,0,0,0,0,0,0,0,0,267474,340421,0,0,0,0,0
2023-05-31,1,0,0,0,0,0,0,0,48632,0,0,0,0,0,0,0,48632,24316,24316,0,0,0,0,0,0
2023-06-01,1,0,0,0,0,0,1215789,899684,170211,1434632,2504526,1045579,437684,389053,48632,0,48632,170211,2480211,2455895,48632,0,2382947,1045579,729474
2023-06-02,1,486316,753789,72947,316105,826737,3258316,5957368,7586526,9045474,7635158,10626000,5349474,1386000,996947,3598737,3890526,3768947,3428526,3720316,4887474,5422421,6249158,3939158,5325158
2023-06-03,1,2382947,3452842,4814526,6954316,6784105,8632105,7854000,5154947,4303895,3550105,2650421,486316,486316,462000,437684,437684,413368,1434632,3088105,2650421,1872316,1531895,1191474,1483263
2023-06-04,1,486316,437684,413368,316105,437684,2164105,1386000,1142842,2042526,1288737,1434632,437684,437684,413368,437684,437684,437684,1434632,2626105,1653474,632211,437684,656526,437684
2023-06-05,1,316105,389053,413368,778105,3817579,7002947,3793263,5057684,2188421,3914842,778105,291789,24316,48632,413368,486316,389053,1118526,2626105,3987789,5787158,7173158,8826632,1823684
2023-06-06,1,607895,145895,0,0,0,559263,0,0,0,0,0,194526,413368,437684,462000,413368,413368,607895,1653474,2091158,2042526,826737,291789,364737
2023-06-07,1,97263,0,121579,72947,0,0,0,0,0,0,24316,218842,729474,1775053,2747684,4036421,1848000,2066842,3209684,3355579,2504526,899684,462000,559263
2023-06-08,1,2334316,2528842,5227895,1240105,1896632,2601789,1288737,267474,0,0,24316,145895,0,1775053,2480211,972632,72947,194526,48632,1337368,97263,0,72947,316105
2023-06-09,1,389053,486316,413368,413368,340421,48632,0,0,0,24316,0,0,48632,2407263,3039474,2188421,486316,389053,1458947,4960421,5276526,8072842,8729368,6978632
2023-06-10,1,5300842,11063684,5106316,24316,0,0,778105,72947,72947,1434632,826737,3063789,1775053,7051579,7489263,6735474,510632,72947,2723368,2528842,267474,0,1094211,4814526
2023-06-11,1,1240105,3890526,7343368,2407263,875368,1337368,194526,0,0,0,0,0,316105,2455895,2212737,170211,72947,194526,0,1021263,0,0,389053,24316
2023-06-12,1,24316,0,0,0,0,0,0,0,0,0,170211,510632,72947,1993895,48632,194526,24316,0,0,0,0,24316,218842,170211
2023-06-13,1,0,0,0,0,72947,364737,218842,0,72947,0,0,0,0,170211,0,0,48632,0,0,0,0,0,0,24316
2023-06-14,1,194526,413368,413368,413368,437684,413368,413368,413368,72947,218842,24316,267474,121579,1629158,1920947,48632,0,0,0,0,0,0,145895,389053
2023-06-15,1,340421,389053,145895,316105,389053,413368,316105,48632,0,218842,364737,389053,948316,2990842,948316,486316,340421,243158,121579,534947,462000,534947,24316,0
2023-06-16,1,0,0,0,0,0,0,0,0,0,0,0,0,0,24316,0,0,0,0,0,680842,1458947,2261368,559263,145895
2023-06-17,1,0,0,0,72947,72947,0,0,0,0,72947,194526,145895,0,462000,0,48632,170211,0,48632,97263,0,0,0,48632
2023-06-18,1,413368,243158,48632,0,0,0,145895,194526,0,0,0,0,0,1313053,0,0,0,0,0,0,0,0,0,0
2023-06-19,1,0,24316,72947,437684,389053,413368,121579,0,24316,0,0,0,534947,1191474,48632,145895,48632,0,0,0,0,0,0,0
2023-06-20,1,24316,6686842,1896632,6151895,10601684,875368,291789,6492316,10164000,11160947,10115368,5325158,8243053,9045474,12255158,10164000,7732421,4182316,3598737,4182316,2528842,656526,194526,0
2023-06-21,1,48632,364737,316105,267474,291789,267474,316105,413368,437684,437684,437684,413368,1240105,2358632,3890524,3088105,1191474,3574421,4109368,4936105,4692947,3306947,1483263,510632
2023-06-22,1,1458947,2455895,1458947,1531895,1483263,1920947,2650421,2164105,1386000,486316,291789,510632,875368,2407263,2650421,243158,194526,24316,0,924000,0,0,0,0
2023-06-23,1,48632,413368,413368,413368,437684,413368,389053,72947,0,0,48632,24316,48632,1337368,0,0,0,24316,0,462000,510632,972632,559263,194526
2023-06-24,1,48632,24316,0,0,0,0,0,0,0,121579,0,97263,510632,5009053,5908737,8291684,462000,5471053,11355474,13470947,3720316,4620000,4303895,2553158
2023-06-25,1,583579,1823684,4109368,8121474,14176105,15756632,16413158,10455789,15464842,16899474,15756632,14394947,12814421,6784105,3525789,559263,48632,0,340421,2893579,3574421,6419368,5252211,5787158
2023-06-26,1,7440632,8656421,7659474,7513579,6735474,6686842,7148842,6784105,7100211,7221789,7586526,7683789,6273474,8607789,9774947,6565263,4206632,5811474,7829684,9240000,9264316,7051579,5227895,3501474
2023-06-27,1,5082000,5665579,5811474,5227895,5495368,5325158,4644316,5519684,4644316,3282632,5057684,7148842,4863158,5179263,4303895,5568316,3768947,3306947,6468000,9312947,10844842,10382842,8510526,8121474
2023-06-28,1,7173158,5908737,6200526,6589579,4790211,4012105,3914842,2674737,1872316,2431579,3525789,3428526,4960421,7586526,4887474,2723368,705158,753789,2188421,3841895,3914842,2917895,2237053,3866211
2023-06-29,1,6759789,9580421,11282526,7610842,5908737,6273474,7294737,7294737,6565263,6613895,6638211,8461895,8510526,10674632,10723263,8680737,5641263,4936105,5446737,6978632,6711158,4692947,4230947,972632
2023-06-30,1,291789,1629158,3939158,5325158,5544000,3404211,4303895,729474,121579,1896632,729474,1361684,4085053,5835789,4960421,6297789,2942211,1118526,2091158,2942211,2455895,413368,194526,145895
2023-07-01,1,24316,0,0,0,0,0,0,0,0,0,0,0,0,680842,0,0,0,0,0,72947,194526,0,0,0
2023-07-02,1,0,0,97263,24316,389053,413368,948316,389053,364737,194526,24316,0,24316,1993895,2820632,705158,437684,364737,2042526,5811474,3063789,2164105,486316,1045579
2023-07-03,1,656526,1458947,753789,680842,48632,72947,0,243158,364737,24316,0,0,0,729474,1191474,462000,218842,97263,0,413368,0,0,0,97263
2023-07-04,1,413368,413368,753789,2942211,4279579,4012105,3720316,2455895,145895,826737,2358632,4182316,4158000,6686842,6857053,5471053,2893579,3136737,6711158,7683789,6249158,4352526,3525789,3282632
2023-07-05,1,2869263,3647368,5033368,5957368,2699053,1896632,1604842,3452842,1920947,1872316,2066842,875368,632211,1142842,1507579,632211,72947,24316,0,413368,0,0,0,218842
2023-07-06,1,72947,243158,121579,0,0,194526,778105,729474,340421,291789,340421,291789,753789,3185368,3501474,1021263,632211,583579,875368,2942211,4911789,3987789,2237053,3088105
2023-07-07,1,3088105,6030316,7562211,6954316,6662526,6200526,6492316,4887474,3379895,5981684,6224842,6054632,4644316,4401158,4109368,1629158,462000,389053,899684,4401158,3088105,3088105,2091158,680842
2023-07-08,1,826737,3890526,4620000,1823684,2674737,2869263,4279579,875368,1094211,1021263,1215789,1483263,2261368,3331263,3136737,1531895,437684,389053,948316,2844947,1604842,851053,437684,389053
2023-07-09,1,437684,534947,2018211,1702105,413368,1556211,2455895,1969579,2869263,4085053,1677789,1094211,948316,3185368,2382947,2212737,2893579,364737,340421,2966526,3525789,1799368,802421,851053
2023-07-10,1,5179263,7635158,6978632,4668632,4668632,1142842,583579,170211,437684,778105,851053,3598737,10236947,10431474,9750632,5641263,3671684,1969579,3039474,4936105,4595684,2747684,607895,510632
2023-07-11,1,413368,2528842,2990842,3258316,3525789,5568316,4182316,6468000,7002947,6857053,6078947,5884421,6419368,8607789,7635158,4838842,2382947,3428526,4303895,6006000,5762842,3477158,6273474,9434526
2023-07-12,1,8632105,10091053,8656421,7367684,6224842,3963474,4790211,5860105,6686842,4595684,5106316,5349474,4911789,6273474,5884421,3234000,1191474,996947,3477158,6443684,8072842,6151895,3136737,2261368
2023-07-13,1,4911789,8632105,6516632,7537895,6954316,8899579,8753684,7732421,9288632,10674632,10139684,10018105,10066737,12546947,12036316,10577368,7440632,8534842,11379789,13349368,13860000,10091053,9556105,10553053
2023-07-14,1,11306842,11647263,11452737,12401053,12863053,12279474,11841789,11282526,11428421,11258211,11647263,10650316,10407158,12644211,12352421,10358526,8559158,8437579,9337263,12814421,13738421,12328105,8656421,10869158
2023-07-15,1,11404105,12036316,13033263,11379789,10990737,10504421,10042421,8388947,8559158,8461895,8145789,8024211,8705053,11987684,11452737,7975579,6930000,6346421,7756737,8048526,8656421,6006000,4474105,7513579
2023-07-16,1,9726316,10018105,12036316,10553053,8437579,8875263,9531789,12012000,10966421,7781053,7319053,6200526,6030316,6613895,8705053,3793263,2455895,2334316,6857053,10553053,10747579,10601684,9507474,10966421
2023-07-17,1,11185263,9167053,8461895,8899579,9361579,8680737,9337263,6711158,6759789,6078947,4085053,5130632,5057684,6711158,6711158,1288737,583579,1313053,1920947,4352526,5641263,3817579,3331263,9458842
2023-07-18,1,7610842,10626000,12838737,13252105,15683684,14808316,14978526,14540842,13325053,13422316,11282526,11501368,9993789,12328105,12449684,8680737,4936105,5373789,2164105,2650421,3355579,1726421,462000,364737
2023-07-19,1,24316,97263,316105,389053,607895,1750737,3234000,3841895,4790211,4814526,4936105,4206632,3501474,4474105,3720316,948316,462000,340421,194526,2091158,170211,24316,0,0
2023-07-20,1,0,0,0,0,0,0,0,218842,24316,0,0,0,0,121579,0,0,0,0,72947,0,24316,243158,97263,0
2023-07-21,1,0,48632,0,0,0,0,0,1118526,2747684,559263,875368,2431579,5471053,8024211,6978632,4352526,3793263,4668632,9094105,12765789,14565158,9604737,3234000,1458947
2023-07-22,1,2431579,4571368,2358632,5933053,11428421,17118316,19987579,17774842,15951158,14419263,16315895,12790105,13787053,15951158,16875158,14297684,11282526,10626000,12425368,15294632,14200421,12522632,10091053,10674632
2023-07-23,1,12838737,13689789,13373684,12303789,10285579,11136632,10844842,9677684,11477053,11185263,8072842,8607789,6103263,7075895,7100211,5689895,3525789,4765895,5933053,8461895,9458842,9021158,7537895,7902632
2023-07-24,1,10626000,11525684,9580421,9021158,10528737,11550000,7537895,2504526,1580526,1337368,2018211,705158,2164105,6127579,9021158,8218737,705158,121579,559263,3671684,3647368,4133684,1848000,802421
2023-07-25,1,1361684,5179263,6735474,5616947,9142737,7392000,5568316,7805368,8121474,6249158,3404211,4668632,2553158,3623053,3598737,2650421,1313053,1556211,4741579,6638211,6759789,4182316,2942211,4085053
2023-07-26,1,4741579,5154947,4352526,4206632,3647368,3768947,4401158,2917895,2504526,1629158,1848000,2042526,3112421,5276526,5057684,3477158,1483263,1118526,2966526,5835789,4449789,3428526,1726421,486316
2023-07-27,1,1945263,4133684,3987789,5082000,4328211,3696000,3817579,4498421,3550105,3963474,5544000,5398105,7075895,8923895,8826632,5981684,5325158,6030316,6711158,8194421,6468000,3671684,4717263,5446737
2023-07-28,1,4741579,6638211,7829684,7319053,8778000,6905684,6905684,7537895,7975579,4814526,6565263,7732421,7975579,5641263,9215684,5762842,2091158,1945263,2626105,3671684,4692947,4644316,1896632,2990842
2023-07-29,1,3088105,4863158,6030316,10066737,11768842,9215684,7051579,5835789,7878316,7537895,7513579,5762842,7732421,9653368,8899579,8048526,4984737,6176211,5544000,2966526,2966526,3136737,1215789,1215789
2023-07-30,1,3355579,4765895,3404211,5519684,4352526,7002947,4887474,5787158,4425474,5179263,3477158,3939158,6127579,6468000,7173158,4012105,2164105,1386000,1215789,2674737,6176211,3793263,559263,1580526
2023-07-31,1,753789,1410316,1167158,826737,2504526,924000,413368,0,2431579,2504526,1288737,607895,267474,1726421,2285684,243158,0,0,0,753789,0,218842,170211,267474
2023-08-01,1,0,0,0,0,0,0,218842,48632,0,0,170211,0,0,1142842,437684,291789,0,0,0,24316,0,0,0,0
2023-08-02,1,24316,24316,24316,267474,0,1069895,632211,0,72947,0,0,218842,5227895,10407158,8145789,4303895,0,2990842,6346421,2334316,1750737,2042526,1799368,486316
2023-08-03,1,851053,3598737,5811474,5592632,5544000,24316,0,267474,1726421,4279579,3890526,2480211,5349474,7659474,9653368,4255263,2844947,1094211,4717263,4474105,4620000,3574421,1969579,2358632
2023-08-04,1,1458947,3793263,4401158,2577474,3574421,4352526,4911789,0,1750737,1920947,3501474,2699053,1702105,6735474,6224842,3306947,899684,899684,1702105,3209684,4717263,2066842,291789,218842
2023-08-05,1,486316,680842,705158,705158,486316,0,0,0,0,0,753789,1264421,97263,2577474,3331263,267474,510632,3234000,1945263,3890526,4182316,3185368,462000,291789
2023-08-06,1,559263,996947,413368,1750737,2091158,2601789,2261368,1993895,1191474,1750737,3355579,4741579,4960421,6468000,5544000,3379895,2358632,1483263,6930000,3598737,1945263,1386000,778105,3914842
2023-08-07,1,802421,2334316,2893579,1045579,2553158,3428526,6638211,6443684,5835789,4449789,8194421,2747684,3987789,5422421,5616947,3914842,2285684,1094211,2285684,3598737,3793263,778105,194526,510632
2023-08-08,1,510632,1434632,3914842,4474105,4133684,4085053,6492316,3890526,2650421,4863158,5154947,5762842,8218737,5009053,4765895,6151895,5738526,4303895,4644316,3234000,2893579,2553158,4303895,3452842
2023-08-09,1,7854000,7002947,534947,486316,2917895,1993895,3477158,4255263,7513579,11817474,12133579,12936000,13884316,16607684,15780947,11963368,9458842,10528737,12060632,14200421,14686737,13932947,11452737,14540842
2023-08-10,1,15683684,15635053,11939053,11452737,15148737,16486105,16364526,15853895,15294632,16315895,15756632,16242947,16607684,17410105,15416211,9604737,3258316,1313053,2455895,2455895,1993895,170211,170211,72947
2023-08-11,1,24316,0,0,0,121579,0,0,0,0,97263,267474,389053,1069895,1483263,1191474,948316,510632,364737,48632,875368,0,0,0,0
2023-08-12,1,0,0,0,0,0,0,0,0,0,0,0,0,48632,0,0,24316,72947,97263,0,0,0,0,0,0
2023-08-13,1,0,145895,0,0,0,0,0,0,0,0,218842,97263,194526,97263,0,0,0,0,0,0,0,218842,486316,413368
2023-08-14,1,170211,97263,72947,0,0,0,0,0,0,0,0,0,0,899684,194526,24316,316105,413368,72947,510632,0,0,0,24316
2023-08-15,1,0,0,0,0,0,0,0,0,24316,97263,194526,413368,340421,899684,680842,1142842,0,0,0,0,0,0,121579,389053
2023-08-16,1,413368,437684,413368,389053,437684,802421,583579,583579,1118526,948316,218842,316105,656526,2091158,2990842,1653474,486316,389053,291789,1872316,170211,243158,364737,413368
2023-08-17,1,413368,413368,340421,72947,0,0,0,0,0,0,24316,364737,1215789,851053,316105,316105,24316,0,0,1069895,0,0,0,0
2023-08-18,1,0,0,0,24316,0,170211,218842,170211,97263,291789,389053,413368,826737,2042526,2066842,121579,486316,316105,0,1458947,24316,340421,0,0
2023-08-19,1,0,389053,340421,267474,413368,218842,194526,24316,24316,24316,170211,121579,121579,1702105,437684,0,24316,267474,0,24316,656526,899684,121579,0
2023-08-20,1,389053,413368,170211,0,121579,48632,0,0,194526,340421,389053,389053,121579,1240105,24316,0,0,0,0,0,0,0,24316,389053
2023-08-21,1,1361684,2139789,3890526,3939158,2772000,1458947,2699053,3209684,4279579,3428526,4644316,5057684,4595684,5908737,6468000,4376842,2577474,3428526,4036421,5203579,5154947,4206632,3355579,3234000
2023-08-22,1,5203579,7197474,7464947,6857053,8194421,4765895,6006000,3914842,2188421,5422421,4765895,4887474,6443684,7975579,6808421,4425474,3720316,2942211,4692947,9653368,10528737,8170105,5762842,4984737
2023-08-23,1,5227895,5738526,6759789,5592632,6151895,5033368,875368,2115474,2212737,5738526,10164000,9069789,6200526,5009053,4644316,2042526,1264421,1021263,2844947,3671684,7926947,5057684,1118526,389053
2023-08-24,1,437684,2504526,3452842,218842,0,0,0,243158,0,0,0,24316,291789,2285684,2480211,924000,364737,316105,243158,559263,0,0,0,0
2023-08-25,1,0,0,0,0,0,0,0,0,24316,194526,291789,389053,340421,851053,194526,170211,194526,24316,194526,462000,291789,72947,72947,24316
2023-08-26,1,0,48632,194526,291789,413368,413368,413368,437684,218842,24316,0,0,24316,1823684,1750737,170211,72947,72947,72947,121579,170211,24316,0,0
2023-08-27,1,0,0,0,0,0,0,0,0,0,0,0,0,0,0,0,97263,389053,413368,316105,1604842,559263,510632,72947,389053
2023-08-28,1,389053,1118526,389053,486316,2942211,2917895,5154947,6930000,7683789,8121474,7610842,9337263,10407158,13179158,13860000,11550000,9629053,11039368,12644211,11695895,13203474,10747579,8583474,6200526
2023-08-29,1,5033368,3841895,3671684,4668632,4036421,3696000,4328211,4328211,3282632,2796316,1993895,2747684,3963474,5811474,5179263,510632,0,0,0,1458947,2699053,1726421,1021263,413368
2023-08-30,1,1507579,3379895,2601789,1896632,3914842,316105,2212737,1556211,924000,899684,72947,0,899684,4279579,4449789,1896632,1848000,1653474,3720316,8923895,7635158,1313053,0,389053
2023-08-31,1,656526,1191474,2358632,4352526,4036421,3258316,2115474,3112421,4376842,1969579,4620000,5082000,3696000,5714211,6030316,2869263,1337368,1094211,1215789,2942211,2699053,1215789,462000,413368
2023-09-01,1,413368,413368,291789,2820632,510632,0,2455895,4255263,2528842,972632,2699053,2358632,1653474,4668632,6346421,3574421,0,97263,0,389053,0,0,24316,2139789
2023-09-02,1,2553158,3209684,4230947,3574421,5738526,13641158,16194316,12619895,10553053,5568316,5762842,5106316,2042526,3914842,4814526,2139789,534947,1677789,1702105,5057684,5884421,7051579,4717263,4936105
2023-09-03,1,4522737,7367684,6954316,7732421,5665579,4887474,3890526,2528842,2285684,2820632,2528842,3039474,3720316,5665579,4012105,1167158,486316,607895,534947,1677789,1142842,24316,413368,389053
2023-09-04,1,364737,437684,243158,0,0,0,0,0,0,0,0,0,0,2480211,2115474,121579,24316,97263,0,24316,0,48632,413368,462000
2023-09-05,1,145895,24316,145895,680842,364737,316105,364737,1556211,1118526,559263,1021263,1823684,1896632,1556211,2042526,778105,389053,145895,24316,705158,1021263,1386000,510632,413368
2023-09-06,1,413368,218842,48632,72947,413368,389053,1118526,1386000,778105,364737,875368,1215789,3306947,4012105,3282632,2480211,656526,170211,0,1580526,413368,0,0,0
2023-09-07,1,48632,316105,291789,218842,0,170211,534947,413368,413368,559263,2577474,1264421,1021263,4255263,4425474,2237053,1580526,1264421,2066842,1677789,6322105,4303895,2626105,2966526
2023-09-08,1,413368,1556211,1823684,1823684,753789,1167158,778105,389053,948316,948316,1410316,1677789,3015158,7659474,7148842,5860105,2382947,1604842,3744632,3258316,2091158,972632,462000,243158
2023-09-09,1,0,24316,0,97263,97263,72947,243158,24316,145895,389053,340421,340421,267474,1702105,243158,0,0,0,0,0,0,0,0,0
2023-09-10,1,97263,0,0,0,0,0,0,24316,0,0,0,0,0,48632,0,0,0,340421,340421,72947,0,0,0,0
2023-09-11,1,0,0,0,0,0,24316,267474,97263,0,0,0,97263,72947,218842,0,24316,24316,121579,0,0,0,0,0,0
2023-09-12,1,0,0,0,0,0,0,0,0,0,0,0,0,0,24316,48632,0,0,0,0,364737,1458947,1458947,413368,340421
2023-09-13,1,972632,753789,413368,1653474,2212737,2772000,3209684,680842,583579,559263,778105,778105,1142842,3720316,4790211,2772000,826737,510632,2528842,5227895,3647368,1021263,218842,48632
2023-09-14,1,0,267474,413368,729474,607895,2310000,948316,121579,1580526,194526,1264421,4547053,486316,2334316,3185368,1288737,656526,340421,0,1580526,1799368,4060737,1750737,1361684
2023-09-15,1,3696000,3963474,5276526,4474105,3598737,2723368,2382947,1191474,510632,0,0,316105,583579,2188421,2601789,1361684,534947,486316,1677789,4571368,3914842,2893579,559263,413368
2023-09-16,1,389053,389053,291789,170211,389053,170211,948316,437684,924000,1458947,2358632,7854000,5495368,4474105,1799368,364737,0,0,462000,3768947,4644316,4401158,1191474,656526
2023-09-17,1,413368,340421,364737,826737,729474,996947,316105,0,0,0,0,0,0,1726421,1799368,218842,24316,0,0,826737,340421,194526,24316,0
2023-09-18,1,97263,389053,0,0,0,0,0,0,97263,340421,121579,145895,170211,1653474,145895,170211,24316,48632,0,0,0,0,0,0
2023-09-19,1,0,0,0,0,0,0,0,0,0,0,0,0,0,0,0,0,0,0,0,0,194526,1118526,851053,1993895
2023-09-20,1,4425474,6589579,8072842,6711158,7246105,8923895,7781053,5981684,6419368,8729368,11258211,13057579,13154842,13641158,12668526,7781053,7270421,7781053,10212632,13276421,13616842,5933053,2407263,729474
2023-09-21,1,996947,5227895,7926947,6492316,8461895,10747579,9847895,9677684,7367684,8145789,8559158,4303895,5325158,5665579,8048526,7562211,7392000,7732421,8218737,6832737,3258316,1386000,2018211,1653474
2023-09-22,1,583579,413368,413368,413368,1483263,2942211,3185368,1094211,1848000,2285684,2504526,1045579,510632,389053,413368,413368,340421,826737,2820632,1775053,1118526,0,24316,0
2023-09-23,1,0,291789,899684,559263,3477158,5641263,4255263,534947,48632,462000,4692947,3136737,3161053,3817579,3306947,1142842,0,0,1604842,1969579,1580526,656526,316105,1823684
2023-09-24,1,24316,0,194526,0,0,0,0,0,0,0,0,0,0,121579,0,48632,413368,97263,1021263,413368,0,0,0,0
2023-09-25,1,0,0,24316,0,0,0,0,0,0,0,0,0,0,0,0,0,0,413368,24316,851053,583579,1580526,1872316,1872316
2023-09-26,1,218842,316105,145895,170211,0,705158,559263,0,0,121579,24316,0,48632,145895,316105,170211,194526,121579,1045579,1288737,826737,413368,218842,0
2023-09-27,1,0,0,0,24316,121579,316105,97263,121579,364737,340421,145895,291789,413368,437684,413368,437684,413368,316105,1945263,1629158,267474,145895,24316,0
2023-09-28,1,0,0,0,0,0,0,121579,170211,413368,948316,1945263,1458947,510632,826737,1702105,1920947,1434632,1142842,2674737,3598737,2869263,2188421,1337368,1580526
2023-09-29,1,632211,413368,389053,389053,924000,3525789,5325158,2212737,826737,948316,607895,389053,413368,218842,267474,97263,0,24316,1410316,0,0,0,0,0
2023-09-30,1,72947,97263,0,267474,2455895,3647368,4838842,5884421,8218737,1045579,48632,24316,0,0,218842,607895,1726421,4765895,4668632,4036421,3477158,4109368,3866211,3793263
2023-10-01,1,2553158,3647368,5057684,6759789,4158000,4863158,4401158,4620000,5252211,5300842,7659474,2577474,413368,413368,389053,3501474,5082000,4303895,6468000,7829684,5179263,4158000,5616947,3890526
2023-10-02,1,2747684,3185368,6054632,3939158,5398105,11452737,12960316,6516632,1458947,2917895,5981684,1410316,413368,1094211,2382947,3112421,2358632,1118526,2066842,1848000,1604842,0,0,0
2023-10-03,1,0,0,0,0,0,291789,0,0,0,0,0,0,24316,437684,364737,0,145895,1629158,2869263,218842,2407263,583579,24316,0
2023-10-04,1,0,0,218842,72947,145895,996947,3015158,4887474,2431579,3671684,2358632,632211,413368,413368,1045579,4911789,4838842,4279579,4863158,4595684,4814526,5203579,3355579,3768947
2023-10-05,1,2382947,2285684,6881368,11404105,12352421,15975474,15635053,15270316,13981579,12352421,6662526,145895,413368,389053,1021263,6492316,10382842,10504421,8972526,11282526,7854000,7513579,8194421,9604737
2023-10-06,1,11379789,8826632,6297789,8680737,8729368,8510526,11306842,12328105,6322105,4230947,4960421,3720316,2334316,1069895,1167158,2066842,1215789,2917895,7562211,5446737,3817579,4474105,5519684,6638211
2023-10-07,1,5325158,3088105,1604842,3428526,3550105,3696000,5519684,4765895,729474,3598737,1483263,243158,170211,267474,389053,462000,1848000,2431579,3136737,2844947,5665579,5373789,2990842,2990842
2023-10-08,1,2723368,656526,1142842,170211,48632,1677789,1872316,218842,218842,0,0,705158,97263,24316,24316,72947,0,24316,1069895,267474,1653474,340421,0,437684
2023-10-09,1,97263,121579,121579,24316,2723368,6273474,2091158,1021263,2772000,4401158,3720316,1215789,729474,3161053,4863158,3282632,2723368,2893579,6516632,4936105,3963474,3306947,1823684,2261368
2023-10-10,1,972632,1458947,5276526,8291684,11477053,12644211,13641158,12522632,9702000,4790211,1969579,972632,1142842,1969579,3841895,3015158,3428526,3088105,3404211,3282632,3234000,1750737,972632,1240105
2023-10-11,1,291789,389053,437684,510632,2188421,3404211,2893579,924000,510632,2091158,3331263,486316,0,97263,267474,413368,413368,389053,1775053,875368,1726421,2699053,1629158,1240105
2023-10-12,1,583579,340421,316105,48632,486316,4158000,3768947,1629158,1653474,1556211,5957368,1969579,559263,2747684,3331263,3477158,4425474,2893579,6662526,4328211,4401158,437684,364737,1920947
2023-10-13,1,486316,924000,462000,680842,1580526,4230947,4741579,4717263,1483263,1264421,1191474,559263,437684,413368,267474,316105,413368,729474,3306947,2893579,583579,729474,705158,145895
2023-10-14,1,534947,413368,218842,48632,267474,948316,0,0,24316,413368,1142842,194526,243158,364737,1434632,778105,413368,1167158,3550105,4449789,4303895,4571368,2358632,5033368
2023-10-15,1,2942211,3209684,2820632,4960421,3817579,6468000,5252211,4109368,2261368,2626105,1775053,583579,413368,413368,413368,3015158,4328211,4158000,5471053,5641263,4303895,2917895,2261368,1629158
2023-10-16,1,875368,437684,486316,1264421,2699053,5568316,5471053,3914842,2164105,2966526,3015158,1142842,389053,364737,2844947,4498421,5276526,9629053,11501368,13543895,12619895,10674632,9872211,8534842
2023-10-17,1,6395053,6006000,4911789,6054632,3234000,6200526,10188316,9021158,8948211,2504526,1556211,364737,389053,364737,2115474,3817579,3185368,2237053,3671684,3987789,3355579,2212737,1458947,559263
2023-10-18,1,267474,145895,170211,0,24316,462000,0,0,0,0,0,24316,0,0,0,0,0,0,0,121579,534947,389053,218842,0
2023-10-19,1,0,0,24316,218842,218842,48632,121579,24316,0,0,0,72947,121579,48632,218842,121579,24316,24316,0,0,0,0,0,0
2023-10-20,1,0,3890526,7124526,7732421,14151789,18796105,18869053,15659368,14419263,15902526,15780947,13495263,10066737,413368,4911789,10869158,11914737,14103158,16875158,18723158,15999789,16170000,15853895,15027158
2023-10-21,1,12206526,12474000,12765789,15100105,15221684,15318947,11136632,7805368,4255263,4644316,2723368,632211,437684,437684,1045579,2747684,4376842,3987789,5908737,6273474,5009053,3185368,2504526,2577474
2023-10-22,1,1604842,1872316,899684,2066842,2018211,3355579,3112421,3185368,1191474,316105,170211,194526,218842,267474,364737,170211,48632,0,145895,0,0,0,48632,0
2023-10-23,1,0,0,0,0,0,0,0,0,0,0,0,0,170211,24316,24316,48632,48632,0,0,48632,0,0,0,0
2023-10-24,1,0,0,0,0,0,0,0,0,0,0,0,0,0,0,0,48632,145895,0,0,0,0,0,0,0
2023-10-25,1,0,0,0,0,0,0,0,0,0,0,0,0,72947,170211,97263,24316,0,0,0,24316,0,0,0,0
2023-10-26,1,0,0,0,0,0,0,0,0,0,0,0,24316,145895,170211,170211,145895,72947,72947,24316,48632,72947,194526,170211,194526
2023-10-27,1,72947,194526,534947,948316,3234000,4790211,5227895,4449789,6978632,5689895,1458947,437684,413368,389053,1920947,2699053,11209579,10893474,9580421,8437579,7294737,5981684,3793263,2893579
2023-10-28,1,680842,486316,486316,1142842,2042526,3744632,4814526,5130632,2285684,1677789,510632,0,0,0,267474,462000,437684,1702105,3574421,2553158,1629158,2261368,2164105,1604842
2023-10-29,1,486316,389053,218842,170211,24316,267474,0,0,0,0,0,0,0,48632,340421,267474,364737,267474,267474,24316,0,0,0,0
2023-10-30,1,0,0,0,0,0,0,0,0,0,0,0,0,24316,0,72947,218842,170211,340421,24316,0,0,0,0,0
2023-10-31,1,316105,340421,170211,145895,170211,243158,48632,97263,0,0,0,0,24316,24316,0,0,0,0,0,0,0,0,0,267474
2023-11-01,1,437684,437684,437684,340421,656526,2261368,1118526,559263,802421,607895,680842,413368,413368,389053,437684,389053,437684,1483263,3696000,3939158,3039474,2674737,3015158,3063789
2023-11-02,1,899684,413368,413368,413368,1386000,2723368,2650421,2115474,1142842,1215789,1069895,462000,413368,413368,437684,413368,1264421,2334316,6054632,6492316,6613895,6273474,6589579,6249158
2023-11-03,1,5349474,3452842,3379895,3550105,2942211,3477158,2990842,3258316,1458947,948316,1118526,437684,389053,437684,413368,437684,389053,291789,1799368,705158,0,0,121579,1313053
2023-11-04,1,583579,437684,340421,48632,0,1604842,170211,0,0,0,24316,97263,243158,291789,218842,267474,267474,97263,2310000,4644316,4741579,4571368,5665579,6808421
2023-11-05,1,7197474,5787158,5057684,8826632,10528737,14297684,13884316,12692842,8340316,8632105,9337263,8705053,9385895,9774947,10407158,11866105,11306842,12522632,14856947,17118316,16267263,11866105,9410211,12376737
2023-11-06,1,8705053,8850947,6395053,6103263,5398105,4279579,5981684,7975579,5762842,8364632,6686842,5689895,4838842,4692947,5762842,6759789,9604737,11282526,13033263,13227789,12790105,9702000,11015053,11598632
2023-11-07,1,8170105,5665579,8486211,10236947,10820526,12790105,12376737,10382842,9872211,8340316,7999895,6346421,4644316,5106316,6151895,5252211,3112421,2431579,3841895,4765895,4036421,2966526,3914842,3209684
2023-11-08,1,2601789,1240105,1167158,2091158,2212737,4474105,4401158,2285684,218842,437684,48632,0,267474,340421,316105,170211,24316,0,413368,2237053,2237053,2577474,1677789,1361684
2023-11-09,1,826737,729474,1507579,3452842,2504526,5033368,5933053,4814526,2796316,2358632,1604842,1531895,1531895,1313053,924000,413368,559263,3914842,7173158,6249158,4717263,2966526,340421,0
2023-11-10,1,145895,0,0,6224842,12401053,16704947,14103158,16145684,16777895,16267263,14905579,11768842,5884421,7610842,1288737,8510526,13106211,15367579,16097053,16729263,16413158,14735368,15075789,13981579
2023-11-11,1,12960316,12887368,12887368,12571263,12668526,10066737,13446632,13568211,11039368,8559158,10091053,607895,3598737,8778000,10674632,10334211,11185263,15197368,17142632,16242947,16632000,13252105,12571263,14565158
2023-11-12,1,14759684,14613789,14394947,16315895,15391895,17264211,16534737,12984632,7902632,7708105,4960421,3744632,5616947,7926947,11404105,11306842,12328105,13932947,14249053,13860000,14394947,9702000,6662526,8194421
2023-11-13,1,7999895,5227895,7562211,11209579,12936000,15197368,16121368,15489158,14224737,12206526,9799263,10042421,10212632,10358526,11817474,6978632,6200526,7270421,7051579,7051579,6151895,4255263,3647368,3525789
2023-11-14,1,875368,607895,510632,1118526,1702105,4109368,4085053,3452842,1458947,2334316,2237053,729474,462000,534947,1264421,1434632,1677789,2139789,3671684,3866211,2626105,1191474,1288737,680842
2023-11-15,1,316105,462000,437684,656526,2139789,4230947,3063789,3015158,1775053,1507579,1094211,437684,218842,97263,194526,121579,0,267474,1531895,875368,389053,145895,0,0
2023-11-16,1,0,0,0,0,0,243158,2869263,5811474,9920842,6078947,1434632,1896632,5252211,5787158,11355474,6735474,8607789,9361579,8461895,10771895,13641158,10601684,7319053,8072842
2023-11-17,1,7343368,9483158,7440632,13422316,14516526,11088000,12376737,12230842,9580421,7440632,9483158,6565263,7343368,9167053,5033368,11088000,13422316,14005895,15537789,14443579,13616842,11379789,14516526,13495263
2023-11-18,1,5300842,8340316,8267368,7708105,0,1604842,4133684,10698947,13543895,15124421,15902526,11136632,9750632,9069789,11185263,9434526,10091053,8291684,10261263,11379789,9045474,6492316,4303895,2893579
2023-11-19,1,972632,1507579,1702105,3258316,2115474,3550105,2966526,1750737,218842,316105,1094211,534947,486316,729474,583579,1483263,2261368,2261368,3428526,4668632,3744632,3063789,3525789,3939158
2023-11-20,1,1629158,1167158,1945263,3817579,2990842,4547053,5106316,7148842,4911789,3914842,3744632,1653474,1361684,2042526,4182316,2699053,2115474,1483263,2066842,1848000,1361684,0,0,243158
2023-11-21,1,462000,437684,462000,389053,194526,705158,0,0,0,0,0,0,0,0,0,0,0,0,0,0,0,48632,802421,1094211
2023-11-22,1,510632,437684,437684,437684,632211,1629158,1848000,899684,243158,316105,243158,340421,267474,145895,194526,389053,413368,680842,1191474,1483263,3477158,4352526,4230947,5616947
2023-11-23,1,996947,1775053,1240105,1386000,1021263,2066842,1848000,1361684,48632,24316,97263,243158,389053,364737,437684,462000,2626105,10771895,15002842,10990737,15805263,16024105,18674526,16461789
2023-11-24,1,14856947,14492211,14613789,16048421,15878211,15902526,17142632,15756632,14249053,14492211,14224737,10771895,12036316,11233895,11939053,11477053,12522632,14978526,14711053,14078842,12352421,10042421,9264316,8996842
2023-11-25,1,9920842,10212632,8559158,9969474,9750632,8875263,12352421,11501368,6905684,4692947,3963474,4303895,2966526,2917895,3258316,2091158,1945263,1702105,3355579,2796316,1920947,291789,72947,0
2023-11-26,1,0,0,0,0,364737,413368,316105,972632,1288737,1069895,170211,0,24316,72947,24316,0,0,0,0,413368,583579,1191474,1410316,1094211
2023-11-27,1,534947,437684,364737,0,24316,1580526,340421,656526,899684,1240105,2188421,1191474,851053,1361684,4644316,5300842,6006000,6735474,6249158,5446737,4449789,3404211,2844947,2018211
2023-11-28,1,1069895,3015158,3063789,2626105,3306947,4474105,5981684,6686842,2601789,2747684,3088105,2796316,6273474,8024211,10553053,6759789,5300842,4133684,3598737,3112421,1386000,0,0,0
2023-11-29,1,24316,170211,316105,218842,583579,413368,121579,97263,243158,486316,632211,194526,413368,413368,437684,389053,121579,1726421,4498421,6127579,8170105,11768842,12376737,11939053
2023-11-30,1,12328105,13106211,14419263,15416211,14978526,17288526,18358421,16097053,14638105,14346316,10577368,5325158,5422421,2869263,6662526,7270421,10042421,9069789,8194421,6492316,5665579,2650421,3841895,3598737
2023-12-01,1,2237053,778105,729474,3696000,3258316,8559158,7999895,10893474,12012000,11622947,9872211,8072842,8753684,10990737,11160947,11695895,9021158,8340316,14103158,12960316,8364632,5738526,5835789,5616947
2023-12-02,1,1702105,1920947,1142842,924000,632211,2407263,1969579,1386000,656526,0,486316,48632,0,0,0,0,0,0,364737,972632,1191474,1361684,1920947,2018211
2023-12-03,1,753789,462000,462000,875368,2747684,3793263,4547053,3890526,1750737,2504526,2480211,948316,534947,462000,1337368,3015158,2042526,1313053,2796316,3039474,2480211,1264421,1580526,1726421
2023-12-04,1,534947,462000,462000,462000,1458947,3209684,3234000,1191474,1118526,559263,72947,437684,462000,389053,24316,316105,121579,48632,1313053,0,0,0,194526,1313053
2023-12-05,1,389053,1288737,462000,121579,1507579,4547053,4401158,4668632,2820632,1313053,2334316,729474,437684,413368,437684,462000,364737,656526,2480211,2066842,218842,218842,0,0
2023-12-06,1,0,0,0,0,0,0,0,0,97263,826737,2577474,2018211,1872316,1483263,3890526,4863158,3793263,6443684,9240000,14054526,15027158,13106211,12863053,13179158
2023-12-07,1,10626000,12206526,12765789,14273368,13811368,14759684,13543895,8923895,4230947,1823684,534947,145895,145895,170211,121579,48632,0,218842,72947,462000,778105,1531895,3209684,4838842
2023-12-08,1,4230947,5203579,5689895,6735474,7586526,9945158,9094105,10553053,9483158,9288632,11088000,7221789,3282632,389053,7489263,8899579,6808421,7124526,9264316,10164000,10261263,9410211,9750632,8145789
2023-12-09,1,5592632,3063789,1604842,3890526,3890526,4863158,3185368,2310000,1045579,875368,1167158,680842,607895,462000,437684,1313053,1142842,948316,3574421,4741579,4133684,2164105,2917895,3768947
2023-12-10,1,1094211,948316,1702105,4206632,3817579,5860105,6540947,6103263,4692947,4814526,4109368,1069895,462000,1240105,1799368,2942211,2018211,6468000,4936105,6419368,3866211,2674737,6176211,3914842
2023-12-11,1,559263,510632,24316,0,559263,3647368,13932947,15805263,15805263,15829579,16559053,15124421,15051474,5957368,3939158,5592632,4182316,5446737,3987789,7051579,9774947,13787053,12936000,12546947
2023-12-12,1,11720211,11404105,12887368,17823474,17069684,15829579,15343263,12352421,10796211,12449684,9094105,8340316,6638211,6978632,7416316,5325158,3939158,4401158,4182316,4182316,3720316,1945263,2577474,2723368
2023-12-13,1,851053,1021263,1313053,3987789,2334316,3647368,3550105,1458947,0,0,24316,364737,851053,607895,559263,3209684,6006000,5811474,5082000,10285579,19671474,14200421,4547053,2650421
2023-12-14,1,0,2601789,4279579,2042526,4085053,8048526,5568316,7610842,12619895,13738421,17118316,13860000,4328211,2407263,7294737,11160947,12717158,1653474,3039474,3574421,3720316,5592632,6200526,7148842
2023-12-15,1,5009053,2893579,2553158,5325158,6516632,8996842,8632105,9823579,11452737,10407158,6589579,1920947,851053,3598737,11112316,14613789,10042421,11185263,14103158,17118316,16340211,15829579,13422316,12741474
2023-12-16,1,10942105,10869158,12303789,14905579,16024105,16899474,17069684,17045368,15124421,14638105,15002842,13495263,14005895,12814421,15853895,14929895,13568211,14322000,16291579,15343263,14443579,13908632,13130526,9094105
2023-12-17,1,5276526,12012000,11136632,12352421,12279474,14516526,15610737,15221684,12887368,9726316,9945158,7683789,8121474,6589579,5787158,5373789,4741579,5082000,8923895,8559158,7659474,5908737,4765895,3744632
2023-12-18,1,1945263,1069895,3866211,2990842,1507579,4887474,5422421,2942211,1167158,340421,1386000,437684,413368,267474,510632,462000,413368,924000,3817579,9847895,9458842,9167053,8121474,4814526
2023-12-19,1,2820632,1653474,899684,1702105,1045579,1677789,5738526,3696000,2772000,3987789,3866211,3987789,5884421,6735474,9337263,9167053,9847895,8559158,10018105,11914737,9167053,6297789,5835789,9142737
2023-12-20,1,8729368,7732421,10650316,12619895,12060632,14176105,15367579,13835684,13932947,14224737,14467895,12863053,12157895,12012000,14200421,16242947,15367579,16121368,17434421,16388842,15683684,14054526,10917789,10601684
2023-12-21,1,9920842,7002947,3744632,10747579,12230842,14127474,7537895,5738526,2942211,2237053,2626105,705158,656526,2723368,8048526,9920842,7294737,12498316,12765789,13616842,11939053,10771895,7221789,9969474
2023-12-22,1,7854000,8145789,10139684,3501474,12911684,15318947,15221684,14322000,9215684,10698947,10747579,9410211,4060737,3623053,5933053,8388947,10334211,11063684,11209579,10188316,6322105,4474105,3501474,2893579
2023-12-23,1,1191474,1215789,705158,3282632,3550105,4376842,6346421,6346421,4911789,4012105,2310000,632211,705158,462000,413368,413368,97263,0,1775053,1848000,705158,0,0,0
2023-12-24,1,0,0,97263,486316,1313053,1993895,1240105,948316,1094211,1677789,2577474,778105,632211,1240105,2091158,4303895,4984737,4790211,6565263,5349474,4522737,3015158,2990842,2869263
2023-12-25,1,899684,1823684,1507579,3234000,2382947,7270421,7781053,6832737,6492316,5957368,6346421,3696000,4352526,3817579,5227895,3744632,3355579,3258316,2942211,2480211,1653474,486316,267474,194526
2023-12-26,1,145895,24316,0,0,0,0,632211,48632,291789,170211,291789,364737,243158,121579,145895,145895,24316,24316,97263,0,0,48632,48632,72947
2023-12-27,1,340421,437684,316105,729474,1215789,1799368,291789,0,0,0,121579,24316,0,0,121579,267474,340421,778105,413368,778105,996947,534947,340421,48632
2023-12-28,1,0,0,0,0,0,0,72947,316105,316105,0,0,0,145895,437684,437684,486316,2237053,2990842,7148842,7294737,4960421,3136737,5009053,6127579
2023-12-29,1,4911789,3404211,4060737,4790211,5252211,5446737,8632105,8097158,7197474,6176211,5981684,3161053,1215789,1434632,3112421,3258316,2188421,1045579,3574421,3209684,2261368,680842,462000,607895
2023-12-30,1,243158,170211,24316,24316,0,48632,1337368,7416316,6468000,680842,2261368,534947,462000,462000,389053,437684,559263,1264421,2382947,3550105,2334316,1458947,1142842,2407263
2023-12-31,1,1458947,3331263,4984737,8461895,8705053,14565158,15270316,17726211,15197368,15537789,14662421,13227789,13325053,12960316,15780947,14565158,14297684,14249053,16437474,15562105,11185263,8437579,9531789,11793158
2024-01-01,1,5009053,1386000,924000,1920947,2188421,6613895,4620000,3428526,705158,48632,72947,48632,194526,437684,462000,437684,437684,1361684,2747684,3939158,2212737,1045579,1653474,972632
2024-01-02,1,486316,437684,462000,462000,1264421,3306947,2699053,1580526,121579,24316,0,24316,0,170211,24316,145895,364737,607895,705158,680842,924000,243158,48632,389053
2024-01-03,1,413368,364737,437684,462000,972632,4644316,4279579,6370737,6905684,7537895,10407158,9094105,6735474,8875263,12790105,11963368,14078842,12619895,15075789,15002842,15124421,13811368,13884316,11841789
2024-01-04,1,8923895,6176211,4547053,4936105,4887474,4522737,5203579,3258316,462000,72947,0,0,24316,48632,121579,170211,24316,0,48632,0,24316,0,413368,510632
2024-01-05,1,486316,462000,534947,1410316,1823684,2723368,3161053,1823684,97263,510632,413368,389053,437684,413368,364737,194526,121579,24316,1531895,48632,0,72947,145895,0
2024-01-06,1,48632,243158,851053,2261368,4206632,6346421,8072842,7489263,6395053,8170105,8461895,5325158,4182316,4449789,5568316,5325158,4620000,4911789,7537895,8996842,8340316,6881368,5033368,4644316
2024-01-07,1,2796316,4158000,6954316,12255158,12036316,13787053,14151789,15464842,12863053,10869158,10577368,9604737,10212632,10601684,16048421,15124421,16656316,14784000,14905579,14394947,11501368,9604737,7805368,6006000
2024-01-08,1,3598737,1872316,1021263,2942211,2480211,4060737,4206632,2528842,1507579,1920947,1823684,534947,389053,413368,170211,24316,24316,0,413368,0,0,0,0,0
2024-01-09,1,0,0,24316,24316,48632,0,0,170211,680842,607895,705158,510632,437684,462000,170211,243158,389053,437684,2066842,1167158,1434632,778105,1142842,1507579
2024-01-10,1,607895,437684,1702105,1775053,9118421,8753684,11258211,9483158,12328105,14589474,13787053,12401053,10747579,11258211,12619895,12571263,12522632,12157895,11817474,12838737,11258211,8559158,5714211,4352526
2024-01-11,1,972632,1337368,778105,3744632,4255263,6297789,7951263,6006000,3452842,2212737,2018211,1167158,632211,486316,413368,340421,1118526,851053,2164105,2139789,1556211,48632,24316,218842
2024-01-12,1,145895,267474,291789,437684,1337368,1920947,1677789,1945263,1629158,267474,413368,267474,437684,462000,437684,462000,437684,1775053,3306947,3234000,2893579,3671684,2917895,3647368
2024-01-13,1,1920947,2869263,5130632,7148842,7416316,8364632,7878316,6857053,5884421,4911789,4911789,4255263,3306947,3185368,4620000,5349474,4255263,924000,2334316,2164105,2042526,826737,1264421,2966526
2024-01-14,1,3696000,6808421,8559158,7464947,5446737,6540947,6735474,7732421,5422421,4133684,5616947,3647368,3112421,2382947,3525789,2674737,2796316,2261368,3574421,4498421,4887474,6492316,9847895,13714105
2024-01-15,1,13057579,12303789,14200421,15708000,15829579,17312842,17361474,17264211,15635053,14832632,15610737,12401053,11452737,12595579,14224737,13860000,14176105,11550000,14297684,12522632,10480105,10674632,10577368,12498316
2024-01-16,1,9458842,10601684,9531789,11015053,9750632,11477053,12692842,7854000,5811474,4085053,2164105,559263,218842,72947,48632,0,0,72947,851053,875368,1142842,0,0,462000
2024-01-17,1,680842,2553158,2869263,4692947,5227895,6249158,8194421,5884421,3331263,2358632,4814526,3282632,2139789,3477158,5641263,6565263,8534842,9726316,8753684,9215684,9580421,6808421,6273474,6006000
2024-01-18,1,3768947,2820632,1920947,2358632,996947,1872316,1848000,1337368,559263,753789,1142842,729474,583579,753789,680842,3161053,3063789,2601789,3890526,4376842,3234000,1313053,1531895,924000
2024-01-19,1,437684,0,0,0,145895,291789,753789,0,0,0,0,0,0,0,0,0,0,0,0,0,0,0,0,0
2024-01-20,1,0,0,0,0,0,0,0,0,0,0,0,0,0,0,0,0,0,0,0,0,0,24316,3623053,7270421
2024-01-21,1,6613895,4401158,6978632,8923895,9774947,12741474,8850947,6808421,5057684,3574421,3477158,1045579,1288737,1629158,5349474,8850947,9483158,8194421,10431474,11647263,10455789,13495263,12960316,14297684
2024-01-22,1,12182211,10820526,11622947,15002842,14127474,14322000,17069684,15464842,13860000,12449684,14856947,10285579,12084947,11744526,12644211,12741474,13495263,14954211,15902526,13689789,17215579,13373684,13057579,13811368
2024-01-23,1,11744526,11671579,13081895,15100105,13519579,16704947,16875158,16242947,15075789,14103158,14954211,13592526,12036316,12328105,14759684,13592526,14492211,14638105,16413158,12230842,12012000,13008947,14273368,6443684
2024-01-24,1,13325053,12595579,12060632,14078842,14589474,15708000,12863053,15926842,15805263,15294632,15221684,13252105,14249053,12984632,14297684,14273368,16364526,14322000,16972421,16413158,16948105,15221684,15732316,15878211
2024-01-25,1,12449684,11404105,11404105,14346316,12717158,12060632,11282526,13738421,11720211,10771895,8996842,7392000,5082000,5519684,5908737,6662526,6492316,8364632,12084947,12619895,13179158,12619895,11331158,9434526
2024-01-26,1,5592632,6857053,5471053,5471053,5276526,8388947,8121474,8583474,5811474,3477158,3477158,3088105,2139789,2601789,5616947,6419368,4692947,3696000,5957368,6176211,4960421,4036421,5884421,5300842
2024-01-27,1,3234000,3768947,1580526,1823684,2723368,4182316,5154947,3841895,1531895,996947,1021263,826737,826737,413368,607895,2382947,1434632,2990842,5592632,4863158,4085053,2310000,2334316,2504526
2024-01-28,1,1142842,4352526,3550105,6030316,8656421,9629053,12352421,13154842,11209579,12255158,9556105,7221789,583579,437684,437684,7562211,8486211,5227895,6468000,9361579,9288632,4158000,3404211,2407263
2024-01-29,1,705158,437684,437684,413368,1604842,3866211,4085053,2772000,2091158,1726421,1021263,486316,170211,72947,145895,218842,389053,899684,1653474,851053,510632,291789,364737,510632
2024-01-30,1,364737,340421,218842,24316,24316,267474,72947,583579,1313053,121579,413368,437684,97263,97263,24316,0,0,0,291789,0,0,145895,97263,8316000
2024-01-31,1,9920842,11112316,3282632,534947,534947,1775053,1848000,1386000,0,0,0,0,0,0,0,72947,267474,729474,1069895,1167158,632211,48632,0,0
2024-02-01,1,0,0,121579,583579,3890526,5957368,4571368,6589579,5106316,10382842,11914737,9653368,6735474,4863158,5519684,8534842,7781053,7416316,8850947,8729368,8510526,7659474,7319053,4158000
2024-02-02,1,1094211,2772000,3768947,5471053,5544000,7635158,9507474,10869158,10066737,7367684,5787158,1750737,1629158,705158,924000,2431579,4644316,4522737,5908737,2577474,2066842,97263,0,0
2024-02-03,1,0,0,0,0,243158,0,0,0,0,0,0,0,0,0,48632,0,0,0,0,0,0,0,0,0
2024-02-04,1,0,0,0,0,0,0,0,0,0,0,0,0,0,0,48632,24316,0,0,48632,24316,24316,0,24316,0
2024-02-05,1,0,9556105,1434632,8486211,3768947,4620000,3720316,2553158,924000,899684,4401158,7562211,7586526,7975579,9531789,9458842,7805368,7416316,11550000,11063684,7513579,5714211,5787158,5884421
2024-02-06,1,3039474,3501474,3185368,3866211,3501474,6322105,5787158,4620000,3209684,2844947,4255263,3355579,3477158,2699053,4376842,6054632,7294737,9264316,10796211,10164000,8559158,7537895,6784105,6322105
2024-02-07,1,5957368,8267368,7586526,10334211,14881263,15659368,15829579,12765789,8194421,8024211,6759789,8145789,9434526,8705053,10285579,9774947,9312947,8948211,9337263,9993789,8656421,7197474,7002947,7586526
2024-02-08,1,3185368,2066842,948316,2164105,2601789,8024211,10309895,9458842,5203579,7294737,8024211,5300842,2310000,2091158,4741579,4230947,5616947,6078947,8145789,6176211,6419368,3866211,2358632,2577474
2024-02-09,1,1434632,1507579,1604842,3404211,7756737,11258211,10966421,8097158,7124526,7464947,9264316,4085053,3793263,5057684,6638211,7221789,7173158,7124526,7951263,9823579,8121474,5544000,5349474,5738526
2024-02-10,1,4182316,2261368,2942211,3623053,2382947,4060737,3939158,2115474,802421,413368,0,121579,97263,243158,389053,1848000,437684,2382947,5179263,4425474,6395053,5325158,5203579,2577474
2024-02-11,1,632211,486316,462000,583579,1556211,3817579,6006000,4303895,1823684,4279579,6030316,5203579,4401158,5811474,9215684,10869158,11866105,11987684,14224737,15391895,15951158,11379789,7075895,7392000
2024-02-12,1,7732421,5787158,3039474,4376842,3550105,3696000,2796316,2066842,0,0,0,0,0,121579,170211,24316,97263,778105,1507579,1823684,2601789,4279579,4717263,7659474
2024-02-13,1,7732421,6881368,6832737,10212632,9677684,10504421,11063684,9337263,9653368,8486211,9920842,7537895,5276526,1556211,6176211,6686842,7416316,7075895,9702000,10650316,10066737,8632105,8510526,9069789
2024-02-14,1,7270421,7197474,8510526,10018105,8461895,11112316,7854000,6516632,6030316,4911789,5009053,6516632,1945263,2310000,5884421,8170105,5300842,4449789,8437579,12328105,11209579,10018105,2577474,2091158
2024-02-15,1,413368,316105,340421,437684,48632,1313053,0,0,48632,48632,1872316,6565263,12936000,15489158,17507368,17215579,17288526,16583368,18163895,19282421,18139579,17507368,17166947,15440526
2024-02-16,1,12012000,9604737,6468000,7124526,9191368,9969474,10309895,5544000,2188421,97263,97263,48632,389053,534947,899684,486316,1094211,462000,1945263,1872316,1361684,0,0,0
2024-02-17,1,0,0,0,0,0,1118526,2237053,1920947,2091158,1118526,826737,632211,437684,559263,486316,1313053,4352526,5252211,5616947,6857053,14030211,14929895,13227789,15075789
2024-02-18,1,13762737,8291684,9774947,11963368,12522632,12425368,14589474,14540842,14030211,14346316,14516526,12765789,12109263,11841789,13957263,13130526,13349368,13057579,13835684,12449684,9312947,6273474,9702000,10139684
2024-02-19,1,8437579,8437579,6905684,10334211,10504421,8850947,8291684,6954316,3647368,753789,607895,364737,364737,170211,413368,72947,340421,5957368,11136632,13373684,12546947,6565263,2261368,4571368
2024-02-20,1,6200526,8267368,4036421,4328211,3112421,5592632,3550105,3185368,1337368,972632,0,97263,0,0,0,0,0,0,0,0,0,0,0,0
2024-02-21,1,0,0,0,0,0,2115474,2820632,5082000,6565263,6589579,875368,3063789,1264421,97263,145895,0,0,0,1580526,705158,0,802421,875368,0
2024-02-22,1,0,0,0,0,1556211,3914842,6443684,4036421,243158,0,194526,0,243158,389053,656526,316105,218842,753789,2261368,1726421,413368,170211,170211,1240105
2024-02-23,1,753789,875368,924000,3039474,3744632,5860105,8996842,9264316,9653368,9847895,8899579,5179263,3331263,2261368,3209684,1896632,340421,0,1604842,1848000,1531895,145895,0,0
2024-02-24,1,0,0,0,0,0,0,0,0,0,0,0,0,0,0,0,0,0,0,0,0,0,0,0,0
2024-02-25,1,0,0,291789,1993895,8948211,13981579,11817474,11720211,9847895,11452737,10455789,8218737,5860105,7659474,12401053,12498316,11233895,9677684,11817474,11939053,10844842,8583474,9288632,5276526
2024-02-26,1,2796316,2188421,3136737,3841895,4376842,9507474,11015053,9483158,6808421,7075895,8875263,4498421,3209684,4547053,6151895,8048526,6978632,5471053,4158000,2699053,1458947,121579,778105,218842
2024-02-27,1,413368,1167158,462000,437684,24316,1580526,1702105,0,0,0,24316,145895,0,97263,0,24316,48632,0,121579,0,0,0,0,0
2024-02-28,1,0,0,0,0,0,0,0,0,0,0,0,0,1872316,1677789,24316,170211,0,24316,1604842,1142842,0,0,72947,0
2024-02-29,1,194526,72947,0,0,0,121579,0,1045579,5568316,10431474,11622947,9945158,9507474,14176105,16680632,14808316,12498316,10601684,11015053,10188316,10893474,12279474,15440526,18115263
2024-03-01,1,15732316,16145684,15999789,18334105,17896421,19258105,20109158,18796105,16948105,17288526,17726211,16097053,14492211,13179158,15756632,14030211,17264211,16242947,18236842,19258105,19379684,16680632,15562105,15100105
2024-03-02,1,13373684,13081895,12522632,12765789,11647263,11039368,8729368,7221789,2528842,4425474,3477158,996947,413368,267474,194526,267474,316105,486316,1726421,778105,170211,316105,0,607895
2024-03-03,1,413368,340421,316105,437684,924000,1142842,462000,218842,316105,24316,534947,486316,170211,437684,316105,437684,437684,1045579,2115474,1531895,0,0,0,0
2024-03-04,1,0,0,0,0,0,0,0,0,194526,924000,4911789,4984737,7027263,5957368,6735474,4158000,4328211,1507579,1993895,4911789,1337368,24316,97263,24316
2024-03-05,1,0,0,0,121579,0,48632,0,0,0,0,0,0,0,0,0,0,0,0,24316,48632,121579,97263,0,510632
2024-03-06,1,6808421,4279579,8291684,8072842,6395053,6808421,8923895,4376842,2310000,2188421,1653474,559263,1386000,2382947,2091158,3063789,2626105,2601789,4182316,4158000,3015158,1556211,2844947,3671684
2024-03-07,1,1288737,948316,1872316,4522737,5738526,9847895,10844842,8461895,5252211,3647368,3525789,1629158,996947,6395053,1386000,6249158,8291684,11501368,14686737,16486105,15562105,14322000,13179158,12522632
2024-03-08,1,12036316,12376737,10504421,11695895,10261263,10066737,10723263,9337263,8656421,8729368,9531789,8778000,3598737,389053,2188421,5300842,11720211,14638105,16704947,16704947,14856947,14103158,14078842,14540842
2024-03-09,1,12814421,12182211,10504421,11306842,10212632,12303789,13543895,10407158,8316000,9191368,8072842,2844947,680842,0,340421,2747684,5908737,7610842,5860105,6662526,6905684,6297789,5544000,7173158
2024-03-10,1,5227895,3550105,5373789,7854000,8267368,10358526,5835789,5009053,5592632,2066842,996947,510632,462000,437684,462000,437684,364737,48632,1580526,1677789,0,0,0,0
2024-03-11,1,316105,1726421,3015158,2018211,4352526,10334211,15148737,15027158,10455789,7027263,6176211,5373789,3258316,1580526,1750737,48632,194526,48632,2261368,3039474,1386000,0,0,534947
2024-03-12,1,583579,1386000,1920947,3331263,3088105,5106316,5130632,3574421,1920947,1726421,2553158,1361684,2844947,5762842,9264316,9142737,9823579,13106211,14613789,17750526,17337158,16145684,18528632,16218632
2024-03-13,1,14322000,10164000,11550000,17191263,12449684,7464947,8437579,5933053,2504526,1726421,1118526,583579,72947,24316,534947,462000,437684,1264421,2844947,4036421,1896632,924000,316105,1094211
2024-03-14,1,632211,462000,437684,462000,1337368,2115474,2066842,486316,48632,0,0,0,0,24316,0,0,0,0,0,0,0,0,48632,462000
2024-03-15,1,437684,462000,437684,145895,48632,1580526,170211,583579,899684,0,0,0,48632,364737,24316,24316,0,0,121579,0,0,24316,0,0
2024-03-16,1,0,0,0,0,0,0,0,24316,170211,24316,753789,510632,437684,437684,583579,1702105,3112421,4255263,8291684,8753684,6565263,6638211,10382842,11841789
2024-03-17,1,8291684,3088105,170211,389053,0,1580526,2820632,3963474,9969474,12279474,12182211,12984632,14297684,6881368,2091158,12936000,13908632,17118316,19185158,19355368,18236842,16899474,16656316,14589474
2024-03-18,1,13981579,13154842,14054526,15246000,14370632,17264211,17191263,13130526,6540947,632211,170211,24316,48632,291789,413368,24316,48632,486316,389053,0,0,0,0,0
2024-03-19,1,0,24316,194526,364737,996947,1045579,1993895,924000,316105,97263,364737,2334316,2188421,486316,5665579,6200526,6905684,8534842,13470947,16097053,16583368,13154842,12863053,14492211
2024-03-20,1,11501368,12255158,13641158,13592526,11355474,15124421,15732316,16559053,15124421,13568211,13908632,12182211,10042421,8437579,12644211,11695895,11088000,13373684,16072737,17069684,13033263,10285579,9361579,8875263
2024-03-21,1,4644316,4449789,4936105,7975579,7173158,6151895,6249158,5957368,4085053,2504526,1993895,851053,510632,437684,437684,437684,802421,705158,1531895,1872316,1337368,559263,4474105,6638211
2024-03-22,1,6905684,7319053,9118421,13008947,14638105,17166947,14467895,14711053,11890421,10431474,1799368,632211,437684,413368,11136632,12595579,12960316,15732316,14929895,15708000,17118316,15221684,14711053,13008947
2024-03-23,1,8121474,4449789,3720316,5738526,4376842,4936105,2237053,1386000,0,0,0,0,0,24316,24316,0,0,0,218842,389053,0,0,0,0
2024-03-24,1,72947,607895,72947,0,0,802421,0,0,0,24316,0,3331263,1191474,340421,24316,0,0,0,1580526,1653474,0,0,24316,0
2024-03-25,1,0,0,0,0,0,0,0,0,0,0,0,6419368,4498421,218842,145895,0,753789,170211,1556211,1920947,267474,0,0,24316
2024-03-26,1,437684,11793158,7173158,8996842,3914842,1750737,14249053,18480000,10382842,10990737,14346316,11866105,12376737,12133579,13495263,5762842,5884421,14054526,6176211,4498421,4036421,2407263,2796316,778105
2024-03-27,1,24316,0,0,194526,48632,0,0,0,0,0,1167158,486316,996947,1604842,1823684,1410316,1386000,3987789,3623053,2990842,3744632,6273474,14394947,14492211
2024-03-28,1,12157895,2966526,7124526,8583474,9240000,12303789,14224737,16145684,15829579,13008947,15100105,13154842,11720211,8486211,4158000,486316,1264421,3161053,7075895,8656421,12255158,9799263,9069789,7829684
2024-03-29,1,2990842,632211,462000,267474,0,1580526,2966526,3112421,3914842,7343368,4644316,607895,437684,413368,413368,2139789,2650421,680842,2261368,2553158,1410316,0,0,0
2024-03-30,1,0,0,0,0,364737,4498421,13957263,15197368,13592526,13398000,1920947,607895,437684,437684,413368,1410316,1386000,1507579,2699053,2407263,1750737,0,0,0
2024-03-31,1,243158,1313053,2455895,413368,72947,1556211,1872316,632211,0,0,0,0,0,121579,0,0,24316,948316,340421,316105,0,680842,583579,656526
2024-04-01,1,0,72947,2869263,3598737,2018211,3623053,2577474,0,0,72947,583579,97263,0,145895,145895,24316,0,0,267474,4449789,5860105,10626000,12887368,12984632
2024-04-02,1,14127474,13641158,11112316,9629053,5544000,10115368,13300737,11160947,5252211,2723368,4401158,4474105,6103263,9264316,15367579,12230842,15246000,11866105,8632105,17628947,17556000,14929895,15051474,12960316
2024-04-03,1,8948211,6419368,316105,2042526,2504526,1556211,2917895,5057684,3550105,2139789,1556211,437684,364737,437684,194526,0,0,170211,1142842,2091158,5519684,7051579,5057684,2018211
2024-04-04,1,607895,437684,267474,0,632211,3063789,1313053,24316,48632,0,0,0,0,0,0,0,0,0,0,0,0,0,0,0
2024-04-05,1,0,0,0,0,0,0,0,0,0,0,0,0,48632,145895,364737,340421,0,0,583579,2334316,948316,97263,0,0
2024-04-06,1,170211,24316,607895,340421,267474,2699053,948316,0,1045579,753789,24316,316105,510632,316105,680842,218842,389053,267474,2431579,1531895,0,72947,145895,0
2024-04-07,1,0,72947,291789,97263,510632,1556211,1337368,1531895,1021263,0,170211,24316,0,24316,0,0,0,0,0,0,0,0,0,0
2024-04-08,1,0,0,0,72947,0,1483263,2358632,2990842,1313053,0,0,0,0,0,0,0,486316,729474,2310000,2261368,1726421,4717263,4158000,1288737
2024-04-09,1,778105,1313053,972632,851053,364737,2650421,4036421,1945263,24316,0,0,194526,267474,243158,0,0,0,0,340421,0,0,0,1896632,2358632
2024-04-10,1,97263,48632,291789,97263,0,486316,24316,680842,121579,0,0,0,72947,48632,72947,0,24316,0,24316,0,0,0,0,24316
2024-04-11,1,24316,0,2237053,1848000,2212737,6662526,9215684,6978632,8097158,5835789,6030316,8486211,5689895,2772000,3793263,5811474,2066842,218842,1580526,2869263,5811474,1848000,3379895,6735474
2024-04-12,1,4182316,559263,510632,1094211,1118526,1653474,2310000,1775053,0,0,0,0,0,24316,0,97263,170211,851053,1191474,1118526,194526,72947,291789,0
2024-04-13,1,0,0,72947,291789,0,0,0,0,0,0,0,0,0,243158,48632,0,0,0,72947,0,0,0,0,3671684
2024-04-14,1,2261368,875368,145895,1386000,4692947,7440632,8388947,8632105,10626000,11963368,15367579,12449684,12936000,12546947,15027158,13981579,13033263,13714105,16072737,19404000,15100105,12012000,13957263,7294737
2024-04-15,1,7513579,8413263,9069789,11452737,13252105,13787053,16632000,16024105,14540842,16850842,10042421,316105,170211,316105,413368,437684,413368,1361684,5544000,3404211,3550105,2796316,1240105,1434632
2024-04-16,1,486316,145895,267474,0,0,340421,1677789,0,0,0,97263,389053,340421,437684,413368,753789,559263,1750737,4571368,7489263,4012105,2917895,1604842,2212737
2024-04-17,1,656526,437684,316105,218842,389053,2139789,1118526,24316,72947,48632,0,0,97263,0,24316,145895,0,97263,0,0,0,0,0,0
2024-04-18,1,0,389053,2942211,3428526,4036421,6103263,6249158,5082000,3744632,4036421,4984737,656526,413368,437684,899684,3890526,2066842,1750737,1823684,1775053,1969579,1313053,1215789,1410316
2024-04-19,1,632211,462000,462000,48632,0,1215789,267474,291789,899684,778105,389053,340421,437684,437684,437684,437684,510632,1920947,5835789,12012000,12668526,12619895,10966421,8510526
2024-04-20,1,9629053,10577368,9361579,11647263,12668526,16121368,16072737,14856947,14151789,13957263,13203474,11379789,8364632,4012105,3477158,1531895,826737,705158,1580526,1823684,1775053,1361684,802421,656526
2024-04-21,1,413368,267474,218842,437684,1021263,1410316,267474,24316,0,0,0,0,0,0,0,0,0,0,316105,486316,705158,170211,0,0
2024-04-22,1,0,0,0,0,0,0,0,0,0,0,72947,0,24316,0,0,0,24316,0,0,48632,510632,0,0,0
2024-04-23,1,0,0,0,0,0,0,0,0,0,0,0,0,97263,145895,145895,267474,0,0,24316,0,0,0,0,0
2024-04-24,1,364737,48632,0,0,0,437684,48632,1240105,4352526,4328211,2626105,1726421,1848000,2431579,5227895,3306947,2966526,2577474,3744632,3039474,3428526,2334316,753789,559263
2024-04-25,1,559263,437684,948316,2942211,3987789,4547053,4498421,3161053,583579,145895,0,0,0,0,0,0,0,0,24316,0,0,72947,389053,170211
2024-04-26,1,291789,194526,0,0,48632,218842,948316,3234000,1653474,802421,0,0,0,24316,48632,462000,0,0,607895,0,0,0,0,24316
2024-04-27,1,194526,0,0,316105,510632,2407263,1410316,875368,0,413368,1118526,632211,316105,97263,72947,364737,364737,364737,1653474,802421,437684,0,121579,0
2024-04-28,1,0,0,0,145895,316105,510632,0,0,72947,3525789,4814526,2942211,1337368,1653474,2237053,996947,218842,1142842,2747684,2893579,1434632,899684,121579,7464947
2024-04-29,1,12401053,12182211,291789,6662526,2844947,4109368,1677789,1531895,3817579,4547053,4230947,729474,72947,0,0,24316,0,0,875368,0,0,2164105,5203579,5203579
2024-04-30,1,6857053,4498421,583579,2674737,2358632,3550105,3963474,2091158,3404211,1531895,607895,462000,2018211,3015158,1653474,1604842,1872316,3112421,4085053,4838842,3063789,2066842,1629158,1337368
2024-05-01,1,486316,437684,437684,437684,1580526,3939158,3525789,121579,0,0,218842,48632,0,0,0,0,121579,121579,121579,48632,0,0,24316,0
2024-05-02,1,0,218842,97263,145895,0,243158,170211,24316,0,0,1313053,121579,24316,243158,218842,2480211,3209684,3744632,4401158,3015158,2723368,1775053,1556211,1215789
2024-05-03,1,753789,486316,607895,2018211,3063789,5179263,5349474,4109368,2285684,1653474,2528842,851053,145895,24316,0,0,24316,0,802421,0,0,705158,1848000,753789
2024-05-04,1,170211,48632,0,0,0,559263,2310000,6638211,8850947,11671579,14711053,10236947,12401053,10698947,14613789,13349368,14638105,17701895,18650211,15221684,17264211,16388842,16024105,16024105
2024-05-05,1,14735368,14176105,15391895,17580316,17045368,19452632,17993684,18431368,17726211,17045368,17531684,15100105,14978526,12936000,10164000,11185263,13665474,12522632,16729263,14565158,10820526,6686842,1386000,72947
2024-05-06,1,0,48632,413368,267474,559263,2407263,753789,705158,778105,1410316,1045579,583579,437684,340421,97263,24316,194526,145895,1191474,170211,97263,389053,632211,1069895
2024-05-07,1,510632,559263,437684,340421,680842,2553158,2893579,2553158,6443684,5616947,6030316,2820632,1848000,4279579,6006000,3987789,4303895,6224842,5252211,4474105,4960421,5908737,2820632,2212737
2024-05-08,1,607895,729474,534947,1288737,1896632,3574421,3136737,1434632,753789,72947,2310000,5957368,6006000,10966421,12352421,6930000,4303895,2553158,2334316,1677789,1604842,899684,97263,0
2024-05-09,1,0,0,0,0,0,194526,1313053,2455895,1142842,753789,705158,437684,462000,437684,316105,145895,194526,121579,924000,0,24316,0,0,0
2024-05-10,1,0,0,0,0,0,72947,1386000,1167158,1531895,1920947,2893579,2285684,486316,389053,2164105,4109368,5446737,7294737,9045474,13543895,13811368,13835684,10382842,11817474
2024-05-11,1,12522632,13227789,13714105,14467895,14103158,14151789,14151789,14273368,11963368,11136632,10018105,3234000,10650316,8388947,9483158,7562211,8048526,10966421,10650316,11428421,9702000,9045474,8316000,7513579
2024-05-12,1,3550105,510632,243158,145895,1848000,5203579,10285579,8243053,5495368,7926947,8364632,8656421,9823579,8291684,7610842,5860105,8875263,11550000,14224737,12474000,14394947,14589474,13762737,9945158
2024-05-13,1,6832737,5884421,7197474,10236947,9288632,10407158,7756737,4085053,4109368,2042526,851053,0,0,0,0,0,0,0,0,0,0,0,0,0
2024-05-14,1,0,0,0,0,0,0,0,0,0,0,0,0,72947,145895,316105,340421,316105,194526,121579,0,0,0,0,0
2024-05-15,1,0,0,0,0,0,24316,48632,267474,340421,559263,145895,534947,1726421,413368,486316,6297789,9361579,13154842,15537789,15635053,15221684,14322000,13957263,13884316
2024-05-16,1,12498316,11963368,12084947,13738421,13422316,11817474,9653368,6662526,6638211,1920947,1775053,632211,413368,413368,413368,1458947,5495368,3161053,3039474,1556211,1775053,1386000,826737,1118526
2024-05-17,1,534947,534947,948316,2455895,3623053,5033368,5398105,4547053,3623053,2869263,1799368,632211,437684,413368,413368,3355579,2820632,4133684,6613895,7464947,9167053,7999895,9677684,9507474
2024-05-18,1,7319053,5300842,6784105,9653368,6589579,7124526,4644316,3136737,2844947,2455895,1848000,534947,437684,437684,267474,72947,24316,97264,1361684,2310000,2723368,3914842,2310000,6857053
2024-05-19,1,4790211,2066842,364737,413368,1313053,3088105,1823684,1945263,534947,802421,826737,510632,437684,389053,97263,194526,218842,218842,1240105,729474,0,0,0,0
2024-05-20,1,0,0,0,0,0,0,0,0,0,145895,534947,486316,413368,389053,316105,145895,0,24316,1215789,72947,218842,972632,437684,729474
2024-05-21,1,437684,389053,340421,194526,24316,875368,0,0,24316,24316,0,0,48632,97263,24316,0,0,0,0,0,0,0,0,0
2024-05-22,1,0,0,0,0,0,0,0,0,0,0,0,0,0,0,0,0,0,0,0,0,0,0,0,0
2024-05-23,1,24316,218842,0,0,0,72947,0,0,0,0,0,0,0,0,97263,24316,24316,48632,0,72947,462000,1069895,1945263,1945263
2024-05-24,1,729474,462000,413368,753789,1434632,3355579,4060737,3282632,2139789,1142842,1775053,1045579,389053,413368,437684,462000,364737,97263,1410316,1410316,1434632,680842,0,0
2024-05-25,1,0,0,0,0,0,0,0,0,0,0,0,72947,72947,0,72947,24316,0,0,72947,0,0,2042526,10674632,7221789
2024-05-26,1,7100211,7173158,7902632,11428421,13616842,9361579,8194421,7416316,8437579,9118421,8899579,6954316,8705053,9604737,9896526,6492316,5495368,3404211,4182316,5203579,3185368,2066842,170211,0
2024-05-27,1,72947,437684,2480211,3185368,4133684,5592632,10066737,13543895,14443579,12133579,16850842,8510526,8097158,5398105,7586526,3282632,2869263,3744632,7027263,7100211,6346421,4376842,4182316,2772000
2024-05-28,1,3039473,2869264,3355580,8145790,8072842,9653368,8559158,9045475,10577368,8024211,243158,267473,267473,364736,413368,437684,996947,1775053,2626106,2869263,2455895,948316,48632,0
2024-05-29,1,0,0,24316,0,0,145895,778105,72947,0,0,0,24316,24316,97263,413368,413368,194526,0,583579,0,0,0,24316,0
2024-05-30,1,0,0,0,0,24316,462000,1118526,656526,2528841,1847999,1337369,510631,243158,218842,121580,24316,24316,0,632211,0,0,1434632,3841895,3623053
2024-05-31,1,0,24316,72947,0,0,24316,0,0,0,0,0,0,0,0,0,24316,24316,72948,0,24316,632211,1191474,1677789,2431579
2024-06-01,1,1288737,510632,462000,2577475,3890526,5714211,6200526,4717263,3355580,3841895,3866211,170211,0,0,0,0,2966526,6030316,7951264,5860106,4060736,3914842,6346422,6565263
2024-06-02,1,3015158,4887473,4109369,8194421,7440631,7464948,6395052,4060736,3185369,1775053,1215788,218843,0,0,364737,121580,218843,364737,437684,0,0,0,0,24316
2024-06-03,1,243158,194526,243158,267473,996947,1069895,996947,656527,462001,48632,0,0,24316,0,0,24316,97264,218843,972632,1288736,1507578,1677789,1410315,1094211
2024-06-04,1,413368,0,0,0,0,0,0,0,0,0,0,218842,145896,145895,72948,48632,0,72948,291790,24316,0,24316,0,121579
2024-06-05,1,121579,145895,0,194526,72947,145895,0,0,0,0,0,121579,72948,0,0,0,0,48632,97263,0,729473,486316,0,0
2024-06-06,1,0,0,0,0,0,510632,705158,0,2018211,1142843,389054,24316,0,0,0,0,0,0,0,0,72947,2066841,1288737,2601790
2024-06-07,1,1142842,413368,413368,48632,267474,291789,0,48632,170211,924000,1604842,1556211,3452842,6395053,5957368,6078947,3428527,2066841,5276526,10066736,9240000,9750631,7513580,7075894
2024-06-08,1,7489263,6127578,4595683,4790211,6006000,6103263,5835789,3623052,3525789,4498421,4522736,1896632,340421,1191474,1945264,656526,291790,413368,559263,2577474,3550106,1434632,583578,437684
2024-06-09,1,413368,413368,924000,8461896,12206526,9385895,6565264,6249158,5349474,4838841,3185368,1629158,2212737,3914842,3234000,2480209,656526,413368,462000,1264422,1531896,243158,413368,437684
2024-06-10,1,340421,24316,0,0,0,0,0,0,0,0,0,0,0,1142842,0,0,0,97264,72947,97264,72948,194527,218843,291789
2024-06-11,1,267473,24316,0,0,0,0,0,0,0,0,0,0,0,48632,0,0,0,0,0,0,0,72948,0,729474
2024-06-12,1,194526,413368,413368,413368,413368,534947,632211,24316,121579,437684,48632,97264,145895,1264421,1386000,218842,48632,48632,0,1191474,389053,778105,97263,24316
2024-06-13,1,194526,413368,413368,267473,340420,437684,121579,0,0,0,0,0,0,996948,24316,0,0,0,0,0,0,0,0,291789
2024-06-14,1,413368,413368,437684,413368,413368,1604843,2212736,0,0,0,121579,48632,462000,2820632,3112420,2188421,996948,2091157,6613893,7781053,7878315,3866210,559263,1775053
2024-06-15,1,996947,1823684,2480210,899685,632210,1410316,1896630,24316,0,0,0,0,0,1215790,1434632,218842,24316,0,0,1167158,413369,72948,0,0
2024-06-16,1,291789,267474,243158,72948,145895,413368,170211,121579,364736,389052,437684,413368,729474,1920947,1142842,778106,559263,267474,340421,1264422,607895,437684,486315,267474
2024-06-17,1,0,0,0,24316,0,97263,340420,24316,24316,0,48632,364736,462000,1920947,1434631,1167158,0,0,0,0,0,24316,340421,413368
2024-06-18,1,437684,413368,243158,48632,0,218843,218843,389052,437684,1167158,924000,1069894,1531895,3258315,4279579,2772000,583579,413368,826737,1945263,2115474,656526,340421,72948
2024-06-19,1,0,145895,194527,0,0,267473,437684,364736,413368,826737,1264421,2528843,2310001,2601790,2796316,1142842,510631,413368,1337369,4230947,5787157,3088105,3331264,7756736
2024-06-20,1,7659473,9094105,10358526,8218736,8364632,10042421,12595579,12960316,13081895,12425367,11428422,8972525,12133579,13106211,3233999,6224842,5349474,1556211,2285684,1556210,1969579,291789,0,0
2024-06-21,1,389052,389052,389052,413368,121579,389052,389053,729473,1896631,778106,607895,316106,340422,2966526,4012106,1629157,486315,389052,2917893,4863158,6224843,2990842,2334316,1458947
2024-06-22,1,729474,3234001,5738526,5373790,5860105,7635158,5276525,5422421,7902632,8437579,8632105,5568316,3768948,5738527,6759790,7440631,5276525,4765895,5714210,5398106,5057685,3185367,1920948,1653474
2024-06-23,1,1288736,1823684,1848000,1726421,389053,97263,0,0,680843,462001,413369,1118527,899684,1702104,2018210,291789,0,24316,97263,972632,0,194526,413368,413368
2024-06-24,1,413368,389052,194527,24316,267474,413368,389052,340421,291790,72947,0,218842,1410316,3161052,2334315,705158,267473,97264,0,680842,0,24316,0,0
2024-06-25,1,0,267474,267474,316105,413368,291789,145894,291789,72947,243159,413368,413368,243159,1507579,1386000,72948,0,0,0,48632,0,559263,291789,145895
2024-06-26,1,24316,413368,145895,0,0,0,0,0,0,0,0,0,0,996948,0,0,48632,0,0,0,0,0,0,24316
2024-06-27,1,340421,291789,0,24316,267474,389052,1264421,389052,389052,656526,3914842,5860105,3161053,3039474,3404211,291789,0,389052,1434631,3404210,948316,0,0,0
2024-06-28,1,0,0,0,0,0,0,194526,0,0,0,0,48632,72948,729474,632211,218843,340420,389052,1118526,1410317,948316,462000,267474,364736
2024-06-29,1,413368,389052,389052,389052,1775052,4620000,7562211,8218736,7392000,8583474,8388947,7075895,10285579,12863053,13130527,11501368,9045473,8875264,10893474,13057579,13835684,12206526,9677684,8607790
2024-06-30,1,8826632,10091053,10553052,10698946,10018106,10431474,10553053,10698947,10942105,10431474,8729369,5446737,6103264,6370736,6224843,4425474,2310001,1750737,3209684,4960421,4790210,1288736,486315,389052
2024-07-01,1,413368,389052,243157,0,0,170211,97263,0,0,0,0,0,0,1507579,1215789,753789,583578,364736,2699052,7173159,7537895,7732421,6613895,6589579
2024-07-02,1,8778000,10820526,11987684,12303790,12182210,13641158,14662420,15221685,14565158,15562105,13981579,11452737,12814420,13130527,16704948,14856948,12717159,12473999,15100105,16802210,15416211,13981579,11088000,8826632
2024-07-03,1,9823578,9896526,10942105,10820527,8413264,7173158,7051579,5349474,5179263,4449790,3525790,1993894,2699053,3598737,3282631,1264421,413368,389052,778105,2577474,1458948,462000,437684,389052
2024-07-04,1,413368,413368,389052,389052,413368,267473,316105,389052,413368,534947,1629157,1653473,2796316,5009051,5616948,3987790,2091158,2115473,4401158,6638210,9920843,5203580,2334315,2237053
2024-07-05,1,3331263,1434631,1750737,1458947,1993895,1045579,48632,24316,0,0,48632,48632,0,1458947,1823684,291790,0,194527,1167158,4255263,3501473,3428527,2626105,2431579
2024-07-06,1,3039474,4255263,5495369,7756736,9069789,9896526,10066737,11039368,8996842,9580421,9167053,8656421,9021158,10115368,9240001,6954316,5106316,3841895,7854000,8437579,8170105,5471054,4425474,4012106
2024-07-07,1,5398106,6589579,6346422,6297789,7148842,8170106,7051579,6638210,6540946,6954316,6127579,4303895,4376842,6249158,6054632,3306948,851053,1045579,1604842,4911790,4790211,4012106,3258315,3696000
2024-07-08,1,5616948,7051579,6322105,7075895,8534842,7586527,7367684,8194421,7926948,7002946,6565263,5057685,4206632,6224842,5762842,3428526,1847999,972631,1556211,3647368,5471053,3866211,4060738,3209684
2024-07-09,1,4352526,5422421,4595685,4109368,5154947,5300843,6030316,5179263,5544000,5057685,6006001,6589579,6370737,6735474,8097158,5665579,4741578,4814526,6322105,11088000,12401053,9385895,7440631,6978632
2024-07-10,1,9920842,11331158,11306843,10455790,9799263,10747579,8680736,7562211,4401158,1580527,583579,486315,1118526,2455896,4158000,1556211,145895,48632,1386000,4838843,851053,583579,486315,389052
2024-07-11,1,413368,413368,267474,243159,121579,0,0,0,0,0,0,0,0,1191474,0,0,24316,0,72948,0,24316,0,0,0
2024-07-12,1,0,0,0,0,0,145895,24316,316105,48632,0,0,97264,24316,72947,0,0,0,0,0,0,0,121579,97264,0
2024-07-13,1,24316,121580,24316,0,0,0,24316,0,0,0,389052,389052,1629158,3501475,4376842,3063790,5738526,5349474,9458843,11136631,13592526,11452737,12182210,9361579
2024-07-14,1,4571369,2601790,1142842,753789,243158,656526,559263,170211,194527,632212,1580525,1483263,1361683,3282631,3914842,1313053,194526,0,0,778106,48632,170211,24316,145895
2024-07-15,1,340421,72948,0,0,0,0,0,0,194526,0,0,0,437684,1531895,656527,486316,316105,243158,1726422,4255262,8170105,7610842,5714210,5106315
2024-07-16,1,6297789,6905684,9191369,8024212,6516631,5349473,4960421,3987789,3258315,3258316,2917894,3501473,4741579,6832737,6297790,5009053,2018210,1750737,4547052,7513579,9021158,7683790,5009053,5787158
2024-07-17,1,7440632,7781052,5787158,6978631,6589579,7075894,5787157,9507474,9629052,8850947,7489264,8437579,8680737,9288631,10553053,7051578,6638211,7659474,8437579,11136631,10747579,9556105,8461894,8875263
2024-07-18,1,9847895,11233894,11282527,11039368,9629053,9337263,9774948,7586526,8218736,6832737,6662527,5665580,6006000,6784106,5762843,2115474,583578,389052,243158,1726421,267474,0,340421,2139789
2024-07-19,1,656525,462000,1191474,2188421,3015158,340421,3331263,3793263,1993895,1361684,121579,1653474,1653473,4352526,4887473,1677789,291790,0,145895,2115473,1361685,875368,802421,1434633
2024-07-20,1,1434632,3574422,4936106,5665580,5325158,5398105,6249158,6395053,6030317,5957369,5714211,4328210,5592632,8437578,9434526,8364632,6735474,6589578,8461895,9604737,9920841,7367683,5544000,4474105
2024-07-21,1,5592632,6006000,6103263,4717263,3234001,170211,0,0,243157,218843,851053,899684,2601790,5665578,6103263,4279579,1969578,1069895,3647369,6832737,7926947,4960421,3744631,3282632
2024-07-22,1,4474105,7027263,7051580,5714211,4328210,4352526,5276525,4717263,6613895,5665579,5860106,4863159,5787158,8024211,5933053,4182316,3914842,4425474,7732422,10139684,9458842,7002947,4887474,7221790
2024-07-23,1,9021158,9774948,9507473,7464947,5033367,5227895,5884422,6540947,5665579,4790210,4887474,3768946,5276527,7683790,7392001,4838842,3282632,2455895,4036420,5325158,6103262,7440632,7537895,5908737
2024-07-24,1,5252210,4425474,3598736,4206631,5009052,4036421,3963473,3866210,4790211,3963473,2577474,2431579,2115474,4230947,6297790,4401157,2626104,2164107,4814526,5811473,6735474,5471052,4595684,5422420
2024-07-25,1,5665579,5860106,6078947,6273473,6613895,6784105,7659473,8923895,8388947,7951263,8291685,7878317,8826631,11233895,10528737,10261263,8778000,7756737,9556106,11501369,11768842,10480105,10164000,9337262
2024-07-26,1,10455790,10723263,11185264,11112316,11136631,10869158,10091052,9774947,10018105,10480106,10747580,8753685,10674632,11793158,10820526,9240000,7319052,8316000,10455790,11914736,11744526,11404105,8875263,8850947
2024-07-27,1,9410211,10285579,10723264,11112317,11379790,10626000,11525685,11428421,11525684,11015052,10747579,10626000,10504421,12765789,11914737,10869157,8583473,6905685,8097157,10528737,12522631,11112316,9337264,9069789
2024-07-28,1,8388947,7975579,8243053,8267369,9702001,8559158,7319052,10042421,10553053,10528736,10577368,8364632,7708106,8632105,7975579,5908736,1629158,1021263,2018210,5811474,8121474,4401157,1191474,1458947
2024-07-29,1,3331263,3696001,3258316,2966526,5349473,4182316,2747685,2480211,1823685,1604841,1288737,1458948,948317,2261370,2115474,413369,145895,316105,437684,1483263,632211,753789,243157,24316
2024-07-30,1,48632,121579,0,0,0,0,0,0,243157,364736,194526,48632,121580,510631,72948,97264,121580,97264,121580,243158,194528,437684,389052,413368
2024-07-31,1,389052,413368,413368,389052,437684,413368,389052,218843,267474,364736,364736,413368,851053,3258316,3428527,1726420,559263,559263,1702106,4012105,4109369,2699053,1458948,2358632
2024-08-01,1,972631,2018211,2528842,2407264,2042527,1507579,1653473,753789,1045579,826737,510632,996947,1823684,2699053,2358632,851052,462000,364736,1458948,3768947,4401158,4765895,2772000,2626105
2024-08-02,1,729473,2091159,3647369,2917895,1823685,680842,486316,72948,0,0,0,0,0,1531895,1872316,291789,0,0,0,778106,267474,851053,437684,389052
2024-08-03,1,389052,389052,413368,413369,48632,0,0,0,0,0,0,0,0,1531894,1750736,291789,0,0,0,729474,0,0,0,0
2024-08-04,1,0,0,0,0,0,0,0,0,0,0,0,0,0,194527,24316,0,0,0,0,24316,24316,291789,486316,48632
2024-08-05,1,0,0,218843,72948,0,0,0,0,0,0,0,0,0,486316,778106,48632,0,0,48632,48632,0,0,0,267474
2024-08-06,1,291789,413368,194526,0,121579,340421,24316,0,0,0,0,0,24316,1531895,1215789,0,267473,0,24316,462000,218843,24316,0,0
2024-08-07,1,0,0,24316,0,0,0,0,0,0,0,0,48632,0,170211,0,0,0,0,0,0,145895,170211,0,0
2024-08-08,1,0,0,72947,340421,218843,121580,72948,97264,72948,0,0,0,510631,486317,267474,705158,462000,413368,607895,1167158,0,24316,97263,0
2024-08-09,1,0,0,0,194526,48632,0,291789,48632,0,0,0,72947,24316,145895,72948,48632,24316,0,0,0,0,0,0,0
2024-08-10,1,0,0,0,0,0,0,0,0,0,0,0,0,48632,145896,680842,559263,194526,0,121579,48632,656527,972632,583578,413368
2024-08-11,1,413368,340420,413368,364736,389052,462000,1677789,1580527,486316,121580,24316,826737,632211,3161052,3768948,2018209,559263,389052,1191474,2990842,3258317,1775052,607894,413368
2024-08-12,1,705158,1021263,607896,48632,0,0,48632,0,0,0,0,0,0,316105,680842,243158,218842,72948,121580,753790,291789,0,0,0
2024-08-13,1,0,0,0,0,0,0,0,0,24316,24316,364737,462001,1142842,1920947,705158,291789,316105,194526,267474,2382947,1458947,0,0,0
2024-08-14,1,0,0,0,0,0,170210,389052,413368,364736,364736,194526,0,0,1483263,462000,24316,0,0,0,0,0,0,170210,48632
2024-08-15,1,0,0,0,0,0,0,0,0,0,0,0,121579,24316,121579,291789,875369,170210,0,0,0,0,0,0,0
2024-08-16,1,24316,413368,48632,316105,243158,48632,0,218842,243158,97263,0,0,24316,1507579,413368,0,0,0,0,0,0,0,0,0
2024-08-17,1,0,0,0,0,0,0,0,0,0,0,0,121579,24316,72947,0,0,24316,194527,24316,170211,0,0,24316,0
2024-08-18,1,24316,24316,170210,0,0,0,0,0,0,0,0,48632,24316,48632,0,24316,0,48632,218842,121579,0,389053,437684,389052
2024-08-19,1,340420,24316,0,24316,0,0,0,0,0,291789,364736,364736,1458946,3379895,2528843,462001,0,0,0,218842,72948,121579,534947,389052
2024-08-20,1,389052,389052,1337368,1750736,1920948,3939157,5933054,8948211,7367685,8656420,9580421,9920842,11890422,13835684,14954211,12060632,11695895,12230842,12060632,14443580,13470948,8364632,6881369,4984737
2024-08-21,1,4960420,5908737,5981683,7781052,7464948,8680737,8899579,6662527,6540948,7148842,6346421,5665579,4692947,6686842,7489264,4960422,3695999,2966526,3331263,6468000,6735474,4206632,3671685,3939158
2024-08-22,1,4887473,6613895,6662526,8243053,8802317,9337263,11112315,11355473,13033262,11063683,8291684,8364631,7440632,5738525,4376842,851053,170212,121580,0,729474,0,0,0,0
2024-08-23,1,0,0,0,0,0,0,0,0,0,0,0,24316,0,243158,24316,0,0,0,0,24316,0,0,0,0
2024-08-24,1,0,0,0,0,0,0,0,0,0,0,0,0,97264,72948,194527,0,0,0,0,0,72948,0,0,0
2024-08-25,1,0,0,0,0,0,72948,364736,121579,0,0,0,24316,996947,632210,170212,72948,72947,0,389052,97263,24316,48632,194527,316105
2024-08-26,1,145896,389052,72947,0,0,0,0,0,0,0,0,0,0,218843,72948,510632,24316,97264,48632,218842,72947,0,0,0
2024-08-27,1,0,0,0,0,0,0,0,0,0,0,0,0,72948,121579,316105,851053,462000,48632,778105,1288737,340421,0,267473,24316
2024-08-28,1,170210,218842,2382947,1361684,2237052,2990841,2942210,1872316,2139789,1920947,2285684,3161052,4109369,8048526,8559158,4474105,1775052,1118526,4595684,8972527,8024211,5398105,2310000,1191475
2024-08-29,1,3063790,5860106,2285684,510632,924000,996948,9629053,5179263,2528843,3841895,5689895,7975579,7027263,7440630,6589578,2504525,559263,413368,340421,1604841,534948,145895,486316,899685
2024-08-30,1,389052,826737,948316,559262,753789,802421,1167158,2285684,3355578,3161053,2407263,2869262,3452842,7586527,9142737,7246105,2942210,2577473,5446738,4838842,5106316,5762843,3598736,2310000
2024-08-31,1,2066842,3671684,4255263,4133685,5154947,4376842,7148842,6030317,5446737,6151896,5009053,4352528,4692947,6954316,6857053,4474106,1483263,826736,1653473,1434631,1045579,145895,0,0
2024-09-01,1,48632,364736,48632,0,0,0,0,0,0,0,0,0,0,389053,48632,0,0,0,0,24316,0,0,0,0
2024-09-02,1,0,0,0,97264,48632,0,0,0,0,0,0,72948,24316,48632,267474,291790,72948,145895,0,0,0,0,0,170210
2024-09-03,1,389052,437684,194527,121580,145896,389053,729474,1750737,924000,24316,0,0,0,753789,778104,121579,0,0,24316,291790,0,0,194527,97264
2024-09-04,1,0,0,24316,48632,72948,0,0,0,0,0,0,0,0,534948,802422,121579,753790,340421,48632,1142842,826736,121579,0,24316
2024-09-05,1,340420,194526,0,0,0,0,0,0,0,0,0,0,0,437684,0,0,0,0,0,48632,0,0,0,0
2024-09-06,1,0,0,0,0,0,0,0,0,0,0,0,0,0,24316,0,24316,0,0,0,0,0,0,0,0
2024-09-07,1,48632,24316,316105,340421,413368,437684,413368,340421,316105,413368,218842,194527,437685,2066842,486316,364737,0,0,0,0,0,0,0,0
2024-09-08,1,291789,413368,194526,0,0,0,0,0,0,0,0,0,340421,48632,0,0,0,0,0,0,48632,48632,0,0
2024-09-09,1,0,0,0,0,0,0,0,0,0,0,0,0,0,24316,0,121579,170211,72948,121579,0,0,0,0,0
2024-09-10,1,0,0,0,0,0,0,0,24316,0,0,0,48632,1069894,2796316,2723369,2212737,632210,316105,0,4158001,4911789,7100211,6273474,2820631
2024-09-11,1,1993895,5933053,5495369,4376843,5276526,4936105,4717263,4620001,4474105,3768948,4717263,6030316,7683790,8996842,11914736,8437579,4911789,4984736,7124526,12328106,12960316,11258210,7610842,6370737
2024-09-12,1,7027263,4012105,6540948,7926947,7586527,4741579,5689895,5495369,6905684,5811473,6078947,5884421,4498422,4838842,4814527,2164106,607894,389052,2261368,5349474,4328211,1920947,632210,389052
2024-09-13,1,389052,583578,1823684,1629157,656527,72947,316106,826737,48632,0,0,0,0,1458947,1775052,291789,97264,121579,48632,802422,0,0,0,0
2024-09-14,1,0,364736,364736,437684,0,0,0,0,0,0,0,291789,875368,1021264,0,0,121579,389052,121579,778106,729474,1361684,559263,267473
2024-09-15,1,316105,291789,340420,389052,389052,437685,875368,705158,486316,462000,510632,996947,267474,2650422,3671684,1896631,461999,389052,583579,3501475,2772001,1702105,583578,97263
2024-09-16,1,0,0,316105,389052,389052,340421,1410316,1629158,1823684,1775052,1580527,1702105,1580526,3355579,3404210,1920947,632210,389052,1580526,3185369,3501474,1799368,632210,389052
2024-09-17,1,389052,413368,194526,291789,1215789,1045579,1604842,97264,48632,0,0,0,0,1580526,1799368,291789,0,0,0,729474,316106,72948,0,0
2024-09-18,1,0,0,0,0,0,0,0,0,0,0,0,0,24316,1531895,364737,1385999,656526,389052,1337368,2285683,2723368,1434631,486315,389052
2024-09-19,1,413368,364736,753789,1799368,1629157,1823684,1823684,1848000,1823684,1823684,1848000,1823684,1823684,3452843,4158000,5276526,7926948,7732420,10747578,15124421,17045369,14978526,11088000,10723263
2024-09-20,1,13787052,14929895,15878210,15002842,13787052,14954212,13227789,13033263,12863052,12084947,14200422,12546947,13495263,16413159,16194315,12498315,8388947,7537894,9604737,11890421,13616843,10990737,9556106,9264316
2024-09-21,1,10893475,12887368,13859999,13276421,13884316,13908632,13130526,12863053,12255158,12230842,12401053,11768842,12765790,12182211,14759683,14030210,8972527,6857053,3088106,5082000,5325158,8291683,6006000,6006001
2024-09-22,1,4644316,4984737,5616946,6662527,5568315,8170105,8996843,7951263,5616948,5519684,5616947,2869264,2164105,3623053,4863157,3574422,2115474,2261369,5325157,6857053,4522736,2115473,802421,1750737
2024-09-23,1,632210,218842,121579,316104,1386000,2115473,1094211,1386000,1191474,1677790,1434632,534948,243158,243157,24316,0,0,0,413368,24316,24316,0,0,48632
2024-09-24,1,0,0,0,0,0,24316,0,24316,0,0,0,0,48632,364737,389052,413368,170211,243158,1313052,826737,0,0,0,72948
2024-09-25,1,97263,145895,0,0,0,121579,0,0,0,0,0,0,0,0,0,0,24316,0,0,97263,534948,72948,170210,0
2024-09-26,1,0,0,0,0,0,0,0,0,0,0,0,0,170211,121579,0,267474,389052,48632,948316,705158,1240105,1361684,1507579,1702104
2024-09-27,1,656526,389052,1191474,2285685,2310000,4279578,5543999,4522737,3209684,4085054,3890527,2212737,2431580,3598736,4790210,3793264,3209684,2528842,3258316,3768948,2601789,1993894,1021263,364738
2024-09-28,1,559263,194526,0,72947,1531894,2212737,1045579,389053,0,0,0,0,24316,170210,559263,534947,413368,875369,1191474,1458948,243158,0,0,0
2024-09-29,1,0,97263,0,0,72947,170211,48632,72948,218842,0,48632,0,0,48632,24316,0,48632,0,0,0,0,0,0,0
2024-09-30,1,0,0,0,0,0,0,0,0,0,0,0,0,0,0,0,0,0,0,0,0,0,0,0,0
2024-10-01,1,0,145896,291789,72948,0,48632,0,0,0,0,0,0,0,24316,97264,72947,413368,2820632,7148843,12887368,14589473,14273368,14516526,14808316
2024-10-02,1,10844842,10212632,10650315,14127474,14322000,17069685,17069685,16972421,14808316,14127473,7975578,5519684,2601790,4814527,9580420,12449683,11136631,7562211,6395053,4644315,5908736,3550105,3209685,2650421
2024-10-03,1,826737,413368,802421,2431578,3525789,7221790,8923895,9458842,8729368,6176210,7319053,5130632,4595685,3550105,6930000,7294737,7708104,8826631,11379790,10553052,11768842,8243053,7294736,5398105
2024-10-04,1,2091158,851053,486316,4085053,3161053,5009053,8972526,8583474,5519685,4279580,3768948,899684,437684,413368,389052,413368,413368,340421,1167158,1483263,462000,1191473,0,0
2024-10-05,1,218842,437684,437684,413368,2504527,3112421,4936105,3574421,1848000,729474,1434632,875368,413368,413368,462000,1848000,2942210,3136736,4595685,6711158,5398105,4060737,2528842,2723368
2024-10-06,1,559263,340421,0,0,0,413369,121579,0,0,267474,510631,583578,437684,389052,1799367,4230949,5616947,5641264,9385895,10528738,6103263,753789,0,0
2024-10-07,1,340421,413368,972632,5398106,10626000,15027158,14078842,13373684,13106211,9556106,7464949,6006001,4717263,3866211,7635158,4595684,4133684,3671685,5179263,6078947,4012106,1653473,1580526,705159
2024-10-08,1,486316,413368,413368,413368,1240105,3015158,5276526,6078947,3793263,2626105,4109368,1775052,1021263,1288736,4206632,4085053,3647369,2212737,3452842,3501473,2772001,3525789,2553158,2334316
2024-10-09,1,851052,413368,437684,802421,1847999,3744632,3963474,3501474,1653474,923999,24316,121580,413368,72947,72948,0,0,0,291790,0,0,0,0,24316
2024-10-10,1,0,97263,0,0,316106,72947,0,24316,0,0,0,340421,437684,389052,389052,705158,1872316,2066842,4522737,4255263,3379895,2650421,1677789,705158
2024-10-11,1,316105,389052,413368,413368,1458947,2334316,2893578,1434632,778105,705157,875368,534947,413368,413368,437684,267473,389052,364736,2066843,1021263,0,0,0,0
2024-10-12,1,0,0,121579,389052,1313053,2334316,680842,0,0,0,0,0,0,0,267473,97264,24316,0,72947,0,0,0,24316,1021263
2024-10-13,1,364737,291789,413368,121579,632211,1313053,48632,924000,510631,413369,364737,48632,48632,24316,145895,291790,0,0,437684,0,24316,145895,1896631,2893579
2024-10-14,1,875368,437684,437684,170210,0,2626104,5884420,5130631,5349473,4401158,5009053,2407263,3185368,2115473,5009053,3841895,3550105,2844947,4303894,5471052,3233999,3793262,2869263,1726421
2024-10-15,1,486316,0,145895,24316,0,170210,0,0,0,0,0,72947,121579,316105,316105,389052,413368,996948,2237053,2820631,1240106,1288737,1872316,2042526
2024-10-16,1,632210,389052,413368,923999,2626106,3209684,3379895,4571368,5568315,2990841,2431580,607894,413368,389052,364736,389052,389052,267474,1215790,1410316,413368,0,0,0
2024-10-17,1,0,0,0,0,0,0,0,0,0,121579,291789,48632,0,0,0,0,0,24316,72947,24316,0,48632,2990842,4279579
2024-10-18,1,1556211,948316,2237052,5300842,5033368,9069789,9750631,9458843,8632105,8583474,9069789,4814526,4255263,5057684,6200526,5981684,4765895,4984737,5325157,5568317,4425474,3890526,3671684,3379894
2024-10-19,1,802421,389052,413368,364736,1775052,3623053,5641263,4960420,2917895,3331263,5835790,7075894,8972526,9118421,12084949,10528737,9847894,10796210,13179158,8461895,5544000,4230947,5714210,6881369
2024-10-20,1,2626105,1677789,1629158,3696000,4230947,7392001,6151895,9094105,3720316,1215789,1021264,851053,802421,1531895,3501474,3768948,1993895,1775052,2747684,2042527,2431580,996947,607895,97263
2024-10-21,1,316104,194526,97263,0,24316,437685,0,0,0,0,0,0,0,0,0,0,0,0,48632,0,2115473,2893578,2480211,2431580
2024-10-22,1,778105,389052,413368,2237053,2893579,2990842,1386000,1361684,559263,0,0,0,97263,24316,340420,437684,389052,1872316,3112421,3039475,2164106,6516632,6905684,9045473
2024-10-23,1,6370736,7343369,7975579,13033264,13738421,17045369,15878210,13957264,12474000,8923895,8729368,6662527,4522738,3963473,4401158,8413263,10407158,10990736,11306842,8850948,6857053,6930000,6054631,6735473
2024-10-24,1,4717263,4984737,6905684,9702000,11039368,12887369,10942105,8996842,9434526,5811474,6322105,1142842,364736,437684,656526,826737,413368,1142842,6930000,7708106,5276526,1896632,170211,0
2024-10-25,1,0,0,0,0,0,0,170211,0,0,0,72948,194526,97263,48632,0,48632,48632,0,48632,0,0,0,145895,24316
2024-10-26,1,0,0,121579,48632,0,48632,0,0,0,0,0,0,0,0,72948,0,0,0,0,0,0,0,0,0
2024-10-27,1,0,0,0,0,0,0,0,0,0,0,364736,607894,413368,1750737,5154947,6711157,5009053,4620000,5738526,5179262,7416316,4133685,2382947,2139789
2024-10-28,1,1142842,413368,656526,2528842,3623053,5179263,5398105,5933053,4376843,2334316,1993895,899684,437684,413368,437684,437684,413368,1118527,2893579,3355578,3039474,2066842,170211,316106
2024-10-29,1,583579,413368,437684,316105,121579,1191474,899684,0,0,0,0,0,0,0,24316,48632,24316,0,0,1167158,1653474,1896632,1191474,364737
2024-10-30,1,413368,48632,437684,1069895,3720316,6054632,7416316,4814527,4425473,2772000,1969579,1215789,875369,583580,2382948,3404210,2577474,2042527,3088105,3282631,3185369,2115474,194527,899684
2024-10-31,1,121579,121579,267473,24316,0,316105,851053,267474,0,24316,0,0,0,0,0,0,0,0,24316,170210,72947,0,24316,0
2024-11-01,1,0,0,0,121579,534947,3623053,2334316,2091158,1920948,2115473,2285684,753789,1799368,2455895,5106317,5252210,3379895,4668631,4814526,7756738,8850948,4984737,5616947,6322105
2024-11-02,1,4790210,2553158,2942210,6370737,6784105,9361578,9774947,10869157,7708105,4401158,2772000,583579,389052,389052,413368,413368,194526,24316,1240105,1580527,1993895,0,0,316105
2024-11-03,1,389053,24316,0,0,0,194526,0,389053,510631,0,170211,97264,0,145895,48632,72948,243157,510633,267474,0,0,0,0,0
2024-11-04,1,0,0,0,0,0,0,0,0,0,0,0,0,291789,413368,1629158,3574421,3234000,1677789,7319053,9580421,11939052,11501368,12036315,10844842
2024-11-05,1,8680737,7829684,8705052,9507473,9677685,9094105,8121474,7781053,7489264,8170105,9434527,7975580,6613894,3355579,8583474,11428420,11622947,15367579,17410105,17142631,17094000,15610736,14030211,14103159
2024-11-06,1,11477053,10066737,9920843,12571263,14103158,15926841,14200422,13373684,9385895,9434526,7513578,2334315,243158,170211,4352527,7440631,10650316,11404106,12765789,10990737,7610842,4547053,4960421,6978632
2024-11-07,1,2212737,1094211,632210,3209685,2407264,4279579,2771999,1629158,607895,24316,72948,291789,291790,437684,413368,437684,413368,2139789,4182316,2747685,4741580,2942210,2504526,3331263
2024-11-08,1,996947,437684,413368,510631,1410316,1191474,1434632,1872316,607895,0,0,0,0,0,24316,0,48632,0,0,0,0,0,0,0
2024-11-09,1,0,0,0,364737,778105,802421,972631,1288737,972632,145895,97263,72948,0,0,0,0,0,0,48632,0,0,0,0,0
2024-11-10,1,0,0,0,0,48632,0,72947,1531895,1920948,1264421,389052,0,0,0,0,72947,48632,0,24316,0,1021264,194527,1288737,2528841
2024-11-11,1,851053,413368,437684,1920947,4741579,5009052,5203579,6881369,4230946,3233999,2261369,705158,413368,413368,437684,72947,24316,24316,1191474,1434632,948316,0,0,0
2024-11-12,1,0,121579,437684,437684,1799368,4936106,4814526,3574422,3161053,3768947,3987789,1069894,413368,705158,2358631,4255263,4644315,3841894,6686843,4741579,6662526,5057685,3696000,4765894
2024-11-13,1,1215789,413368,437684,437684,680843,1240106,1531894,1775052,486316,0,48632,24316,0,0,267473,437684,437684,194527,1191474,583579,0,0,0,0
2024-11-14,1,0,0,0,0,0,0,0,0,0,0,0,72947,0,0,24316,0,24316,0,2212737,3428526,2139789,0,72948,705157
2024-11-15,1,413368,364737,48632,0,24316,1167158,267474,0,48632,121579,0,0,0,0,0,0,0,0,0,0,0,0,0,607895
2024-11-16,1,24316,0,0,0,0,0,0,0,0,0,0,24316,0,0,0,0,0,145895,437684,729473,1215789,1240105,1483263,2285685
2024-11-17,1,753789,413368,875368,5860106,7586525,15294631,17993684,19501264,17628947,15708000,14200421,8899578,5544000,3234000,7951263,12619895,15343264,15635052,18431369,19039264,19282421,16291579,15221684,14200422
2024-11-18,1,10698946,9945159,9361578,12644211,12498315,14565158,13641158,13008947,12887368,9629052,8705052,6395052,1361686,510631,4012106,8364631,7878316,4620000,7416316,8875263,7926948,5616948,3063789,2699053
2024-11-19,1,753789,413368,437684,413368,2553158,4838841,3598736,2382947,924000,48632,1337368,632210,437684,413368,437684,680842,97263,0,1191474,1434632,1458948,1142842,1507579,1750736
2024-11-20,1,656526,437684,437684,559263,2237053,4401158,5276526,4571369,2723368,2261368,3185369,1920946,1653473,1386000,5446737,6151894,6322105,7489263,8243052,8413263,7683789,6613895,4474105,6127579
2024-11-21,1,3817579,2334316,2115475,3623053,4863159,6540948,5519685,4376842,2771999,802422,1288736,632210,437684,316105,413368,413368,486316,2018210,3696000,3866211,5373789,4036421,3063790,2650420
2024-11-22,1,1069895,583580,1069895,4911789,4668633,5154947,5081999,6808421,8194421,6881369,7416315,4571368,2942210,4668631,9750632,11866105,10018105,8705052,7902632,10480104,11622947,9531790,5495368,7537895
2024-11-23,1,6103263,3817580,3233999,4303895,4498421,6273474,8072843,7805368,5908737,4960421,4668632,2407264,1920948,1580526,4522737,5009053,4182316,3379895,3817579,4376843,4376843,2455894,1410316,1507579
2024-11-24,1,656526,437684,437684,437684,1410315,3574420,3574420,2990842,1337369,170210,826737,753789,437684,413368,437684,1094210,0,0,1191474,1434632,1920947,1896631,2699053,3598737
2024-11-25,1,1045579,437684,437684,1580526,3817579,7270422,8072843,8875263,6176211,6613896,8729368,5835789,4790211,7975578,13349369,11550000,11355473,13276421,16145684,16948105,14832632,13811369,12279474,11695895
2024-11-26,1,5908737,851053,462000,4255263,7683789,12863053,13422315,15367579,13689790,13470948,14176105,10771894,10723263,9920842,11695895,11209579,10285579,10455789,10601684,11015052,11015053,7051579,5762842,5082001
2024-11-27,1,3574421,4206631,3234000,4547052,6322105,9045474,6711158,7294737,3282632,6395053,6565263,8024211,7221790,7197474,8972527,9312948,9434526,10844843,12984632,12401053,8121473,8291684,6808420,8729368
2024-11-28,1,5519685,5738527,6662526,10018106,8753684,11720210,8534841,4887474,3598738,5373789,5154948,3768947,4522738,1191474,5835789,6224842,3671684,6589578,11209579,14929895,15343263,14127473,12376736,11671579
2024-11-29,1,7854000,5179264,6103264,7392000,9507474,12279474,11233894,14030211,13252105,11282526,10261263,9556105,8996842,9191367,12887368,12717157,13373684,13276421,14151789,13154842,14565158,12206527,11452737,10042422
2024-11-30,1,6711158,5616947,5543999,4984736,6686842,7829684,7075895,6443684,4303895,3112422,2772000,778105,462000,437684,559264,2893579,3136736,2091158,3039473,1531895,1386000,583579,0,0
2024-12-01,1,0,0,0,0,0,0,0,0,486316,1848000,1823684,705158,462000,389052,437684,340421,121579,0,1167158,1410316,462000,705159,316106,72948
2024-12-02,1,0,0,145895,218842,121580,48632,0,0,0,0,0,48632,194527,194527,170211,243158,291790,583579,1507579,1167158,1653473,3282632,6905685,5762841
2024-12-03,1,4814527,3890527,3452842,5154946,5860105,6735474,6346421,7440632,6808421,6954316,7051579,3841896,3866211,4085052,7878316,8607789,10285579,10698946,9240000,6978632,7002948,7683790,7392000,8510526
2024-12-04,1,7392000,6759789,7464947,13349368,11720211,13811368,12352421,10431473,6905684,2601789,3598737,1215791,875368,1775052,4765895,5325158,6443685,4863158,5835790,5398105,5446737,3112421,2553159,3355579
2024-12-05,1,996948,778106,1483263,4595683,5106316,6151895,5081999,5227894,3817579,3720316,4522737,1799369,2407264,3525789,5422421,4887474,4425474,3282631,4863158,6516631,6346421,3841895,3355580,4182316
2024-12-06,1,1361685,1069894,1361684,4960422,5519684,5471052,6468000,5884421,2674736,1507579,1920948,802421,437684,559264,1750737,3987789,3817579,4498420,6784105,6613895,5009053,4522737,3744632,3866212
2024-12-07,1,1045579,413368,413368,2796316,4668632,5033368,4328211,3598737,1775052,48632,0,0,194526,24316,218843,340421,194527,2407264,5860105,10309895,11477053,12303789,12401052,13300736
2024-12-08,1,10577368,9799264,11282526,15245999,15027158,15659368,14662420,15610736,14297684,13276421,12352420,9872210,9361580,9215684,13106211,13519579,13884315,12133579,12401052,9531790,7829685,5252211,4595684,4595685
2024-12-09,1,1556210,486316,437684,1313053,2601790,4936105,6638210,4863159,2917894,2164106,1264421,583579,437684,413368,1313053,2772000,3185368,2674737,3525790,4401158,5641263,3161053,1702106,1069894
2024-12-10,1,583579,413368,437684,437684,2139789,5641263,6468000,4936106,4255263,2772000,2723367,656526,437684,413368,1677790,3841894,3793264,2990841,4595685,3088106,3404210,3939158,3477158,3890527
2024-12-11,1,1142842,851053,729475,3939158,4571368,6492316,9215685,8826632,7367685,6322105,6151894,5179263,3793262,4571369,8315999,7635159,8486211,7221789,11258211,13495263,14249053,12814421,14638105,12230843
2024-12-12,1,9969473,9240000,8437579,10455789,11866105,10212632,9896527,9823579,6346422,7756737,7416315,3841895,2966527,2091157,6127579,8097158,7270421,6006000,6492316,10285578,7100209,4571369,5762842,6078947
2024-12-13,1,2869263,1677790,1580527,4668632,3987790,6540948,4644316,4449790,5568317,4230947,4230947,2164106,1945263,3112421,6784106,8218736,9069789,9410209,12741474,14808316,18577264,14613789,12887369,11233895
2024-12-14,1,6249158,6759789,6638210,9215684,12376737,11841789,14054526,13592526,13276421,12012000,12765790,9993790,8802316,8388947,12036316,11720210,11112316,8437579,7756736,6930001,6589580,6078948,4887474,5933053
2024-12-15,1,2942210,3671684,4230948,7343368,8048527,10917790,11088000,10407158,9774947,9288632,9312947,6054632,5544001,6832737,10626000,11598632,10164000,9288632,8243053,9264316,7416315,6322106,7586526,7100210
2024-12-16,1,3234001,2018211,2747684,5227895,5081999,6468000,4401157,4182316,2942211,1434632,1507580,851052,413368,413368,1702106,2869264,3015158,2407263,3477159,3282630,3671684,2893579,1993895,1945264
2024-12-17,1,705158,437684,413368,437684,2164106,4887473,4863157,4717263,1799368,291790,291790,559263,340421,413368,1750737,1385999,2018211,2261370,3623053,5106316,5446737,4328210,2723368,3258315
2024-12-18,1,680842,486316,583580,3647368,4838842,8267368,8559158,12498316,11088001,12230842,12182210,9167053,8243054,7975578,11063684,12084947,11671580,11574316,14103158,15416211,15562106,13932946,13057580,13252105
2024-12-19,1,9653369,9045473,9191368,12717159,13203473,14881263,12960316,10455790,6200526,5130631,5471053,1702106,583579,413368,948317,1653474,2139789,1556211,1799368,2139789,2455895,924000,0,0
2024-12-20,1,0,48632,389052,437684,972632,1556210,924000,1385999,607894,0,0,0,0,48632,340421,340421,389052,170211,802421,316106,0,0,0,0
2024-12-21,1,243158,462000,437684,437684,2528841,6468000,6832737,9385895,10212631,12936000,12960317,9969474,9458843,9823579,13033263,13616842,13884315,13422316,14929895,15318948,14808316,14565158,13276421,13884315
2024-12-22,1,9264316,7635159,7294737,11063685,11744526,14103158,14735369,16461790,15367580,13543895,14662421,10698948,8875263,8705052,13130526,13665474,14443579,13762736,15513472,15562105,13227790,8729369,5325158,5665580
2024-12-23,1,899684,534948,486316,4157999,4060737,7781052,7829684,7027264,5398105,4717264,4133684,972631,437684,437684,1507579,3866210,5057684,4230947,5349473,6297789,4474106,3890526,3379894,3574422
2024-12-24,1,1556210,705159,1264420,5203578,5422420,8559158,8024211,8680736,4668631,4498421,3987790,1069894,413368,437684,1872315,4206631,4498421,3185368,3404211,4352527,4230948,2188421,1264421,340421
2024-12-25,1,72948,243159,389052,364736,437684,632211,364738,364736,170211,0,0,170211,413368,72948,0,0,0,48632,729473,1215789,802421,559264,48632,97264
2024-12-26,1,0,194526,267473,462000,4085053,9799263,9142736,8437580,8778000,10042422,10382842,7367683,4984737,4668631,9872210,14176105,14249052,15391895,16996738,17896420,18601579,16753579,15464842,15343263
2024-12-27,1,11695894,12474000,11355474,15002843,14735369,17726210,19476948,16413157,13908632,12644211,11477054,8802316,7440632,7537895,9264315,10601684,10261264,10115368,11355474,12571264,12619895,10990737,10990737,11720210
2024-12-28,1,9531790,8948211,9677684,13495263,14151789,16583369,16315895,15975474,13276421,11574316,10723263,9847895,8632105,8753684,12084948,13203474,12328105,12303790,13008948,12109263,10990736,10334211,8413264,7854000
2024-12-29,1,4376842,2869263,2431579,3890527,4012106,5689895,5057685,3501474,2820631,851053,972631,510631,316105,170211,121580,48632,0,0,534947,0,0,0,0,194527
2024-12-30,1,24316,389053,437684,437684,1580526,3063789,2650421,1167158,1264422,1385999,851053,534947,389052,413368,316105,364736,340421,145895,1386000,1580526,826738,802421,729475,1556210
2024-12-31,1,705158,1726422,2699053,7440631,10309894,12863053,17677579,17410106,16340211,16121368,13373684,8607791,2553159,607894,4109367,11160947,12255158,10942105,9993789,7586526,6954317,5689894,4936106,5057685
2025-01-01,1,2723369,2553159,3039473,4060736,4644315,5154949,5082000,3890527,2382946,875368,1653474,632210,437684,437684,437684,437684,1580526,1313053,1823684,2699053,2990843,2431578,1434632,1653474
2025-01-02,1,632210,437684,413368,486316,2285684,3428527,3233999,3744632,1702106,145896,1580527,607894,437684,437684,486316,3136737,4522737,4668631,6857053,7683789,8364632,9045473,8170105,7610842
2025-01-03,1,2990843,3209685,5009053,10285578,12960316,15975473,16413158,14662420,14419263,10893473,8996841,5398105,3452842,3015158,6978631,7708105,8364631,8461895,10577368,9167052,6832738,5057684,3817579,3525789
2025-01-04,1,1045579,413368,437684,948316,2723368,5130631,5349473,5884422,4741579,2455895,1531895,534947,437684,437684,413368,437684,437684,656527,2601789,2553158,1288736,316106,316105,364738
2025-01-05,1,48632,170210,437684,364736,340421,802421,194527,705158,194527,340421,291790,486316,316105,170210,0,0,0,0,607895,24316,0,0,24316,121580
2025-01-06,1,194526,462000,462000,462000,1337368,4595685,5933052,4790210,6127579,6784105,9458842,7075895,8948211,10188315,13714105,14224737,14516526,14322000,17021053,17385789,17337157,15197368,13446632,13811368
2025-01-07,1,9458843,6881368,6638211,9385895,10893474,13787052,14589474,15489158,13373684,12692842,12182210,8996841,8486211,7319052,11720211,12863053,13154842,13106210,14540842,12255158,13787052,9920842,10553052,9847895
2025-01-08,1,6832737,4911790,5568316,8656421,7708106,8340317,7489263,5908736,3355578,1045579,121579,24316,121580,243158,97264,340421,607895,1653474,6078947,5714210,8218737,11039368,12960316,13908631
2025-01-09,1,9799263,9677684,9580421,13470948,13932948,14808316,15562105,14249053,13860000,11647263,12328105,9653369,9896526,10820527,13641158,15294632,14273368,14297684,15805263,14346316,14151789,12644210,12960316,13130527
2025-01-10,1,10504421,9847894,10528737,11671578,12230843,12036316,12401052,14054526,9312947,8486211,8559158,7562211,6565263,6662526,8194421,7829683,9653368,9361579,5616948,7999895,8097158,8486210,6930000,5592633
2025-01-11,1,7051578,6516632,6759790,4790211,5057685,5349475,3695999,5835788,5276526,5106315,3914842,3379895,4376842,4863158,5009053,5446737,4352526,4303895,4595684,2893579,3404211,2310000,3112421,2699052
2025-01-12,1,2747684,3598737,4352527,4814527,4838841,7343369,7173158,6613894,5422421,3428527,3258316,2480211,2066842,2091158,2699053,4717262,4595684,3039474,3063790,2772001,4668631,3793263,4644316,4376843
2025-01-13,1,3136737,3574422,826738,1920948,1750737,3088105,3550106,3404211,1847999,778105,778106,243157,413368,145895,121579,170211,72948,0,437684,0,0,0,0,413368
2025-01-14,1,510632,437684,462000,170212,291790,1264420,24316,0,0,0,97264,364736,267474,145895,194527,243158,170211,72948,316106,0,121580,1945264,5957369,9288632
2025-01-15,1,8632106,10164000,11379789,16097053,15537789,17799159,15926842,16218631,14735369,13616842,13860000,9993790,10066736,11258210,13154842,15027158,14589475,14735368,14613790,15878210,15659368,12838737,9264316,8291684
2025-01-16,1,4595684,3234000,1483263,4328211,3428526,6078947,5422421,5106315,4230947,2942210,2674737,851052,778105,1021264,4765895,5592632,4230947,3963474,5762842,4449790,4328211,4692947,4012105,3817579
2025-01-17,1,1069895,413368,413368,2553158,3695999,4717263,4936105,3914843,3550104,2796316,2066843,753789,437684,437684,972632,3258316,3452842,2504526,2699053,2966526,2990842,1629158,1361684,1191474
2025-01-18,1,510631,437684,413368,437684,924001,1969579,1556211,632210,72947,0,0,0,97263,0,0,48632,24316,0,0,0,24316,0,121579,0
2025-01-19,1,0,0,0,0,0,0,0,0,0,0,0,24316,0,72948,121580,145895,72948,340421,267474,145895,243158,0,0,0
2025-01-20,1,0,24316,24316,145895,437684,1361684,1556211,1458947,1799368,1434631,1823684,680842,437684,462000,2018211,4498421,3574420,4109368,5665579,7367685,9094105,7659474,5495369,5057684
2025-01-21,1,2844949,2115474,2066843,4206630,4620000,6978631,6224842,4060737,2285684,1945263,2382948,802421,413368,437684,534947,3136738,3161052,2626105,4279579,5203579,6127579,2139789,24316,0
2025-01-22,1,0,194526,316105,437684,1142842,2966526,778105,0,24316,145896,486317,316105,121580,97264,194526,48632,0,0,194526,0,243158,1993895,1386001,826737
2025-01-23,1,437684,194527,72948,0,316105,486316,0,24316,24316,48632,364738,462000,437684,170211,316105,389052,462000,607895,1750737,851053,0,0,0,170211
2025-01-24,1,656526,437684,437684,437684,1069895,1386000,1580526,3209684,2139789,72947,0,145895,437684,437684,437684,437684,437684,1969579,4887473,4401159,5981685,6735474,3525790,3015158
2025-01-25,1,1118526,413368,413368,2066843,1313053,3282632,3574421,3817579,3234000,4109369,4401159,1118526,1580526,1629158,6249157,7124526,6395052,6565262,6054632,8316001,10577369,8316001,6686842,3209683
2025-01-26,1,948316,316105,413368,389052,1993895,5082000,4158000,2747684,1240105,1094210,753789,48632,121579,413368,316105,316105,267474,72948,826737,0,170210,437684,656526,243158
2025-01-27,1,97263,0,0,1677789,5179263,5082000,3647368,9653368,15148736,11549999,12935999,9969474,6978632,10018105,14394947,12936000,13762737,13689789,14832631,15489158,12206527,10528737,9629053,10212631
2025-01-28,1,8510527,7781052,6127579,9653368,12255158,14078843,15027158,14200422,12279475,9167053,10480106,7902632,8948210,8072841,11063685,11744526,12230843,14638105,15683684,14759684,15027158,16242947,14881264,13227790
2025-01-29,1,9556105,10212631,10723263,12984632,13422316,15027159,14540843,14176105,11793158,11306842,11112315,9094105,7975579,7489263,12765789,10796211,12084948,11914738,9969474,10309895,9653368,6151894,4425474,2237054
2025-01-30,1,607894,437684,413368,364737,0,1167158,462000,437685,170211,97263,0,0,0,0,24316,0,0,0,0,121579,1483263,1920948,1896632,1920948
2025-01-31,1,729473,899685,826736,3039474,3379894,5616948,6127579,4887474,3841895,3331264,4741578,1945263,3161052,4644316,8559158,8388948,6905685,8607788,10893473,16996737,16583369,12060631,10164001,12449685
2025-02-01,1,9337.263,9653.37,9385.894,12863.053,13446.632,4255.262,1434.632,5154.948,8583.474,6881.369,6686.842,2528.842,4036.421,3598.737,4255.263,13762.737,11088,12765.789,16753.579,15440.526,7562.211,3063.791,1993.894,1677.789
2025-02-02,1,802.421,559.263,2188.421,2261.368,3744.631,5398.106,5933.053,3623.053,3404.211,2261.368,2431.58,583.579,899.683,1021.263,3890.526,4255.263,3209.685,2796.316,8340.316,9531.789,10626,11890.421,7513.579,8218.737
2025-02-03,1,7319.052,7829.684,8364.632,14370.631,16486.105,18480.001,18042.315,18504.316,18163.896,15926.841,16097.052,13033.263,9239.999,12401.053,15683.685,16388.843,16218.631,15440.526,17531.685,17021.053,15756.632,16072.737,13300.736,13908.631
2025-02-04,1,10407.157,10236.947,10577.368,11622.947,13252.106,14370.632,12911.684,14322.001,13689.79,12182.21,12911.684,9701.999,10480.106,10771.895,12765.79,11501.369,14297.684,14467.895,15221.684,14467.895,13860,12206.527,10236.947,11379.789
2025-02-05,1,9993.789,10212.631,8388.947,10698.948,9507.474,14127.474,14905.579,14881.263,14151.79,13568.21,12255.158,9580.421,8024.211,8267.368,10504.421,12060.632,12595.579,11793.159,6516.631,13665.474,15951.157,13592.526,9361.579,7562.211
2025-02-06,1,5908.736,5592.631,6054.631,8218.737,5616.948,4595.685,4230.947,4474.105,2285.684,3136.736,3574.421,1702.105,1410.316,1775.052,2650.421,4936.104,5082,4255.264,5544,4717.263,3574.421,1702.105,72.947,97.264
2025-02-07,1,437.684,1069.895,2164.105,4060.737,5373.789,8996.842,9142.737,9531.79,12522.631,13519.579,13762.738,11671.579,10164.001,9847.894,12255.158,11622.947,10844.841,7392,10212.631,13884.316,14784,14224.737,14467.895,13689.79
2025-02-08,1,9458.841,8486.211,8194.421,12303.789,12084.947,14783.999,15878.211,15805.263,14103.158,14005.894,12255.157,10796.21,11452.737,11452.737,13349.367,13714.105,13762.737,13568.211,14929.895,15343.264,14735.368,10188.316,7708.105,3817.58
2025-02-09,1,1410.316,1434.631,4887.474,5130.631,7173.158,7951.263,8364.632,5033.368,5519.685,4984.736,5325.158,2601.789,2601.79,3112.421,6249.158,7246.105,5787.158,6784.105,6784.105,7586.527,5860.106,2674.737,1750.737,2237.052
2025-02-10,1,680.842,413.368,389.052,1580.527,3185.368,5373.79,4936.106,4036.421,2674.736,2528.842,2844.948,753.789,389.052,1021.262,4255.262,4911.789,4668.631,4036.421,4182.316,3623.052,3379.895,1604.843,2601.789,2382.948
2025-02-11,1,680.842,97.263,0,0,0,389.052,0,0,24.316,145.895,486.316,316.104,340.421,413.368,413.368,875.369,4838.843,6686.841,8510.526,10066.737,10893.473,9702,12619.894,12717.157
2025-02-12,1,9799.263,7537.894,9118.422,13300.737,14030.21,13154.843,11598.631,6759.789,3525.79,2480.211,2042.527,2164.105,3112.421,4765.894,9458.842,11258.21,14711.053,16048.421,17945.053,18917.684,18844.737,17580.315,17628.946,16753.579
2025-02-13,1,14346.316,13398,14054.526,16315.895,17045.369,19695.79,18261.158,14856.947,9653.369,7392.001,6613.895,3209.684,1045.578,972.631,2699.053,4571.369,5398.105,5446.737,6784.105,5908.736,6565.263,7464.948,5373.789,4571.367
2025-02-14,1,1410.316,462,413.368,3477.158,2917.894,3914.842,3671.684,2650.422,1142.842,72.948,24.316,0,316.105,413.368,389.052,437.684,462,243.158,1191.473,802.421,1313.052,534.948,48.632,0
2025-02-15,1,24.316,0,0,0,0,0,0,0,0,0,0,194.526,340.421,170.211,0,0,0,0,194.526,0,0,0,0,0
2025-02-16,1,0,316.106,389.053,437.684,1799.37,3768.948,3379.895,2917.895,778.106,24.316,243.158,218.843,389.052,437.684,413.368,462,705.159,2091.157,3768.947,4863.158,5714.211,6565.262,9750.631,12376.737
2025-02-17,1,11525.684,13179.158,14565.158,17896.421,18066.632,19403.999,19185.158,19963.262,18966.315,16534.736,14565.158,9458.843,4255.263,1896.632,8753.685,9653.368,14321.999,15197.369,15732.315,16802.211,17993.684,15367.58,15246,15659.369
2025-02-18,1,12668.526,12546.948,13008.948,16072.737,15659.37,17507.368,17872.106,19136.527,16559.053,16048.421,14613.789,12036.316,6978.631,3598.736,7537.896,12401.053,16048.422,15902.526,19136.527,18139.579,20109.157,18285.474,16461.789,16972.422
2025-02-19,1,13714.105,12814.42,12425.368,14832.631,15659.369,14808.316,15051.473,14346.316,14249.053,14905.579,14613.789,10844.842,5033.368,4303.895,9483.158,10869.157,15197.368,17215.579,17434.42,19087.894,16680.631,15100.106,11112.316,11744.526
2025-02-20,1,8121.473,8170.106,8680.737,11841.789,11647.263,13592.526,13543.895,9653.369,10309.896,9629.052,9750.632,6297.789,6030.316,5811.474,9458.842,10966.422,13470.948,15902.526,18334.105,17799.158,18358.422,15489.158,14808.317,14978.526
2025-02-21,1,11914.737,11112.317,11185.263,14589.475,15051.473,17191.262,19087.895,16267.263,12376.736,11306.843,12595.579,9167.053,2455.895,3136.736,9823.578,11039.369,15027.157,16388.842,16826.526,16826.526,11768.842,9288.631,5252.211,5519.683
2025-02-22,1,3598.737,3209.684,3088.104,6127.578,6249.157,8802.315,8875.263,8996.843,9167.053,6370.736,3817.58,5325.159,3744.633,4765.894,8388.948,10261.263,10042.421,10091.053,11598.631,10747.578,10893.473,10796.21,9993.79,10698.947
2025-02-23,1,8486.211,8267.369,8948.21,12230.842,12571.263,16631.999,16680.631,15416.211,14200.42,10358.526,10164,8607.79,9191.369,10796.211,14103.158,13568.21,14783.999,15246,15999.789,17434.422,17750.527,15975.473,15221.685,16194.316
2025-02-24,1,13033.263,10625.999,10309.896,13130.526,15002.842,16388.841,16097.053,14686.737,12084.947,11209.579,9702,7781.053,6954.316,6613.895,10771.894,11622.948,13081.895,12935.999,14394.948,15513.474,11209.58,7221.79,2942.211,2917.894
2025-02-25,1,1094.21,413.368,437.684,1677.789,2382.948,2893.578,2480.211,2188.421,656.527,0,0,0,72.948,72.948,48.632,24.316,0,24.316,0,0,0,0,24.316,24.316
2025-02-26,1,121.58,243.159,291.79,462,1920.947,2942.21,2431.578,1945.263,1702.104,1702.105,1945.264,656.526,437.684,462,462,437.684,437.684,705.159,1361.684,1580.527,1507.58,510.632,48.632,0
2025-02-27,1,0,0,0,0,0,0,145.895,1969.58,1264.421,1118.527,0,559.263,2115.474,3574.422,4717.263,5398.105,6078.948,5106.316,3379.895,3574.421,5252.21,6249.158,12449.684,9361.578
2025-02-28,1,5106.316,3696.001,2869.264,2504.526,534.948,1167.158,1410.316,1629.158,1021.263,0,0,0,170.212,389.052,72.948,97.264,437.684,267.474,218.842,413.368,291.79,2237.053,5154.948,6322.106
2025-03-01,1,2139.79,2115.473,1604.842,4328.211,5641.264,5325.158,7294.738,9045.474,6759.79,9653.368,11331.158,9580.421,6589.578,6492.315,9531.79,8437.579,5300.842,4328.21,5519.684,4790.211,3963.474,4158,5665.579,5689.894
2025-03-02,1,2650.421,3379.895,4401.158,5835.79,4717.264,4230.948,4109.369,3209.684,2115.474,753.791,1167.157,583.579,1264.421,1823.684,2528.842,2528.842,4279.579,9021.158,12498.316,9993.789,10990.737,12911.684,12474,12911.684
2025-03-03,1,7270.421,1969.579,1604.842,364.737,1313.053,607.895,97.263,0,0,0,0,0,170.211,72.948,510.632,0,340.422,316.106,875.369,24.316,0,0,0,0
2025-03-04,1,0,0,0,0,0,0,413.369,948.315,1410.316,948.316,0,0,0,364.737,3088.106,4595.685,6395.053,5860.105,3720.316,1507.579,2261.369,1069.895,121.579,0
2025-03-05,1,0,0,267.474,437.684,1118.526,3185.368,3452.842,486.316,413.369,1872.316,3768.947,1556.211,462,413.368,437.684,1288.736,729.475,2990.842,4012.105,4401.159,3428.526,3623.053,2528.843,3282.632
2025-03-06,1,899.684,413.368,559.263,875.368,3063.789,6930,6443.685,7975.579,6686.842,8948.211,11793.158,9094.106,1458.947,1264.42,4936.105,9483.158,13252.104,14078.842,15270.316,13008.948,13446.631,9312.948,5738.527,10382.841
2025-03-07,1,2772,1969.579,1118.527,1677.789,2650.421,3768.948,5325.158,3914.842,1726.421,0,24.316,0,0,48.632,437.684,145.895,145.895,1507.579,2626.105,632.211,24.316,0,1361.684,243.158
2025-03-08,1,0,0,0,0,0,48.632,0,1094.211,1045.58,2674.737,1531.895,656.526,364.737,267.474,340.421,72.948,97.263,729.473,2261.368,1337.368,972.632,218.842,24.316,753.789
2025-03-09,1,559.263,437.684,437.684,413.368,656.527,4717.264,4595.684,3501.474,2115.474,1945.264,1823.684,510.632,0,0,389.053,462,413.368,0,1167.158,145.895,0,0,0,0
2025-03-10,1,0,24.316,389.052,24.316,0,389.052,0,0,0,0,0,0,0,0,0,0,0,0,875.368,1823.685,1823.686,0,0,0
2025-03-11,1,0,0,0,0,0,0,0,97.263,0,0,0,0,0,0,0,0,0,0,170.211,97.263,851.053,729.474,218.842,0
2025-03-12,1,0,437.684,437.684,364.737,72.947,753.79,705.158,389.054,0,0,0,0,0,0,24.316,72.948,0,145.895,267.473,1556.211,1531.895,2553.158,3428.526,3671.685
2025-03-13,1,1653.474,2042.527,3379.895,8170.105,8097.158,11841.79,15343.264,13616.843,7197.473,194.526,2091.158,753.789,437.684,291.789,1458.948,583.579,2893.579,0,1434.631,1702.105,1434.632,534.948,924,267.474
2025-03-14,1,0,0,0,364.737,1604.842,2796.315,1361.685,948.317,0,0,0,0,24.316,48.632,437.684,437.684,194.526,0,1167.158,899.685,0,0,72.947,340.421
2025-03-15,1,364.737,437.684,437.684,437.684,5203.579,8753.684,10504.421,5835.789,8364.632,8802.316,9896.526,5860.106,3015.158,4012.105,5568.316,6419.369,7246.106,9215.684,13252.105,14200.42,10091.053,8097.159,7610.843,5811.474
2025-03-16,1,1653.474,3039.474,1410.315,3161.053,5762.842,10236.947,10771.896,13932.947,14127.474,14589.473,10674.631,7756.737,4036.42,7100.211,14467.895,14249.053,11428.42,11501.368,14540.842,13835.684,14054.526,15440.526,13300.737,13519.579
2025-03-17,1,11768.843,11671.579,12474,14808.315,14200.421,15537.79,15999.789,15586.421,12717.157,9531.789,9458.843,8121.474,2699.053,413.368,4668.632,8145.79,7075.895,4060.737,3428.527,1872.316,1386,583.579,24.316,145.895
2025-03-18,1,413.368,437.684,413.368,3671.684,5130.631,6857.052,11720.21,11428.42,13641.157,13957.264,14565.158,11306.843,10261.263,11841.789,15562.105,15805.263,16291.58,16291.58,18261.158,18115.264,17191.263,17872.105,17166.949,17021.053
2025-03-19,1,14613.789,13568.211,14249.053,15756.632,13762.737,11963.368,7270.421,5373.789,4741.579,3452.842,3525.79,1094.21,972.632,534.947,4230.947,4960.421,5592.631,6249.158,7294.736,6492.317,5033.368,3331.264,1410.315,753.79
2025-03-20,1,145.895,24.316,24.316,0,0,0,24.316,194.527,170.21,948.316,1264.421,607.894,437.684,437.684,437.684,413.368,1410.315,802.42,1385.999,1823.685,2699.053,2358.631,1945.264,2553.158
2025-03-21,1,826.737,437.684,413.368,2066.842,4449.789,6103.263,5689.895,4547.053,2261.368,559.264,194.527,72.948,0,48.632,316.105,364.736,413.368,291.79,534.947,24.316,48.632,72.948,72.948,267.473
2025-03-22,1,316.105,72.948,24.316,72.948,0,121.579,267.474,243.158,170.212,413.368,97.264,0,0,0,194.527,437.684,437.684,389.052,1288.738,291.79,24.316,121.579,291.79,437.684
2025-03-23,1,559.263,72.948,24.316,194.526,97.264,218.842,0,0,0,0,0,24.316,0,0,145.895,291.789,413.368,705.158,2358.632,4206.631,3452.843,1896.633,2966.527,2577.474
2025-03-24,1,559.263,437.684,437.684,291.789,1021.263,1580.527,1702.105,729.474,826.736,1313.053,1288.736,632.21,413.368,437.684,437.684,413.368,413.368,1434.633,3890.527,3525.79,2844.948,3720.316,3161.053,1872.315
2025-03-25,1,510.631,267.474,24.316,0,0,72.947,243.158,875.369,1142.841,1167.157,1240.105,486.315,243.158,389.053,437.684,437.684,437.684,1337.369,4109.368,1580.527,0,0,0,24.316
2025-03-26,1,194.527,267.474,97.263,0,194.527,1386,1531.895,3744.632,3428.526,3817.579,4352.527,924,413.368,1191.474,5689.895,6589.579,8364.631,12376.737,16145.684,17993.684,18163.895,17556,15318.947,15051.474
2025-03-27,1,11452.737,10236.948,9118.421,11817.474,11306.842,10917.79,9094.105,6419.369,4814.526,1604.842,607.895,194.526,316.105,243.159,218.842,316.105,413.368,9531.789,14030.211,17142.632,18480.001,17556.001,16923.79,17312.842
2025-03-28,1,14249.052,14297.684,13884.316,17045.368,17531.685,18844.737,19136.526,18942,17604.631,15853.896,12328.105,996.947,364.736,413.368,1288.736,6370.736,5471.053,17872.106,19306.737,15805.264,13811.369,11793.158,8948.211,6078.947
2025-03-29,1,1823.684,510.632,437.684,437.684,1969.58,4498.421,4936.106,4522.737,3647.37,4230.947,2626.105,1167.158,753.789,1458.948,3550.106,5398.105,5276.526,11112.316,14151.789,12936,14784.001,13568.211,12571.262,11185.263
2025-03-30,1,7246.105,6030.316,4425.474,6054.631,5082.001,6613.895,5835.789,4498.421,4401.158,4328.211,1556.21,145.895,0,48.632,413.368,826.737,1580.526,3550.105,2674.738,3161.053,2310,2480.211,2869.263,2528.843
2025-03-31,1,875.369,802.421,899.684,2188.421,1507.579,1945.264,2164.105,1750.738,583.579,462,972.631,656.527,607.896,534.948,534.947,559.264,462,1118.526,1896.632,1677.789,2796.316,2066.842,1240.106,1823.684
2025-04-01,1,705.158,413.368,413.368,2504.527,4498.421,4012.105,5130.632,5762.842,3866.21,2699.053,2310,802.421,437.684,413.368,1750.736,4498.421,5033.367,4863.157,5130.632,3185.368,3209.684,4230.946,2990.841,2893.579
2025-04-02,1,996.947,437.684,437.684,291.789,243.158,3841.895,3185.368,2820.632,1677.789,1167.158,1045.579,461.999,364.737,462,437.684,437.684,462,1823.685,4376.842,2261.369,3136.736,2115.474,2285.685,1604.842
2025-04-03,1,753.789,437.684,413.368,1945.264,5325.157,7537.894,7586.527,6151.895,4449.79,4449.79,5057.684,1337.368,437.684,437.684,437.684,1507.578,1507.579,875.367,1458.947,1531.895,1361.684,632.211,0,0
2025-04-04,1,0,0,0,0,0,48.632,218.842,48.632,24.316,0,0,0,0,0,72.948,194.526,0,0,24.316,0,486.315,3574.421,6686.841,9653.368
2025-04-05,1,5762.842,7853.999,8826.632,10990.737,12619.896,14467.896,12765.79,8534.842,9118.421,6346.421,5616.947,1386,437.684,437.684,316.105,437.684,340.421,170.21,1458.948,1458.948,972.631,1993.895,2261.369,4255.263
2025-04-06,1,1191.474,510.632,826.737,3914.842,3355.579,3063.788,3939.158,4109.368,2237.052,1872.316,340.421,0,0,24.316,291.789,462,437.684,1507.579,2310.001,1045.579,0,0,72.948,48.632
2025-04-07,1,0,0,0,48.632,121.579,48.632,218.843,632.212,972.631,680.842,1142.842,607.894,437.684,437.684,437.684,413.368,437.684,1629.158,4206.632,5860.105,6905.684,5592.632,5252.21,6127.579
2025-04-08,1,4085.053,4036.421,4085.053,5446.737,5373.789,5835.789,5787.158,5446.737,3890.526,2480.21,1556.21,559.262,364.736,413.368,437.684,291.789,0,121.579,1458.947,1386,2164.105,3015.159,3550.104,3355.578
2025-04-09,1,559.262,291.789,0,0,0,1458.949,1653.474,1604.842,364.737,583.579,1045.579,705.158,437.684,437.684,875.369,413.368,1531.895,4158,4303.895,3234.001,3939.158,4498.421,4547.052,3623.052
2025-04-10,1,1118.526,413.368,243.158,0,0,1142.842,364.737,607.895,826.737,632.211,1094.211,607.895,437.684,437.684,437.684,437.684,1458.947,2480.21,5811.473,6881.368,7416.316,6006,5689.894,5592.632
2025-04-11,1,1434.631,437.684,437.684,729.474,1118.527,1920.948,1677.79,1458.948,607.895,24.316,170.211,0,121.58,97.264,97.263,0,0,0,48.632,680.842,5276.526,3136.737,5933.052,12084.948
2025-04-12,1,8364.632,8194.422,9458.842,13349.368,14176.106,16388.843,17701.894,16802.211,15829.579,15586.421,14808.316,10091.052,9045.474,10480.105,13008.948,10431.473,8121.474,9434.526,12425.367,14856.947,10212.631,11258.21,14613.79,15999.79
2025-04-13,1,13714.105,12522.631,12474,15027.158,13762.737,12984.631,13081.895,11598.631,10042.42,6322.105,5130.631,1142.843,1434.633,680.843,3501.474,4060.737,4060.737,5860.105,6857.053,4109.368,2504.527,705.157,2577.474,8753.684
2025-04-14,1,9677.683,8705.053,8072.843,7416.316,7513.579,4668.632,4060.737,4328.211,2310,1629.158,3404.211,1848,3039.474,4206.633,7975.578,7586.526,8607.789,10869.157,13835.685,13592.526,15805.264,15124.421,15562.105,15951.158
2025-04-15,1,12935.999,12157.894,12109.263,13932.947,12206.526,12790.106,9167.053,7221.789,4668.632,2261.368,1094.21,632.21,437.684,462,437.684,316.105,243.158,72.948,1142.842,1142.842,0,0,0,0
2025-04-16,1,0,24.316,243.158,462,1069.894,2042.526,1629.158,1531.895,2066.843,2650.421,2844.947,924,899.685,1118.525,5738.526,7391.999,7951.263,8778,12084.948,13057.58,13859.999,13373.684,14467.894,14467.894
2025-04-17,1,11768.843,10942.105,10212.631,12790.106,12984.632,13592.527,12376.737,11136.632,10917.79,10091.052,9702,6808.421,5714.211,5325.157,7829.683,7951.263,8243.052,10504.42,13130.527,14200.421,16194.316,13762.737,14467.895,10115.369
2025-04-18,1,4547.052,1288.737,1848,6078.947,6297.791,7635.158,6832.737,6297.789,3452.843,2650.421,3258.316,899.684,413.368,194.528,218.843,437.684,389.052,1872.315,3939.158,5446.737,3963.474,3404.21,6054.631,11160.948
2025-04-19,1,7513.579,7732.421,8461.894,8388.947,6273.474,7294.736,9507.474,9094.104,12182.21,12741.474,13519.58,10553.053,8705.052,9021.157,13568.211,12498.317,11088,10285.578,15343.263,17872.104,18577.264,14759.684,14929.895,14249.053
2025-04-20,1,6589.578,3306.946,2261.369,5398.106,3963.474,4230.948,2358.632,1386,656.527,24.316,364.736,24.316,340.421,413.368,145.895,194.527,24.316,0,1142.842,534.947,0,583.579,291.79,0
2025-04-21,1,218.842,316.105,0,0,0,1118.526,778.105,1677.789,0,291.789,3477.157,1848.001,2188.422,3039.473,8291.684,9580.422,9385.894,9653.369,13811.368,14370.631,14394.947,13616.842,12376.737,13325.052
2025-04-22,1,13519.579,12644.211,11331.159,16315.895,15951.158,15756.632,18455.685,17021.053,16194.317,12887.368,7853.999,2747.684,437.684,145.896,0,0,0,0,1118.527,1434.632,1920.948,4741.58,6881.368,7148.842
2025-04-23,1,7683.79,5543.999,4522.736,8340.316,7513.579,10796.21,7999.895,3696,2480.211,1993.895,656.526,0,0,0,0,24.316,0,0,0,0,0,0,0,0
2025-04-24,1,0,0,0,218.842,3258.316,2601.79,24.316,145.895,0,194.526,0,291.789,145.896,437.684,437.684,437.684,413.368,3088.104,3817.579,4352.526,5154.948,8194.421,10917.79,14540.841
2025-04-25,1,12644.21,12692.842,14394.946,17434.422,13349.369,11258.211,14394.948,13932.948,7513.579,5398.105,7173.158,2626.105,559.263,437.684,2577.473,4182.316,5884.422,5957.368,9774.948,10942.106,10796.21,9337.263,6613.896,5519.684
2025-04-26,1,1386,437.684,413.368,1945.264,3914.842,5860.105,5689.894,4449.79,2650.421,1580.527,121.579,0,145.895,364.736,413.368,267.474,0,0,534.947,0,0,0,0,0
2025-04-27,1,0,0,0,121.58,1021.263,1823.683,2431.579,2650.421,2553.159,2237.054,2699.053,1264.421,413.368,899.684,2990.843,2893.579,3234,996.947,1458.947,2237.052,1434.632,607.895,583.579,2674.736
2025-04-28,1,1215.789,121.579,364.737,437.684,2212.736,5203.579,4863.158,2212.737,1726.421,2139.789,2990.841,948.316,437.684,462,413.368,437.684,2237.052,6905.685,10917.79,11331.158,11793.159,7805.368,10188.316,8899.579
2025-04-29,1,5568.315,4158,1823.684,4522.736,5592.632,6759.789,6249.158,5616.948,3695.999,1677.789,1604.842,680.842,291.789,97.264,24.316,24.316,0,0,413.369,24.316,0,0,0,389.053
2025-04-30,1,583.579,437.684,437.684,437.684,559.264,2261.369,2310,1045.579,534.947,1361.684,1556.212,680.842,413.368,437.684,1458.947,4230.947,4012.106,4668.631,8291.685,11525.684,16656.316,16972.422,17580.316,17191.263
2025-05-01,1,13252.104,12936.001,13252.105,14662.421,14467.894,15708,17069.685,16607.685,13835.685,11258.21,10528.737,7610.842,8364.632,12498.315,9337.263,924,1264.421,48.632,0,0,194.527,2553.158,4547.053,5519.684
2025-05-02,1,8364.631,8486.21,7294.737,8024.21,10236.948,12960.316,10601.684,6735.473,6370.738,6127.579,4133.685,1118.526,437.684,462,437.684,413.368,437.684,1483.262,1629.158,1531.895,1677.79,1872.316,1410.315,607.895
2025-05-03,1,656.526,1920.947,4522.736,10698.948,14881.263,16899.474,18188.21,17434.42,17385.789,15124.421,11282.527,7829.684,3258.316,1021.263,753.789,2650.421,7367.684,14686.737,18820.421,17604.632,16388.842,14735.369,9410.21,14565.157
2025-05-04,1,10407.158,7221.789,6443.684,8291.683,8291.683,7319.053,6006,3574.421,2674.737,2942.21,2382.948,389.053,0,97.263,462,583.58,510.632,972.632,1775.053,1337.368,656.526,875.368,656.527,24.316
2025-05-05,1,0,0,24.316,97.263,1580.526,1775.053,2528.842,4133.684,1434.631,6565.264,10942.106,8607.791,4352.526,437.683,170.211,24.316,486.316,0,1896.631,12887.368,14954.211,1288.737,3355.579,170.211
2025-05-06,1,121.579,0,0,0,0,0,0,0,0,0,0,170.211,97.263,389.053,413.368,534.948,680.843,2382.947,3939.158,4692.947,3306.948,2650.422,2018.211,1410.315
2025-05-07,1,656.527,607.896,462,510.632,1556.21,3404.211,3744.632,2577.474,194.526,0,48.632,0,24.316,24.316,24.316,0,0,0,0,0,0,0,340.422,316.105
2025-05-08,1,0,0,0,0,0,121.579,1629.159,1045.579,0,1094.211,2820.631,1167.159,656.528,924.001,3088.105,4547.053,3574.42,5179.263,7075.894,12936,18358.421,17993.684,18042.316,17361.474
2025-05-09,1,14516.526,8680.738,13033.264,11963.369,16145.685,15489.158,9240,12449.684,11404.105,15391.895,15586.421,8923.894,11817.474,11355.474,9993.79,5154.947,3015.158,2820.631,3525.789,3939.158,5154.948,3890.526,6492.316,5519.685
2025-05-10,1,4765.895,3258.316,6322.104,10091.053,8388.948,4352.526,3039.473,2942.21,2382.948,656.526,1045.579,1750.737,534.948,462,753.79,1969.578,3793.264,3841.895,4230.948,2747.684,2042.527,705.158,583.579,607.894
2025-05-11,1,778.106,510.632,462,437.684,534.948,1677.79,1507.58,413.369,0,0,0,24.316,121.58,72.948,72.948,145.895,316.104,97.263,72.948,0,0,0,121.579,145.896
2025-05-12,1,97.264,72.948,0,24.316,0,0,0,0,0,243.158,778.106,607.895,437.684,607.896,705.158,1118.526,1069.895,559.263,1361.684,1313.053,1021.263,364.738,972.632,1507.579
2025-05-13,1,875.369,510.632,705.158,2966.526,4644.315,5154.947,4036.42,2626.105,1021.264,583.58,656.527,486.316,462,437.684,462,437.684,437.684,1191.474,2261.368,4692.947,5252.211,8826.631,11136.632,13932.946
2025-05-14,1,8534.843,6832.736,6978.632,8437.579,8072.842,8388.947,7805.369,6370.736,5616.947,6249.158,7100.211,4230.946,2237.053,2261.369,8316.001,10382.843,10480.106,10844.842,15659.369,14881.264,12619.895,9410.21,8340.316,7489.263
2025-05-15,1,5738.526,4863.157,6005.999,8607.79,6516.631,7975.579,8072.842,7610.842,5300.843,5082,4692.947,3452.842,3161.053,3452.842,2601.789,2869.264,3720.316,2650.421,4206.632,4498.421,3695.999,3963.474,3768.947,6759.789
2025-05-16,1,5933.052,5568.317,5544,6224.842,6516.632,9483.157,6735.473,10723.263,11939.052,9993.788,5981.684,6613.896,8680.737,10212.631,15318.948,13349.368,11404.107,13106.211,15999.789,15805.264,16315.895,10771.896,9215.684,6589.579
2025-05-17,1,1969.579,413.369,48.632,0,0,1045.579,1507.579,583.579,559.264,24.316,97.263,121.579,0,0,0,0,0,0,0,0,0,48.632,24.316,145.896
2025-05-18,1,413.368,413.368,607.896,1410.316,2528.843,5762.842,5689.895,6103.263,5252.211,4133.685,4814.526,1191.475,559.264,437.684,316.105,413.368,218.842,0,899.684,1167.156,486.315,0,0,0
2025-05-19,1,0,0,364.737,559.264,2237.053,4352.527,3793.264,3428.526,3355.579,2699.052,3209.684,1337.37,1458.946,1848,5252.211,5933.052,8048.527,9726.315,13300.736,15440.525,12863.052,11817.473,12012,10480.105
2025-05-20,1,7100.21,7392,6054.632,5349.474,5130.631,4182.315,3963.473,4328.211,3914.842,2382.947,1483.263,680.842,632.212,1142.841,2285.684,2577.474,2188.42,2310.001,7100.21,14394.947,17726.211,13276.421,14322,15051.473
2025-05-21,1,9118.422,7367.684,5544,4741.579,2966.527,2237.053,1094.211,2018.211,413.369,218.842,0,145.895,559.264,170.211,48.632,0,24.316,0,899.685,1264.421,1653.474,3039.473,3452.842,5325.158
2025-05-22,1,4279.579,3063.79,3258.316,3696,1629.157,5471.052,6273.473,5081.999,2091.158,2407.262,1848.001,705.158,389.052,48.632,0,0,0,97.263,1531.894,24.316,24.316,0,316.106,1045.58
2025-05-23,1,72.948,0,0,0,0,0,0,0,0,0,0,0,0,0,0,0,0,0,0,0,0,0,0,48.632
2025-05-24,1,0,121.579,97.263,0,389.053,5471.053,6735.474,5981.685,7148.843,7829.684,5568.316,2261.369,4109.369,3452.842,4133.684,4644.316,5665.578,5009.052,5106.316,4717.263,4571.368,2650.422,1386,1483.263
2025-05-25,1,1142.842,1069.894,1896.631,3914.842,3209.684,4279.579,6711.158,4911.789,4498.421,3963.474,3501.474,802.421,413.368,437.684,437.684,437.684,486.316,729.474,2066.841,2066.843,2285.684,1896.631,1872.316,1507.578
2025-05-26,1,413.368,437.684,170.211,218.842,48.632,729.474,48.632,24.316,0,0,0,0,0,170.212,267.474,218.842,291.789,267.474,72.948,72.948,48.632,0,0,0
2025-05-27,1,0,0,0,170.21,291.789,656.527,486.316,0,0,0,0,0,170.21,291.788,218.842,170.21,121.579,705.158,1167.157,462,364.738,291.788,705.158,1264.42
2025-05-28,1,607.895,462,267.474,48.632,948.316,4012.105,705.158,607.895,97.263,0,0,0,0,0,0,0,0,0,0,24.316,0,24.316,364.737,316.105
2025-05-29,1,48.632,0,0,0,0,0,0,0,0,0,0,0,121.579,510.632,389.053,97.263,510.632,1410.316,2771.999,2723.368,2334.315,1167.159,97.263,0
2025-05-30,1,0,0,194.526,607.896,2650.421,2626.105,2674.738,3331.264,1313.052,972.632,632.211,510.631,437.684,413.368,413.368,413.368,291.789,145.896,1580.526,2650.42,1629.158,170.21,0,0
2025-05-31,1,0,24.316,0,0,0,24.316,0,0,0,0,0,0,0,24.316,48.632,0,0,0,48.632,0,0,0,0,0
2025-06-01,1,0,0,0,0,0,0,0,0,0,0,194.526,218.843,316.105,291.79,413.368,121.579,48.632,24.316,462,0,705.158,1313.053,2747.684,2796.317
2025-06-02,1,705.158,437.684,437.684,486.316,1313.053,5349.474,5835.789,3817.579,170.21,948.317,24.316,0,24.316,194.526,145.895,0,0,0,291.789,0,0,0,0,972.631
2025-06-03,1,316.105,437.684,486.316,4595.684,10674.632,12255.159,14297.684,11744.527,11258.211,11866.106,11404.106,5081.999,1021.263,389.052,413.368,826.737,4036.421,4571.369,6078.948,6395.052,4133.684,534.947,0,0
2025-06-04,1,0,0,0,0,0,0,0,0,48.632,340.422,170.211,340.421,413.368,413.368,437.684,389.052,705.158,1653.473,3914.842,3428.526,3452.842,2528.842,2018.21,1702.104
2025-06-05,1,753.79,437.684,462,462,778.106,1823.685,1434.632,0,0,0,0,0,0,72.948,0,0,24.316,364.736,583.579,972.632,2018.21,2674.737,3258.316,2844.947
2025-06-06,1,1069.895,437.684,437.684,413.368,1386,3112.421,3744.632,3963.474,2553.159,1507.579,1799.368,802.421,413.368,437.684,413.368,924,1775.052,972.631,3161.052,6662.525,9021.158,5300.842,4984.737,7270.421
2025-06-07,1,2966.526,2942.21,3331.263,5689.894,5009.052,5325.157,4838.841,5592.632,3720.317,2747.683,2091.158,2480.21,2358.631,5130.632,6322.105,4352.525,1045.579,607.895,2747.684,5714.21,6176.21,4158,2820.632,1385.999
2025-06-08,1,924,1848,607.895,1848,924.001,145.895,316.105,145.895,218.842,1167.158,875.369,0,24.316,2237.053,3452.842,1069.895,462,851.052,2285.685,1483.263,1604.842,24.316,24.316,413.368
2025-06-09,1,48.632,0,0,0,24.316,24.316,0,0,0,0,0,0,0,729.474,0,0,0,0,0,48.632,0,0,243.158,24.316
2025-06-10,1,0,24.316,194.526,437.684,364.737,0,72.947,267.473,72.948,72.947,24.316,0,0,1410.316,559.263,0,0,0,0,0,680.842,1580.526,753.789,413.368
2025-06-11,1,413.368,510.631,1799.368,1848,1702.105,948.316,218.842,1069.895,1458.947,462,753.79,1507.579,1556.21,2893.579,3355.579,1531.894,243.159,0,0,680.843,0,0,0,0
2025-06-12,1,0,0,72.947,413.368,364.737,145.895,267.474,218.842,291.79,97.263,364.737,389.052,48.632,1434.631,1410.316,0,0,0,0,24.316,48.632,267.474,2577.474,267.473
2025-06-13,1,194.527,364.736,559.263,0,170.211,899.684,194.526,145.895,632.21,1045.579,2528.843,3282.631,4668.632,7513.579,8778,8510.526,7270.42,10164,9021.158,13860,16072.737,14103.158,11987.684,11282.527
2025-06-14,1,12109.264,12765.79,14151.79,13835.685,13398,14808.317,14467.894,12960.316,10577.368,5154.947,1556.21,243.158,0,1434.631,2869.263,1775.053,461.999,316.105,24.316,1045.58,24.316,0,0,0
2025-06-15,1,0,0,0,0,0,194.526,413.368,729.473,1458.947,2626.105,2285.685,2431.579,3112.421,4474.106,4692.948,3306.948,1702.105,1142.842,2310,5106.315,4133.683,6224.842,3720.316,2237.052
2025-06-16,1,875.368,1848,656.526,413.369,656.526,145.895,72.948,194.526,121.58,0,486.316,1337.369,1483.263,3404.211,3890.526,2261.368,680.842,413.368,2188.422,5665.579,7708.105,7367.684,6322.105,5665.579
2025-06-17,1,4595.684,6030.316,5592.632,7148.843,7902.632,5787.158,5835.789,6735.474,6103.264,4328.211,3477.158,1920.947,1750.737,2893.578,2212.738,462,0,0,0,729.474,0,72.948,437.684,413.368
2025-06-18,1,121.579,0,0,0,0,0,194.526,0,0,0,121.579,316.104,1118.526,2285.684,1069.895,340.421,194.527,218.842,534.948,2358.631,4401.157,5398.105,5179.263,5884.42
2025-06-19,1,4036.421,5616.948,8121.474,9045.475,9677.685,10480.106,10650.316,10309.894,9969.474,10723.263,10212.632,7781.052,7878.316,8170.105,8996.841,8413.263,5933.052,6103.263,6638.211,10455.79,11258.21,8972.525,6200.527,5811.474
2025-06-20,1,8486.211,10674.631,13714.106,12668.527,13689.789,13203.474,13106.212,14322.001,13859.999,14443.579,13276.421,11695.895,12425.368,14273.369,13495.263,11647.263,9288.631,8534.842,10504.421,13057.579,15513.475,13957.264,11185.263,11379.789
2025-06-21,1,10042.421,11404.106,11890.421,12960.315,13154.843,13470.947,12936,12619.895,13179.158,12060.631,11404.106,9337.263,8899.579,10917.79,9945.159,6516.632,2796.316,705.158,2626.105,6954.315,7781.053,6954.316,3720.315,1726.421
2025-06-22,1,291.789,0,0,121.579,413.368,1580.526,3088.105,3282.631,2310.001,778.106,364.737,1750.738,1313.053,1604.842,1775.052,364.737,0,0,705.158,948.316,0,0,0,0
2025-06-23,1,24.316,243.158,0,0,0,48.632,267.473,0,0,0,0,0,0,462,0,0,0,0,0,72.948,0,0,0,0
2025-06-24,1,0,0,48.632,364.737,389.052,267.474,413.368,413.368,705.158,2650.42,3234,2164.105,2188.421,4425.474,5641.263,5057.684,2990.842,1823.684,3112.421,4474.105,3282.633,996.948,243.159,316.104
2025-06-25,1,72.948,0,0,0,0,24.316,0,0,24.316,194.527,97.264,72.948,0,534.948,0,0,0,0,0,97.264,0,0,0,97.263
2025-06-26,1,0,0,0,0,0,0,0,0,0,0,0,0,0,48.632,0,0,0,0,0,0,0,72.947,486.316,413.368
2025-06-27,1,413.368,24.316,97.263,413.368,389.052,413.368,413.368,48.632,24.316,170.211,364.736,413.368,218.842,1993.895,3136.736,972.632,510.631,389.052,1069.895,2796.316,2237.052,2407.263,826.736,413.368
2025-06-28,1,389.052,802.421,2139.789,2066.842,1458.947,145.895,72.948,48.632,462,194.527,778.106,924.001,778.106,2480.211,3136.737,1677.789,486.315,389.052,802.422,2358.631,1167.158,1045.58,486.315,389.052
2025-06-29,1,413.368,389.052,389.052,413.368,1045.579,1458.948,802.421,1240.105,1215.789,1069.895,1215.789,1458.947,1604.842,3039.474,3355.578,2334.316,705.158,389.052,1677.79,3841.895,4717.263,3501.474,1629.158,1483.263
2025-06-30,1,559.262,2261.368,3088.105,3234.001,3768.948,3744.631,3209.685,2139.789,1264.421,1167.157,1920.947,1993.895,1775.053,2455.895,2577.474,1240.105,462,389.052,1167.158,2844.948,2309.999,1920.948,705.157,437.684
2025-07-01,1,1021.263,2261.368,1775.052,1021.264,1361.684,2212.736,1653.474,1677.79,1556.211,2188.421,2504.528,2188.421,1386,2893.579,2942.209,948.316,170.212,316.104,364.737,899.685,48.632,340.422,486.316,389.052
2025-07-02,1,413.368,389.052,389.052,486.315,607.895,778.106,1337.368,1580.527,1410.316,1094.21,1385.999,1507.579,1288.737,1920.947,1993.895,413.368,48.632,170.211,48.632,826.737,364.737,656.527,534.947,413.368
2025-07-03,1,413.368,389.052,389.052,389.052,875.368,2164.105,2115.473,851.053,0,218.843,729.474,851.052,753.789,2310,3574.421,1288.738,705.159,1337.368,1629.158,2528.843,1726.42,1702.105,729.473,389.052
2025-07-04,1,389.052,583.578,1823.684,1775.052,1629.158,1848,1653.473,948.316,486.316,607.895,996.947,1021.264,1653.473,3234,3696.001,2237.052,680.842,364.736,1434.632,3161.053,3574.421,1775.052,632.21,389.052
2025-07-05,1,389.052,486.315,1799.368,1702.105,924,851.052,1094.21,851.052,875.369,583.58,1069.894,1386.001,1458.948,2504.527,2601.789,1167.158,534.947,389.052,389.053,2115.475,972.632,851.052,437.684,413.368
2025-07-06,1,389.052,413.368,389.052,413.368,364.736,413.368,389.052,389.052,413.368,486.316,632.212,316.105,267.475,1580.527,2066.842,899.685,413.368,389.052,534.948,1677.79,72.948,24.316,194.526,194.527
2025-07-07,1,24.316,121.58,97.264,0,0,0,0,0,0,0,0,0,0,145.895,0,0,24.316,0,0,0,0,0,0,0
2025-07-08,1,0,0,0,97.263,0,0,0,0,0,0,0,0,0,1240.105,437.685,267.474,72.948,145.895,0,121.579,607.895,0,0,340.42
2025-07-09,1,0,0,0,0,0,0,0,0,0,0,0,24.316,0,243.158,0,0,0,0,24.316,0,0,24.316,267.473,316.105
2025-07-10,1,243.158,24.316,24.316,0,0,0,97.264,48.632,0,0,0,218.842,24.316,1118.527,899.684,2747.684,1386,510.631,243.159,1945.264,1556.211,0,0,0
2025-07-11,1,0,291.789,24.316,0,0,0,0,194.526,218.842,0,0,0,24.316,534.947,194.526,364.737,267.474,0,0,145.895,0,0,0,0
2025-07-12,1,0,0,0,0,0,0,0,97.263,48.632,0,0,0,0,48.632,0,0,0,0,0,0,0,0,0,0
2025-07-13,1,0,0,0,0,0,316.105,413.368,413.368,413.368,1215.789,778.105,1337.369,1823.684,3404.211,3817.58,2261.368,729.473,389.052,1531.895,3379.896,3768.948,1848,705.157,413.368
2025-07-14,1,413.368,607.894,1848,1848,1848,1872.316,1848,1799.368,1726.42,1483.263,1361.684,1726.421,1823.684,3379.895,3793.264,2237.052,680.842,413.368,1507.579,3331.264,3306.947,1531.895,680.842,413.368
2025-07-15,1,413.368,389.052,1045.579,1531.894,1191.473,1483.263,778.104,340.421,72.948,48.632,97.263,875.368,1458.946,3355.58,3768.948,2018.211,559.263,364.736,24.316,1361.685,632.211,1069.894,583.579,413.368
2025-07-16,1,389.052,413.368,1264.421,1848,1872.316,1848,1848,1872.316,1848,1848,8778.001,11501.369,12255.158,14638.106,16632,14054.526,11379.79,11793.157,12230.842,12595.58,16340.211,14759.684,11720.211,10066.737
2025-07-17,1,11914.737,13154.842,13252.105,13130.527,14200.421,14370.632,13422.316,9945.158,11452.736,13641.158,12984.632,12546.947,11306.842,13154.843,14832.631,12644.211,8121.473,8826.632,12376.737,12571.263,12279.474,10066.736,7367.685,7319.053
2025-07-18,1,7197.474,6613.895,2747.685,3161.053,97.264,72.948,729.474,1167.157,1021.263,4133.685,6322.105,7197.473,5033.368,5762.842,10139.684,7781.053,3598.738,3671.683,8170.104,12644.21,11914.737,11574.316,9264.315,8072.842
2025-07-19,1,10504.421,12790.104,13398,13762.737,13227.789,11963.368,12401.052,12425.368,12936.001,10650.316,8826.632,8388.948,9556.105,10674.631,10334.21,8194.42,7781.054,7975.579,11939.052,11890.421,7781.052,6686.842,5422.421,7124.527
2025-07-20,1,6638.21,8486.211,7999.895,7294.736,4887.473,5568.317,4814.525,3696,4036.422,5689.895,9629.052,10236.948,8024.21,7999.895,11160.948,10698.947,6273.473,4620,6468,6857.052,5738.526,3817.579,1507.579,2358.632
2025-07-21,1,3671.684,5665.579,5300.842,4595.684,7197.473,7805.369,8461.894,7781.053,6613.895,5276.527,4303.895,4303.895,4619.999,7027.263,7513.579,4790.21,2139.79,1775.053,3914.842,5203.579,4352.526,4547.053,1629.158,680.842
2025-07-22,1,2261.369,3598.737,3501.473,2942.21,2407.263,2334.316,2261.368,2358.632,2553.158,3039.474,2601.791,3987.79,5154.947,5300.842,4741.579,2261.369,656.526,364.736,2504.526,3890.526,3136.736,2358.631,851.052,389.052
2025-07-23,1,510.632,3306.947,1434.631,559.264,705.159,170.211,267.474,97.263,0,0,0,0,0,1531.895,1775.052,413.369,0,0,0,680.842,0,0,0,0
2025-07-24,1,0,0,0,0,0,0,0,0,0,0,0,0,0,243.159,243.157,437.684,0,0,0,24.316,0,0,24.316,413.368
2025-07-25,1,316.104,194.526,0,340.421,364.737,316.105,72.947,0,0,194.526,364.736,218.843,1118.526,5154.948,7270.42,5081.999,1191.473,389.052,1556.21,2772,2431.579,510.631,24.316,389.052
2025-07-26,1,267.474,340.421,316.105,413.368,389.052,437.684,1410.316,1702.105,2237.053,802.422,1848,2042.527,778.105,3598.737,4814.526,1556.211,948.316,194.526,1094.211,2820.631,2626.105,1945.263,705.157,413.368
2025-07-27,1,218.842,0,194.526,97.264,267.473,340.42,340.421,389.052,218.842,3282.632,4401.158,5227.894,5495.368,8826.632,9823.579,9142.736,4230.946,2893.579,6686.843,6346.421,3258.315,2577.474,1823.684,2966.527
2025-07-28,1,3598.737,3647.369,3039.473,4255.263,5154.947,4960.421,3379.895,3015.159,2164.105,389.052,2431.58,1094.211,97.263,1386,2358.631,1021.264,243.158,0,24.316,948.316,0,0,0,0
2025-07-29,1,0,0,121.579,121.579,72.948,218.842,413.368,194.526,194.526,24.316,0,0,3355.578,10480.105,10164,8972.527,5544,4425.474,5130.631,8340.315,6759.789,6176.21,2917.895,1969.578
2025-07-30,1,3963.474,3306.947,2747.684,1434.631,1410.316,4279.579,4425.474,4863.158,4474.106,4571.368,4765.895,6103.263,7221.789,8194.421,9167.053,6589.579,5252.211,4425.473,6638.21,12303.789,12376.737,10455.79,7999.895,8316
2025-07-31,1,9337.263,12546.948,12401.052,11209.579,10091.054,9094.105,9410.21,5422.421,4230.948,4838.842,6030.316,6516.631,6540.947,9774.948,10018.105,3647.368,3866.211,3282.631,2699.053,3136.738,5057.684,1410.317,364.736,267.473
2025-08-01,1,0,0,48.632,291.789,364.737,0,0,0,0,0,145.895,0,24.316,3428.527,1945.264,1361.684,316.105,218.841,0,170.211,656.526,1142.843,705.157,437.684
2025-08-02,1,389.052,243.158,316.105,97.263,0,0,0,0,0,0,48.632,389.052,802.421,2212.737,1629.158,97.264,72.947,48.632,0,48.632,218.843,705.158,559.263,413.368
2025-08-03,1,389.052,389.052,437.684,2844.947,3355.579,3379.894,3647.368,4571.369,5373.789,7513.579,10966.422,11647.263,12619.894,15513.474,16145.683,14954.21,10966.421,9945.159,10480.105,14856.948,16802.211,14929.894,9799.263,7148.842
2025-08-04,1,6540.947,6662.526,4863.158,4133.684,3987.789,3088.106,3112.421,3185.369,2601.79,3866.211,4692.947,4401.158,3647.368,5957.368,6516.631,4230.947,851.052,413.368,2455.894,4401.158,4182.316,3428.527,778.105,583.58
2025-08-05,1,1094.21,2407.264,2115.474,1434.631,1677.788,2115.473,2237.053,2796.315,3477.158,3744.631,4182.316,4547.053,4255.263,7562.21,7367.685,4595.684,1726.421,948.316,3185.368,7392,9167.053,6930,3355.58,3379.895
2025-08-06,1,7246.105,7343.368,7051.579,8316,8826.632,9288.632,9750.63,10236.947,10358.526,9361.579,8437.58,7635.158,7732.421,9920.842,10431.474,7416.316,5252.21,3234,3185.368,4133.684,3914.843,2771.999,851.052,510.632
2025-08-07,1,1240.106,3088.106,2188.421,1604.842,1604.842,1556.21,1483.263,996.947,267.474,48.632,316.105,680.842,97.264,1434.632,1750.736,413.368,0,0,0,632.211,0,0,0,0
2025-08-08,1,0,0,0,0,0,24.316,170.21,0,0,0,0,24.316,0,194.527,72.948,0,0,0,0,24.316,0,145.895,0,0
2025-08-09,1,72.948,97.264,413.368,389.052,413.368,389.052,607.894,1604.841,2504.526,2164.106,2164.106,1677.788,1629.158,3939.157,4936.106,2285.684,534.947,413.368,705.158,2626.104,1240.105,1191.474,705.158,413.368
2025-08-10,1,510.632,1969.579,4255.263,5227.896,4352.526,4279.579,2650.421,2310,2699.053,3379.895,1507.579,1434.631,1483.263,3112.421,2528.842,389.053,0,145.895,534.947,1313.053,291.789,1021.262,607.894,194.527
2025-08-11,1,0,0,0,0,0,0,0,0,145.895,413.368,413.368,413.368,2990.842,5446.737,4863.158,2091.159,729.473,24.316,0,1045.579,24.316,802.422,924,243.158
2025-08-12,1,24.316,340.421,413.368,729.473,3185.368,4741.58,5179.262,5325.157,5227.895,4522.736,5738.527,4984.737,4425.474,7392.001,7562.21,4449.79,1069.895,389.052,656.527,3598.737,3696,4036.421,2382.947,2601.789
2025-08-13,1,5325.158,7732.421,8194.421,6930,6516.632,6443.684,7392,7197.473,7148.842,5908.737,7051.579,6638.21,5811.474,7294.737,6273.473,2553.158,753.789,437.684,1945.264,5981.685,6297.79,6613.896,2844.947,1993.895
2025-08-14,1,1920.948,3039.474,2310.001,1556.211,1313.053,1361.685,1264.42,1337.368,1386,1361.683,1604.842,607.895,340.422,1604.842,1896.632,437.684,0,0,0,680.843,291.789,753.79,559.263,170.211
2025-08-15,1,340.421,97.264,0,0,0,0,0,0,0,0,0,0,0,583.579,0,170.212,267.473,364.736,121.579,340.421,0,0,0,0
2025-08-16,1,0,0,0,24.316,0,0,0,0,0,0,0,0,0,24.316,0,0,0,0,0,121.579,559.263,72.947,97.264,0
2025-08-17,1,0,0,121.579,145.895,291.789,0,0,0,0,0,0,0,0,48.632,0,48.632,0,0,48.632,972.631,875.368,705.159,510.631,413.368
2025-08-18,1,413.368,389.052,753.789,1386,48.632,0,0,0,0,0,0,0,72.948,1434.632,1799.368,413.368,218.842,389.052,875.369,2334.316,1458.948,656.526,486.315,413.368
2025-08-19,1,413.368,389.052,413.368,389.052,267.474,170.211,48.632,0,0,0,170.212,194.528,267.474,2212.737,2699.052,1045.579,340.421,364.736,1069.895,2212.737,3039.473,3914.842,996.947,389.052
2025-08-20,1,364.736,389.052,291.789,24.316,72.948,340.421,705.158,559.264,145.895,48.632,0,97.263,170.21,2480.21,2966.526,1191.474,121.579,170.211,24.316,753.79,72.948,0,0,0
2025-08-21,1,0,0,0,0,0,24.316,0,0,0,0,0,48.632,72.948,510.632,0,0,0,0,24.316,0,0,0,97.263,243.158
2025-08-22,1,72.948,48.632,72.948,0,0,0,0,0,0,0,24.316,194.526,413.369,899.684,486.316,316.106,48.632,48.632,24.316,72.948,24.316,24.316,340.421,413.368
2025-08-23,1,389.052,413.368,413.368,413.368,389.052,437.684,291.79,0,0,24.316,72.948,24.316,72.948,1653.475,2480.21,170.211,340.42,243.158,0,243.158,24.316,218.843,413.368,413.368
2025-08-24,1,413.368,389.052,413.368,389.052,389.052,389.052,267.473,194.527,218.842,291.79,267.473,364.737,899.684,2261.368,2650.421,1069.895,413.368,340.421,267.474,1337.369,24.316,0,364.736,413.368
2025-08-25,1,413.368,389.052,389.052,389.052,1240.105,1677.789,607.896,680.843,656.527,924.001,826.737,802.421,1094.21,2334.315,2942.21,1969.578,680.842,413.368,1240.104,3452.842,4109.369,1920.947,632.21,389.052
2025-08-26,1,389.052,389.052,1167.157,1556.211,632.212,1167.158,705.158,826.738,607.895,1118.526,1215.789,705.159,291.79,2066.842,3088.105,1531.895,607.894,413.368,121.58,1507.58,316.105,0,0,0
2025-08-27,1,0,0,0,0,0,0,0,0,0,0,0,48.632,243.158,413.368,389.052,24.316,121.579,97.264,0,0,0,0,0,0
2025-08-28,1,0,0,0,0,0,0,0,0,0,0,0,0,0,194.526,462,364.736,48.632,0,0,0,0,48.632,316.105,413.368
2025-08-29,1,413.368,413.368,389.052,413.368,389.052,413.368,291.789,0,0,24.316,0,48.632,170.211,1896.632,2504.527,924,316.105,194.528,0,729.474,0,0,0,72.947
2025-08-30,1,413.368,413.368,413.368,413.368,413.368,413.368,413.368,389.052,243.157,413.368,1167.158,1142.841,656.527,1823.684,1823.684,632.211,97.263,121.579,48.632,1604.842,1167.158,2018.211,510.631,389.052
2025-08-31,1,389.052,583.579,2893.579,2455.895,1337.369,1848,2553.158,2261.369,2358.631,2066.843,1993.894,4085.052,4644.316,3914.843,4303.895,2407.263,583.578,583.579,1167.158,2893.579,3817.579,2966.525,1167.158,875.369
2025-09-01,1,2431.579,4911.788,3914.843,2237.052,2188.421,2480.21,2674.738,2382.947,753.79,48.632,0,24.316,121.58,1629.157,2261.369,924,267.473,170.21,364.736,1240.106,316.105,583.58,462,194.526
2025-09-02,1,121.579,97.264,0,194.526,340.421,24.316,0,0,0,0,170.21,413.368,632.211,1118.526,1458.947,145.896,72.948,0,0,0,0,0,0,48.632
2025-09-03,1,97.264,389.052,291.789,48.632,0,121.579,389.052,121.579,0,0,0,0,0,462,0,0,0,48.632,0,97.264,0,0,0,0
2025-09-04,1,0,0,0,0,0,0,0,0,0,0,0,0,0,121.579,510.633,121.579,145.895,0,97.263,121.579,924,437.684,0,0
2025-09-05,1,0,0,24.316,24.316,0,0,0,0,0,24.316,0,0,0,97.263,0,0,0,24.316,680.843,1410.316,1483.263,1361.684,705.157,389.052
2025-09-06,1,389.052,389.052,680.843,802.421,1167.158,972.631,729.474,389.052,170.21,364.737,851.053,778.105,1021.264,2990.842,3161.053,1191.474,316.105,364.737,194.526,1191.473,413.368,924,607.894,389.052
2025-09-07,1,413.368,389.052,413.368,607.894,1434.632,1386,996.946,996.948,996.947,1167.157,1021.264,899.684,1045.58,2650.421,3550.105,1726.421,486.315,72.948,0,1313.053,0,0,0,0
2025-09-08,1,0,0,0,0,0,24.316,0,0,0,0,0,0,0,24.316,0,0,24.316,0,121.58,0,48.632,583.579,632.21,389.052
2025-09-09,1,364.737,389.052,364.736,316.105,389.052,389.052,72.947,0,24.316,0,0,0,0,1361.684,2115.474,948.315,48.632,0,316.106,389.053,0,0,0,0
2025-09-10,1,0,0,0,0,0,267.474,413.368,680.842,705.159,1653.473,1556.211,1775.052,1993.894,3355.578,3550.105,1750.737,656.526,243.158,170.211,1993.895,1458.947,1021.263,778.105,194.526
2025-09-11,1,194.526,364.737,389.052,389.052,340.421,413.368,316.105,0,0,0,0,0,0,1434.632,1823.684,1142.842,437.684,121.579,194.527,656.526,0,97.264,0,24.316
2025-09-12,1,0,0,0,24.316,0,170.21,316.105,413.368,389.052,607.894,1848,1848,1823.684,3768.947,4012.106,2772,583.578,413.368,851.052,3379.895,3452.842,3866.211,2261.369,3744.631
2025-09-13,1,4060.736,5665.58,6443.684,5544,7343.369,7075.895,6224.842,5689.894,5665.58,4984.738,3744.631,1993.895,2844.947,1483.263,2115.474,875.368,316.105,340.42,72.948,1118.527,0,24.316,48.632,48.632
2025-09-14,1,72.948,0,0,0,0,0,0,0,0,0,0,0,0,97.264,0,0,0,48.632,218.843,1118.526,121.58,72.947,243.158,389.052
2025-09-15,1,413.368,194.526,218.842,413.368,291.789,364.736,413.368,389.052,316.105,145.895,72.947,72.947,753.789,1361.684,1775.052,413.368,0,0,0,218.843,72.948,316.105,486.315,413.368
2025-09-16,1,413.368,389.052,413.368,389.052,218.842,121.579,48.632,48.632,24.316,0,48.632,97.264,267.474,1775.052,1726.422,534.948,291.788,291.789,802.421,1191.474,607.895,510.631,486.316,389.052
2025-09-17,1,413.368,389.052,389.052,486.315,1556.211,1677.79,1386,1531.894,1483.263,1580.525,1702.104,1823.684,1896.632,3477.158,3404.21,437.684,121.58,267.473,72.948,1483.264,24.316,72.947,1313.054,1580.525
2025-09-18,1,1677.789,1750.737,1677.789,1531.895,2626.105,5446.737,5544,5592.632,3671.684,1726.42,3258.316,3939.159,3404.211,3501.474,4498.421,1896.632,680.842,389.052,875.369,3355.579,1653.474,0,0,0
2025-09-19,1,0,0,0,24.316,0,0,0,0,0,0,0,0,48.632,3331.263,5471.052,7027.263,3671.683,2577.474,6419.369,10139.684,11671.579,7489.264,4206.631,3112.421
2025-09-20,1,2358.631,5203.579,4522.737,4206.632,3623.053,3331.263,3258.315,2990.842,3452.842,1337.368,2164.105,4157.999,4595.684,7951.263,8607.79,8170.105,4620,5179.263,8510.526,9094.105,8024.21,4814.526,2917.894,2066.843
2025-09-21,1,1945.263,2601.79,2455.894,2480.21,3525.789,4595.684,4936.105,4328.21,1191.474,2018.211,1872.316,753.789,389.052,559.263,802.421,2066.843,1847.999,437.684,2066.843,2309.999,1386,48.632,0,802.421
2025-09-22,1,48.632,389.052,364.737,291.789,97.263,2650.421,1775.053,948.316,145.895,0,0,0,0,0,48.632,0,243.157,72.947,194.527,0,0,0,97.263,0
2025-09-23,1,0,0,0,0,0,0,0,0,0,0,0,0,267.473,121.579,24.316,97.264,24.316,0,0,0,0,0,0,0
2025-09-24,1,48.632,1410.316,1945.263,2237.053,4328.211,5665.579,5860.105,5544.001,4230.947,3161.053,2455.894,1410.316,680.842,462,1191.474,1653.473,729.474,632.21,1434.631,2139.789,3379.895,2115.474,1313.052,1458.947
2025-09-25,1,680.842,364.736,316.105,413.368,1240.105,2601.789,2528.841,924,899.685,1021.262,510.631,24.316,24.316,72.948,72.947,389.052,389.052,48.632,1580.526,1386.001,97.264,24.316,0,48.632
2025-09-26,1,291.789,413.368,291.789,0,0,267.474,0,0,0,0,0,0,0,0,0,0,0,0,48.632,0,0,0,0,0
2025-09-27,1,72.947,24.316,243.157,0,510.631,1118.527,267.474,97.264,145.895,48.632,0,24.316,0,0,0,0,0,0,0,0,0,0,24.316,48.632
2025-09-28,1,607.894,413.368,413.368,1604.842,97.263,1069.895,1410.316,1726.421,656.526,364.737,1410.316,510.632,316.104,413.368,389.052,389.052,218.842,486.316,1848,1021.264,924,1556.211,1215.789,1775.053
2025-09-29,1,753.789,413.368,413.368,1045.579,3355.578,4206.632,4352.527,4620,3234,2091.158,1629.157,1021.264,1118.527,486.316,1264.42,2431.578,2261.369,3404.211,4668.631,4644.315,4984.736,3234.001,1993.894,1726.42
2025-09-30,1,778.105,510.632,413.368,1823.684,2042.527,2747.684,3574.421,2285.684,1288.737,194.527,0,0,243.157,72.948,170.211,267.474,0,24.316,218.842,0,340.421,72.948,340.421,389.052
2025-10-01,1,437.684,413.368,437.684,437.684,1240.106,3063.789,4206.632,3063.79,1969.579,899.684,1094.211,559.263,389.052,559.264,802.421,1313.052,778.105,1313.053,2139.791,2261.369,2042.527,1483.263,705.157,1313.053
2025-10-02,1,364.737,243.158,194.526,437.684,48.632,291.79,0,0,0,0,0,0,0,340.421,218.842,48.632,291.789,72.947,948.316,4887.474,3185.368,5033.369,5082.001,6322.106
2025-10-03,1,3768.947,4571.368,4984.736,11379.79,14711.053,15708.001,17483.053,18163.895,17166.947,14200.422,3963.474,632.21,413.368,389.052,948.315,1945.263,1823.684,1556.211,2772,3258.315,3574.421,2091.158,583.579,364.737
2025-10-04,1,170.212,145.895,24.316,0,24.316,218.843,194.527,705.157,291.79,413.369,753.79,680.842,413.368,437.684,413.368,413.368,413.368,1288.737,3039.473,2917.895,3112.42,1653.473,802.421,778.106
2025-10-05,1,462,218.842,389.052,389.052,194.527,559.263,510.632,145.895,462,753.789,559.263,510.631,389.052,389.052,437.684,413.368,291.79,802.422,1483.264,1677.79,632.211,705.158,1069.894,778.106
2025-10-06,1,583.579,389.052,437.684,413.368,948.316,2066.843,1288.736,0,0,0,0,0,0,0,0,0,0,0,0,0,0,97.263,1264.421,1215.789
2025-10-07,1,340.421,437.684,413.368,413.368,121.579,1094.211,826.737,0,48.632,729.473,1069.895,729.473,437.684,1264.421,2674.737,4158,2820.632,4838.842,7562.211,7513.579,7319.052,6273.473,4109.368,3744.631
2025-10-08,1,1191.474,2601.789,2601.789,3890.526,3477.158,5519.684,5811.473,4717.264,3623.053,1385.999,1021.263,607.894,656.527,1580.526,2139.79,2285.684,1945.263,1823.684,2334.316,3136.737,1483.263,583.579,0,72.948
2025-10-09,1,413.368,413.368,243.157,24.316,0,680.843,291.79,583.579,24.316,24.316,0,0,170.211,145.894,267.474,121.579,340.421,0,462.001,0,24.316,0,0,0
2025-10-10,1,0,0,0,0,0,72.948,0,0,0,0,0,0,0,0,0,0,0,0,0,0,0,0,0,0
2025-10-11,1,0,0,0,0,0,0,72.948,0,0,0,0,0,0,0,0,0,0,24.316,291.789,534.948,97.263,413.369,24.316,0
2025-10-12,1,48.632,97.264,72.947,0,1386.001,1799.368,2261.369,2042.527,1410.316,1118.526,462,194.527,218.843,194.526,486.317,534.948,705.159,437.684,680.842,243.158,170.211,0,48.632,0
2025-10-13,1,0,0,48.632,0,24.316,0,0,48.632,1045.578,1045.579,1021.262,729.475,899.684,753.79,121.58,24.316,0,0,0,194.527,972.631,1118.525,1045.578,1094.211
2025-10-14,1,583.58,316.105,364.737,826.737,680.843,413.369,1361.684,1823.684,1556.21,3306.947,1775.053,729.473,1045.579,3914.842,4717.263,2966.526,2091.158,2212.737,3452.843,2942.21,3647.368,2066.842,753.79,72.947
2025-10-15,1,0,0,0,0,0,24.316,0,0,0,0,0,0,0,24.316,0,0,0,0,0,0,0,389.053,1580.526,1823.684
2025-10-16,1,729.473,413.368,389.052,1167.158,3355.579,3428.526,4401.158,1993.894,1410.316,170.211,243.158,583.579,753.789,2042.526,3841.896,4109.369,2285.685,2626.105,3939.159,5373.789,3209.684,583.579,0,0
2025-10-17,1,0,0,0,0,0,72.948,0,0,0,0,0,0,0,389.052,170.211,316.105,0,194.527,1118.526,559.263,1191.474,2188.422,2553.158,2091.157
2025-10-18,1,729.473,437.684,267.473,0,24.316,1142.842,924,121.579,1167.158,5446.737,5641.263,7805.369,8753.685,9653.368,9361.58,7781.052,6176.211,8534.841,8194.421,12668.527,11306.842,8510.526,4644.315,3161.054
2025-10-19,1,1313.053,510.632,413.368,413.368,1531.894,2577.474,3088.106,2212.736,1920.947,1775.052,1823.684,753.789,534.948,3185.368,4620,4109.368,4133.685,7221.79,8510.527,8243.053,8802.316,8802.316,8559.156,6419.368
2025-10-20,1,2626.105,2504.526,3015.158,6905.684,7878.315,9774.947,10188.316,10164,9239.999,9191.367,11622.946,4911.79,826.737,1531.895,6030.316,6881.369,4863.158,7002.947,6516.631,8048.526,10309.894,8121.474,5933.054,5568.316
2025-10-21,1,4401.157,4498.422,4668.632,7343.369,6030.316,6565.262,8048.526,6832.737,4571.369,3063.789,2942.21,2990.842,3039.474,3817.579,5544,6297.79,5471.053,4863.158,6176.21,6127.58,8170.105,5154.947,3428.526,4911.79
2025-10-22,1,3185.368,4911.79,5082,8170.104,3647.368,4814.527,6054.632,4352.526,6954.315,7902.631,6151.894,3477.158,2820.632,4644.315,6006,4644.317,2407.263,2796.315,4790.21,6613.895,5616.948,2699.052,1507.578,461.999
2025-10-23,1,680.843,680.842,1313.052,3088.106,3720.316,6297.79,5471.053,6030.316,4765.895,4401.157,3598.738,1483.264,1458.948,2990.842,4668.633,3987.79,2674.737,3890.527,5835.79,5957.368,5252.211,4425.474,2285.684,1896.632
2025-10-24,1,1483.263,1069.894,875.369,3355.579,3890.527,2577.474,4376.843,4158,2723.369,2820.632,3331.263,1337.368,1799.368,1045.579,3258.315,3452.843,2188.421,3696,5276.526,6176.211,5009.053,2091.157,1872.315,1848
2025-10-25,1,1458.948,996.947,680.843,3039.473,3306.947,4668.632,4668.632,4644.316,3696,3793.263,3671.684,2139.789,1215.789,2139.789,4036.421,3477.157,3063.789,3306.946,5276.526,5252.21,4984.737,3282.631,1702.106,1556.211
2025-10-26,1,826.737,1386,2747.684,4863.158,7440.632,10455.789,10796.211,12984.632,10917.789,7635.158,4814.526,4936.106,5568.316,5179.264,6759.789,6200.527,7173.158,8534.842,6978.632,8121.474,7051.578,6711.158,5422.421,4571.369
2025-10-27,1,3866.21,3744.632,3525.789,7075.896,8534.841,13398.001,13616.841,15610.737,13908.632,15002.843,13908.631,8656.421,3015.158,3963.474,8437.58,10820.526,10261.263,10553.052,10626,11331.159,10358.526,8632.106,4741.579,4571.369
2025-10-28,1,3914.843,3647.369,2310.001,5130.631,5154.947,5738.526,6103.263,7805.368,5276.527,4741.579,3331.263,1677.789,1629.157,1775.053,4060.737,4474.105,4036.422,3185.369,4619.999,4595.684,4036.421,1775.053,1556.21,1483.263
2025-10-29,1,680.842,413.368,145.895,364.737,1313.052,3550.105,2893.579,1920.947,486.316,291.789,0,24.316,0,0,0,0,0,0,24.316,0,0,364.736,48.632,875.369
2025-10-30,1,97.263,145.895,24.316,121.58,48.632,194.527,72.947,0,0,194.527,437.684,0,389.052,413.368,413.368,462,437.684,389.052,1094.211,705.158,413.369,97.263,0,0
2025-10-31,1,0,0,0,0,0,0,0,24.316,0,48.632,1069.894,753.789,413.368,462,437.684,1604.843,2820.631,4036.421,5106.316,7392,4595.685,2893.579,1969.579,1848
2025-11-01,1,2164.106,3379.895,3866.21,7683.791,10455.789,14176.105,14589.472,14249.052,11914.737,10698.948,8413.264,5179.264,4425.474,4765.894,7562.21,6322.106,5908.736,7781.053,7246.105,6322.105,5179.263,3720.316,2553.158,2844.947
2025-11-02,1,1458.947,656.527,534.947,3136.736,2382.947,2796.315,3744.631,6613.895,6006.001,5933.053,7270.421,4012.106,4158,5933.053,12303.79,9774.947,10018.105,14613.79,15610.737,14929.895,14249.053,13495.263,12668.525,11428.42
2025-11-03,1,10091.053,10747.58,10917.789,11331.158,9920.842,9069.79,7926.948,7878.316,6030.316,5811.474,5106.315,1823.685,899.685,924,2091.158,1507.579,1021.262,97.263,1069.895,1458.948,1386,534.947,413.368,632.211
2025-11-04,1,559.263,437.684,437.684,559.263,2650.421,4692.947,4936.105,4279.579,2212.737,1823.684,1191.473,705.158,437.684,437.684,462,462,437.684,826.737,2091.158,2188.422,1434.632,0,0,0
2025-11-05,1,0,0,24.316,0,121.58,1313.052,924.001,1556.211,1750.737,583.58,1313.053,705.158,291.789,97.264,437.684,437.684,437.684,1264.421,2334.316,1848,2747.684,1896.632,1094.211,0
2025-11-06,1,0,145.895,437.684,462,1823.684,4279.578,4547.052,2358.632,2139.789,1677.79,2188.421,1045.58,437.684,753.79,1945.264,2650.422,1872.316,1337.369,2723.368,3720.316,1823.684,753.79,0,996.947
2025-11-07,1,170.211,0,170.21,413.368,948.316,437.684,0,24.316,97.263,48.632,0,0,121.58,145.895,48.632,24.316,0,0,121.579,0,0,0,24.316,0
2025-11-08,1,0,0,0,0,0,0,0,0,0,0,145.894,0,121.58,340.421,437.684,170.211,24.316,0,1264.421,1507.579,0,316.106,1386.001,291.789
2025-11-09,1,267.473,1094.211,1458.948,4838.842,7416.315,6930,7100.211,7562.211,6322.105,8680.738,11331.157,7513.579,4060.736,5106.316,8923.894,7975.579,7392,10139.683,15221.684,15173.053,14224.736,11987.684,6857.052,10164
2025-11-10,1,10212.632,7100.211,9410.211,10747.579,12182.211,12717.158,13884.316,10407.158,9240,9531.789,7246.106,3793.263,2626.105,4206.631,5592.632,4620,4109.368,7270.422,9312.947,7464.947,8632.105,6103.263,4133.684,2358.63
2025-11-11,1,3039.474,4620,4765.895,8024.21,8802.315,10674.632,8632.105,7294.737,5471.053,4547.053,2942.209,1142.843,559.263,437.684,875.368,2844.947,2042.525,2018.21,2480.211,5130.632,3452.842,1993.895,1945.263,1483.262
2025-11-12,1,632.21,437.684,389.052,194.526,1483.263,2407.262,1386,0,0,0,48.632,0,364.737,316.105,145.895,437.684,729.473,2115.474,2455.895,1653.474,1507.579,802.421,170.211,559.264
2025-11-13,1,316.106,462,413.368,462,1531.895,4692.948,5689.895,6078.947,7124.526,6492.315,7027.263,5179.263,3647.368,1264.421,5154.947,4790.21,3720.317,2309.999,5835.789,8486.211,9094.105,9264.316,7659.474,7732.421
2025-11-14,1,7246.105,4814.526,4474.105,6516.632,7732.421,8097.158,10285.579,10042.421,6030.316,7027.264,7367.684,4498.421,2772,2455.894,4717.263,6565.262,7416.316,8486.21,6127.579,7659.473,8388.948,7124.526,6151.895,5689.895
2025-11-15,1,3768.947,3452.842,3404.21,6540.946,9507.474,11501.368,10820.526,8875.264,6613.895,3890.526,1969.579,364.737,48.632,0,24.316,0,0,0,121.579,0,0,0,0,0
2025-11-16,1,0,121.579,0,0,0,24.316,170.21,72.948,0,0,0,0,0,24.316,0,24.316,0,0,97.263,170.211,656.528,583.58,389.052,1069.894
2025-11-17,1,802.421,559.264,583.58,2577.474,2407.264,3768.947,4158,4182.316,12425.368,16097.054,14759.684,15221.685,13495.264,14808.316,17191.263,17604.632,17264.21,17094.001,18552.948,19112.211,17677.58,13543.895,13689.789,12498.316
2025-11-18,1,11379.79,9580.421,9094.105,11063.683,10018.105,12328.105,11258.211,11015.052,11501.369,9823.579,9920.842,9969.474,8875.263,8607.79,10698.947,8778,7902.631,7902.632,7343.369,5325.157,4814.526,5689.895,5373.79,4425.474
2025-11-19,1,3306.947,3598.736,3671.684,4717.263,6006,6030.316,5616.947,3282.632,2455.894,2018.211,1629.157,851.053,680.842,1483.263,1094.212,2310,2139.788,2091.158,5325.158,3866.211,4133.683,3161.051,2455.894,2164.104
2025-11-20,1,826.737,753.79,1264.421,2650.421,2164.106,2844.947,2650.421,2358.632,1458.948,851.053,1288.736,875.369,462,462,437.684,437.684,267.474,1361.684,2626.105,3258.316,2772,1677.789,1677.79,1848
2025-11-21,1,826.737,437.684,778.105,1580.526,1410.316,3890.526,5082,4790.211,3136.737,2577.474,3720.316,1702.106,875.369,1069.895,3574.421,3671.684,2577.473,3112.42,3379.894,3720.316,4425.473,3477.158,1775.053,2066.842
2025-11-22,1,948.316,534.948,413.368,899.684,1361.684,1896.632,2285.683,2309.999,778.106,145.895,97.264,97.264,267.473,413.368,462,413.368,316.104,729.474,1556.211,243.158,340.421,72.948,24.316,0
2025-11-23,1,0,0,0,0,0,24.316,0,0,0,0,0,48.632,0,48.632,0,97.264,170.211,24.316,0,48.632,24.316,72.948,72.948,145.895
2025-11-24,1,48.632,24.316,0,0,0,0,0,97.264,24.316,24.316,0,0,97.264,48.632,267.474,121.58,170.211,0,145.895,680.843,510.632,291.79,559.264,607.895
2025-11-25,1,607.895,437.684,462,389.052,802.421,5227.895,7781.052,9021.158,10334.21,11525.684,12644.212,11306.841,11695.895,13227.79,15270.316,12984.632,13203.474,15075.79,16656.317,17628.947,17021.053,15853.894,12303.789,10261.263
2025-11-26,1,7854.001,3379.894,2966.526,3258.316,2942.211,3136.736,4668.631,3331.263,2577.473,1240.105,1045.579,583.579,413.368,413.368,462,437.684,462,316.106,1385.999,1750.736,24.316,0,0,0
2025-11-27,1,0,0,170.21,413.368,1750.737,4401.158,4206.631,6468,9361.579,6735.473,8972.526,9167.052,11136.633,14005.894,15197.368,14589.473,13860.001,15294.631,16169.999,15245.999,14054.526,12741.474,11258.21,10382.843
2025-11-28,1,7635.157,7270.421,7002.948,9483.157,9702,8267.368,6930,5641.264,5762.842,3306.948,2480.211,826.737,462,486.316,510.632,437.684,1458.947,1386,2431.58,2650.421,2699.052,1920.947,705.159,48.632
2025-11-29,1,462,437.684,218.842,0,0,1094.211,778.106,0,194.526,486.316,1629.158,802.421,1410.316,2310,3574.421,3379.894,1677.79,1920.948,3550.105,3161.052,3379.894,2674.736,1726.421,1653.474
2025-11-30,1,851.052,437.684,437.684,486.316,753.789,2310.001,2893.579,2626.106,972.631,1069.894,1410.316,753.789,1215.789,1483.263,3136.737,3331.262,2358.631,1313.053,2601.789,2626.105,2650.421,1458.948,875.368,972.631
2025-12-01,1,194.528,218.843,389.053,437.684,2042.527,4887.474,3987.789,4765.895,5325.158,7270.421,8486.21,6905.685,6711.159,6613.893,7392,7829.684,7708.105,8996.842,10309.895,10018.105,3379.895,2553.158,1167.158,2431.579
2025-12-02,1,3379.895,3793.262,5519.684,12814.422,14711.053,15999.79,16972.422,15829.578,12887.369,11744.526,8802.315,9312.948,6151.895,7635.157,10577.368,15489.157,16291.579,16875.159,17677.579,18139.579,14954.211,13081.894,10771.895,9702
2025-12-03,1,10066.736,7392,6589.579,10431.473,10698.947,12984.632,13325.052,13568.211,13787.052,14808.316,14881.263,13081.896,13179.157,14322,16704.948,17045.369,15853.895,16729.263,18042.315,17118.315,15805.262,12619.895,9507.474,4814.526
2025-12-04,1,3088.105,1653.474,632.21,1580.526,1872.315,2407.263,4644.317,3696,2018.211,1702.105,1240.105,899.685,875.368,875.368,2115.473,2893.579,2115.474,2844.947,4230.947,4474.105,4571.369,5130.631,3720.316,6224.843
2025-12-05,1,6978.631,8072.842,10309.895,10698.947,11695.895,12984.632,14030.21,11939.052,8607.789,7683.789,7829.684,6297.789,5933.052,4620,3768.947,4303.894,3209.684,3039.474,4619.999,4498.421,4960.421,2747.684,1142.842,996.947
2025-12-06,1,510.632,267.473,218.842,97.264,0,145.895,0,0,0,0,0,0,243.158,389.052,389.052,437.684,486.316,632.211,2115.474,1458.948,656.526,462,729.474,705.158
2025-12-07,1,389.052,364.737,413.368,462,559.264,1069.895,243.158,48.632,97.264,0,97.263,291.79,389.052,364.736,437.684,413.368,389.052,194.527,1288.736,826.738,48.632,340.421,705.159,1799.368
2025-12-08,1,851.052,1945.263,3039.474,8534.842,10358.527,11112.316,13908.632,13932.948,12060.632,11185.264,10990.736,8243.052,4279.58,4449.79,6297.79,11331.158,11209.579,11890.421,10018.105,10139.684,8802.316,6686.841,5398.106,5933.053
2025-12-09,1,5033.368,4522.737,5009.051,6784.105,7489.263,9167.053,9556.106,10188.315,9434.527,8875.263,7416.316,5543.999,4328.211,4620,6662.526,6419.369,5033.368,2650.422,4133.684,3793.263,3282.631,2382.948,2285.685,2188.422
2025-12-10,1,924,607.896,462,145.895,0,1094.211,1434.632,1337.369,0,0,0,0,0,24.316,145.896,218.843,437.684,1313.052,2796.316,3939.159,4012.106,3161.052,4717.264,5276.526
2025-12-11,1,4401.158,5665.579,5106.315,6030.316,5106.316,5495.369,4109.369,4717.264,3817.58,5033.368,6176.212,6978.631,8656.421,13300.738,15586.422,16704.947,16510.421,16607.684,18528.632,18552.948,18990.631,17945.054,12498.316,10042.421
2025-12-12,1,9507.475,8510.527,7464.947,9896.526,9653.368,12084.947,12084.948,10091.053,5762.842,3841.895,1191.473,486.316,389.053,389.052,462,462,437.684,1045.579,1823.685,1775.053,1167.158,0,462,2188.42
2025-12-13,1,851.052,413.368,413.368,1264.421,1945.263,1337.368,1458.948,1434.632,486.316,0,462,826.737,413.368,291.79,437.684,1361.684,5300.842,5154.947,12230.842,13616.842,14540.842,10188.316,6686.842,6686.841
2025-12-14,1,5325.157,9993.789,12084.947,16413.157,16024.105,16121.369,16826.526,15999.789,15756.632,15197.368,14638.105,11355.474,9677.684,9483.157,12765.789,12887.368,13276.421,10869.159,12157.895,10698.947,10358.526,9653.369,9653.369,8267.368
2025-12-15,1,5057.685,3841.895,2699.053,3574.422,4814.526,3817.579,2650.421,2820.631,2285.684,1337.368,1629.158,729.473,486.316,340.421,389.052,437.684,291.789,0,1094.211,1264.422,0,0,0,0
2025-12-16,1,0,0,48.632,0,0,0,0,0,0,0,0,24.316,0,97.264,170.211,243.158,364.737,607.896,753.789,1069.895,1386,1847.999,1604.843,924
2025-12-17,1,486.316,462,437.684,534.947,1556.211,4498.421,6297.79,5471.052,6103.264,7270.421,10455.79,8778,8705.052,10844.841,13714.105,13665.475,13860,11622.947,10723.262,9361.578,11185.263,8291.684,4279.579,2455.894
2025-12-18,1,2188.421,1702.105,1580.527,2407.263,4547.053,6176.21,4522.737,3185.369,3039.474,2990.842,2139.789,778.105,462,437.684,170.211,72.948,0,48.632,1094.211,607.894,2990.842,3623.053,3379.894,2820.632
2025-12-19,1,2212.737,1288.737,1969.579,2820.631,4863.157,6054.631,3914.842,3914.843,2553.157,1726.421,3793.263,3768.948,2091.158,1337.368,2650.42,2869.263,1823.684,1361.683,3671.685,4376.842,4109.369,2869.263,1702.105,1531.894
2025-12-20,1,729.473,437.684,486.316,486.316,1215.79,2309.999,2431.579,2139.79,1045.579,705.158,413.369,218.843,0,24.316,72.948,72.947,364.736,1264.42,4085.052,6759.79,11695.894,10504.421,13325.054,16680.632
2025-12-21,1,16267.264,15756.631,15853.896,17142.632,17677.579,18747.475,18723.159,19087.895,17896.421,17361.475,17312.842,15100.106,14589.474,15075.789,16267.263,16145.684,13665.473,13325.053,11744.525,9969.474,9750.631,9361.579,7756.737,6613.895
2025-12-22,1,5641.264,5154.947,5276.526,3793.264,5568.316,5349.474,3039.473,1775.053,875.368,48.632,48.632,72.948,0,291.789,145.895,97.264,0,0,145.895,0,0,24.316,0,24.316
2025-12-23,1,534.947,559.263,194.526,243.158,1750.736,2553.158,3112.421,5373.789,3136.738,3355.578,6540.948,6054.632,5325.158,2528.843,3136.736,1410.316,656.526,1361.684,1945.263,1969.578,1580.526,656.527,0,145.896
2025-12-24,1,48.632,170.211,510.632,340.421,1288.737,4692.947,7246.105,8632.106,8461.895,10577.368,12060.631,11209.579,10042.421,9580.42,12814.422,13932.948,13884.316,14224.737,16656.316,16461.79,16024.105,15537.79,12935.999,10844.842
2025-12-25,1,7756.736,11477.053,15002.843,16899.473,17458.736,18650.211,19039.263,18844.737,18042.315,17434.421,16850.842,14297.684,13859.999,14492.211,16170,16315.894,15708,14638.105,15513.474,15732.316,16291.579,15027.158,14297.685,15002.842
2025-12-26,1,12595.579,13227.789,13932.948,13057.578,15051.473,18285.473,18577.263,17385.79,15416.211,14832.633,10358.526,9288.632,9799.262,6395.053,8243.053,9750.631,10601.684,11306.843,12790.105,13033.263,12619.895,6905.683,5252.211,3015.158
2025-12-27,1,802.421,437.684,437.684,437.684,1240.105,2917.894,3793.263,2139.789,1848,1410.316,1848.001,924.001,729.475,680.843,729.473,1434.631,1702.105,1215.79,2480.211,2601.79,2285.684,1167.158,170.211,72.948
2025-12-28,1,72.948,121.579,267.473,121.58,48.632,145.895,267.473,243.158,194.527,121.579,0,0,24.316,24.316,48.632,145.896,48.632,170.211,778.105,972.632,1726.421,2407.264,2334.316,2212.736
2025-12-29,1,753.789,437.684,462,462,1094.21,2893.579,3233.999,1337.368,486.316,291.789,534.948,778.106,486.316,486.316,437.684,510.632,996.947,778.104,1483.264,1799.369,2237.053,1458.947,972.632,1580.527
2025-12-30,1,1483.263,1604.842,2480.211,4206.632,6930,10796.211,10820.526,11501.369,10528.737,9799.263,10236.948,8778,4717.263,3768.947,5908.738,6492.316,6881.369,7246.106,7683.79,6273.474,6565.263,4352.526,5787.158,6054.631
2025-12-31,1,3428.527,4838.842,5738.526,7270.421,9069.789,9142.737,9118.421,11331.158,10334.212,8899.579,9045.474,9604.736,10747.579,11695.895,13592.526,13641.158,14224.736,14565.157,15440.526,15926.842,15975.473,11793.158,10431.474,12790.106
2026-01-01,1,12109.263,9726.316,8875.263,9288.632,8534.842,10115.368,10285.579,12717.158,11866.105,10990.738,10796.21,9799.263,9385.895,9726.315,11768.842,12279.473,12741.474,12960.316,11817.473,10820.526,7270.42,4863.158,6151.896,6370.736
2026-01-02,1,6589.579,10091.052,8923.895,10893.474,13470.947,13738.422,15148.736,15100.105,12790.106,13130.527,13641.158,11768.842,10650.315,11088,12790.105,13422.316,13811.368,13495.263,14929.894,15318.948,15562.106,14419.263,13495.263,13787.051
2026-01-03,1,12133.578,11428.421,11525.684,12619.894,12571.263,12571.263,13154.842,13106.21,10212.631,7562.211,5762.842,3987.79,2480.211,3866.21,5349.473,6176.211,6224.842,5033.368,5957.368,5933.053,6297.789,3136.736,1945.262,1726.422
2026-01-04,1,753.789,437.684,437.684,291.789,680.843,1677.79,1531.896,632.21,583.579,1240.105,1434.632,632.21,389.052,437.684,462,437.684,437.684,267.473,1507.579,2042.526,486.316,413.368,632.211,1410.316
2026-01-05,1,145.895,437.684,486.316,437.684,1313.052,4085.052,6516.631,6200.526,5495.369,6662.526,6857.053,7440.632,8559.158,9118.421,9653.368,11355.474,11939.052,13325.054,15513.473,16170,16218.632,15343.263,13714.106,11768.843
2026-01-06,1,7951.263,7002.948,4522.737,5641.263,6759.79,6273.474,5884.421,6613.894,6370.736,4717.262,3939.159,2115.473,1653.474,1507.58,3063.789,3598.736,3963.474,2844.948,3404.21,3817.579,3720.316,2528.842,3817.58,2699.053
2026-01-07,1,1775.053,2504.526,2455.895,5544.001,6127.579,7854.001,7829.683,6686.842,5641.263,5835.79,6468,3501.473,3768.947,4717.263,7708.105,9896.527,9823.578,9069.789,10164,12644.21,13106.211,11890.422,11671.579,11209.579
2026-01-08,1,10698.947,11550.001,10309.895,12157.896,12814.421,15027.157,14832.632,13592.527,13665.473,13835.684,12741.474,11598.632,11039.369,9677.684,11039.368,12984.632,11501.369,9288.631,9604.737,12036.317,9702,8559.159,4717.263,2310
2026-01-09,1,778.105,462,510.632,462,1215.79,2115.474,1896.632,389.053,24.316,0,0,24.316,97.263,243.158,364.737,291.789,364.737,948.316,2869.263,2893.579,2285.685,2382.947,3671.684,4790.212
2026-01-10,1,3623.053,2772,4060.736,3452.842,3768.947,6589.579,7294.737,5398.105,5252.211,5616.947,6662.526,3866.211,4887.474,6395.053,8048.527,10164,9556.105,9750.632,12182.21,13373.685,13057.579,13227.789,12036.316,13252.105
2026-01-11,1,11695.894,10309.896,11671.579,12255.159,12619.894,13762.737,12936,13227.79,10455.789,7294.737,9653.368,8267.368,10091.053,11452.737,11647.263,12109.264,12498.315,12352.421,12692.843,7854,6395.053,5446.736,3234,1993.895
2026-01-12,1,437.684,413.368,48.632,0,0,218.842,0,0,0,0,0,340.421,486.316,607.895,462,1483.263,3574.421,3136.737,5957.368,7756.737,7270.421,6662.525,7124.527,6735.473
2026-01-13,1,5252.211,4376.842,4692.947,7659.475,6978.632,7221.789,6589.579,7489.263,4449.79,2844.948,3623.052,4741.579,4936.105,5787.158,8680.737,10747.58,9094.106,8607.789,7392,6638.21,6565.263,4230.947,3209.684,3136.737
2026-01-14,1,1483.263,462,389.053,194.526,1531.895,1750.737,2018.21,3501.474,1094.211,1410.315,2504.526,1677.79,1386,1069.894,1580.527,2577.474,3209.684,3185.368,5519.685,7513.579,10334.21,9239.999,10504.421,10164
2026-01-15,1,9410.211,9556.105,9264.315,9312.947,8778,9750.632,9288.631,7805.368,6516.631,5714.21,6322.104,5471.053,4498.42,1288.738,291.79,24.316,680.842,461.999,2285.683,3671.684,5179.263,4790.21,7464.948,7197.474
2026-01-16,1,4230.948,2261.367,1191.474,1531.894,1264.421,1167.158,2091.158,3598.737,2553.158,632.211,0,364.737,437.684,437.684,170.211,97.264,24.316,0,899.684,24.316,0,0,0,0
2026-01-17,1,267.473,1118.526,2747.683,4984.736,9094.105,11331.159,11136.632,7926.947,6103.262,3063.79,4303.895,2601.79,2869.263,1167.158,1313.053,1677.789,2212.737,1702.106,3063.79,2334.316,2553.158,607.894,0,0
2026-01-18,1,24.316,0,0,0,0,0,0,0,0,0,0,0,0,0,121.579,48.632,145.894,0,97.263,340.421,1702.106,1167.158,72.948,1702.106
2026-01-19,1,851.053,462,583.579,462,1313.053,6808.422,10698.948,13932.947,13665.473,14127.474,14492.21,12838.737,12522.631,12887.368,14078.842,14613.79,14613.789,14492.211,15197.369,15416.211,14224.736,15294.632,14176.106,14419.263
2026-01-20,1,12911.685,12522.631,13106.21,13981.579,14005.895,13106.21,14467.895,15610.737,14905.58,14176.105,13835.685,12109.263,11379.789,10164,12012,12012.001,13519.578,13714.105,14054.526,14735.369,15635.053,13446.63,13689.79,13543.895
2026-01-21,1,12960.315,14200.421,12717.158,14054.525,15148.737,15610.737,15926.842,16461.79,16607.683,15027.158,14711.052,12863.053,13057.579,13446.632,16121.368,17239.895,16996.737,17361.474,17993.685,18990.632,18966.316,17847.789,16899.473,14540.843
2026-01-22,1,13154.842,12692.843,13154.842,14711.052,15878.211,16704.948,18188.211,17726.21,15926.843,15464.843,15027.158,11233.895,13154.842,12814.422,14249.053,14419.263,14103.158,13398.001,13495.263,13325.053,13568.21,10188.316,8218.737,7440.631
2026-01-23,1,5957.368,5398.105,4085.052,5106.316,5471.053,6249.157,4790.21,3768.947,2455.895,1653.474,1385.999,656.526,437.684,486.316,559.263,559.263,1264.421,2577.474,3501.473,3696,4692.948,3574.421,2480.211,2626.105
2026-01-24,1,1799.368,2626.105,4012.104,5446.738,6322.105,8218.738,7708.106,7854,7854,6954.316,7246.105,6151.895,5519.684,4279.58,6370.736,8729.368,9604.737,10309.895,10796.211,12060.631,11720.209,6930,5471.052,5252.21
2026-01-25,1,4255.263,3428.526,3525.789,5616.948,8996.842,8583.473,9337.263,9215.685,7294.736,5811.474,6808.421,4644.316,2990.841,3452.842,6030.315,7586.526,8996.841,7902.631,6589.578,5957.368,7610.842,9094.106,6784.105,6395.053
2026-01-26,1,5349.474,3987.79,3817.578,3671.684,4863.159,5544,6200.527,7051.579,6054.632,3841.894,2601.79,1386,437.684,364.737,510.632,851.052,3015.158,1726.421,2942.21,3647.369,3404.21,3161.053,3452.842,5179.264
2026-01-27,1,5860.105,5471.052,6905.684,8218.737,8243.053,11209.579,12328.105,12838.736,12060.631,11136.631,9629.052,10407.158,11647.263,9823.579,6954.315,12960.316,14492.21,14419.263,14832.632,12230.842,9215.684,7294.736,8316,9312.946
2026-01-28,1,9531.79,9118.421,10115.368,10504.421,12182.211,14249.052,13981.578,12060.632,11282.526,11598.631,13957.264,9677.684,7075.894,6370.737,8607.79,8607.79,6905.684,5787.157,4085.052,7319.053,8680.737,11768.842,12571.263,10528.738
2026-01-29,1,9094.106,8607.79,8802.316,6735.474,8583.473,10309.895,10601.684,9920.842,8218.737,5033.368,5592.632,996.947,1094.211,1045.578,1434.632,4279.578,5884.422,6249.157,8534.842,8316,10796.21,9264.316,7027.263,8948.211
2026-01-30,1,6322.106,5179.264,4449.79,6954.316,8340.316,9872.21,11136.632,7999.895,4352.526,5057.685,5349.473,4109.368,2018.211,4547.053,9920.842,12012,12765.789,9993.789,7392,6784.105,7902.632,8048.526,7683.789,7319.053
2026-01-31,1,,,,,,,,,,,,,,,,,,,,,,,,
2026-02-01,1,6711.159,4425.473,1580.527,2334.316,3161.054,6930.001,6954.317,4984.737,2772.001,3331.264,3841.894,3379.895,2796.316,2115.475,3841.895,4401.158,3550.104,2844.947,2747.684,2699.053,3161.054,1434.631,121.579,0
2026-02-02,1,0,0,194.526,243.158,389.052,972.632,1872.316,4182.316,4157.999,6540.947,8899.579,10188.315,11185.263,11258.211,12546.947,13252.105,13179.158,12814.422,13325.053,12911.684,11841.789,10820.527,9896.526,8826.632
2026-02-03,,,,,,,,,,,,,,,,,,,,,,,,,
2026-02-04,1,340.421,145.896,145.896,0,24.316,145.895,121.58,0,0,24.316,121.579,97.264,97.264,121.579,72.948,97.264,121.58,0,0,48.632,267.473,389.052,1556.21,1969.58
2026-02-05,1,778.105,437.684,291.789,48.632,0,826.737,48.632,145.895,0,0,0,145.895,413.368,389.052,437.684,437.684,437.684,2504.527,4401.158,7100.211,10188.316,10747.58,5276.527,5325.157
2026-02-06,1,4887.474,4012.104,4960.421,8753.684,9969.474,14346.316,15075.789,15391.895,13130.526,12911.684,13616.843,10674.633,6954.317,5933.052,8072.843,8340.315,11258.211,10966.421,12863.054,14394.947,13665.473,10212.631,9872.21,11671.579
2026-02-07,1,11379.79,11282.526,10309.895,12644.211,13835.684,14589.474,15318.948,15829.58,14200.422,12012.001,12449.684,11209.579,10650.316,10966.42,12984.632,14054.526,14054.527,14176.106,15586.421,15440.526,15124.421,14054.526,13081.895,10577.368
2026-02-08,1,7926.948,9993.79,10334.211,11185.263,13179.157,14419.263,15318.948,14662.422,13252.106,13470.948,13932.947,12376.737,12206.526,11039.368,13203.474,13908.631,13568.209,13762.737,15002.843,14929.895,15294.631,12936,10601.684,8510.526
2026-02-09,1,6006.001,3623.053,5276.526,7708.106,4449.789,4474.105,4328.211,4619.999,2164.106,413.369,1556.21,1021.263,486.316,437.684,413.368,218.843,0,0,1069.895,1458.948,72.947,0,0,0
2026-02-10,1,0,72.948,389.052,462,1507.579,2990.842,1726.421,218.843,680.842,1045.579,1142.842,559.263,826.737,2164.106,802.421,462,1313.053,1240.105,1799.368,1848,1872.315,948.316,1434.631,1629.157
2026-02-11,1,996.948,2455.895,3939.158,4352.527,6589.579,8364.631,9604.737,10917.789,8048.526,4522.737,4133.684,3452.842,2285.685,3088.105,5227.895,6273.474,7002.948,6200.527,5933.054,6151.895,6346.421,5057.684,3817.58,2115.473
2026-02-12,1,1142.841,826.738,656.526,1653.474,3404.21,4595.684,5689.894,6151.895,4109.368,1458.947,1337.368,583.579,437.684,291.79,437.684,437.684,437.684,340.421,1361.683,607.895,0,0,0,0
2026-02-13,1,0,0,0,0,0,0,0,0,0,0,0,0,24.316,218.843,48.632,97.264,340.42,316.104,510.631,826.737,972.633,1386,1556.211,1799.368
2026-02-14,1,802.421,1410.315,1677.788,3355.579,3477.158,3841.896,4328.211,6881.368,5787.158,3914.843,3550.105,2188.421,462,194.526,97.263,97.263,437.684,437.684,1677.789,2553.158,1629.157,826.736,121.579,364.736
2026-02-15,,,,,,,,,,,,,,,,,,,,,,,,,
2026-02-16,1,8461.894,9677.684,8583.474,12474,13300.736,14127.474,13276.421,13908.631,14103.158,13081.894,13932.947,11768.842,9872.21,6978.632,8364.632,8680.737,10674.631,10796.211,11209.579,11841.789,11574.316,7805.368,6078.947,3574.421
2026-02-17,1,4449.789,4522.737,4206.631,5714.211,7148.842,8802.316,7537.896,6930,4449.789,4085.053,2772.001,778.106,559.264,534.948,1094.211,1823.684,5860.105,7999.895,8388.947,5884.422,5981.684,4376.842,3574.421,3720.315
2026-02-18,1,2650.421,2723.369,3161.053,4644.316,6103.263,8218.738,6881.369,5300.843,3379.894,3623.052,5130.631,3598.737,1775.053,1167.158,1604.843,3379.896,6857.053,6735.474,6468,6054.632,7075.895,7854.001,8559.158,8024.21
2026-02-19,1,7197.474,5568.316,6784.105,6297.789,4838.842,4984.737,4158,3598.738,2066.842,2115.474,2066.842,972.633,1094.21,680.842,486.316,924,1118.526,802.422,1531.895,1920.948,1993.895,753.79,72.948,0
2026-02-20,1,0,0,0,0,0,0,0,0,0,0,72.948,145.895,316.104,291.789,291.789,364.736,243.158,24.316,291.789,0,145.895,656.526,924,1215.79
2026-02-21,1,0,0,0,0,0,0,0,0,0,0,0,0,0,0,0,0,0,0,0,0,0,0,0,0
2026-02-22,1,10966.421,9799.264,8291.685,9726.315,9118.421,7683.79,6808.421,6322.105,4765.895,4158,2212.737,729.474,413.368,243.158,583.579,6857.052,11866.106,13519.579,14443.58,15610.737,14929.894,13592.527,13130.527,13130.527
2026-02-23,1,11525.684,11404.106,11671.579,12522.632,11258.211,10358.526,11452.737,13495.264,11622.947,7464.947,7586.527,4255.263,1458.947,1872.316,2723.369,2553.158,4936.104,3623.053,4571.368,5276.526,5033.369,2723.369,24.316,0
2026-02-24,1,0,0,48.632,24.316,0,194.527,24.316,170.21,48.632,1337.37,1240.106,583.579,0,0,0,72.947,3914.842,11160.948,15173.053,13325.052,8510.526,14151.79,8705.053,6589.579
2026-02-25,1,8534.841,10796.21,9483.158,11477.053,12279.474,10066.737,9556.106,9993.79,5106.315,4012.106,1556.211,607.895,462,413.368,316.105,121.58,0,0,1094.211,1458.948,1531.895,170.21,851.052,924
2026-02-26,1,145.895,1191.473,194.526,437.684,899.685,1531.895,2601.79,1531.895,1823.685,413.369,1920.946,680.842,778.105,729.473,413.368,1677.79,2164.106,1288.737,3744.631,6589.579,4498.421,1799.369,1629.159,680.842
2026-02-27,1,97.264,486.316,559.264,291.789,0,1069.895,1434.632,486.316,0,1094.21,2310,1410.316,24.316,0,778.105,4498.421,5227.895,5373.79,5592.632,6273.474,3379.895,2723.368,3161.053,1410.316
2026-02-28,1,462,462,462,218.843,705.158,2164.106,1750.737,1264.42,1702.104,632.211,0,24.316,0,0,291.789,389.052,267.474,48.632,121.579,0,0,0,0,559.263
2026-03-01,1,534.948,218.843,97.263,97.264,0,1677.789,340.421,243.158,194.526,389.053,534.948,340.422,389.053,97.263,0,0,0,0,510.632,0,0,0,0,24.316
2026-03-02,1,291.789,340.421,534.948,316.106,2990.842,9872.211,7124.527,4060.737,7221.79,4571.37,3574.421,1653.474,996.947,48.632,267.473,72.947,72.948,340.421,1069.895,4182.316,8413.262,7027.264,8024.211,6735.473
2026-03-03,1,5276.526,8899.58,8632.106,5033.369,3331.263,3939.158,4960.422,5325.158,3088.105,1580.526,340.421,364.737,413.368,607.895,534.947,510.632,778.106,1361.684,2577.473,1896.632,1604.842,462.001,534.947,1993.894
2026-03-04,1,948.316,705.158,413.368,437.684,778.105,2504.527,3671.684,1507.579,753.79,1920.947,2917.895,1386,1191.474,559.263,1337.369,2188.421,1604.843,851.053,1702.106,3258.315,1823.685,145.895,0,0
2026-03-05,1,0,0,486.316,413.368,826.736,1094.211,2091.157,2431.579,729.474,218.842,1653.473,1434.632,753.791,826.737,291.789,875.368,1361.684,510.632,3525.79,4109.369,4133.684,3306.947,3112.422,1677.79
2026-03-06,1,826.737,1045.579,3720.315,5860.106,7635.158,13130.526,14954.21,14638.104,12449.684,11890.421,10261.263,6784.106,5106.316,4668.632,7586.527,7878.316,9215.685,12012,14176.105,14297.685,13981.58,12790.106,11477.053,11063.684
2026-03-07,1,8923.894,8996.843,8340.316,8437.578,7951.264,11331.158,12644.211,12571.263,10577.368,9872.211,8948.211,8170.105,5082,3841.895,4401.158,4814.527,8340.316,9945.157,12084.947,11355.473,8194.421,5884.421,5325.158,8826.632
2026-03-08,1,5811.474,2869.264,4425.473,6662.527,6686.842,5616.947,6881.369,5300.842,2237.053,1240.105,413.369,316.106,340.421,72.948,364.737,413.368,413.368,559.264,1288.737,1021.262,1604.841,3404.211,3501.473,3550.105
2026-03-09,1,2966.527,3841.895,4790.21,6176.211,7805.368,8291.684,5471.052,4692.947,4085.053,7926.947,8607.79,6468,6419.368,7246.106,11355.474,10698.947,10091.053,12303.789,14176.106,14540.842,14394.946,12595.578,11428.421,10990.737
2026-03-10,1,4644.315,2966.526,2091.158,4060.736,4498.422,5154.948,3696,3744.632,1531.895,1702.105,1264.42,656.526,462,437.684,437.684,413.368,243.157,316.105,1702.105,2382.948,632.21,437.684,48.632,0
2026-03-11,1,24.316,0,0,0,0,121.58,72.948,72.948,48.632,583.58,899.684,559.263,486.316,607.895,462,1386,729.473,729.473,1531.894,1604.842,1361.684,753.79,1118.526,1531.895
2026-03-12,1,1167.158,899.685,1313.053,2577.473,3209.684,5081.999,4571.368,4036.422,2164.105,4668.632,6030.317,4425.474,3550.106,2796.316,5227.895,4158,4717.263,4206.632,5616.947,4425.474,3379.895,1264.421,705.158,583.579
2026-03-13,1,462,510.631,486.316,413.368,340.421,2382.948,2699.053,1069.895,996.948,1799.368,2212.737,1361.684,875.368,948.315,1750.737,2018.21,1240.106,1434.631,2018.211,1604.842,1677.789,389.053,1264.421,121.579
2026-03-14,1,48.632,121.58,72.948,24.316,72.948,0,729.475,364.736,972.632,1264.421,48.632,24.316,48.632,291.79,243.158,437.684,462,1483.264,2382.948,3331.262,3671.685,3647.369,2966.526,1945.264
2026-03-15,1,996.948,1750.737,3428.526,4644.315,4741.579,4838.842,5422.42,4741.579,2042.526,1920.948,2869.263,1337.368,462,486.316,875.369,2480.211,2893.578,3452.842,3914.842,3136.737,3404.21,2164.105,2942.21,3452.842
2026-03-16,1,2407.263,705.159,510.632,3404.211,3744.631,5884.421,5811.474,5179.263,3696,2869.263,1118.527,389.053,218.842,243.158,340.42,218.842,72.948,340.421,389.053,340.422,0,340.421,170.211,0
2026-03-17,1,24.316,0,145.895,389.052,121.579,97.263,0,0,0,0,0,0,24.316,0,121.579,145.895,0,0,170.211,1264.421,2164.106,2528.842,3744.632,3039.474
2026-03-18,1,3112.421,1702.105,1750.736,5276.526,7027.263,10431.473,8802.316,5422.421,4619.999,3404.211,3331.264,632.21,437.684,1848,3939.158,5033.368,7586.526,8875.263,9531.789,9726.315,11501.369,9969.473,7610.842,6808.421
2026-03-19,1,4814.527,4547.053,5276.526,6662.527,6638.211,9361.579,10334.21,10115.369,6808.42,6954.317,3987.789,2115.474,1191.473,1313.053,2626.106,2358.631,2164.105,2358.633,3452.842,4085.052,4887.473,3914.841,3574.422,4376.842
2026-03-20,1,4303.896,3696,2723.368,3623.053,5130.631,6589.578,7756.737,5641.263,3209.684,2820.633,2382.948,1604.842,1288.736,1361.684,3598.737,2164.105,1726.421,1677.789,2601.79,3987.79,4863.158,3647.368,2966.526,2407.262
2026-03-21,1,1677.79,1483.264,607.894,1580.526,2674.737,5203.579,3720.315,2431.58,121.579,0,0,218.843,170.211,364.736,291.789,364.736,267.473,291.79,145.895,97.263,1458.947,1580.526,826.736,656.525
2026-03-22,1,486.316,0,24.316,0,72.948,316.105,851.053,48.632,0,0,97.263,340.421,145.895,267.474,0,97.263,413.368,1458.948,2528.842,1920.948,2480.21,2480.21,2139.789,948.315
2026-03-23,1,656.526,510.632,1069.895,2066.842,4547.052,4474.105,5106.316,4182.316,2601.79,4279.58,2723.368,1458.946,729.474,437.684,632.21,948.316,170.21,0,1069.895,1458.948,1458.948,534.948,924,0
2026-03-24,1,0,0,0,0,0,0,0,0,0,0,0,48.632,121.58,145.895,24.316,97.263,0,0,121.579,0,0,0,802.422,1775.053
2026-03-25,1,996.948,899.685,1580.526,1702.104,4547.052,7805.368,9556.105,11136.632,11452.737,9215.685,7343.368,6370.736,6589.579,6492.315,8413.263,5130.632,6054.632,5033.369,2820.631,5544.001,9872.211,7708.106,4717.263,3793.264
2026-03-26,1,2942.211,2723.368,1775.053,3501.473,5154.948,4911.789,6832.736,6516.632,2917.895,1240.105,948.316,534.947,437.684,607.896,413.368,170.211,413.368,72.948,1823.684,3793.263,3841.895,2018.21,1215.789,1848
2026-03-27,1,948.316,802.421,1045.58,2699.053,2820.632,4036.421,4328.211,3841.894,1653.474,1337.367,729.474,486.316,437.684,437.684,437.684,437.684,413.368,680.842,2115.474,3623.052,3112.42,2820.631,1945.262,1142.842
2026-03-28,1,802.421,607.895,778.105,1677.79,2674.738,3501.474,5033.368,5300.841,2261.368,826.737,437.684,534.947,462,437.684,437.684,413.368,291.789,656.526,2577.473,3647.368,2455.895,1702.105,1483.263,924
2026-03-29,1,364.737,24.316,72.948,316.105,0,48.632,413.368,851.053,1240.105,97.263,753.79,1385.999,899.685,851.053,2699.053,2455.894,486.317,243.159,1094.211,2091.158,3209.684,2528.842,2212.737,2917.895
2026-03-30,1,1920.947,2188.42,1531.895,1215.79,3306.947,7829.685,7513.58,5495.368,4182.315,4595.685,4887.474,3185.369,2042.526,1142.842,6808.422,6419.368,4230.946,5568.316,9774.948,10820.527,6540.947,4182.316,3574.421,3525.789
,,,,,,,,,,,,,,,,,,,,,,,,,
