split,model,horizon_hours,n_fits,mae_mean,mae_sd,rmse_mean,rmse_sd,mse_mean,mse_sd,nmae_pct_mean,nmae_pct_sd,nrmse_pct_mean,nrmse_pct_sd,rse_mean,rse_sd,rrse_mean,rrse_sd,rae_mean,rae_sd,wape_pct_mean,wape_pct_sd,smape_pct_mean,smape_pct_sd,mape_nonzero_pct_mean,mape_nonzero_pct_sd,r2_mean,r2_sd,corr_mean,corr_sd,mbe_mean,mbe_sd,tic_mean,tic_sd,count_mean,count_sd,mae_ramp_mean,mae_ramp_sd,rmse_ramp_mean,rmse_ramp_sd,corr_ramp_mean,corr_ramp_sd,vpr_pct_mean,vpr_pct_sd,bound_violation_pct_mean,bound_violation_pct_sd,integrated_negative_mwh_mean,integrated_negative_mwh_sd,min_pred_mwh_mean,min_pred_mwh_sd,max_pred_mwh_mean,max_pred_mwh_sd,zero_f1_mean,zero_f1_sd,zero_balanced_acc_mean,zero_balanced_acc_sd,imbalance_loss_mwh_mean,imbalance_loss_mwh_sd,mae_cut_in_mean,mae_cut_in_sd,rmse_cut_in_mean,rmse_cut_in_sd,cut_in_count_mean,cut_in_count_sd,mae_mean_mean,mae_mean_sd,crps_mean,crps_sd,zero_point_f1_mean_mean,zero_point_f1_mean_sd,zero_point_balanced_acc_mean_mean,zero_point_balanced_acc_mean_sd,zero_brier_mean,zero_brier_sd,zero_auprc_mean,zero_auprc_sd,zero_auroc_mean,zero_auroc_sd,zero_ece_mean,zero_ece_sd,picp_90_pct_mean,picp_90_pct_sd,pinaw_90_pct_mean,pinaw_90_pct_sd,winkler_score_90_mean,winkler_score_90_sd
validation,Naive Persistence,1,1,0.8028,,1.3144,,1.7276,,3.8228,,6.259,,0.0952,,0.3086,,0.2302,,23.7074,,51.51,,74.2,,0.9048,,0.9525,,0.0072,,0.1207,,4249.0,,1.0495,,1.6321,,0.2283,,100.13,,0.0,,0.0,,0.0,,19.4769,,0.775,,0.8548,,1.0017,,0.7368,,1.1586,,1613.0,,0.8028,,0.8027815970816663,,,,,,,,,,,,,,,,,,,
test,Naive Persistence,1,1,0.8602,,1.4337,,2.0555,,4.0963,,6.8272,,0.0939,,0.3065,,0.2321,,23.7893,,52.3191,,80.12,,0.9061,,0.953,,-0.001,,0.1213,,8736.0,,1.1175,,1.7759,,0.2329,,99.99,,0.0,,0.0,,0.0,,20.1092,,0.7244,,0.8353,,1.0755,,0.6969,,1.1114,,3269.0,,0.8602,,0.8602211717032966,,,,,,,,,,,,,,,,,,,
validation,Diurnal Persistence,1,1,3.0932,,4.7296,,22.3688,,14.7293,,22.5218,,1.2327,,1.1103,,0.8871,,91.346,,114.2856,,450.65,,-0.2327,,0.3784,,-0.0173,,0.4361,,4249.0,,0.9978,,1.4962,,0.3579,,99.15,,0.0,,0.0,,0.0,,19.5013,,0.4049,,0.6165,,3.8708,,2.63,,4.0464,,1613.0,,3.0932,,3.093158409978818,,,,,,,,,,,,,,,,,,,
test,Diurnal Persistence,1,1,3.5634,,5.4338,,29.526,,16.9686,,25.8752,,1.3494,,1.1616,,0.9615,,98.5455,,119.0983,,646.1,,-0.3494,,0.323,,-0.0222,,0.4606,,8736.0,,1.1502,,1.7483,,0.256,,99.65,,0.0,,0.0,,0.0,,20.1092,,0.256,,0.5554,,4.4598,,2.8912,,4.532,,3269.0,,3.5634,,3.563409895718864,,,,,,,,,,,,,,,,,,,
validation,Naive Persistence,3,1,1.6336,,2.5768,,6.6398,,7.779,,12.2704,,0.3679,,0.6066,,0.4701,,48.4495,,82.1447,,162.98,,0.6321,,0.8168,,0.0203,,0.237,,4247.0,,1.2819,,2.0417,,-0.2099,,100.41,,0.0,,0.0,,0.0,,19.4769,,0.615,,0.7514,,2.0369,,1.4629,,2.266,,1614.0,,1.6336,,1.6335893896868376,,,,,,,,,,,,,,,,,,,
test,Naive Persistence,3,1,1.7905,,2.8251,,7.9814,,8.5263,,13.453,,0.3647,,0.6039,,0.4831,,49.5088,,83.9547,,196.37,,0.6353,,0.8175,,-0.0039,,0.239,,8734.0,,1.3459,,2.1343,,-0.1083,,99.93,,0.0,,0.0,,0.0,,20.1092,,0.5645,,0.7398,,2.2391,,1.4527,,2.2705,,3267.0,,1.7905,,1.790520777536066,,,,,,,,,,,,,,,,,,,
validation,Diurnal Persistence,3,1,3.0863,,4.72,,22.2785,,14.6965,,22.4762,,1.2345,,1.1111,,0.8882,,91.5333,,114.234,,451.35,,-0.2345,,0.38,,0.0015,,0.4357,,4247.0,,0.9955,,1.494,,0.3588,,99.56,,0.0,,0.0,,0.0,,19.5013,,0.4063,,0.6172,,3.8574,,2.6353,,4.0547,,1614.0,,3.0863,,3.086261678125736,,,,,,,,,,,,,,,,,,,
test,Diurnal Persistence,3,1,3.5636,,5.4342,,29.531,,16.9695,,25.8773,,1.3494,,1.1616,,0.9615,,98.5352,,119.0996,,646.2,,-0.3494,,0.323,,-0.0229,,0.4606,,8734.0,,1.1503,,1.7484,,0.2559,,99.65,,0.0,,0.0,,0.0,,20.1092,,0.256,,0.5554,,4.4602,,2.8913,,4.5329,,3267.0,,3.5636,,3.5635966886878867,,,,,,,,,,,,,,,,,,,
validation,Naive Persistence,6,1,2.0049,,3.2818,,10.77,,9.5474,,15.6275,,0.6036,,0.7769,,0.5802,,59.8899,,93.3146,,238.03,,0.3964,,0.7011,,0.04,,0.3029,,4244.0,,1.2413,,1.9536,,-0.1098,,100.95,,0.0,,0.0,,0.0,,19.4769,,0.549,,0.7088,,2.4962,,1.8062,,2.8612,,1619.0,,2.0049,,2.004946864278982,,,,,,,,,,,,,,,,,,,
test,Naive Persistence,6,1,2.3944,,3.8407,,14.7507,,11.4017,,18.2889,,0.6739,,0.8209,,0.6459,,66.1855,,98.4167,,312.15,,0.3261,,0.6625,,-0.0091,,0.325,,8731.0,,1.3827,,2.1664,,-0.1416,,99.83,,0.0,,0.0,,0.0,,20.1092,,0.467,,0.6815,,2.9952,,1.9227,,3.0479,,3264.0,,2.3944,,2.3943658721795904,,,,,,,,,,,,,,,,,,,
validation,Diurnal Persistence,6,1,3.0735,,4.6967,,22.0591,,14.6356,,22.3653,,1.2364,,1.1119,,0.8894,,91.8076,,114.2873,,452.77,,-0.2364,,0.384,,0.0337,,0.4344,,4244.0,,0.9938,,1.4918,,0.3602,,100.35,,0.0,,0.0,,0.0,,19.5013,,0.4055,,0.6165,,3.8334,,2.6499,,4.0819,,1619.0,,3.0735,,3.073466509189444,,,,,,,,,,,,,,,,,,,
test,Diurnal Persistence,6,1,3.5639,,5.4349,,29.5383,,16.9708,,25.8806,,1.3494,,1.1617,,0.9614,,98.5131,,119.0889,,646.21,,-0.3494,,0.323,,-0.0238,,0.4605,,8731.0,,1.1504,,1.7486,,0.2559,,99.66,,0.0,,0.0,,0.0,,20.1092,,0.256,,0.5554,,4.4608,,2.8914,,4.5342,,3264.0,,3.5639,,3.563868683885007,,,,,,,,,,,,,,,,,,,
validation,Naive Persistence,9,1,2.167,,3.4661,,12.0137,,10.3192,,16.5052,,0.6795,,0.8243,,0.6303,,65.1406,,98.455,,298.46,,0.3205,,0.665,,0.0569,,0.3208,,4241.0,,1.2124,,1.8275,,0.0223,,101.35,,0.0,,0.0,,0.0,,19.4769,,0.501,,0.6775,,2.6946,,1.9068,,2.9295,,1624.0,,2.167,,2.1670350936099974,,,,,,,,,,,,,,,,,,,
test,Naive Persistence,9,1,2.643,,4.1932,,17.5825,,12.5859,,19.9674,,0.803,,0.8961,,0.7128,,73.0547,,105.0909,,340.23,,0.197,,0.5975,,-0.0128,,0.355,,8728.0,,1.3155,,2.0074,,0.02,,99.75,,0.0,,0.0,,0.0,,20.1092,,0.3864,,0.6333,,3.307,,2.1406,,3.3909,,3261.0,,2.643,,2.6430299379010083,,,,,,,,,,,,,,,,,,,
validation,Diurnal Persistence,9,1,3.0609,,4.6756,,21.8614,,14.5755,,22.2648,,1.2365,,1.112,,0.8903,,92.0089,,114.3484,,453.34,,-0.2365,,0.3875,,0.0589,,0.4333,,4241.0,,0.9935,,1.4932,,0.3568,,100.91,,0.0,,0.0,,0.0,,19.5013,,0.4042,,0.6153,,3.8114,,2.6587,,4.0955,,1624.0,,3.0609,,3.0608653791558598,,,,,,,,,,,,,,,,,,,
test,Diurnal Persistence,9,1,3.5644,,5.4357,,29.5471,,16.9734,,25.8844,,1.3494,,1.1616,,0.9612,,98.5222,,119.1124,,646.45,,-0.3494,,0.323,,-0.0245,,0.4606,,8728.0,,1.1505,,1.7488,,0.2559,,99.66,,0.0,,0.0,,0.0,,20.1092,,0.256,,0.5553,,4.4616,,2.8923,,4.5358,,3261.0,,3.5644,,3.564413889207149,,,,,,,,,,,,,,,,,,,
validation,Naive Persistence,12,1,2.2918,,3.639,,13.2421,,10.9132,,17.3284,,0.7549,,0.8689,,0.6697,,69.2063,,99.7082,,301.89,,0.2451,,0.6294,,0.0717,,0.3375,,4238.0,,1.1741,,1.7424,,0.1081,,101.76,,0.0,,0.0,,0.0,,19.4769,,0.4796,,0.6634,,2.8468,,2.0039,,3.1322,,1631.0,,2.2918,,2.2917717730061344,,,,,,,,,,,,,,,,,,,
test,Naive Persistence,12,1,2.8353,,4.4819,,20.087,,13.5016,,21.3422,,0.9171,,0.9577,,0.7645,,78.3571,,106.7868,,405.34,,0.0829,,0.5401,,-0.0158,,0.3795,,8725.0,,1.3082,,1.9621,,0.0638,,99.72,,0.0,,0.0,,0.0,,20.1092,,0.3703,,0.6236,,3.5481,,2.2926,,3.6752,,3258.0,,2.8353,,2.835338103381089,,,,,,,,,,,,,,,,,,,
validation,Diurnal Persistence,12,1,3.047,,4.6521,,21.6425,,14.5096,,22.1531,,1.2338,,1.1108,,0.8904,,92.0127,,114.2571,,452.53,,-0.2338,,0.3921,,0.0831,,0.4317,,4238.0,,0.9935,,1.4941,,0.3544,,101.44,,0.0,,0.0,,0.0,,19.5013,,0.4042,,0.615,,3.788,,2.6666,,4.0993,,1631.0,,3.047,,3.047007096507787,,,,,,,,,,,,,,,,,,,
test,Diurnal Persistence,12,1,3.5655,,5.4366,,29.5572,,16.9784,,25.8888,,1.3495,,1.1617,,0.9613,,98.5347,,119.1327,,646.64,,-0.3495,,0.323,,-0.0247,,0.4606,,8725.0,,1.1507,,1.7491,,0.2556,,99.66,,0.0,,0.0,,0.0,,20.1092,,0.256,,0.5553,,4.463,,2.8945,,4.5379,,3258.0,,3.5655,,3.5654611138108883,,,,,,,,,,,,,,,,,,,
validation,Naive Persistence,24,1,3.0357,,4.6535,,21.6551,,14.4557,,22.1595,,1.2549,,1.1202,,0.8971,,92.4433,,114.4067,,451.18,,-0.2549,,0.3857,,0.081,,0.4346,,4226.0,,0.9913,,1.4929,,0.3473,,102.08,,0.0,,0.0,,0.0,,19.4769,,0.4038,,0.615,,3.7744,,2.6866,,4.123,,1642.0,,3.0357,,3.0356991478939896,,,,,,,,,,,,,,,,,,,
test,Naive Persistence,24,1,3.5668,,5.4388,,29.5807,,16.9847,,25.8991,,1.3496,,1.1617,,0.9614,,98.5854,,119.2049,,647.64,,-0.3496,,0.323,,-0.0212,,0.4606,,8713.0,,1.1515,,1.7499,,0.2555,,99.68,,0.0,,0.0,,0.0,,20.1092,,0.256,,0.5552,,4.4638,,2.8931,,4.5383,,3253.0,,3.5668,,3.566796705153219,,,,,,,,,,,,,,,,,,,
validation,Diurnal Persistence,24,1,3.0357,,4.6535,,21.6551,,14.4557,,22.1595,,1.2549,,1.1202,,0.8971,,92.4433,,114.4067,,451.18,,-0.2549,,0.3857,,0.081,,0.4346,,4226.0,,0.9913,,1.4929,,0.3473,,102.08,,0.0,,0.0,,0.0,,19.4769,,0.4038,,0.615,,3.7744,,2.6866,,4.123,,1642.0,,3.0357,,3.0356991478939896,,,,,,,,,,,,,,,,,,,
test,Diurnal Persistence,24,1,3.5668,,5.4388,,29.5807,,16.9847,,25.8991,,1.3496,,1.1617,,0.9614,,98.5854,,119.2049,,647.64,,-0.3496,,0.323,,-0.0212,,0.4606,,8713.0,,1.1515,,1.7499,,0.2555,,99.68,,0.0,,0.0,,0.0,,20.1092,,0.256,,0.5552,,4.4638,,2.8931,,4.5383,,3253.0,,3.5668,,3.566796705153219,,,,,,,,,,,,,,,,,,,
validation,ARIMA,1,1,0.7783,,1.3258,,1.7578,,4.6609,,6.3135,,0.0969,,0.3112,,0.2807,,28.9051,,86.3215,,210.59,,0.9031,,0.953,,0.3033,,0.1212,,4249.0,,1.0593,,1.6887,,0.2286,,95.53,,12.9913,,6.7668,,-0.2785,,19.5739,,,,,,1.1477,,0.8835,,1.1647,,1613.0,,0.9788,,0.626200000681678,,0.0,,0.5,,0.1106924276394816,,0.7136823377240801,,0.939869028418002,,0.0775599863059965,,93.15,,19.38,,5.295,
test,ARIMA,1,1,0.8369,,1.4261,,2.0336,,4.7563,,6.7907,,0.0929,,0.3049,,0.2695,,27.6225,,76.788,,197.23,,0.9071,,0.9543,,0.2748,,0.1202,,8736.0,,1.1249,,1.829,,0.2381,,96.34,,10.1877,,20.4523,,-0.5044,,20.447,,,,,,1.1798,,0.8073,,1.1016,,3269.0,,0.9988,,0.6688572807164103,,0.0,,0.5,,0.1016545897141459,,0.6212724971465038,,0.9357592914852756,,0.0983088435914137,,92.72,,19.63,,5.8307,
validation,ARIMA,3,1,1.6332,,2.5945,,6.7315,,9.3538,,12.3548,,0.373,,0.6107,,0.5653,,58.2578,,103.596,,435.3,,0.627,,0.8121,,0.6584,,0.236,,4247.0,,1.2443,,2.0373,,-0.2019,,90.46,,12.8561,,5.5471,,-0.2403,,19.5606,,,,,,2.2908,,1.7437,,2.2779,,1614.0,,1.9643,,1.235058672235828,,0.0,,0.5,,0.1331912685133024,,0.5700128207874996,,0.8760763792211292,,0.0817472820951317,,93.24,,34.44,,9.661,
test,ARIMA,3,1,1.7853,,2.8134,,7.9155,,9.6998,,13.3974,,0.3617,,0.6014,,0.5496,,56.323,,95.8144,,424.92,,0.6383,,0.8156,,0.6122,,0.2359,,8734.0,,1.3057,,2.1345,,-0.105,,91.42,,10.0641,,16.6978,,-0.418,,20.4007,,,,,,2.3931,,1.6364,,2.2572,,3267.0,,2.037,,1.3362049258021544,,0.0,,0.5,,0.1276076845249944,,0.4755149720036534,,0.8667125730529512,,0.1169030945636069,,91.7,,34.35,,10.9192,
validation,ARIMA,6,1,2.2052,,3.1262,,9.7732,,11.8585,,14.8867,,0.5478,,0.7401,,0.7206,,74.3877,,109.4165,,691.33,,0.4522,,0.6943,,0.5821,,0.3113,,4244.0,,0.9966,,1.5993,,-0.1139,,59.03,,0.0,,0.0,,1.2467,,13.9669,,,,,,2.9674,,2.1166,,2.5856,,1619.0,,2.4903,,1.5510200122375446,,0.0,,0.5,,0.1395600551569087,,0.5231468940605092,,0.8501658115220555,,0.0753311759355093,,92.58,,40.45,,11.8856,
test,ARIMA,6,1,2.4608,,3.5683,,12.7326,,12.9198,,16.9918,,0.5817,,0.7627,,0.7319,,74.9975,,104.6952,,675.2,,0.4183,,0.6569,,0.4485,,0.3293,,8731.0,,1.1105,,1.7785,,-0.1468,,59.32,,0.0,,0.0,,1.2467,,14.3798,,,,,,3.2793,,2.0923,,2.6364,,3264.0,,2.7132,,1.7709846411926022,,0.0,,0.5,,0.1218433948999256,,0.4101693850317267,,0.8186469046062516,,0.0523606024344839,,89.47,,40.43,,14.5576,
validation,ARIMA,9,1,2.4508,,3.3284,,11.0785,,13.0849,,15.8497,,0.6266,,0.7916,,0.7992,,82.599,,112.155,,828.1,,0.3734,,0.6598,,0.665,,0.3392,,4241.0,,0.9153,,1.4287,,0.0239,,46.77,,0.0,,0.0,,1.6971,,11.9767,,,,,,3.2685,,2.3067,,2.6679,,1624.0,,2.7478,,1.680228545278517,,0.0,,0.5,,0.146040220428599,,0.4801234212642384,,0.8255889393214417,,0.0971532996915559,,93.96,,45.17,,12.2616,
test,ARIMA,9,1,2.7572,,3.8429,,14.7677,,14.4334,,18.2994,,0.6744,,0.8212,,0.8174,,83.7785,,108.5662,,777.91,,0.3256,,0.5932,,0.4841,,0.3637,,8728.0,,0.9969,,1.575,,0.021,,46.82,,0.0,,0.0,,1.6971,,12.3104,,,,,,3.6677,,2.321,,2.7941,,3261.0,,3.031,,1.943294857377252,,0.0,,0.5,,0.1254964909878388,,0.3454650961659865,,0.7786948992437277,,0.0514033420102954,,89.53,,45.2,,15.2135,
validation,ARIMA,12,1,2.6563,,3.5091,,12.3136,,14.053,,16.7099,,0.702,,0.8378,,0.8623,,89.1176,,114.0979,,906.88,,0.298,,0.6259,,0.7189,,0.3632,,4238.0,,0.8616,,1.3412,,0.1099,,37.24,,0.0,,0.0,,2.061,,10.3684,,,,,,3.5092,,2.45,,2.7533,,1631.0,,2.9511,,1.7930197417210667,,0.0,,0.5,,0.1525740114160222,,0.4509202118205008,,0.7981066284516338,,0.084438654542152,,94.34,,47.93,,12.6818,
test,ARIMA,12,1,2.9864,,4.0534,,16.4303,,15.5094,,19.302,,0.7502,,0.8661,,0.8781,,90.0093,,111.0616,,866.87,,0.2498,,0.5375,,0.4993,,0.3903,,8725.0,,0.9484,,1.499,,0.0655,,37.1,,0.0,,0.0,,2.061,,10.638,,,,,,3.9464,,2.4601,,2.8707,,3258.0,,3.257,,2.0744881770565216,,0.0,,0.5,,0.1292683794858065,,0.3166539914286043,,0.7403656421262341,,0.0693418519953808,,90.18,,48.05,,15.6683,
validation,ARIMA,24,1,3.2117,,4.0367,,16.2946,,16.3811,,19.2222,,0.9443,,0.9717,,1.0166,,104.7562,,118.3618,,1099.1,,0.0557,,0.3839,,0.8084,,0.4278,,4226.0,,0.7789,,1.2593,,0.3468,,15.19,,0.0,,0.0,,2.94,,6.4833,,,,,,4.0979,,2.7796,,3.0983,,1642.0,,3.44,,2.127111898108629,,0.0,,0.5,,0.1656838665169434,,0.372891653796166,,0.7233402787388579,,0.0708670499595285,,93.42,,51.37,,14.2291,
test,ARIMA,24,1,3.4982,,4.5334,,20.5513,,17.7483,,21.5874,,0.9376,,0.9683,,1.0046,,103.0173,,115.9394,,1031.67,,0.0624,,0.3226,,0.511,,0.4486,,8713.0,,0.8515,,1.395,,0.2546,,15.0,,0.0,,0.0,,2.94,,6.5983,,,,,,4.5312,,2.7453,,3.0846,,3253.0,,3.7271,,2.386520358135813,,0.0,,0.5,,0.1356455165782475,,0.2284356886838348,,0.6357645972163919,,0.0476736322079075,,89.38,,51.57,,17.4677,
validation,Prophet,1,3,3.0083,0.0,4.0582,0.0,16.4688,0.0,14.3255,0.0,19.3247,0.0,0.9076,0.0,0.9527,0.0,0.8628,0.0,88.84139999999998,1.7404671430534633e-14,117.7672,0.0,696.4699999999999,1.3923737144427707e-13,0.0924,0.0,0.3254,0.0,-0.3301,0.0,0.45269999999999994,6.798699777552591e-17,4249.0,0.0,0.8550999999999999,1.3597399555105182e-16,1.2606,0.0,0.2783,0.0,41.17,0.0,2.1652,0.0,31.6722,0.0,-0.8675,0.0,7.669999999999999,1.0877919644084146e-15,0.0497,0.0,0.5036,0.0,3.843,0.0,2.0939,0.0,2.6743,0.0,1613.0,0.0,3.0083,0.0,3.008348491959921,0.0,,,,,,,,,,,,,,,,,,
test,Prophet,1,3,3.2132,0.0,4.745,0.0,22.5151,0.0,15.3009,0.0,22.595299999999998,4.351167857633658e-15,1.029,0.0,1.0144,0.0,0.867,0.0,88.8603,0.0,120.66969999999999,1.7404671430534633e-14,483.3999999999999,6.961868572213853e-14,-0.029,0.0,0.2751,0.0,-1.4956000000000003,2.7194799110210365e-16,0.5569,0.0,8736.0,0.0,0.8809999999999999,1.3597399555105182e-16,1.3815,0.0,0.2691,0.0,32.43,0.0,13.244,0.0,690.7954999999998,1.3923737144427707e-13,-2.1743,0.0,6.4004,0.0,0.21220000000000003,3.3993498887762956e-17,0.5357,0.0,4.3904,0.0,1.8739,0.0,2.5235,0.0,3269.0,0.0,3.2132,0.0,3.2131915184949134,0.0,,,,,,,,,,,,,,,,,,
validation,Prophet,3,3,3.0007,0.0,4.0468,0.0,16.3766,0.0,14.2889,0.0,19.2705,0.0,0.9075000000000001,1.3597399555105182e-16,0.9526,0.0,0.8636,0.0,88.9948,0.0,117.7966,0.0,697.23,0.0,0.09249999999999999,1.6996749443881478e-17,0.3252,0.0,-0.3155,0.0,0.4523,0.0,4247.0,0.0,0.8529,0.0,1.2584,0.0,0.2779,0.0,41.3,0.0,2.1662,0.0,31.6722,0.0,-0.8675,0.0,7.669999999999999,1.0877919644084146e-15,0.0496,0.0,0.5036,0.0,3.8297000000000003,5.438959822042073e-16,2.0936,0.0,2.6738,0.0,1614.0,0.0,3.0007,0.0,3.000668414398086,0.0,,,,,,,,,,,,,,,,,,
test,Prophet,3,3,3.2136,0.0,4.7455,0.0,22.5198,0.0,15.3029,0.0,22.5976,0.0,1.029,0.0,1.0144,0.0,0.867,0.0,88.8581,0.0,120.6789,0.0,483.48,0.0,-0.029,0.0,0.2752,0.0,-1.4963,0.0,0.557,0.0,8734.0,0.0,0.8811,0.0,1.3816,0.0,0.2691,0.0,32.43,0.0,13.247099999999998,2.175583928816829e-15,690.7954999999998,1.3923737144427707e-13,-2.1743,0.0,6.4004,0.0,0.21220000000000003,3.3993498887762956e-17,0.5357,0.0,4.3911,0.0,1.8742,0.0,2.5241,0.0,3267.0,0.0,3.2136,0.0,3.213616903208093,0.0,,,,,,,,,,,,,,,,,,
validation,Prophet,6,3,2.9872,0.0,4.024,0.0,16.1928,0.0,14.2246,0.0,19.162,0.0,0.9076,0.0,0.9527,0.0,0.8644,0.0,89.2298,0.0,117.7769,0.0,699.4500000000002,1.3923737144427707e-13,0.0924,0.0,0.3245,0.0,-0.2887,0.0,0.4513,0.0,4244.0,0.0,0.8511000000000001,1.3597399555105182e-16,1.2563,0.0,0.278,0.0,41.52,0.0,2.1678,0.0,31.6722,0.0,-0.8675,0.0,7.669999999999999,1.0877919644084146e-15,0.0496,0.0,0.5036,0.0,3.8060999999999994,5.438959822042073e-16,2.0949,0.0,2.6725,0.0,1619.0,0.0,2.9872,0.0,2.987168731969438,0.0,,,,,,,,,,,,,,,,,,
test,Prophet,6,3,3.214,0.0,4.7461,0.0,22.525899999999996,4.351167857633658e-15,15.3046,0.0,22.6007,0.0,1.0291,0.0,1.0144,0.0,0.867,0.0,88.8412,0.0,120.6717,0.0,483.48,0.0,-0.0291,0.0,0.2753,0.0,-1.4976,0.0,0.557,0.0,8731.0,0.0,0.8812000000000001,1.3597399555105182e-16,1.3818,0.0,0.269,0.0,32.44,0.0,13.251600000000002,2.175583928816829e-15,690.7954999999998,1.3923737144427707e-13,-2.1743,0.0,6.4004,0.0,0.21220000000000003,3.3993498887762956e-17,0.5356,0.0,4.3919,0.0,1.8739,0.0,2.5244,0.0,3264.0,0.0,3.214,0.0,3.2139736002735995,0.0,,,,,,,,,,,,,,,,,,
validation,Prophet,9,3,2.9771,0.0,4.0075,0.0,16.06,0.0,14.176700000000002,2.175583928816829e-15,19.0833,0.0,0.9084,0.0,0.9531,0.0,0.8659,0.0,89.491,0.0,117.86920000000002,1.7404671430534633e-14,700.82,0.0,0.0916,0.0,0.3233,0.0,-0.2669,0.0,0.4509,0.0,4241.0,0.0,0.8489,0.0,1.2529,0.0,0.2777,0.0,41.72,0.0,2.1693,0.0,31.6722,0.0,-0.8675,0.0,7.669999999999999,1.0877919644084146e-15,0.04950000000000001,8.498374721940739e-18,0.5035,0.0,3.7881,0.0,2.1007,0.0,2.6766,0.0,1624.0,0.0,2.9771,0.0,2.9771016908974057,0.0,,,,,,,,,,,,,,,,,,
test,Prophet,9,3,3.2148,0.0,4.7469,0.0,22.5333,0.0,15.3084,0.0,22.6044,0.0,1.0291,0.0,1.0144,0.0,0.8668999999999999,1.3597399555105182e-16,88.8575,0.0,120.7035,0.0,483.67,0.0,-0.0291,0.0,0.2754,0.0,-1.4984,0.0,0.5571,0.0,8728.0,0.0,0.8813,0.0,1.382,0.0,0.2689,0.0,32.43,0.0,13.2562,0.0,690.7954999999998,1.3923737144427707e-13,-2.1743,0.0,6.4004,0.0,0.21220000000000003,3.3993498887762956e-17,0.5356,0.0,4.393,0.0,1.8747999999999998,2.7194799110210365e-16,2.5254,0.0,3261.0,0.0,3.2148,0.0,3.2147583006733726,5.438959822042073e-16,,,,,,,,,,,,,,,,,,
validation,Prophet,12,3,2.9701,0.0,3.9949,0.0,15.9589,0.0,14.143499999999998,2.175583928816829e-15,19.0231,0.0,0.9098,0.0,0.9537999999999999,1.3597399555105182e-16,0.8679,0.0,89.6913,0.0,117.9467,0.0,701.29,0.0,0.0902,0.0,0.3216,0.0,-0.2535,0.0,0.45059999999999995,6.798699777552591e-17,4238.0,0.0,0.8484000000000002,1.3597399555105182e-16,1.2534,0.0,0.278,0.0,41.93,0.0,2.1708,0.0,31.6722,0.0,-0.8675,0.0,7.669999999999999,1.0877919644084146e-15,0.0494,0.0,0.5035,0.0,3.776,0.0,2.1085,0.0,2.6837,0.0,1631.0,0.0,2.9701,0.0,2.9701349713626466,0.0,,,,,,,,,,,,,,,,,,
test,Prophet,12,3,3.2153000000000005,5.438959822042073e-16,4.7476,0.0,22.5397,0.0,15.310899999999998,2.175583928816829e-15,22.6076,0.0,1.0291,0.0,1.0144,0.0,0.8668999999999999,1.3597399555105182e-16,88.8571,0.0,120.71499999999999,1.7404671430534633e-14,483.58,0.0,-0.0291,0.0,0.2755,0.0,-1.4995,0.0,0.5571,0.0,8725.0,0.0,0.8811,0.0,1.3819,0.0,0.2688,0.0,32.42,0.0,13.2607,0.0,690.7954999999998,1.3923737144427707e-13,-2.1743,0.0,6.4004,0.0,0.21220000000000003,3.3993498887762956e-17,0.5356,0.0,4.394,0.0,1.8749,0.0,2.5258,0.0,3258.0,0.0,3.2153000000000005,5.438959822042073e-16,3.2152798156591005,0.0,,,,,,,,,,,,,,,,,,
validation,Prophet,24,3,2.9486000000000003,5.438959822042073e-16,3.9621,0.0,15.6986,0.0,14.041000000000002,2.175583928816829e-15,18.8674,0.0,0.9098,0.0,0.9537999999999999,1.3597399555105182e-16,0.8713000000000001,1.3597399555105182e-16,89.79130000000002,1.7404671430534633e-14,117.7355,0.0,701.9500000000002,1.3923737144427707e-13,0.0902,0.0,0.322,0.0,-0.2285,0.0,0.4491,0.0,4226.0,0.0,0.8527,0.0,1.2615,0.0,0.2788,0.0,42.39,0.0,2.177,0.0,31.6722,0.0,-0.8675,0.0,7.669999999999999,1.0877919644084146e-15,0.0497,0.0,0.5035,0.0,3.7429,0.0,2.1203,0.0,2.6952,0.0,1642.0,0.0,2.9486000000000003,5.438959822042073e-16,2.9486126664765973,0.0,,,,,,,,,,,,,,,,,,
test,Prophet,24,3,3.2166,0.0,4.7499,0.0,22.5615,0.0,15.3172,0.0,22.6185,0.0,1.0294,0.0,1.0146,0.0,0.867,0.0,88.9063,0.0,120.7768,0.0,484.12000000000006,6.961868572213853e-14,-0.0294,0.0,0.2752,0.0,-1.5003,0.0,0.5574,0.0,8713.0,0.0,0.8812000000000001,1.3597399555105182e-16,1.3823999999999999,2.7194799110210365e-16,0.2684,0.0,32.42,0.0,13.279000000000002,2.175583928816829e-15,690.7954999999998,1.3923737144427707e-13,-2.1743,0.0,6.4004,0.0,0.21220000000000003,3.3993498887762956e-17,0.5355,0.0,4.3958,0.0,1.8739999999999999,2.7194799110210365e-16,2.5254,0.0,3253.0,0.0,3.2166,0.0,3.2166072262902485,0.0,,,,,,,,,,,,,,,,,,
validation,EMFN (Proposed),1,3,0.7205333333333334,0.006253265813423658,1.1601,0.013163965967746981,1.346,0.03046046618159345,3.516166666666667,0.02156579081168438,5.524433333333334,0.06264186565974322,0.07416666666666667,0.0016653327995729038,0.27236666666666665,0.0031069813860616162,0.21176666666666666,0.0012897028081435406,21.806166666666666,0.13376316134621435,78.84106666666666,0.10540086969912742,92.21333333333332,2.3578026493609103,0.9258333333333333,0.0016653327995728917,0.9622999999999999,0.0008185352771872159,-0.033,0.024651977608297473,0.1083,0.0015132745950421544,4249.0,0.0,0.9257,0.005367494760127877,1.4832666666666665,0.01332603967176049,0.3419666666666667,0.002600640946638623,95.39666666666666,0.4365012409298894,0.0,0.0,0.0,0.0,0.0041333333333333335,0.0010016652800877816,17.353933333333334,0.10189982008489275,,,,,0.9312666666666667,0.010504443504219217,0.6556333333333334,0.001800925687898647,0.9921000000000001,0.0013076696830622236,1613.0,0.0,0.7384,0.00452106182218289,0.5205933531506983,0.0036185778119418137,0.0,0.0,0.5,0.0,0.0727599830375312,0.0008332836511547548,0.8164308843017779,0.0029208366552726855,0.9537173830285176,0.0008694424214451167,0.015844089345069732,0.0028384393098373336,92.15000000000002,0.686949779823826,15.549999999999999,0.3148015247739443,4.094533333333334,0.053734749774548195
test,EMFN (Proposed),1,3,0.8003,0.00993780659904384,1.2878666666666667,0.015500430101559649,1.6587000000000003,0.04001649659827799,3.8407,0.03963231005126996,6.1326,0.07374659314164954,0.07579999999999999,0.001835755975068582,0.2753333333333333,0.0032929217016706264,0.21763333333333335,0.002250185177565027,22.30473333333333,0.23013596705715844,70.75113333333333,0.21265016654903449,83.83,3.4583811241677824,0.9242,0.0018357559750685703,0.9620333333333333,0.0008326663997864858,-0.12976666666666667,0.04900880873203646,0.11173333333333335,0.0017243356208503425,8736.0,0.0,0.9695333333333332,0.005661566332149922,1.5784,0.008534635317340776,0.36423333333333335,0.005991104516976262,94.08999999999999,0.6437390775772432,0.0,0.0,0.0,0.0,0.0037333333333333333,0.0002309401076758504,17.52926666666667,0.18744440064545378,,,,,1.0406000000000002,0.01654176532296366,0.6658333333333334,0.0092980284648593,1.0248333333333335,0.012673726102979095,3269.0,0.0,0.8065333333333333,0.008300803173990621,0.5802226831404179,0.0057584858560410365,0.0,0.0,0.5,0.0,0.06933877193094186,0.0016599829582354803,0.7516123372434255,0.002810144607865609,0.9455878195891684,0.0017780039916574595,0.0311106609421872,0.005420434349081372,89.97333333333334,0.9499649116327064,15.973333333333334,0.4680099714037449,4.624433333333333,0.048468580888378805
validation,DLinear (+Weather),1,3,0.7742333333333332,0.022337039493481075,1.2173666666666667,0.01867467090294583,1.4822,0.04556281378492767,3.6867666666666667,0.10652137500677183,5.797000000000001,0.08879600216225972,0.0817,0.0025238858928247885,0.2858,0.004358898943540678,0.2220333333333333,0.006436096125240305,22.864000000000004,0.6608666658260189,59.65343333333334,2.0165400996095584,87.02,11.928101273882614,0.9183,0.0025238858928248067,0.9584,0.0012288205727444825,-0.0268,0.024209708796266015,0.11356666666666666,0.00219620885467055,4249.0,0.0,1.0006333333333333,0.027626315956589927,1.5405333333333333,0.06097231612242837,0.2772333333333334,0.003178574103797704,95.62666666666667,1.6431778154945165,23.31526666666667,2.8532230658210604,460.34663333333333,104.46655181546545,-1.6592333333333336,0.09963419760972297,18.531133333333333,0.32564045100898137,0.6693666666666668,0.02222663567284385,0.7901333333333334,0.0230578258587694,0.9744999999999999,0.023834638658893074,0.7048333333333333,0.013396019309232657,1.0628,0.003843175770115085,1613.0,0.0,0.7742333333333332,0.022337039493481075,0.77422029447514,0.022377935702175226,,,,,,,,,,,,,,,,,,
test,DLinear (+Weather),1,3,0.8461333333333334,0.022471389216809308,1.3287666666666667,0.025639877794820583,1.7659666666666667,0.06852658851375376,4.029166666666667,0.1070226767247642,6.3273,0.12206649827041001,0.0807,0.0031240998703626587,0.2840666666666667,0.005499393905998478,0.22830000000000003,0.006102458520956949,23.399433333333334,0.6217066215936043,61.407199999999996,0.9687205531008409,101.58999999999999,6.220956518092693,0.9193000000000001,0.0031240998703627016,0.9589,0.0015716233645501887,-0.019733333333333335,0.01826590631020901,0.11393333333333333,0.0029263173671584784,8736.0,0.0,1.0624333333333333,0.03697260246903548,1.6628,0.07245129398430371,0.29733333333333334,0.008309833532227548,95.98333333333335,1.702977784157306,18.32646666666667,1.7175974072329452,729.5600666666666,182.48238572008347,-1.8966,0.0393699123697272,19.573633333333333,0.30577119441394873,0.6008666666666667,0.019499059806394055,0.7719333333333332,0.021105765405057746,1.0626,0.03217188213331628,0.7079,0.01388380351344693,1.0385333333333333,0.011666333328571244,3269.0,0.0,0.8461333333333334,0.022471389216809308,0.8461252352902232,0.022480436304395432,,,,,,,,,,,,,,,,,,
validation,LSTM (+Weather),1,3,0.7358666666666668,0.0076054804801099695,1.1924333333333335,0.019150543943536782,1.4221333333333332,0.045750227686136485,3.504,0.036124922145244896,5.678233333333334,0.09135241284899541,0.07836666666666667,0.0025501633934580186,0.2799333333333333,0.0045003703551300496,0.21103333333333332,0.0021455380055672092,21.730566666666665,0.22410154692311487,64.5954,5.159820884488141,65.71333333333332,5.7833323727184585,0.9216333333333333,0.002550163393458019,0.9606,0.0011532562594670634,-0.09306666666666667,0.08617669831998284,0.11109999999999999,0.0029051678092667896,4249.0,0.0,0.9937666666666667,0.009852072539995522,1.6017666666666666,0.005774368652357882,0.27776666666666666,0.011377756076368198,97.33,1.7345604630568527,12.748133333333334,6.741441564185908,41.21866666666667,31.882004219674354,-0.26086666666666664,0.0902867838242859,17.659000000000002,0.2667513448888321,0.5268666666666667,0.12910156208711546,0.6924333333333333,0.07994437649599455,0.9430666666666666,0.028550364854644756,0.6798333333333333,0.002542308662089111,1.0687333333333333,0.014830486618224455,1613.0,0.0,0.7358666666666668,0.0076054804801099695,0.7358406505449698,0.007587892973381945,,,,,,,,,,,,,,,,,,
test,LSTM (+Weather),1,3,0.7899666666666666,0.014714052240403884,1.2806,0.024409629247491658,1.6403,0.0622674072047327,3.7616,0.07014420859914229,6.098033333333333,0.11609333888442251,0.07493333333333334,0.0028290163190291626,0.27376666666666666,0.0052003205029434,0.2131333333333333,0.003980368492154133,21.84566666666667,0.40751083830167445,62.216833333333334,1.0914211667973692,68.57666666666667,3.409183675505523,0.9250666666666666,0.0028290163190291934,0.9628333333333333,0.0010016652800877819,-0.19796666666666665,0.06723097004605343,0.1107,0.0028160255680657466,8736.0,0.0,1.0223,0.007301369734508719,1.6766333333333332,0.016551837763020043,0.3138,0.011416216536138408,96.36000000000001,1.0258654882585743,10.760066666666667,4.647185080598074,92.17436666666667,64.242803668686,-0.2801666666666667,0.10337515820221672,18.3442,0.08250860561177789,0.5251333333333333,0.09181864371320968,0.7012333333333333,0.06607831212533603,1.0369,0.035013283193668074,0.6665666666666666,0.01470793436663809,1.0232666666666665,0.021647247708042147,3269.0,0.0,0.7899666666666666,0.014714052240403884,0.7899394036096402,0.014735553931038781,,,,,,,,,,,,,,,,,,
validation,GRU (+Weather),1,3,0.7420333333333334,0.012623919095642765,1.2009,0.0046130250378682725,1.4421333333333333,0.011133882221998534,3.5334000000000003,0.06003174160392153,5.718533333333333,0.022042080966491084,0.0795,0.0006244997998398365,0.2819,0.0010583005244258455,0.2128,0.003666060555964665,21.9128,0.3725306833000457,62.68783333333332,5.476258036591532,66.55666666666667,7.081993598792177,0.9205,0.0006244997998398776,0.9598999999999999,0.0005291502622129018,-0.09136666666666667,0.05551777493139772,0.11186666666666667,0.0010692676621563584,4249.0,0.0,0.9966,0.01370985047329115,1.6044333333333334,0.010627480102702367,0.27320000000000005,0.0070149839629182476,97.28333333333335,1.385869161693602,15.399733333333332,4.4836523965772965,64.17186666666667,46.73636822885721,-0.34883333333333333,0.15000421105200126,17.923,0.1336793551749861,0.5814,0.1073031686391413,0.7212666666666667,0.06678699973298194,0.9503666666666666,0.01670638600455925,0.6784666666666667,0.01856187849689071,1.0671666666666668,0.009742860633989062,1613.0,0.0,0.7420333333333334,0.012623919095642765,0.7420114751157388,0.012616010002499648,,,,,,,,,,,,,,,,,,
test,GRU (+Weather),1,3,0.8038,0.01108016245368275,1.3023,0.016285883457767925,1.6962,0.04254303703310329,3.8275333333333337,0.05264146021277657,6.201533333333334,0.07755090801101742,0.0775,0.0019287301521985858,0.2784,0.0035000000000000035,0.21686666666666668,0.002995552258488131,22.228333333333335,0.3058088346227647,61.3727,2.0964028620472726,71.23666666666668,1.180353054527895,0.9225,0.0019287301521986088,0.9614666666666668,0.0004932882862316341,-0.1723,0.07636772878644486,0.11220000000000001,0.002594224354214565,8736.0,0.0,1.0257333333333334,0.010870755876816126,1.6760333333333335,0.018728943732451424,0.30393333333333333,0.01047393590458398,97.03000000000002,2.1669333169250975,12.9388,3.2748130282506205,137.4334,88.21783765310732,-0.3145,0.11697542476947882,18.5553,0.28780786994104224,0.5699333333333333,0.05915457153368057,0.7302333333333332,0.04690589870510246,1.0478,0.032633112018316694,0.6796666666666668,0.0049409850569834225,1.0412,0.0062353829072479125,3269.0,0.0,0.8038,0.01108016245368275,0.8037774692965183,0.011057091699287295,,,,,,,,,,,,,,,,,,
validation,CNN-LSTM (+Weather),1,3,0.7721333333333332,0.012895864970343566,1.2451333333333334,0.01460285360240707,1.5505666666666666,0.03651387863995459,3.6767333333333334,0.06138162048474554,5.9293000000000005,0.06968722982010411,0.08546666666666668,0.0020108041509140895,0.2923,0.0034394767043839586,0.2214333333333333,0.0036909799963334034,22.8018,0.38073628668673015,60.61756666666667,3.573827237477119,65.83999999999999,3.7393983473280827,0.9145333333333334,0.002010804150914099,0.9571333333333333,0.0011930353445448781,-0.13696666666666665,0.028940340933260148,0.11626666666666667,0.0022120880030716077,4249.0,0.0,0.9512,0.022670024261125053,1.5344999999999998,0.040195895312830146,0.29483333333333334,0.0089018724622033,97.25,2.0118648065911366,20.185133333333336,3.0995267063429743,78.42443333333333,47.77833800942989,-0.23576666666666668,0.09746970469501451,16.471933333333332,0.6411948247867686,0.6668,0.05490109288529688,0.7796333333333334,0.043204667957679466,0.9994,0.021437583819078156,0.7019333333333333,0.01410011820281419,1.0957333333333334,0.013836304901718959,1613.0,0.0,0.7721333333333332,0.012895864970343566,0.7721155921808055,0.012892216995807162,,,,,,,,,,,,,,,,,,
test,CNN-LSTM (+Weather),1,3,0.8591000000000001,0.022246797522340166,1.3810333333333331,0.028552466326629847,1.9078333333333333,0.07918208972572856,4.090966666666667,0.10579680209407699,6.576433333333333,0.13584588081106225,0.0872,0.003593048844644342,0.29523333333333335,0.006107645481962214,0.2318,0.006005830500438716,23.758366666666664,0.6145446471439915,64.2009,2.589375762611522,69.94666666666666,4.941217798613352,0.9128,0.0035930488446443607,0.957,0.0016643316977093705,-0.23773333333333335,0.03735991613124063,0.11953333333333332,0.00356417358350198,8736.0,0.0,0.9901666666666666,0.01138083183837338,1.6331999999999998,0.019183065448462638,0.31056666666666666,0.012890435730933741,96.63666666666666,2.380847188152433,15.354100000000003,2.624334003132986,134.1815,73.04045027989629,-0.26110000000000005,0.07591067118659932,16.937733333333334,0.5099164081820989,0.6060333333333333,0.04989351995332997,0.7612333333333333,0.043612995005311586,1.1333,0.036669196882397094,0.7355999999999999,0.013337166115783373,1.118,0.01913922673464111,3269.0,0.0,0.8591000000000001,0.022246797522340166,0.8591031730797853,0.0222216084736163,,,,,,,,,,,,,,,,,,
validation,TCN (+Weather),1,3,0.7882666666666666,0.039164567319623665,1.2442333333333335,0.07782688053194305,1.5521666666666665,0.19713630648191968,3.7535000000000003,0.1864455952818409,5.924933333333333,0.3705435242091454,0.08556666666666667,0.010854185060764972,0.2921,0.018273204426153603,0.22606666666666667,0.011190323200575274,23.2779,1.1564233091735918,64.40653333333334,2.987584471330198,81.63666666666667,7.689332437431308,0.9144333333333333,0.010854185060764921,0.9571666666666667,0.004734272207354923,-0.0981,0.15067989248735214,0.11670000000000001,0.0091427566958768,4249.0,0.0,0.9665666666666667,0.01600260395477351,1.5152,0.012710625476348563,0.2775,0.01509602596712128,95.48333333333333,2.695947576147081,15.250633333333333,3.179603387740888,108.9796,37.53435510022784,-0.7997666666666666,0.2819796505660174,17.870866666666668,0.6888453406486361,0.5753666666666667,0.057205098840342306,0.7148333333333333,0.03747963891679495,1.0098333333333331,0.08001102007432055,0.7219666666666668,0.034115880954964865,1.1079999999999999,0.07207503035032316,1613.0,0.0,0.7882666666666666,0.039164567319623665,0.7882374296326224,0.03915873487987033,,,,,,,,,,,,,,,,,,
test,TCN (+Weather),1,3,0.8556666666666667,0.06114182965313788,1.3594,0.09234126921371612,1.8536000000000001,0.25519406341057393,4.074533333333334,0.29109813351056246,6.473233333333333,0.43959370256332525,0.08473333333333333,0.011662046704302525,0.29059999999999997,0.019712178976460222,0.23086666666666666,0.016480999160649615,23.663,1.69072194047395,63.88040000000001,3.230696296466134,80.81,6.156240736033637,0.9152666666666667,0.011662046704302539,0.9586333333333333,0.003878573620976309,-0.22353333333333333,0.13390243960934145,0.11863333333333333,0.010205064102362781,8736.0,0.0,0.9975666666666667,0.020523482485517268,1.5945999999999998,0.032865331277807046,0.3158666666666667,0.0032020826556060956,94.16000000000001,3.358139365779806,14.5261,2.613232211266347,231.47906666666665,56.133527037264756,-0.9513000000000001,0.23706094153191923,19.01093333333333,1.1770899554975964,0.5464333333333333,0.017793350818025615,0.7214666666666666,0.01045003987233224,1.1254666666666668,0.10878052828210265,0.7237,0.03843917272783068,1.0898333333333334,0.06045281906853758,3269.0,0.0,0.8556666666666667,0.06114182965313788,0.8556558118664084,0.06113603606686174,,,,,,,,,,,,,,,,,,
validation,Transformer (+Weather),1,3,0.7882333333333333,0.023100288598485817,1.2557333333333334,0.03745147972154549,1.5777666666666665,0.09479411022491505,3.753433333333333,0.11010096881196506,5.979566666666667,0.17829700876159768,0.08696666666666668,0.005244362052083486,0.2947666666666666,0.008812112875657774,0.22603333333333334,0.006650062656346419,23.277366666666666,0.6827569870263752,66.89036666666665,8.262815763003148,77.14666666666666,5.145914236880877,0.9130333333333334,0.005244362052083458,0.9559000000000001,0.002443358344574147,-0.08163333333333334,0.007824534064935326,0.11696666666666666,0.0031659648345067452,4249.0,0.0,0.9147333333333334,0.011754715365900337,1.4667333333333332,0.01968154804209611,0.30593333333333333,0.015220490574660633,97.13,0.9924212815130479,12.685366666666667,8.356856727462386,42.03436666666667,34.700707596003475,-0.18113333333333334,0.07656698592300296,17.206633333333333,0.597861725931116,0.4870333333333334,0.2451599953771686,0.6833666666666667,0.11269296044267069,1.0057,0.028974644087546648,0.7067,0.03260736113211253,1.0853333333333335,0.05091388153866616,1613.0,0.0,0.7882333333333333,0.023100288598485817,0.7882191477218011,0.0231194712290166,,,,,,,,,,,,,,,,,,
test,Transformer (+Weather),1,3,0.8603000000000001,0.013450278807519193,1.3681,0.028597377502141665,1.8722666666666665,0.07815307628835429,4.096699999999999,0.06403772325746755,6.514866666666666,0.13617489979189779,0.08556666666666668,0.0035557465226494023,0.2925,0.006109828148156045,0.23213333333333333,0.003617089069035121,23.791866666666667,0.3719347568234698,65.31083333333333,2.9894906294105246,80.2,10.002639651611972,0.9144333333333333,0.003555746522649403,0.9574666666666666,0.0012055427546683194,-0.20796666666666663,0.07440338253959515,0.11866666666666666,0.0027465129406819356,8736.0,0.0,0.9502666666666667,0.008113158036999727,1.5522,0.014281806608409154,0.3399666666666667,0.0031533051443419524,95.38666666666666,1.285936753239965,10.038933333333334,5.657556603634942,64.91546666666666,44.51697264373818,-0.3300666666666667,0.2582701363559739,17.638,0.31966799964963694,0.47829999999999995,0.17367057897064772,0.6825,0.08885420642828343,1.1273666666666666,0.032848795005804045,0.7254,0.028588808999327035,1.0932333333333333,0.04508839466351992,3269.0,0.0,0.8603000000000001,0.013450278807519193,0.8603143250514567,0.013449057647525953,,,,,,,,,,,,,,,,,,
validation,LightGBM (24h matched),1,3,0.7723,0.0,1.1945,0.0,1.4269,0.0,3.6778,0.0,5.688199999999999,1.0877919644084146e-15,0.0786,0.0,0.2804,0.0,0.2215,0.0,22.8087,0.0,78.6903,0.0,92.83,0.0,0.9213999999999999,1.3597399555105182e-16,0.9603,0.0,-0.025399999999999995,4.2491873609703695e-18,0.1123,0.0,4249.0,0.0,0.9739,0.0,1.5223000000000002,2.7194799110210365e-16,0.2858,0.0,93.14,0.0,1.012,0.0,1.1565,0.0,-0.1724,0.0,17.4453,0.0,0.0582,0.0,0.5131,0.0,0.9718,0.0,0.6849,0.0,1.0297,0.0,1613.0,0.0,0.7723,0.0,0.7723474363306208,0.0,,,,,,,,,,,,,,,,,,
test,LightGBM (24h matched),1,3,0.8209,0.0,1.2867,0.0,1.6556,0.0,3.9090000000000003,5.438959822042073e-16,6.127100000000001,1.0877919644084146e-15,0.0757,0.0,0.2751,0.0,0.2215,0.0,22.701399999999996,4.351167857633658e-15,68.609,0.0,98.12,0.0,0.9243,0.0,0.9623,0.0,-0.0632,0.0,0.1119,0.0,8736.0,0.0,1.0187,0.0,1.6189,0.0,0.3116,0.0,92.25,0.0,0.8241999999999999,1.3597399555105182e-16,2.7686000000000006,5.438959822042073e-16,-0.23440000000000003,3.3993498887762956e-17,17.8689,0.0,0.0654,0.0,0.5156,0.0,1.0419,0.0,0.6532,0.0,0.9873,0.0,3269.0,0.0,0.8209,0.0,0.8208848832926825,0.0,,,,,,,,,,,,,,,,,,
validation,Quantile LightGBM (24h matched),1,3,0.7458,0.0,1.2675,0.0,1.6064999999999998,2.7194799110210365e-16,4.055,0.0,6.0356,0.0,0.08849999999999998,1.6996749443881478e-17,0.2975,0.0,0.2442,0.0,25.1477,0.0,82.1469,0.0,124.39,0.0,0.9114999999999999,1.3597399555105182e-16,0.9581,0.0,-0.056299999999999996,8.498374721940739e-18,0.1213,0.0,4249.0,0.0,0.9491999999999999,1.3597399555105182e-16,1.4807999999999997,2.7194799110210365e-16,0.2655,0.0,87.88,0.0,0.0,0.0,0.0,0.0,0.0707,0.0,15.2569,0.0,,,,,1.0785,0.0,0.7334,0.0,1.0566,0.0,1613.0,0.0,0.8516,0.0,0.5512473144100676,0.0,0.0,0.0,0.5,0.0,0.1580015762297073,0.0,0.6777769412796738,0.0,0.9285360259334547,0.0,0.1664461607201695,0.0,92.56,0.0,19.23,0.0,4.8762,0.0
test,Quantile LightGBM (24h matched),1,3,0.8051,0.0,1.3950000000000002,2.7194799110210365e-16,1.9462,0.0,4.3352,0.0,6.6431,0.0,0.08890000000000002,1.6996749443881478e-17,0.2982,0.0,0.2457,0.0,25.1768,0.0,71.8083,0.0,121.58999999999999,1.7404671430534633e-14,0.9110999999999999,1.3597399555105182e-16,0.9591,0.0,-0.1027,0.0,0.1236,0.0,8736.0,0.0,0.9967,0.0,1.5862,0.0,0.2848,0.0,86.82,0.0,0.0,0.0,0.0,0.0,0.0673,0.0,15.3456,0.0,,,,,1.1637,0.0,0.6891000000000002,1.3597399555105182e-16,1.0064,0.0,3269.0,0.0,0.9104,0.0,0.5960258198523055,0.0,0.0,0.0,0.5,0.0,0.1179357134844386,0.0,0.5986474754427169,0.0,0.925919459404493,0.0,0.11626138348214292,1.6996749443881478e-17,92.0,0.0,20.61,0.0,5.369800000000001,1.0877919644084146e-15
validation,Hurdle Quantile LightGBM (24h matched),1,3,0.7356000000000001,1.3597399555105182e-16,1.2328,0.0,1.5198,0.0,3.8722,0.0,5.8704,0.0,0.0838,0.0,0.2894,0.0,0.2332,0.0,24.0141,0.0,81.5117,0.0,116.08999999999999,1.7404671430534633e-14,0.9162,0.0,0.9593000000000002,1.3597399555105182e-16,-0.0389,0.0,0.11720000000000001,1.6996749443881478e-17,4249.0,0.0,0.9526,0.0,1.4791,0.0,0.2749,0.0,89.63,0.0,0.0,0.0,0.0,0.0,0.0153,0.0,15.795,0.0,,,,,1.0262,0.0,0.7149,0.0,1.0396,0.0,1613.0,0.0,0.8132,0.0,0.5380244603280304,0.0,0.0,0.0,0.5,0.0,0.0680887197938353,0.0,0.8204040523861756,1.3597399555105182e-16,0.9582933292613484,0.0,0.0129515532642812,0.0,93.86,0.0,17.94,0.0,4.5818,0.0
test,Hurdle Quantile LightGBM (24h matched),1,3,0.7921,0.0,1.3488999999999998,2.7194799110210365e-16,1.8195,0.0,4.1421,0.0,6.4233,0.0,0.0832,0.0,0.2884,0.0,0.2347,0.0,24.0551,0.0,70.9941,0.0,113.39,0.0,0.9168,0.0,0.9605,0.0,-0.0747,0.0,0.11869999999999999,1.6996749443881478e-17,8736.0,0.0,1.002,0.0,1.588,0.0,0.2951,0.0,88.69,0.0,0.0,0.0,0.0,0.0,0.0187,0.0,15.9798,0.0,,,,,1.106,0.0,0.6768,0.0,0.9940000000000001,1.3597399555105182e-16,3269.0,0.0,0.8698,0.0,0.5813396545867211,0.0,0.0,0.0,0.5,0.0,0.0642502287271013,0.0,0.758524280847373,1.3597399555105182e-16,0.9539911512404956,0.0,0.0177725173953278,0.0,92.81,0.0,18.74,0.0,5.0209,0.0
validation,LightGBM (+Weather),1,3,0.6726,0.0,1.0464,0.0,1.0949,0.0,3.203,0.0,4.9828,0.0,0.0603,0.0,0.2456,0.0,0.1929,0.0,19.8637,0.0,74.1432,0.0,87.92,0.0,0.9396999999999999,1.3597399555105182e-16,0.9697,0.0,-0.011500000000000002,2.1245936804851847e-18,0.0979,0.0,4249.0,0.0,0.8789000000000001,1.3597399555105182e-16,1.3792,0.0,0.4071,0.0,94.39,0.0,1.7181,0.0,2.8242,0.0,-0.129,0.0,17.7948,0.0,0.12069999999999999,1.6996749443881478e-17,0.5308,0.0,0.8437,0.0,0.6036,0.0,0.9141,0.0,1613.0,0.0,0.6726,0.0,0.6726256727167175,0.0,,,,,,,,,,,,,,,,,,
test,LightGBM (+Weather),1,3,0.7371,0.0,1.1716,0.0,1.3727,0.0,3.51,0.0,5.5791,0.0,0.0627,0.0,0.2505,0.0,0.1989,0.0,20.3845,0.0,64.5334,0.0,87.46,0.0,0.9373,0.0,0.9691,0.0,-0.084,0.0,0.1018,0.0,8736.0,0.0,0.9211,0.0,1.4839,0.0,0.4242000000000001,6.798699777552591e-17,92.87,0.0,1.5453,0.0,4.6238,0.0,-0.217,0.0,18.0453,0.0,0.1422,0.0,0.5373,0.0,0.9424,0.0,0.5799,0.0,0.8878,0.0,3269.0,0.0,0.7371,0.0,0.7371030090681288,0.0,,,,,,,,,,,,,,,,,,
validation,EMFN (Proposed),3,3,1.2764333333333333,0.021550251351975795,2.0498666666666665,0.021003888528873256,4.2022,0.08587362808220002,6.3324,0.1413085984644952,9.761233333333333,0.10002831265863386,0.23286666666666664,0.004772141378179541,0.48256666666666664,0.004944019956809778,0.3827,0.008550438585242282,39.43963333333333,0.8800528184906505,91.89813333333335,0.322994896760507,178.23000000000002,27.19576989165778,0.7671333333333333,0.0047721413781795,0.8777666666666667,0.0029263173671584958,-0.035366666666666664,0.21017935991275005,0.1970666666666667,0.006900966115938642,4247.0,0.0,0.9834,0.028429034454233598,1.5362333333333336,0.033838045648845155,0.10556666666666666,0.03233888268529593,87.15000000000002,5.061659806822266,0.0,0.0,0.0,0.0,0.03746666666666667,0.025637927633358617,15.594766666666667,1.2127929927787895,,,,,1.6711,0.05675024229023178,1.1624999999999999,0.0483205960228142,1.760066666666667,0.05830997627621988,1614.0,0.0,1.3297999999999999,0.02970202013331748,0.9177482210828408,0.012160615329466402,0.0,0.0,0.5,0.0,0.10486300133025096,0.0012275536844454566,0.6670394161144317,0.009990255041747954,0.9051882548533744,0.0022337881309304874,0.024774752531693867,0.007560297440689432,92.30333333333333,2.2458925471476445,25.563333333333333,2.419614294331503,7.144333333333333,0.2117409344773311
test,EMFN (Proposed),3,3,1.4747999999999999,0.04222593989480877,2.3237666666666663,0.06518008387025402,5.402833333333334,0.3017191795914431,7.182266666666666,0.1597653383351135,11.065633333333333,0.31023797854765106,0.24686666666666665,0.01378634590213569,0.4967333333333333,0.013901918332853667,0.40693333333333337,0.009073771725877474,41.704766666666664,0.9276196275054399,85.54719999999999,0.9415248058336062,196.0533333333333,29.53860581228122,0.7531333333333334,0.013786345902135679,0.8715666666666667,0.006013595707505883,-0.22093333333333334,0.18270091224001409,0.20996666666666666,0.009872351965632782,8734.0,0.0,1.0413666666666666,0.013803743453619132,1.6658333333333333,0.016274622371451095,0.13413333333333333,0.02338852995237909,83.04666666666667,4.922116753322024,0.0,0.0,0.0,0.0,0.03306666666666667,0.023811201845629997,15.8157,1.1444315488485983,,,,,1.9405999999999999,0.07595057603468193,1.2089666666666667,0.02007992363863305,1.8415666666666668,0.03362385066189378,3267.0,0.0,1.5082666666666666,0.033587845023658976,1.0563447484138109,0.03628624913544405,0.0,0.0,0.5,0.0,0.09625298815371608,0.0027159135099952027,0.560140312145499,0.011371152817591055,0.8830357606654942,0.005222057340017088,0.026982085876557465,0.012150350869606332,89.60666666666667,3.409696956231347,26.483333333333334,2.68544844175667,8.282666666666666,0.6441350505393517
validation,DLinear (+Weather),3,3,1.3833000000000002,0.006337980750996343,2.1678,0.008626123115281877,4.699333333333334,0.03715404868023593,6.587266666666667,0.030243070831734564,10.322766666666666,0.04083642165191896,0.2604,0.0020880613017821036,0.5103000000000001,0.0020074859899884816,0.39809999999999995,0.0018248287590894748,41.02713333333333,0.188303805944898,80.76700000000001,0.9616037593520562,154.16666666666666,7.9988520009644715,0.7395999999999999,0.002088061301782109,0.8644333333333334,0.0008020806277010337,-0.33526666666666666,0.024078275132021654,0.21516666666666664,0.0015011106998930282,4247.0,0.0,1.0774000000000001,0.02365396372703733,1.6495999999999997,0.047364649265037355,-0.03666666666666666,0.01715119043487458,82.90333333333334,1.6737482885229023,23.26346666666667,3.0027107824985957,595.3688000000001,151.79120619195965,-3.1404333333333327,0.26972189998836466,15.133733333333334,0.23850208245072738,0.5528,0.031523324697753555,0.7134333333333333,0.025866065285105343,1.8129666666666668,0.007878028518184851,1.1696,0.006520736154760389,1.7667000000000002,0.020118648065911394,1614.0,0.0,1.3833000000000002,0.006337980750996343,1.3833266366031027,0.0063499719256266355,,,,,,,,,,,,,,,,,,
test,DLinear (+Weather),3,3,1.5687666666666666,0.0158219257150745,2.423166666666667,0.012675304072618175,5.871899999999999,0.061655737770299875,7.470200000000001,0.07538905756142618,11.538933333333333,0.06049730021524378,0.26830000000000004,0.0027874719729532697,0.5179666666666667,0.0027300793639257613,0.4232666666666667,0.004233595792388952,43.376466666666666,0.43791031425776333,81.03083333333335,0.8996019693916477,212.74,18.357788537838655,0.7317,0.0027874719729532567,0.8576333333333334,0.0007505553499465418,-0.24933333333333332,0.09216096426000181,0.2191,0.003218695387886224,8734.0,0.0,1.1387333333333334,0.029776556774303766,1.7585,0.04615983102222102,0.02676666666666667,0.010561407734451566,83.20666666666666,1.400297587419663,16.292633333333335,1.5356063503819375,813.4117,96.6651325845571,-2.6075,0.3220524025682779,17.38083333333333,0.1384487751239899,0.4965,0.025461932369716153,0.6994666666666668,0.019316918318751916,2.0232666666666668,0.0075055534994651965,1.2214333333333334,0.045539470059864924,1.8418999999999999,0.04085670079680933,3267.0,0.0,1.5687666666666666,0.0158219257150745,1.568740607346297,0.015838422477135503,,,,,,,,,,,,,,,,,,
validation,LSTM (+Weather),3,3,1.3231,0.009804590761474921,2.1203999999999996,0.03247599113191148,4.4967,0.13794564146793503,6.300333333333334,0.04683122177920752,10.097033333333334,0.1545778229026838,0.2492,0.007633478892353094,0.49913333333333326,0.007625177593560226,0.38076666666666664,0.002843120351538666,39.240033333333336,0.2914574468654587,85.4326,6.453925211063417,135.01999999999998,6.07816584176509,0.7508,0.007633478892353077,0.8701666666666666,0.003098924544633702,-0.30796666666666667,0.1070255265501335,0.20720000000000002,0.005632051136131488,4247.0,0.0,0.9458000000000001,0.006579513659838347,1.5026000000000002,0.01962727693797582,0.12216666666666665,0.0210086490125694,87.35000000000001,3.18796173126341,8.311766666666665,8.458552881748352,43.06026666666667,66.22432990784681,-0.27613333333333334,0.257705109249571,16.600666666666665,0.7716339114718402,0.3204,0.2133575402932833,0.6047333333333333,0.09039387884880996,1.7308333333333332,0.03823366753704554,1.1447333333333332,0.03560791110600748,1.8030333333333333,0.037411540109080474,1614.0,0.0,1.3231,0.009804590761474921,1.3230696554234849,0.009827770000468338,,,,,,,,,,,,,,,,,,
test,LSTM (+Weather),3,3,1.4729333333333334,0.003992910383834515,2.3518,0.03758084618525765,5.5317333333333325,0.1772129321842324,7.014066666666667,0.01890775854863128,11.198866666666667,0.17897735424721548,0.25276666666666664,0.008129165598838127,0.5026999999999999,0.008020598481410214,0.39736666666666665,0.001078579312490904,40.72783333333333,0.10991134306036683,84.73716666666667,2.25315086563979,149.5633333333333,8.430933123523943,0.7472333333333333,0.008129165598838146,0.8711333333333333,0.00440037877157564,-0.46923333333333334,0.1067142133613575,0.2137,0.005902541825349482,8734.0,0.0,1.0019666666666667,0.011073090505063781,1.6131666666666666,0.021789982407825186,0.1810333333333333,0.018482784782963134,85.67333333333333,3.6889610100044887,7.091033333333333,8.077614041493524,94.56219999999998,151.4666366493625,-0.32576666666666665,0.2527697832679637,17.187766666666665,1.2640068604771622,0.2774333333333333,0.18836194767875314,0.5950666666666667,0.08935106789139867,1.9585000000000001,0.029540988473644496,1.1684666666666668,0.04459398315169142,1.8285333333333333,0.06765148433946841,3267.0,0.0,1.4729333333333334,0.003992910383834515,1.4729513286146627,0.003974477857778967,,,,,,,,,,,,,,,,,,
validation,GRU (+Weather),3,3,1.3181666666666667,0.00550484634965718,2.1068666666666664,0.015060655142899173,4.439066666666666,0.06337896601660006,6.276966666666667,0.026176770872919523,10.032733333333333,0.07172651764398794,0.24596666666666667,0.0034947579792216415,0.49593333333333334,0.003550117368951821,0.3793666666666667,0.001601041327803034,39.09446666666667,0.1631648348552267,86.63493333333334,2.2531375375980303,136.87333333333333,7.006527908553082,0.7540333333333332,0.0034947579792216567,0.8712,0.0015620499351813508,-0.2099,0.08345363982475539,0.20173333333333332,0.00276465790529919,4247.0,0.0,1.0011666666666665,0.01615374053689523,1.5885666666666667,0.02473101965818094,0.0547,0.0037,91.79333333333334,1.2466889481074854,9.504733333333332,4.052216398877697,47.5579,33.539345075150166,-0.4037,0.17323126161290867,16.7405,0.5696064518595279,0.34240000000000004,0.08301463726355733,0.5988666666666667,0.03015001381978674,1.7001666666666668,0.019615385118149906,1.1853666666666667,0.032537107021573496,1.8826999999999998,0.03943462945179017,1614.0,0.0,1.3181666666666667,0.00550484634965718,1.3181624024534886,0.005500508713547225,,,,,,,,,,,,,,,,,,
test,GRU (+Weather),3,3,1.4425333333333332,0.008476044675043466,2.292733333333333,0.031261691146407006,5.2574,0.14379676630578336,6.8691666666666675,0.04017341575387044,10.917899999999998,0.14873923490457983,0.24023333333333333,0.006557692683660414,0.4901,0.006673080248281168,0.3892,0.0023065125189341844,39.88646666666667,0.23340510562824518,84.4785,0.9388468405442942,162.03666666666666,10.123341016350944,0.7597666666666667,0.006557692683660431,0.8748333333333332,0.00236924741918891,-0.3027666666666667,0.07037302987177212,0.20283333333333334,0.0033545988334424334,8734.0,0.0,1.0403,0.02020717694285861,1.6654333333333333,0.019914902292839157,0.13683333333333333,0.01281301421732346,90.94000000000001,0.46936126810805057,7.1941,2.690020721109784,71.38656666666667,43.83513827448629,-0.5343333333333333,0.038215354680198044,18.174333333333333,0.2828339147509245,0.3031,0.0807157977102376,0.5901333333333334,0.032190888980165394,1.8788333333333334,0.027209250877841765,1.1942333333333333,0.017897020236154863,1.8590666666666664,0.016761960903585685,3267.0,0.0,1.4425333333333332,0.008476044675043466,1.4425222753091502,0.008440392668909077,,,,,,,,,,,,,,,,,,
validation,CNN-LSTM (+Weather),3,3,1.3563666666666665,0.015118641914316687,2.153066666666667,0.03502974926163942,4.636466666666666,0.15076194258941286,6.458866666666666,0.07188632229661876,10.252633333333334,0.1665953280657456,0.2569333333333333,0.008358428879480491,0.5068333333333332,0.008258530942808958,0.39033333333333337,0.004354690957270478,40.22733333333333,0.44788342605340226,88.33183333333334,5.348344945245524,148.20000000000002,10.905581139948469,0.7430666666666667,0.008358428879480451,0.8667666666666666,0.0008962886439832793,-0.23486666666666667,0.23455332726979877,0.2089,0.009957911427603683,4247.0,0.0,0.9672000000000001,0.024951352668743203,1.5403333333333336,0.0413400935331953,0.06893333333333333,0.017592422611264584,88.39666666666666,6.550498708749846,5.2115,6.968358033999115,11.602266666666667,18.280554446277975,-0.09993333333333333,0.09351648695996516,15.0255,0.9588064820389984,0.21803333333333333,0.26090918598879065,0.5703333333333332,0.09299571674724239,1.754133333333333,0.07343632162175158,1.2160333333333333,0.015800421935294448,1.9092666666666667,0.0489930947515395,1614.0,0.0,1.3563666666666665,0.015118641914316687,1.3563594836227448,0.01510084372368313,,,,,,,,,,,,,,,,,,
test,CNN-LSTM (+Weather),3,3,1.5155,0.03537046790756382,2.4192,0.06366254785978952,5.8552333333333335,0.3101929130933419,7.216633333333333,0.1683774430656711,11.520000000000001,0.3030442706932442,0.26753333333333335,0.014193777979570244,0.5171,0.01361726844855462,0.4089,0.009559811713626992,41.90416666666667,0.9777958597444245,87.09503333333333,0.2830235738120306,152.20000000000002,11.042232564114924,0.7324666666666667,0.014193777979570258,0.8646666666666666,0.0013316656236959015,-0.5064000000000001,0.19151524743476694,0.2215,0.01196160524344454,8734.0,0.0,1.0071,0.010983168941612487,1.6310666666666667,0.02327194305023391,0.11126666666666667,0.009790471558272021,84.2,5.33361978397411,3.8317666666666668,4.278577329362335,17.086033333333337,22.191070415897777,-0.12216666666666669,0.10088876713159566,15.565399999999999,1.0301456644572156,0.18176666666666666,0.18830975368613634,0.5539333333333333,0.06094754575315836,2.020966666666667,0.09179173891660036,1.1964,0.004570557952810631,1.8793666666666666,0.00793557391329282,3267.0,0.0,1.5155,0.03537046790756382,1.5154934309736012,0.03536170232968332,,,,,,,,,,,,,,,,,,
validation,TCN (+Weather),3,3,1.2896333333333334,0.010072900939319018,2.0538000000000003,0.012330450113438602,4.218133333333333,0.05039070681517909,6.141033333333333,0.04792101139722878,9.779933333333334,0.0585534229002311,0.23373333333333335,0.00281128677536343,0.4834333333333333,0.0028936712552280813,0.37113333333333337,0.0028711205710198464,38.24790000000001,0.29822841916893106,84.36110000000001,0.6827031346053725,140.4,17.74860276190777,0.7662666666666667,0.0028112867753634163,0.8781666666666667,0.0017897858344878735,-0.2782,0.11652574822759132,0.19963333333333333,0.002871120571019858,4247.0,0.0,1.0599999999999998,0.008665448632356043,1.6447,0.009026627277117378,0.058533333333333326,0.018503062809527866,88.37666666666667,0.9915812288125099,11.019533333333333,2.6806287496282164,65.5587,22.98782451799213,-0.7191333333333333,0.22376180043370525,18.707333333333334,0.9389832870362146,0.3957333333333333,0.05267943937945177,0.6203666666666666,0.023002681003164247,1.6815666666666667,0.021830788655779948,1.1468333333333334,0.02806997209356173,1.7957999999999998,0.03743487678622701,1614.0,0.0,1.2896333333333334,0.010072900939319018,1.2896183155643293,0.010054595510749107,,,,,,,,,,,,,,,,,,
test,TCN (+Weather),3,3,1.4606666666666666,0.009845980567385577,2.3320666666666665,0.02638206461468358,5.439066666666666,0.12348219844711786,6.955633333333334,0.046942340518270884,11.105133333333333,0.12574932736731934,0.24853333333333336,0.0056127830292407935,0.49853333333333333,0.005612783029240783,0.3940666666666666,0.002635020556529559,40.38856666666667,0.2728483889146744,85.34840000000001,0.554146406647198,142.10666666666665,9.288984515722543,0.7514666666666666,0.005612783029240814,0.8737666666666666,0.0008144527815247453,-0.4980666666666667,0.08707148404232774,0.2122666666666667,0.004407191093353369,8734.0,0.0,1.1009,0.003278719262150978,1.7479333333333331,0.005685361319505905,0.103,0.012275585525749881,85.57000000000001,1.3788038294115676,9.701533333333332,2.3038072517754893,120.6508,22.321596367867595,-0.8645333333333333,0.2373771120671353,18.807533333333335,0.6151788791346242,0.3333,0.07288833925944532,0.6028,0.03327175979716135,1.9503666666666668,0.033687138990026066,1.1416333333333333,0.014600456613864343,1.7847333333333335,0.019951023365565312,3267.0,0.0,1.4606666666666666,0.009845980567385577,1.4606825657492728,0.009867066650013946,,,,,,,,,,,,,,,,,,
validation,Transformer (+Weather),3,3,1.3327,0.014476187343358015,2.1500999999999997,0.014780730699123137,4.6231,0.06364746656387814,6.346233333333333,0.06894094090838458,10.2386,0.07045537594818486,0.25616666666666665,0.003507610772781546,0.5061333333333334,0.0034559128075420825,0.38353333333333334,0.004176521678781659,39.525733333333335,0.4294443076038286,85.227,5.394456060623722,129.5,5.919738169885555,0.7438333333333333,0.0035076107727815753,0.8678,0.00043588989435401935,-0.1754,0.14347783800991704,0.2040666666666667,0.003669241520169171,4247.0,0.0,0.996,0.020165068807222093,1.5764333333333334,0.04565219965492718,0.1107,0.006444377394287206,93.96,4.883164957279239,10.454466666666667,7.384444267738321,26.547233333333335,21.00086291615974,-0.21916666666666665,0.11461052889387315,16.2161,0.33772567269901166,0.3702666666666667,0.22143758338035874,0.6231,0.08322181204467975,1.7097666666666669,0.04670292638939588,1.1869333333333334,0.05335413136143568,1.8679333333333334,0.08129122543874788,1614.0,0.0,1.3327,0.014476187343358015,1.3327028254787716,0.01448023234246386,,,,,,,,,,,,,,,,,,
test,Transformer (+Weather),3,3,1.5511666666666668,0.012722552154867907,2.4812333333333334,0.047860665826264366,6.158133333333335,0.2374774164701425,7.386333333333333,0.060548933378989506,11.815466666666666,0.22795037471636964,0.2813666666666667,0.010851881557284613,0.5303666666666667,0.010251991676417462,0.41850000000000004,0.0034073450074801454,42.8896,0.3515923207352514,87.09676666666667,2.1393339672274947,150.35333333333335,9.678668985626754,0.7186333333333333,0.010851881557284612,0.8557333333333332,0.003056686659331196,-0.44493333333333335,0.2488492381610467,0.22336666666666663,0.011524466726635709,8734.0,0.0,1.046,0.03403116218996939,1.6840666666666666,0.05467004054629316,0.13646666666666665,0.004536885862938737,88.30666666666667,5.622537979714616,6.9613000000000005,5.416493678571037,40.67916666666667,36.03252912041192,-0.5634333333333333,0.495069937820237,16.456566666666667,0.2563562430161065,0.28923333333333334,0.1996499519993264,0.5948333333333333,0.07082021839371391,2.0501333333333336,0.07442589155215645,1.2304666666666666,0.08777643951159866,1.9393,0.1323992824753972,3267.0,0.0,1.5511666666666668,0.012722552154867907,1.551133463492004,0.012714610269659752,,,,,,,,,,,,,,,,,,
validation,LightGBM (24h matched),3,3,1.4311,0.0,2.0971,0.0,4.398,0.0,6.815,0.0,9.9864,0.0,0.2437,0.0,0.4937,0.0,0.4119,0.0,42.4454,0.0,93.2602,0.0,222.19999999999996,3.4809342861069267e-14,0.7563,0.0,0.8722,0.0,-0.0058,0.0,0.20509999999999998,3.3993498887762956e-17,4247.0,0.0,1.062,0.0,1.6128,0.0,0.0218,0.0,80.61,0.0,1.5305,0.0,10.3189,0.0,-0.6636,0.0,16.3616,0.0,0.0705,0.0,0.5144,0.0,1.7904,0.0,1.2333,0.0,1.7859,0.0,1614.0,0.0,1.4311,0.0,1.4311461570862678,0.0,,,,,,,,,,,,,,,,,,
test,LightGBM (24h matched),3,3,1.5873,0.0,2.3372,0.0,5.462599999999999,1.0877919644084146e-15,7.558800000000001,1.0877919644084146e-15,11.129600000000002,2.175583928816829e-15,0.24959999999999996,3.3993498887762956e-17,0.4996,0.0,0.42829999999999996,6.798699777552591e-17,43.89079999999999,8.702335715267317e-15,86.5928,0.0,258.46,0.0,0.7504,0.0,0.8717,0.0,-0.0694,0.0,0.2127,0.0,8734.0,0.0,1.1107,0.0,1.7108,0.0,0.0712,0.0,77.59,0.0,1.4540999999999997,2.7194799110210365e-16,20.4558,0.0,-0.8796,0.0,16.1765,0.0,0.0747,0.0,0.5156,0.0,2.0015,0.0,1.2312,0.0,1.7768,0.0,3267.0,0.0,1.5873,0.0,1.587342731567178,0.0,,,,,,,,,,,,,,,,,,
validation,Quantile LightGBM (24h matched),3,3,1.3338,0.0,2.2271,0.0,4.96,0.0,7.3364,0.0,10.6053,0.0,0.2748,0.0,0.5243,0.0,0.4434,0.0,45.693000000000005,8.702335715267317e-15,96.1272,0.0,266.25,0.0,0.7252,0.0,0.8633000000000001,1.3597399555105182e-16,-0.1058,0.0,0.2248,0.0,4247.0,0.0,1.0251,0.0,1.5886000000000002,2.7194799110210365e-16,-0.0795,0.0,72.36,0.0,0.0,0.0,0.0,0.0,0.21919999999999998,3.3993498887762956e-17,12.969299999999999,2.175583928816829e-15,,,,,1.9523,0.0,1.2759,0.0,1.784,0.0,1614.0,0.0,1.5406000000000002,2.7194799110210365e-16,0.9870193227111632,0.0,0.0,0.0,0.5,0.0,0.1595272192135625,0.0,0.5582577918594083,0.0,0.8699585149812664,1.3597399555105182e-16,0.1458888627266305,0.0,92.83999999999999,1.7404671430534633e-14,31.19,0.0,8.1519,0.0
test,Quantile LightGBM (24h matched),3,3,1.4976,0.0,2.5131,0.0,6.3155,0.0,8.1538,0.0,11.967,0.0,0.2886,0.0,0.5372,0.0,0.462,0.0,47.3456,0.0,89.02320000000002,1.7404671430534633e-14,286.48,0.0,0.7113999999999999,1.3597399555105182e-16,0.859,0.0,-0.17289999999999997,3.3993498887762956e-17,0.2356,0.0,8734.0,0.0,1.0697,0.0,1.681,0.0,-0.008,0.0,70.07,0.0,0.0,0.0,0.0,0.0,0.215,0.0,13.1884,0.0,,,,,2.1836,0.0,1.2563,0.0,1.7837000000000003,2.7194799110210365e-16,3267.0,0.0,1.7123,0.0,1.1103651597880173,0.0,0.0,0.0,0.5,0.0,0.1204456720861003,0.0,0.4632289746391623,0.0,0.8598513243378311,0.0,0.09409777879551169,1.6996749443881478e-17,90.96999999999998,1.7404671430534633e-14,32.97,0.0,9.3426,0.0
validation,Hurdle Quantile LightGBM (24h matched),3,3,1.3206,0.0,2.1685,0.0,4.7024,0.0,7.0897,0.0,10.3261,0.0,0.2606,0.0,0.5105,0.0,0.42849999999999994,6.798699777552591e-17,44.1566,0.0,95.175,0.0,249.79,0.0,0.7394,0.0,0.867,0.0,-0.05129999999999999,8.498374721940739e-18,0.2158,0.0,4247.0,0.0,1.0277,0.0,1.5786,0.0,-0.0527,0.0,75.72,0.0,0.0,0.0,0.0,0.0,0.08639999999999999,1.6996749443881478e-17,13.8675,0.0,,,,,1.8739,0.0,1.2661,0.0,1.7817,0.0,1614.0,0.0,1.4888000000000001,2.7194799110210365e-16,0.9630199651723254,0.0,0.0,0.0,0.5,0.0,0.10761531775781101,1.6996749443881478e-17,0.6412933760368733,0.0,0.8995526661403167,0.0,0.0302122936244727,0.0,93.76,0.0,30.709999999999997,4.351167857633658e-15,7.9716,0.0
test,Hurdle Quantile LightGBM (24h matched),3,3,1.4859,0.0,2.4442,0.0,5.9739,0.0,7.9157,0.0,11.638799999999998,2.175583928816829e-15,0.273,0.0,0.5225,0.0,0.44849999999999995,6.798699777552591e-17,45.9633,0.0,88.3427,0.0,280.77,0.0,0.727,0.0,0.8626999999999999,1.3597399555105182e-16,-0.10210000000000001,1.6996749443881478e-17,0.2258,0.0,8734.0,0.0,1.0717,0.0,1.6750999999999998,2.7194799110210365e-16,0.0146,0.0,73.32,0.0,0.0,0.0,0.0,0.0,0.0909,0.0,14.374699999999999,2.175583928816829e-15,,,,,2.1034,0.0,1.2567,0.0,1.788,0.0,3267.0,0.0,1.6623,0.0,1.0878315573929704,0.0,0.0,0.0,0.5,0.0,0.0931750569898026,0.0,0.5553595655198198,0.0,0.8898253446241547,1.3597399555105182e-16,0.0157638911838101,0.0,91.52,0.0,32.34,0.0,9.2551,0.0
validation,LightGBM (+Weather),3,3,1.2947,0.0,1.9161,0.0,3.6713,0.0,6.165299999999999,1.0877919644084146e-15,9.1241,0.0,0.2034,0.0,0.451,0.0,0.3726,0.0,38.3988,0.0,89.82189999999999,1.7404671430534633e-14,210.96,0.0,0.7966000000000001,1.3597399555105182e-16,0.8956,0.0,0.0201,0.0,0.1862,0.0,4247.0,0.0,0.9796,0.0,1.4831,0.0,0.2386,0.0,82.1,0.0,1.6011,0.0,5.6817,0.0,-0.2986,0.0,15.8427,0.0,0.08790000000000002,1.6996749443881478e-17,0.52,0.0,1.6133999999999997,2.7194799110210365e-16,1.0968,0.0,1.5832,0.0,1614.0,0.0,1.2947,0.0,1.2947055253739397,0.0,,,,,,,,,,,,,,,,,,
test,LightGBM (+Weather),3,3,1.4817,0.0,2.2238,0.0,4.9452,0.0,7.055699999999999,1.0877919644084146e-15,10.5894,0.0,0.226,0.0,0.4754,0.0,0.3998,0.0,40.9697,0.0,84.3374,0.0,234.29,0.0,0.774,0.0,0.8862,0.0,-0.1291,0.0,0.2027,0.0,8734.0,0.0,1.0371,0.0,1.6139,0.0,0.2408,0.0,78.38,0.0,0.6984,0.0,5.2401,0.0,-0.2789,0.0,16.4652,0.0,0.0296,0.0,0.505,0.0,1.8844,0.0,1.1388,0.0,1.6772,0.0,3267.0,0.0,1.4817,0.0,1.4816989215525862,2.7194799110210365e-16,,,,,,,,,,,,,,,,,,
validation,EMFN (Proposed),6,3,1.649066666666667,0.02606037861070586,2.606633333333333,0.03335061218828423,6.795400000000001,0.1738086303956164,8.3433,0.1096576946684549,12.412633333333332,0.1587030350476424,0.3809,0.00975038460779882,0.6171,0.007900000000000018,0.507,0.006657326790837308,52.33670000000001,0.687934764349062,99.40569999999998,0.22423686137653473,283.68,25.367835934505727,0.6191,0.009750384607798849,0.7876333333333334,0.005453744890745574,-0.08016666666666665,0.09765865723699733,0.2602666666666667,0.006297883242275393,4244.0,0.0,0.9052333333333333,0.01594187358290525,1.4171666666666667,0.015888465417822187,0.18426666666666666,0.005559076661940661,77.53333333333333,2.5869737790192886,0.0,0.0,0.0,0.0,0.20943333333333336,0.06596243880674316,13.3664,0.37126703327928257,,,,,2.2101333333333333,0.03626738663501039,1.4710999999999999,0.017255723688098388,2.1446,0.03773976682492892,1619.0,0.0,1.7521000000000002,0.023051464161740337,1.1855500202608198,0.011377918669683986,0.0,0.0,0.5,0.0,0.12035194435373497,0.0015144874080395435,0.5689706379819204,0.01059855925610059,0.8663188081761327,0.0037340163676342687,0.021034205404376168,0.005259563799219624,92.96333333333332,1.4047894266876184,33.553333333333335,2.7159037783642717,9.330866666666665,0.052803156471307434
test,EMFN (Proposed),6,3,2.0238666666666667,0.03778019763491628,3.1677666666666666,0.06470435327961581,10.037500000000001,0.40991002671317966,9.933200000000001,0.09421820418581568,15.084566666666667,0.3080691534920913,0.4585666666666666,0.01875268869611323,0.6770666666666667,0.013850752085476535,0.5627,0.005311308689955774,57.66073333333333,0.5468733064735685,94.65899999999999,0.4911769436771248,324.8733333333334,16.548502449869392,0.5414333333333333,0.018752688696113285,0.7404000000000001,0.011077454581265501,-0.33103333333333335,0.09815051366820927,0.29950000000000004,0.008863972021616496,8731.0,0.0,1.0054,0.006464518543557605,1.5798333333333332,0.012672937044479146,0.14506666666666668,0.011922387903995297,70.73666666666666,2.4493740697029778,0.0,0.0,0.0,0.0,0.17453333333333332,0.0070670597374957395,13.934733333333334,0.22173789331851548,,,,,2.6902333333333335,0.041738750979555324,1.5676666666666668,0.023823167995321946,2.3387999999999995,0.044351775612708116,3264.0,0.0,2.085966666666667,0.01974470393126559,1.4528537962964083,0.03293422846296019,0.0,0.0,0.5,0.0,0.11444808527730164,0.0006113367884224939,0.43430457169273345,0.004298224556726888,0.8208537608169265,0.004741281826087967,0.046124754762069696,0.004338577002922254,90.72333333333334,2.354768212230946,35.68666666666667,2.7360616464789898,11.4993,0.4013930866370275
validation,DLinear (+Weather),6,3,1.6995333333333331,0.0011503622617825885,2.6697666666666664,0.017673237771651584,7.127933333333334,0.09446344972174879,8.093,0.005499999999999616,12.713233333333333,0.08430695898520728,0.3995333333333333,0.005316327052894076,0.6320333333333333,0.004202776859807539,0.4918,0.0002999999999999947,50.766600000000004,0.03455010853817915,90.9957,1.2126360707153627,204.31333333333336,12.416156141629882,0.6004666666666667,0.005316327052894042,0.783,0.0012529964086141396,-0.4524333333333333,0.10980734644518705,0.27473333333333333,0.005120872321522335,4244.0,0.0,0.9601333333333333,0.007061397406557267,1.4456,0.010315522284402294,0.13486666666666666,0.007381959992666815,76.18333333333332,1.597320673294289,22.16463333333333,2.8951702960850723,614.8927,125.59604080475624,-4.180933333333333,0.6627412340675155,14.723966666666668,0.5637134851441228,0.48313333333333325,0.03695001127649803,0.6673,0.024251391712641974,2.2375000000000003,0.0267669572420924,1.3356000000000001,0.015923567439490464,2.0154333333333336,0.012259825991152237,1619.0,0.0,1.6995333333333331,0.0011503622617825885,1.6995255210274351,0.0011569721148138828,,,,,,,,,,,,,,,,,,
test,DLinear (+Weather),6,3,2.0319333333333334,0.004154916766113873,3.1947000000000005,0.0051797683345879645,10.2061,0.03305283648947569,9.675899999999999,0.01977296133612696,15.212833333333334,0.02460169370863156,0.46626666666666666,0.0015143755588800847,0.6828333333333334,0.001115048578911852,0.5481333333333334,0.0011503622617824775,56.16716666666667,0.11488238913486043,92.6742,0.4650108708406677,300.52,7.9529617124691505,0.5337333333333334,0.0015143755588800725,0.7361,0.0018357559750685703,-0.40606666666666663,0.06552055657069264,0.29960000000000003,0.0028687976575562,8731.0,0.0,1.0844333333333334,0.007005949852327929,1.6407333333333334,0.00987235196563271,0.06853333333333332,0.0021939310229205753,74.79666666666667,2.1501937897160244,14.5077,1.6965289947419113,731.7454000000001,155.63469649782465,-3.2485,0.441517077812399,16.548333333333336,0.6828973300089357,0.3842666666666667,0.03245571341587386,0.6308,0.019949686714332112,2.6414666666666666,0.01565258232156374,1.4805,0.024302469010370108,2.2664333333333335,0.03487009224727311,3264.0,0.0,2.0319333333333334,0.004154916766113873,2.03193687624886,0.0041561429639691005,,,,,,,,,,,,,,,,,,
validation,LSTM (+Weather),6,3,1.7597000000000003,0.027326909814320382,2.8326666666666664,0.04594717981915039,8.025533333333334,0.2595025304950483,8.379433333333333,0.1300308168602096,13.488999999999999,0.21880888921613742,0.4498,0.014561593319413922,0.6706333333333333,0.010900611603636437,0.5092,0.007907591289387702,52.5635,0.8157113521338306,99.76916666666666,1.1032388423788089,197.15666666666667,8.062662918250599,0.5502,0.014561593319413913,0.7542,0.011528659939472552,-0.5611,0.06210531378231653,0.29266666666666663,0.0029771350881901883,4244.0,0.0,0.8887666666666666,0.0074527399883085165,1.4192666666666665,0.010135252011338095,0.06043333333333334,0.05259052512889877,77.18666666666667,2.108111319008875,3.1966666666666668,2.77142643657257,13.758733333333334,12.02807278674906,-0.1929,0.21269774328845148,14.258666666666668,0.6632441053890591,0.13336666666666666,0.11575199062363174,0.5315666666666666,0.02745620755554805,2.3398666666666665,0.027657970520870254,1.3817333333333333,0.032317229666747924,2.163666666666667,0.053126484292990196,1619.0,0.0,1.7597000000000003,0.027326909814320382,1.7596810731995527,0.027308950221580947,,,,,,,,,,,,,,,,,,
test,LSTM (+Weather),6,3,2.0561,0.009945350672550415,3.3406333333333333,0.03865699591708232,11.160866666666665,0.2588765214022574,9.7909,0.047375415565459926,15.9078,0.1839470847825537,0.5099,0.011849472562101638,0.7140333333333334,0.008247625921035293,0.5546333333333333,0.0026727015047201446,56.83473333333333,0.2751320834314577,98.09766666666667,1.4377849955168307,217.85666666666668,7.592775074591199,0.4901,0.011849472562101657,0.7261000000000001,0.0012288205727444825,-0.8887666666666667,0.1201703929149495,0.32643333333333335,0.009597048157289479,8731.0,0.0,0.9845666666666667,0.008268212221111277,1.5802000000000003,0.013857849761056019,0.033999999999999996,0.04445807013355393,71.7,2.871880916751252,2.8557333333333332,3.234200677653342,34.03586666666667,46.490055434935044,-0.25623333333333337,0.21757082371800987,15.497366666666665,0.8174382688211582,0.1218,0.12799484364614067,0.5307333333333333,0.0344395605856598,2.7923000000000004,0.04234938016075338,1.4291666666666665,0.046353029386797764,2.2373333333333334,0.07835791812786579,3264.0,0.0,2.0561,0.009945350672550415,2.0560880757336917,0.009952702577001954,,,,,,,,,,,,,,,,,,
validation,GRU (+Weather),6,3,1.6916333333333335,0.04187616665041509,2.731066666666667,0.03877451912446285,7.459566666666667,0.21096313264012104,8.055433333333333,0.19941951592894108,13.005,0.18466098667558284,0.41806666666666664,0.011837370203441876,0.6465666666666667,0.009152231057689326,0.4895333333333333,0.012122018533781132,50.5311,1.2509188942533394,93.20523333333334,3.546101944859074,188.97333333333336,19.784643876838746,0.5819333333333333,0.011837370203441878,0.7721333333333332,0.00895786432880814,-0.3937,0.09951929461164805,0.2729333333333333,0.003869539162915044,4244.0,0.0,0.9416333333333333,0.020255945629205588,1.5044333333333333,0.04005413004090004,0.08156666666666666,0.1039142114117859,84.00666666666666,3.127064651287744,10.956633333333334,4.389793600311219,54.462266666666665,35.002192681649724,-0.4328666666666667,0.13245604302308492,16.050299999999996,1.2858832139817358,0.38220000000000004,0.08778103439809765,0.6162666666666666,0.04089515048674274,2.2129999999999996,0.03919961734507095,1.3803999999999998,0.050804724189783795,2.1586000000000003,0.07319637969189477,1619.0,0.0,1.6916333333333335,0.04187616665041509,1.6916418892448692,0.041877371786597485,,,,,,,,,,,,,,,,,,
test,GRU (+Weather),6,3,2.020966666666667,0.027343981665685333,3.2213333333333334,0.03304032889263264,10.3779,0.21353807622997825,9.623766666666667,0.1302269685331471,15.339833333333333,0.1574001694196458,0.47413333333333335,0.009717166939665772,0.6885666666666667,0.007078370810669168,0.5451666666666667,0.007375861531599808,55.86456666666667,0.7558403954098603,97.0265,0.6296129048868089,240.28999999999996,25.841573094531213,0.5258666666666666,0.009717166939665726,0.7388,0.007312318373812814,-0.6115,0.11426981228653525,0.3023,0.007336893075410034,8731.0,0.0,1.0322666666666667,0.034003137110174636,1.6407999999999998,0.04215080070413849,0.05723333333333334,0.08148007936504072,78.44333333333333,3.0742858249247607,8.941333333333333,4.5143035357996615,103.44936666666666,87.61458989405436,-0.7752333333333334,0.6925877585788919,17.4837,1.1916869597339725,0.2896666666666667,0.06410127403830078,0.584,0.028111741319242392,2.679133333333333,0.0434921065635288,1.5243333333333335,0.04395740362365971,2.3261000000000003,0.07665696315404098,3264.0,0.0,2.020966666666667,0.027343981665685333,2.0209911189625203,0.027344497760615965,,,,,,,,,,,,,,,,,,
validation,CNN-LSTM (+Weather),6,3,1.796833333333333,0.0580947788818697,2.8547666666666665,0.11710411322124148,8.158833333333334,0.666299762369261,8.556366666666667,0.27661714215379607,13.5941,0.5574945111837428,0.45730000000000004,0.03737311868174772,0.6758666666666667,0.027716661655641916,0.5199333333333334,0.016784615972173254,53.67340000000001,1.7350744277984143,101.5482,2.885594744589058,226.13,22.33367188798117,0.5427,0.03737311868174772,0.7500666666666667,0.019570470953284024,-0.18013333333333328,0.22399188229338432,0.27836666666666665,0.013972950058356805,4244.0,0.0,0.9068333333333333,0.023311871081775775,1.4492333333333336,0.032071846428500694,0.04263333333333333,0.0901333641518685,87.53333333333335,2.90451946685391,1.1388666666666667,1.5637599602667072,2.1074333333333333,3.4273966130772395,-0.03746666666666667,0.10994345516370373,14.9589,0.7908112100874649,0.05393333333333333,0.07162466986544044,0.512,0.016178998732925328,2.2910333333333335,0.10392845295362253,1.540733333333333,0.08296543456966472,2.364933333333333,0.14240310155798347,1619.0,0.0,1.796833333333333,0.0580947788818697,1.7968383784177877,0.05808578870457272,,,,,,,,,,,,,,,,,,
test,CNN-LSTM (+Weather),6,3,2.098933333333333,0.023430820159212006,3.3455,0.06894845901106127,11.195366666666667,0.4626702965755777,9.994933333333334,0.11166567661252691,15.930833333333332,0.328262598133466,0.5114666666666666,0.021125655808360903,0.7150666666666666,0.014710993621551654,0.5661999999999999,0.006326926584053314,58.01906666666667,0.6481207937825597,98.92056666666666,2.232476768822767,243.47,29.1682310056678,0.4885333333333333,0.021125655808360903,0.7170333333333333,0.008370384300217817,-0.5678000000000001,0.3136686787041384,0.31203333333333333,0.017672671935316776,8731.0,0.0,0.9954999999999999,0.01781684596105602,1.5935333333333332,0.028428389566300307,0.03503333333333334,0.06804883050672755,79.80333333333333,5.367535126418208,2.023433333333333,1.9465489573430546,8.304033333333333,9.590418015046753,-0.0618,0.11649175936520145,16.000600000000002,0.04736707717391856,0.0897,0.08445999052806008,0.5200333333333333,0.019430988995245,2.7656000000000005,0.10463092277142541,1.5887666666666667,0.05498857457084452,2.4656,0.0842988137520334,3264.0,0.0,2.098933333333333,0.023430820159212006,2.098932525626525,0.02344669250190055,,,,,,,,,,,,,,,,,,
validation,TCN (+Weather),6,3,1.6609,0.026256999066915483,2.6564666666666668,0.07546498084100565,7.060566666666666,0.4021167284922791,7.909,0.12515873920745585,12.649833333333333,0.3592377253760155,0.3957333333333333,0.02253316074884597,0.6289,0.01786532955195621,0.4806333333333333,0.007616648431779779,49.61256666666666,0.7851927555277963,93.47213333333333,4.897704864866123,198.85333333333332,31.035757334618616,0.6042666666666666,0.022533160748846027,0.7852333333333333,0.012187835465468531,-0.4385333333333334,0.06496186060553785,0.2692333333333334,0.0077021641980246965,4244.0,0.0,0.9811333333333333,0.014312348980280387,1.5331333333333335,0.03709034016200629,0.11369999999999998,0.05467174773134657,80.52333333333333,3.346181903802198,9.9356,6.781860926766339,81.30126666666666,62.601045426121544,-0.8094666666666667,0.2603491949926739,17.020799999999998,0.18728462296729068,0.3277,0.2012641796246913,0.6012666666666667,0.07155147331350581,2.1857333333333333,0.03517702848924752,1.3400333333333334,0.009254368337889589,2.094366666666667,0.06623785423255601,1619.0,0.0,1.6609,0.026256999066915483,1.6608915592489062,0.02628725793049507,,,,,,,,,,,,,,,,,,
test,TCN (+Weather),6,3,1.9573666666666665,0.0058449408323209984,3.1552000000000002,0.036503698442760545,9.9562,0.23026565093387322,9.3208,0.027964978097613107,15.024799999999999,0.17381941778754173,0.4548666666666667,0.0105006349014397,0.6743666666666667,0.007800854654032068,0.528,0.0015620499351813508,54.105999999999995,0.16239073249418928,95.39536666666667,0.7358927390138676,221.76999999999998,26.313222911684537,0.5451333333333332,0.010500634901439699,0.7557999999999999,0.005469003565550142,-0.746,0.05474385810298722,0.3023666666666667,0.002335237318418263,8731.0,0.0,1.0766333333333333,0.013957196471115933,1.6888666666666667,0.024064565928629048,0.07946666666666667,0.039194557445305256,74.59,2.226027852476242,7.4867333333333335,5.002441009480605,119.91820000000001,94.18643248350581,-0.9689666666666668,0.5159709326438199,17.6126,0.4492242647052802,0.23176666666666668,0.14693782131681868,0.5651999999999999,0.049326767581101445,2.6332,0.018041895687537963,1.3831333333333333,0.02427763030720532,2.1506000000000003,0.05335363155399998,3264.0,0.0,1.9573666666666665,0.0058449408323209984,1.957370269102461,0.005875143203409006,,,,,,,,,,,,,,,,,,
validation,Transformer (+Weather),6,3,1.7348333333333332,0.06205355214114126,2.764466666666667,0.1467493214067218,7.656466666666667,0.8227449564314162,8.261033333333334,0.2955502044210652,13.164,0.6987443595478963,0.42910000000000004,0.0461052057798249,0.6544333333333333,0.03475145080904299,0.5020000000000001,0.017946866021676347,51.82073333333333,1.8538352578730741,95.53256666666665,4.868040984146842,195.0566666666667,25.119845408229203,0.5709,0.046105205779824895,0.769,0.02001774213042022,-0.45536666666666664,0.34386771196687443,0.27973333333333333,0.027808332084706785,4244.0,0.0,0.9544333333333332,0.018289158901746535,1.5205666666666666,0.03934467350650316,0.11243333333333333,0.07942293959136323,82.29666666666667,7.058684957790174,10.650333333333334,12.178348492440728,73.8103,108.94346921573593,-0.29519999999999996,0.2547448331173765,14.964433333333332,1.253410648324536,0.28783333333333333,0.28150007696860996,0.6000333333333333,0.11212070876217892,2.282366666666667,0.16220636033563324,1.4479666666666666,0.03899927349750675,2.2655333333333334,0.021709982342999097,1619.0,0.0,1.7348333333333332,0.06205355214114126,1.734814561494624,0.062060745303643375,,,,,,,,,,,,,,,,,,
test,Transformer (+Weather),6,3,2.1067666666666667,0.030182831764652834,3.3946666666666663,0.060542244204632244,11.526066666666665,0.40881548812799806,10.0321,0.14376567740597856,16.16496666666667,0.2881662078268946,0.5265333333333334,0.018686982991733395,0.7256,0.01293174388858671,0.5682999999999999,0.008154140052758475,58.234633333333335,0.834539593628329,98.34356666666667,1.847269878315923,222.41666666666666,15.189451383553429,0.47346666666666665,0.018686982991733395,0.7136666666666667,0.01850225211517057,-0.7908666666666666,0.1975794861146605,0.3249666666666667,0.0068156682235371,8731.0,0.0,1.0649333333333333,0.019487773945049053,1.71,0.02974407504024962,0.075,0.0549107457607343,75.83666666666666,6.4519015284901355,8.647366666666667,9.513735375935854,134.9084,200.886214128521,-0.3314333333333333,0.2709730675423913,15.7721,1.78813427627793,0.22993333333333332,0.22332311419406037,0.5788000000000001,0.08844054500058217,2.831166666666667,0.015061319110002877,1.5185666666666666,0.053636678992395985,2.3977,0.10857987843058206,3264.0,0.0,2.1067666666666667,0.030182831764652834,2.106732970715184,0.030190716520780196,,,,,,,,,,,,,,,,,,
validation,LightGBM (24h matched),6,3,1.8355,0.0,2.6041,0.0,6.7814000000000005,1.0877919644084146e-15,8.7404,0.0,12.400600000000003,2.175583928816829e-15,0.38009999999999994,6.798699777552591e-17,0.6165,0.0,0.5311,0.0,54.8279,0.0,100.0161,0.0,341.17,0.0,0.6199,0.0,0.7914,0.0,0.0212,0.0,0.2629,0.0,4244.0,0.0,0.9908,0.0,1.4807,0.0,0.146,0.0,71.19,0.0,0.7304,0.0,4.1254,0.0,-0.4801,0.0,14.6813,0.0,0.0365,0.0,0.5074,0.0,2.2891,0.0,1.5245,0.0,2.092,0.0,1619.0,0.0,1.8355,0.0,1.835486746841186,0.0,,,,,,,,,,,,,,,,,,
test,LightGBM (24h matched),6,3,2.1528,0.0,3.0982,0.0,9.5987,0.0,10.2514,0.0,14.7532,0.0,0.43850000000000006,6.798699777552591e-17,0.6622,0.0,0.5807,0.0,59.5077,0.0,95.5587,0.0,413.5,0.0,0.5615,0.0,0.7557,0.0,-0.0755,0.0,0.292,0.0,8731.0,0.0,1.0909,0.0,1.6529999999999998,2.7194799110210365e-16,0.109,0.0,65.91,0.0,0.6299,0.0,8.4464,0.0,-1.1465,0.0,15.9553,0.0,0.028399999999999998,4.2491873609703695e-18,0.505,0.0,2.7098,0.0,1.6013,0.0,2.2433,0.0,3264.0,0.0,2.1528,0.0,2.152785570468112,0.0,,,,,,,,,,,,,,,,,,
validation,Quantile LightGBM (24h matched),6,3,1.671,0.0,2.6867,0.0,7.2182,0.0,9.095,0.0,12.7936,0.0,0.4046,0.0,0.6361,0.0,0.5527,0.0,57.0524,0.0,102.4747,0.0,368.74,0.0,0.5954,0.0,0.793,0.0,-0.1488,0.0,0.2826,0.0,4244.0,0.0,0.9098,0.0,1.4058,0.0,0.0984,0.0,61.38,0.0,0.0,0.0,0.0,0.0,0.215,0.0,11.6646,0.0,,,,,2.4246,0.0,1.5179,0.0,2.015,0.0,1619.0,0.0,1.91,0.0,1.21621202470525,0.0,0.0,0.0,0.5,0.0,0.1592461592836946,0.0,0.507801480610267,0.0,0.8443482512801719,0.0,0.1329948162111215,0.0,93.19,0.0,36.08,0.0,9.6428,0.0
test,Quantile LightGBM (24h matched),6,3,1.9825,0.0,3.2008999999999994,5.438959822042073e-16,10.2456,0.0,10.6161,0.0,15.2423,0.0,0.4681,0.0,0.6842,0.0,0.6014,0.0,61.6251,0.0,97.5174,0.0,423.33,0.0,0.5319,0.0,0.7558000000000001,1.3597399555105182e-16,-0.24250000000000002,3.3993498887762956e-17,0.3138,0.0,8731.0,0.0,1.0093,0.0,1.5637999999999999,2.7194799110210365e-16,0.057,0.0,56.44,0.0,0.0,0.0,0.0,0.0,0.34,0.0,11.983600000000001,2.175583928816829e-15,,,,,2.8474,0.0,1.5683,0.0,2.12,0.0,3264.0,0.0,2.2294,0.0,1.4522937084036915,0.0,0.0,0.0,0.5,0.0,0.12250423777345092,1.6996749443881478e-17,0.3888934950240632,0.0,0.8110810958698963,1.3597399555105182e-16,0.0800996449433054,0.0,90.04,0.0,38.9,0.0,12.0087,0.0
validation,Hurdle Quantile LightGBM (24h matched),6,3,1.6682999999999997,2.7194799110210365e-16,2.6586,0.0,7.0684,0.0,8.9718,0.0,12.660199999999998,2.175583928816829e-15,0.39620000000000005,6.798699777552591e-17,0.6294,0.0,0.5452,0.0,56.279500000000006,8.702335715267317e-15,101.818,0.0,360.04,0.0,0.6038,0.0,0.7906,0.0,-0.081,0.0,0.2756,0.0,4244.0,0.0,0.9131,0.0,1.4028,0.0,0.117,0.0,64.63,0.0,0.0,0.0,0.0,0.0,0.1957,0.0,12.519799999999998,2.175583928816829e-15,,,,,2.3754,0.0,1.5231000000000001,2.7194799110210365e-16,2.039,0.0,1619.0,0.0,1.8841,0.0,1.2028501060983587,0.0,0.0,0.0,0.5,0.0,0.1252803815900614,0.0,0.5465254801480635,0.0,0.8590770673629987,0.0,0.044372670249718,0.0,93.71,0.0,36.78,0.0,9.6565,0.0
test,Hurdle Quantile LightGBM (24h matched),6,3,1.9778,0.0,3.1548,0.0,9.9527,0.0,10.4972,0.0,15.022799999999998,2.175583928816829e-15,0.45470000000000005,6.798699777552591e-17,0.6743,0.0,0.5947,0.0,60.9347,0.0,96.9531,0.0,426.47,0.0,0.5453,0.0,0.7571,0.0,-0.151,0.0,0.3047,0.0,8731.0,0.0,1.0108,0.0,1.5612000000000001,2.7194799110210365e-16,0.0743,0.0,59.330000000000005,8.702335715267317e-15,0.0,0.0,0.0,0.0,0.2407,0.0,12.9794,0.0,,,,,2.7933,0.0,1.5912,0.0,2.1605,0.0,3264.0,0.0,2.2044,0.0,1.4386142688232546,0.0,0.0,0.0,0.5,0.0,0.1110447314257997,0.0,0.42272315519780496,6.798699777552591e-17,0.825925968591514,0.0,0.0212529203681632,0.0,90.93,0.0,39.88,0.0,12.1149,0.0
validation,LightGBM (+Weather),6,3,1.7762,0.0,2.5152,0.0,6.3263,0.0,8.458,0.0,11.977200000000002,2.175583928816829e-15,0.3546,0.0,0.5955,0.0,0.514,0.0,53.0565,0.0,98.4018,0.0,360.19,0.0,0.6454,0.0,0.8081,0.0,0.1128,0.0,0.2512,0.0,4244.0,0.0,0.9856000000000001,1.3597399555105182e-16,1.461,0.0,0.23830000000000004,3.3993498887762956e-17,72.52,0.0,0.8954,0.0,4.2651,0.0,-0.427,0.0,14.577999999999998,2.175583928816829e-15,0.0483,0.0,0.5104,0.0,2.192,0.0,1.5007,0.0,2.0522,0.0,1619.0,0.0,1.7762,0.0,1.7761835427431827,2.7194799110210365e-16,,,,,,,,,,,,,,,,,,
test,LightGBM (+Weather),6,3,2.0901,0.0,3.0558,0.0,9.3379,0.0,9.953,0.0,14.5514,0.0,0.4265999999999999,6.798699777552591e-17,0.6531,0.0,0.5638,0.0,57.7756,0.0,94.6546,0.0,379.14000000000004,6.961868572213853e-14,0.5734,0.0,0.7636,0.0,-0.1468,0.0,0.2885,0.0,8731.0,0.0,1.0752,0.0,1.6323,0.0,0.20099999999999998,3.3993498887762956e-17,67.07,0.0,0.504,0.0,5.1807,0.0,-0.6544,0.0,15.5278,0.0,0.0272,0.0,0.5054,0.0,2.6494,0.0,1.5520000000000003,2.7194799110210365e-16,2.1797,0.0,3264.0,0.0,2.0901,0.0,2.0901234964837605,0.0,,,,,,,,,,,,,,,,,,
validation,EMFN (Proposed),9,3,1.9580666666666666,0.024720099784048804,3.0360666666666667,0.019985578133577576,9.217933333333335,0.12149622765062805,9.899233333333333,0.17970557401854104,14.457466666666667,0.09530489669126829,0.5214,0.0068767724987817,0.7220666666666666,0.0047226405043506855,0.6046666666666667,0.010997423940784182,62.489533333333334,1.1342047977915348,106.00236666666666,0.43527995971940914,377.07,33.35732003623793,0.47859999999999997,0.006876772498781674,0.6934333333333335,0.005993607705992564,-0.0764,0.13603131992302359,0.3090333333333333,0.0015821925715074378,4241.0,0.0,0.8846333333333334,0.0024946609656089987,1.3637666666666668,0.0075301615741851305,0.16583333333333333,0.029503446126399078,72.72333333333334,0.7081195755896956,0.0,0.0,0.0,0.0,0.25780000000000003,0.057493738789541254,12.444366666666667,0.5992624244296758,,,,,2.6176333333333335,0.014727638416709411,1.7103666666666666,0.08389674209010343,2.440533333333333,0.0883108902306693,1624.0,0.0,2.078866666666667,0.03776325374399462,1.416508604247405,0.006022207790065925,0.0,0.0,0.5,0.0,0.132544122646407,0.0014144875381992864,0.5031471920235161,0.011173536807032473,0.8290859105088012,0.004655478313268623,0.025573376487994067,0.002043678007126872,91.0,1.5156186855538551,37.53333333333334,2.8840307441726987,11.280700000000001,0.23131863305838635
test,EMFN (Proposed),9,3,2.3318,0.04660482807606945,3.5665666666666667,0.07584361102514386,12.7243,0.5422457284294633,11.506133333333333,0.06616466831575149,16.9837,0.36122346269310984,0.5811000000000001,0.024796773983726202,0.7622,0.016212340978402844,0.6516333333333333,0.003723349746308209,66.7873,0.3842126884942795,100.62956666666666,0.48797469538218446,407.3,20.178728899512,0.4189,0.02479677398372617,0.6519333333333334,0.014773737960764463,-0.3400333333333334,0.15734472769474464,0.3426,0.010690182411914209,8728.0,0.0,0.9688333333333333,0.005272886622461496,1.5069666666666668,0.005607435539828582,0.15159999999999998,0.022558590381493254,65.78,0.6285698051927049,0.0,0.0,0.0,0.0,0.24086666666666667,0.05953228815805198,13.323333333333332,0.9454836451961156,,,,,3.105366666666667,0.05433050094866901,1.8104333333333333,0.050247421161024035,2.5896000000000003,0.012406046912695404,3261.0,0.0,2.4163,0.013909708839511956,1.6731638747509445,0.04041040312826716,0.0,0.0,0.5,0.0,0.1279274194387362,0.002453513463341698,0.3468584822662553,0.023274832028494195,0.7696348314211083,0.017138373733280737,0.06709464828819807,0.01221814098589575,91.10333333333334,2.259741873164577,40.32333333333333,3.3009140148348792,13.361033333333333,0.7674261810319825
validation,DLinear (+Weather),9,3,1.9207333333333334,0.006636515149785513,3.0012666666666665,0.021571586249817983,9.007833333333332,0.1291081071557217,9.146333333333333,0.031628520884374796,14.291733333333333,0.10260103963085969,0.5094666666666666,0.007321429732868676,0.7137666666666668,0.0051286775423430115,0.5586333333333333,0.0019218047073866179,57.73683333333333,0.19964935094643693,98.65213333333334,1.1989287148672938,257.71,9.134462217339344,0.4905333333333333,0.007321429732868668,0.7149333333333333,0.005029247790011249,-0.5917666666666667,0.0946679636061394,0.31926666666666664,0.006200268811376928,4241.0,0.0,0.9226666666666666,0.011569500133252695,1.3537666666666668,0.012290782454072283,0.19493333333333332,0.0040128958787057165,70.73333333333333,2.313143604131257,18.887066666666666,1.0414912641656358,430.69603333333333,34.76605711528607,-4.110466666666667,0.8573654199542534,13.675466666666665,0.5872636914822275,0.42290000000000005,0.017773857206582925,0.6288333333333334,0.010256867618007617,2.5488666666666666,0.02555588647128742,1.4464,0.04069041656213419,2.1342,0.04990561090699122,1624.0,0.0,1.9207333333333334,0.006636515149785513,1.9207340259242678,0.0066407753869264915,,,,,,,,,,,,,,,,,,
test,DLinear (+Weather),9,3,2.3694666666666664,0.007861509609059434,3.6575333333333333,0.03005001386577588,13.3782,0.21957793605005074,11.283166666666666,0.037524702974618566,17.416833333333333,0.14305182044746328,0.6109666666666667,0.010027129865187433,0.7816333333333333,0.006404946005497069,0.6389666666666667,0.002119748412744606,65.49313333333333,0.21786418552238998,100.58503333333334,1.4046164470535498,346.24,12.594550408807761,0.38903333333333334,0.0100271298651874,0.6379,0.005168171823769062,-0.5785,0.10875582743007382,0.35456666666666664,0.007823255929172521,8728.0,0.0,1.0163,0.012179080425056735,1.5258,0.01046135746449756,0.14306666666666668,0.007864689016949955,68.04666666666667,2.64182386493372,12.622233333333334,1.6777205796357555,581.2405333333334,94.09294456293377,-2.677433333333333,0.33472595258410015,14.971433333333332,0.18634380411844492,0.31876666666666664,0.027846783177475503,0.5937666666666667,0.014108271805339355,3.1064666666666665,0.03679148452201058,1.6679666666666666,0.04260309065470875,2.5091666666666668,0.06195299293281421,3261.0,0.0,2.3694666666666664,0.007861509609059434,2.3694621062379917,0.007881579956128633,,,,,,,,,,,,,,,,,,
validation,LSTM (+Weather),9,3,2.0059333333333336,0.017884164317443895,3.158466666666667,0.06007514738503216,9.978433333333333,0.38154051335779915,9.552066666666667,0.08524144140811615,15.040366666666666,0.28612903266416934,0.5643666666666667,0.02157691667809218,0.7511333333333333,0.014281573209325814,0.5834333333333334,0.005198397188877884,60.298,0.5379520145886616,104.91583333333334,2.0943061245513617,270.0133333333334,15.994693911836322,0.4356333333333333,0.021576916678092212,0.6814333333333332,0.011624256248609343,-0.6299666666666667,0.2364509321896053,0.3348333333333333,0.016797718098995863,4241.0,0.0,0.8493333333333334,0.00838649708360609,1.3348666666666666,0.014854741106237244,0.12213333333333333,0.056357282877489166,72.89,5.8211940355909775,2.7823666666666664,4.819200431952725,22.808533333333333,39.505538579461664,-0.05350000000000001,0.4641269977064468,14.362900000000002,1.718063130388403,0.10460000000000001,0.18117251447170457,0.5283,0.04901703785419921,2.6649333333333334,0.07100347409340854,1.5612666666666666,0.05224196907978609,2.3950666666666667,0.09341115208225044,1624.0,0.0,2.0059333333333336,0.017884164317443895,2.0059372917494698,0.017895496859659184,,,,,,,,,,,,,,,,,,
test,LSTM (+Weather),9,3,2.3796,0.01196620240510757,3.7439666666666667,0.024310560119695523,14.017833333333334,0.1821023430198891,11.331466666666666,0.05691153954457142,17.828500000000002,0.11565859241751124,0.6401666666666667,0.008306824503583377,0.8000999999999999,0.005214403129793471,0.6417,0.003207802986469055,65.77363333333334,0.3305046797449792,102.48343333333332,0.7574394123184618,294.25333333333333,29.87034873136457,0.3598333333333334,0.008306824503583384,0.6331333333333333,0.0024193663082165678,-0.8661333333333333,0.23883300302373062,0.37010000000000004,0.01575531656298914,8728.0,0.0,0.9308666666666667,0.0032715949219506535,1.4840333333333333,0.009667126425848192,0.10236666666666668,0.05217052168929628,68.12666666666667,6.155650520727546,2.6925000000000003,4.663546799379202,58.46960000000001,101.27231789822922,-0.08140000000000001,0.4935384787430459,16.400966666666665,1.586795709388368,0.08696666666666668,0.15063068523157336,0.5227333333333334,0.039375288358732496,3.1910333333333334,0.04550608017983241,1.6603333333333332,0.08567977201961571,2.5121,0.13150707205317913,3261.0,0.0,2.3796,0.01196620240510757,2.3796099433760767,0.011956280691855989,,,,,,,,,,,,,,,,,,
validation,GRU (+Weather),9,3,1.9528999999999999,0.020393381279228875,3.1156666666666664,0.03271273961827915,9.707866666666666,0.20366112376527204,9.2995,0.09713886966606139,14.836333333333334,0.15579012591731617,0.5490666666666667,0.011484917645909946,0.7409333333333334,0.00777838886488282,0.568,0.005909314681077643,58.70363333333333,0.6133548836793706,102.09303333333332,2.305744099706929,236.9333333333333,2.5446479782738787,0.45093333333333335,0.011484917645909918,0.6938999999999999,0.005741950887982215,-0.5822333333333334,0.11847098097565213,0.32243333333333335,0.008931591870060627,4241.0,0.0,0.8769,0.0092633687176966,1.3846999999999998,0.018450203250913014,0.08546666666666665,0.0242714509935713,78.89333333333333,5.230050987641836,7.3646,2.9071593833156104,40.93116666666666,24.551321056581322,-0.5195,0.08075227550973411,15.592566666666668,1.7221982648154464,0.2714666666666667,0.06731428773546766,0.5705333333333332,0.022793054497660756,2.5866666666666664,0.04464664974366299,1.5317999999999998,0.06592207521005387,2.3659,0.1170678008677023,1624.0,0.0,1.9528999999999999,0.020393381279228875,1.952896909093451,0.020404344729150172,,,,,,,,,,,,,,,,,,
test,GRU (+Weather),9,3,2.3236333333333334,0.010651447475969269,3.7021,0.028818743900454948,13.706233333333335,0.21332604935481636,11.064966666666669,0.050897183943055986,17.629133333333332,0.13724089526570915,0.6259333333333333,0.009755169569686268,0.7911666666666667,0.006153318887668117,0.6266333333333334,0.00289194283023249,64.22663333333334,0.29547562223190726,103.59666666666665,1.3698209165191373,276.99333333333334,17.811730217284712,0.3740666666666666,0.009755169569686296,0.6433333333333334,0.00486038407261542,-0.7688,0.11199584813733054,0.35486666666666666,0.008827419403955676,8728.0,0.0,0.9686,0.01170427272409524,1.540066666666667,0.019671637789806226,0.06026666666666666,0.020828906196277645,74.99,4.4057122012224035,5.8776,3.5836211755708782,79.77696666666667,59.69316277106896,-0.5643666666666667,0.14476606416330218,18.008733333333335,1.3127348564479164,0.18839999999999998,0.061937791371665815,0.5440666666666666,0.01852277876921634,3.096766666666667,0.040794280644881144,1.6673,0.04139287378281433,2.558,0.08461317864257302,3261.0,0.0,2.3236333333333334,0.010651447475969269,2.3236419734385265,0.010691240618665254,,,,,,,,,,,,,,,,,,
validation,CNN-LSTM (+Weather),9,3,2.0057333333333336,0.03664564548938021,3.2021333333333337,0.06444317910635164,10.256266666666667,0.4105331939482279,9.551066666666667,0.1743858461381923,15.2481,0.3067193505470438,0.5801,0.02322649349342257,0.7615666666666666,0.015326556473433088,0.5833333333333334,0.010656609842409228,60.291599999999995,1.1008563439432058,105.07843333333334,4.484437679724552,241.5,17.780194037186433,0.4199,0.02322649349342254,0.6756666666666667,0.014230366591670523,-0.6582666666666667,0.2678610522889308,0.3378333333333334,0.01977582699492825,4241.0,0.0,0.8721666666666666,0.009154416056381396,1.3777666666666668,0.009872351965632783,0.09716666666666667,0.013827629346107498,75.04666666666667,7.591853089551548,4.880933333333334,8.31125279024368,19.4892,33.62394801700122,-0.09473333333333334,0.12104430318413723,14.5543,1.3497611492408583,0.1425,0.24327517341479793,0.5436666666666666,0.07546027652568825,2.6717333333333335,0.09655166147370721,1.5532333333333332,0.08624385968481078,2.4033666666666664,0.1325511347870448,1624.0,0.0,2.0057333333333336,0.03664564548938021,2.00572406369221,0.036622671796700035,,,,,,,,,,,,,,,,,,
test,CNN-LSTM (+Weather),9,3,2.397866666666667,0.009761830429449907,3.8396000000000003,0.08420706621180911,14.747266666666667,0.6424792707421254,11.4183,0.046590664300908566,18.2838,0.40080093562764957,0.6734666666666667,0.029353761825928398,0.8205333333333332,0.017986198412486495,0.6466333333333334,0.002615976554431115,66.2776,0.27038485534511275,106.07043333333333,0.8239388407723778,250.93666666666664,31.628361217953305,0.32653333333333334,0.029353761825928443,0.6253000000000001,0.01085311015331547,-1.0200333333333333,0.3934727478915577,0.3806666666666667,0.030290977754660414,8728.0,0.0,0.9576333333333333,0.01866583331473132,1.5228,0.021573826735190024,0.08376666666666666,0.01680247997568613,70.63333333333333,9.862841037618589,3.402833333333333,5.774813081246295,35.036366666666666,60.45890786115254,-0.1216,0.13756965508425179,15.499533333333332,1.756648616921817,0.1043,0.1794418290143076,0.5299666666666667,0.052251060595296404,3.252333333333333,0.11003746331742374,1.6666666666666667,0.1601572456473117,2.5768,0.23112016355134402,3261.0,0.0,2.397866666666667,0.009761830429449907,2.397843364655984,0.009780893750172975,,,,,,,,,,,,,,,,,,
validation,TCN (+Weather),9,3,1.9597666666666667,0.03520970510148205,3.0871333333333335,0.09439154270025109,9.536399999999999,0.5877797886964132,9.332233333333333,0.1675382443901492,14.700666666666669,0.4495160990813719,0.5393666666666667,0.033233467067601205,0.7342000000000001,0.022432788502546867,0.5700333333333333,0.010223665357069039,58.910066666666665,1.0575911040346977,103.28556666666667,2.1793295077462096,248.91666666666666,37.15341213580974,0.4606333333333333,0.03323346706760119,0.6990999999999999,0.014535129858381016,-0.6875,0.17245976342324026,0.33076666666666665,0.013316656236958798,4241.0,0.0,0.9718666666666667,0.014046114527987227,1.4724333333333333,0.010540082226118205,0.09749999999999999,0.027117706392687416,70.61,1.5854652314068582,6.6808000000000005,1.9651953516126586,48.47743333333333,20.021061421496448,-1.0109666666666668,0.3628839529840543,15.972799999999998,1.565651263851564,0.2404666666666667,0.05126639575134313,0.5583333333333333,0.015543594607854781,2.621566666666667,0.07295096526663196,1.4936999999999998,0.025209720347516784,2.2677333333333336,0.06497232744279154,1624.0,0.0,1.9597666666666667,0.03520970510148205,1.9597639256037223,0.03518209022977009,,,,,,,,,,,,,,,,,,
test,TCN (+Weather),9,3,2.32,0.014879852149802971,3.6935,0.10081433429825347,13.648733333333332,0.7499378796495971,11.047666666666666,0.07082134800562187,17.5881,0.47999301036577646,0.6233333333333334,0.034264315742961106,0.7892999999999999,0.021528585647923978,0.6256666666666667,0.004021608301828198,64.12626666666667,0.410852581023088,104.35326666666667,3.0552719704362388,257.6433333333334,47.786819661213414,0.3766666666666667,0.03426431574296112,0.6528666666666667,0.006829592471980549,-1.0151666666666668,0.27108449482280117,0.3705333333333334,0.018708910533041023,8728.0,0.0,1.0604333333333333,0.010080839912097336,1.6292000000000002,0.0064373907757724344,0.06546666666666666,0.022826373635190796,66.53000000000002,1.9754746265138423,8.340933333333332,2.173613448461647,158.96609999999998,73.01576593606342,-1.3881,0.6512997466604759,17.468999999999998,0.7112344831347811,0.2279,0.012716524682475161,0.5532666666666667,0.0039272551907576616,3.153833333333333,0.0782471937728973,1.5628,0.05815780257196789,2.374233333333333,0.009511221442765928,3261.0,0.0,2.32,0.014879852149802971,2.320009624516595,0.014863628434597183,,,,,,,,,,,,,,,,,,
validation,Transformer (+Weather),9,3,1.9741666666666664,0.02629949302426443,3.147133333333333,0.0241984159261165,9.9047,0.15194591142903432,9.400933333333333,0.12522421224880334,14.986233333333333,0.11515768898919947,0.5602333333333332,0.008604843597261547,0.7484333333333334,0.005746593193652515,0.5741999999999999,0.0076393717019136885,59.343799999999995,0.7905338892166498,103.12366666666667,5.239018425557726,220.8166666666667,26.619102789788645,0.4397666666666667,0.008604843597261562,0.6947666666666666,0.013280562237094212,-0.7839333333333333,0.17788471922380894,0.3336666666666666,0.008173942337289472,4241.0,0.0,0.9187,0.03052392504249741,1.4543,0.05870834693635996,0.11463333333333332,0.01671536219569691,75.71666666666667,5.666853918474809,9.015166666666667,9.594416731794244,54.70586666666667,78.41491641807274,-0.2723333333333333,0.3539494502514919,15.188766666666666,0.4840693786362991,0.2574,0.24207938780490998,0.5796333333333333,0.08151075593646115,2.6637,0.023154049321878888,1.5360666666666667,0.06387623449557225,2.4009,0.1306115997911364,1624.0,0.0,1.9741666666666664,0.02629949302426443,1.9741930016263263,0.026297715289929094,,,,,,,,,,,,,,,,,,
test,Transformer (+Weather),9,3,2.3989999999999996,0.058751340410240854,3.867533333333333,0.11081273994145863,14.966000000000001,0.8640540318753219,11.423666666666668,0.279673279619869,18.4168,0.5278394073958478,0.6834666666666666,0.039460148673482395,0.8265333333333333,0.023711249088424955,0.6469333333333332,0.015860748195886995,66.3088,1.6235404922575825,106.21936666666666,0.8583769238122244,247.23333333333332,15.504290803946283,0.31653333333333333,0.03946014867348238,0.6203666666666666,0.027171737768006878,-1.0957999999999999,0.12164855116276563,0.38210000000000005,0.008214621111165159,8728.0,0.0,1.0262333333333333,0.035896703655535475,1.6479666666666668,0.07428386994047456,0.07200000000000001,0.004828043081829318,71.96333333333334,5.004251525786177,6.1641,5.215051229853835,80.94206666666666,102.19499315966186,-0.5234,0.27369375221221254,16.428933333333333,0.49000510541558007,0.18923333333333334,0.16720075757404132,0.5514666666666667,0.05043424762334949,3.2726666666666673,0.059846581634487174,1.6443333333333332,0.06865437592268481,2.5985333333333336,0.14118843200961373,3261.0,0.0,2.3989999999999996,0.058751340410240854,2.3989719651091423,0.0587369380883509,,,,,,,,,,,,,,,,,,
validation,LightGBM (24h matched),9,3,2.1672,0.0,3.0051,0.0,9.0303,0.0,10.3199,0.0,14.309800000000001,2.175583928816829e-15,0.5108,0.0,0.7147,0.0,0.6303,0.0,65.1449,0.0,105.754,0.0,442.93,0.0,0.4892,0.0,0.7006,0.0,0.0952,0.0,0.3071,0.0,4241.0,0.0,0.9689,0.0,1.4112,0.0,0.1539,0.0,66.7,0.0,0.0943,0.0,0.4258,0.0,-0.1349,0.0,15.0297,0.0,0.0021,0.0,0.5001,0.0,2.6852,0.0,1.7654000000000003,2.7194799110210365e-16,2.3522,0.0,1624.0,0.0,2.1672,0.0,2.167180007411981,0.0,,,,,,,,,,,,,,,,,,
test,LightGBM (24h matched),9,3,2.5385,0.0,3.5247000000000006,5.438959822042073e-16,12.423499999999999,2.175583928816829e-15,12.088100000000003,2.175583928816829e-15,16.7842,0.0,0.5674,0.0,0.7532,0.0,0.6846,0.0,70.1657,0.0,102.4387,0.0,513.61,0.0,0.43260000000000004,6.798699777552591e-17,0.6604,0.0,-0.0102,0.0,0.336,0.0,8728.0,0.0,1.035,0.0,1.5512,0.0,0.1348,0.0,60.12,0.0,0.1604,0.0,6.3518,0.0,-1.7257,0.0,16.2176,0.0,0.0014,0.0,0.4995,0.0,3.1757000000000004,5.438959822042073e-16,1.8953999999999998,2.7194799110210365e-16,2.5351,0.0,3261.0,0.0,2.5385,0.0,2.538508841858899,0.0,,,,,,,,,,,,,,,,,,
validation,Quantile LightGBM (24h matched),9,3,1.9441999999999997,2.7194799110210365e-16,3.0026999999999995,5.438959822042073e-16,9.0164,0.0,10.4496,0.0,14.298700000000002,2.175583928816829e-15,0.51,0.0,0.7140999999999998,1.3597399555105182e-16,0.6383,0.0,65.9635,0.0,107.18940000000002,1.7404671430534633e-14,469.12999999999994,6.961868572213853e-14,0.49,0.0,0.7197999999999999,1.3597399555105182e-16,-0.0933,0.0,0.3213,0.0,4241.0,0.0,0.8728000000000001,1.3597399555105182e-16,1.3326,0.0,0.1361,0.0,55.38,0.0,0.0,0.0,0.0,0.0,0.2927,0.0,11.176499999999999,2.175583928816829e-15,,,,,2.7662999999999998,5.438959822042073e-16,1.7022000000000002,2.7194799110210365e-16,2.1807,0.0,1624.0,0.0,2.1944,0.0,1.3985790035532861,2.7194799110210365e-16,0.0,0.0,0.5,0.0,0.1634667295449186,0.0,0.4779733465393081,0.0,0.8166688271540218,0.0,0.1270832350860646,0.0,93.0,0.0,40.88,0.0,11.1307,0.0
test,Quantile LightGBM (24h matched),9,3,2.3013,0.0,3.5761,0.0,12.7888,0.0,12.3063,0.0,17.0292,0.0,0.5841,0.0,0.7642000000000001,1.3597399555105182e-16,0.6969,0.0,71.4319,0.0,103.47840000000001,1.7404671430534633e-14,526.36,0.0,0.4159,0.0,0.6687,0.0,-0.18289999999999998,3.3993498887762956e-17,0.3554,0.0,8728.0,0.0,0.9404,0.0,1.4647,0.0,0.12479999999999998,1.6996749443881478e-17,49.63,0.0,0.0,0.0,0.0,0.0,0.5071,0.0,12.1899,0.0,,,,,3.2761,0.0,1.8288,0.0,2.3591,0.0,3261.0,0.0,2.5843,0.0,1.6738937528708249,0.0,0.0,0.0,0.5,0.0,0.12675166131989,0.0,0.3447661626237566,0.0,0.7762050916519634,0.0,0.0740891384051328,0.0,90.46,0.0,43.95000000000001,8.702335715267317e-15,13.700899999999999,2.175583928816829e-15
validation,Hurdle Quantile LightGBM (24h matched),9,3,1.9410999999999998,2.7194799110210365e-16,2.985,0.0,8.9102,0.0,10.3643,0.0,14.2143,0.0,0.504,0.0,0.7098999999999999,1.3597399555105182e-16,0.633,0.0,65.4251,0.0,106.8969,0.0,465.24,0.0,0.496,0.0,0.7186,0.0,-0.0526,0.0,0.3163,0.0,4241.0,0.0,0.8767,0.0,1.3267,0.0,0.156,0.0,57.66,0.0,0.0,0.0,0.0,0.0,0.3258,0.0,11.7051,0.0,,,,,2.7338,0.0,1.7126,0.0,2.2081,0.0,1624.0,0.0,2.1765,0.0,1.3885242089023624,0.0,0.0,0.0,0.5,0.0,0.1386263725899481,0.0,0.4856571522307991,0.0,0.820844763264598,0.0,0.0473322035571682,0.0,93.33,0.0,41.62,0.0,11.058,0.0
test,Hurdle Quantile LightGBM (24h matched),9,3,2.2999,0.0,3.5552000000000006,5.438959822042073e-16,12.6396,0.0,12.2571,0.0,16.9296,0.0,0.5772,0.0,0.7597999999999999,1.3597399555105182e-16,0.6941,0.0,71.1462,0.0,103.2394,0.0,528.72,0.0,0.4228,0.0,0.6675,0.0,-0.1168,0.0,0.3494,0.0,8728.0,0.0,0.9429,0.0,1.4599,0.0,0.1439,0.0,51.85999999999999,8.702335715267317e-15,0.0,0.0,0.0,0.0,0.2805,0.0,12.6119,0.0,,,,,3.2467,0.0,1.8629,0.0,2.4074,0.0,3261.0,0.0,2.574,0.0,1.6679238787885347,2.7194799110210365e-16,0.0,0.0,0.5,0.0,0.1184029175468443,0.0,0.3750949697578833,0.0,0.7850066438405894,0.0,0.0144570997707847,0.0,90.58999999999999,1.7404671430534633e-14,44.88,0.0,13.687400000000002,2.175583928816829e-15
validation,LightGBM (+Weather),9,3,2.146,0.0,2.9405,0.0,8.6463,0.0,10.2191,0.0,14.0022,0.0,0.48900000000000005,6.798699777552591e-17,0.6993,0.0,0.6242,0.0,64.5086,0.0,105.3739,0.0,463.93,0.0,0.511,0.0,0.7189,0.0,0.1092,0.0,0.3018,0.0,4241.0,0.0,0.9321,0.0,1.3735,0.0,0.2421,0.0,64.66,0.0,0.0236,0.0,0.0639,0.0,-0.0639,0.0,13.9779,0.0,0.0021,0.0,0.5005,0.0,2.6552,0.0,1.7443,0.0,2.2723,0.0,1624.0,0.0,2.146,0.0,2.1460101895775376,0.0,,,,,,,,,,,,,,,,,,
test,LightGBM (+Weather),9,3,2.5198,0.0,3.5138,0.0,12.3468,0.0,11.9991,0.0,16.7324,0.0,0.5639,0.0,0.7509,0.0,0.6795,0.0,69.6488,0.0,101.89479999999999,1.7404671430534633e-14,503.49,0.0,0.4361,0.0,0.665,0.0,-0.0896,0.0,0.3381,0.0,8728.0,0.0,1.0306,0.0,1.5451,0.0,0.1962,0.0,58.91,0.0,0.011500000000000002,2.1245936804851847e-18,0.0567,0.0,-0.0567,0.0,14.555100000000001,2.175583928816829e-15,0.0014,0.0,0.5004,0.0,3.1721,0.0,1.8761,0.0,2.489,0.0,3261.0,0.0,2.5198,0.0,2.519808635403544,0.0,,,,,,,,,,,,,,,,,,
validation,EMFN (Proposed),12,3,2.1405333333333334,0.020263349509232954,3.255266666666667,0.03166454378849195,10.597299999999999,0.20602254730975475,11.070533333333332,0.20106044696392447,15.501199999999999,0.15080119362922836,0.6041333333333333,0.011724049357339514,0.7772333333333333,0.0075659324166511945,0.6793333333333332,0.012386417292071721,70.20396666666667,1.275216461363846,110.04960000000001,0.5649208528634804,472.4633333333333,25.496580816519955,0.39586666666666664,0.011724049357339512,0.6371666666666667,0.007294746968424148,0.0031666666666666787,0.2858959659270017,0.33640000000000003,0.012899999999999988,4238.0,0.0,0.8862,0.01975930160709127,1.3609,0.025819953524357904,0.15126666666666666,0.019785432351438093,67.19666666666667,9.261103246014125,0.0,0.0,0.0,0.0,0.42793333333333333,0.04378176941757075,13.029166666666667,1.4607161337280197,,,,,2.9052666666666664,0.04010502877861248,1.8937333333333335,0.16950552596695304,2.5585,0.2570690763199652,1631.0,0.0,2.3247999999999998,0.04224547313026557,1.5443292130671884,0.015804012224648754,0.0,0.0,0.5,0.0,0.139682489514105,0.002240684129189583,0.4669793345729576,0.019081985761728534,0.8061313725371896,0.008252362086794803,0.035175204499723764,0.004034180548167779,91.76666666666667,1.0597326706926262,41.663333333333334,0.8808140174482534,11.970533333333334,0.33397341710581274
test,EMFN (Proposed),12,3,2.5392333333333337,0.021268364613512995,3.8347,0.0006244997998398065,14.705066666666667,0.004839765834555578,12.856466666666668,0.1102001966120451,18.2606,0.0029816103031750766,0.6714333333333333,0.00020816659994659034,0.8193666666666667,0.00015275252316517785,0.7279333333333334,0.006261256529909451,74.61306666666667,0.6395262022257789,104.69123333333333,0.3633811543453133,534.5066666666667,17.90289734465721,0.3285666666666667,0.00020816659994659034,0.5785,0.0029546573405387993,-0.14183333333333334,0.20712451166709683,0.3682,0.012520383380711623,8725.0,0.0,0.9778666666666666,0.017564832288790397,1.5217333333333334,0.0216613326767615,0.1163,0.024895983611819793,61.26666666666667,6.38366926879309,0.0,0.0,0.0,0.0,0.4008666666666667,0.05180350695979309,13.054233333333334,1.389207293147186,,,,,3.410266666666667,0.04138663230239121,2.037233333333333,0.07981280181357714,2.783466666666667,0.15164713427339588,3258.0,0.0,2.699866666666667,0.023145049866728287,1.820629488334199,0.00481003153321571,0.0,0.0,0.5,0.0,0.12480842728936437,0.0009347269082130125,0.33905097983482624,0.002777755920650232,0.7482404392207019,0.004621145977866119,0.04409194527861036,0.004750439930919883,91.39666666666666,0.5192622972384329,45.53333333333333,0.7011656960614457,14.233733333333333,0.3238672773426386
validation,DLinear (+Weather),12,3,2.0991,0.0030049958402633896,3.2782999999999998,0.05035126612112151,10.748933333333333,0.32861835513758714,9.995800000000001,0.014251666569212541,15.610933333333334,0.2397070364702158,0.6127999999999999,0.018751266623884395,0.7827333333333334,0.012010134609292789,0.6134000000000001,0.0008888194417315234,63.388466666666666,0.09050029465881772,101.49296666666667,1.2207102413485929,260.76,20.394538484604155,0.3872,0.018751266623884377,0.653,0.005335728628781663,-0.8218,0.13311994591345055,0.3631666666666667,0.009830734119755926,4238.0,0.0,0.9050666666666666,0.01629304555119555,1.3334000000000001,0.008674675786448703,0.22373333333333334,0.008669678963683331,65.01,0.5632051136131454,19.9072,3.81091096196172,456.7828666666667,102.06514964728818,-2.934533333333333,1.1370621105873386,12.579366666666667,0.1008435587101791,0.4334,0.06090837380853309,0.6365666666666666,0.034587618208447544,2.829333333333333,0.035379278304302944,1.5155666666666667,0.016119966914771678,2.193966666666667,0.004843896503160594,1631.0,0.0,2.0991,0.0030049958402633896,2.099114838215146,0.0029959822676773125,,,,,,,,,,,,,,,,,,
test,DLinear (+Weather),12,3,2.5678,0.031221627119674595,3.9690333333333334,0.026155369111012957,15.7537,0.2071504525701067,12.227633333333335,0.1486230242369381,18.900166666666664,0.12442444829426967,0.7192666666666666,0.00945797723265039,0.8481,0.00560267793113259,0.6923,0.008399999999999979,70.9635,0.862588888173272,103.9923,1.5473813912542682,378.77333333333337,36.30422886294838,0.28073333333333333,0.009457977232650414,0.5613666666666667,0.0012096831541082427,-0.8091,0.14884545676640587,0.3982333333333333,0.006297883242275417,8725.0,0.0,1.0167333333333335,0.011389615152994968,1.5279666666666667,0.005422484055608943,0.1369,0.001997498435543815,62.339999999999996,0.3534119409414467,12.794666666666666,2.548603259303678,567.8426666666666,138.6325310466607,-2.9084333333333334,0.8635748394512969,13.635733333333334,0.8249655891813508,0.31329999999999997,0.0649020800899324,0.5924333333333333,0.03371592106606804,3.4120333333333335,0.004969238707622425,1.7447666666666664,0.05076852699589906,2.5771,0.03580167593842506,3258.0,0.0,2.5678,0.031221627119674595,2.567801448292918,0.03121240298243149,,,,,,,,,,,,,,,,,,
validation,LSTM (+Weather),12,3,2.195733333333333,0.017256979264440604,3.4225333333333334,0.09337453257357353,11.719766666666667,0.6384681380721623,10.456066666666667,0.08224015645250944,16.297900000000002,0.4446970654276906,0.6681333333333335,0.036435879752427174,0.8172,0.02227846493814149,0.6416333333333334,0.00504612062215451,66.3073,0.5213189330918234,110.51816666666667,1.366346062801562,293.9866666666667,30.64744741953779,0.3318666666666667,0.036435879752427174,0.6095,0.017874003468725193,-0.7856,0.1625463933773986,0.3757,0.016732304085211928,4238.0,0.0,0.8346,0.002749545416973492,1.3190666666666668,0.0038436094147731355,0.17626666666666668,0.026968932743683678,66.97333333333334,1.753349176100789,0.29886666666666667,0.5176522513554184,0.3517333333333333,0.6092200040488931,0.04556666666666667,0.11816502584662407,13.8921,1.2496311015655786,0.0167,0.02892524848640025,0.5036666666666667,0.0063508529610858885,2.941133333333333,0.06097084002482933,1.6086,0.03223057554559017,2.4259333333333335,0.03823667523900757,1631.0,0.0,2.195733333333333,0.017256979264440604,2.1957715323143647,0.0172638406680547,,,,,,,,,,,,,,,,,,
test,LSTM (+Weather),12,3,2.6026666666666665,0.012133150181767945,4.0761666666666665,0.061183521746736184,16.6178,0.49948156122123333,12.3936,0.05794376584240957,19.4104,0.29145666916370266,0.7587,0.022794955582321277,0.871,0.013098473193468015,0.7017000000000001,0.0032695565448543594,71.9268,0.3362272594540781,107.01613333333334,2.4116884154743827,328.78666666666663,43.04306719244497,0.2413,0.022794955582321263,0.5506666666666667,0.005200320502943358,-1.0116666666666667,0.343025368352449,0.41229999999999994,0.024454651909197142,8725.0,0.0,0.9293333333333335,0.005424327915358137,1.4807,0.0015394804318340182,0.12793333333333334,0.022507850482294693,64.47000000000001,7.030981439315564,0.7679333333333335,1.2417982498511315,3.8689,5.887202304150928,-0.0428,0.2054963746638855,16.28,1.813593416397403,0.031733333333333336,0.05496374562685238,0.5061666666666667,0.011204612145600281,3.5062666666666664,0.07291668761904471,1.7526666666666666,0.1215158563041603,2.659466666666667,0.1874615782856139,3258.0,0.0,2.6026666666666665,0.012133150181767945,2.602658223835339,0.012166957741943865,,,,,,,,,,,,,,,,,,
validation,GRU (+Weather),12,3,2.1028,0.018827904822363854,3.3135666666666665,0.02871973769610942,10.9803,0.1908830270086896,10.013366666666666,0.08951716781340506,15.7789,0.1369128189761646,0.6259666666666667,0.010920775308252308,0.7911333333333334,0.0068537094579018375,0.6144666666666666,0.005524792605458902,63.499833333333335,0.5675824374778822,105.7652,3.077887104817199,255.72333333333333,16.880771111928894,0.3740333333333334,0.010920775308252294,0.6491666666666666,0.008594378007356514,-0.8625333333333334,0.17320341605561168,0.36790000000000006,0.014893958506723457,4238.0,0.0,0.8423999999999999,0.004956813492557494,1.3273333333333335,0.009602777376016485,0.1454,0.039921923801340034,65.42999999999999,6.98977109782574,8.470966666666667,5.733984796224466,65.83456666666667,69.24559041804275,-0.5335333333333333,0.15228362792281164,14.411699999999998,2.4414731024526977,0.26139999999999997,0.14604619132315638,0.5692666666666667,0.045453529382582944,2.8441333333333336,0.043272431562524125,1.5291333333333335,0.07272113402122753,2.2895333333333334,0.10154045170932281,1631.0,0.0,2.1028,0.018827904822363854,2.1028026998914346,0.018795069405679606,,,,,,,,,,,,,,,,,,
test,GRU (+Weather),12,3,2.5491333333333337,0.011873219164713872,3.985933333333333,0.054464789849345205,15.889666666666665,0.4358942226427578,12.138766666666667,0.05661239558023849,18.980633333333333,0.25936048915232596,0.7254666666666667,0.019955032782066128,0.8517,0.011608617488745133,0.6873,0.003207802986469074,70.44779999999999,0.3285147941874132,106.85786666666667,0.2458935203158722,317.50333333333333,25.74544684664325,0.27453333333333335,0.019955032782066114,0.5766,0.004257933771208769,-1.0556666666666665,0.257603034402418,0.409,0.021558988844563212,8725.0,0.0,0.9427666666666666,0.011539641819975808,1.498033333333333,0.011422054689648943,0.08736666666666666,0.033791468351247085,61.21333333333333,7.366887628662004,4.596,2.139815316797223,67.42403333333333,49.768291521844844,-0.5780666666666667,0.17056530518641047,15.5989,1.304947175176068,0.16473333333333331,0.06358414372572248,0.5372,0.018184883832458212,3.450366666666666,0.0552738937775632,1.7188666666666668,0.13047552771816376,2.5189000000000004,0.2030831110653961,3258.0,0.0,2.5491333333333337,0.011873219164713872,2.549140648572461,0.011888234728680197,,,,,,,,,,,,,,,,,,
validation,CNN-LSTM (+Weather),12,3,2.179766666666667,0.04619678921021814,3.4800333333333335,0.07819976555804585,12.1148,0.541657520948431,10.379866666666667,0.2202228492535087,16.571633333333335,0.3723426960923676,0.6906333333333334,0.030882087580559277,0.8309000000000001,0.01866306512875092,0.6369333333333334,0.013524915280079725,65.82403333333333,1.3964183482514598,110.8707,1.149353996817341,239.41,11.827032594865036,0.3093666666666666,0.03088208758055927,0.6125999999999999,0.02785605858695735,-1.0248,0.13287328550163874,0.3921333333333333,0.008703064594344528,4238.0,0.0,0.8461333333333334,0.004821134029803897,1.3539333333333332,0.005253887449625603,0.10806666666666666,0.007356856212631402,64.45333333333333,6.024535943401229,1.5337333333333334,2.6565040585953064,4.484866666666666,7.768016931838739,-0.009033333333333329,0.15562857492547225,13.439566666666666,0.4884612813041923,0.06806666666666666,0.11789492496852158,0.5165333333333333,0.028636573351805424,2.980933333333333,0.051208332655275426,1.5659333333333334,0.11408436936466507,2.3967666666666667,0.20310589192175907,1631.0,0.0,2.179766666666667,0.04619678921021814,2.1797691720507664,0.04624291545385793,,,,,,,,,,,,,,,,,,
test,CNN-LSTM (+Weather),12,3,2.5810999999999997,0.06082902267832356,4.131633333333333,0.1055761494530525,17.077933333333334,0.8675088549019727,12.290999999999999,0.2896370832611043,19.6745,0.5029291699633271,0.7797333333333333,0.03958791903262072,0.8828666666666667,0.022571072932701535,0.6959,0.016378949905290048,71.33136666666667,1.6807513210862965,109.6179,1.6788990350822153,271.8733333333334,3.460264922420451,0.2202666666666667,0.039587919032620725,0.5518000000000001,0.02533791625213092,-1.3184333333333333,0.08201794519087471,0.42976666666666663,0.014260551648983742,8725.0,0.0,0.9504333333333334,0.004562163229580172,1.5276666666666667,0.012851977798507669,0.05323333333333333,0.012292002820262177,61.92666666666667,1.700245080373218,1.1728666666666665,1.623494506714862,9.3639,9.109193879262863,-0.19366666666666668,0.25760041407834217,14.7749,1.099454869469411,0.04663333333333334,0.07956194651548776,0.5095000000000001,0.018661457606521537,3.5559999999999996,0.09527575767213813,1.6869000000000003,0.0439682840238279,2.5773666666666664,0.08590182380679326,3258.0,0.0,2.5810999999999997,0.06082902267832356,2.5811120006000583,0.060818109472987124,,,,,,,,,,,,,,,,,,
validation,TCN (+Weather),12,3,2.1107,0.008515867542417436,3.3567666666666667,0.027054451266535152,11.268433333333334,0.18183702409942137,10.0508,0.040581892513780124,15.984666666666667,0.12877893202435511,0.6424,0.010378342834961703,0.8014666666666667,0.00649332991101891,0.6167666666666666,0.002510644007686741,63.737300000000005,0.25721992535571647,105.5931,3.4211749575255643,274.12333333333333,34.734614339781196,0.3576,0.010378342834961649,0.6368333333333335,0.009650043177796318,-0.7312666666666666,0.3227904790004398,0.3615333333333333,0.016596786837618106,4238.0,0.0,0.9657333333333334,0.020250020576121217,1.4721,0.03476032220794277,0.1196,0.01132607610781422,71.74666666666667,9.529986009083816,8.974333333333334,4.926809338033423,71.57243333333334,46.7571060988951,-0.8112333333333334,0.06200849404181119,17.738266666666664,3.427420038940855,0.26896666666666663,0.10700973475966256,0.5682999999999999,0.03640563143251329,2.8211666666666666,0.07571058930779329,1.6060666666666663,0.10362790808143015,2.4800333333333335,0.231754316752317,1631.0,0.0,2.1107,0.008515867542417436,2.110666795539272,0.00851704033571037,,,,,,,,,,,,,,,,,,
test,TCN (+Weather),12,3,2.5329333333333337,0.050003333222229523,3.935033333333333,0.03474785365074114,15.485566666666665,0.27317998340532423,12.061666666666667,0.2381445009512777,18.738400000000002,0.16563671090673102,0.7070333333333333,0.012433958876131617,0.8408333333333333,0.007437965671696331,0.6829333333333333,0.013496789741762072,70.00026666666668,1.3818984779401657,107.52893333333334,1.4038258807036348,321.87999999999994,38.65821128815973,0.29296666666666665,0.01243395887613168,0.5868,0.0060257779580730865,-0.8700333333333333,0.2624592412801145,0.38726666666666665,0.013066879249971429,8725.0,0.0,1.0865666666666665,0.03706161536324794,1.6722000000000001,0.050743275416551596,0.0717,0.002515949125081825,69.31666666666666,6.54032364132948,6.907366666666667,2.779449048522627,130.0233,84.53178239236412,-0.9134333333333333,0.14450111879613017,18.3857,1.8015981016863891,0.18653333333333333,0.03857996025572516,0.5393333333333333,0.009150045537227296,3.3836999999999997,0.017187495454544975,1.7899666666666667,0.15685918313357794,2.6657333333333333,0.23344327647917654,3258.0,0.0,2.5329333333333337,0.050003333222229523,2.532947917360938,0.050004380202079174,,,,,,,,,,,,,,,,,,
validation,Transformer (+Weather),12,3,2.161466666666667,0.041987775998894465,3.381766666666666,0.14792462044343171,11.451,1.0122210776307716,10.2927,0.2000665639231105,16.10366666666667,0.7044180884484248,0.6528,0.05771420968877592,0.8074666666666667,0.035323693653599324,0.6315999999999999,0.012274770873625282,65.27153333333332,1.2688956629027197,110.1452,2.0093323841515103,299.12666666666667,38.776026528427764,0.34719999999999995,0.05771420968877595,0.6227333333333334,0.024871938672595142,-0.6524,0.2539414105655082,0.35919999999999996,0.02180733821446348,4238.0,0.0,0.9118333333333334,0.002746512940681971,1.4347,0.014014635207525036,0.11616666666666665,0.0092613893846082,73.84,2.430802336678155,1.4315,1.9175809995929767,2.363566666666667,3.450548675693959,-0.05193333333333333,0.17375604545837628,15.7733,1.4147528017289812,0.0603,0.08117690558280724,0.5129333333333334,0.018243172238767424,2.864966666666666,0.11488752470713831,1.6921333333333335,0.01185762764356063,2.583466666666667,0.08594104568443035,1631.0,0.0,2.161466666666667,0.041987775998894465,2.1614718675655316,0.04201929757255583,,,,,,,,,,,,,,,,,,
test,Transformer (+Weather),12,3,2.6258666666666666,0.07397244982649492,4.0623,0.06384606487482247,16.505066666666668,0.5188226704118991,12.504199999999999,0.3523673509279767,19.3443,0.3039216346362982,0.7535666666666666,0.0236715722615405,0.868,0.013609922850626305,0.7080000000000001,0.01996021041973256,72.56853333333333,2.0451081764379455,107.85416666666667,2.067769564853235,364.7633333333333,41.994292866213776,0.24643333333333337,0.0236715722615405,0.5484333333333333,0.02259210776650408,-0.7847333333333334,0.1573197487073169,0.3952,0.00556506963119061,8725.0,0.0,1.046,0.014762452370795359,1.6683333333333332,0.02333545228473912,0.050199999999999995,0.008960468737739116,70.86,0.7868926229162417,0.5921666666666666,0.5208591588263889,23.175,24.171630278696554,-1.3789666666666667,1.3985068620973344,16.931966666666664,1.6904095075848729,0.008833333333333334,0.00856407224008143,0.4992666666666667,0.0004725815626252714,3.4785,0.07424466310786254,1.8771666666666667,0.08635301577439738,2.8329,0.10669601679538,3258.0,0.0,2.6258666666666666,0.07397244982649492,2.6258791500652223,0.07400242433741504,,,,,,,,,,,,,,,,,,
validation,LightGBM (24h matched),12,3,2.3116,0.0,3.1772000000000005,5.438959822042073e-16,10.0946,0.0,11.007600000000002,2.175583928816829e-15,15.1295,0.0,0.5755,0.0,0.7586,0.0,0.6755,0.0,69.8051,0.0,108.16950000000001,1.7404671430534633e-14,485.05,0.0,0.42449999999999993,6.798699777552591e-17,0.652,0.0,0.0577,0.0,0.3302,0.0,4238.0,0.0,0.9837000000000001,1.3597399555105182e-16,1.4158,0.0,0.1667,0.0,63.080000000000005,8.702335715267317e-15,0.1888,0.0,0.5958,0.0,-0.1331,0.0,13.3603,0.0,0.0103,0.0,0.5021,0.0,2.8751,0.0,1.8391,0.0,2.4232,0.0,1631.0,0.0,2.3116,0.0,2.311603139118167,0.0,,,,,,,,,,,,,,,,,,
test,LightGBM (24h matched),12,3,2.7746,0.0,3.7912,0.0,14.3733,0.0,13.2125,0.0,18.0534,0.0,0.6563,0.0,0.8100999999999999,1.3597399555105182e-16,0.7481,0.0,76.6794,0.0,105.4339,0.0,593.71,0.0,0.34369999999999995,6.798699777552591e-17,0.5868,0.0,0.0355,0.0,0.3636,0.0,8725.0,0.0,1.0646,0.0,1.5721999999999998,2.7194799110210365e-16,0.1386,0.0,56.5,0.0,0.0917,0.0,3.0894,0.0,-0.8022,0.0,15.0801,0.0,0.0,0.0,0.4995,0.0,3.4594,0.0,2.0493,0.0,2.6983,0.0,3258.0,0.0,2.7746,0.0,2.7746308555484784,0.0,,,,,,,,,,,,,,,,,,
validation,Quantile LightGBM (24h matched),12,3,2.1096,0.0,3.1998,0.0,10.2386,0.0,11.281799999999999,2.175583928816829e-15,15.237,0.0,0.5837,0.0,0.7639999999999999,1.3597399555105182e-16,0.6923,0.0,71.544,0.0,109.6807,0.0,525.91,0.0,0.41629999999999995,6.798699777552591e-17,0.6624,0.0,-0.0724,0.0,0.3468,0.0,4238.0,0.0,0.8813,0.0,1.3343,0.0,0.1553,0.0,51.35,0.0,0.0,0.0,0.0,0.0,0.5151,0.0,10.5109,0.0,,,,,2.9796,0.0,1.8066000000000002,2.7194799110210365e-16,2.2756,0.0,1631.0,0.0,2.3692,0.0,1.5171541104947357,0.0,0.0,0.0,0.5,0.0,0.1681139452571968,0.0,0.4314919523296538,0.0,0.7847325842111498,0.0,0.12293770646531381,1.6996749443881478e-17,93.34999999999998,1.7404671430534633e-14,42.84,0.0,11.809800000000001,2.175583928816829e-15
test,Quantile LightGBM (24h matched),12,3,2.5135,0.0,3.8124,0.0,14.5347,0.0,13.3512,0.0,18.1545,0.0,0.6636,0.0,0.8146,0.0,0.7559,0.0,77.484,0.0,106.5448,0.0,607.16,0.0,0.3364,0.0,0.5979,0.0,-0.1278,0.0,0.381,0.0,8725.0,0.0,0.9564,0.0,1.4718,0.0,0.1305,0.0,45.54,0.0,0.0,0.0,0.0,0.0,0.6343,0.0,11.5635,0.0,,,,,3.5366,0.0,1.9768,0.0,2.4941,0.0,3258.0,0.0,2.8037000000000005,5.438959822042073e-16,1.8178031654842208,0.0,0.0,0.0,0.5,0.0,0.129656458452722,0.0,0.306364424427011,0.0,0.7375684713097358,0.0,0.0686349570200573,0.0,90.02,0.0,46.27,0.0,14.662,0.0
validation,Hurdle Quantile LightGBM (24h matched),12,3,2.109,0.0,3.1958,0.0,10.2132,0.0,11.2326,0.0,15.2181,0.0,0.5822,0.0,0.763,0.0,0.6892999999999999,1.3597399555105182e-16,71.2318,0.0,109.5573,0.0,519.04,0.0,0.4178,0.0,0.6584,0.0,-0.0436,0.0,0.34369999999999995,6.798699777552591e-17,4238.0,0.0,0.8854000000000001,1.3597399555105182e-16,1.3286,0.0,0.1696,0.0,53.330000000000005,8.702335715267317e-15,0.0,0.0,0.0,0.0,0.3526,0.0,10.5675,0.0,,,,,2.9595,0.0,1.8231,0.0,2.3093,0.0,1631.0,0.0,2.3588,0.0,1.513298239145889,2.7194799110210365e-16,0.0,0.0,0.5,0.0,0.1436083436175323,0.0,0.4686417249626214,0.0,0.8007520647326922,0.0,0.046338544129159,0.0,93.25,0.0,43.85,0.0,11.8816,0.0
test,Hurdle Quantile LightGBM (24h matched),12,3,2.5209,0.0,3.7992000000000004,5.438959822042073e-16,14.4335,0.0,13.3224,0.0,18.0912,0.0,0.659,0.0,0.8118,0.0,0.7543000000000001,1.3597399555105182e-16,77.3171,0.0,106.4018,0.0,608.39,0.0,0.341,0.0,0.5985,0.0,-0.0878,0.0,0.3772,0.0,8725.0,0.0,0.9560999999999998,1.3597399555105182e-16,1.4647,0.0,0.1464,0.0,46.85,0.0,0.0,0.0,0.0,0.0,0.45660000000000006,6.798699777552591e-17,11.9106,0.0,,,,,3.5191,0.0,2.0007,0.0,2.5273,0.0,3258.0,0.0,2.7977000000000003,5.438959822042073e-16,1.8129861475107123,2.7194799110210365e-16,0.0,0.0,0.5,0.0,0.1227200866948024,0.0,0.3396382472920047,0.0,0.7529933109628844,0.0,0.012763442901087699,2.1245936804851847e-18,90.08999999999999,1.7404671430534633e-14,47.32,0.0,14.6057,0.0
validation,LightGBM (+Weather),12,3,2.3437,0.0,3.1857,0.0,10.1484,0.0,11.1606,0.0,15.1698,0.0,0.5785,0.0,0.7606,0.0,0.6849,0.0,70.775,0.0,108.3759,0.0,525.96,0.0,0.4215,0.0,0.6507,0.0,0.1336,0.0,0.3301,0.0,4238.0,0.0,0.9617,0.0,1.3845,0.0,0.2386,0.0,61.94,0.0,0.2832,0.0,0.6501,0.0,-0.1529,0.0,13.2211,0.0,0.0123,0.0,0.5022,0.0,2.8963,0.0,1.9134,0.0,2.453,0.0,1631.0,0.0,2.3437,0.0,2.3437218408252845,0.0,,,,,,,,,,,,,,,,,,
test,LightGBM (+Weather),12,3,2.7874,0.0,3.7983,0.0,14.4272,0.0,13.2735,0.0,18.0872,0.0,0.6587,0.0,0.8116,0.0,0.7515,0.0,77.0332,0.0,105.798,0.0,600.16,0.0,0.3413,0.0,0.5855,0.0,-0.0025,0.0,0.3671,0.0,8725.0,0.0,1.0686,0.0,1.5729,0.0,0.1824,0.0,54.70000000000001,8.702335715267317e-15,0.0,0.0,0.0,0.0,0.0041,0.0,14.3054,0.0,0.0,0.0,0.5,0.0,3.4849,0.0,2.0851,0.0,2.724,0.0,3258.0,0.0,2.7874,0.0,2.787433232094715,0.0,,,,,,,,,,,,,,,,,,
validation,EMFN (Proposed),24,3,2.6097333333333332,0.05123498153930896,3.7898,0.043923228478790086,14.363833333333332,0.3330348680443734,13.588133333333333,0.671963461308227,18.046633333333332,0.20906028636097565,0.8324000000000001,0.019277966697761457,0.9123,0.010592922165295093,0.8432333333333334,0.04166537331326019,86.89523333333334,4.296932288660514,116.85783333333332,0.5494522211560602,663.52,118.09997332768538,0.1676,0.019277966697761457,0.4207,0.02876473535424931,-0.16876666666666665,0.387087022946176,0.4297666666666667,0.018582877423406027,4226.0,0.0,0.8282666666666666,0.014788621752324758,1.2885333333333333,0.01401439735890679,0.19513333333333335,0.0519904157834243,39.78,6.3464557037767175,0.0,0.0,0.0,0.0,1.0203,0.32015338511407304,8.849033333333333,1.3425501157622879,,,,,3.609066666666667,0.10567290728154183,2.1081333333333334,0.2140172033583593,2.5957333333333334,0.18787933184183228,1642.0,0.0,2.8535000000000004,0.1411257240902594,1.8695077097508153,0.028156613721873253,0.0,0.0,0.5,0.0,0.15823728750627675,0.0011461388310919944,0.3459952722381088,0.008667243673028993,0.7108124394519537,0.010200449421384584,0.034004846277776994,0.004645892503581076,93.19,2.37955878263177,49.74333333333333,6.611069000799596,13.844866666666666,0.11161327579339933
test,EMFN (Proposed),24,3,3.11,0.05649486702347398,4.443700000000001,0.04901499770478413,19.74813333333333,0.4358016215359162,15.964233333333333,0.795660293927838,21.160533333333333,0.23357136668122028,0.9009999999999999,0.019854722360184218,0.9491666666666667,0.010503967504392496,0.9036333333333334,0.045063547722447805,92.6619,4.618295620680856,113.4867,0.912180886666673,776.1199999999999,118.36840330088096,0.09899999999999999,0.01985472236018424,0.3306,0.036989863476363335,-0.11913333333333333,0.4078308513750931,0.4499333333333333,0.019900335005555395,8713.0,0.0,0.9045,0.012665306944563162,1.4236666666666666,0.00852897023874124,0.1536,0.044400337836552554,39.74333333333333,6.815059305195616,0.0,0.0,0.0,0.0,0.9679333333333334,0.2324082901562105,9.4355,0.9126654534932285,,,,,4.2204,0.12378129907219403,2.4052000000000002,0.25270639089662933,2.9862333333333333,0.23631557996317848,3253.0,0.0,3.3524999999999996,0.16706175504884405,2.20185210070253,0.027593238959544533,0.0,0.0,0.5,0.0,0.13530773117994246,0.0007785805416738662,0.23633717054324724,0.004023655179071969,0.6485968210598482,0.0034678982784779994,0.047928606752612464,0.00433130592410025,91.67333333333333,2.286139394991766,54.03333333333333,6.034743849852564,16.087066666666665,0.7022104907599529
validation,DLinear (+Weather),24,3,2.5783,0.014779715829473907,3.908333333333333,0.012951576480619256,15.275199999999998,0.10085549067849518,12.277666666666667,0.07043722973920404,18.61113333333333,0.06151335898269076,0.8852333333333333,0.0058389496772393665,0.9408666666666666,0.003092463958291706,0.7619000000000001,0.004348562981031785,78.51483333333333,0.45067860314566827,114.34216666666667,1.0741923958645974,350.97333333333336,12.624857754974247,0.11476666666666667,0.005838949677239334,0.4501,0.0062952362942148565,-1.2085333333333335,0.035624757309114935,0.4923333333333333,0.003382799629498231,4226.0,0.0,0.8745666666666666,0.012983194265408376,1.2691666666666668,0.011434305109333602,0.2934666666666667,0.016779253062437965,39.39666666666667,1.001315801000531,8.9525,2.1087086735725253,164.9389666666667,69.38030274900315,-1.9716666666666667,0.4934130757624217,8.3307,0.20939140383501947,0.23206666666666667,0.03719480250429263,0.5475666666666666,0.010896023739572795,3.525033333333333,0.013724916514621465,1.5764333333333334,0.007447370900749715,2.2016666666666667,0.010286074729134174,1642.0,0.0,2.5783,0.014779715829473907,2.5783098558600916,0.014799005682215018,,,,,,,,,,,,,,,,,,
test,DLinear (+Weather),24,3,3.0876333333333332,0.04755253235457951,4.5681,0.024259431155738097,20.867866666666668,0.22219399931891393,14.7032,0.22646207187959735,21.752799999999997,0.1157006050113833,0.9520666666666666,0.010104124570359087,0.9757666666666666,0.005204164998665346,0.8322666666666668,0.012800520822737362,85.34253333333334,1.3145718174878616,115.17663333333333,1.3769202603394748,504.4633333333333,21.46019881858815,0.047933333333333335,0.010104124570359044,0.3404666666666667,0.021788605584877004,-1.2183333333333333,0.049489022351763425,0.5160999999999999,0.0031432467291003354,8713.0,0.0,0.9540666666666667,0.007585732221304244,1.4248333333333332,0.005937451754189976,0.2229,0.005741950887982248,36.050000000000004,1.2579745625409129,5.2527,1.257615724297371,194.8193,67.39133401654847,-1.7439666666666664,0.5277240314154107,8.589766666666668,0.13258134609866226,0.12496666666666667,0.02342996656705539,0.5182,0.00620000000000001,4.164166666666667,0.047629017765783856,1.8072,0.02897878534376484,2.4148333333333336,0.011107354920652185,3253.0,0.0,3.0876333333333332,0.04755253235457951,3.087672391390709,0.047559902924676496,,,,,,,,,,,,,,,,,,
validation,LSTM (+Weather),24,3,2.6639666666666666,0.03738252711272108,4.125133333333333,0.08199520311172664,17.021466666666665,0.6802098891763723,12.685666666666668,0.1780490475496382,19.643633333333337,0.3903861720570189,0.9864,0.039403426246964905,0.9930666666666667,0.019730517817161657,0.7872333333333333,0.01103690777950656,81.12406666666668,1.1386933052114327,120.87286666666667,0.7998364978752448,339.05333333333334,36.31495880946769,0.0136,0.03940342624696487,0.36190000000000005,0.03032424772356276,-1.1720666666666668,0.2192644598044411,0.49173333333333336,0.029816158929904652,4226.0,0.0,0.8331333333333334,0.005497575223071839,1.3272000000000002,0.0030413812651491033,0.07056666666666667,0.00741440040281973,54.85,7.751212808328771,0.0,0.0,0.0,0.0,0.20270000000000002,0.17851411708881737,11.3468,0.9011590925025398,0.0,0.0,0.5,0.0,3.6230333333333333,0.09184630277443578,1.848466666666667,0.08985835149463481,2.7726333333333333,0.14364975925261175,1642.0,0.0,2.6639666666666666,0.03738252711272108,2.6639929349184173,0.03739274959304888,,,,,,,,,,,,,,,,,,
test,LSTM (+Weather),24,3,3.1235,0.04221279426903648,4.7340333333333335,0.029939494540378055,22.4117,0.28375973992094006,14.873766666666667,0.20110779033476858,22.54303333333333,0.14260541130452575,1.0225333333333333,0.012983964469041473,1.0111999999999999,0.006415605972938148,0.8419333333333333,0.0113676441417443,86.33233333333334,1.1672439519369235,116.43816666666667,1.398518116912804,461.3566666666666,68.15791101063273,-0.022533333333333332,0.01298396446904155,0.33403333333333335,0.02001432820089981,-1.1282666666666668,0.38463744400842376,0.49233333333333335,0.034950011921791035,8713.0,0.0,0.9046666666666666,0.005463820397243457,1.4504000000000001,0.004299999999999989,0.0823,0.01724760852988031,59.21333333333333,10.533690394792007,0.4017,0.6957648094004181,2.0124,3.4855790451516095,0.14026666666666668,0.3075143140299868,14.865499999999999,2.133234729231643,0.0196,0.03394819582834999,0.5039,0.006754998149518647,4.1864333333333335,0.04563028964770367,2.094533333333333,0.2032166659832144,3.050966666666667,0.30164416674839467,3253.0,0.0,3.1235,0.04221279426903648,3.123482802348853,0.04223128593387415,,,,,,,,,,,,,,,,,,
validation,GRU (+Weather),24,3,2.6019333333333337,0.004842864166310375,3.9713333333333334,0.02647080152419518,15.7719,0.2102433827733942,12.3902,0.023007172794587524,18.911066666666667,0.12613521844961934,0.914,0.012179080425056726,0.9560333333333334,0.006344551468254707,0.7688999999999999,0.0014000000000000123,79.23460000000001,0.14702214118968632,118.70566666666667,0.6924330316596208,349.7866666666667,17.385540927257143,0.08600000000000001,0.012179080425056728,0.4227666666666667,0.014785240388080727,-1.2604666666666666,0.07587570977152916,0.49829999999999997,0.008838551917593725,4226.0,0.0,0.8189333333333334,0.00391705671816652,1.2961666666666667,0.0014189197769195804,0.17273333333333332,0.005178159261101704,42.156666666666666,1.887891239805231,0.29186666666666666,0.33826713309651196,1.7840333333333334,2.1656498339605443,-0.2836666666666667,0.30688451139367284,10.683166666666665,1.3247610551844184,0.0123,0.013351778907696158,0.5021666666666667,0.00225462487641142,3.5675333333333334,0.013203156188326182,1.6636333333333333,0.01714098402465079,2.4061,0.018657974166559437,1642.0,0.0,2.6019333333333337,0.004842864166310375,2.6019465069250374,0.004827495768823275,,,,,,,,,,,,,,,,,,
test,GRU (+Weather),24,3,3.0711999999999997,0.04044415903440196,4.6168000000000005,0.057833900093284235,21.317266666666665,0.534579744596943,14.624633333333335,0.19254945685026825,21.984866666666665,0.2754631796326569,0.9725999999999999,0.024404098016521724,0.9861666666666666,0.012348819106834986,0.8278,0.010912378292562976,84.8864,1.1176249773515257,116.56283333333334,1.6877153087334802,456.8733333333334,18.30221389158517,0.027399999999999997,0.024404098016521734,0.3468,0.02271717412003528,-1.2986666666666666,0.15794306991233684,0.5097666666666667,0.023392805161701613,8713.0,0.0,0.8925666666666666,0.007951310164578706,1.4229333333333332,0.002665207934352131,0.15826666666666667,0.01919904511514397,45.46,8.24707827051496,1.6718000000000002,1.8085369003700202,75.01506666666667,112.93611581121132,-1.6000666666666665,1.6792179916060135,13.338833333333334,2.7179461663788222,0.018066666666666665,0.01591927552790432,0.4963,0.004992995093127988,4.163633333333333,0.060151835660546035,1.8621666666666667,0.09426862327059483,2.611,0.1599209492217952,3253.0,0.0,3.0711999999999997,0.04044415903440196,3.0711694865079537,0.04043659916154392,,,,,,,,,,,,,,,,,,
validation,CNN-LSTM (+Weather),24,3,2.6629,0.02868117849740499,4.093366666666667,0.08895618771807474,16.761133333333333,0.7240131582598017,12.680433333333333,0.13670568142302456,19.492366666666666,0.42362880371067047,0.9713333333333334,0.04196013981546454,0.9853999999999999,0.02143898318484344,0.7869,0.008492349498224853,81.0905,0.8743823134075799,120.85006666666668,1.8329648014441902,328.16333333333336,38.67967467977639,0.028666666666666663,0.041960139815464544,0.3820333333333333,0.010553356496079018,-1.3958666666666666,0.23133165225133653,0.5211333333333333,0.02937215234424152,4226.0,0.0,0.8267333333333333,0.0030072135496723718,1.3219,0.005020956084253277,0.05466666666666667,0.0450713138629587,41.946666666666665,4.360061161650528,0.0,0.0,0.0,0.0,0.20656666666666668,0.13222542619834254,9.532833333333333,2.438345017288024,0.0,0.0,0.5,0.0,3.677566666666667,0.08651019207777393,1.7117333333333333,0.03589517144872462,2.513,0.02707563480326911,1642.0,0.0,2.6629,0.02868117849740499,2.662891438789319,0.028713451627687465,,,,,,,,,,,,,,,,,,
test,CNN-LSTM (+Weather),24,3,3.0934333333333335,0.041538696817947154,4.688933333333334,0.024824248897667284,21.9863,0.23307678992126205,14.730666666666666,0.1976399841462592,22.32813333333333,0.11816185227616058,1.0031,0.010603772913449305,1.0015333333333334,0.00526909226843995,0.8338000000000001,0.011148542505637222,85.50176666666665,1.1472625564069232,116.44253333333332,1.0049500203160955,446.96999999999997,48.40614423810266,-0.0031,0.01060377291344925,0.32663333333333333,0.013731108233982168,-1.3787,0.2340949380059295,0.5195666666666666,0.02087734018818811,8713.0,0.0,0.8988,0.008106170489201417,1.4458,0.0027838821814149236,0.06246666666666666,0.02879068136278357,46.326666666666675,5.60543783600651,0.0,0.0,0.0,0.0,0.08846666666666665,0.05670576102419695,11.522333333333334,1.8776675699743373,0.0,0.0,0.5,0.0,4.2114666666666665,0.025843825826168672,1.9392666666666667,0.0903885132820168,2.7459000000000002,0.1559126678624929,3253.0,0.0,3.0934333333333335,0.041538696817947154,3.093433838292418,0.04150824364603404,,,,,,,,,,,,,,,,,,
validation,TCN (+Weather),24,3,2.6025333333333336,0.03051333042021694,4.040266666666667,0.16271429971988732,16.341333333333335,1.3075420923753605,12.392933333333334,0.14516701875196505,19.239333333333335,0.7746685893550429,0.9470000000000001,0.07574140215232354,0.9726333333333333,0.039145157214313685,0.7690666666666667,0.009016281569102247,79.25206666666666,0.9285172983490015,118.93103333333333,2.1027421152707553,313.06,89.77353507576717,0.053,0.07574140215232354,0.41146666666666665,0.023849807825920374,-1.3647333333333334,0.42272757579005105,0.5086,0.04707111640911017,4226.0,0.0,0.9065,0.014831385639919165,1.3577333333333332,0.01745861773833581,0.12873333333333334,0.025310933079073422,44.776666666666664,4.559455376833216,4.590633333333333,4.292597372609425,36.283366666666666,37.62657352966561,-0.7324999999999999,0.5848615819149007,9.941433333333334,1.526794106398546,0.13629999999999998,0.12256953128734725,0.5283333333333333,0.027550922549586822,3.594333333333333,0.1301645625096682,1.6912,0.09958348256613639,2.5088666666666666,0.0743520230614697,1642.0,0.0,2.6025333333333336,0.03051333042021694,2.6025191327477866,0.030490772672120265,,,,,,,,,,,,,,,,,,
test,TCN (+Weather),24,3,3.0275666666666665,0.02904140722026622,4.607433333333334,0.11921184225291254,21.238033333333334,1.0996574254436382,14.4169,0.13827812552967314,21.940233333333335,0.5678422345452424,0.9689666666666666,0.050138441672366835,0.9841666666666667,0.025463765105210423,0.8161,0.007817288532477172,83.68076666666667,0.802592239766452,117.8444,3.703645842949893,414.99333333333334,88.54071963415099,0.03103333333333334,0.050138441672366856,0.37176666666666663,0.00864079471653698,-1.4096333333333335,0.42582260782317954,0.5136333333333334,0.04406022393648647,8713.0,0.0,0.9766,0.005695612346359248,1.489766666666667,0.004476978147515745,0.11943333333333334,0.028038247686567958,45.81,8.115269558061517,5.130233333333334,3.9527288831051055,134.7659,110.90228185335053,-2.0008,1.42634831300072,14.672066666666666,4.367419770680777,0.0877,0.07592094572645944,0.5072,0.012308939840619945,4.1368,0.07892128990329526,1.8512000000000002,0.13560313418206826,2.6187666666666662,0.14612680566320932,3253.0,0.0,3.0275666666666665,0.02904140722026622,3.027549031278429,0.029037246203904472,,,,,,,,,,,,,,,,,,
validation,Transformer (+Weather),24,3,2.6398666666666664,0.02614121904834077,4.117100000000001,0.00697352134864415,16.950333333333333,0.05724371872383275,12.570866666666666,0.12430898331710934,19.605099999999997,0.0331102703099809,0.9822666666666667,0.0033261589458913818,0.9911,0.001682260384126075,0.7801,0.0076863515402302695,80.38986666666666,0.7951730713079598,121.78983333333333,0.7082948279730162,305.4033333333333,18.620865536632103,0.017733333333333334,0.0033261589458913905,0.37846666666666673,0.013860856154413168,-1.3963666666666665,0.039004273270160233,0.5100666666666667,0.005236729259120949,4226.0,0.0,0.9045,0.0131,1.4063666666666668,0.01327943271880738,0.07903333333333333,0.020480559888180146,49.00333333333333,2.6016405080897216,0.4101666666666666,0.22490320881066447,1.9164666666666668,1.8353213242735815,-0.38280000000000003,0.10743951786935756,12.766600000000002,1.3650289044558717,0.0205,0.012413299319681291,0.5041333333333333,0.0029143323992525585,3.6489333333333334,0.027934626063961267,1.7428000000000001,0.019490767044936977,2.6155000000000004,0.03266619047271961,1642.0,0.0,2.6398666666666664,0.02614121904834077,2.639883042948543,0.026113124372166504,,,,,,,,,,,,,,,,,,
test,Transformer (+Weather),24,3,3.108333333333333,0.007587050371081727,4.7852,0.013814485151463572,22.898166666666665,0.1323648870861652,14.801466666666668,0.03620073664075582,22.786600000000004,0.06583486918039717,1.0447333333333335,0.006045108215187883,1.0221000000000002,0.002946183972531262,0.8378333333333333,0.002052640575778744,85.91286666666667,0.21010495789802608,119.11503333333333,0.9855242378213396,407.64000000000004,22.28295985725416,-0.044733333333333326,0.006045108215187991,0.3063666666666667,0.008621678104251686,-1.4970666666666668,0.025766321688074377,0.5279999999999999,0.004886716689148256,8713.0,0.0,1.0021,0.0028213471959331452,1.5657333333333334,0.010398237030061151,0.050166666666666665,0.03315152082987043,49.6,3.2885863224187992,1.3925666666666665,0.3063206217892184,56.196400000000004,30.552520107513224,-2.7526333333333333,1.3533430471736767,13.794633333333335,1.3212058671279556,0.02993333333333333,0.02041429237895189,0.5014666666666667,0.0050063293272949606,4.259666666666667,0.0031533051443421427,1.9039333333333335,0.04437255157564565,2.7647999999999997,0.10149182233066845,3253.0,0.0,3.108333333333333,0.007587050371081727,3.1083072366478084,0.007601843272681132,,,,,,,,,,,,,,,,,,
validation,LightGBM (24h matched),24,3,2.8689,0.0,3.7094,0.0,13.7598,0.0,13.661300000000002,2.175583928816829e-15,17.6639,0.0,0.7974,0.0,0.8930000000000001,1.3597399555105182e-16,0.8478,0.0,87.36309999999999,1.7404671430534633e-14,115.0786,0.0,736.65,0.0,0.2026,0.0,0.4538,0.0,0.1029,0.0,0.409,0.0,4226.0,0.0,0.8853,0.0,1.3053,0.0,0.239,0.0,40.15,0.0,0.0,0.0,0.0,0.0,0.685,0.0,9.8978,0.0,0.0,0.0,0.5,0.0,3.5604,0.0,2.1752,0.0,2.6329,0.0,1642.0,0.0,2.8689,0.0,2.8688757409781704,0.0,,,,,,,,,,,,,,,,,,
test,LightGBM (24h matched),24,3,3.3772,0.0,4.3946,0.0,19.3125,0.0,16.0818,0.0,20.9267,0.0,0.8811,0.0,0.9387,0.0,0.9103,0.0,93.3446,0.0,113.4531,0.0,820.07,0.0,0.1189,0.0,0.3461,0.0,0.0135,0.0,0.4416,0.0,8713.0,0.0,0.9566,0.0,1.4563999999999997,2.7194799110210365e-16,0.1802,0.0,37.56,0.0,0.0,0.0,0.0,0.0,0.7628,0.0,11.2386,0.0,0.0,0.0,0.5,0.0,4.2181,0.0,2.3455,0.0,2.8534,0.0,3253.0,0.0,3.3772,0.0,3.377186179986735,0.0,,,,,,,,,,,,,,,,,,
validation,Quantile LightGBM (24h matched),24,3,2.5394,0.0,3.7083999999999997,5.438959822042073e-16,13.7525,0.0,13.7977,0.0,17.6592,0.0,0.797,0.0,0.8927,0.0,0.8562,0.0,88.2351,0.0,115.46570000000001,1.7404671430534633e-14,747.7800000000001,1.3923737144427707e-13,0.20299999999999999,3.3993498887762956e-17,0.4761,0.0,0.062,0.0,0.4167,0.0,4226.0,0.0,0.8176,0.0,1.2525,0.0,0.3016,0.0,32.3,0.0,0.0,0.0,0.0,0.0,0.9597000000000001,1.3597399555105182e-16,7.9423,0.0,,,,,3.6063999999999994,5.438959822042073e-16,2.1488,0.0,2.5393,0.0,1642.0,0.0,2.8974999999999995,5.438959822042073e-16,1.816902172702276,0.0,0.0,0.0,0.5,0.0,0.1813493847610033,0.0,0.3366360670087513,0.0,0.6859734844407539,0.0,0.1278868906767629,0.0,93.84999999999998,1.7404671430534633e-14,53.22,0.0,13.3992,0.0
test,Quantile LightGBM (24h matched),24,3,3.0006,0.0,4.3667,0.0,19.0682,0.0,16.0353,0.0,20.7939,0.0,0.87,0.0,0.9327,0.0,0.9076999999999998,1.3597399555105182e-16,93.0742,0.0,113.6049,0.0,816.7999999999998,1.3923737144427707e-13,0.13,0.0,0.3697,0.0,-0.0567,0.0,0.4489,0.0,8713.0,0.0,0.8813,0.0,1.3968999999999998,2.7194799110210365e-16,0.2296,0.0,28.92,0.0,0.0,0.0,0.0,0.0,1.0017,0.0,8.5841,0.0,,,,,4.2234,0.0,2.304,0.0,2.7312,0.0,3253.0,0.0,3.3674,0.0,2.1627912282492536,0.0,0.0,0.0,0.5,0.0,0.139753816136807,0.0,0.20906965670741076,3.3993498887762956e-17,0.5953928887559568,0.0,0.07465855618042,0.0,90.66000000000001,1.7404671430534633e-14,54.29999999999999,8.702335715267317e-15,16.8024,0.0
validation,Hurdle Quantile LightGBM (24h matched),24,3,2.5101,0.0,3.7087,0.0,13.7543,0.0,13.804,0.0,17.6604,0.0,0.7971,0.0,0.8927999999999999,1.3597399555105182e-16,0.8565999999999999,1.3597399555105182e-16,88.2759,0.0,115.6377,0.0,742.36,0.0,0.2029,0.0,0.4739,0.0,0.0704,0.0,0.416,0.0,4226.0,0.0,0.827,0.0,1.2582,0.0,0.2877,0.0,32.76,0.0,0.0,0.0,0.0,0.0,0.6045,0.0,7.7394,0.0,,,,,3.606,0.0,2.1575,0.0,2.5457,0.0,1642.0,0.0,2.8988,0.0,1.818217754138315,0.0,0.0,0.0,0.5,0.0,0.1602206496486256,0.0,0.3640134469001996,0.0,0.7128909353487823,0.0,0.0458683769616938,0.0,94.06,0.0,53.56,0.0,13.3011,0.0
test,Hurdle Quantile LightGBM (24h matched),24,3,3.017,0.0,4.3817,0.0,19.1997,0.0,16.1124,0.0,20.8654,0.0,0.876,0.0,0.9358999999999998,1.3597399555105182e-16,0.912,0.0,93.52230000000002,1.7404671430534633e-14,113.8103,0.0,822.16,0.0,0.124,0.0,0.3582,0.0,-0.0318,0.0,0.4491,0.0,8713.0,0.0,0.8927999999999999,1.3597399555105182e-16,1.4051,0.0,0.2106,0.0,29.320000000000004,4.351167857633658e-15,0.0,0.0,0.0,0.0,0.8231,0.0,8.4287,0.0,,,,,4.2375,0.0,2.334,0.0,2.7661,0.0,3253.0,0.0,3.3836,0.0,2.175791552949996,0.0,0.0,0.0,0.5,0.0,0.1329496986596302,0.0,0.2421157278693474,0.0,0.65168114325286,0.0,0.0213298859051707,0.0,90.76,0.0,55.080000000000005,8.702335715267317e-15,16.4622,0.0
validation,LightGBM (+Weather),24,3,2.9050999999999996,5.438959822042073e-16,3.7770999999999995,5.438959822042073e-16,14.2665,0.0,13.833999999999998,2.175583928816829e-15,17.9862,0.0,0.8268,0.0,0.9093,0.0,0.8584999999999999,1.3597399555105182e-16,88.4672,0.0,114.86809999999998,1.7404671430534633e-14,743.0,0.0,0.1732,0.0,0.42,0.0,0.2073,0.0,0.4084999999999999,6.798699777552591e-17,4226.0,0.0,0.9011,0.0,1.3147,0.0,0.2626,0.0,44.52,0.0,0.0,0.0,0.0,0.0,0.7191,0.0,10.6858,0.0,0.0,0.0,0.5,0.0,3.5796000000000006,5.438959822042073e-16,2.2755,0.0,2.8135,0.0,1642.0,0.0,2.9050999999999996,5.438959822042073e-16,2.9051306449429126,5.438959822042073e-16,,,,,,,,,,,,,,,,,,
test,LightGBM (+Weather),24,3,3.3973999999999998,5.438959822042073e-16,4.4269,0.0,19.5973,0.0,16.1779,0.0,21.0804,0.0,0.8941,0.0,0.9456000000000001,1.3597399555105182e-16,0.9156999999999998,1.3597399555105182e-16,93.902,0.0,114.01280000000001,1.7404671430534633e-14,820.73,0.0,0.1059,0.0,0.3312,0.0,0.0114,0.0,0.4433,0.0,8713.0,0.0,0.9887,0.0,1.4860999999999998,2.7194799110210365e-16,0.1735,0.0,39.27,0.0,0.0,0.0,0.0,0.0,0.62,0.0,10.745,0.0,0.0,0.0,0.5,0.0,4.2438,0.0,2.4828,0.0,3.0186000000000006,5.438959822042073e-16,3253.0,0.0,3.3973999999999998,5.438959822042073e-16,3.3973519319398506,5.438959822042073e-16,,,,,,,,,,,,,,,,,,
