model,seed,horizon_hours,split,selection_basis,mae,rmse,mse,nmae_pct,nrmse_pct,rse,rrse,rae,wape_pct,smape_pct,mape_nonzero_pct,r2,corr,mbe,tic,count,mae_ramp,rmse_ramp,corr_ramp,vpr_pct,bound_violation_pct,integrated_negative_mwh,min_pred_mwh,max_pred_mwh,zero_f1,zero_balanced_acc,imbalance_loss_mwh,mae_cut_in,rmse_cut_in,cut_in_count,mae_mean,crps,zero_point_f1_mean,zero_point_balanced_acc_mean,zero_brier,zero_auprc,zero_auroc,zero_ece,picp_90_pct,pinaw_90_pct,winkler_score_90
Naive Persistence,,1,validation,fixed_rule_no_selection,0.8028,1.3144,1.7276,3.8228,6.259,0.0952,0.3086,0.2302,23.7074,51.51,74.2,0.9048,0.9525,0.0072,0.1207,4249,1.0495,1.6321,0.2283,100.13,0.0,0.0,0.0,19.4769,0.775,0.8548,1.0017,0.7368,1.1586,1613,0.8028,0.8027815970816663,,,,,,,,,
Naive Persistence,,1,test,fixed_rule_no_selection,0.8602,1.4337,2.0555,4.0963,6.8272,0.0939,0.3065,0.2321,23.7893,52.3191,80.12,0.9061,0.953,-0.001,0.1213,8736,1.1175,1.7759,0.2329,99.99,0.0,0.0,0.0,20.1092,0.7244,0.8353,1.0755,0.6969,1.1114,3269,0.8602,0.8602211717032966,,,,,,,,,
Diurnal Persistence,,1,validation,fixed_rule_no_selection,3.0932,4.7296,22.3688,14.7293,22.5218,1.2327,1.1103,0.8871,91.346,114.2856,450.65,-0.2327,0.3784,-0.0173,0.4361,4249,0.9978,1.4962,0.3579,99.15,0.0,0.0,0.0,19.5013,0.4049,0.6165,3.8708,2.63,4.0464,1613,3.0932,3.093158409978818,,,,,,,,,
Diurnal Persistence,,1,test,fixed_rule_no_selection,3.5634,5.4338,29.526,16.9686,25.8752,1.3494,1.1616,0.9615,98.5455,119.0983,646.1,-0.3494,0.323,-0.0222,0.4606,8736,1.1502,1.7483,0.256,99.65,0.0,0.0,0.0,20.1092,0.256,0.5554,4.4598,2.8912,4.532,3269,3.5634,3.563409895718864,,,,,,,,,
Naive Persistence,,3,validation,fixed_rule_no_selection,1.6336,2.5768,6.6398,7.779,12.2704,0.3679,0.6066,0.4701,48.4495,82.1447,162.98,0.6321,0.8168,0.0203,0.237,4247,1.2819,2.0417,-0.2099,100.41,0.0,0.0,0.0,19.4769,0.615,0.7514,2.0369,1.4629,2.266,1614,1.6336,1.6335893896868376,,,,,,,,,
Naive Persistence,,3,test,fixed_rule_no_selection,1.7905,2.8251,7.9814,8.5263,13.453,0.3647,0.6039,0.4831,49.5088,83.9547,196.37,0.6353,0.8175,-0.0039,0.239,8734,1.3459,2.1343,-0.1083,99.93,0.0,0.0,0.0,20.1092,0.5645,0.7398,2.2391,1.4527,2.2705,3267,1.7905,1.790520777536066,,,,,,,,,
Diurnal Persistence,,3,validation,fixed_rule_no_selection,3.0863,4.72,22.2785,14.6965,22.4762,1.2345,1.1111,0.8882,91.5333,114.234,451.35,-0.2345,0.38,0.0015,0.4357,4247,0.9955,1.494,0.3588,99.56,0.0,0.0,0.0,19.5013,0.4063,0.6172,3.8574,2.6353,4.0547,1614,3.0863,3.086261678125736,,,,,,,,,
Diurnal Persistence,,3,test,fixed_rule_no_selection,3.5636,5.4342,29.531,16.9695,25.8773,1.3494,1.1616,0.9615,98.5352,119.0996,646.2,-0.3494,0.323,-0.0229,0.4606,8734,1.1503,1.7484,0.2559,99.65,0.0,0.0,0.0,20.1092,0.256,0.5554,4.4602,2.8913,4.5329,3267,3.5636,3.5635966886878867,,,,,,,,,
Naive Persistence,,6,validation,fixed_rule_no_selection,2.0049,3.2818,10.77,9.5474,15.6275,0.6036,0.7769,0.5802,59.8899,93.3146,238.03,0.3964,0.7011,0.04,0.3029,4244,1.2413,1.9536,-0.1098,100.95,0.0,0.0,0.0,19.4769,0.549,0.7088,2.4962,1.8062,2.8612,1619,2.0049,2.004946864278982,,,,,,,,,
Naive Persistence,,6,test,fixed_rule_no_selection,2.3944,3.8407,14.7507,11.4017,18.2889,0.6739,0.8209,0.6459,66.1855,98.4167,312.15,0.3261,0.6625,-0.0091,0.325,8731,1.3827,2.1664,-0.1416,99.83,0.0,0.0,0.0,20.1092,0.467,0.6815,2.9952,1.9227,3.0479,3264,2.3944,2.3943658721795904,,,,,,,,,
Diurnal Persistence,,6,validation,fixed_rule_no_selection,3.0735,4.6967,22.0591,14.6356,22.3653,1.2364,1.1119,0.8894,91.8076,114.2873,452.77,-0.2364,0.384,0.0337,0.4344,4244,0.9938,1.4918,0.3602,100.35,0.0,0.0,0.0,19.5013,0.4055,0.6165,3.8334,2.6499,4.0819,1619,3.0735,3.073466509189444,,,,,,,,,
Diurnal Persistence,,6,test,fixed_rule_no_selection,3.5639,5.4349,29.5383,16.9708,25.8806,1.3494,1.1617,0.9614,98.5131,119.0889,646.21,-0.3494,0.323,-0.0238,0.4605,8731,1.1504,1.7486,0.2559,99.66,0.0,0.0,0.0,20.1092,0.256,0.5554,4.4608,2.8914,4.5342,3264,3.5639,3.563868683885007,,,,,,,,,
Naive Persistence,,9,validation,fixed_rule_no_selection,2.167,3.4661,12.0137,10.3192,16.5052,0.6795,0.8243,0.6303,65.1406,98.455,298.46,0.3205,0.665,0.0569,0.3208,4241,1.2124,1.8275,0.0223,101.35,0.0,0.0,0.0,19.4769,0.501,0.6775,2.6946,1.9068,2.9295,1624,2.167,2.1670350936099974,,,,,,,,,
Naive Persistence,,9,test,fixed_rule_no_selection,2.643,4.1932,17.5825,12.5859,19.9674,0.803,0.8961,0.7128,73.0547,105.0909,340.23,0.197,0.5975,-0.0128,0.355,8728,1.3155,2.0074,0.02,99.75,0.0,0.0,0.0,20.1092,0.3864,0.6333,3.307,2.1406,3.3909,3261,2.643,2.6430299379010083,,,,,,,,,
Diurnal Persistence,,9,validation,fixed_rule_no_selection,3.0609,4.6756,21.8614,14.5755,22.2648,1.2365,1.112,0.8903,92.0089,114.3484,453.34,-0.2365,0.3875,0.0589,0.4333,4241,0.9935,1.4932,0.3568,100.91,0.0,0.0,0.0,19.5013,0.4042,0.6153,3.8114,2.6587,4.0955,1624,3.0609,3.0608653791558598,,,,,,,,,
Diurnal Persistence,,9,test,fixed_rule_no_selection,3.5644,5.4357,29.5471,16.9734,25.8844,1.3494,1.1616,0.9612,98.5222,119.1124,646.45,-0.3494,0.323,-0.0245,0.4606,8728,1.1505,1.7488,0.2559,99.66,0.0,0.0,0.0,20.1092,0.256,0.5553,4.4616,2.8923,4.5358,3261,3.5644,3.564413889207149,,,,,,,,,
Naive Persistence,,12,validation,fixed_rule_no_selection,2.2918,3.639,13.2421,10.9132,17.3284,0.7549,0.8689,0.6697,69.2063,99.7082,301.89,0.2451,0.6294,0.0717,0.3375,4238,1.1741,1.7424,0.1081,101.76,0.0,0.0,0.0,19.4769,0.4796,0.6634,2.8468,2.0039,3.1322,1631,2.2918,2.2917717730061344,,,,,,,,,
Naive Persistence,,12,test,fixed_rule_no_selection,2.8353,4.4819,20.087,13.5016,21.3422,0.9171,0.9577,0.7645,78.3571,106.7868,405.34,0.0829,0.5401,-0.0158,0.3795,8725,1.3082,1.9621,0.0638,99.72,0.0,0.0,0.0,20.1092,0.3703,0.6236,3.5481,2.2926,3.6752,3258,2.8353,2.835338103381089,,,,,,,,,
Diurnal Persistence,,12,validation,fixed_rule_no_selection,3.047,4.6521,21.6425,14.5096,22.1531,1.2338,1.1108,0.8904,92.0127,114.2571,452.53,-0.2338,0.3921,0.0831,0.4317,4238,0.9935,1.4941,0.3544,101.44,0.0,0.0,0.0,19.5013,0.4042,0.615,3.788,2.6666,4.0993,1631,3.047,3.047007096507787,,,,,,,,,
Diurnal Persistence,,12,test,fixed_rule_no_selection,3.5655,5.4366,29.5572,16.9784,25.8888,1.3495,1.1617,0.9613,98.5347,119.1327,646.64,-0.3495,0.323,-0.0247,0.4606,8725,1.1507,1.7491,0.2556,99.66,0.0,0.0,0.0,20.1092,0.256,0.5553,4.463,2.8945,4.5379,3258,3.5655,3.5654611138108883,,,,,,,,,
Naive Persistence,,24,validation,fixed_rule_no_selection,3.0357,4.6535,21.6551,14.4557,22.1595,1.2549,1.1202,0.8971,92.4433,114.4067,451.18,-0.2549,0.3857,0.081,0.4346,4226,0.9913,1.4929,0.3473,102.08,0.0,0.0,0.0,19.4769,0.4038,0.615,3.7744,2.6866,4.123,1642,3.0357,3.0356991478939896,,,,,,,,,
Naive Persistence,,24,test,fixed_rule_no_selection,3.5668,5.4388,29.5807,16.9847,25.8991,1.3496,1.1617,0.9614,98.5854,119.2049,647.64,-0.3496,0.323,-0.0212,0.4606,8713,1.1515,1.7499,0.2555,99.68,0.0,0.0,0.0,20.1092,0.256,0.5552,4.4638,2.8931,4.5383,3253,3.5668,3.566796705153219,,,,,,,,,
Diurnal Persistence,,24,validation,fixed_rule_no_selection,3.0357,4.6535,21.6551,14.4557,22.1595,1.2549,1.1202,0.8971,92.4433,114.4067,451.18,-0.2549,0.3857,0.081,0.4346,4226,0.9913,1.4929,0.3473,102.08,0.0,0.0,0.0,19.4769,0.4038,0.615,3.7744,2.6866,4.123,1642,3.0357,3.0356991478939896,,,,,,,,,
Diurnal Persistence,,24,test,fixed_rule_no_selection,3.5668,5.4388,29.5807,16.9847,25.8991,1.3496,1.1617,0.9614,98.5854,119.2049,647.64,-0.3496,0.323,-0.0212,0.4606,8713,1.1515,1.7499,0.2555,99.68,0.0,0.0,0.0,20.1092,0.256,0.5552,4.4638,2.8931,4.5383,3253,3.5668,3.566796705153219,,,,,,,,,
ARIMA,,1,validation,validation_crps,0.7783,1.3258,1.7578,4.6609,6.3135,0.0969,0.3112,0.2807,28.9051,86.3215,210.59,0.9031,0.953,0.3033,0.1212,4249,1.0593,1.6887,0.2286,95.53,12.9913,6.7668,-0.2785,19.5739,,,1.1477,0.8835,1.1647,1613,0.9788,0.626200000681678,0.0,0.5,0.1106924276394816,0.7136823377240801,0.939869028418002,0.0775599863059965,93.15,19.38,5.295
ARIMA,,1,test,validation_crps,0.8369,1.4261,2.0336,4.7563,6.7907,0.0929,0.3049,0.2695,27.6225,76.788,197.23,0.9071,0.9543,0.2748,0.1202,8736,1.1249,1.829,0.2381,96.34,10.1877,20.4523,-0.5044,20.447,,,1.1798,0.8073,1.1016,3269,0.9988,0.6688572807164103,0.0,0.5,0.1016545897141459,0.6212724971465038,0.9357592914852756,0.0983088435914137,92.72,19.63,5.8307
ARIMA,,3,validation,validation_crps,1.6332,2.5945,6.7315,9.3538,12.3548,0.373,0.6107,0.5653,58.2578,103.596,435.3,0.627,0.8121,0.6584,0.236,4247,1.2443,2.0373,-0.2019,90.46,12.8561,5.5471,-0.2403,19.5606,,,2.2908,1.7437,2.2779,1614,1.9643,1.235058672235828,0.0,0.5,0.1331912685133024,0.5700128207874996,0.8760763792211292,0.0817472820951317,93.24,34.44,9.661
ARIMA,,3,test,validation_crps,1.7853,2.8134,7.9155,9.6998,13.3974,0.3617,0.6014,0.5496,56.323,95.8144,424.92,0.6383,0.8156,0.6122,0.2359,8734,1.3057,2.1345,-0.105,91.42,10.0641,16.6978,-0.418,20.4007,,,2.3931,1.6364,2.2572,3267,2.037,1.3362049258021544,0.0,0.5,0.1276076845249944,0.4755149720036534,0.8667125730529512,0.1169030945636069,91.7,34.35,10.9192
ARIMA,,6,validation,validation_crps,2.2052,3.1262,9.7732,11.8585,14.8867,0.5478,0.7401,0.7206,74.3877,109.4165,691.33,0.4522,0.6943,0.5821,0.3113,4244,0.9966,1.5993,-0.1139,59.03,0.0,0.0,1.2467,13.9669,,,2.9674,2.1166,2.5856,1619,2.4903,1.5510200122375446,0.0,0.5,0.1395600551569087,0.5231468940605092,0.8501658115220555,0.0753311759355093,92.58,40.45,11.8856
ARIMA,,6,test,validation_crps,2.4608,3.5683,12.7326,12.9198,16.9918,0.5817,0.7627,0.7319,74.9975,104.6952,675.2,0.4183,0.6569,0.4485,0.3293,8731,1.1105,1.7785,-0.1468,59.32,0.0,0.0,1.2467,14.3798,,,3.2793,2.0923,2.6364,3264,2.7132,1.7709846411926022,0.0,0.5,0.1218433948999256,0.4101693850317267,0.8186469046062516,0.0523606024344839,89.47,40.43,14.5576
ARIMA,,9,validation,validation_crps,2.4508,3.3284,11.0785,13.0849,15.8497,0.6266,0.7916,0.7992,82.599,112.155,828.1,0.3734,0.6598,0.665,0.3392,4241,0.9153,1.4287,0.0239,46.77,0.0,0.0,1.6971,11.9767,,,3.2685,2.3067,2.6679,1624,2.7478,1.680228545278517,0.0,0.5,0.146040220428599,0.4801234212642384,0.8255889393214417,0.0971532996915559,93.96,45.17,12.2616
ARIMA,,9,test,validation_crps,2.7572,3.8429,14.7677,14.4334,18.2994,0.6744,0.8212,0.8174,83.7785,108.5662,777.91,0.3256,0.5932,0.4841,0.3637,8728,0.9969,1.575,0.021,46.82,0.0,0.0,1.6971,12.3104,,,3.6677,2.321,2.7941,3261,3.031,1.943294857377252,0.0,0.5,0.1254964909878388,0.3454650961659865,0.7786948992437277,0.0514033420102954,89.53,45.2,15.2135
ARIMA,,12,validation,validation_crps,2.6563,3.5091,12.3136,14.053,16.7099,0.702,0.8378,0.8623,89.1176,114.0979,906.88,0.298,0.6259,0.7189,0.3632,4238,0.8616,1.3412,0.1099,37.24,0.0,0.0,2.061,10.3684,,,3.5092,2.45,2.7533,1631,2.9511,1.7930197417210667,0.0,0.5,0.1525740114160222,0.4509202118205008,0.7981066284516338,0.084438654542152,94.34,47.93,12.6818
ARIMA,,12,test,validation_crps,2.9864,4.0534,16.4303,15.5094,19.302,0.7502,0.8661,0.8781,90.0093,111.0616,866.87,0.2498,0.5375,0.4993,0.3903,8725,0.9484,1.499,0.0655,37.1,0.0,0.0,2.061,10.638,,,3.9464,2.4601,2.8707,3258,3.257,2.0744881770565216,0.0,0.5,0.1292683794858065,0.3166539914286043,0.7403656421262341,0.0693418519953808,90.18,48.05,15.6683
ARIMA,,24,validation,validation_crps,3.2117,4.0367,16.2946,16.3811,19.2222,0.9443,0.9717,1.0166,104.7562,118.3618,1099.1,0.0557,0.3839,0.8084,0.4278,4226,0.7789,1.2593,0.3468,15.19,0.0,0.0,2.94,6.4833,,,4.0979,2.7796,3.0983,1642,3.44,2.127111898108629,0.0,0.5,0.1656838665169434,0.372891653796166,0.7233402787388579,0.0708670499595285,93.42,51.37,14.2291
ARIMA,,24,test,validation_crps,3.4982,4.5334,20.5513,17.7483,21.5874,0.9376,0.9683,1.0046,103.0173,115.9394,1031.67,0.0624,0.3226,0.511,0.4486,8713,0.8515,1.395,0.2546,15.0,0.0,0.0,2.94,6.5983,,,4.5312,2.7453,3.0846,3253,3.7271,2.386520358135813,0.0,0.5,0.1356455165782475,0.2284356886838348,0.6357645972163919,0.0476736322079075,89.38,51.57,17.4677
Prophet,42.0,1,validation,fixed_configuration_no_selection,3.0083,4.0582,16.4688,14.3255,19.3247,0.9076,0.9527,0.8628,88.8414,117.7672,696.47,0.0924,0.3254,-0.3301,0.4527,4249,0.8551,1.2606,0.2783,41.17,2.1652,31.6722,-0.8675,7.67,0.0497,0.5036,3.843,2.0939,2.6743,1613,3.0083,3.008348491959921,,,,,,,,,
Prophet,42.0,1,test,fixed_configuration_no_selection,3.2132,4.745,22.5151,15.3009,22.5953,1.029,1.0144,0.867,88.8603,120.6697,483.4,-0.029,0.2751,-1.4956,0.5569,8736,0.881,1.3815,0.2691,32.43,13.244,690.7955,-2.1743,6.4004,0.2122,0.5357,4.3904,1.8739,2.5235,3269,3.2132,3.2131915184949134,,,,,,,,,
Prophet,42.0,3,validation,fixed_configuration_no_selection,3.0007,4.0468,16.3766,14.2889,19.2705,0.9075,0.9526,0.8636,88.9948,117.7966,697.23,0.0925,0.3252,-0.3155,0.4523,4247,0.8529,1.2584,0.2779,41.3,2.1662,31.6722,-0.8675,7.67,0.0496,0.5036,3.8297,2.0936,2.6738,1614,3.0007,3.000668414398086,,,,,,,,,
Prophet,42.0,3,test,fixed_configuration_no_selection,3.2136,4.7455,22.5198,15.3029,22.5976,1.029,1.0144,0.867,88.8581,120.6789,483.48,-0.029,0.2752,-1.4963,0.557,8734,0.8811,1.3816,0.2691,32.43,13.2471,690.7955,-2.1743,6.4004,0.2122,0.5357,4.3911,1.8742,2.5241,3267,3.2136,3.213616903208093,,,,,,,,,
Prophet,42.0,6,validation,fixed_configuration_no_selection,2.9872,4.024,16.1928,14.2246,19.162,0.9076,0.9527,0.8644,89.2298,117.7769,699.45,0.0924,0.3245,-0.2887,0.4513,4244,0.8511,1.2563,0.278,41.52,2.1678,31.6722,-0.8675,7.67,0.0496,0.5036,3.8061,2.0949,2.6725,1619,2.9872,2.987168731969438,,,,,,,,,
Prophet,42.0,6,test,fixed_configuration_no_selection,3.214,4.7461,22.5259,15.3046,22.6007,1.0291,1.0144,0.867,88.8412,120.6717,483.48,-0.0291,0.2753,-1.4976,0.557,8731,0.8812,1.3818,0.269,32.44,13.2516,690.7955,-2.1743,6.4004,0.2122,0.5356,4.3919,1.8739,2.5244,3264,3.214,3.2139736002735995,,,,,,,,,
Prophet,42.0,9,validation,fixed_configuration_no_selection,2.9771,4.0075,16.06,14.1767,19.0833,0.9084,0.9531,0.8659,89.491,117.8692,700.82,0.0916,0.3233,-0.2669,0.4509,4241,0.8489,1.2529,0.2777,41.72,2.1693,31.6722,-0.8675,7.67,0.0495,0.5035,3.7881,2.1007,2.6766,1624,2.9771,2.9771016908974057,,,,,,,,,
Prophet,42.0,9,test,fixed_configuration_no_selection,3.2148,4.7469,22.5333,15.3084,22.6044,1.0291,1.0144,0.8669,88.8575,120.7035,483.67,-0.0291,0.2754,-1.4984,0.5571,8728,0.8813,1.382,0.2689,32.43,13.2562,690.7955,-2.1743,6.4004,0.2122,0.5356,4.393,1.8748,2.5254,3261,3.2148,3.214758300673373,,,,,,,,,
Prophet,42.0,12,validation,fixed_configuration_no_selection,2.9701,3.9949,15.9589,14.1435,19.0231,0.9098,0.9538,0.8679,89.6913,117.9467,701.29,0.0902,0.3216,-0.2535,0.4506,4238,0.8484,1.2534,0.278,41.93,2.1708,31.6722,-0.8675,7.67,0.0494,0.5035,3.776,2.1085,2.6837,1631,2.9701,2.9701349713626466,,,,,,,,,
Prophet,42.0,12,test,fixed_configuration_no_selection,3.2153,4.7476,22.5397,15.3109,22.6076,1.0291,1.0144,0.8669,88.8571,120.715,483.58,-0.0291,0.2755,-1.4995,0.5571,8725,0.8811,1.3819,0.2688,32.42,13.2607,690.7955,-2.1743,6.4004,0.2122,0.5356,4.394,1.8749,2.5258,3258,3.2153,3.2152798156591005,,,,,,,,,
Prophet,42.0,24,validation,fixed_configuration_no_selection,2.9486,3.9621,15.6986,14.041,18.8674,0.9098,0.9538,0.8713,89.7913,117.7355,701.95,0.0902,0.322,-0.2285,0.4491,4226,0.8527,1.2615,0.2788,42.39,2.177,31.6722,-0.8675,7.67,0.0497,0.5035,3.7429,2.1203,2.6952,1642,2.9486,2.9486126664765973,,,,,,,,,
Prophet,42.0,24,test,fixed_configuration_no_selection,3.2166,4.7499,22.5615,15.3172,22.6185,1.0294,1.0146,0.867,88.9063,120.7768,484.12,-0.0294,0.2752,-1.5003,0.5574,8713,0.8812,1.3824,0.2684,32.42,13.279,690.7955,-2.1743,6.4004,0.2122,0.5355,4.3958,1.874,2.5254,3253,3.2166,3.2166072262902485,,,,,,,,,
EMFN (Proposed),42.0,1,validation,validation_crps,0.7203,1.1641,1.3552,3.5105,5.5434,0.0747,0.2733,0.2114,21.771,78.8565,90.01,0.9253,0.9621,-0.0522,0.1088,4249,0.9252,1.4931,0.3394,95.31,0.0,0.0,0.0031,17.3158,,,0.9346,0.6544,0.9936,1613,0.7372,0.5220544258025542,0.0,0.5,0.0732821479886362,0.8135626673973326,0.9528928590743232,0.0156586440234154,91.93,15.46,4.1564
EMFN (Proposed),42.0,1,test,validation_crps,0.7993,1.2811,1.6411,3.8119,6.1002,0.075,0.2739,0.216,22.1375,70.6964,81.21,0.925,0.9627,-0.1715,0.1114,8736,0.963,1.5686,0.3709,94.01,0.0,0.0,0.0036,17.6325,,,1.0435,0.6553,1.0102,3269,0.8005,0.5789742757904287,0.0,0.5,0.0688728768038044,0.7484115240750207,0.9450861756359806,0.0265917041415109,89.7,15.65,4.5964
DLinear (+Weather),42.0,1,validation,validation_crps,0.7585,1.2046,1.4511,3.6118,5.7362,0.08,0.2828,0.2175,22.399,58.2569,77.76,0.92,0.9593,-0.0543,0.1122,4249,1.0239,1.5947,0.2736,96.62,26.265,577.2605,-1.6977,18.8675,0.687,0.8112,0.9617,0.6973,1.0611,1613,0.7585,0.7584743046006114,,,,,,,,,
DLinear (+Weather),42.0,1,test,validation_crps,0.8306,1.3122,1.7217,3.9553,6.2484,0.0787,0.2805,0.2241,22.9703,60.7391,96.05,0.9213,0.96,-0.0165,0.112,8736,1.0929,1.7271,0.2888,97.39,20.2266,936.2058,-1.8824,19.7455,0.6214,0.7948,1.0424,0.7105,1.0408,3269,0.8306,0.8306079467937268,,,,,,,,,
LSTM (+Weather),42.0,1,validation,validation_crps,0.7446,1.2115,1.4678,3.5455,5.7692,0.0809,0.2844,0.2135,21.988,67.32,67.98,0.9191,0.9595,-0.1641,0.1139,4249,1.0035,1.6052,0.2657,95.71,9.2022,31.0139,-0.3435,17.3786,0.458,0.6488,0.9717,0.6826,1.0823,1613,0.7446,0.7445572891883071,,,,,,,,,
LSTM (+Weather),42.0,1,test,validation_crps,0.8021,1.3027,1.6969,3.8195,6.2031,0.0775,0.2785,0.2164,22.182,62.9506,71.29,0.9225,0.9618,-0.2395,0.1131,8736,1.0302,1.6947,0.3009,95.68,9.0774,84.0841,-0.3402,18.4365,0.493,0.675,1.0625,0.6744,1.0379,3269,0.8021,0.8021016414598973,,,,,,,,,
GRU (+Weather),42.0,1,validation,validation_crps,0.7558,1.2061,1.4547,3.5989,5.7434,0.0802,0.2831,0.2168,22.3193,68.1695,73.45,0.9198,0.9593,-0.0882,0.1128,4249,1.0092,1.616,0.2653,95.87,10.9438,37.7507,-0.3794,17.7703,0.4722,0.6558,0.9668,0.6974,1.0783,1613,0.7558,0.7557779738628633,,,,,,,,,
GRU (+Weather),42.0,1,test,validation_crps,0.8161,1.3209,1.7448,3.886,6.2901,0.0797,0.2824,0.2202,22.568,61.3687,71.27,0.9203,0.9609,-0.2477,0.1151,8736,1.0326,1.6959,0.2919,94.67,12.0192,109.4652,-0.295,18.2505,0.567,0.7223,1.082,0.6842,1.0448,3269,0.8161,0.8160585138648824,,,,,,,,,
CNN-LSTM (+Weather),42.0,1,validation,validation_crps,0.7699,1.2412,1.5407,3.6662,5.9107,0.0849,0.2914,0.2208,22.7364,61.2422,64.03,0.9151,0.9575,-0.1594,0.116,4249,0.9544,1.5434,0.288,97.35,19.534,41.5176,-0.1335,16.2919,0.6715,0.7789,1.0022,0.6944,1.0838,1613,0.7699,0.7699001246162768,,,,,,,,,
CNN-LSTM (+Weather),42.0,1,test,validation_crps,0.8525,1.3692,1.8747,4.0596,6.52,0.0857,0.2927,0.23,23.5762,66.4021,69.82,0.9143,0.9577,-0.2423,0.1185,8736,0.9928,1.6407,0.3065,96.71,13.7821,72.3718,-0.1882,16.5064,0.5696,0.7315,1.1262,0.7278,1.0975,3269,0.8525,0.8525177096127798,,,,,,,,,
TCN (+Weather),42.0,1,validation,validation_crps,0.8325,1.3341,1.7798,3.9641,6.3528,0.0981,0.3132,0.2387,24.5841,66.7394,78.37,0.9019,0.9517,-0.2432,0.1272,4249,0.9554,1.5028,0.2602,92.69,15.1094,128.4323,-1.0916,17.2354,0.5539,0.7013,1.1014,0.7597,1.1911,1613,0.8325,0.8324678633674758,,,,,,,,,
TCN (+Weather),42.0,1,test,validation_crps,0.9248,1.4643,2.144,4.4037,6.9726,0.098,0.313,0.2495,25.5748,66.0408,86.8,0.902,0.9542,-0.3579,0.1302,8736,0.9765,1.5574,0.3126,90.3,14.2056,261.543,-1.1565,17.7977,0.5294,0.711,1.2455,0.7649,1.1546,3269,0.9248,0.9247859287531818,,,,,,,,,
Transformer (+Weather),42.0,1,validation,validation_crps,0.7881,1.2376,1.5316,3.7529,5.8932,0.0844,0.2905,0.226,23.2738,76.4297,83.02,0.9156,0.957,-0.0726,0.1155,4249,0.9192,1.4748,0.3107,96.36,3.2714,3.4926,-0.0946,17.5628,0.2049,0.5546,1.0033,0.6989,1.0593,1613,0.7881,0.7880991736196477,,,,,,,,,
Transformer (+Weather),42.0,1,test,validation_crps,0.8517,1.3386,1.7919,4.0558,6.3744,0.0819,0.2862,0.2298,23.5543,68.0668,91.68,0.9181,0.9586,-0.124,0.1156,8736,0.9589,1.5659,0.3432,95.33,3.6058,13.7115,-0.1262,17.5519,0.278,0.5799,1.0956,0.7156,1.07,3269,0.8517,0.8517244630337037,,,,,,,,,
LightGBM (24h matched),42.0,1,validation,validation_crps,0.7723,1.1945,1.4269,3.6778,5.6882,0.0786,0.2804,0.2215,22.8087,78.6903,92.83,0.9214,0.9603,-0.0254,0.1123,4249,0.9739,1.5223,0.2858,93.14,1.012,1.1565,-0.1724,17.4453,0.0582,0.5131,0.9718,0.6849,1.0297,1613,0.7723,0.7723474363306208,,,,,,,,,
LightGBM (24h matched),42.0,1,test,validation_crps,0.8209,1.2867,1.6556,3.909,6.1271,0.0757,0.2751,0.2215,22.7014,68.609,98.12,0.9243,0.9623,-0.0632,0.1119,8736,1.0187,1.6189,0.3116,92.25,0.8242,2.7686,-0.2344,17.8689,0.0654,0.5156,1.0419,0.6532,0.9873,3269,0.8209,0.8208848832926825,,,,,,,,,
Quantile LightGBM (24h matched),42.0,1,validation,validation_crps,0.7458,1.2675,1.6065,4.055,6.0356,0.0885,0.2975,0.2442,25.1477,82.1469,124.39,0.9115,0.9581,-0.0563,0.1213,4249,0.9492,1.4808,0.2655,87.88,0.0,0.0,0.0707,15.2569,,,1.0785,0.7334,1.0566,1613,0.8516,0.5512473144100676,0.0,0.5,0.1580015762297073,0.6777769412796738,0.9285360259334547,0.1664461607201695,92.56,19.23,4.8762
Quantile LightGBM (24h matched),42.0,1,test,validation_crps,0.8051,1.395,1.9462,4.3352,6.6431,0.0889,0.2982,0.2457,25.1768,71.8083,121.59,0.9111,0.9591,-0.1027,0.1236,8736,0.9967,1.5862,0.2848,86.82,0.0,0.0,0.0673,15.3456,,,1.1637,0.6891,1.0064,3269,0.9104,0.5960258198523055,0.0,0.5,0.1179357134844386,0.5986474754427169,0.925919459404493,0.1162613834821429,92.0,20.61,5.3698
Hurdle Quantile LightGBM (24h matched),42.0,1,validation,validation_crps,0.7356,1.2328,1.5198,3.8722,5.8704,0.0838,0.2894,0.2332,24.0141,81.5117,116.09,0.9162,0.9593,-0.0389,0.1172,4249,0.9526,1.4791,0.2749,89.63,0.0,0.0,0.0153,15.795,,,1.0262,0.7149,1.0396,1613,0.8132,0.5380244603280304,0.0,0.5,0.0680887197938353,0.8204040523861755,0.9582933292613484,0.0129515532642812,93.86,17.94,4.5818
Hurdle Quantile LightGBM (24h matched),42.0,1,test,validation_crps,0.7921,1.3489,1.8195,4.1421,6.4233,0.0832,0.2884,0.2347,24.0551,70.9941,113.39,0.9168,0.9605,-0.0747,0.1187,8736,1.002,1.588,0.2951,88.69,0.0,0.0,0.0187,15.9798,,,1.106,0.6768,0.994,3269,0.8698,0.5813396545867211,0.0,0.5,0.0642502287271013,0.7585242808473731,0.9539911512404956,0.0177725173953278,92.81,18.74,5.0209
LightGBM (+Weather),42.0,1,validation,validation_crps,0.6726,1.0464,1.0949,3.203,4.9828,0.0603,0.2456,0.1929,19.8637,74.1432,87.92,0.9397,0.9697,-0.0115,0.0979,4249,0.8789,1.3792,0.4071,94.39,1.7181,2.8242,-0.129,17.7948,0.1207,0.5308,0.8437,0.6036,0.9141,1613,0.6726,0.6726256727167175,,,,,,,,,
LightGBM (+Weather),42.0,1,test,validation_crps,0.7371,1.1716,1.3727,3.51,5.5791,0.0627,0.2505,0.1989,20.3845,64.5334,87.46,0.9373,0.9691,-0.084,0.1018,8736,0.9211,1.4839,0.4242,92.87,1.5453,4.6238,-0.217,18.0453,0.1422,0.5373,0.9424,0.5799,0.8878,3269,0.7371,0.7371030090681288,,,,,,,,,
EMFN (Proposed),42.0,3,validation,validation_crps,1.2825,2.0645,4.262,6.192,9.8308,0.2362,0.486,0.3742,38.5652,91.9444,147.08,0.7638,0.8753,-0.2046,0.1999,4247,0.9614,1.5161,0.1392,88.13,0.0,0.0,0.0135,16.7472,,,1.6766,1.1197,1.767,1614,1.3003,0.923580316526903,0.0,0.5,0.1039260477440375,0.6743344965193793,0.9059998169217685,0.0165519956999318,89.71,22.77,7.3837
EMFN (Proposed),42.0,3,test,validation_crps,1.5025,2.3826,5.6767,7.1582,11.3456,0.2594,0.5093,0.4056,41.5651,86.6136,163.17,0.7406,0.8648,-0.3881,0.2164,8734,1.0302,1.6648,0.1531,84.33,0.0,0.0,0.0126,16.561,,,1.9761,1.1877,1.8591,3267,1.5032,1.0896347544044376,0.0,0.5,0.0990847954405904,0.5567140590970295,0.8779151610830529,0.040815795183383,85.67,23.44,9.0246
DLinear (+Weather),42.0,3,validation,validation_crps,1.3906,2.1718,4.7165,6.6221,10.3417,0.2614,0.5112,0.4002,41.244,81.2457,161.88,0.7386,0.8645,-0.3265,0.2167,4247,1.0535,1.5955,-0.0171,81.08,21.3563,490.8113,-2.8295,14.8593,0.5346,0.6983,1.8199,1.1628,1.7471,1614,1.3906,1.390639771839128,,,,,,,,,
DLinear (+Weather),42.0,3,test,validation_crps,1.5551,2.4377,5.9426,7.4051,11.6083,0.2715,0.5211,0.4196,42.9984,80.1046,193.54,0.7285,0.8576,-0.347,0.2227,8734,1.1048,1.7052,0.0381,81.79,17.7009,846.9932,-2.3745,17.5051,0.5114,0.7127,2.0306,1.1827,1.8092,3267,1.5551,1.5550668277995685,,,,,,,,,
LSTM (+Weather),42.0,3,validation,validation_crps,1.3122,2.0909,4.3717,6.2483,9.9565,0.2423,0.4922,0.3776,38.9162,78.3373,140.06,0.7577,0.8722,-0.186,0.2008,4247,0.9443,1.4959,0.1374,90.4,18.0363,119.5096,-0.5733,16.3926,0.5552,0.7062,1.6867,1.1799,1.8462,1614,1.3122,1.3121500899675709,,,,,,,,,
LSTM (+Weather),42.0,3,test,validation_crps,1.4701,2.3186,5.3757,7.0007,11.0408,0.2456,0.4956,0.3966,40.6502,82.1357,156.42,0.7544,0.8719,-0.3469,0.2069,8734,1.0005,1.6048,0.1879,89.04,16.4071,269.4593,-0.6174,17.0731,0.4946,0.6982,1.9244,1.217,1.8865,3267,1.4701,1.4701436031052342,,,,,,,,,
GRU (+Weather),42.0,3,validation,validation_crps,1.3179,2.1195,4.4924,6.2756,10.093,0.2489,0.4989,0.3793,39.086,87.3023,128.83,0.7511,0.8702,-0.302,0.2049,4247,0.9826,1.5602,0.0507,90.46,11.7495,73.4061,-0.5535,16.096,0.3615,0.6017,1.7228,1.1624,1.8584,1614,1.3179,1.3178771955045496,,,,,,,,,
GRU (+Weather),42.0,3,test,validation_crps,1.4506,2.3288,5.4233,6.9074,11.0895,0.2478,0.4978,0.3914,40.1087,84.7415,150.35,0.7522,0.8721,-0.3838,0.2067,8734,1.0172,1.6444,0.1237,91.25,7.8887,100.7358,-0.5672,18.1115,0.3243,0.5966,1.9091,1.1857,1.8746,3267,1.4506,1.450559232942921,,,,,,,,,
CNN-LSTM (+Weather),42.0,3,validation,validation_crps,1.3417,2.1189,4.4899,6.3891,10.0902,0.2488,0.4988,0.3861,39.7926,90.5817,148.07,0.7512,0.8678,-0.1725,0.2045,4247,0.9675,1.5292,0.0576,88.49,2.3075,2.0852,-0.0886,14.0902,0.1328,0.5324,1.7202,1.2103,1.8931,1614,1.3417,1.341702113015133,,,,,,,,,
CNN-LSTM (+Weather),42.0,3,test,validation_crps,1.4981,2.386,5.693,7.1336,11.3619,0.2601,0.51,0.4042,41.422,87.3077,156.37,0.7399,0.8658,-0.4429,0.2177,8734,1.004,1.6164,0.1002,83.85,3.0112,9.0789,-0.1544,14.5409,0.1693,0.5419,1.9833,1.1969,1.8785,3267,1.4981,1.4980553717737168,,,,,,,,,
TCN (+Weather),42.0,3,validation,validation_crps,1.281,2.0618,4.2508,6.1,9.8179,0.2356,0.4853,0.3687,37.9924,83.8384,120.08,0.7644,0.8797,-0.4127,0.2028,4247,1.0553,1.6493,0.0438,87.28,13.8686,91.144,-0.8277,17.6242,0.4414,0.6407,1.7044,1.1273,1.7862,1614,1.281,1.28100474295435,,,,,,,,,
TCN (+Weather),42.0,3,test,validation_crps,1.4716,2.362,5.5792,7.0078,11.2478,0.2549,0.5049,0.397,40.6918,84.9792,133.27,0.7451,0.8732,-0.5984,0.2173,8734,1.0979,1.7468,0.0893,84.02,11.0488,131.8732,-0.6608,18.7478,0.3848,0.6267,1.9892,1.1415,1.7935,3267,1.4716,1.4716484035673234,,,,,,,,,
Transformer (+Weather),42.0,3,validation,validation_crps,1.3381,2.1359,4.5621,6.3721,10.171,0.2528,0.5028,0.3851,39.687,91.3103,134.06,0.7472,0.8683,-0.3399,0.2083,4247,0.9739,1.5338,0.1034,88.48,1.9779,2.4927,-0.0925,16.3315,0.1154,0.5277,1.7577,1.1332,1.7814,1614,1.3381,1.3381411039107851,,,,,,,,,
Transformer (+Weather),42.0,3,test,validation_crps,1.5568,2.5285,6.3935,7.4132,12.0406,0.2921,0.5405,0.42,43.0456,89.0548,139.18,0.7079,0.8555,-0.7096,0.2353,8734,1.0082,1.6232,0.1323,82.48,0.7557,2.1291,-0.1122,16.6512,0.0603,0.5143,2.1234,1.1335,1.798,3267,1.5568,1.5567737498634575,,,,,,,,,
LightGBM (24h matched),42.0,3,validation,validation_crps,1.4311,2.0971,4.398,6.815,9.9864,0.2437,0.4937,0.4119,42.4454,93.2602,222.2,0.7563,0.8722,-0.0058,0.2051,4247,1.062,1.6128,0.0218,80.61,1.5305,10.3189,-0.6636,16.3616,0.0705,0.5144,1.7904,1.2333,1.7859,1614,1.4311,1.4311461570862678,,,,,,,,,
LightGBM (24h matched),42.0,3,test,validation_crps,1.5873,2.3372,5.4626,7.5588,11.1296,0.2496,0.4996,0.4283,43.8908,86.5928,258.46,0.7504,0.8717,-0.0694,0.2127,8734,1.1107,1.7108,0.0712,77.59,1.4541,20.4558,-0.8796,16.1765,0.0747,0.5156,2.0015,1.2312,1.7768,3267,1.5873,1.587342731567178,,,,,,,,,
Quantile LightGBM (24h matched),42.0,3,validation,validation_crps,1.3338,2.2271,4.96,7.3364,10.6053,0.2748,0.5243,0.4434,45.693,96.1272,266.25,0.7252,0.8633,-0.1058,0.2248,4247,1.0251,1.5886,-0.0795,72.36,0.0,0.0,0.2192,12.9693,,,1.9523,1.2759,1.784,1614,1.5406,0.9870193227111632,0.0,0.5,0.1595272192135625,0.5582577918594083,0.8699585149812663,0.1458888627266305,92.84,31.19,8.1519
Quantile LightGBM (24h matched),42.0,3,test,validation_crps,1.4976,2.5131,6.3155,8.1538,11.967,0.2886,0.5372,0.462,47.3456,89.0232,286.48,0.7114,0.859,-0.1729,0.2356,8734,1.0697,1.681,-0.008,70.07,0.0,0.0,0.215,13.1884,,,2.1836,1.2563,1.7837,3267,1.7123,1.1103651597880173,0.0,0.5,0.1204456720861003,0.4632289746391623,0.8598513243378311,0.0940977787955117,90.97,32.97,9.3426
Hurdle Quantile LightGBM (24h matched),42.0,3,validation,validation_crps,1.3206,2.1685,4.7024,7.0897,10.3261,0.2606,0.5105,0.4285,44.1566,95.175,249.79,0.7394,0.867,-0.0513,0.2158,4247,1.0277,1.5786,-0.0527,75.72,0.0,0.0,0.0864,13.8675,,,1.8739,1.2661,1.7817,1614,1.4888,0.9630199651723254,0.0,0.5,0.107615317757811,0.6412933760368733,0.8995526661403167,0.0302122936244727,93.76,30.71,7.9716
Hurdle Quantile LightGBM (24h matched),42.0,3,test,validation_crps,1.4859,2.4442,5.9739,7.9157,11.6388,0.273,0.5225,0.4485,45.9633,88.3427,280.77,0.727,0.8627,-0.1021,0.2258,8734,1.0717,1.6751,0.0146,73.32,0.0,0.0,0.0909,14.3747,,,2.1034,1.2567,1.788,3267,1.6623,1.0878315573929704,0.0,0.5,0.0931750569898026,0.5553595655198198,0.8898253446241549,0.0157638911838101,91.52,32.34,9.2551
LightGBM (+Weather),42.0,3,validation,validation_crps,1.2947,1.9161,3.6713,6.1653,9.1241,0.2034,0.451,0.3726,38.3988,89.8219,210.96,0.7966,0.8956,0.0201,0.1862,4247,0.9796,1.4831,0.2386,82.1,1.6011,5.6817,-0.2986,15.8427,0.0879,0.52,1.6134,1.0968,1.5832,1614,1.2947,1.2947055253739397,,,,,,,,,
LightGBM (+Weather),42.0,3,test,validation_crps,1.4817,2.2238,4.9452,7.0557,10.5894,0.226,0.4754,0.3998,40.9697,84.3374,234.29,0.774,0.8862,-0.1291,0.2027,8734,1.0371,1.6139,0.2408,78.38,0.6984,5.2401,-0.2789,16.4652,0.0296,0.505,1.8844,1.1388,1.6772,3267,1.4817,1.4816989215525864,,,,,,,,,
EMFN (Proposed),42.0,6,validation,validation_crps,1.6733,2.6401,6.9702,8.4228,12.5719,0.3907,0.625,0.5118,52.8355,99.6124,275.29,0.6093,0.7823,-0.1621,0.2672,4244,0.9039,1.414,0.1789,74.89,0.0,0.0,0.1715,13.6445,,,2.2515,1.4547,2.1079,1619,1.7688,1.1979751159035277,0.0,0.5,0.1186172166719379,0.5809018844710037,0.8706040222337599,0.016880255466385,92.27,32.2,9.384
EMFN (Proposed),42.0,6,test,validation_crps,2.0577,3.2329,10.4514,10.0235,15.3946,0.4775,0.691,0.5678,58.1848,95.1113,312.54,0.5225,0.7298,-0.429,0.3094,8731,0.9987,1.5683,0.152,68.91,0.0,0.0,0.1751,13.881,,,2.7384,1.5415,2.3122,3264,2.1049,1.48685267626841,0.0,0.5,0.1139266472917789,0.438798149709689,0.8169923864324711,0.0428438322498495,88.75,33.84,11.9417
DLinear (+Weather),42.0,6,validation,validation_crps,1.6984,2.673,7.145,8.0875,12.7286,0.4005,0.6328,0.4915,50.7321,90.0489,201.84,0.5995,0.7818,-0.4539,0.2742,4244,0.9647,1.4575,0.1266,77.16,24.5523,696.6338,-4.7637,15.3547,0.5095,0.6852,2.2364,1.3366,2.0218,1619,1.6984,1.698369743279197,,,,,,,,,
DLinear (+Weather),42.0,6,test,validation_crps,2.0279,3.2006,10.2438,9.6567,15.2409,0.468,0.6841,0.547,56.0556,92.3087,291.96,0.532,0.7348,-0.3859,0.2977,8731,1.0901,1.6521,0.0678,76.93,16.2868,881.2215,-3.7572,17.2193,0.4136,0.6495,2.6314,1.505,2.3006,3264,2.0279,2.0278998536372885,,,,,,,,,
LSTM (+Weather),42.0,6,validation,validation_crps,1.7877,2.8704,8.2393,8.5127,13.6686,0.4618,0.6796,0.5173,53.3994,98.9685,201.23,0.5382,0.7456,-0.5489,0.2961,4244,0.8952,1.4243,0.0145,77.4,4.9246,22.2805,-0.3617,14.1164,0.2077,0.5499,2.3718,1.3971,2.1902,1619,1.7877,1.7876659550882363,,,,,,,,,
LSTM (+Weather),42.0,6,test,validation_crps,2.0516,3.3227,11.0406,9.7695,15.8226,0.5044,0.7102,0.5534,56.7103,96.4624,221.59,0.4956,0.7252,-0.8143,0.3214,8731,0.9852,1.572,-0.0054,73.18,6.3796,87.0088,-0.4185,16.3102,0.2552,0.5679,2.7681,1.4523,2.2909,3264,2.0516,2.0515880420116184,,,,,,,,,
GRU (+Weather),42.0,6,validation,validation_crps,1.7281,2.7528,7.5779,8.229,13.1086,0.4247,0.6517,0.5001,51.6199,94.8321,210.38,0.5753,0.7654,-0.387,0.2774,4244,0.9422,1.5121,0.0336,81.28,7.9877,40.2373,-0.4209,16.5525,0.3243,0.5902,2.2569,1.37,2.094,1619,1.7281,1.72809315598584,,,,,,,,,
GRU (+Weather),42.0,6,test,validation_crps,2.0507,3.2593,10.6233,9.7654,15.5207,0.4853,0.6967,0.5532,56.6866,96.3046,261.96,0.5147,0.731,-0.6498,0.3102,8731,1.0328,1.6411,0.0206,74.93,4.8792,41.9438,-0.408,18.6377,0.2322,0.5609,2.7259,1.5076,2.2873,3264,2.0507,2.050730744796688,,,,,,,,,
CNN-LSTM (+Weather),42.0,6,validation,validation_crps,1.7344,2.7319,7.4635,8.2591,13.0092,0.4183,0.6468,0.5019,51.8087,100.4313,231.1,0.5817,0.7691,-0.1997,0.2682,4244,0.8821,1.4128,0.1466,85.67,0.0,0.0,0.075,15.4593,0.0,0.5,2.2179,1.445,2.2011,1619,1.7344,1.734413091202774,,,,,,,,,
CNN-LSTM (+Weather),42.0,6,test,validation_crps,2.1115,3.332,11.102,10.0548,15.8665,0.5072,0.7122,0.5696,58.3666,97.5697,260.14,0.4928,0.7154,-0.546,0.311,8731,0.9795,1.5644,0.1136,78.86,0.0,0.0,0.0611,15.9858,0.0,0.5,2.7759,1.5646,2.4063,3264,2.1115,2.111505108300362,,,,,,,,,
TCN (+Weather),42.0,6,validation,validation_crps,1.6728,2.7372,7.492,7.9659,13.0341,0.4199,0.648,0.4841,49.9696,91.8308,180.8,0.5801,0.7719,-0.5042,0.2781,4244,0.9943,1.5722,0.0507,81.09,12.5353,104.844,-1.0321,17.1799,0.418,0.629,2.2171,1.3321,2.1375,1619,1.6728,1.6728451354565004,,,,,,,,,
TCN (+Weather),42.0,6,test,validation_crps,1.9641,3.1914,10.1849,9.353,15.1971,0.4653,0.6821,0.5298,54.293,95.1504,204.01,0.5347,0.7499,-0.7765,0.3049,8731,1.089,1.7134,0.0344,76.07,11.5222,202.8193,-0.9864,18.0678,0.3438,0.6063,2.6493,1.3972,2.1845,3264,1.9641,1.964135737801715,,,,,,,,,
Transformer (+Weather),42.0,6,validation,validation_crps,1.7021,2.7001,7.2905,8.105,12.8576,0.4086,0.6392,0.4925,50.8423,100.0644,203.95,0.5914,0.7761,-0.3696,0.27,4244,0.9501,1.5302,0.14,83.3,0.0236,0.0203,-0.0203,14.8459,0.0021,0.5005,2.22,1.4168,2.2405,1619,1.7021,1.7020588127773075,,,,,,,,,
Transformer (+Weather),42.0,6,test,validation_crps,2.1123,3.4257,11.7351,10.0584,16.3126,0.5361,0.7322,0.5698,58.3873,97.7578,226.51,0.4639,0.704,-0.805,0.3291,8731,1.0436,1.6894,0.1003,74.94,0.0229,0.0644,-0.0355,16.7414,0.0,0.4999,2.8416,1.4879,2.3827,3264,2.1123,2.1122560034982145,,,,,,,,,
LightGBM (24h matched),42.0,6,validation,validation_crps,1.8355,2.6041,6.7814,8.7404,12.4006,0.3801,0.6165,0.5311,54.8279,100.0161,341.17,0.6199,0.7914,0.0212,0.2629,4244,0.9908,1.4807,0.146,71.19,0.7304,4.1254,-0.4801,14.6813,0.0365,0.5074,2.2891,1.5245,2.092,1619,1.8355,1.835486746841186,,,,,,,,,
LightGBM (24h matched),42.0,6,test,validation_crps,2.1528,3.0982,9.5987,10.2514,14.7532,0.4385,0.6622,0.5807,59.5077,95.5587,413.5,0.5615,0.7557,-0.0755,0.292,8731,1.0909,1.653,0.109,65.91,0.6299,8.4464,-1.1465,15.9553,0.0284,0.505,2.7098,1.6013,2.2433,3264,2.1528,2.152785570468112,,,,,,,,,
Quantile LightGBM (24h matched),42.0,6,validation,validation_crps,1.671,2.6867,7.2182,9.095,12.7936,0.4046,0.6361,0.5527,57.0524,102.4747,368.74,0.5954,0.793,-0.1488,0.2826,4244,0.9098,1.4058,0.0984,61.38,0.0,0.0,0.215,11.6646,,,2.4246,1.5179,2.015,1619,1.91,1.21621202470525,0.0,0.5,0.1592461592836946,0.507801480610267,0.8443482512801719,0.1329948162111215,93.19,36.08,9.6428
Quantile LightGBM (24h matched),42.0,6,test,validation_crps,1.9825,3.2009,10.2456,10.6161,15.2423,0.4681,0.6842,0.6014,61.6251,97.5174,423.33,0.5319,0.7558,-0.2425,0.3138,8731,1.0093,1.5638,0.057,56.44,0.0,0.0,0.34,11.9836,,,2.8474,1.5683,2.12,3264,2.2294,1.4522937084036915,0.0,0.5,0.1225042377734509,0.3888934950240632,0.8110810958698964,0.0800996449433054,90.04,38.9,12.0087
Hurdle Quantile LightGBM (24h matched),42.0,6,validation,validation_crps,1.6683,2.6586,7.0684,8.9718,12.6602,0.3962,0.6294,0.5452,56.2795,101.818,360.04,0.6038,0.7906,-0.081,0.2756,4244,0.9131,1.4028,0.117,64.63,0.0,0.0,0.1957,12.5198,,,2.3754,1.5231,2.039,1619,1.8841,1.2028501060983587,0.0,0.5,0.1252803815900614,0.5465254801480635,0.8590770673629987,0.044372670249718,93.71,36.78,9.6565
Hurdle Quantile LightGBM (24h matched),42.0,6,test,validation_crps,1.9778,3.1548,9.9527,10.4972,15.0228,0.4547,0.6743,0.5947,60.9347,96.9531,426.47,0.5453,0.7571,-0.151,0.3047,8731,1.0108,1.5612,0.0743,59.33,0.0,0.0,0.2407,12.9794,,,2.7933,1.5912,2.1605,3264,2.2044,1.4386142688232546,0.0,0.5,0.1110447314257997,0.4227231551978049,0.825925968591514,0.0212529203681632,90.93,39.88,12.1149
LightGBM (+Weather),42.0,6,validation,validation_crps,1.7762,2.5152,6.3263,8.458,11.9772,0.3546,0.5955,0.514,53.0565,98.4018,360.19,0.6454,0.8081,0.1128,0.2512,4244,0.9856,1.461,0.2383,72.52,0.8954,4.2651,-0.427,14.578,0.0483,0.5104,2.192,1.5007,2.0522,1619,1.7762,1.776183542743183,,,,,,,,,
LightGBM (+Weather),42.0,6,test,validation_crps,2.0901,3.0558,9.3379,9.953,14.5514,0.4266,0.6531,0.5638,57.7756,94.6546,379.14,0.5734,0.7636,-0.1468,0.2885,8731,1.0752,1.6323,0.201,67.07,0.504,5.1807,-0.6544,15.5278,0.0272,0.5054,2.6494,1.552,2.1797,3264,2.0901,2.0901234964837605,,,,,,,,,
EMFN (Proposed),42.0,9,validation,validation_crps,1.9864,3.0549,9.3326,10.0503,14.5473,0.5279,0.7265,0.6139,63.4429,105.5912,404.69,0.4721,0.6879,0.0188,0.3094,4241,0.8818,1.3554,0.1457,71.98,0.0,0.0,0.2777,11.8945,,,2.6335,1.7728,2.5114,1624,2.1106,1.4210165684191698,0.0,0.5,0.1310005411878241,0.5157986426815631,0.834459169648457,0.0266334013791613,91.35,38.59,11.0141
EMFN (Proposed),42.0,9,test,validation_crps,2.3243,3.5561,12.6461,11.5317,16.934,0.5775,0.76,0.6531,66.9358,100.7118,409.29,0.4225,0.6529,-0.2876,0.341,8728,0.9648,1.5012,0.1323,65.09,0.0,0.0,0.2348,12.3502,,,3.099,1.8473,2.6031,3261,2.4217,1.6637879647685765,0.0,0.5,0.12866614211836,0.3661648179234054,0.7846607185182026,0.0803294089152439,91.62,40.8,13.0602
DLinear (+Weather),42.0,9,validation,validation_crps,1.9195,3.0106,9.0637,9.1407,14.3362,0.5126,0.716,0.5583,57.7012,100.0271,247.19,0.4874,0.7186,-0.6986,0.3255,4241,0.9198,1.35,0.1972,68.11,18.2976,396.8786,-4.2285,13.1158,0.4035,0.6176,2.5741,1.3998,2.0766,1624,1.9195,1.9195497132414925,,,,,,,,,
DLinear (+Weather),42.0,9,test,validation_crps,2.3767,3.662,13.4104,11.3178,17.4382,0.6124,0.7826,0.6409,65.6941,101.3396,343.22,0.3876,0.6384,-0.6572,0.36,8728,1.0214,1.533,0.1342,65.35,11.148,480.9877,-2.3469,15.0755,0.2876,0.578,3.1352,1.6276,2.4417,3261,2.3767,2.376731975413431,,,,,,,,,
LSTM (+Weather),42.0,9,validation,validation_crps,2.0261,3.2273,10.4157,9.6482,15.3682,0.5891,0.7675,0.5893,60.9047,102.6416,262.23,0.4109,0.6683,-0.7894,0.3502,4241,0.859,1.3486,0.0673,68.98,8.3471,68.4256,-0.5832,12.4427,0.3138,0.5849,2.73,1.5561,2.3934,1624,2.0261,2.026119771549626,,,,,,,,,
LSTM (+Weather),42.0,9,test,validation_crps,2.3721,3.771,14.2204,11.2958,17.9571,0.6494,0.8059,0.6397,65.5667,103.3365,270.6,0.3506,0.635,-1.0735,0.3847,8728,0.933,1.4925,0.0528,62.83,8.0775,175.4088,-0.6433,14.843,0.2609,0.5682,3.2335,1.6047,2.409,3261,2.3721,2.3721254304540023,,,,,,,,,
GRU (+Weather),42.0,9,validation,validation_crps,1.9301,3.0815,9.4954,9.1909,14.6736,0.5371,0.7328,0.5614,58.0179,99.4603,235.55,0.4629,0.7,-0.5087,0.3149,4241,0.8668,1.3636,0.1132,81.11,10.6814,67.7612,-0.5924,17.4768,0.3484,0.5967,2.5398,1.5232,2.3613,1624,1.9301,1.930084531756927,,,,,,,,,
GRU (+Weather),42.0,9,test,validation_crps,2.3257,3.7303,13.9152,11.075,17.7634,0.6355,0.7972,0.6272,64.2848,105.1711,256.68,0.3645,0.6417,-0.8355,0.3569,8728,0.9563,1.5176,0.0817,76.58,10.0137,148.4017,-0.7271,19.4715,0.2591,0.565,3.1161,1.685,2.6075,3261,2.3257,2.325746946166042,,,,,,,,,
CNN-LSTM (+Weather),42.0,9,validation,validation_crps,2.0101,3.2263,10.4088,9.5719,15.3631,0.5887,0.7673,0.5846,60.4231,108.6762,221.02,0.4113,0.6799,-0.9477,0.357,4241,0.8622,1.3664,0.0926,66.66,0.0236,0.0037,-0.0037,13.5817,0.0,0.4998,2.7496,1.4537,2.2504,1624,2.0101,2.0100978355294803,,,,,,,,,
CNN-LSTM (+Weather),42.0,9,test,validation_crps,2.4082,3.8975,15.1902,11.4676,18.5593,0.6937,0.8329,0.6494,66.5637,106.9665,232.02,0.3063,0.625,-1.3574,0.408,8728,0.9369,1.4979,0.0841,60.91,0.0802,0.134,-0.0515,14.0783,0.0,0.4995,3.3496,1.51,2.3395,3261,2.4082,2.4081926640167466,,,,,,,,,
TCN (+Weather),42.0,9,validation,validation_crps,1.9906,3.1957,10.2126,9.479,15.2177,0.5776,0.76,0.579,59.8365,105.7101,218.22,0.4224,0.6824,-0.8671,0.3461,4241,0.9568,1.4607,0.1062,71.09,8.182,71.5206,-1.2849,16.485,0.2573,0.5603,2.705,1.4986,2.3426,1624,1.9906,1.9905826736111336,,,,,,,,,
TCN (+Weather),42.0,9,test,validation_crps,2.3324,3.8087,14.5061,11.1066,18.1366,0.6625,0.8139,0.629,64.4682,107.824,207.35,0.3375,0.6452,-1.3128,0.392,8728,1.0491,1.6272,0.0607,64.58,10.8501,232.3044,-2.1385,17.3378,0.2385,0.5538,3.2437,1.5015,2.3633,3261,2.3324,2.332380001687022,,,,,,,,,
Transformer (+Weather),42.0,9,validation,validation_crps,2.0038,3.1605,9.9887,9.542,15.0499,0.565,0.7516,0.5828,60.2344,107.5353,241.52,0.435,0.6869,-0.6338,0.3262,4241,0.9516,1.5216,0.1264,80.55,0.0,0.0,0.0306,15.3607,0.0,0.5,2.6632,1.5842,2.5124,1624,2.0038,2.003819363868625,,,,,,,,,
Transformer (+Weather),42.0,9,test,validation_crps,2.4648,3.9945,15.9564,11.7369,19.0216,0.7287,0.8537,0.6647,68.1271,106.9662,259.02,0.2713,0.5904,-1.0395,0.3879,8728,1.0641,1.7313,0.0759,75.75,0.7104,11.983,-0.6376,16.9494,0.0013,0.4962,3.3408,1.7005,2.725,3261,2.4648,2.4647550887523826,,,,,,,,,
LightGBM (24h matched),42.0,9,validation,validation_crps,2.1672,3.0051,9.0303,10.3199,14.3098,0.5108,0.7147,0.6303,65.1449,105.754,442.93,0.4892,0.7006,0.0952,0.3071,4241,0.9689,1.4112,0.1539,66.7,0.0943,0.4258,-0.1349,15.0297,0.0021,0.5001,2.6852,1.7654,2.3522,1624,2.1672,2.167180007411981,,,,,,,,,
LightGBM (24h matched),42.0,9,test,validation_crps,2.5385,3.5247,12.4235,12.0881,16.7842,0.5674,0.7532,0.6846,70.1657,102.4387,513.61,0.4326,0.6604,-0.0102,0.336,8728,1.035,1.5512,0.1348,60.12,0.1604,6.3518,-1.7257,16.2176,0.0014,0.4995,3.1757,1.8954,2.5351,3261,2.5385,2.538508841858899,,,,,,,,,
Quantile LightGBM (24h matched),42.0,9,validation,validation_crps,1.9442,3.0027,9.0164,10.4496,14.2987,0.51,0.7141,0.6383,65.9635,107.1894,469.13,0.49,0.7198,-0.0933,0.3213,4241,0.8728,1.3326,0.1361,55.38,0.0,0.0,0.2927,11.1765,,,2.7663,1.7022,2.1807,1624,2.1944,1.398579003553286,0.0,0.5,0.1634667295449186,0.4779733465393081,0.8166688271540218,0.1270832350860646,93.0,40.88,11.1307
Quantile LightGBM (24h matched),42.0,9,test,validation_crps,2.3013,3.5761,12.7888,12.3063,17.0292,0.5841,0.7642,0.6969,71.4319,103.4784,526.36,0.4159,0.6687,-0.1829,0.3554,8728,0.9404,1.4647,0.1248,49.63,0.0,0.0,0.5071,12.1899,,,3.2761,1.8288,2.3591,3261,2.5843,1.6738937528708249,0.0,0.5,0.12675166131989,0.3447661626237566,0.7762050916519634,0.0740891384051328,90.46,43.95,13.7009
Hurdle Quantile LightGBM (24h matched),42.0,9,validation,validation_crps,1.9411,2.985,8.9102,10.3643,14.2143,0.504,0.7099,0.633,65.4251,106.8969,465.24,0.496,0.7186,-0.0526,0.3163,4241,0.8767,1.3267,0.156,57.66,0.0,0.0,0.3258,11.7051,,,2.7338,1.7126,2.2081,1624,2.1765,1.3885242089023624,0.0,0.5,0.1386263725899481,0.4856571522307991,0.820844763264598,0.0473322035571682,93.33,41.62,11.058
Hurdle Quantile LightGBM (24h matched),42.0,9,test,validation_crps,2.2999,3.5552,12.6396,12.2571,16.9296,0.5772,0.7598,0.6941,71.1462,103.2394,528.72,0.4228,0.6675,-0.1168,0.3494,8728,0.9429,1.4599,0.1439,51.86,0.0,0.0,0.2805,12.6119,,,3.2467,1.8629,2.4074,3261,2.574,1.6679238787885349,0.0,0.5,0.1184029175468443,0.3750949697578833,0.7850066438405894,0.0144570997707847,90.59,44.88,13.6874
LightGBM (+Weather),42.0,9,validation,validation_crps,2.146,2.9405,8.6463,10.2191,14.0022,0.489,0.6993,0.6242,64.5086,105.3739,463.93,0.511,0.7189,0.1092,0.3018,4241,0.9321,1.3735,0.2421,64.66,0.0236,0.0639,-0.0639,13.9779,0.0021,0.5005,2.6552,1.7443,2.2723,1624,2.146,2.1460101895775376,,,,,,,,,
LightGBM (+Weather),42.0,9,test,validation_crps,2.5198,3.5138,12.3468,11.9991,16.7324,0.5639,0.7509,0.6795,69.6488,101.8948,503.49,0.4361,0.665,-0.0896,0.3381,8728,1.0306,1.5451,0.1962,58.91,0.0115,0.0567,-0.0567,14.5551,0.0014,0.5004,3.1721,1.8761,2.489,3261,2.5198,2.519808635403544,,,,,,,,,
EMFN (Proposed),42.0,12,validation,validation_crps,2.1234,3.2225,10.3845,10.8411,15.3452,0.592,0.7694,0.6652,68.7488,109.4572,444.64,0.408,0.6433,-0.2407,0.3469,4238,0.8668,1.3452,0.1343,59.3,0.0,0.0,0.4647,11.6938,,,2.906,1.7327,2.3276,1631,2.2766,1.5263698485412351,0.0,0.5,0.1379321293467017,0.4822178827937834,0.814260587699023,0.0334134797911533,92.99,41.13,11.6343
EMFN (Proposed),42.0,12,test,validation_crps,2.5548,3.8352,14.7091,12.7503,18.2631,0.6716,0.8195,0.7219,73.9971,104.4068,514.04,0.3284,0.5794,-0.3674,0.3816,8725,0.9599,1.505,0.0898,54.62,0.0,0.0,0.4211,11.5356,,,3.4388,1.9484,2.6212,3258,2.6776,1.8203849517182171,0.0,0.5,0.1239016154717722,0.3404809484447276,0.7528878189811397,0.0436310559938152,91.95,44.74,13.9348
DLinear (+Weather),42.0,12,validation,validation_crps,2.0968,3.2203,10.3704,9.9848,15.3348,0.5912,0.7689,0.6127,63.3186,102.6427,283.12,0.4088,0.6591,-0.6702,0.3519,4238,0.9103,1.3314,0.225,65.63,15.6206,362.6495,-4.2471,12.6574,0.366,0.5988,2.7886,1.5327,2.1924,1631,2.0968,2.0968011157382955,,,,,,,,,
DLinear (+Weather),42.0,12,test,validation_crps,2.6035,3.9401,15.5246,12.3976,18.7625,0.7088,0.8419,0.7019,71.95,105.347,417.72,0.2912,0.56,-0.643,0.3913,8725,1.0227,1.5264,0.1392,61.94,10.0172,448.6413,-3.8783,14.5619,0.2487,0.56,3.4151,1.7926,2.6131,3258,2.6035,2.603497259286307,,,,,,,,,
LSTM (+Weather),42.0,12,validation,validation_crps,2.2026,3.4281,11.7522,10.4888,16.3245,0.67,0.8185,0.6436,66.5147,110.1674,305.45,0.33,0.6059,-0.7725,0.3769,4238,0.837,1.3184,0.1601,66.12,0.8966,1.0552,-0.0769,14.1156,0.0501,0.511,2.9464,1.6381,2.4651,1631,2.2026,2.2026386208461437,,,,,,,,,
LSTM (+Weather),42.0,12,test,validation_crps,2.5934,4.07,16.5652,12.3494,19.3811,0.7563,0.8697,0.6992,71.6705,106.9496,329.38,0.2437,0.5485,-1.0917,0.4197,8725,0.928,1.4794,0.114,60.09,2.2006,10.6441,-0.1714,16.0836,0.0952,0.5191,3.5147,1.7027,2.5543,3258,2.5934,2.5933841500831165,,,,,,,,,
GRU (+Weather),42.0,12,validation,validation_crps,2.1125,3.3046,10.9202,10.0594,15.7361,0.6225,0.789,0.6173,63.7918,106.4379,275.14,0.3775,0.6414,-0.666,0.3516,4238,0.8457,1.3224,0.187,73.48,9.5092,44.2864,-0.5219,17.2288,0.2991,0.5758,2.8071,1.6085,2.3991,1631,2.1125,2.1124709334000875,,,,,,,,,
GRU (+Weather),42.0,12,test,validation_crps,2.562,3.953,15.626,12.2002,18.8237,0.7134,0.8447,0.6908,70.8042,106.6059,340.03,0.2866,0.5745,-0.7897,0.3863,8725,0.9522,1.5028,0.1228,69.71,4.2178,46.5973,-0.4557,17.0258,0.1695,0.5385,3.4,1.8673,2.7534,3258,2.562,2.562037986841984,,,,,,,,,
CNN-LSTM (+Weather),42.0,12,validation,validation_crps,2.1267,3.3925,11.5091,10.1269,16.1548,0.6561,0.81,0.6214,64.22,110.8672,230.68,0.3439,0.642,-1.0834,0.3893,4238,0.8434,1.3519,0.1156,60.53,0.0,0.0,0.0409,12.8824,0.0,0.5,2.9292,1.4535,2.2004,1631,2.1267,2.1266509720314115,,,,,,,,,
CNN-LSTM (+Weather),42.0,12,test,validation_crps,2.5139,4.0125,16.1,11.971,19.107,0.7351,0.8574,0.6778,69.4744,107.7167,274.49,0.2649,0.5807,-1.2451,0.4152,8725,0.9455,1.5142,0.0663,61.96,0.0,0.0,0.0642,13.5145,0.0,0.5,3.4537,1.6365,2.4812,3258,2.5139,2.513917155926974,,,,,,,,,
TCN (+Weather),42.0,12,validation,validation_crps,2.1179,3.3336,11.113,10.0851,15.8744,0.6335,0.7959,0.6189,63.9546,108.0066,282.94,0.3665,0.6357,-0.8062,0.3674,4238,0.9548,1.4477,0.1098,66.12,4.5776,30.6707,-0.7397,14.6389,0.1628,0.5336,2.8489,1.5629,2.365,1631,2.1179,2.1178624893992044,,,,,,,,,
TCN (+Weather),42.0,12,test,validation_crps,2.5016,3.8961,15.1796,11.9123,18.5528,0.6931,0.8325,0.6745,69.1335,106.0129,317.09,0.3069,0.5922,-0.9623,0.3941,8725,1.0582,1.6238,0.0688,63.05,4.1375,53.4599,-0.7529,16.6115,0.1466,0.5302,3.3676,1.6772,2.4681,3258,2.5016,2.501583920617135,,,,,,,,,
Transformer (+Weather),42.0,12,validation,validation_crps,2.1646,3.3165,10.9995,10.3076,15.7931,0.6271,0.7919,0.6325,65.3661,109.5063,324.69,0.3729,0.6318,-0.5904,0.3538,4238,0.9096,1.4288,0.1093,71.12,0.0,0.0,0.144,15.3001,0.0,0.5,2.8534,1.6786,2.5197,1631,2.1646,2.164603388919135,,,,,,,,,
Transformer (+Weather),42.0,12,test,validation_crps,2.7089,4.1275,17.0362,12.8997,19.6547,0.7778,0.8819,0.7304,74.864,106.9603,411.6,0.2222,0.5224,-0.6402,0.3989,8725,1.0596,1.6811,0.0545,70.14,0.0344,0.3662,-0.2333,15.4246,0.0,0.4998,3.5462,1.9766,2.9561,3258,2.7089,2.7089406657208444,,,,,,,,,
LightGBM (24h matched),42.0,12,validation,validation_crps,2.3116,3.1772,10.0946,11.0076,15.1295,0.5755,0.7586,0.6755,69.8051,108.1695,485.05,0.4245,0.652,0.0577,0.3302,4238,0.9837,1.4158,0.1667,63.08,0.1888,0.5958,-0.1331,13.3603,0.0103,0.5021,2.8751,1.8391,2.4232,1631,2.3116,2.311603139118167,,,,,,,,,
LightGBM (24h matched),42.0,12,test,validation_crps,2.7746,3.7912,14.3733,13.2125,18.0534,0.6563,0.8101,0.7481,76.6794,105.4339,593.71,0.3437,0.5868,0.0355,0.3636,8725,1.0646,1.5722,0.1386,56.5,0.0917,3.0894,-0.8022,15.0801,0.0,0.4995,3.4594,2.0493,2.6983,3258,2.7746,2.7746308555484784,,,,,,,,,
Quantile LightGBM (24h matched),42.0,12,validation,validation_crps,2.1096,3.1998,10.2386,11.2818,15.237,0.5837,0.764,0.6923,71.544,109.6807,525.91,0.4163,0.6624,-0.0724,0.3468,4238,0.8813,1.3343,0.1553,51.35,0.0,0.0,0.5151,10.5109,,,2.9796,1.8066,2.2756,1631,2.3692,1.5171541104947357,0.0,0.5,0.1681139452571968,0.4314919523296538,0.7847325842111498,0.1229377064653138,93.35,42.84,11.8098
Quantile LightGBM (24h matched),42.0,12,test,validation_crps,2.5135,3.8124,14.5347,13.3512,18.1545,0.6636,0.8146,0.7559,77.484,106.5448,607.16,0.3364,0.5979,-0.1278,0.381,8725,0.9564,1.4718,0.1305,45.54,0.0,0.0,0.6343,11.5635,,,3.5366,1.9768,2.4941,3258,2.8037,1.8178031654842208,0.0,0.5,0.129656458452722,0.306364424427011,0.7375684713097358,0.0686349570200573,90.02,46.27,14.662
Hurdle Quantile LightGBM (24h matched),42.0,12,validation,validation_crps,2.109,3.1958,10.2132,11.2326,15.2181,0.5822,0.763,0.6893,71.2318,109.5573,519.04,0.4178,0.6584,-0.0436,0.3437,4238,0.8854,1.3286,0.1696,53.33,0.0,0.0,0.3526,10.5675,,,2.9595,1.8231,2.3093,1631,2.3588,1.5132982391458891,0.0,0.5,0.1436083436175323,0.4686417249626214,0.8007520647326922,0.046338544129159,93.25,43.85,11.8816
Hurdle Quantile LightGBM (24h matched),42.0,12,test,validation_crps,2.5209,3.7992,14.4335,13.3224,18.0912,0.659,0.8118,0.7543,77.3171,106.4018,608.39,0.341,0.5985,-0.0878,0.3772,8725,0.9561,1.4647,0.1464,46.85,0.0,0.0,0.4566,11.9106,,,3.5191,2.0007,2.5273,3258,2.7977,1.812986147510712,0.0,0.5,0.1227200866948024,0.3396382472920047,0.7529933109628844,0.0127634429010877,90.09,47.32,14.6057
LightGBM (+Weather),42.0,12,validation,validation_crps,2.3437,3.1857,10.1484,11.1606,15.1698,0.5785,0.7606,0.6849,70.775,108.3759,525.96,0.4215,0.6507,0.1336,0.3301,4238,0.9617,1.3845,0.2386,61.94,0.2832,0.6501,-0.1529,13.2211,0.0123,0.5022,2.8963,1.9134,2.453,1631,2.3437,2.3437218408252845,,,,,,,,,
LightGBM (+Weather),42.0,12,test,validation_crps,2.7874,3.7983,14.4272,13.2735,18.0872,0.6587,0.8116,0.7515,77.0332,105.798,600.16,0.3413,0.5855,-0.0025,0.3671,8725,1.0686,1.5729,0.1824,54.7,0.0,0.0,0.0041,14.3054,0.0,0.5,3.4849,2.0851,2.724,3258,2.7874,2.787433232094715,,,,,,,,,
EMFN (Proposed),42.0,24,validation,validation_crps,2.6531,3.8358,14.713,14.3552,18.2655,0.8526,0.9234,0.8908,91.8003,116.8429,793.24,0.1474,0.3878,0.176,0.4238,4226,0.8448,1.3029,0.142,35.23,0.0,0.0,1.3396,7.8681,,,3.7242,2.3171,2.7513,1642,3.0146,1.8963432214382496,0.0,0.5,0.1575712454143903,0.3558792303742645,0.7207117246646471,0.0383540098412139,95.88,57.14,13.716
EMFN (Proposed),42.0,24,test,validation_crps,3.1709,4.492,20.1784,16.8201,21.3907,0.9206,0.9595,0.9521,97.6297,114.5356,896.97,0.0794,0.2901,0.2079,0.4463,8713,0.9101,1.4334,0.1093,34.28,0.0,0.0,1.236,8.7324,,,4.3633,2.6046,3.1107,3253,3.5322,2.232335726537437,0.0,0.5,0.1357803455767855,0.2376479528855757,0.6446239638650243,0.0519729639172321,94.0,60.54,15.7012
DLinear (+Weather),42.0,24,validation,validation_crps,2.5953,3.9151,15.3281,12.3587,18.6434,0.8883,0.9425,0.7669,79.0333,113.6807,365.43,0.1117,0.443,-1.1819,0.4936,4226,0.8813,1.2749,0.2849,38.29,7.8798,139.6783,-2.0979,8.5713,0.2222,0.5459,3.5397,1.5728,2.2032,1642,2.5953,2.595334783284967,,,,,,,,,
DLinear (+Weather),42.0,24,test,validation_crps,3.1349,4.5953,21.117,14.9283,21.8825,0.9634,0.9816,0.845,86.6491,116.3295,524.31,0.0366,0.3174,-1.1784,0.5195,8713,0.9573,1.4263,0.2221,34.6,4.3613,176.2389,-2.1585,8.6687,0.0986,0.5112,4.2133,1.828,2.4173,3253,3.1349,3.1349428059154505,,,,,,,,,
LSTM (+Weather),42.0,24,validation,validation_crps,2.6215,4.0724,16.5848,12.4834,19.3926,0.9611,0.9804,0.7747,79.8305,120.0379,341.92,0.0389,0.3929,-0.9791,0.4625,4226,0.839,1.3307,0.0789,63.76,0.0,0.0,0.0035,12.0829,0.0,0.5,3.5217,1.9431,2.9385,1642,2.6215,2.621514413408603,,,,,,,,,
LSTM (+Weather),42.0,24,test,validation_crps,3.1427,4.7275,22.3495,14.9651,22.512,1.0197,1.0098,0.8471,86.8625,116.8932,479.24,-0.0197,0.3569,-0.8763,0.4653,8713,0.9062,1.4491,0.1017,69.15,1.2051,6.0372,-0.2112,16.8551,0.0588,0.5117,4.1474,2.2508,3.2914,3253,3.1427,3.1426636675521435,,,,,,,,,
GRU (+Weather),42.0,24,validation,validation_crps,2.6054,3.9433,15.5493,12.4066,18.7774,0.9011,0.9493,0.7699,79.3392,117.9867,358.15,0.0989,0.4258,-1.1911,0.4887,4226,0.8232,1.2977,0.1786,43.83,0.213,1.1585,-0.3113,12.2121,0.0104,0.502,3.5545,1.6819,2.4103,1642,2.6054,2.605381682187966,,,,,,,,,
GRU (+Weather),42.0,24,test,validation_crps,3.0943,4.6108,21.2597,14.7347,21.9563,0.97,0.9849,0.834,85.5251,117.8773,477.67,0.03,0.3551,-1.1302,0.4856,8713,0.9006,1.424,0.1794,54.95,3.753,205.4062,-3.5301,16.4721,0.0354,0.4906,4.1504,1.9677,2.794,3253,3.0943,3.0942786958965742,,,,,,,,,
CNN-LSTM (+Weather),42.0,24,validation,validation_crps,2.6454,3.9913,15.9306,12.597,19.0063,0.9232,0.9608,0.7817,80.5571,118.7855,372.81,0.0768,0.3939,-1.1342,0.4891,4226,0.828,1.3163,0.1065,45.6,0.0,0.0,0.2898,12.3255,0.0,0.5,3.5903,1.7531,2.5342,1642,2.6454,2.6453749758941147,,,,,,,,,
CNN-LSTM (+Weather),42.0,24,test,validation_crps,3.1325,4.6726,21.8328,14.9166,22.2503,0.9961,0.9981,0.8443,86.5811,115.4377,501.89,0.0039,0.3202,-1.1119,0.4956,8713,0.9074,1.4463,0.0957,52.56,0.0,0.0,0.1534,13.4407,0.0,0.5,4.1936,2.0341,2.9173,3253,3.1325,3.1324853202592204,,,,,,,,,
TCN (+Weather),42.0,24,validation,validation_crps,2.6375,4.186,17.5223,12.5593,19.9332,1.0154,1.0077,0.7794,80.3162,120.2374,256.3,-0.0154,0.3844,-1.6752,0.5483,4226,0.9101,1.3658,0.1049,40.9,8.708,75.3932,-0.7423,8.2112,0.2526,0.5568,3.7156,1.6569,2.5095,1642,2.6375,2.6374631697841115,,,,,,,,,
TCN (+Weather),42.0,24,test,validation_crps,3.0131,4.7288,22.3619,14.3479,22.5183,1.0202,1.0101,0.8122,83.2802,120.0893,341.83,-0.0202,0.3647,-1.8329,0.5631,8713,0.9778,1.4925,0.0902,36.81,6.7141,116.5705,-0.8219,10.1072,0.1442,0.5207,4.2245,1.7023,2.4511,3253,3.0131,3.0130568727581064,,,,,,,,,
Transformer (+Weather),42.0,24,validation,validation_crps,2.6609,4.1224,16.9939,12.6709,19.6303,0.9848,0.9924,0.7863,81.0296,121.0323,322.2,0.0152,0.3643,-1.3517,0.5122,4226,0.9045,1.3986,0.0855,47.23,0.6389,4.0344,-0.4633,13.6451,0.0285,0.5054,3.664,1.7311,2.5817,1642,2.6609,2.660891716783292,,,,,,,,,
Transformer (+Weather),42.0,24,test,validation_crps,3.1019,4.7824,22.8716,14.7708,22.7735,1.0435,1.0215,0.8361,85.7348,118.5404,414.91,-0.0435,0.3047,-1.5171,0.5314,8713,1.0047,1.5589,0.0363,48.18,1.6757,47.5026,-2.1544,13.9532,0.0445,0.5047,4.2566,1.8604,2.6913,3253,3.1019,3.1018639758124222,,,,,,,,,
LightGBM (24h matched),42.0,24,validation,validation_crps,2.8689,3.7094,13.7598,13.6613,17.6639,0.7974,0.893,0.8478,87.3631,115.0786,736.65,0.2026,0.4538,0.1029,0.409,4226,0.8853,1.3053,0.239,40.15,0.0,0.0,0.685,9.8978,0.0,0.5,3.5604,2.1752,2.6329,1642,2.8689,2.8688757409781704,,,,,,,,,
LightGBM (24h matched),42.0,24,test,validation_crps,3.3772,4.3946,19.3125,16.0818,20.9267,0.8811,0.9387,0.9103,93.3446,113.4531,820.07,0.1189,0.3461,0.0135,0.4416,8713,0.9566,1.4564,0.1802,37.56,0.0,0.0,0.7628,11.2386,0.0,0.5,4.2181,2.3455,2.8534,3253,3.3772,3.377186179986735,,,,,,,,,
Quantile LightGBM (24h matched),42.0,24,validation,validation_crps,2.5394,3.7084,13.7525,13.7977,17.6592,0.797,0.8927,0.8562,88.2351,115.4657,747.78,0.203,0.4761,0.062,0.4167,4226,0.8176,1.2525,0.3016,32.3,0.0,0.0,0.9597,7.9423,,,3.6064,2.1488,2.5393,1642,2.8975,1.816902172702276,0.0,0.5,0.1813493847610033,0.3366360670087513,0.6859734844407539,0.1278868906767629,93.85,53.22,13.3992
Quantile LightGBM (24h matched),42.0,24,test,validation_crps,3.0006,4.3667,19.0682,16.0353,20.7939,0.87,0.9327,0.9077,93.0742,113.6049,816.8,0.13,0.3697,-0.0567,0.4489,8713,0.8813,1.3969,0.2296,28.92,0.0,0.0,1.0017,8.5841,,,4.2234,2.304,2.7312,3253,3.3674,2.1627912282492536,0.0,0.5,0.139753816136807,0.2090696567074108,0.5953928887559568,0.07465855618042,90.66,54.3,16.8024
Hurdle Quantile LightGBM (24h matched),42.0,24,validation,validation_crps,2.5101,3.7087,13.7543,13.804,17.6604,0.7971,0.8928,0.8566,88.2759,115.6377,742.36,0.2029,0.4739,0.0704,0.416,4226,0.827,1.2582,0.2877,32.76,0.0,0.0,0.6045,7.7394,,,3.606,2.1575,2.5457,1642,2.8988,1.818217754138315,0.0,0.5,0.1602206496486256,0.3640134469001996,0.7128909353487823,0.0458683769616938,94.06,53.56,13.3011
Hurdle Quantile LightGBM (24h matched),42.0,24,test,validation_crps,3.017,4.3817,19.1997,16.1124,20.8654,0.876,0.9359,0.912,93.5223,113.8103,822.16,0.124,0.3582,-0.0318,0.4491,8713,0.8928,1.4051,0.2106,29.32,0.0,0.0,0.8231,8.4287,,,4.2375,2.334,2.7661,3253,3.3836,2.175791552949996,0.0,0.5,0.1329496986596302,0.2421157278693474,0.65168114325286,0.0213298859051707,90.76,55.08,16.4622
LightGBM (+Weather),42.0,24,validation,validation_crps,2.9051,3.7771,14.2665,13.834,17.9862,0.8268,0.9093,0.8585,88.4672,114.8681,743.0,0.1732,0.42,0.2073,0.4085,4226,0.9011,1.3147,0.2626,44.52,0.0,0.0,0.7191,10.6858,0.0,0.5,3.5796,2.2755,2.8135,1642,2.9051,2.905130644942912,,,,,,,,,
LightGBM (+Weather),42.0,24,test,validation_crps,3.3974,4.4269,19.5973,16.1779,21.0804,0.8941,0.9456,0.9157,93.902,114.0128,820.73,0.1059,0.3312,0.0114,0.4433,8713,0.9887,1.4861,0.1735,39.27,0.0,0.0,0.62,10.745,0.0,0.5,4.2438,2.4828,3.0186,3253,3.3974,3.397351931939851,,,,,,,,,
Prophet,2026.0,1,validation,fixed_configuration_no_selection,3.0083,4.0582,16.4688,14.3255,19.3247,0.9076,0.9527,0.8628,88.8414,117.7672,696.47,0.0924,0.3254,-0.3301,0.4527,4249,0.8551,1.2606,0.2783,41.17,2.1652,31.6722,-0.8675,7.67,0.0497,0.5036,3.843,2.0939,2.6743,1613,3.0083,3.008348491959921,,,,,,,,,
Prophet,2026.0,1,test,fixed_configuration_no_selection,3.2132,4.745,22.5151,15.3009,22.5953,1.029,1.0144,0.867,88.8603,120.6697,483.4,-0.029,0.2751,-1.4956,0.5569,8736,0.881,1.3815,0.2691,32.43,13.244,690.7955,-2.1743,6.4004,0.2122,0.5357,4.3904,1.8739,2.5235,3269,3.2132,3.2131915184949134,,,,,,,,,
Prophet,2026.0,3,validation,fixed_configuration_no_selection,3.0007,4.0468,16.3766,14.2889,19.2705,0.9075,0.9526,0.8636,88.9948,117.7966,697.23,0.0925,0.3252,-0.3155,0.4523,4247,0.8529,1.2584,0.2779,41.3,2.1662,31.6722,-0.8675,7.67,0.0496,0.5036,3.8297,2.0936,2.6738,1614,3.0007,3.000668414398086,,,,,,,,,
Prophet,2026.0,3,test,fixed_configuration_no_selection,3.2136,4.7455,22.5198,15.3029,22.5976,1.029,1.0144,0.867,88.8581,120.6789,483.48,-0.029,0.2752,-1.4963,0.557,8734,0.8811,1.3816,0.2691,32.43,13.2471,690.7955,-2.1743,6.4004,0.2122,0.5357,4.3911,1.8742,2.5241,3267,3.2136,3.213616903208093,,,,,,,,,
Prophet,2026.0,6,validation,fixed_configuration_no_selection,2.9872,4.024,16.1928,14.2246,19.162,0.9076,0.9527,0.8644,89.2298,117.7769,699.45,0.0924,0.3245,-0.2887,0.4513,4244,0.8511,1.2563,0.278,41.52,2.1678,31.6722,-0.8675,7.67,0.0496,0.5036,3.8061,2.0949,2.6725,1619,2.9872,2.987168731969438,,,,,,,,,
Prophet,2026.0,6,test,fixed_configuration_no_selection,3.214,4.7461,22.5259,15.3046,22.6007,1.0291,1.0144,0.867,88.8412,120.6717,483.48,-0.0291,0.2753,-1.4976,0.557,8731,0.8812,1.3818,0.269,32.44,13.2516,690.7955,-2.1743,6.4004,0.2122,0.5356,4.3919,1.8739,2.5244,3264,3.214,3.2139736002735995,,,,,,,,,
Prophet,2026.0,9,validation,fixed_configuration_no_selection,2.9771,4.0075,16.06,14.1767,19.0833,0.9084,0.9531,0.8659,89.491,117.8692,700.82,0.0916,0.3233,-0.2669,0.4509,4241,0.8489,1.2529,0.2777,41.72,2.1693,31.6722,-0.8675,7.67,0.0495,0.5035,3.7881,2.1007,2.6766,1624,2.9771,2.9771016908974057,,,,,,,,,
Prophet,2026.0,9,test,fixed_configuration_no_selection,3.2148,4.7469,22.5333,15.3084,22.6044,1.0291,1.0144,0.8669,88.8575,120.7035,483.67,-0.0291,0.2754,-1.4984,0.5571,8728,0.8813,1.382,0.2689,32.43,13.2562,690.7955,-2.1743,6.4004,0.2122,0.5356,4.393,1.8748,2.5254,3261,3.2148,3.214758300673373,,,,,,,,,
Prophet,2026.0,12,validation,fixed_configuration_no_selection,2.9701,3.9949,15.9589,14.1435,19.0231,0.9098,0.9538,0.8679,89.6913,117.9467,701.29,0.0902,0.3216,-0.2535,0.4506,4238,0.8484,1.2534,0.278,41.93,2.1708,31.6722,-0.8675,7.67,0.0494,0.5035,3.776,2.1085,2.6837,1631,2.9701,2.9701349713626466,,,,,,,,,
Prophet,2026.0,12,test,fixed_configuration_no_selection,3.2153,4.7476,22.5397,15.3109,22.6076,1.0291,1.0144,0.8669,88.8571,120.715,483.58,-0.0291,0.2755,-1.4995,0.5571,8725,0.8811,1.3819,0.2688,32.42,13.2607,690.7955,-2.1743,6.4004,0.2122,0.5356,4.394,1.8749,2.5258,3258,3.2153,3.2152798156591005,,,,,,,,,
Prophet,2026.0,24,validation,fixed_configuration_no_selection,2.9486,3.9621,15.6986,14.041,18.8674,0.9098,0.9538,0.8713,89.7913,117.7355,701.95,0.0902,0.322,-0.2285,0.4491,4226,0.8527,1.2615,0.2788,42.39,2.177,31.6722,-0.8675,7.67,0.0497,0.5035,3.7429,2.1203,2.6952,1642,2.9486,2.9486126664765973,,,,,,,,,
Prophet,2026.0,24,test,fixed_configuration_no_selection,3.2166,4.7499,22.5615,15.3172,22.6185,1.0294,1.0146,0.867,88.9063,120.7768,484.12,-0.0294,0.2752,-1.5003,0.5574,8713,0.8812,1.3824,0.2684,32.42,13.279,690.7955,-2.1743,6.4004,0.2122,0.5355,4.3958,1.874,2.5254,3253,3.2166,3.2166072262902485,,,,,,,,,
EMFN (Proposed),2026.0,1,validation,validation_crps,0.7144,1.1454,1.312,3.498,5.4545,0.0723,0.2689,0.2107,21.6935,78.9379,94.7,0.9277,0.9632,-0.0052,0.1066,4249,0.9206,1.4681,0.3419,95.87,0.0,0.0,0.0051,17.2766,,,0.9195,0.6577,0.9912,1613,0.7346,0.5164726759116849,0.0,0.5,0.0717989938066463,0.816328345231445,0.954625679592038,0.0131029197637435,92.92,15.9,4.0595
EMFN (Proposed),2026.0,1,test,validation_crps,0.7909,1.2769,1.6305,3.8243,6.0806,0.0745,0.273,0.2167,22.2095,70.5712,87.75,0.9255,0.9623,-0.0758,0.1102,8736,0.9726,1.5824,0.3625,94.77,0.0,0.0,0.004,17.3129,,,1.0228,0.6729,1.032,3269,0.8031,0.57519080436635,0.0,0.5,0.0679615177309063,0.7536742728222104,0.9475627538598204,0.0296197552811368,91.03,16.51,4.5965
DLinear (+Weather),2026.0,1,validation,validation_crps,0.7644,1.2087,1.461,3.6398,5.7559,0.0805,0.2838,0.2192,22.5725,58.7381,82.82,0.9195,0.9589,-0.0174,0.1124,4249,1.0079,1.5524,0.2795,96.53,23.1113,427.6117,-1.5461,18.5085,0.6767,0.7937,0.9598,0.6969,1.0601,1613,0.7644,0.7643501257022841,,,,,,,,,
DLinear (+Weather),2026.0,1,test,validation_crps,0.8359,1.3158,1.7313,3.9803,6.2656,0.0791,0.2813,0.2255,23.1156,60.9643,100.4,0.9209,0.9596,-0.0033,0.1125,8736,1.0731,1.677,0.2978,96.47,17.8686,661.916,-1.9411,19.7548,0.5986,0.7678,1.0457,0.6929,1.0259,3269,0.8359,0.8358622166095587,,,,,,,,,
LSTM (+Weather),2026.0,1,validation,validation_crps,0.7323,1.1732,1.3763,3.4869,5.5865,0.0758,0.2754,0.21,21.6246,67.8218,70.02,0.9242,0.9618,0.0028,0.1081,4249,0.994,1.605,0.2883,99.16,8.5197,15.6884,-0.1645,17.9096,0.4468,0.6438,0.9146,0.6793,1.0529,1613,0.7323,0.7322512771554756,,,,,,,,,
LSTM (+Weather),2026.0,1,test,validation_crps,0.7736,1.2544,1.5736,3.6836,5.9734,0.0719,0.2682,0.2087,21.3925,62.7373,69.69,0.9281,0.9638,-0.1204,0.1076,8736,1.0209,1.673,0.3226,97.54,7.1886,32.3599,-0.1608,18.2776,0.4537,0.6523,0.997,0.6496,0.9984,3269,0.7736,0.7735531147436575,,,,,,,,,
GRU (+Weather),2026.0,1,validation,validation_crps,0.731,1.1993,1.4382,3.481,5.7108,0.0793,0.2815,0.2096,21.5877,62.677,59.3,0.9207,0.9603,-0.1484,0.1121,4249,0.982,1.5951,0.2787,97.34,15.3448,36.6304,-0.1859,18.0189,0.5853,0.7187,0.9509,0.6603,1.0602,1613,0.731,0.7310019268476179,,,,,,,,,
GRU (+Weather),2026.0,1,test,validation_crps,0.8007,1.2954,1.6781,3.8127,6.1687,0.0767,0.2769,0.216,22.1421,63.4711,72.4,0.9233,0.9617,-0.1742,0.1114,8736,1.0132,1.6587,0.311,97.49,10.2221,66.5899,-0.2085,18.8224,0.5123,0.6878,1.0444,0.6804,1.0448,3269,0.8007,0.8006603945608872,,,,,,,,,
CNN-LSTM (+Weather),2026.0,1,validation,validation_crps,0.7605,1.2329,1.52,3.6213,5.8708,0.0838,0.2894,0.2181,22.458,56.7726,63.35,0.9162,0.9581,-0.1043,0.1142,4249,0.9721,1.5695,0.3049,99.21,23.5585,132.391,-0.3276,17.1839,0.7192,0.8232,0.9767,0.6932,1.0925,1613,0.7605,0.7604746775378496,,,,,,,,,
CNN-LSTM (+Weather),2026.0,1,test,validation_crps,0.8409,1.3603,1.8506,4.0044,6.4779,0.0846,0.2908,0.2269,23.2555,61.3479,65.07,0.9154,0.9582,-0.1983,0.1166,8736,1.0,1.6475,0.325,98.98,18.3837,214.7812,-0.3397,17.5005,0.6629,0.8113,1.1007,0.728,1.1211,3269,0.8409,0.8409186229473663,,,,,,,,,
TCN (+Weather),2026.0,1,validation,validation_crps,0.758,1.1992,1.4382,3.6095,5.7107,0.0793,0.2815,0.2174,22.3846,61.0392,76.12,0.9207,0.9599,-0.1087,0.1124,4249,0.9594,1.5146,0.2843,95.69,18.4985,132.7946,-0.7789,17.7743,0.6402,0.7572,0.9747,0.6933,1.0625,1613,0.758,0.757988451881568,,,,,,,,,
TCN (+Weather),2026.0,1,test,validation_crps,0.8335,1.3235,1.7517,3.9689,6.3024,0.0801,0.2829,0.2249,23.0496,65.434,74.5,0.9199,0.9603,-0.2226,0.1148,8736,0.9987,1.6067,0.316,95.77,17.2848,266.1773,-1.0056,19.0869,0.545,0.7319,1.0975,0.7174,1.08,3269,0.8335,0.8334756276809385,,,,,,,,,
Transformer (+Weather),2026.0,1,validation,validation_crps,0.7652,1.2308,1.5149,3.6436,5.8609,0.0835,0.2889,0.2194,22.5964,62.2787,73.43,0.9165,0.9576,-0.086,0.1148,4249,0.9014,1.4443,0.3182,96.78,15.5566,51.8164,-0.2087,16.5164,0.608,0.7315,0.978,0.6787,1.0527,1613,0.7652,0.7651598970135908,,,,,,,,,
Transformer (+Weather),2026.0,1,test,validation_crps,0.8534,1.37,1.8769,4.0638,6.5239,0.0858,0.2929,0.2303,23.6008,62.1327,75.56,0.9142,0.9576,-0.2342,0.1195,8736,0.9428,1.5374,0.3398,94.13,12.2711,86.5962,-0.6205,17.3702,0.5869,0.7338,1.1253,0.703,1.0645,3269,0.8534,0.8534048884077859,,,,,,,,,
LightGBM (24h matched),2026.0,1,validation,validation_crps,0.7723,1.1945,1.4269,3.6778,5.6882,0.0786,0.2804,0.2215,22.8087,78.6903,92.83,0.9214,0.9603,-0.0254,0.1123,4249,0.9739,1.5223,0.2858,93.14,1.012,1.1565,-0.1724,17.4453,0.0582,0.5131,0.9718,0.6849,1.0297,1613,0.7723,0.7723474363306208,,,,,,,,,
LightGBM (24h matched),2026.0,1,test,validation_crps,0.8209,1.2867,1.6556,3.909,6.1271,0.0757,0.2751,0.2215,22.7014,68.609,98.12,0.9243,0.9623,-0.0632,0.1119,8736,1.0187,1.6189,0.3116,92.25,0.8242,2.7686,-0.2344,17.8689,0.0654,0.5156,1.0419,0.6532,0.9873,3269,0.8209,0.8208848832926825,,,,,,,,,
Quantile LightGBM (24h matched),2026.0,1,validation,validation_crps,0.7458,1.2675,1.6065,4.055,6.0356,0.0885,0.2975,0.2442,25.1477,82.1469,124.39,0.9115,0.9581,-0.0563,0.1213,4249,0.9492,1.4808,0.2655,87.88,0.0,0.0,0.0707,15.2569,,,1.0785,0.7334,1.0566,1613,0.8516,0.5512473144100676,0.0,0.5,0.1580015762297073,0.6777769412796738,0.9285360259334547,0.1664461607201695,92.56,19.23,4.8762
Quantile LightGBM (24h matched),2026.0,1,test,validation_crps,0.8051,1.395,1.9462,4.3352,6.6431,0.0889,0.2982,0.2457,25.1768,71.8083,121.59,0.9111,0.9591,-0.1027,0.1236,8736,0.9967,1.5862,0.2848,86.82,0.0,0.0,0.0673,15.3456,,,1.1637,0.6891,1.0064,3269,0.9104,0.5960258198523055,0.0,0.5,0.1179357134844386,0.5986474754427169,0.925919459404493,0.1162613834821429,92.0,20.61,5.3698
Hurdle Quantile LightGBM (24h matched),2026.0,1,validation,validation_crps,0.7356,1.2328,1.5198,3.8722,5.8704,0.0838,0.2894,0.2332,24.0141,81.5117,116.09,0.9162,0.9593,-0.0389,0.1172,4249,0.9526,1.4791,0.2749,89.63,0.0,0.0,0.0153,15.795,,,1.0262,0.7149,1.0396,1613,0.8132,0.5380244603280304,0.0,0.5,0.0680887197938353,0.8204040523861755,0.9582933292613484,0.0129515532642812,93.86,17.94,4.5818
Hurdle Quantile LightGBM (24h matched),2026.0,1,test,validation_crps,0.7921,1.3489,1.8195,4.1421,6.4233,0.0832,0.2884,0.2347,24.0551,70.9941,113.39,0.9168,0.9605,-0.0747,0.1187,8736,1.002,1.588,0.2951,88.69,0.0,0.0,0.0187,15.9798,,,1.106,0.6768,0.994,3269,0.8698,0.5813396545867211,0.0,0.5,0.0642502287271013,0.7585242808473731,0.9539911512404956,0.0177725173953278,92.81,18.74,5.0209
LightGBM (+Weather),2026.0,1,validation,validation_crps,0.6726,1.0464,1.0949,3.203,4.9828,0.0603,0.2456,0.1929,19.8637,74.1432,87.92,0.9397,0.9697,-0.0115,0.0979,4249,0.8789,1.3792,0.4071,94.39,1.7181,2.8242,-0.129,17.7948,0.1207,0.5308,0.8437,0.6036,0.9141,1613,0.6726,0.6726256727167175,,,,,,,,,
LightGBM (+Weather),2026.0,1,test,validation_crps,0.7371,1.1716,1.3727,3.51,5.5791,0.0627,0.2505,0.1989,20.3845,64.5334,87.46,0.9373,0.9691,-0.084,0.1018,8736,0.9211,1.4839,0.4242,92.87,1.5453,4.6238,-0.217,18.0453,0.1422,0.5373,0.9424,0.5799,0.8878,3269,0.7371,0.7371030090681288,,,,,,,,,
EMFN (Proposed),2026.0,3,validation,validation_crps,1.2943,2.0593,4.2408,6.4746,9.8063,0.235,0.4848,0.3913,40.3252,92.1955,190.36,0.765,0.877,-0.1014,0.2021,4247,0.9733,1.5173,0.0747,81.67,0.0,0.0,0.0344,14.3295,,,1.7249,1.1529,1.6986,1614,1.3597,0.925894296223975,0.0,0.5,0.1062526059815603,0.6556529129831681,0.9026621354804342,0.0263468790979196,93.6,26.91,6.9815
EMFN (Proposed),2026.0,3,test,validation_crps,1.4957,2.335,5.4524,7.3527,11.1192,0.2491,0.4991,0.4166,42.6943,85.1972,220.34,0.7509,0.8736,-0.2488,0.2149,8734,1.0371,1.6501,0.108,77.61,0.0,0.0,0.0274,14.498,,,1.9923,1.2116,1.8028,3267,1.5441,1.0617343432631947,0.0,0.5,0.0960040621498584,0.5508762482761539,0.8828384386915605,0.0220906673157504,91.52,28.52,7.9571
DLinear (+Weather),2026.0,3,validation,validation_crps,1.3801,2.1579,4.6567,6.572,10.2759,0.258,0.508,0.3972,40.9323,81.3953,154.71,0.742,0.8652,-0.3168,0.2137,4247,1.1008,1.6836,-0.0438,83.26,21.7094,525.8224,-3.2804,15.251,0.5346,0.6987,1.8044,1.1702,1.7657,1614,1.3801,1.3801290714044212,,,,,,,,,
DLinear (+Weather),2026.0,3,test,validation_crps,1.5651,2.4144,5.8293,7.4527,11.4971,0.2664,0.5161,0.4223,43.2747,81.9012,214.56,0.7336,0.8584,-0.2371,0.2181,8734,1.1605,1.7854,0.025,83.24,14.6554,704.4344,-2.975,17.2316,0.4671,0.6773,2.0156,1.21,1.8288,3267,1.5651,1.565059586621619,,,,,,,,,
LSTM (+Weather),2026.0,3,validation,validation_crps,1.3312,2.1151,4.4737,6.3391,10.072,0.2479,0.4979,0.3831,39.4813,90.954,136.73,0.7521,0.8717,-0.3517,0.2094,4247,0.9401,1.4872,0.0982,84.04,2.6607,3.3235,-0.1141,15.9544,0.1384,0.5328,1.7519,1.1456,1.78,1614,1.3312,1.331204766331799,,,,,,,,,
LSTM (+Weather),2026.0,3,test,validation_crps,1.4712,2.3442,5.4951,7.0058,11.1626,0.2511,0.5011,0.3969,40.6797,86.0068,152.12,0.7489,0.8751,-0.5432,0.2167,8734,0.9917,1.5968,0.1601,81.73,2.828,7.7424,-0.1902,15.985,0.1793,0.546,1.9748,1.1293,1.7542,3267,1.4712,1.471211311228571,,,,,,,,,
GRU (+Weather),2026.0,3,validation,validation_crps,1.3128,2.0902,4.369,6.2515,9.9534,0.2421,0.492,0.3778,38.9357,88.479,141.65,0.7579,0.873,-0.1884,0.1998,4247,1.0089,1.5999,0.058,91.99,4.8269,9.658,-0.214,16.9491,0.2515,0.5674,1.6881,1.1711,1.8615,1614,1.3128,1.3128100456137233,,,,,,,,,
GRU (+Weather),2026.0,3,test,validation_crps,1.4337,2.276,5.1804,6.8273,10.8383,0.2367,0.4865,0.3868,39.6433,85.2578,167.66,0.7633,0.8761,-0.257,0.2007,8734,1.0547,1.684,0.1375,91.17,4.2249,20.998,-0.5434,17.9282,0.2139,0.5552,1.8564,1.1822,1.8413,3267,1.4337,1.4337293109283424,,,,,,,,,
CNN-LSTM (+Weather),2026.0,3,validation,validation_crps,1.3555,2.1514,4.6284,6.4548,10.2446,0.2565,0.5064,0.3901,40.2021,92.1877,159.17,0.7435,0.8663,-0.0378,0.2019,4247,0.992,1.5861,0.06,94.9,0.1648,0.0437,-0.0126,16.0062,0.0104,0.5023,1.7038,1.2339,1.9643,1614,1.3555,1.3555085236823827,,,,,,,,,
CNN-LSTM (+Weather),2026.0,3,test,validation_crps,1.4922,2.379,5.6598,7.1059,11.3287,0.2586,0.5085,0.4026,41.2611,87.2036,160.55,0.7414,0.865,-0.3547,0.2119,8734,1.0193,1.6579,0.1148,89.7,0.0229,0.0098,-0.0091,16.6011,0.0,0.4999,1.954,1.1916,1.8877,3267,1.4922,1.4922376961465906,,,,,,,,,
TCN (+Weather),2026.0,3,validation,validation_crps,1.2872,2.0396,4.1601,6.1294,9.7125,0.2305,0.4801,0.3704,38.1757,85.1335,148.25,0.7695,0.8786,-0.2077,0.1972,4247,1.0547,1.6343,0.0793,88.64,8.5472,46.6436,-0.8679,19.2914,0.3381,0.5954,1.6609,1.1342,1.7641,1614,1.2872,1.2871834651204104,,,,,,,,,
TCN (+Weather),2026.0,3,test,validation_crps,1.4579,2.322,5.3918,6.9423,11.0572,0.2464,0.4964,0.3933,40.311,85.9856,151.79,0.7536,0.8734,-0.4423,0.2104,8734,1.1044,1.7541,0.1067,86.03,7.0414,94.9449,-0.8076,19.4504,0.2499,0.5648,1.9329,1.1271,1.7619,3267,1.4579,1.457877669429207,,,,,,,,,
Transformer (+Weather),2026.0,3,validation,validation_crps,1.3163,2.1654,4.6891,6.2681,10.3116,0.2598,0.5097,0.3788,39.039,81.0255,122.81,0.7402,0.8676,-0.0761,0.2018,4247,1.0134,1.6246,0.1156,97.85,15.4933,35.9154,-0.3157,16.481,0.5155,0.6808,1.6644,1.1877,1.8797,1614,1.3163,1.3162907693177286,,,,,,,,,
Transformer (+Weather),2026.0,3,test,validation_crps,1.5601,2.4824,6.1623,7.4288,11.821,0.2816,0.5306,0.4209,43.1362,87.4221,156.15,0.7184,0.8528,-0.4095,0.2225,8734,1.0742,1.729,0.1358,88.74,9.3886,46.3983,-0.4851,16.1661,0.3802,0.6228,2.0524,1.2534,1.9594,3267,1.5601,1.5600522168278983,,,,,,,,,
LightGBM (24h matched),2026.0,3,validation,validation_crps,1.4311,2.0971,4.398,6.815,9.9864,0.2437,0.4937,0.4119,42.4454,93.2602,222.2,0.7563,0.8722,-0.0058,0.2051,4247,1.062,1.6128,0.0218,80.61,1.5305,10.3189,-0.6636,16.3616,0.0705,0.5144,1.7904,1.2333,1.7859,1614,1.4311,1.4311461570862678,,,,,,,,,
LightGBM (24h matched),2026.0,3,test,validation_crps,1.5873,2.3372,5.4626,7.5588,11.1296,0.2496,0.4996,0.4283,43.8908,86.5928,258.46,0.7504,0.8717,-0.0694,0.2127,8734,1.1107,1.7108,0.0712,77.59,1.4541,20.4558,-0.8796,16.1765,0.0747,0.5156,2.0015,1.2312,1.7768,3267,1.5873,1.587342731567178,,,,,,,,,
Quantile LightGBM (24h matched),2026.0,3,validation,validation_crps,1.3338,2.2271,4.96,7.3364,10.6053,0.2748,0.5243,0.4434,45.693,96.1272,266.25,0.7252,0.8633,-0.1058,0.2248,4247,1.0251,1.5886,-0.0795,72.36,0.0,0.0,0.2192,12.9693,,,1.9523,1.2759,1.784,1614,1.5406,0.9870193227111632,0.0,0.5,0.1595272192135625,0.5582577918594083,0.8699585149812663,0.1458888627266305,92.84,31.19,8.1519
Quantile LightGBM (24h matched),2026.0,3,test,validation_crps,1.4976,2.5131,6.3155,8.1538,11.967,0.2886,0.5372,0.462,47.3456,89.0232,286.48,0.7114,0.859,-0.1729,0.2356,8734,1.0697,1.681,-0.008,70.07,0.0,0.0,0.215,13.1884,,,2.1836,1.2563,1.7837,3267,1.7123,1.1103651597880173,0.0,0.5,0.1204456720861003,0.4632289746391623,0.8598513243378311,0.0940977787955117,90.97,32.97,9.3426
Hurdle Quantile LightGBM (24h matched),2026.0,3,validation,validation_crps,1.3206,2.1685,4.7024,7.0897,10.3261,0.2606,0.5105,0.4285,44.1566,95.175,249.79,0.7394,0.867,-0.0513,0.2158,4247,1.0277,1.5786,-0.0527,75.72,0.0,0.0,0.0864,13.8675,,,1.8739,1.2661,1.7817,1614,1.4888,0.9630199651723254,0.0,0.5,0.107615317757811,0.6412933760368733,0.8995526661403167,0.0302122936244727,93.76,30.71,7.9716
Hurdle Quantile LightGBM (24h matched),2026.0,3,test,validation_crps,1.4859,2.4442,5.9739,7.9157,11.6388,0.273,0.5225,0.4485,45.9633,88.3427,280.77,0.727,0.8627,-0.1021,0.2258,8734,1.0717,1.6751,0.0146,73.32,0.0,0.0,0.0909,14.3747,,,2.1034,1.2567,1.788,3267,1.6623,1.0878315573929704,0.0,0.5,0.0931750569898026,0.5553595655198198,0.8898253446241549,0.0157638911838101,91.52,32.34,9.2551
LightGBM (+Weather),2026.0,3,validation,validation_crps,1.2947,1.9161,3.6713,6.1653,9.1241,0.2034,0.451,0.3726,38.3988,89.8219,210.96,0.7966,0.8956,0.0201,0.1862,4247,0.9796,1.4831,0.2386,82.1,1.6011,5.6817,-0.2986,15.8427,0.0879,0.52,1.6134,1.0968,1.5832,1614,1.2947,1.2947055253739397,,,,,,,,,
LightGBM (+Weather),2026.0,3,test,validation_crps,1.4817,2.2238,4.9452,7.0557,10.5894,0.226,0.4754,0.3998,40.9697,84.3374,234.29,0.774,0.8862,-0.1291,0.2027,8734,1.0371,1.6139,0.2408,78.38,0.6984,5.2401,-0.2789,16.4652,0.0296,0.505,1.8844,1.1388,1.6772,3267,1.4817,1.4816989215525864,,,,,,,,,
EMFN (Proposed),2026.0,6,validation,validation_crps,1.6524,2.6064,6.7934,8.2182,12.4115,0.3808,0.6171,0.4994,51.5519,99.1673,263.57,0.6192,0.7874,-0.1063,0.2587,4244,0.89,1.4031,0.1839,80.06,0.0,0.0,0.1712,12.9448,,,2.1838,1.4695,2.1833,1619,1.7258,1.183034739261879,0.0,0.5,0.1214109119827369,0.5653637169690366,0.8637631834794206,0.019274314947981,92.04,31.78,9.2784
EMFN (Proposed),2026.0,6,test,validation_crps,2.0308,3.1669,10.0294,9.8355,15.0806,0.4582,0.6769,0.5572,57.0936,94.1365,318.4,0.5418,0.7395,-0.3314,0.2968,8731,1.0116,1.5934,0.1313,73.52,0.0,0.0,0.1813,14.1784,,,2.6647,1.5734,2.39,3264,2.0655,1.4506097121155892,0.0,0.5,0.1151208837397278,0.4302328027407493,0.8194233329781423,0.0444865103266163,90.09,34.39,11.3978
DLinear (+Weather),2026.0,6,validation,validation_crps,1.7007,2.6507,7.0261,8.0985,12.6223,0.3938,0.6275,0.4921,50.8012,92.3625,217.78,0.6062,0.7829,-0.3419,0.2699,4244,0.9637,1.4401,0.1408,77.05,18.9444,470.2765,-3.46,14.5479,0.4409,0.6397,2.2113,1.351,2.0232,1619,1.7007,1.7006836838213242,,,,,,,,,
DLinear (+Weather),2026.0,6,test,validation_crps,2.0362,3.1909,10.1821,9.6962,15.195,0.4652,0.682,0.5493,56.2851,93.1976,307.68,0.5348,0.7353,-0.353,0.2982,8731,1.0866,1.6358,0.071,74.83,12.908,570.6081,-3.0234,16.5716,0.3494,0.6098,2.6335,1.4801,2.2678,3264,2.0362,2.0362026883049227,,,,,,,,,
LSTM (+Weather),2026.0,6,validation,validation_crps,1.7583,2.8461,8.1005,8.3727,13.5531,0.454,0.6738,0.5088,52.5215,99.3114,202.37,0.546,0.7497,-0.506,0.2911,4244,0.8905,1.4259,0.049,79.18,4.6654,18.9957,-0.263,14.9815,0.1924,0.5448,2.3243,1.4035,2.1983,1619,1.7583,1.7582748767889114,,,,,,,,,
LSTM (+Weather),2026.0,6,test,validation_crps,2.0492,3.3142,10.984,9.758,15.7819,0.5018,0.7084,0.5528,56.6438,99.1636,222.86,0.4982,0.7275,-0.8246,0.3204,8731,0.9925,1.5962,0.0252,73.53,2.1647,15.0811,-0.3412,15.5065,0.1102,0.5244,2.7676,1.4594,2.2737,3264,2.0492,2.049180114599482,,,,,,,,,
GRU (+Weather),2026.0,6,validation,validation_crps,1.7009,2.7541,7.5848,8.0997,13.1146,0.4251,0.652,0.4922,50.8087,95.646,185.18,0.5749,0.7687,-0.2977,0.2706,4244,0.9616,1.5401,0.0103,87.42,8.8831,28.8121,-0.3068,14.5891,0.3391,0.5952,2.2006,1.4356,2.2381,1619,1.7009,1.7009333983947632,,,,,,,,,
GRU (+Weather),2026.0,6,test,validation_crps,2.0153,3.1991,10.2344,9.5967,15.2339,0.4676,0.6838,0.5436,55.7075,97.462,247.22,0.5324,0.7399,-0.483,0.2957,8731,1.066,1.6828,0.0005,80.64,8.1434,64.6384,-0.3436,16.2576,0.278,0.5758,2.6399,1.5742,2.4144,3264,2.0153,2.015307575648116,,,,,,,,,
CNN-LSTM (+Weather),2026.0,6,validation,validation_crps,1.8493,2.9651,8.7917,8.8062,14.1194,0.4928,0.702,0.5351,55.2403,104.8253,201.73,0.5072,0.73,-0.3937,0.2943,4244,0.91,1.4617,-0.0052,86.05,0.4948,0.2601,-0.0427,14.0472,0.0266,0.5056,2.41,1.5917,2.459,1619,1.8493,1.8492941735458328,,,,,,,,,
CNN-LSTM (+Weather),2026.0,6,test,validation_crps,2.1134,3.4202,11.6976,10.0639,16.2865,0.5344,0.731,0.5701,58.4193,101.4974,209.79,0.4656,0.7096,-0.8918,0.3302,8731,0.9923,1.595,-0.0032,74.97,2.1876,6.1111,-0.0759,15.9624,0.1014,0.5213,2.8647,1.55,2.4284,3264,2.1134,2.1134114699723723,,,,,,,,,
TCN (+Weather),2026.0,6,validation,validation_crps,1.6308,2.6445,6.9935,7.7655,12.593,0.392,0.6261,0.4719,48.7123,89.6059,181.07,0.608,0.788,-0.4371,0.2654,4244,0.9832,1.5288,0.1487,83.55,15.033,128.7177,-0.8731,16.8144,0.468,0.6548,2.1477,1.3502,2.1275,1619,1.6308,1.6307517013610089,,,,,,,,,
TCN (+Weather),2026.0,6,test,validation_crps,1.9536,3.1558,9.9593,9.3026,15.0278,0.455,0.6745,0.527,54.0005,96.2225,209.3,0.545,0.7568,-0.7787,0.3019,8731,1.0794,1.6879,0.1056,75.67,9.0482,139.4319,-1.476,17.6004,0.2861,0.5788,2.6366,1.3971,2.1782,3264,1.9536,1.9535532161829747,,,,,,,,,
Transformer (+Weather),2026.0,6,validation,validation_crps,1.696,2.6609,7.0802,8.0762,12.6708,0.3968,0.6299,0.4908,50.6611,96.1467,214.52,0.6032,0.7845,-0.1625,0.2581,4244,0.9387,1.4773,0.1744,88.8,7.9877,22.4729,-0.342,16.2729,0.2965,0.5781,2.1606,1.4917,2.2792,1619,1.696,1.6959943217358622,,,,,,,,,
Transformer (+Weather),2026.0,6,test,validation_crps,2.1338,3.4334,11.7881,10.1609,16.3494,0.5385,0.7339,0.5756,58.9823,100.4127,235.14,0.4615,0.702,-0.5866,0.3171,8731,1.0818,1.7441,0.1127,82.69,7.0668,38.8737,-0.3914,16.8663,0.2438,0.5621,2.8139,1.5805,2.513,3264,2.1338,2.1337808730650045,,,,,,,,,
LightGBM (24h matched),2026.0,6,validation,validation_crps,1.8355,2.6041,6.7814,8.7404,12.4006,0.3801,0.6165,0.5311,54.8279,100.0161,341.17,0.6199,0.7914,0.0212,0.2629,4244,0.9908,1.4807,0.146,71.19,0.7304,4.1254,-0.4801,14.6813,0.0365,0.5074,2.2891,1.5245,2.092,1619,1.8355,1.835486746841186,,,,,,,,,
LightGBM (24h matched),2026.0,6,test,validation_crps,2.1528,3.0982,9.5987,10.2514,14.7532,0.4385,0.6622,0.5807,59.5077,95.5587,413.5,0.5615,0.7557,-0.0755,0.292,8731,1.0909,1.653,0.109,65.91,0.6299,8.4464,-1.1465,15.9553,0.0284,0.505,2.7098,1.6013,2.2433,3264,2.1528,2.152785570468112,,,,,,,,,
Quantile LightGBM (24h matched),2026.0,6,validation,validation_crps,1.671,2.6867,7.2182,9.095,12.7936,0.4046,0.6361,0.5527,57.0524,102.4747,368.74,0.5954,0.793,-0.1488,0.2826,4244,0.9098,1.4058,0.0984,61.38,0.0,0.0,0.215,11.6646,,,2.4246,1.5179,2.015,1619,1.91,1.21621202470525,0.0,0.5,0.1592461592836946,0.507801480610267,0.8443482512801719,0.1329948162111215,93.19,36.08,9.6428
Quantile LightGBM (24h matched),2026.0,6,test,validation_crps,1.9825,3.2009,10.2456,10.6161,15.2423,0.4681,0.6842,0.6014,61.6251,97.5174,423.33,0.5319,0.7558,-0.2425,0.3138,8731,1.0093,1.5638,0.057,56.44,0.0,0.0,0.34,11.9836,,,2.8474,1.5683,2.12,3264,2.2294,1.4522937084036915,0.0,0.5,0.1225042377734509,0.3888934950240632,0.8110810958698964,0.0800996449433054,90.04,38.9,12.0087
Hurdle Quantile LightGBM (24h matched),2026.0,6,validation,validation_crps,1.6683,2.6586,7.0684,8.9718,12.6602,0.3962,0.6294,0.5452,56.2795,101.818,360.04,0.6038,0.7906,-0.081,0.2756,4244,0.9131,1.4028,0.117,64.63,0.0,0.0,0.1957,12.5198,,,2.3754,1.5231,2.039,1619,1.8841,1.2028501060983587,0.0,0.5,0.1252803815900614,0.5465254801480635,0.8590770673629987,0.044372670249718,93.71,36.78,9.6565
Hurdle Quantile LightGBM (24h matched),2026.0,6,test,validation_crps,1.9778,3.1548,9.9527,10.4972,15.0228,0.4547,0.6743,0.5947,60.9347,96.9531,426.47,0.5453,0.7571,-0.151,0.3047,8731,1.0108,1.5612,0.0743,59.33,0.0,0.0,0.2407,12.9794,,,2.7933,1.5912,2.1605,3264,2.2044,1.4386142688232546,0.0,0.5,0.1110447314257997,0.4227231551978049,0.825925968591514,0.0212529203681632,90.93,39.88,12.1149
LightGBM (+Weather),2026.0,6,validation,validation_crps,1.7762,2.5152,6.3263,8.458,11.9772,0.3546,0.5955,0.514,53.0565,98.4018,360.19,0.6454,0.8081,0.1128,0.2512,4244,0.9856,1.461,0.2383,72.52,0.8954,4.2651,-0.427,14.578,0.0483,0.5104,2.192,1.5007,2.0522,1619,1.7762,1.776183542743183,,,,,,,,,
LightGBM (+Weather),2026.0,6,test,validation_crps,2.0901,3.0558,9.3379,9.953,14.5514,0.4266,0.6531,0.5638,57.7756,94.6546,379.14,0.5734,0.7636,-0.1468,0.2885,8731,1.0752,1.6323,0.201,67.07,0.504,5.1807,-0.6544,15.5278,0.0272,0.5054,2.6494,1.552,2.1797,3264,2.0901,2.0901234964837605,,,,,,,,,
EMFN (Proposed),2026.0,9,validation,validation_crps,1.9469,3.0382,9.2306,9.9469,14.4676,0.5221,0.7226,0.6076,62.7905,106.4583,386.51,0.4779,0.6926,-0.0158,0.3073,4241,0.8856,1.37,0.1521,73.39,0.0,0.0,0.3027,12.3555,,,2.615,1.7433,2.4686,1624,2.0889,1.418839999020222,0.0,0.5,0.1328535366826652,0.4990131605516184,0.8262594846983482,0.0232174724192867,92.31,39.74,11.3998
EMFN (Proposed),2026.0,9,test,validation_crps,2.2894,3.4965,12.2254,11.431,16.6499,0.5583,0.7472,0.6474,66.351,100.1057,426.41,0.4417,0.6662,-0.2156,0.3328,8728,0.9748,1.5124,0.1461,65.93,0.0,0.0,0.3032,13.3813,,,3.0545,1.8308,2.587,3261,2.4005,1.6382655958344814,0.0,0.5,0.1251894203223202,0.3533968819521216,0.7732749543536075,0.0562447979499941,93.06,43.36,12.7896
DLinear (+Weather),2026.0,9,validation,validation_crps,1.9279,3.0166,9.0996,9.1804,14.3646,0.5147,0.7174,0.5607,57.9519,98.1044,262.31,0.4853,0.7092,-0.5584,0.3192,4241,0.9128,1.3438,0.1973,71.61,20.0896,466.3388,-3.2002,13.6237,0.4384,0.6377,2.5495,1.4645,2.1615,1624,1.9279,1.927887275950528,,,,,,,,,
DLinear (+Weather),2026.0,9,test,validation_crps,2.3706,3.6851,13.5799,11.2884,17.548,0.6202,0.7875,0.6393,65.5237,101.4511,335.43,0.3798,0.6325,-0.6239,0.3581,8728,1.0024,1.5138,0.1458,68.16,14.4478,667.6369,-2.6692,14.7563,0.3275,0.5981,3.1192,1.6638,2.5223,3261,2.3706,2.370568590660848,,,,,,,,,
LSTM (+Weather),2026.0,9,validation,validation_crps,1.9997,3.1166,9.7132,9.5223,14.8409,0.5494,0.7412,0.5816,60.1101,105.3409,288.41,0.4506,0.6856,-0.3583,0.3169,4241,0.844,1.3191,0.1799,79.58,0.0,0.0,0.1408,15.7547,0.0,0.5,2.5892,1.6159,2.4893,1624,1.9997,1.9996865517766529,,,,,,,,,
LSTM (+Weather),2026.0,9,test,validation_crps,2.3934,3.7239,13.8677,11.3971,17.733,0.6333,0.7958,0.6454,66.1548,102.224,327.82,0.3667,0.6304,-0.605,0.3534,8728,0.9325,1.4735,0.1568,74.88,0.0,0.0,0.1172,16.3448,0.0,0.5,3.143,1.759,2.6602,3261,2.3934,2.3933990499764324,,,,,,,,,
GRU (+Weather),2026.0,9,validation,validation_crps,1.9694,3.1467,9.9014,9.3781,14.9841,0.56,0.7483,0.5728,59.1999,103.7529,239.87,0.44,0.6886,-0.5191,0.3201,4241,0.885,1.3978,0.0751,82.65,5.2582,19.5865,-0.4327,15.2011,0.2234,0.555,2.5915,1.6016,2.4852,1624,1.9694,1.9694054368349263,,,,,,,,,
GRU (+Weather),2026.0,9,test,validation_crps,2.3121,3.6727,13.4888,11.0098,17.4891,0.616,0.7849,0.6235,63.9064,102.9409,284.36,0.384,0.6488,-0.6395,0.3452,8728,0.9796,1.5542,0.059,78.38,3.7007,39.8737,-0.4499,17.6216,0.1624,0.5374,3.0499,1.6969,2.6062,3261,2.3121,2.312054808943544,,,,,,,,,
CNN-LSTM (+Weather),2026.0,9,validation,validation_crps,2.04,3.251,10.5687,9.7141,15.4807,0.5978,0.7732,0.5933,61.3208,100.0543,250.49,0.4022,0.6598,-0.608,0.339,4241,0.8741,1.3827,0.0862,77.03,14.4777,58.3147,-0.2321,13.9859,0.4234,0.6308,2.7019,1.6058,2.4753,1624,2.04,2.039963441368204,,,,,,,,,
CNN-LSTM (+Weather),2026.0,9,test,validation_crps,2.3966,3.8783,15.0412,11.4123,18.4681,0.6869,0.8288,0.6463,66.2428,105.8993,233.34,0.3131,0.6146,-1.1149,0.3859,8728,0.9629,1.5346,0.0668,70.36,10.071,104.8483,-0.2801,14.9568,0.3115,0.5903,3.2745,1.6599,2.5897,3261,2.3966,2.396584693092007,,,,,,,,,
TCN (+Weather),2026.0,9,validation,validation_crps,1.9214,3.0412,9.2488,9.1497,14.4818,0.5231,0.7233,0.5589,57.7578,101.4896,238.31,0.4769,0.7089,-0.6722,0.3241,4241,0.9742,1.4811,0.1192,71.9,7.4039,38.569,-0.5994,17.2182,0.2812,0.5728,2.5698,1.4664,2.2261,1624,1.9214,1.9214322251173612,,,,,,,,,
TCN (+Weather),2026.0,9,test,validation_crps,2.3035,3.6504,13.3254,10.9691,17.3828,0.6086,0.7801,0.6212,63.6705,103.1658,263.13,0.3914,0.6583,-0.9503,0.3619,8728,1.0684,1.6364,0.0903,68.53,7.0348,86.2772,-0.9697,18.2367,0.2314,0.5569,3.117,1.5697,2.3788,3261,2.3035,2.3035211463237952,,,,,,,,,
Transformer (+Weather),2026.0,9,validation,validation_crps,1.9536,3.1192,9.7293,9.3029,14.8533,0.5503,0.7418,0.5682,58.7251,104.5026,190.79,0.4497,0.7101,-0.9804,0.3424,4241,0.8913,1.4136,0.0955,69.48,7.9462,19.574,-0.1862,14.6422,0.2917,0.576,2.6871,1.4636,2.2572,1624,1.9536,1.9536110403320173,,,,,,,,,
Transformer (+Weather),2026.0,9,test,validation_crps,2.3518,3.7903,14.3663,11.199,18.049,0.6561,0.81,0.6342,65.0044,106.4103,229.67,0.3439,0.6434,-1.2354,0.3857,8728,0.9927,1.5887,0.0666,66.29,6.6797,32.4921,-0.2111,15.9765,0.2449,0.5632,3.2486,1.5678,2.4462,3261,2.3518,2.351781334129063,,,,,,,,,
LightGBM (24h matched),2026.0,9,validation,validation_crps,2.1672,3.0051,9.0303,10.3199,14.3098,0.5108,0.7147,0.6303,65.1449,105.754,442.93,0.4892,0.7006,0.0952,0.3071,4241,0.9689,1.4112,0.1539,66.7,0.0943,0.4258,-0.1349,15.0297,0.0021,0.5001,2.6852,1.7654,2.3522,1624,2.1672,2.167180007411981,,,,,,,,,
LightGBM (24h matched),2026.0,9,test,validation_crps,2.5385,3.5247,12.4235,12.0881,16.7842,0.5674,0.7532,0.6846,70.1657,102.4387,513.61,0.4326,0.6604,-0.0102,0.336,8728,1.035,1.5512,0.1348,60.12,0.1604,6.3518,-1.7257,16.2176,0.0014,0.4995,3.1757,1.8954,2.5351,3261,2.5385,2.538508841858899,,,,,,,,,
Quantile LightGBM (24h matched),2026.0,9,validation,validation_crps,1.9442,3.0027,9.0164,10.4496,14.2987,0.51,0.7141,0.6383,65.9635,107.1894,469.13,0.49,0.7198,-0.0933,0.3213,4241,0.8728,1.3326,0.1361,55.38,0.0,0.0,0.2927,11.1765,,,2.7663,1.7022,2.1807,1624,2.1944,1.398579003553286,0.0,0.5,0.1634667295449186,0.4779733465393081,0.8166688271540218,0.1270832350860646,93.0,40.88,11.1307
Quantile LightGBM (24h matched),2026.0,9,test,validation_crps,2.3013,3.5761,12.7888,12.3063,17.0292,0.5841,0.7642,0.6969,71.4319,103.4784,526.36,0.4159,0.6687,-0.1829,0.3554,8728,0.9404,1.4647,0.1248,49.63,0.0,0.0,0.5071,12.1899,,,3.2761,1.8288,2.3591,3261,2.5843,1.6738937528708249,0.0,0.5,0.12675166131989,0.3447661626237566,0.7762050916519634,0.0740891384051328,90.46,43.95,13.7009
Hurdle Quantile LightGBM (24h matched),2026.0,9,validation,validation_crps,1.9411,2.985,8.9102,10.3643,14.2143,0.504,0.7099,0.633,65.4251,106.8969,465.24,0.496,0.7186,-0.0526,0.3163,4241,0.8767,1.3267,0.156,57.66,0.0,0.0,0.3258,11.7051,,,2.7338,1.7126,2.2081,1624,2.1765,1.3885242089023624,0.0,0.5,0.1386263725899481,0.4856571522307991,0.820844763264598,0.0473322035571682,93.33,41.62,11.058
Hurdle Quantile LightGBM (24h matched),2026.0,9,test,validation_crps,2.2999,3.5552,12.6396,12.2571,16.9296,0.5772,0.7598,0.6941,71.1462,103.2394,528.72,0.4228,0.6675,-0.1168,0.3494,8728,0.9429,1.4599,0.1439,51.86,0.0,0.0,0.2805,12.6119,,,3.2467,1.8629,2.4074,3261,2.574,1.6679238787885349,0.0,0.5,0.1184029175468443,0.3750949697578833,0.7850066438405894,0.0144570997707847,90.59,44.88,13.6874
LightGBM (+Weather),2026.0,9,validation,validation_crps,2.146,2.9405,8.6463,10.2191,14.0022,0.489,0.6993,0.6242,64.5086,105.3739,463.93,0.511,0.7189,0.1092,0.3018,4241,0.9321,1.3735,0.2421,64.66,0.0236,0.0639,-0.0639,13.9779,0.0021,0.5005,2.6552,1.7443,2.2723,1624,2.146,2.1460101895775376,,,,,,,,,
LightGBM (+Weather),2026.0,9,test,validation_crps,2.5198,3.5138,12.3468,11.9991,16.7324,0.5639,0.7509,0.6795,69.6488,101.8948,503.49,0.4361,0.665,-0.0896,0.3381,8728,1.0306,1.5451,0.1962,58.91,0.0115,0.0567,-0.0567,14.5551,0.0014,0.5004,3.1721,1.8761,2.489,3261,2.5198,2.519808635403544,,,,,,,,,
EMFN (Proposed),2026.0,12,validation,validation_crps,2.1353,3.2857,10.7958,11.216,15.6462,0.6154,0.7845,0.6883,71.1266,110.1093,494.71,0.3846,0.6391,0.3178,0.322,4238,0.9063,1.3907,0.1465,77.39,0.0,0.0,0.4396,12.8045,,,2.8648,2.0706,2.8355,1631,2.3554,1.550504840807729,0.0,0.5,0.1389075651071522,0.4731427367883526,0.806372386357538,0.0323215177200941,91.18,42.68,12.3022
EMFN (Proposed),2026.0,12,test,validation_crps,2.515,3.834,14.6997,12.8488,18.2573,0.6712,0.8192,0.7275,74.5683,104.5663,542.22,0.3288,0.5809,0.0398,0.3568,8725,0.995,1.5462,0.1199,67.35,0.0,0.0,0.4395,13.3661,,,3.3628,2.1029,2.9216,3258,2.6982,1.8159463893582963,0.0,0.5,0.1257687687350326,0.3408224227429123,0.748187517089605,0.0490560317893424,90.92,45.79,14.5778
DLinear (+Weather),2026.0,12,validation,validation_crps,2.1025,3.3038,10.9153,10.0119,15.7325,0.6223,0.7888,0.6144,63.4907,100.2119,255.98,0.3777,0.6492,-0.8756,0.3676,4238,0.8868,1.3259,0.2317,64.87,22.9118,565.2619,-2.3063,12.4655,0.4845,0.6667,2.847,1.5133,2.1994,1631,2.1025,2.10249901307615,,,,,,,,,
DLinear (+Weather),2026.0,12,test,validation_crps,2.5543,3.976,15.8087,12.1632,18.9334,0.7218,0.8496,0.6887,70.5893,102.306,372.73,0.2782,0.5618,-0.8539,0.3998,8725,1.0036,1.5235,0.1359,62.61,15.0258,719.9758,-2.2228,12.9797,0.3785,0.6273,3.4063,1.7502,2.5767,3258,2.5543,2.554262940443328,,,,,,,,,
LSTM (+Weather),2026.0,12,validation,validation_crps,2.2085,3.513,12.3414,10.5169,16.7287,0.7036,0.8388,0.6454,66.693,112.0257,259.26,0.2964,0.5937,-0.9543,0.3918,4238,0.8316,1.3232,0.1613,65.81,0.0,0.0,0.0547,12.5458,0.0,0.5,2.9993,1.5742,2.424,1631,2.2085,2.2085451628773747,,,,,,,,,
LSTM (+Weather),2026.0,12,test,validation_crps,2.5982,4.1402,17.1415,12.3722,19.7154,0.7826,0.8847,0.7005,71.8024,109.4604,285.45,0.2174,0.5469,-1.3076,0.4322,8725,0.9247,1.4824,0.1159,60.74,0.1032,0.9626,-0.1512,14.5726,0.0,0.4994,3.5746,1.6641,2.5482,3258,2.5982,2.598155866435953,,,,,,,,,
GRU (+Weather),2026.0,12,validation,validation_crps,2.1148,3.3457,11.194,10.0705,15.9321,0.6382,0.7988,0.618,63.862,102.4066,244.53,0.3618,0.6477,-0.9929,0.3808,4238,0.8367,1.3212,0.1418,60.9,13.6149,143.2923,-0.6913,12.9096,0.3849,0.6111,2.8917,1.5132,2.2709,1631,2.1148,2.114795602468557,,,,,,,,,
GRU (+Weather),2026.0,12,test,validation_crps,2.5468,4.0488,16.3928,12.1274,19.28,0.7485,0.8651,0.6866,70.3821,107.0972,289.44,0.2515,0.5738,-1.304,0.4292,8725,0.9299,1.485,0.0838,56.61,6.8997,124.2224,-0.7729,15.3048,0.2258,0.5547,3.5095,1.6223,2.4019,3258,2.5468,2.5467631124661483,,,,,,,,,
CNN-LSTM (+Weather),2026.0,12,validation,validation_crps,2.2016,3.5046,12.2826,10.4839,16.6888,0.7002,0.8368,0.6433,66.4836,112.0218,234.68,0.2998,0.6092,-1.1183,0.4019,4238,0.8433,1.35,0.1077,61.44,0.0,0.0,0.1155,13.7941,0.0,0.5,3.0316,1.5627,2.3839,1631,2.2016,2.201611297426155,,,,,,,,,
CNN-LSTM (+Weather),2026.0,12,test,validation_crps,2.6324,4.2136,17.7548,12.5352,20.065,0.8106,0.9004,0.7097,72.7484,110.8968,273.18,0.1894,0.5334,-1.407,0.4437,8725,0.9545,1.5398,0.0419,60.21,0.4928,9.8967,-0.451,15.5368,0.0014,0.4975,3.6422,1.7068,2.6044,3258,2.6324,2.632386585516843,,,,,,,,,
TCN (+Weather),2026.0,12,validation,validation_crps,2.1013,3.3502,11.2239,10.006,15.9534,0.6399,0.7999,0.614,63.4533,107.0948,235.83,0.3601,0.647,-1.01,0.3744,4238,0.9533,1.4567,0.117,66.37,8.0462,61.5026,-0.8497,17.1566,0.2673,0.5651,2.8791,1.531,2.3283,1631,2.1013,2.101263221395105,,,,,,,,,
TCN (+Weather),2026.0,12,test,validation_crps,2.5066,3.9629,15.705,11.9364,18.8712,0.717,0.8468,0.6758,69.2734,108.7839,285.84,0.283,0.5879,-1.0739,0.3955,8725,1.073,1.6678,0.073,68.8,6.8883,115.8726,-0.9543,18.3321,0.1894,0.5393,3.4018,1.7236,2.6058,3258,2.5066,2.5066458375533074,,,,,,,,,
Transformer (+Weather),2026.0,12,validation,validation_crps,2.118,3.2777,10.7431,10.0856,15.6079,0.6124,0.7826,0.6189,63.958,108.533,318.18,0.3876,0.6418,-0.4352,0.3406,4238,0.9149,1.4246,0.1267,75.8,0.6843,0.7675,-0.1125,14.6558,0.0283,0.505,2.7563,1.6971,2.5495,1631,2.118,2.1179744178099447,,,,,,,,,
Transformer (+Weather),2026.0,12,test,validation_crps,2.567,3.9999,15.9995,12.2237,19.0473,0.7305,0.8547,0.6921,70.9406,106.3837,352.22,0.2695,0.5629,-0.7617,0.3888,8725,1.0303,1.6414,0.0562,70.74,0.6762,20.6479,-0.9662,16.6117,0.0094,0.4989,3.3991,1.821,2.7719,3258,2.567,2.5669717622258705,,,,,,,,,
LightGBM (24h matched),2026.0,12,validation,validation_crps,2.3116,3.1772,10.0946,11.0076,15.1295,0.5755,0.7586,0.6755,69.8051,108.1695,485.05,0.4245,0.652,0.0577,0.3302,4238,0.9837,1.4158,0.1667,63.08,0.1888,0.5958,-0.1331,13.3603,0.0103,0.5021,2.8751,1.8391,2.4232,1631,2.3116,2.311603139118167,,,,,,,,,
LightGBM (24h matched),2026.0,12,test,validation_crps,2.7746,3.7912,14.3733,13.2125,18.0534,0.6563,0.8101,0.7481,76.6794,105.4339,593.71,0.3437,0.5868,0.0355,0.3636,8725,1.0646,1.5722,0.1386,56.5,0.0917,3.0894,-0.8022,15.0801,0.0,0.4995,3.4594,2.0493,2.6983,3258,2.7746,2.7746308555484784,,,,,,,,,
Quantile LightGBM (24h matched),2026.0,12,validation,validation_crps,2.1096,3.1998,10.2386,11.2818,15.237,0.5837,0.764,0.6923,71.544,109.6807,525.91,0.4163,0.6624,-0.0724,0.3468,4238,0.8813,1.3343,0.1553,51.35,0.0,0.0,0.5151,10.5109,,,2.9796,1.8066,2.2756,1631,2.3692,1.5171541104947357,0.0,0.5,0.1681139452571968,0.4314919523296538,0.7847325842111498,0.1229377064653138,93.35,42.84,11.8098
Quantile LightGBM (24h matched),2026.0,12,test,validation_crps,2.5135,3.8124,14.5347,13.3512,18.1545,0.6636,0.8146,0.7559,77.484,106.5448,607.16,0.3364,0.5979,-0.1278,0.381,8725,0.9564,1.4718,0.1305,45.54,0.0,0.0,0.6343,11.5635,,,3.5366,1.9768,2.4941,3258,2.8037,1.8178031654842208,0.0,0.5,0.129656458452722,0.306364424427011,0.7375684713097358,0.0686349570200573,90.02,46.27,14.662
Hurdle Quantile LightGBM (24h matched),2026.0,12,validation,validation_crps,2.109,3.1958,10.2132,11.2326,15.2181,0.5822,0.763,0.6893,71.2318,109.5573,519.04,0.4178,0.6584,-0.0436,0.3437,4238,0.8854,1.3286,0.1696,53.33,0.0,0.0,0.3526,10.5675,,,2.9595,1.8231,2.3093,1631,2.3588,1.5132982391458891,0.0,0.5,0.1436083436175323,0.4686417249626214,0.8007520647326922,0.046338544129159,93.25,43.85,11.8816
Hurdle Quantile LightGBM (24h matched),2026.0,12,test,validation_crps,2.5209,3.7992,14.4335,13.3224,18.0912,0.659,0.8118,0.7543,77.3171,106.4018,608.39,0.341,0.5985,-0.0878,0.3772,8725,0.9561,1.4647,0.1464,46.85,0.0,0.0,0.4566,11.9106,,,3.5191,2.0007,2.5273,3258,2.7977,1.812986147510712,0.0,0.5,0.1227200866948024,0.3396382472920047,0.7529933109628844,0.0127634429010877,90.09,47.32,14.6057
LightGBM (+Weather),2026.0,12,validation,validation_crps,2.3437,3.1857,10.1484,11.1606,15.1698,0.5785,0.7606,0.6849,70.775,108.3759,525.96,0.4215,0.6507,0.1336,0.3301,4238,0.9617,1.3845,0.2386,61.94,0.2832,0.6501,-0.1529,13.2211,0.0123,0.5022,2.8963,1.9134,2.453,1631,2.3437,2.3437218408252845,,,,,,,,,
LightGBM (+Weather),2026.0,12,test,validation_crps,2.7874,3.7983,14.4272,13.2735,18.0872,0.6587,0.8116,0.7515,77.0332,105.798,600.16,0.3413,0.5855,-0.0025,0.3671,8725,1.0686,1.5729,0.1824,54.7,0.0,0.0,0.0041,14.3054,0.0,0.5,3.4849,2.0851,2.724,3258,2.7874,2.787433232094715,,,,,,,,,
EMFN (Proposed),2026.0,24,validation,validation_crps,2.6229,3.7853,14.3288,13.1034,18.0254,0.8304,0.9112,0.8132,83.7955,117.4146,562.23,0.1696,0.4411,-0.5875,0.4506,4226,0.8163,1.2878,0.1975,37.08,0.0,0.0,0.6993,8.2999,,,3.5865,1.8894,2.387,1642,2.7517,1.871986066030443,0.0,0.5,0.1575798918878743,0.3424140435364473,0.7113902087722266,0.0345501724685248,91.36,44.41,13.9109
EMFN (Proposed),2026.0,24,test,validation_crps,3.0593,4.4451,19.759,15.247,21.1672,0.9015,0.9495,0.863,88.4989,112.879,660.4,0.0985,0.3391,-0.5761,0.4714,8713,0.89,1.4201,0.1534,37.57,0.0,0.0,0.823,9.1072,,,4.1464,2.121,2.7137,3253,3.2019,2.1946382547286176,0.0,0.5,0.1344091065472074,0.2318215736472087,0.6510175568665288,0.0433583715869654,89.43,48.62,16.8976
DLinear (+Weather),2026.0,24,validation,validation_crps,2.5685,3.9165,15.3386,12.2311,18.6498,0.8889,0.9428,0.759,78.2168,115.5816,342.12,0.1111,0.4523,-1.249,0.4949,4226,0.8828,1.2766,0.2827,39.66,7.5958,111.7282,-1.4274,8.1897,0.2008,0.5376,3.5229,1.5715,2.2111,1642,2.5685,2.568522851518435,,,,,,,,,
DLinear (+Weather),2026.0,24,test,validation_crps,3.0398,4.5487,20.6902,14.4754,21.6602,0.944,0.9716,0.8194,84.0201,113.652,481.69,0.056,0.3607,-1.2737,0.5155,8713,0.9595,1.4299,0.2176,36.7,4.7056,138.6674,-1.1499,8.4367,0.1329,0.523,4.1182,1.7741,2.4027,3253,3.0398,3.0398281920138577,,,,,,,,,
LSTM (+Weather),2026.0,24,validation,validation_crps,2.6919,4.0834,16.6744,12.8187,19.4449,0.9663,0.983,0.7955,81.9749,120.9485,373.85,0.0337,0.3605,-1.1266,0.4906,4226,0.8323,1.3252,0.0681,51.13,0.0,0.0,0.3482,11.6157,0.0,0.5,3.6466,1.838,2.6909,1642,2.6919,2.691932876973284,,,,,,,,,
LSTM (+Weather),2026.0,24,test,validation_crps,3.1527,4.7079,22.1642,15.013,22.4185,1.0112,1.0056,0.8498,87.1404,114.8688,518.79,-0.0112,0.3255,-0.9375,0.4799,8713,0.9092,1.4552,0.0687,60.32,0.0,0.0,0.3598,15.1284,0.0,0.5,4.1753,2.168,3.149,3253,3.1527,3.152719580813269,,,,,,,,,
GRU (+Weather),2026.0,24,validation,validation_crps,2.5964,3.9748,15.7993,12.3639,18.9278,0.9156,0.9569,0.7673,79.0665,119.3681,329.8,0.0844,0.4358,-1.3415,0.5061,4226,0.8155,1.2949,0.1708,40.11,0.0,0.0,0.0361,9.9607,0.0,0.5,3.5809,1.6479,2.3857,1642,2.5964,2.596427025872825,,,,,,,,,
GRU (+Weather),2026.0,24,test,validation_crps,3.0948,4.6774,21.8783,14.7369,22.2735,0.9982,0.9991,0.8342,85.5382,117.1516,449.73,0.0018,0.3211,-1.4434,0.5323,8713,0.8847,1.4199,0.1535,40.03,0.482,8.0361,-0.7963,11.6166,0.0041,0.4984,4.2293,1.8325,2.5409,3253,3.0948,3.094751641522332,,,,,,,,,
CNN-LSTM (+Weather),2026.0,24,validation,validation_crps,2.6473,4.1344,17.0936,12.6061,19.6878,0.9906,0.9953,0.7823,80.6148,121.4787,306.9,0.0094,0.3737,-1.4802,0.5275,4226,0.8233,1.3234,0.0328,43.12,0.0,0.0,0.2758,7.8262,0.0,0.5,3.6791,1.6933,2.5223,1642,2.6473,2.647270530586264,,,,,,,,,
CNN-LSTM (+Weather),2026.0,24,test,validation_crps,3.0498,4.6767,21.8716,14.5231,22.27,0.9979,0.9989,0.8221,84.2969,116.4423,410.51,0.0021,0.3424,-1.5497,0.5338,8713,0.8913,1.4428,0.0466,41.7,0.0,0.0,0.0487,9.6882,0.0,0.5,4.1997,1.8541,2.6125,3253,3.0498,3.0498421336315342,,,,,,,,,
TCN (+Weather),2026.0,24,validation,validation_crps,2.5888,3.8647,14.9362,12.3275,18.4035,0.8656,0.9304,0.765,78.8334,116.5054,416.56,0.1344,0.4294,-0.8833,0.4566,4226,0.9192,1.3697,0.126,49.8,0.142,0.3402,-0.1428,10.5136,0.0083,0.5018,3.4568,1.8034,2.5829,1642,2.5888,2.5887717517751976,,,,,,,,,
TCN (+Weather),2026.0,24,test,validation_crps,3.061,4.4905,20.1643,14.5761,21.3832,0.92,0.9592,0.8251,84.6048,113.5696,513.42,0.08,0.3692,-0.9813,0.4786,8713,0.9816,1.4922,0.122,48.05,0.6312,34.0865,-1.5942,15.0982,0.0014,0.4966,4.0715,1.9676,2.6862,3253,3.061,3.060979928146749,,,,,,,,,
Transformer (+Weather),2026.0,24,validation,validation_crps,2.6481,4.1197,16.9716,12.61,19.6174,0.9835,0.9917,0.7825,80.6404,122.4356,308.63,0.0165,0.3791,-1.4237,0.5139,4226,0.9176,1.4217,0.0561,47.79,0.4023,0.9221,-0.2608,11.194,0.0268,0.5062,3.6661,1.7653,2.6469,1642,2.6481,2.648110283173926,,,,,,,,,
Transformer (+Weather),2026.0,24,test,validation_crps,3.1167,4.773,22.7811,14.8414,22.7283,1.0394,1.0195,0.8401,86.1446,120.253,425.38,-0.0394,0.2987,-1.468,0.5302,8713,1.0025,1.5606,0.0262,47.26,1.4346,30.933,-1.8015,12.4013,0.0387,0.504,4.2629,1.9023,2.7225,3253,3.1167,3.116691358082229,,,,,,,,,
LightGBM (24h matched),2026.0,24,validation,validation_crps,2.8689,3.7094,13.7598,13.6613,17.6639,0.7974,0.893,0.8478,87.3631,115.0786,736.65,0.2026,0.4538,0.1029,0.409,4226,0.8853,1.3053,0.239,40.15,0.0,0.0,0.685,9.8978,0.0,0.5,3.5604,2.1752,2.6329,1642,2.8689,2.8688757409781704,,,,,,,,,
LightGBM (24h matched),2026.0,24,test,validation_crps,3.3772,4.3946,19.3125,16.0818,20.9267,0.8811,0.9387,0.9103,93.3446,113.4531,820.07,0.1189,0.3461,0.0135,0.4416,8713,0.9566,1.4564,0.1802,37.56,0.0,0.0,0.7628,11.2386,0.0,0.5,4.2181,2.3455,2.8534,3253,3.3772,3.377186179986735,,,,,,,,,
Quantile LightGBM (24h matched),2026.0,24,validation,validation_crps,2.5394,3.7084,13.7525,13.7977,17.6592,0.797,0.8927,0.8562,88.2351,115.4657,747.78,0.203,0.4761,0.062,0.4167,4226,0.8176,1.2525,0.3016,32.3,0.0,0.0,0.9597,7.9423,,,3.6064,2.1488,2.5393,1642,2.8975,1.816902172702276,0.0,0.5,0.1813493847610033,0.3366360670087513,0.6859734844407539,0.1278868906767629,93.85,53.22,13.3992
Quantile LightGBM (24h matched),2026.0,24,test,validation_crps,3.0006,4.3667,19.0682,16.0353,20.7939,0.87,0.9327,0.9077,93.0742,113.6049,816.8,0.13,0.3697,-0.0567,0.4489,8713,0.8813,1.3969,0.2296,28.92,0.0,0.0,1.0017,8.5841,,,4.2234,2.304,2.7312,3253,3.3674,2.1627912282492536,0.0,0.5,0.139753816136807,0.2090696567074108,0.5953928887559568,0.07465855618042,90.66,54.3,16.8024
Hurdle Quantile LightGBM (24h matched),2026.0,24,validation,validation_crps,2.5101,3.7087,13.7543,13.804,17.6604,0.7971,0.8928,0.8566,88.2759,115.6377,742.36,0.2029,0.4739,0.0704,0.416,4226,0.827,1.2582,0.2877,32.76,0.0,0.0,0.6045,7.7394,,,3.606,2.1575,2.5457,1642,2.8988,1.818217754138315,0.0,0.5,0.1602206496486256,0.3640134469001996,0.7128909353487823,0.0458683769616938,94.06,53.56,13.3011
Hurdle Quantile LightGBM (24h matched),2026.0,24,test,validation_crps,3.017,4.3817,19.1997,16.1124,20.8654,0.876,0.9359,0.912,93.5223,113.8103,822.16,0.124,0.3582,-0.0318,0.4491,8713,0.8928,1.4051,0.2106,29.32,0.0,0.0,0.8231,8.4287,,,4.2375,2.334,2.7661,3253,3.3836,2.175791552949996,0.0,0.5,0.1329496986596302,0.2421157278693474,0.65168114325286,0.0213298859051707,90.76,55.08,16.4622
LightGBM (+Weather),2026.0,24,validation,validation_crps,2.9051,3.7771,14.2665,13.834,17.9862,0.8268,0.9093,0.8585,88.4672,114.8681,743.0,0.1732,0.42,0.2073,0.4085,4226,0.9011,1.3147,0.2626,44.52,0.0,0.0,0.7191,10.6858,0.0,0.5,3.5796,2.2755,2.8135,1642,2.9051,2.905130644942912,,,,,,,,,
LightGBM (+Weather),2026.0,24,test,validation_crps,3.3974,4.4269,19.5973,16.1779,21.0804,0.8941,0.9456,0.9157,93.902,114.0128,820.73,0.1059,0.3312,0.0114,0.4433,8713,0.9887,1.4861,0.1735,39.27,0.0,0.0,0.62,10.745,0.0,0.5,4.2438,2.4828,3.0186,3253,3.3974,3.397351931939851,,,,,,,,,
Prophet,3407.0,1,validation,fixed_configuration_no_selection,3.0083,4.0582,16.4688,14.3255,19.3247,0.9076,0.9527,0.8628,88.8414,117.7672,696.47,0.0924,0.3254,-0.3301,0.4527,4249,0.8551,1.2606,0.2783,41.17,2.1652,31.6722,-0.8675,7.67,0.0497,0.5036,3.843,2.0939,2.6743,1613,3.0083,3.008348491959921,,,,,,,,,
Prophet,3407.0,1,test,fixed_configuration_no_selection,3.2132,4.745,22.5151,15.3009,22.5953,1.029,1.0144,0.867,88.8603,120.6697,483.4,-0.029,0.2751,-1.4956,0.5569,8736,0.881,1.3815,0.2691,32.43,13.244,690.7955,-2.1743,6.4004,0.2122,0.5357,4.3904,1.8739,2.5235,3269,3.2132,3.2131915184949134,,,,,,,,,
Prophet,3407.0,3,validation,fixed_configuration_no_selection,3.0007,4.0468,16.3766,14.2889,19.2705,0.9075,0.9526,0.8636,88.9948,117.7966,697.23,0.0925,0.3252,-0.3155,0.4523,4247,0.8529,1.2584,0.2779,41.3,2.1662,31.6722,-0.8675,7.67,0.0496,0.5036,3.8297,2.0936,2.6738,1614,3.0007,3.000668414398086,,,,,,,,,
Prophet,3407.0,3,test,fixed_configuration_no_selection,3.2136,4.7455,22.5198,15.3029,22.5976,1.029,1.0144,0.867,88.8581,120.6789,483.48,-0.029,0.2752,-1.4963,0.557,8734,0.8811,1.3816,0.2691,32.43,13.2471,690.7955,-2.1743,6.4004,0.2122,0.5357,4.3911,1.8742,2.5241,3267,3.2136,3.213616903208093,,,,,,,,,
Prophet,3407.0,6,validation,fixed_configuration_no_selection,2.9872,4.024,16.1928,14.2246,19.162,0.9076,0.9527,0.8644,89.2298,117.7769,699.45,0.0924,0.3245,-0.2887,0.4513,4244,0.8511,1.2563,0.278,41.52,2.1678,31.6722,-0.8675,7.67,0.0496,0.5036,3.8061,2.0949,2.6725,1619,2.9872,2.987168731969438,,,,,,,,,
Prophet,3407.0,6,test,fixed_configuration_no_selection,3.214,4.7461,22.5259,15.3046,22.6007,1.0291,1.0144,0.867,88.8412,120.6717,483.48,-0.0291,0.2753,-1.4976,0.557,8731,0.8812,1.3818,0.269,32.44,13.2516,690.7955,-2.1743,6.4004,0.2122,0.5356,4.3919,1.8739,2.5244,3264,3.214,3.2139736002735995,,,,,,,,,
Prophet,3407.0,9,validation,fixed_configuration_no_selection,2.9771,4.0075,16.06,14.1767,19.0833,0.9084,0.9531,0.8659,89.491,117.8692,700.82,0.0916,0.3233,-0.2669,0.4509,4241,0.8489,1.2529,0.2777,41.72,2.1693,31.6722,-0.8675,7.67,0.0495,0.5035,3.7881,2.1007,2.6766,1624,2.9771,2.9771016908974057,,,,,,,,,
Prophet,3407.0,9,test,fixed_configuration_no_selection,3.2148,4.7469,22.5333,15.3084,22.6044,1.0291,1.0144,0.8669,88.8575,120.7035,483.67,-0.0291,0.2754,-1.4984,0.5571,8728,0.8813,1.382,0.2689,32.43,13.2562,690.7955,-2.1743,6.4004,0.2122,0.5356,4.393,1.8748,2.5254,3261,3.2148,3.214758300673373,,,,,,,,,
Prophet,3407.0,12,validation,fixed_configuration_no_selection,2.9701,3.9949,15.9589,14.1435,19.0231,0.9098,0.9538,0.8679,89.6913,117.9467,701.29,0.0902,0.3216,-0.2535,0.4506,4238,0.8484,1.2534,0.278,41.93,2.1708,31.6722,-0.8675,7.67,0.0494,0.5035,3.776,2.1085,2.6837,1631,2.9701,2.9701349713626466,,,,,,,,,
Prophet,3407.0,12,test,fixed_configuration_no_selection,3.2153,4.7476,22.5397,15.3109,22.6076,1.0291,1.0144,0.8669,88.8571,120.715,483.58,-0.0291,0.2755,-1.4995,0.5571,8725,0.8811,1.3819,0.2688,32.42,13.2607,690.7955,-2.1743,6.4004,0.2122,0.5356,4.394,1.8749,2.5258,3258,3.2153,3.2152798156591005,,,,,,,,,
Prophet,3407.0,24,validation,fixed_configuration_no_selection,2.9486,3.9621,15.6986,14.041,18.8674,0.9098,0.9538,0.8713,89.7913,117.7355,701.95,0.0902,0.322,-0.2285,0.4491,4226,0.8527,1.2615,0.2788,42.39,2.177,31.6722,-0.8675,7.67,0.0497,0.5035,3.7429,2.1203,2.6952,1642,2.9486,2.9486126664765973,,,,,,,,,
Prophet,3407.0,24,test,fixed_configuration_no_selection,3.2166,4.7499,22.5615,15.3172,22.6185,1.0294,1.0146,0.867,88.9063,120.7768,484.12,-0.0294,0.2752,-1.5003,0.5574,8713,0.8812,1.3824,0.2684,32.42,13.279,690.7955,-2.1743,6.4004,0.2122,0.5355,4.3958,1.874,2.5254,3253,3.2166,3.2166072262902485,,,,,,,,,
EMFN (Proposed),3407.0,1,validation,validation_crps,0.7269,1.1708,1.3708,3.54,5.5754,0.0755,0.2749,0.2132,21.954,78.7288,91.93,0.9245,0.9616,-0.0416,0.1095,4249,0.9313,1.4886,0.3446,95.01,0.0,0.0,0.0042,17.4694,,,0.9397,0.6548,0.9915,1613,0.7434,0.5232529577378561,0.0,0.5,0.0731988073173111,0.8194016402765558,0.9536336104191916,0.0187707042480503,91.6,15.29,4.0677
EMFN (Proposed),3407.0,1,test,validation_crps,0.8107,1.3056,1.7045,3.8859,6.217,0.0779,0.2791,0.2202,22.5672,70.9858,82.53,0.9221,0.9611,-0.142,0.1136,8736,0.973,1.5842,0.3593,93.49,0.0,0.0,0.0036,17.6424,,,1.0555,0.6693,1.0323,3269,0.816,0.5865029692644752,0.0,0.5,0.0711819212581149,0.7527512148330457,0.944114529271704,0.0371205234039139,89.19,15.76,4.6804
DLinear (+Weather),3407.0,1,validation,validation_crps,0.7998,1.2388,1.5345,3.8087,5.8989,0.0846,0.2908,0.2294,23.6205,61.9653,100.48,0.9154,0.957,-0.0087,0.1161,4249,0.9701,1.4745,0.2786,93.73,20.5695,376.1677,-1.7339,18.2174,0.6444,0.7655,1.002,0.7203,1.0672,1613,0.7998,0.7998364531225243,,,,,,,,,
DLinear (+Weather),3407.0,1,test,validation_crps,0.8719,1.3583,1.8449,4.1519,6.4679,0.0843,0.2904,0.2353,24.1124,62.5182,108.32,0.9157,0.9571,-0.0394,0.1173,8736,1.0213,1.5843,0.3054,94.09,16.8842,590.5584,-1.8663,19.2206,0.5826,0.7532,1.0997,0.7203,1.0489,3269,0.8719,0.8719055424673845,,,,,,,,,
LSTM (+Weather),3407.0,1,validation,validation_crps,0.7307,1.1926,1.4223,3.4796,5.679,0.0784,0.28,0.2096,21.5791,58.6444,59.14,0.9216,0.9605,-0.1179,0.1113,4249,0.9838,1.5951,0.2793,97.12,20.5225,76.9537,-0.2746,17.6888,0.6758,0.7847,0.9429,0.6776,1.071,1613,0.7307,0.7307133852911266,,,,,,,,,
LSTM (+Weather),3407.0,1,test,validation_crps,0.7942,1.2847,1.6504,3.7817,6.1176,0.0754,0.2746,0.2143,21.9625,60.9626,64.75,0.9246,0.9629,-0.234,0.1114,8736,1.0158,1.6622,0.3179,95.86,16.0142,160.0791,-0.3395,18.3185,0.6287,0.7764,1.0512,0.6757,1.0335,3269,0.7942,0.7941634546253656,,,,,,,,,
GRU (+Weather),3407.0,1,validation,validation_crps,0.7393,1.1973,1.4335,3.5203,5.7014,0.079,0.2811,0.212,21.8314,57.217,66.92,0.921,0.9601,-0.0375,0.1107,4249,0.9986,1.6022,0.2756,98.64,19.9106,118.1345,-0.4812,17.9798,0.6867,0.7893,0.9334,0.6777,1.063,1613,0.7393,0.7392545246367351,,,,,,,,,
GRU (+Weather),3407.0,1,test,validation_crps,0.7946,1.2906,1.6657,3.7839,6.1458,0.0761,0.2759,0.2144,21.9749,59.2783,70.04,0.9239,0.9618,-0.095,0.1101,8736,1.0314,1.6735,0.3089,98.93,16.5751,236.2451,-0.44,18.593,0.6305,0.7806,1.017,0.6744,1.034,3269,0.7946,0.7946134994637852,,,,,,,,,
CNN-LSTM (+Weather),3407.0,1,validation,validation_crps,0.786,1.2613,1.591,3.7427,6.0064,0.0877,0.2961,0.2254,23.211,63.8379,70.14,0.9123,0.9558,-0.1472,0.1186,4249,0.9271,1.4906,0.2916,95.19,17.4629,61.3647,-0.2462,15.94,0.6097,0.7368,1.0193,0.7182,1.1109,1613,0.786,0.78597197438829,,,,,,,,,
CNN-LSTM (+Weather),3407.0,1,test,validation_crps,0.8839,1.4136,1.9982,4.2089,6.7314,0.0913,0.3022,0.2385,24.4434,64.8527,74.95,0.9087,0.9551,-0.2726,0.1235,8736,0.9777,1.6114,0.3002,94.22,13.8965,115.3915,-0.2554,16.8063,0.5856,0.7409,1.173,0.751,1.1354,3269,0.8839,0.8838731866792097,,,,,,,,,
TCN (+Weather),3407.0,1,validation,validation_crps,0.7743,1.1994,1.4385,3.6869,5.7113,0.0793,0.2816,0.2221,22.865,65.441,90.42,0.9207,0.9599,0.0576,0.1105,4249,0.9849,1.5282,0.288,98.07,12.144,65.7119,-0.5288,18.6029,0.532,0.686,0.9534,0.7129,1.0704,1613,0.7743,0.7742559736488235,,,,,,,,,
TCN (+Weather),3407.0,1,test,validation_crps,0.8087,1.2904,1.6651,3.851,6.1447,0.0761,0.2759,0.2182,22.3646,60.1664,81.13,0.9239,0.9614,-0.0901,0.1109,8736,1.0175,1.6197,0.319,96.41,12.0879,166.7169,-0.6918,20.1482,0.5649,0.7215,1.0334,0.6888,1.0349,3269,0.8087,0.808705879165105,,,,,,,,,
Transformer (+Weather),3407.0,1,validation,validation_crps,0.8114,1.2988,1.6868,3.8638,6.1846,0.093,0.3049,0.2327,23.9619,61.9627,74.99,0.907,0.9531,-0.0863,0.1206,4249,0.9236,1.4811,0.2889,98.25,19.2281,70.7941,-0.2401,17.5407,0.6482,0.764,1.0358,0.7425,1.144,1613,0.8114,0.8113983725321645,,,,,,,,,
Transformer (+Weather),3407.0,1,test,validation_crps,0.8758,1.3957,1.948,4.1705,6.6463,0.089,0.2984,0.2363,24.2205,65.733,73.36,0.911,0.9562,-0.2657,0.1209,8736,0.9491,1.5533,0.3369,96.7,14.2399,94.4387,-0.2435,17.9919,0.57,0.7338,1.1612,0.7576,1.1452,3269,0.8758,0.8758136237128806,,,,,,,,,
LightGBM (24h matched),3407.0,1,validation,validation_crps,0.7723,1.1945,1.4269,3.6778,5.6882,0.0786,0.2804,0.2215,22.8087,78.6903,92.83,0.9214,0.9603,-0.0254,0.1123,4249,0.9739,1.5223,0.2858,93.14,1.012,1.1565,-0.1724,17.4453,0.0582,0.5131,0.9718,0.6849,1.0297,1613,0.7723,0.7723474363306208,,,,,,,,,
LightGBM (24h matched),3407.0,1,test,validation_crps,0.8209,1.2867,1.6556,3.909,6.1271,0.0757,0.2751,0.2215,22.7014,68.609,98.12,0.9243,0.9623,-0.0632,0.1119,8736,1.0187,1.6189,0.3116,92.25,0.8242,2.7686,-0.2344,17.8689,0.0654,0.5156,1.0419,0.6532,0.9873,3269,0.8209,0.8208848832926825,,,,,,,,,
Quantile LightGBM (24h matched),3407.0,1,validation,validation_crps,0.7458,1.2675,1.6065,4.055,6.0356,0.0885,0.2975,0.2442,25.1477,82.1469,124.39,0.9115,0.9581,-0.0563,0.1213,4249,0.9492,1.4808,0.2655,87.88,0.0,0.0,0.0707,15.2569,,,1.0785,0.7334,1.0566,1613,0.8516,0.5512473144100676,0.0,0.5,0.1580015762297073,0.6777769412796738,0.9285360259334547,0.1664461607201695,92.56,19.23,4.8762
Quantile LightGBM (24h matched),3407.0,1,test,validation_crps,0.8051,1.395,1.9462,4.3352,6.6431,0.0889,0.2982,0.2457,25.1768,71.8083,121.59,0.9111,0.9591,-0.1027,0.1236,8736,0.9967,1.5862,0.2848,86.82,0.0,0.0,0.0673,15.3456,,,1.1637,0.6891,1.0064,3269,0.9104,0.5960258198523055,0.0,0.5,0.1179357134844386,0.5986474754427169,0.925919459404493,0.1162613834821429,92.0,20.61,5.3698
Hurdle Quantile LightGBM (24h matched),3407.0,1,validation,validation_crps,0.7356,1.2328,1.5198,3.8722,5.8704,0.0838,0.2894,0.2332,24.0141,81.5117,116.09,0.9162,0.9593,-0.0389,0.1172,4249,0.9526,1.4791,0.2749,89.63,0.0,0.0,0.0153,15.795,,,1.0262,0.7149,1.0396,1613,0.8132,0.5380244603280304,0.0,0.5,0.0680887197938353,0.8204040523861755,0.9582933292613484,0.0129515532642812,93.86,17.94,4.5818
Hurdle Quantile LightGBM (24h matched),3407.0,1,test,validation_crps,0.7921,1.3489,1.8195,4.1421,6.4233,0.0832,0.2884,0.2347,24.0551,70.9941,113.39,0.9168,0.9605,-0.0747,0.1187,8736,1.002,1.588,0.2951,88.69,0.0,0.0,0.0187,15.9798,,,1.106,0.6768,0.994,3269,0.8698,0.5813396545867211,0.0,0.5,0.0642502287271013,0.7585242808473731,0.9539911512404956,0.0177725173953278,92.81,18.74,5.0209
LightGBM (+Weather),3407.0,1,validation,validation_crps,0.6726,1.0464,1.0949,3.203,4.9828,0.0603,0.2456,0.1929,19.8637,74.1432,87.92,0.9397,0.9697,-0.0115,0.0979,4249,0.8789,1.3792,0.4071,94.39,1.7181,2.8242,-0.129,17.7948,0.1207,0.5308,0.8437,0.6036,0.9141,1613,0.6726,0.6726256727167175,,,,,,,,,
LightGBM (+Weather),3407.0,1,test,validation_crps,0.7371,1.1716,1.3727,3.51,5.5791,0.0627,0.2505,0.1989,20.3845,64.5334,87.46,0.9373,0.9691,-0.084,0.1018,8736,0.9211,1.4839,0.4242,92.87,1.5453,4.6238,-0.217,18.0453,0.1422,0.5373,0.9424,0.5799,0.8878,3269,0.7371,0.7371030090681288,,,,,,,,,
EMFN (Proposed),3407.0,3,validation,validation_crps,1.2525,2.0258,4.1038,6.3306,9.6466,0.2274,0.4769,0.3826,39.4285,91.5545,197.25,0.7726,0.881,0.1999,0.1892,4247,1.0155,1.5753,0.1028,91.65,0.0,0.0,0.0645,15.7076,,,1.6118,1.2149,1.8146,1614,1.3294,0.9037700504976444,0.0,0.5,0.1044103502651551,0.6711308388407476,0.9069028121579203,0.0314253827972302,93.6,27.01,7.0678
EMFN (Proposed),3407.0,3,test,validation_crps,1.4262,2.2537,5.0794,7.0359,10.7321,0.2321,0.4818,0.3986,40.8549,84.8308,204.65,0.7679,0.8763,-0.0259,0.1986,8734,1.0568,1.6826,0.1413,87.2,0.0,0.0,0.0592,16.3881,,,1.8534,1.2276,1.8628,3267,1.4775,1.0176651475738,0.0,0.5,0.0936701068706994,0.5728306290633134,0.8883536822218692,0.018039795130539,91.63,27.49,7.8663
DLinear (+Weather),3407.0,3,validation,validation_crps,1.3792,2.1737,4.7248,6.5677,10.3507,0.2618,0.5117,0.3969,40.9051,79.66,145.91,0.7382,0.8636,-0.3625,0.2151,4247,1.0779,1.6697,-0.0491,84.37,26.7247,769.4727,-3.3114,15.2909,0.5892,0.7433,1.8146,1.1758,1.7873,1614,1.3792,1.379211066565759,,,,,,,,,
DLinear (+Weather),3407.0,3,test,validation_crps,1.5861,2.4174,5.8438,7.5528,11.5114,0.267,0.5167,0.4279,43.8563,81.0867,230.12,0.733,0.8569,-0.1639,0.2165,8734,1.1509,1.7849,0.0172,84.59,16.5216,888.8075,-2.473,17.4058,0.511,0.7084,2.0236,1.2716,1.8877,3267,1.5861,1.5860954076177038,,,,,,,,,
LSTM (+Weather),3407.0,3,validation,validation_crps,1.3259,2.1552,4.6447,6.3136,10.2626,0.2574,0.5073,0.3816,39.3226,87.0065,128.27,0.7426,0.8666,-0.3862,0.2114,4247,0.953,1.5247,0.1309,87.61,4.2383,6.3477,-0.141,17.455,0.2676,0.5752,1.7539,1.1087,1.7829,1614,1.3259,1.3258541099710848,,,,,,,,,
LSTM (+Weather),3407.0,3,test,validation_crps,1.4775,2.3926,5.7244,7.0357,11.3932,0.2616,0.5114,0.3986,40.8536,86.069,140.15,0.7384,0.8664,-0.5176,0.2175,8734,1.0137,1.6379,0.1951,86.25,2.038,6.4849,-0.1697,18.5052,0.1584,0.541,1.9763,1.1591,1.8449,3267,1.4775,1.4774990715101828,,,,,,,,,
GRU (+Weather),3407.0,3,validation,validation_crps,1.3238,2.1109,4.4558,6.3038,10.0518,0.2469,0.4969,0.381,39.2617,84.1235,140.14,0.7531,0.8704,-0.1393,0.2005,4247,1.012,1.6056,0.0554,92.93,11.9378,59.6096,-0.4436,17.1764,0.4142,0.6275,1.6896,1.2226,1.9282,1614,1.3238,1.323799966242193,,,,,,,,,
GRU (+Weather),3407.0,3,test,validation_crps,1.4433,2.2734,5.1685,6.8728,10.8259,0.2362,0.486,0.3894,39.9074,83.4362,168.1,0.7638,0.8763,-0.2675,0.2011,8734,1.049,1.6679,0.1493,90.4,9.4687,92.4259,-0.4924,18.4833,0.3711,0.6186,1.871,1.2148,1.8613,3267,1.4433,1.4432782820561874,,,,,,,,,
CNN-LSTM (+Weather),3407.0,3,validation,validation_crps,1.3719,2.1889,4.7911,6.5327,10.4231,0.2655,0.5153,0.3948,40.6873,82.2261,137.36,0.7345,0.8662,-0.4943,0.2203,4247,0.9421,1.5057,0.0892,81.8,13.1622,32.6779,-0.1986,14.9801,0.5109,0.6763,1.8384,1.2039,1.8704,1614,1.3719,1.3718678141707186,,,,,,,,,
CNN-LSTM (+Weather),3407.0,3,test,validation_crps,1.5562,2.4926,6.2129,7.4104,11.8694,0.2839,0.5328,0.4199,43.0294,86.7738,139.68,0.7161,0.8632,-0.7216,0.2349,8734,0.998,1.6189,0.1188,79.05,8.4612,42.1694,-0.203,15.5542,0.376,0.62,2.1256,1.2007,1.8719,3267,1.5562,1.5561872250004962,,,,,,,,,
TCN (+Weather),3407.0,3,validation,validation_crps,1.3007,2.06,4.2435,6.1937,9.8094,0.2351,0.4849,0.3743,38.5756,84.1114,152.87,0.7649,0.8762,-0.2142,0.1989,4247,1.07,1.6505,0.0525,89.21,10.6428,58.8885,-0.4618,19.2064,0.4077,0.625,1.6794,1.179,1.8371,1614,1.3007,1.3006667386182278,,,,,,,,,
TCN (+Weather),3407.0,3,test,validation_crps,1.4525,2.3122,5.3462,6.9168,11.0104,0.2443,0.4943,0.3919,40.1629,85.0804,141.26,0.7557,0.8747,-0.4535,0.2091,8734,1.1004,1.7429,0.113,86.66,11.0144,135.1343,-1.1252,18.2244,0.3652,0.6169,1.929,1.1563,1.7988,3267,1.4525,1.4525216242512882,,,,,,,,,
Transformer (+Weather),3407.0,3,validation,validation_crps,1.3437,2.149,4.6181,6.3985,10.2332,0.2559,0.5059,0.3867,39.8512,83.3452,131.63,0.7441,0.8675,-0.1102,0.2021,4247,1.0007,1.5709,0.1131,95.55,13.8922,41.2336,-0.2493,15.8358,0.4799,0.6608,1.7072,1.2399,1.9427,1614,1.3437,1.343676603207801,,,,,,,,,
Transformer (+Weather),3407.0,3,test,validation_crps,1.5366,2.4328,5.9186,7.317,11.5848,0.2704,0.52,0.4146,42.487,84.8134,155.73,0.7296,0.8589,-0.2157,0.2123,8734,1.0556,1.7,0.1413,93.7,10.7396,73.5101,-1.093,16.5524,0.4272,0.6474,1.9746,1.3045,2.0605,3267,1.5366,1.5365744237846557,,,,,,,,,
LightGBM (24h matched),3407.0,3,validation,validation_crps,1.4311,2.0971,4.398,6.815,9.9864,0.2437,0.4937,0.4119,42.4454,93.2602,222.2,0.7563,0.8722,-0.0058,0.2051,4247,1.062,1.6128,0.0218,80.61,1.5305,10.3189,-0.6636,16.3616,0.0705,0.5144,1.7904,1.2333,1.7859,1614,1.4311,1.4311461570862678,,,,,,,,,
LightGBM (24h matched),3407.0,3,test,validation_crps,1.5873,2.3372,5.4626,7.5588,11.1296,0.2496,0.4996,0.4283,43.8908,86.5928,258.46,0.7504,0.8717,-0.0694,0.2127,8734,1.1107,1.7108,0.0712,77.59,1.4541,20.4558,-0.8796,16.1765,0.0747,0.5156,2.0015,1.2312,1.7768,3267,1.5873,1.587342731567178,,,,,,,,,
Quantile LightGBM (24h matched),3407.0,3,validation,validation_crps,1.3338,2.2271,4.96,7.3364,10.6053,0.2748,0.5243,0.4434,45.693,96.1272,266.25,0.7252,0.8633,-0.1058,0.2248,4247,1.0251,1.5886,-0.0795,72.36,0.0,0.0,0.2192,12.9693,,,1.9523,1.2759,1.784,1614,1.5406,0.9870193227111632,0.0,0.5,0.1595272192135625,0.5582577918594083,0.8699585149812663,0.1458888627266305,92.84,31.19,8.1519
Quantile LightGBM (24h matched),3407.0,3,test,validation_crps,1.4976,2.5131,6.3155,8.1538,11.967,0.2886,0.5372,0.462,47.3456,89.0232,286.48,0.7114,0.859,-0.1729,0.2356,8734,1.0697,1.681,-0.008,70.07,0.0,0.0,0.215,13.1884,,,2.1836,1.2563,1.7837,3267,1.7123,1.1103651597880173,0.0,0.5,0.1204456720861003,0.4632289746391623,0.8598513243378311,0.0940977787955117,90.97,32.97,9.3426
Hurdle Quantile LightGBM (24h matched),3407.0,3,validation,validation_crps,1.3206,2.1685,4.7024,7.0897,10.3261,0.2606,0.5105,0.4285,44.1566,95.175,249.79,0.7394,0.867,-0.0513,0.2158,4247,1.0277,1.5786,-0.0527,75.72,0.0,0.0,0.0864,13.8675,,,1.8739,1.2661,1.7817,1614,1.4888,0.9630199651723254,0.0,0.5,0.107615317757811,0.6412933760368733,0.8995526661403167,0.0302122936244727,93.76,30.71,7.9716
Hurdle Quantile LightGBM (24h matched),3407.0,3,test,validation_crps,1.4859,2.4442,5.9739,7.9157,11.6388,0.273,0.5225,0.4485,45.9633,88.3427,280.77,0.727,0.8627,-0.1021,0.2258,8734,1.0717,1.6751,0.0146,73.32,0.0,0.0,0.0909,14.3747,,,2.1034,1.2567,1.788,3267,1.6623,1.0878315573929704,0.0,0.5,0.0931750569898026,0.5553595655198198,0.8898253446241549,0.0157638911838101,91.52,32.34,9.2551
LightGBM (+Weather),3407.0,3,validation,validation_crps,1.2947,1.9161,3.6713,6.1653,9.1241,0.2034,0.451,0.3726,38.3988,89.8219,210.96,0.7966,0.8956,0.0201,0.1862,4247,0.9796,1.4831,0.2386,82.1,1.6011,5.6817,-0.2986,15.8427,0.0879,0.52,1.6134,1.0968,1.5832,1614,1.2947,1.2947055253739397,,,,,,,,,
LightGBM (+Weather),3407.0,3,test,validation_crps,1.4817,2.2238,4.9452,7.0557,10.5894,0.226,0.4754,0.3998,40.9697,84.3374,234.29,0.774,0.8862,-0.1291,0.2027,8734,1.0371,1.6139,0.2408,78.38,0.6984,5.2401,-0.2789,16.4652,0.0296,0.505,1.8844,1.1388,1.6772,3267,1.4817,1.4816989215525864,,,,,,,,,
EMFN (Proposed),3407.0,6,validation,validation_crps,1.6215,2.5734,6.6226,8.3889,12.2545,0.3712,0.6092,0.5098,52.6227,99.4374,312.18,0.6288,0.7932,0.0279,0.2549,4244,0.9218,1.4344,0.19,77.65,0.0,0.0,0.2856,13.5099,,,2.1951,1.4891,2.1426,1619,1.7617,1.175640205617053,0.0,0.5,0.1210277044065301,0.5606463125057207,0.8645892188152176,0.0269480457987625,94.58,36.68,9.3302
EMFN (Proposed),3407.0,6,test,validation_crps,1.9831,3.1035,9.6317,9.9406,14.7785,0.44,0.6633,0.5631,57.7038,94.7292,343.68,0.56,0.7519,-0.2327,0.2923,8731,1.0059,1.5778,0.1519,69.78,0.0,0.0,0.1672,13.7448,,,2.6676,1.5881,2.3142,3264,2.0875,1.4210990005052253,0.0,0.5,0.1142967248003982,0.4338827626277621,0.8261455630401664,0.0510439217097433,93.33,38.83,11.1584
DLinear (+Weather),3407.0,6,validation,validation_crps,1.6995,2.6856,7.2127,8.093,12.7888,0.4043,0.6358,0.4918,50.7665,90.5757,193.32,0.5957,0.7843,-0.5615,0.2801,4244,0.952,1.4392,0.1372,74.34,22.9972,677.7678,-4.3191,14.2693,0.499,0.677,2.2648,1.3192,2.0013,1619,1.6995,1.6995231359817844,,,,,,,,,
DLinear (+Weather),3407.0,6,test,validation_crps,2.0317,3.1926,10.1924,9.6748,15.2026,0.4656,0.6824,0.5481,56.1608,92.5163,301.92,0.5344,0.7382,-0.4793,0.3029,8731,1.0766,1.6343,0.0668,72.63,14.3283,743.4066,-2.9649,15.8541,0.3898,0.6331,2.6595,1.4564,2.2309,3264,2.0317,2.0317080868043687,,,,,,,,,
LSTM (+Weather),3407.0,6,validation,validation_crps,1.7331,2.7815,7.7368,8.2529,13.2453,0.4336,0.6585,0.5015,51.7696,101.0276,187.87,0.5664,0.7673,-0.6284,0.2908,4244,0.8806,1.4076,0.1178,74.98,0.0,0.0,0.046,13.6781,0.0,0.5,2.3235,1.3446,2.1025,1619,1.7331,1.7331023877215104,,,,,,,,,
LSTM (+Weather),3407.0,6,test,validation_crps,2.0675,3.385,11.458,9.8452,16.1189,0.5235,0.7235,0.5577,57.1501,98.667,209.12,0.4765,0.7256,-1.0274,0.3375,8731,0.976,1.5724,0.0822,68.39,0.0229,0.0177,-0.009,14.6754,0.0,0.4999,2.8412,1.3758,2.1474,3264,2.0675,2.0674960705899745,,,,,,,,,
GRU (+Weather),3407.0,6,validation,validation_crps,1.6459,2.6863,7.216,7.8376,12.7918,0.4044,0.636,0.4763,49.1647,89.1376,171.36,0.5956,0.7823,-0.4964,0.2708,4244,0.9211,1.4611,0.2008,83.32,15.9991,94.3374,-0.5709,17.0093,0.4832,0.6634,2.1815,1.3356,2.1437,1619,1.6459,1.6458991133540046,,,,,,,,,
GRU (+Weather),3407.0,6,test,validation_crps,1.9969,3.2056,10.276,9.5092,15.2649,0.4695,0.6852,0.5387,55.1996,97.3129,211.69,0.5305,0.7455,-0.7017,0.301,8731,0.998,1.5985,0.1506,79.76,13.8014,203.7659,-1.5741,17.5558,0.3588,0.6153,2.6716,1.4912,2.2766,3264,1.9969,1.9969350364427572,,,,,,,,,
CNN-LSTM (+Weather),3407.0,6,validation,validation_crps,1.8068,2.8673,8.2213,8.6038,13.6537,0.4608,0.6788,0.5228,53.9712,99.388,245.56,0.5392,0.7511,0.053,0.2726,4244,0.9284,1.4732,-0.0135,90.88,2.9218,6.0622,-0.1447,15.3702,0.1352,0.5304,2.2452,1.5855,2.4347,1619,1.8068,1.8068078705047568,,,,,,,,,
CNN-LSTM (+Weather),3407.0,6,test,validation_crps,2.0719,3.2843,10.7865,9.8661,15.6395,0.4928,0.702,0.5589,57.2713,97.6946,260.48,0.5072,0.7261,-0.2656,0.2949,8731,1.0147,1.6212,-0.0053,85.58,3.8827,18.801,-0.1706,16.0536,0.1677,0.5388,2.6562,1.6517,2.5621,3264,2.0719,2.07188099860684,,,,,,,,,
TCN (+Weather),3407.0,6,validation,validation_crps,1.6791,2.5877,6.6962,7.9956,12.3224,0.3753,0.6126,0.4859,50.1558,98.9797,234.69,0.6247,0.7958,-0.3743,0.2642,4244,0.9659,1.4984,0.1417,76.93,2.2385,10.3421,-0.5232,17.0681,0.0971,0.52,2.1924,1.3378,2.0181,1619,1.6791,1.6790778409292098,,,,,,,,,
TCN (+Weather),3407.0,6,test,validation_crps,1.9544,3.1184,9.7244,9.3068,14.8495,0.4443,0.6665,0.5272,54.0245,94.8132,252.0,0.5557,0.7607,-0.6828,0.3003,8731,1.0615,1.6653,0.0984,72.03,1.8898,17.5034,-0.4445,17.1696,0.0654,0.5105,2.6137,1.3551,2.0891,3264,1.9544,1.9544218533226936,,,,,,,,,
Transformer (+Weather),3407.0,6,validation,validation_crps,1.8064,2.9324,8.5987,8.6019,13.9636,0.4819,0.6942,0.5227,53.9588,90.3866,166.7,0.5181,0.7464,-0.834,0.3111,4244,0.9745,1.5542,0.0229,74.79,23.9397,198.9377,-0.5233,13.7745,0.5649,0.7215,2.4665,1.4354,2.2769,1619,1.8064,1.806390549970702,,,,,,,,,
Transformer (+Weather),3407.0,6,test,validation_crps,2.0742,3.3249,11.055,9.877,15.8329,0.505,0.7107,0.5595,57.3343,96.8602,205.6,0.495,0.735,-0.981,0.3287,8731,1.0694,1.6965,0.012,69.88,18.8524,365.7871,-0.5674,13.7086,0.446,0.6744,2.838,1.4873,2.2974,3264,2.0742,2.0741620355823334,,,,,,,,,
LightGBM (24h matched),3407.0,6,validation,validation_crps,1.8355,2.6041,6.7814,8.7404,12.4006,0.3801,0.6165,0.5311,54.8279,100.0161,341.17,0.6199,0.7914,0.0212,0.2629,4244,0.9908,1.4807,0.146,71.19,0.7304,4.1254,-0.4801,14.6813,0.0365,0.5074,2.2891,1.5245,2.092,1619,1.8355,1.835486746841186,,,,,,,,,
LightGBM (24h matched),3407.0,6,test,validation_crps,2.1528,3.0982,9.5987,10.2514,14.7532,0.4385,0.6622,0.5807,59.5077,95.5587,413.5,0.5615,0.7557,-0.0755,0.292,8731,1.0909,1.653,0.109,65.91,0.6299,8.4464,-1.1465,15.9553,0.0284,0.505,2.7098,1.6013,2.2433,3264,2.1528,2.152785570468112,,,,,,,,,
Quantile LightGBM (24h matched),3407.0,6,validation,validation_crps,1.671,2.6867,7.2182,9.095,12.7936,0.4046,0.6361,0.5527,57.0524,102.4747,368.74,0.5954,0.793,-0.1488,0.2826,4244,0.9098,1.4058,0.0984,61.38,0.0,0.0,0.215,11.6646,,,2.4246,1.5179,2.015,1619,1.91,1.21621202470525,0.0,0.5,0.1592461592836946,0.507801480610267,0.8443482512801719,0.1329948162111215,93.19,36.08,9.6428
Quantile LightGBM (24h matched),3407.0,6,test,validation_crps,1.9825,3.2009,10.2456,10.6161,15.2423,0.4681,0.6842,0.6014,61.6251,97.5174,423.33,0.5319,0.7558,-0.2425,0.3138,8731,1.0093,1.5638,0.057,56.44,0.0,0.0,0.34,11.9836,,,2.8474,1.5683,2.12,3264,2.2294,1.4522937084036915,0.0,0.5,0.1225042377734509,0.3888934950240632,0.8110810958698964,0.0800996449433054,90.04,38.9,12.0087
Hurdle Quantile LightGBM (24h matched),3407.0,6,validation,validation_crps,1.6683,2.6586,7.0684,8.9718,12.6602,0.3962,0.6294,0.5452,56.2795,101.818,360.04,0.6038,0.7906,-0.081,0.2756,4244,0.9131,1.4028,0.117,64.63,0.0,0.0,0.1957,12.5198,,,2.3754,1.5231,2.039,1619,1.8841,1.2028501060983587,0.0,0.5,0.1252803815900614,0.5465254801480635,0.8590770673629987,0.044372670249718,93.71,36.78,9.6565
Hurdle Quantile LightGBM (24h matched),3407.0,6,test,validation_crps,1.9778,3.1548,9.9527,10.4972,15.0228,0.4547,0.6743,0.5947,60.9347,96.9531,426.47,0.5453,0.7571,-0.151,0.3047,8731,1.0108,1.5612,0.0743,59.33,0.0,0.0,0.2407,12.9794,,,2.7933,1.5912,2.1605,3264,2.2044,1.4386142688232546,0.0,0.5,0.1110447314257997,0.4227231551978049,0.825925968591514,0.0212529203681632,90.93,39.88,12.1149
LightGBM (+Weather),3407.0,6,validation,validation_crps,1.7762,2.5152,6.3263,8.458,11.9772,0.3546,0.5955,0.514,53.0565,98.4018,360.19,0.6454,0.8081,0.1128,0.2512,4244,0.9856,1.461,0.2383,72.52,0.8954,4.2651,-0.427,14.578,0.0483,0.5104,2.192,1.5007,2.0522,1619,1.7762,1.776183542743183,,,,,,,,,
LightGBM (+Weather),3407.0,6,test,validation_crps,2.0901,3.0558,9.3379,9.953,14.5514,0.4266,0.6531,0.5638,57.7756,94.6546,379.14,0.5734,0.7636,-0.1468,0.2885,8731,1.0752,1.6323,0.201,67.07,0.504,5.1807,-0.6544,15.5278,0.0272,0.5054,2.6494,1.552,2.1797,3264,2.0901,2.0901234964837605,,,,,,,,,
EMFN (Proposed),3407.0,9,validation,validation_crps,1.9409,3.0151,9.0906,9.7005,14.3575,0.5142,0.7171,0.5925,61.2352,105.9576,340.01,0.4858,0.6998,-0.2322,0.3104,4241,0.8865,1.3659,0.1997,72.8,0.0,0.0,0.193,13.0831,,,2.6044,1.615,2.3416,1624,2.0371,1.4096692453028234,0.0,0.5,0.1337782900687317,0.494629772837367,0.8265390771795982,0.0268692556655342,89.34,34.27,11.4282
EMFN (Proposed),3407.0,9,test,validation_crps,2.3817,3.6471,13.3014,11.5557,17.3672,0.6075,0.7794,0.6544,67.0751,101.0712,386.2,0.3925,0.6367,-0.5169,0.354,8728,0.9669,1.5073,0.1764,66.32,0.0,0.0,0.1846,14.2385,,,3.1626,1.7532,2.5787,3261,2.4267,1.717438063649776,0.0,0.5,0.1299266958755284,0.321013746923239,0.7509688213915149,0.0647097379993562,88.63,36.81,14.2333
DLinear (+Weather),3407.0,9,validation,validation_crps,1.9148,2.9766,8.8602,9.1179,14.1744,0.5011,0.7079,0.5569,57.5574,97.8249,263.63,0.4989,0.717,-0.5183,0.3131,4241,0.9354,1.3675,0.1903,72.48,18.274,428.8707,-4.9027,14.2869,0.4268,0.6312,2.523,1.4749,2.1645,1624,1.9148,1.9147650885807832,,,,,,,,,
DLinear (+Weather),3407.0,9,test,validation_crps,2.3611,3.6255,13.1443,11.2433,17.2643,0.6003,0.7748,0.6367,65.2616,98.9644,360.07,0.3997,0.6428,-0.4544,0.3456,8728,1.0251,1.5306,0.1492,70.63,12.2709,595.097,-3.0162,15.0825,0.3412,0.6052,3.065,1.7125,2.5635,3261,2.3611,2.3610857526396964,,,,,,,,,
LSTM (+Weather),3407.0,9,validation,validation_crps,1.992,3.1315,9.8064,9.4857,14.912,0.5546,0.7447,0.5794,59.8792,106.765,259.4,0.4454,0.6904,-0.7422,0.3374,4241,0.845,1.3369,0.1192,70.11,0.0,0.0,0.2819,14.8913,0.0,0.5,2.6756,1.5118,2.3025,1624,1.992,1.992005551922131,,,,,,,,,
LSTM (+Weather),3407.0,9,test,validation_crps,2.3733,3.737,13.9654,11.3015,17.7954,0.6378,0.7986,0.64,65.5994,101.8898,284.34,0.3622,0.634,-0.9199,0.3722,8728,0.9271,1.4861,0.0975,66.67,0.0,0.0,0.2819,18.0151,0.0,0.5,3.1966,1.6173,2.4671,3261,2.3733,2.3733053496977954,,,,,,,,,
GRU (+Weather),3407.0,9,validation,validation_crps,1.9592,3.1188,9.7268,9.3295,14.8513,0.5501,0.7417,0.5698,58.8931,103.0659,235.38,0.4499,0.6931,-0.7189,0.3323,4241,0.8789,1.3927,0.0681,72.92,6.1542,35.4458,-0.5334,14.0998,0.2426,0.5599,2.6287,1.4706,2.2512,1624,1.9592,1.959200758688499,,,,,,,,,
GRU (+Weather),3407.0,9,test,validation_crps,2.3331,3.7033,13.7147,11.1101,17.6349,0.6263,0.7914,0.6292,64.4887,102.678,289.94,0.3737,0.6395,-0.8314,0.3625,8728,0.9699,1.5484,0.0401,70.01,3.9184,51.0555,-0.5161,16.9331,0.1437,0.5298,3.1243,1.62,2.4603,3261,2.3331,2.333124165205994,,,,,,,,,
CNN-LSTM (+Weather),3407.0,9,validation,validation_crps,1.9671,3.1291,9.7913,9.3672,14.9005,0.5538,0.7442,0.5721,59.1309,106.5048,252.99,0.4462,0.6873,-0.4191,0.3175,4241,0.8802,1.3842,0.1127,81.45,0.1415,0.1492,-0.0484,16.0953,0.0041,0.5004,2.5637,1.6002,2.4844,1624,1.9671,1.967110914178945,,,,,,,,,
CNN-LSTM (+Weather),3407.0,9,test,validation_crps,2.3888,3.743,14.0104,11.375,17.824,0.6398,0.7999,0.6442,66.0263,105.3455,287.45,0.3602,0.6363,-0.5878,0.3481,8728,0.9731,1.5359,0.1004,80.63,0.0573,0.1268,-0.0332,17.4635,0.0014,0.5001,3.1329,1.8301,2.8012,3261,2.3888,2.388752736859198,,,,,,,,,
TCN (+Weather),3407.0,9,validation,validation_crps,1.9673,3.0245,9.1478,9.368,14.4025,0.5174,0.7193,0.5722,59.1359,102.657,290.22,0.4826,0.706,-0.5232,0.3221,4241,0.9846,1.4755,0.0671,68.84,4.4565,35.3427,-1.1486,14.2152,0.1829,0.5419,2.5899,1.5161,2.2345,1624,1.9673,1.967276878082672,,,,,,,,,
TCN (+Weather),3407.0,9,test,validation_crps,2.3241,3.6214,13.1147,11.0673,17.2449,0.5989,0.7739,0.6268,64.2401,102.07,302.45,0.4011,0.6551,-0.7824,0.3577,8728,1.0638,1.624,0.0454,66.48,7.1379,158.3167,-1.0561,16.8325,0.2138,0.5491,3.1008,1.6172,2.3806,3261,2.3241,2.3241277255389683,,,,,,,,,
Transformer (+Weather),3407.0,9,validation,validation_crps,1.9651,3.1617,9.9961,9.3579,15.0555,0.5654,0.7519,0.5716,59.0719,97.3331,230.14,0.4346,0.6873,-0.7376,0.3324,4241,0.9132,1.4277,0.122,77.12,19.0993,144.5436,-0.6614,15.5634,0.4805,0.6629,2.6408,1.5604,2.4331,1624,1.9651,1.9651486006783363,,,,,,,,,
Transformer (+Weather),3407.0,9,test,validation_crps,2.3804,3.8178,14.5753,11.3351,18.1798,0.6656,0.8159,0.6419,65.7949,105.2816,253.01,0.3344,0.6273,-1.0125,0.3727,8728,1.0219,1.6239,0.0735,73.85,11.1022,198.3511,-0.7215,16.3609,0.3215,0.595,3.2286,1.6647,2.6244,3261,2.3804,2.380379472445982,,,,,,,,,
LightGBM (24h matched),3407.0,9,validation,validation_crps,2.1672,3.0051,9.0303,10.3199,14.3098,0.5108,0.7147,0.6303,65.1449,105.754,442.93,0.4892,0.7006,0.0952,0.3071,4241,0.9689,1.4112,0.1539,66.7,0.0943,0.4258,-0.1349,15.0297,0.0021,0.5001,2.6852,1.7654,2.3522,1624,2.1672,2.167180007411981,,,,,,,,,
LightGBM (24h matched),3407.0,9,test,validation_crps,2.5385,3.5247,12.4235,12.0881,16.7842,0.5674,0.7532,0.6846,70.1657,102.4387,513.61,0.4326,0.6604,-0.0102,0.336,8728,1.035,1.5512,0.1348,60.12,0.1604,6.3518,-1.7257,16.2176,0.0014,0.4995,3.1757,1.8954,2.5351,3261,2.5385,2.538508841858899,,,,,,,,,
Quantile LightGBM (24h matched),3407.0,9,validation,validation_crps,1.9442,3.0027,9.0164,10.4496,14.2987,0.51,0.7141,0.6383,65.9635,107.1894,469.13,0.49,0.7198,-0.0933,0.3213,4241,0.8728,1.3326,0.1361,55.38,0.0,0.0,0.2927,11.1765,,,2.7663,1.7022,2.1807,1624,2.1944,1.398579003553286,0.0,0.5,0.1634667295449186,0.4779733465393081,0.8166688271540218,0.1270832350860646,93.0,40.88,11.1307
Quantile LightGBM (24h matched),3407.0,9,test,validation_crps,2.3013,3.5761,12.7888,12.3063,17.0292,0.5841,0.7642,0.6969,71.4319,103.4784,526.36,0.4159,0.6687,-0.1829,0.3554,8728,0.9404,1.4647,0.1248,49.63,0.0,0.0,0.5071,12.1899,,,3.2761,1.8288,2.3591,3261,2.5843,1.6738937528708249,0.0,0.5,0.12675166131989,0.3447661626237566,0.7762050916519634,0.0740891384051328,90.46,43.95,13.7009
Hurdle Quantile LightGBM (24h matched),3407.0,9,validation,validation_crps,1.9411,2.985,8.9102,10.3643,14.2143,0.504,0.7099,0.633,65.4251,106.8969,465.24,0.496,0.7186,-0.0526,0.3163,4241,0.8767,1.3267,0.156,57.66,0.0,0.0,0.3258,11.7051,,,2.7338,1.7126,2.2081,1624,2.1765,1.3885242089023624,0.0,0.5,0.1386263725899481,0.4856571522307991,0.820844763264598,0.0473322035571682,93.33,41.62,11.058
Hurdle Quantile LightGBM (24h matched),3407.0,9,test,validation_crps,2.2999,3.5552,12.6396,12.2571,16.9296,0.5772,0.7598,0.6941,71.1462,103.2394,528.72,0.4228,0.6675,-0.1168,0.3494,8728,0.9429,1.4599,0.1439,51.86,0.0,0.0,0.2805,12.6119,,,3.2467,1.8629,2.4074,3261,2.574,1.6679238787885349,0.0,0.5,0.1184029175468443,0.3750949697578833,0.7850066438405894,0.0144570997707847,90.59,44.88,13.6874
LightGBM (+Weather),3407.0,9,validation,validation_crps,2.146,2.9405,8.6463,10.2191,14.0022,0.489,0.6993,0.6242,64.5086,105.3739,463.93,0.511,0.7189,0.1092,0.3018,4241,0.9321,1.3735,0.2421,64.66,0.0236,0.0639,-0.0639,13.9779,0.0021,0.5005,2.6552,1.7443,2.2723,1624,2.146,2.1460101895775376,,,,,,,,,
LightGBM (+Weather),3407.0,9,test,validation_crps,2.5198,3.5138,12.3468,11.9991,16.7324,0.5639,0.7509,0.6795,69.6488,101.8948,503.49,0.4361,0.665,-0.0896,0.3381,8728,1.0306,1.5451,0.1962,58.91,0.0115,0.0567,-0.0567,14.5551,0.0014,0.5004,3.1721,1.8761,2.489,3261,2.5198,2.519808635403544,,,,,,,,,
EMFN (Proposed),3407.0,12,validation,validation_crps,2.1629,3.2576,10.6116,11.1545,15.5122,0.605,0.7778,0.6845,70.7365,110.5823,478.04,0.395,0.6291,-0.0676,0.3403,4238,0.8855,1.3468,0.173,64.9,0.0,0.0,0.3795,14.5892,,,2.945,1.8779,2.5124,1631,2.3424,1.5561129498526012,0.0,0.5,0.1422077740884611,0.4455773841367368,0.7977611435550078,0.0397906159879239,91.13,41.18,11.9751
EMFN (Proposed),3407.0,12,test,validation_crps,2.5479,3.8349,14.7064,12.9703,18.2614,0.6715,0.8194,0.7344,75.2738,105.1006,547.26,0.3285,0.5752,-0.0979,0.3662,8725,0.9787,1.514,0.1392,61.83,0.0,0.0,0.342,14.261,,,3.4292,2.0604,2.8076,3258,2.7238,1.825557123926083,0.0,0.5,0.1247548976612883,0.3358495683168387,0.7436459815913609,0.0395887480526735,91.32,46.07,14.1886
DLinear (+Weather),3407.0,12,validation,validation_crps,2.098,3.3108,10.9611,9.9907,15.7655,0.6249,0.7905,0.6131,63.3561,101.6243,243.18,0.3751,0.6507,-0.9196,0.37,4238,0.9181,1.3429,0.2145,64.53,21.1892,442.4372,-2.2502,12.6152,0.4497,0.6442,2.8524,1.5007,2.1901,1631,2.098,2.0980443858309923,,,,,,,,,
DLinear (+Weather),3407.0,12,test,validation_crps,2.5456,3.991,15.9278,12.1221,19.0046,0.7272,0.8528,0.6863,70.3512,104.3239,345.87,0.2728,0.5623,-0.9304,0.4036,8725,1.0239,1.534,0.1356,62.47,13.341,534.9109,-2.6242,13.3656,0.3127,0.59,3.4147,1.6915,2.5415,3258,2.5456,2.5456441451491183,,,,,,,,,
LSTM (+Weather),3407.0,12,validation,validation_crps,2.1761,3.3265,11.0657,10.3625,15.8405,0.6308,0.7943,0.6359,65.7142,109.3614,317.25,0.3692,0.6289,-0.63,0.3584,4238,0.8352,1.3156,0.2074,68.99,0.0,0.0,0.1589,15.0149,0.0,0.5,2.8777,1.6135,2.3887,1631,2.1761,2.176130813219576,,,,,,,,,
LSTM (+Weather),3407.0,12,test,validation_crps,2.6164,4.0183,16.1467,12.4592,19.1347,0.7372,0.8586,0.7054,72.3075,104.6384,371.53,0.2628,0.5566,-0.6357,0.385,8725,0.9353,1.4803,0.1539,72.58,0.0,0.0,0.1942,18.1838,0.0,0.5,3.4295,1.8912,2.8759,3258,2.6164,2.616434654986948,,,,,,,,,
GRU (+Weather),3407.0,12,validation,validation_crps,2.0811,3.2904,10.8267,9.9102,15.6685,0.6172,0.7856,0.6081,62.8457,108.4511,247.5,0.3828,0.6584,-0.9287,0.3713,4238,0.8448,1.3384,0.1074,61.91,2.2888,9.925,-0.3874,13.0967,0.1002,0.5209,2.8336,1.4657,2.1986,1631,2.0811,2.08114156380566,,,,,,,,,
GRU (+Weather),3407.0,12,test,validation_crps,2.5386,3.956,15.6502,12.0887,18.8382,0.7145,0.8453,0.6845,70.1571,106.8705,323.04,0.2855,0.5815,-1.0733,0.4115,8725,0.9462,1.5063,0.0555,57.32,2.6705,31.4524,-0.5056,14.4661,0.0989,0.5184,3.4416,1.667,2.4014,3258,2.5386,2.538620846409251,,,,,,,,,
CNN-LSTM (+Weather),3407.0,12,validation,validation_crps,2.211,3.543,12.5527,10.5288,16.8713,0.7156,0.8459,0.6461,66.7685,109.7231,252.87,0.2844,0.5866,-0.8727,0.3852,4238,0.8517,1.3599,0.1009,71.39,4.6012,13.4546,-0.1835,13.6422,0.2042,0.5496,2.982,1.6816,2.606,1631,2.211,2.211045246694732,,,,,,,,,
CNN-LSTM (+Weather),3407.0,12,test,validation_crps,2.597,4.1688,17.379,12.3668,19.8515,0.7935,0.8908,0.7002,71.7713,110.2402,267.95,0.2065,0.5413,-1.3032,0.4304,8725,0.9513,1.529,0.0515,63.61,3.0258,18.195,-0.1942,15.2734,0.1385,0.531,3.5721,1.7174,2.6465,3258,2.597,2.5970322603563574,,,,,,,,,
TCN (+Weather),3407.0,12,validation,validation_crps,2.1129,3.3865,11.4684,10.0613,16.1262,0.6538,0.8086,0.6174,63.804,101.6779,303.6,0.3462,0.6278,-0.3776,0.3428,4238,0.9891,1.5119,0.132,82.75,14.2992,122.544,-0.8443,21.4193,0.3768,0.6062,2.7355,1.7243,2.7468,1631,2.1129,2.1128746758235075,,,,,,,,,
TCN (+Weather),3407.0,12,test,validation_crps,2.5906,3.9461,15.5721,12.3363,18.7912,0.711,0.8432,0.6985,71.5939,107.79,362.71,0.289,0.5803,-0.5739,0.3722,8725,1.1285,1.725,0.0733,76.1,9.6963,220.7374,-1.0331,20.2135,0.2236,0.5485,3.3817,1.9691,2.9233,3258,2.5906,2.5906139939123727,,,,,,,,,
Transformer (+Weather),3407.0,12,validation,validation_crps,2.2018,3.5511,12.6104,10.4849,16.91,0.7189,0.8479,0.6434,66.4905,112.3963,254.51,0.2811,0.5946,-0.9316,0.3832,4238,0.911,1.4507,0.1125,74.6,3.6102,6.3232,-0.1873,17.364,0.1526,0.5338,2.9852,1.7007,2.6812,1631,2.2018,2.2018377959675157,,,,,,,,,
Transformer (+Weather),3407.0,12,test,validation_crps,2.6017,4.0595,16.4795,12.3892,19.3309,0.7524,0.8674,0.7015,71.901,110.2185,330.47,0.2476,0.56,-0.9523,0.3979,8725,1.0481,1.6825,0.0399,71.7,1.0659,48.5109,-2.9374,18.7596,0.0171,0.4991,3.4902,1.8339,2.7707,3258,2.6017,2.601725022248952,,,,,,,,,
LightGBM (24h matched),3407.0,12,validation,validation_crps,2.3116,3.1772,10.0946,11.0076,15.1295,0.5755,0.7586,0.6755,69.8051,108.1695,485.05,0.4245,0.652,0.0577,0.3302,4238,0.9837,1.4158,0.1667,63.08,0.1888,0.5958,-0.1331,13.3603,0.0103,0.5021,2.8751,1.8391,2.4232,1631,2.3116,2.311603139118167,,,,,,,,,
LightGBM (24h matched),3407.0,12,test,validation_crps,2.7746,3.7912,14.3733,13.2125,18.0534,0.6563,0.8101,0.7481,76.6794,105.4339,593.71,0.3437,0.5868,0.0355,0.3636,8725,1.0646,1.5722,0.1386,56.5,0.0917,3.0894,-0.8022,15.0801,0.0,0.4995,3.4594,2.0493,2.6983,3258,2.7746,2.7746308555484784,,,,,,,,,
Quantile LightGBM (24h matched),3407.0,12,validation,validation_crps,2.1096,3.1998,10.2386,11.2818,15.237,0.5837,0.764,0.6923,71.544,109.6807,525.91,0.4163,0.6624,-0.0724,0.3468,4238,0.8813,1.3343,0.1553,51.35,0.0,0.0,0.5151,10.5109,,,2.9796,1.8066,2.2756,1631,2.3692,1.5171541104947357,0.0,0.5,0.1681139452571968,0.4314919523296538,0.7847325842111498,0.1229377064653138,93.35,42.84,11.8098
Quantile LightGBM (24h matched),3407.0,12,test,validation_crps,2.5135,3.8124,14.5347,13.3512,18.1545,0.6636,0.8146,0.7559,77.484,106.5448,607.16,0.3364,0.5979,-0.1278,0.381,8725,0.9564,1.4718,0.1305,45.54,0.0,0.0,0.6343,11.5635,,,3.5366,1.9768,2.4941,3258,2.8037,1.8178031654842208,0.0,0.5,0.129656458452722,0.306364424427011,0.7375684713097358,0.0686349570200573,90.02,46.27,14.662
Hurdle Quantile LightGBM (24h matched),3407.0,12,validation,validation_crps,2.109,3.1958,10.2132,11.2326,15.2181,0.5822,0.763,0.6893,71.2318,109.5573,519.04,0.4178,0.6584,-0.0436,0.3437,4238,0.8854,1.3286,0.1696,53.33,0.0,0.0,0.3526,10.5675,,,2.9595,1.8231,2.3093,1631,2.3588,1.5132982391458891,0.0,0.5,0.1436083436175323,0.4686417249626214,0.8007520647326922,0.046338544129159,93.25,43.85,11.8816
Hurdle Quantile LightGBM (24h matched),3407.0,12,test,validation_crps,2.5209,3.7992,14.4335,13.3224,18.0912,0.659,0.8118,0.7543,77.3171,106.4018,608.39,0.341,0.5985,-0.0878,0.3772,8725,0.9561,1.4647,0.1464,46.85,0.0,0.0,0.4566,11.9106,,,3.5191,2.0007,2.5273,3258,2.7977,1.812986147510712,0.0,0.5,0.1227200866948024,0.3396382472920047,0.7529933109628844,0.0127634429010877,90.09,47.32,14.6057
LightGBM (+Weather),3407.0,12,validation,validation_crps,2.3437,3.1857,10.1484,11.1606,15.1698,0.5785,0.7606,0.6849,70.775,108.3759,525.96,0.4215,0.6507,0.1336,0.3301,4238,0.9617,1.3845,0.2386,61.94,0.2832,0.6501,-0.1529,13.2211,0.0123,0.5022,2.8963,1.9134,2.453,1631,2.3437,2.3437218408252845,,,,,,,,,
LightGBM (+Weather),3407.0,12,test,validation_crps,2.7874,3.7983,14.4272,13.2735,18.0872,0.6587,0.8116,0.7515,77.0332,105.798,600.16,0.3413,0.5855,-0.0025,0.3671,8725,1.0686,1.5729,0.1824,54.7,0.0,0.0,0.0041,14.3054,0.0,0.5,3.4849,2.0851,2.724,3258,2.7874,2.787433232094715,,,,,,,,,
EMFN (Proposed),3407.0,24,validation,validation_crps,2.5532,3.7483,14.0497,13.3058,17.849,0.8142,0.9023,0.8257,85.0899,116.316,635.09,0.1858,0.4332,-0.0948,0.4149,4226,0.8237,1.2749,0.2459,47.03,0.0,0.0,1.022,10.3791,,,3.5165,2.1179,2.6489,1642,2.7942,1.840193841783753,0.0,0.5,0.1595607252165656,0.3396925428036146,0.7003353849189873,0.0291103565235923,92.33,47.68,13.9077
EMFN (Proposed),3407.0,24,test,validation_crps,3.0998,4.394,19.307,15.8256,20.9237,0.8809,0.9385,0.8958,91.8571,113.0455,770.99,0.1191,0.3626,0.0108,0.4321,8713,0.9134,1.4175,0.1981,47.38,0.0,0.0,0.8448,10.4669,,,4.1515,2.49,3.1343,3253,3.3234,2.178582320841536,0.0,0.5,0.1357337414158345,0.2395419850969574,0.6501489424479914,0.0484544847536399,91.59,52.94,15.6624
DLinear (+Weather),3407.0,24,validation,validation_crps,2.5711,3.8934,15.1589,12.2432,18.5402,0.8785,0.9373,0.7598,78.2944,113.7642,345.37,0.1215,0.455,-1.1947,0.4885,4226,0.8596,1.256,0.3128,40.24,11.3819,243.4104,-2.3897,8.2311,0.2732,0.5592,3.5125,1.585,2.1907,1642,2.5711,2.571071932776873,,,,,,,,,
DLinear (+Weather),3407.0,24,test,validation_crps,3.0882,4.5603,20.7964,14.7059,21.7157,0.9488,0.9741,0.8324,85.3584,115.5484,507.39,0.0512,0.3433,-1.2029,0.5133,8713,0.9454,1.4183,0.229,36.85,6.6912,269.5516,-1.9235,8.6639,0.1434,0.5204,4.161,1.8195,2.4245,3253,3.0882,3.08824617624282,,,,,,,,,
LSTM (+Weather),3407.0,24,validation,validation_crps,2.6785,4.2196,17.8052,12.7549,20.0934,1.0318,1.0158,0.7915,81.5668,121.6322,301.39,-0.0318,0.3323,-1.4105,0.5221,4226,0.8281,1.3257,0.0647,49.66,0.0,0.0,0.2564,10.3418,0.0,0.5,3.7008,1.7643,2.6885,1642,2.6785,2.678531514373365,,,,,,,,,
LSTM (+Weather),3407.0,24,test,validation_crps,3.0751,4.7667,22.7214,14.6432,22.6986,1.0367,1.0182,0.8289,84.9941,117.5525,386.04,-0.0367,0.3197,-1.571,0.5318,8713,0.8986,1.4469,0.0765,48.17,0.0,0.0,0.2722,12.613,0.0,0.5,4.2366,1.8648,2.7125,3253,3.0751,3.075065158681145,,,,,,,,,
GRU (+Weather),3407.0,24,validation,validation_crps,2.604,3.9959,15.9671,12.4001,19.028,0.9253,0.9619,0.7695,79.2981,118.7622,361.41,0.0747,0.4067,-1.2488,0.5001,4226,0.8181,1.2959,0.1688,42.53,0.6626,4.1936,-0.5758,9.8767,0.0265,0.5045,3.5672,1.6611,2.4223,1642,2.604,2.604030812714322,,,,,,,,,
GRU (+Weather),3407.0,24,test,validation_crps,3.0245,4.5622,20.8138,14.4023,21.7248,0.9496,0.9745,0.8152,83.5959,114.6596,443.22,0.0504,0.3642,-1.3224,0.5114,8713,0.8924,1.4249,0.1419,41.4,0.7804,11.6029,-0.4738,11.9278,0.0147,0.4999,4.1112,1.7863,2.4981,3253,3.0245,3.0244781221049566,,,,,,,,,
CNN-LSTM (+Weather),3407.0,24,validation,validation_crps,2.696,4.1544,17.2592,12.8382,19.783,1.0002,1.0001,0.7967,82.0996,122.286,304.78,-0.0002,0.3785,-1.5732,0.5468,4226,0.8289,1.326,0.0247,37.12,0.0,0.0,0.0541,8.4468,0.0,0.5,3.7633,1.6888,2.4825,1642,2.696,2.6960288098875784,,,,,,,,,
CNN-LSTM (+Weather),3407.0,24,test,validation_crps,3.098,4.7175,22.2545,14.7523,22.4641,1.0153,1.0076,0.835,85.6273,117.4476,428.51,-0.0153,0.3173,-1.4745,0.5293,8713,0.8977,1.4483,0.0451,44.72,0.0,0.0,0.0633,11.4381,0.0,0.5,4.2411,1.9296,2.7079,3253,3.098,3.097974060986498,,,,,,,,,
TCN (+Weather),3407.0,24,validation,validation_crps,2.5813,4.0701,16.5655,12.292,19.3813,0.96,0.9798,0.7628,78.6066,120.0503,266.32,0.04,0.4206,-1.5357,0.5209,4226,0.8902,1.3377,0.1553,43.63,4.9219,33.1167,-1.3124,11.0995,0.148,0.5264,3.6106,1.6133,2.4342,1642,2.5813,2.5813224766840515,,,,,,,,,
TCN (+Weather),3407.0,24,test,validation_crps,3.0086,4.603,21.1879,14.3267,21.9192,0.9667,0.9832,0.811,83.1573,119.8743,389.73,0.0333,0.3814,-1.4147,0.4992,8713,0.9704,1.4846,0.1461,52.57,8.0454,253.6407,-3.5863,18.8108,0.1175,0.5043,4.1144,1.8837,2.719,3253,3.0086,3.008610292930431,,,,,,,,,
Transformer (+Weather),3407.0,24,validation,validation_crps,2.6106,4.1092,16.8855,12.4317,19.5676,0.9785,0.9892,0.7715,79.4996,121.9016,285.38,0.0215,0.392,-1.4137,0.5041,4226,0.8914,1.3988,0.0955,51.99,0.1893,0.7929,-0.4243,13.4607,0.0062,0.5008,3.6167,1.732,2.6179,1642,2.6106,2.6106471288884108,,,,,,,,,
Transformer (+Weather),3407.0,24,test,validation_crps,3.1064,4.8002,23.0418,14.7922,22.858,1.0513,1.0253,0.8373,85.8592,118.5517,382.63,-0.0513,0.3157,-1.5061,0.5224,8713,0.9991,1.5777,0.088,53.36,1.0674,90.1536,-4.302,15.0294,0.0066,0.4957,4.2595,1.9491,2.8806,3253,3.1064,3.1063663760487747,,,,,,,,,
LightGBM (24h matched),3407.0,24,validation,validation_crps,2.8689,3.7094,13.7598,13.6613,17.6639,0.7974,0.893,0.8478,87.3631,115.0786,736.65,0.2026,0.4538,0.1029,0.409,4226,0.8853,1.3053,0.239,40.15,0.0,0.0,0.685,9.8978,0.0,0.5,3.5604,2.1752,2.6329,1642,2.8689,2.8688757409781704,,,,,,,,,
LightGBM (24h matched),3407.0,24,test,validation_crps,3.3772,4.3946,19.3125,16.0818,20.9267,0.8811,0.9387,0.9103,93.3446,113.4531,820.07,0.1189,0.3461,0.0135,0.4416,8713,0.9566,1.4564,0.1802,37.56,0.0,0.0,0.7628,11.2386,0.0,0.5,4.2181,2.3455,2.8534,3253,3.3772,3.377186179986735,,,,,,,,,
Quantile LightGBM (24h matched),3407.0,24,validation,validation_crps,2.5394,3.7084,13.7525,13.7977,17.6592,0.797,0.8927,0.8562,88.2351,115.4657,747.78,0.203,0.4761,0.062,0.4167,4226,0.8176,1.2525,0.3016,32.3,0.0,0.0,0.9597,7.9423,,,3.6064,2.1488,2.5393,1642,2.8975,1.816902172702276,0.0,0.5,0.1813493847610033,0.3366360670087513,0.6859734844407539,0.1278868906767629,93.85,53.22,13.3992
Quantile LightGBM (24h matched),3407.0,24,test,validation_crps,3.0006,4.3667,19.0682,16.0353,20.7939,0.87,0.9327,0.9077,93.0742,113.6049,816.8,0.13,0.3697,-0.0567,0.4489,8713,0.8813,1.3969,0.2296,28.92,0.0,0.0,1.0017,8.5841,,,4.2234,2.304,2.7312,3253,3.3674,2.1627912282492536,0.0,0.5,0.139753816136807,0.2090696567074108,0.5953928887559568,0.07465855618042,90.66,54.3,16.8024
Hurdle Quantile LightGBM (24h matched),3407.0,24,validation,validation_crps,2.5101,3.7087,13.7543,13.804,17.6604,0.7971,0.8928,0.8566,88.2759,115.6377,742.36,0.2029,0.4739,0.0704,0.416,4226,0.827,1.2582,0.2877,32.76,0.0,0.0,0.6045,7.7394,,,3.606,2.1575,2.5457,1642,2.8988,1.818217754138315,0.0,0.5,0.1602206496486256,0.3640134469001996,0.7128909353487823,0.0458683769616938,94.06,53.56,13.3011
Hurdle Quantile LightGBM (24h matched),3407.0,24,test,validation_crps,3.017,4.3817,19.1997,16.1124,20.8654,0.876,0.9359,0.912,93.5223,113.8103,822.16,0.124,0.3582,-0.0318,0.4491,8713,0.8928,1.4051,0.2106,29.32,0.0,0.0,0.8231,8.4287,,,4.2375,2.334,2.7661,3253,3.3836,2.175791552949996,0.0,0.5,0.1329496986596302,0.2421157278693474,0.65168114325286,0.0213298859051707,90.76,55.08,16.4622
LightGBM (+Weather),3407.0,24,validation,validation_crps,2.9051,3.7771,14.2665,13.834,17.9862,0.8268,0.9093,0.8585,88.4672,114.8681,743.0,0.1732,0.42,0.2073,0.4085,4226,0.9011,1.3147,0.2626,44.52,0.0,0.0,0.7191,10.6858,0.0,0.5,3.5796,2.2755,2.8135,1642,2.9051,2.905130644942912,,,,,,,,,
LightGBM (+Weather),3407.0,24,test,validation_crps,3.3974,4.4269,19.5973,16.1779,21.0804,0.8941,0.9456,0.9157,93.902,114.0128,820.73,0.1059,0.3312,0.0114,0.4433,8713,0.9887,1.4861,0.1735,39.27,0.0,0.0,0.62,10.745,0.0,0.5,4.2438,2.4828,3.0186,3253,3.3974,3.397351931939851,,,,,,,,,
