model,horizon_hours,seed,split,stratification,stratum,count,zero_prevalence,mae,rmse,crps,zero_brier,covered_90,width_90,interval_score_90
ARIMA,1,,validation,all,all,4249,0.22452341727465286,0.7782949271884164,1.325837107768434,0.626200000681678,0.11069242763948017,0.931513297246411,4.070443149915582,5.29498070018204
ARIMA,1,,validation,season,autumn,2153,0.2633534602879703,0.7448293926250975,1.324578395230424,0.6099164537097893,0.12443504505405811,0.9307942405945193,3.919831171920817,5.212553502895262
ARIMA,1,,validation,season,summer,1409,0.25691980127750175,0.6372650475200204,1.1246315308463535,0.5264420542311534,0.12308525701738644,0.9659332860184529,3.9483952191437672,4.454580272263361
ARIMA,1,,validation,season,winter,687,0.036390101892285295,1.172417774885062,1.6671874313026898,0.8818294376238398,0.04220719927404169,0.8631732168850073,4.792762106364225,7.276916593480219
ARIMA,1,,validation,target_transition,positive_to_positive,3081,0.0,1.041174953990855,1.500615355034193,0.7821865595472978,0.054545476042194854,0.9058747160012983,4.577750975160758,6.256749298880398
ARIMA,1,,validation,target_transition,positive_to_zero,215,1.0,0.1894492826281499,0.7920891046709707,0.25691172499363796,0.2997317275008942,1.0,2.8870985612092688,2.8870985612092688
ARIMA,1,,validation,target_transition,zero_to_positive,214,0.0,0.2666439489564716,0.6140463201917421,0.25412391332904405,0.2509164021048008,0.9953271028037384,2.6972487949556982,2.8377451300116174
ARIMA,1,,validation,target_transition,zero_to_zero,739,1.0,0.001788513580540929,0.6534585752015873,0.19105341624516603,0.2491733178498368,1.0,2.697327140379569,2.697327140379569
ARIMA,1,,validation,issue_wind,12_or_more,23,0.0,1.5301049015197474,2.1594124615859736,1.174187800956977,0.02189404103071203,0.8260869565217391,4.915599983109673,10.701838608762117
ARIMA,1,,validation,issue_wind,3_to_6,1969,0.05027932960893855,0.9801578468369891,1.4177986010347252,0.7376748379070482,0.0625827009008806,0.9222955815134586,4.509849607913103,5.819656235650912
ARIMA,1,,validation,issue_wind,6_to_12,672,0.0,1.4545513339825855,1.929655512825138,1.077220919552747,0.0060144563993468365,0.8125,5.277499343995425,8.779238387695258
ARIMA,1,,validation,issue_wind,below_3,1585,0.5394321766561514,0.22990122147021982,0.754209455367716,0.288544649650483,0.21612713521908516,0.9949526813880126,3.0005556512517106,3.0874948785767176
ARIMA,1,,test,all,all,8736,0.16323260073260074,0.8369244274786629,1.4260513094648315,0.6688572807164103,0.10165458971414429,0.9271978021978022,4.121259092816076,5.830684583877822
ARIMA,1,,test,season,autumn,2184,0.19688644688644688,0.6642048504377399,1.1714452281959538,0.5489866956226943,0.11609376729373652,0.961996336996337,3.9425237365483023,4.71178484086005
ARIMA,1,,test,season,spring,2208,0.15760869565217392,0.9978676621430261,1.691256639082236,0.7873408002015057,0.0999791103338576,0.8926630434782609,4.147719724464527,7.112398642979093
ARIMA,1,,test,season,summer,2208,0.223731884057971,0.6332885354879743,1.143186188963044,0.5313815880663748,0.12762502010702692,0.9601449275362319,3.8227163762163774,4.598072901073805
ARIMA,1,,test,season,winter,2136,0.07209737827715355,1.057657078992662,1.6144575568502275,0.8110539456007099,0.06177705428828231,0.8932584269662921,4.585264365129356,6.9239706287684974
ARIMA,1,,test,target_transition,positive_to_positive,6917,0.0,1.0284851644656583,1.5645645423033139,0.7869406285325171,0.059011775865422375,0.9083417666618476,4.482593399864088,6.638083972895502
ARIMA,1,,test,target_transition,positive_to_zero,393,1.0,0.24565997474182263,0.8356350892315224,0.2780926173725894,0.3141827239071491,0.9974554707379135,2.9391253955311067,2.9668433345834533
ARIMA,1,,test,target_transition,zero_to_positive,393,0.0,0.2494878577368025,0.5506261192477525,0.23801287092956874,0.25272705457683475,0.9974554707379135,2.6900225484248703,2.7234058721133256
ARIMA,1,,test,target_transition,zero_to_zero,1033,1.0,0.0026590684225952475,0.6528529449177719,0.19074484015139628,0.2488620514399152,1.0,2.695997818012235,2.695997818012235
ARIMA,1,,test,issue_wind,12_or_more,38,0.0,2.564051264781744,3.870584971272219,2.0513212136531846,0.017808809715210074,0.6578947368421053,5.146522430976323,25.08511525023658
ARIMA,1,,test,issue_wind,3_to_6,3668,0.03271537622682661,0.9254338944695446,1.397354645031285,0.7116968169115124,0.06354462134647236,0.9312977099236641,4.443097204236478,5.775402158126295
ARIMA,1,,test,issue_wind,6_to_12,1655,0.0012084592145015106,1.6075857286357893,2.157245816398114,1.1939271294216118,0.008515940256562556,0.795166163141994,5.241423888821199,10.47315885096215
ARIMA,1,,test,issue_wind,below_3,3375,0.38637037037037036,0.34337539098825826,0.8313138936782268,0.34925442210238367,0.1896895433333674,0.9905185185185185,3.210641333726118,3.3974438906364623
ARIMA,3,,validation,all,all,4247,0.22510007063809748,1.633246614485806,2.5945111366304814,1.235058672235828,0.13319126851330243,0.9324228867435838,7.231909390130985,9.661027117178739
ARIMA,3,,validation,season,autumn,2155,0.2640371229698376,1.548198201269554,2.576137242960801,1.1891105234591328,0.1483920360191778,0.931322505800464,6.931281714404673,9.580054425112106
ARIMA,3,,validation,season,summer,1407,0.2572850035536603,1.2359481203585996,2.133484402302628,0.9909909483223953,0.14446205323026992,0.9616204690831557,7.069679257356602,8.100407321394204
ARIMA,3,,validation,season,winter,685,0.0364963503649635,2.716864587796757,3.3922815710695087,1.8809295454620745,0.0622195195031788,0.8759124087591241,8.510902730282462,13.12130186764945
ARIMA,3,,validation,target_transition,positive_to_positive,3077,0.0,2.1636612246275604,2.923021535304816,1.535720858540555,0.08085099067608281,0.9073773155671109,7.981710361994296,11.295424857575838
ARIMA,3,,validation,target_transition,positive_to_zero,215,1.0,0.5122630576993916,1.7848905440673448,0.5851538751399216,0.31928499141562483,0.9953488372093023,5.545726171261112,6.054491369183885
ARIMA,3,,validation,target_transition,zero_to_positive,214,0.0,0.3426417598445557,1.1906051984857788,0.4420087391339833,0.23265680873912384,1.0,5.227672454951202,5.227672454951202
ARIMA,3,,validation,target_transition,zero_to_zero,741,1.0,0.12867866333348132,1.3297512783337762,0.4041607907240465,0.2678137501230185,0.9986504723346828,5.186428291294393,5.20097480453868
ARIMA,3,,validation,issue_wind,12_or_more,23,0.0,2.8104767196059237,3.4423729812723662,1.9872911533575504,0.04362664540781425,0.8695652173913043,8.670285021709423,14.736199056945495
ARIMA,3,,validation,issue_wind,3_to_6,1967,0.08286731062531774,2.0160457928841984,2.7132648884750967,1.4266950990701803,0.09282396122107982,0.9267920691408236,7.875339402222074,10.1914690325131
ARIMA,3,,validation,issue_wind,6_to_12,672,0.0,3.197129700821909,3.9513650297488048,2.278253981775311,0.011688496221448994,0.8110119047619048,9.618059123414232,17.34396929519044
ARIMA,3,,validation,issue_wind,below_3,1585,0.5003154574132492,0.4780594155298046,1.452351567600248,0.5440318920090125,0.2361012639425476,0.9917981072555205,5.4008670594837795,5.671724059954017
ARIMA,3,,test,all,all,8734,0.1632699793908862,1.7853440318865699,2.81344869961968,1.3362049258021544,0.12760768452499416,0.9169910693840165,7.212504900575171,10.919202223069853
ARIMA,3,,test,season,autumn,2184,0.19688644688644688,1.3587034497398165,2.279635316946028,1.0486577899829979,0.14365881218813092,0.9574175824175825,6.8390611395029515,8.651175820867941
ARIMA,3,,test,season,spring,2208,0.15760869565217392,2.147140809549826,3.3072287278542714,1.5960755710839991,0.128874198909399,0.8759057971014492,7.27482056842125,13.56377030040142
ARIMA,3,,test,season,summer,2208,0.223731884057971,1.2865851233876509,2.1965289985637617,1.0064216301362587,0.15553923920917373,0.9578804347826086,6.656874673911767,8.16370106316355
ARIMA,3,,test,season,winter,2134,0.07216494845360824,2.3636923994093686,3.2815867297294785,1.7028263300556792,0.08096991539672574,0.8758200562324273,8.105119577262327,13.355148759496274
ARIMA,3,,test,target_transition,positive_to_positive,6915,0.0,2.1778243771236574,3.0768123545085397,1.5660219830440234,0.08819171970759467,0.8957339117859725,7.710182302925233,12.382325944226258
ARIMA,3,,test,target_transition,positive_to_zero,393,1.0,0.5986146223478485,1.7688079258806932,0.610155648139256,0.33492394202437725,0.989821882951654,5.648981034306222,5.817991556117795
ARIMA,3,,test,target_transition,zero_to_positive,393,0.0,0.3166953158103804,1.1797436453579646,0.4348477834943372,0.23068274496297245,1.0,5.2464530850892315,5.2464530850892315
ARIMA,3,,test,target_transition,zero_to_zero,1033,1.0,0.16826950725171902,1.3542910363811045,0.41692687374113485,0.2733749727756568,1.0,5.2238156514744905,5.2238156514744905
ARIMA,3,,test,issue_wind,12_or_more,38,0.0,4.865867980693749,6.303637459625487,3.7487697920901524,0.020918357526210796,0.631578947368421,9.196937986428303,42.812402998074866
ARIMA,3,,test,issue_wind,3_to_6,3668,0.059432933478735,1.9835618702045226,2.7542548103954627,1.4154291419746339,0.0985265204748792,0.9247546346782988,7.618063564888041,10.540637577651557
ARIMA,3,,test,issue_wind,6_to_12,1653,0.0012099213551119178,3.5138015640913727,4.3839280778283705,2.5338972753206774,0.014390221802735284,0.7604355716878403,9.49292404554057,20.94912813907112
ARIMA,3,,test,issue_wind,below_3,3375,0.35733333333333334,0.6886734417415435,1.5424931752881015,0.6363360832558678,0.21586616453734073,0.9884444444444445,5.632495868104111,6.059103245527339
ARIMA,6,,validation,all,all,4244,0.22525918944392084,2.205245583658524,3.126210377392904,1.5510200122375446,0.13956005515690878,0.9257775683317625,8.494750648384992,11.885556200796442
ARIMA,6,,validation,season,autumn,2158,0.26367006487488415,2.1544539865098686,3.107623358268325,1.5167223825780183,0.159136388816035,0.9304911955514366,8.244272796959557,11.596884151793938
ARIMA,6,,validation,season,summer,1404,0.25783475783475784,1.7583046739145236,2.4702288378272175,1.218189180738622,0.15363433413921637,0.9686609686609686,8.368580349078794,9.224439608268703
ARIMA,6,,validation,season,winter,682,0.036656891495601175,3.286056879739718,4.206835354333983,2.3447278894072596,0.04864214353292911,0.8225806451612904,9.547059011437774,18.277289305864397
ARIMA,6,,validation,target_transition,positive_to_positive,3073,0.0,2.5071598484372406,3.408528166817281,1.7972761038879896,0.047933649516070154,0.8987959648551904,9.054672598277106,13.718673798625938
ARIMA,6,,validation,target_transition,positive_to_zero,215,1.0,1.5720287756610871,2.3726260155364045,0.9834262202883819,0.4578496257633211,0.9953488372093023,7.142189317091214,7.1918160613704165
ARIMA,6,,validation,target_transition,zero_to_positive,215,0.0,1.2975469952554313,2.1148912510848463,0.8895952139698577,0.11225606093375749,0.9953488372093023,7.093588099100094,7.229727161331875
ARIMA,6,,validation,target_transition,zero_to_zero,741,1.0,1.4002715952119886,2.205121282396149,0.8863695766839753,0.43511477258186976,0.9973009446693657,6.971687871469952,6.996199919192436
ARIMA,6,,validation,issue_wind,12_or_more,23,0.0,2.189727372941741,2.6260453486346247,1.5543219230414889,0.029452778499026607,0.9565217391304348,9.509116108403497,9.579947671094436
ARIMA,6,,validation,issue_wind,3_to_6,1966,0.10528992878942015,2.3986669932730287,3.209921415809268,1.6901842872842134,0.08958008513781404,0.9175991861648016,8.92123254569339,12.38953962942295
ARIMA,6,,validation,issue_wind,6_to_12,670,0.005970149253731343,3.576030569778448,4.45837923649739,2.5643971280292144,0.011031585150015382,0.8029850746268656,10.628811656992406,20.169072590916624
ARIMA,6,,validation,issue_wind,below_3,1585,0.47003154574132494,1.3861064586389782,2.2104222841031675,0.9499881029185162,0.25748255567759665,0.9873817034700315,7.0489369629239835,7.792333231788808
ARIMA,6,,test,all,all,8731,0.16332607948688582,2.460760265508608,3.5682760625268677,1.7709846411926022,0.1218433948999256,0.8947428702325049,8.490564560601559,14.557559403709444
ARIMA,6,,test,season,autumn,2184,0.19688644688644688,1.9638629416221285,2.8890252037318263,1.3987439690850472,0.13997461241934606,0.945054945054945,8.133708986782207,10.927864397509554
ARIMA,6,,test,season,spring,2208,0.15760869565217392,2.9591561499210415,4.191702563252812,2.1486295072563415,0.12423593830044025,0.8496376811594203,8.549778366126896,18.540865586569858
ARIMA,6,,test,season,summer,2208,0.223731884057971,1.7246843374880039,2.5468125949978972,1.2228178145775888,0.15317154031037827,0.9682971014492754,8.001785992357789,9.45812388692868
ARIMA,6,,test,season,winter,2131,0.07226654152979822,3.216284100166006,4.322877282682486,2.3291667701368133,0.0683221091387664,0.8137024870952605,9.301381815084785,19.433987119728545
ARIMA,6,,test,target_transition,positive_to_positive,6912,0.0,2.6938663125413203,3.811344069694304,1.971683953558544,0.05313086920943072,0.8697916666666666,8.837497690433041,16.365377703244015
ARIMA,6,,test,target_transition,positive_to_zero,393,1.0,1.8760143054603784,2.780284584722562,1.1866661982646225,0.49095354208573944,0.9770992366412213,7.384999490216225,8.658133367981034
ARIMA,6,,test,target_transition,zero_to_positive,393,0.0,1.4535588782349032,2.2846418425996458,0.9779746128710721,0.10487106839849383,0.9923664122137404,7.248443197312257,7.471121388476043
ARIMA,6,,test,target_transition,zero_to_zero,1033,1.0,1.5066521439281786,2.3434550463897694,0.9520654176956692,0.44764282766249897,0.9932236205227493,7.062335107589857,7.401513407238046
ARIMA,6,,test,issue_wind,12_or_more,38,0.0,6.218116663326643,7.519763511452174,4.7888962024360495,0.011526229668620635,0.6052631578947368,10.56771579678084,52.68818169886808
ARIMA,6,,test,issue_wind,3_to_6,3668,0.08724100327153762,2.513147431830795,3.4735235670066733,1.793139113052746,0.08972428477561811,0.9059432933478735,8.700002728171926,13.9402940302318
ARIMA,6,,test,issue_wind,6_to_12,1650,0.011515151515151515,4.196782308249134,5.251638652374021,3.097315807579168,0.01815609960476867,0.7066666666666667,10.613622615785848,27.10350805836175
ARIMA,6,,test,issue_wind,below_3,3375,0.32207407407407407,1.5127981796689833,2.3886904651532475,1.064498814037612,0.20868457577452063,0.9777777777777777,7.201617379363925,8.665515096309052
ARIMA,9,,validation,all,all,4241,0.22612591369959914,2.4507809329255847,3.3284330273910916,1.680228545278517,0.14604022042859902,0.939636878094789,9.486458048679625,12.261618231832067
ARIMA,9,,validation,season,autumn,2159,0.26401111625752666,2.3445464102580265,3.2344157466166914,1.6027385893673285,0.16573396142431124,0.9481241315423807,9.245407633635693,11.760409013278762
ARIMA,9,,validation,season,summer,1401,0.2583868665239115,2.217863962359427,2.9501978671945275,1.4864535727758506,0.16232448797842414,0.9678800856531049,9.357536352737085,10.36322397224239
ARIMA,9,,validation,season,winter,681,0.039647577092511016,3.2667530477603073,4.233229456071279,2.324545066994364,0.05010329583675232,0.8546255506607929,10.515895849113317,17.75612786552035
ARIMA,9,,validation,target_transition,positive_to_positive,3067,0.0,2.674284769767593,3.549628352306784,1.8882490730536552,0.046320637798327,0.9168568633844147,9.995005882658447,13.824068522609645
ARIMA,9,,validation,target_transition,positive_to_zero,216,1.0,2.020804206716396,2.827172141902232,1.2213040184966781,0.49034154666190616,0.9953703703703703,8.265200527351467,8.384270990403259
ARIMA,9,,validation,target_transition,zero_to_positive,215,0.0,1.7342731120750479,2.5280420985011895,1.103264189040328,0.09537655603796995,1.0,8.212670579448167,8.212670579448167
ARIMA,9,,validation,target_transition,zero_to_zero,743,1.0,1.8605223686585768,2.6555180921191806,1.1219190912943167,0.4722361306636397,1.0,8.110872212446239,8.110872212446239
ARIMA,9,,validation,issue_wind,12_or_more,23,0.0,2.3738319395991296,2.9504052010390267,1.7059976823501988,0.03228580329020227,0.9565217391304348,10.304972704200491,10.74471559805307
ARIMA,9,,validation,issue_wind,3_to_6,1966,0.12105798575788403,2.5310660056624457,3.308911326533177,1.7470504856615983,0.0987563004902578,0.9471007121057986,9.801089394800364,12.273999120825895
ARIMA,9,,validation,issue_wind,6_to_12,667,0.013493253373313344,3.654518749834884,4.486666698394134,2.5681898214559835,0.017639175664324738,0.8335832083958021,11.74339933148062,18.58636210744048
ARIMA,9,,validation,issue_wind,below_3,1585,0.449211356466877,1.8457564849554513,2.732120989872232,1.2232980745175352,0.26037462740067024,0.9747634069400631,8.134552118598478,9.606693164188057
ARIMA,9,,test,all,all,8728,0.16338221814848763,2.7572263764492457,3.8428729790663563,1.943294857377252,0.1254964909878388,0.8952795600366636,9.492749047617934,15.213478875597408
ARIMA,9,,test,season,autumn,2184,0.19688644688644688,2.1567121472232516,3.096777781260127,1.5130342661713105,0.1446558022666435,0.9528388278388278,9.110357916888232,11.860048015661729
ARIMA,9,,test,season,spring,2208,0.15760869565217392,3.2805834101872677,4.430456646961198,2.319793281813918,0.12672831677696159,0.8482789855072463,9.549267538286891,18.53877752414055
ARIMA,9,,test,season,summer,2208,0.223731884057971,2.104796304561575,2.9691337776932882,1.4518656170095579,0.15863616754079266,0.9556159420289855,9.003517076499397,10.70477884793856
ARIMA,9,,test,season,winter,2128,0.07236842105263158,3.5074690197124014,4.605780298305457,2.5041296190170486,0.07016932322270032,0.8223684210526315,10.334184007367162,19.883048068824376
ARIMA,9,,test,target_transition,positive_to_positive,6909,0.0,2.9431473391703222,4.055308314871298,2.123642844760932,0.05097530634157127,0.8708930380662904,9.800495302456236,16.88096278462221
ARIMA,9,,test,target_transition,positive_to_zero,393,1.0,2.248373989474671,3.102300400468912,1.3725164650784156,0.513302738525174,0.9796437659033079,8.457165851684216,9.288325483246567
ARIMA,9,,test,target_transition,zero_to_positive,393,0.0,1.9011880837320898,2.73998154039592,1.2072629778484025,0.08991200587750554,0.989821882951654,8.36705716778864,8.708959130054303
ARIMA,9,,test,target_transition,zero_to_zero,1033,1.0,2.0329999540667987,2.874821002533179,1.2342456724735111,0.4899144116918568,0.9903194578896418,8.2567008676538,8.78967947166703
ARIMA,9,,test,issue_wind,12_or_more,38,0.0,5.034873559983945,5.787605525531909,3.6133004061012994,0.0122287192282753,0.6052631578947368,11.745020463190123,27.290448705083325
ARIMA,9,,test,issue_wind,3_to_6,3668,0.11477644492911669,2.781953164309951,3.8237074242034224,1.969754780238126,0.10405319636745809,0.9040348964013086,9.60114656723188,15.332977828556915
ARIMA,9,,test,issue_wind,6_to_12,1647,0.019429265330904676,4.319231505970981,5.249051961905829,3.0840678529989773,0.024204788332602208,0.7413479052823315,11.729908845833936,23.800798080099277
ARIMA,9,,test,issue_wind,below_3,3375,0.2882962962962963,1.9424498137323025,2.9116100922276273,1.3390375739123104,0.19950704336342234,0.9641481481481482,8.257848128092768,10.757016136992805
ARIMA,12,,validation,all,all,4238,0.2267579046720151,2.6562759851168054,3.509078601698257,1.7930197417210667,0.15257401141602225,0.9433695139216611,10.065530846785347,12.681763773977963
ARIMA,12,,validation,season,autumn,2159,0.26401111625752666,2.543439334167596,3.40627098348249,1.7078013384921051,0.1727907886153497,0.952292728114868,9.85276488407222,12.241295127667005
ARIMA,12,,validation,season,summer,1398,0.2582260371959943,2.45608594483923,3.150929636647978,1.6141464131147005,0.1685719681734099,0.9728183118741058,9.93020624714716,10.7503845089595
ARIMA,12,,validation,season,winter,681,0.04405286343612335,3.4249690918824336,4.411828437842322,2.430393377496439,0.05563837922780519,0.8546255506607929,11.017873730473779,18.043056020499503
ARIMA,12,,validation,target_transition,positive_to_positive,3062,0.0,2.808540687702175,3.6771726437559518,1.9659162829003698,0.0454456765293975,0.922273024167211,10.490641699126893,14.104563951124577
ARIMA,12,,validation,target_transition,positive_to_zero,215,1.0,2.489377266340161,3.2444409176258553,1.473602569421849,0.5305748712821111,0.9953488372093023,9.140699715300151,9.230389656410257
ARIMA,12,,validation,target_transition,zero_to_positive,215,0.0,2.093496541099009,2.8714334226038583,1.2869790910254546,0.08292510912122895,1.0,8.989713248723039,8.989713248723039
ARIMA,12,,validation,target_transition,zero_to_zero,746,1.0,2.241592721959167,3.0071767977722796,1.3212559653844205,0.5034202453905752,0.9986595174262735,8.897233322633728,8.9005602294524
ARIMA,12,,validation,issue_wind,12_or_more,23,0.0,2.722978077489834,3.2879924738536808,1.8342265863208302,0.03435023242781084,0.9565217391304348,10.693198035677986,11.306324014705396
ARIMA,12,,validation,issue_wind,3_to_6,1966,0.1358087487283825,2.69857974055436,3.524840574942842,1.8533796546526884,0.11123287418259693,0.9420142421159715,10.282800785300726,13.064174594564339
ARIMA,12,,validation,issue_wind,6_to_12,664,0.018072289156626505,3.5522188926339253,4.310194953338399,2.4482386651196415,0.022960394190935648,0.891566265060241,12.257201261051584,16.40024675692842
ARIMA,12,,validation,issue_wind,below_3,1585,0.4302839116719243,2.2275003246081737,3.094139074229688,1.4430634569349365,0.2598669228072529,0.9665615141955836,8.868774884931367,10.66961408344885
ARIMA,12,,test,all,all,8725,0.16343839541547278,2.9863901185898665,4.053425257752412,2.0744881770565216,0.1292683794858065,0.9017765042979943,10.090701055921048,15.668259359744086
ARIMA,12,,test,season,autumn,2184,0.19688644688644688,2.3461681836239228,3.2892415699651534,1.617410605584622,0.148162838759002,0.9597069597069597,9.711001804773948,12.441174111620612
ARIMA,12,,test,season,spring,2208,0.15760869565217392,3.4552786360222525,4.569292395732187,2.413132399804752,0.13002481942099683,0.8546195652173914,10.144842180714353,18.4893371256966
ARIMA,12,,test,season,summer,2208,0.223731884057971,2.374617225978999,3.2296265571211333,1.5998179191203954,0.16322960906687833,0.9578804347826086,9.627983882339029,11.395297155534378
ARIMA,12,,test,season,winter,2125,0.07247058823529412,3.792852898053258,4.87948661841036,2.685595424957464,0.07377562026483428,0.8329411764705882,10.905477093676698,20.493537016955166
ARIMA,12,,test,target_transition,positive_to_positive,6906,0.0,3.1240827772159876,4.238851028491261,2.2319165297939447,0.04937754267490396,0.879814653924124,10.337520995691621,17.30094520529194
ARIMA,12,,test,target_transition,positive_to_zero,393,1.0,2.7398543133749658,3.509206341131375,1.6404435776029842,0.5554840126818281,0.9770992366412213,9.37669510697947,9.756018155199307
ARIMA,12,,test,target_transition,zero_to_positive,393,0.0,2.3099123265533863,3.118042781296853,1.4212811102712448,0.07722366769253253,0.989821882951654,9.183202641137177,9.46128015971861
ARIMA,12,,test,target_transition,zero_to_zero,1033,1.0,2.4170182340281987,3.2044753048344483,1.435659233036396,0.5210176020461289,0.9864472410454985,9.057509101311688,9.363830675951874
ARIMA,12,,test,issue_wind,12_or_more,38,0.0,4.50588259439279,5.007660130624841,2.995266759970512,0.013264330470020026,0.8157894736842105,12.332994910402853,16.177771926115476
ARIMA,12,,test,issue_wind,3_to_6,3668,0.11777535441657579,3.0452896883389338,4.13866311928171,2.133171853105408,0.1085584387296699,0.9053980370774264,10.12049300757422,16.51513003022515
ARIMA,12,,test,issue_wind,6_to_12,1644,0.0340632603406326,4.183684719052358,5.079342026002789,2.945673999736455,0.036947128207480376,0.7962287104622872,12.276996495397462,20.62182979662433
ARIMA,12,,test,issue_wind,below_3,3375,0.2779259259259259,2.322053330714185,3.318137999524553,1.5759783096835267,0.19805307686585893,0.9502222222222222,8.96810735291857,12.329191835276593
ARIMA,24,,validation,all,all,4226,0.22574538570752484,3.211650911909297,4.036652227580141,2.1271118981086286,0.16568386651694342,0.9342167534311405,10.788119632364207,14.22914395581462
ARIMA,24,,validation,season,autumn,2159,0.26401111625752666,3.1237683452874085,3.965082242564912,2.05147081152245,0.1881513380807604,0.9402501157943493,10.695380581597407,13.93687624660774
ARIMA,24,,validation,season,summer,1386,0.25252525252525254,2.9198061087479705,3.515551648557961,1.8641664831994662,0.17847062773275962,0.9826839826839827,10.705596834266789,11.219808622983571
ARIMA,24,,validation,season,winter,681,0.049926578560939794,4.084243215166649,5.110750740254845,2.9020773180846318,0.068430236338673,0.8164464023494861,11.250087633492772,21.28045784051578
ARIMA,24,,validation,target_transition,positive_to_positive,3057,0.0,3.252433221914251,4.144628013593622,2.2530321967321543,0.04392224860125862,0.9090611710827609,10.941135420743484,15.698011047469501
ARIMA,24,,validation,target_transition,positive_to_zero,214,1.0,3.225513119878796,3.845346962473226,1.8664563582355165,0.5891053884469537,1.0,10.461458829677474,10.461458829677474
ARIMA,24,,validation,target_transition,zero_to_positive,215,0.0,2.937960707768632,3.5751705303785877,1.7211974800348337,0.056020484158019426,1.0,10.429597841133997,10.429597841133997
ARIMA,24,,validation,target_transition,zero_to_zero,740,1.0,3.1186851817736563,3.7552485792258055,1.8002382934148364,0.5781037144661255,1.0,10.354630891572336,10.354630891572336
ARIMA,24,,validation,issue_wind,12_or_more,23,0.34782608695652173,3.6094080375561846,4.18233385289095,2.155965440536798,0.24323283823615346,0.9565217391304348,11.059344953058481,11.75101184402343
ARIMA,24,,validation,issue_wind,3_to_6,1961,0.16930137684854665,3.1545468481167163,3.9599104244287586,2.1186127243237496,0.13694834961196764,0.928607853136155,10.859152413886639,14.114450553071332
ARIMA,24,,validation,issue_wind,6_to_12,657,0.0669710806697108,3.6756650551001973,4.371918103190929,2.474989508513152,0.0649673207994439,0.9162861491628614,11.886941696988906,15.209213829807629
ARIMA,24,,validation,issue_wind,below_3,1585,0.35962145110410093,3.0841905731906545,3.983451205827882,1.9930094743108535,0.2418589408623774,0.9482649842271293,10.240826532427377,14.000755876406023
ARIMA,24,,test,all,all,8713,0.1636634913347871,3.4981522552159157,4.533352265579739,2.386520358135813,0.13564551657824758,0.8938367955927924,10.830312237058145,17.467743287428743
ARIMA,24,,test,season,autumn,2184,0.19688644688644688,2.834078806040336,3.714421109760617,1.8914677331951273,0.1554440226506301,0.9578754578754579,10.623921526458068,13.388772706372205
ARIMA,24,,test,season,spring,2208,0.15760869565217392,3.6972346370328415,4.753098538899581,2.531429988163028,0.13412942071742795,0.8777173913043478,10.865760377954398,18.94806184610158
ARIMA,24,,test,season,summer,2208,0.223731884057971,2.874715445639375,3.6752560243482786,1.8771520840385065,0.16985833376477474,0.9538043478260869,10.58265797028263,12.460744713891021
ARIMA,24,,test,season,winter,2113,0.07288215806909608,4.627972884412647,5.723691973666364,3.279052122914433,0.08101499222933811,0.7818267865593942,11.265384853192534,25.369012204536713
ARIMA,24,,test,target_transition,positive_to_positive,6894,0.0,3.5635533584608146,4.692483342445436,2.5170158985400155,0.04535636819242932,0.8658253553814912,10.906888080807287,19.29562274020372
ARIMA,24,,test,target_transition,positive_to_zero,393,1.0,3.3884187687926106,3.9963681352035265,1.9745061689479768,0.6048965080664723,1.0,10.62436447859129,10.62436447859129
ARIMA,24,,test,target_transition,zero_to_positive,393,0.0,3.1056879881137323,3.72806807306,1.8232582827710306,0.052181838316628294,1.0,10.590934206337234,10.590934206337234
ARIMA,24,,test,target_transition,zero_to_zero,1033,1.0,3.2527393910970233,3.876467326206463,1.8866629684190745,0.5914431689245931,1.0,10.488685100895701,10.488685100895701
ARIMA,24,,test,issue_wind,12_or_more,38,0.0,3.413829310987585,4.398635866822776,2.459064853716664,0.021697206477780378,0.8947368421052632,12.153553329925646,17.10784318027937
ARIMA,24,,test,issue_wind,3_to_6,3659,0.15714676141022138,3.41520918090923,4.405097903507115,2.3206211999662325,0.13329389875816652,0.9065318393003553,10.796474559504151,16.689215310209608
ARIMA,24,,test,issue_wind,6_to_12,1641,0.07739183424741011,4.234037969745881,5.1971580855935855,2.9424042014854233,0.07580382043759519,0.8336380255941499,11.999917841117123,20.617838574344315
ARIMA,24,,test,issue_wind,below_3,3375,0.21451851851851853,3.231220262097446,4.320544111971763,2.1868649335354324,0.16857435472767127,0.9093333333333333,10.283410342059717,16.784188830210383
EMFN (Proposed),1,42.0,validation,all,all,4249,0.22452341727465286,0.7202540678042297,1.164118820999381,0.5220543640820999,0.07328213673734826,0.9192751235584844,3.2474812879090944,4.156370434462798
EMFN (Proposed),1,42.0,validation,season,autumn,2153,0.2633534602879703,0.7056142143850717,1.1895583458034065,0.5071498849954766,0.08267620033854084,0.913144449605202,2.955103874187829,4.021554988381772
EMFN (Proposed),1,42.0,validation,season,summer,1409,0.25691980127750175,0.5820636849965021,0.962731466291677,0.43356425966149875,0.08637881045741934,0.9311568488289567,2.9527404208286203,3.625491300207887
EMFN (Proposed),1,42.0,validation,season,winter,687,0.036390101892285295,1.0495551650204382,1.430380282884087,0.7502521815524444,0.016981362057657275,0.9141193595342066,4.768265062957527,5.6676751732948505
EMFN (Proposed),1,42.0,validation,target_transition,positive_to_positive,3081,0.0,0.9635445597327524,1.3557157257392092,0.6942920739441154,0.016312631993442822,0.9071729957805907,4.270877068844552,5.4067570635416
EMFN (Proposed),1,42.0,validation,target_transition,positive_to_zero,215,1.0,0.1321948224990911,0.36137370821790255,0.10544122496812638,0.461791144871676,0.9069767441860465,0.9608374057373219,1.0462761773584204
EMFN (Proposed),1,42.0,validation,target_transition,zero_to_positive,214,0.0,0.2633671365758969,0.5092926532277641,0.21021519164910277,0.4769842940418041,0.8271028037383178,0.6277059553400984,2.234502142940795
EMFN (Proposed),1,42.0,validation,target_transition,zero_to_zero,739,1.0,0.009331923543998925,0.1262221802807814,0.01547929469819711,0.08086176556541144,1.0,0.40469096960672923,0.40469096960672923
EMFN (Proposed),1,42.0,validation,issue_wind,12_or_more,23,0.0,1.7993862969320442,2.6200355342398622,1.363796072622582,0.00014429293013283547,0.8260869565217391,7.255606192816408,11.07349966395898
EMFN (Proposed),1,42.0,validation,issue_wind,3_to_6,1969,0.05027932960893855,0.8978605651823006,1.2590726800352203,0.6450181809425386,0.02481907939370794,0.904520060944642,3.9410309831050756,5.060168706408128
EMFN (Proposed),1,42.0,validation,issue_wind,6_to_12,672,0.0,1.37175129880907,1.767628155066366,0.99248898650099,0.0004315153540299443,0.9360119047619048,6.6215232131175625,7.544263022630259
EMFN (Proposed),1,42.0,validation,issue_wind,below_3,1585,0.5394321766561514,0.20774089818743843,0.48911684460432564,0.15763298808201825,0.16543453288042945,0.9318611987381703,0.8972337192063515,1.4968520817894218
EMFN (Proposed),1,42.0,test,all,all,8736,0.16323260073260074,0.799294936723819,1.2810502713237997,0.5789742927049919,0.06887291213118593,0.896978021978022,3.286548414650048,4.596413180826222
EMFN (Proposed),1,42.0,test,season,autumn,2184,0.19688644688644688,0.6451456860003604,1.0457694898781136,0.4676930534225957,0.07706876733548612,0.9001831501831502,2.6091009968076397,3.7190486646495486
EMFN (Proposed),1,42.0,test,season,spring,2208,0.15760869565217392,0.9340280852627488,1.5023631443138645,0.6733068800905619,0.07014224744584092,0.8700181159420289,3.45629167666943,5.276179842599743
EMFN (Proposed),1,42.0,test,season,summer,2208,0.223731884057971,0.6138584780453878,1.0253046022641525,0.45105278689231126,0.08499254656566331,0.9003623188405797,2.5584169048429364,3.7727062178269435
EMFN (Proposed),1,42.0,test,season,winter,2136,0.07209737827715355,1.0093206260347054,1.4743816455230079,0.7274773631543424,0.042517765608584834,0.9180711610486891,4.556429693527916,5.642285975037983
EMFN (Proposed),1,42.0,test,target_transition,positive_to_positive,6917,0.0,0.9850600057785427,1.4317568999716928,0.7112004408349171,0.020662161488942718,0.8885354922654329,3.9962132921714386,5.583116878505622
EMFN (Proposed),1,42.0,test,target_transition,positive_to_zero,393,1.0,0.15966344007098393,0.4322284329056754,0.12424070649980636,0.4782539153109094,0.8524173027989822,1.0017133232123228,1.182445557815539
EMFN (Proposed),1,42.0,test,target_transition,zero_to_positive,393,0.0,0.24152316303438995,0.4072274013860187,0.18585409417142223,0.4686899361615602,0.821882951653944,0.6733035918343842,1.6765433785857926
EMFN (Proposed),1,42.0,test,target_transition,zero_to_zero,1033,1.0,0.01095273207036878,0.13424377237110538,0.016145900437458217,0.08383800167506573,0.9990319457889641,0.39806191754077597,0.3990933659910476
EMFN (Proposed),1,42.0,test,issue_wind,12_or_more,38,0.0,2.2423391539008457,3.0823374210453824,1.6419321377366431,0.0036091587112322466,0.868421052631579,8.22222906118779,12.603756203920563
EMFN (Proposed),1,42.0,test,issue_wind,3_to_6,3668,0.03271537622682661,0.8822405857887364,1.2868510273342535,0.6390381918402201,0.023852080586442073,0.8953107960741549,3.697182695271809,5.0343533466977135
EMFN (Proposed),1,42.0,test,issue_wind,6_to_12,1655,0.0012084592145015106,1.5217634342230524,1.9738175099102109,1.0925467870678465,0.0023032312852104136,0.8972809667673716,6.556464874230218,8.282490326025492
EMFN (Proposed),1,42.0,test,issue_wind,below_3,3375,0.38637037037037036,0.3386236228322413,0.6562674268102343,0.24988710505765993,0.15118083940116167,0.898962962962963,1.1812227416147183,2.222753554574661
CNN-LSTM (+Weather),1,42.0,validation,all,all,4249,0.22452341727465286,0.766959973402958,1.2363741329486417,0.766959973402958,,,,
CNN-LSTM (+Weather),1,42.0,validation,season,autumn,2153,0.2633534602879703,0.7516322018130165,1.25063555414261,0.7516322018130165,,,,
CNN-LSTM (+Weather),1,42.0,validation,season,summer,1409,0.25691980127750175,0.6284739118453321,1.0410531117659372,0.6284739118453321,,,,
CNN-LSTM (+Weather),1,42.0,validation,season,winter,687,0.036390101892285295,1.099023369280452,1.5263641553990597,1.099023369280452,,,,
CNN-LSTM (+Weather),1,42.0,validation,target_transition,positive_to_positive,3081,0.0,1.020734305555533,1.4433135943885544,1.020734305555533,,,,
CNN-LSTM (+Weather),1,42.0,validation,target_transition,positive_to_zero,215,1.0,0.14183024507622385,0.2728073529984704,0.14183024507622385,,,,
CNN-LSTM (+Weather),1,42.0,validation,target_transition,zero_to_positive,214,0.0,0.2346871164323704,0.5016900244904382,0.2346871164323704,,,,
CNN-LSTM (+Weather),1,42.0,validation,target_transition,zero_to_zero,739,1.0,0.044944500628763026,0.09766786759036869,0.044944500628763026,,,,
CNN-LSTM (+Weather),1,42.0,validation,issue_wind,12_or_more,23,0.0,1.7525788409390664,2.301818983055306,1.7525788409390664,,,,
CNN-LSTM (+Weather),1,42.0,validation,issue_wind,3_to_6,1969,0.05027932960893855,0.9555585817344912,1.349144582938666,0.9555585817344912,,,,
CNN-LSTM (+Weather),1,42.0,validation,issue_wind,6_to_12,672,0.0,1.4370581529262918,1.8670623178961838,1.4370581529262918,,,,
CNN-LSTM (+Weather),1,42.0,validation,issue_wind,below_3,1585,0.5394321766561514,0.23426226337280034,0.5309074556308802,0.23426226337280034,,,,
CNN-LSTM (+Weather),1,42.0,test,all,all,8736,0.16323260073260074,0.8464928260673695,1.3608506012196935,0.8464928260673695,,,,
CNN-LSTM (+Weather),1,42.0,test,season,autumn,2184,0.19688644688644688,0.7065969635698979,1.1684067777862128,0.7065969635698979,,,,
CNN-LSTM (+Weather),1,42.0,test,season,spring,2208,0.15760869565217392,0.964283883793075,1.5781090120447065,0.964283883793075,,,,
CNN-LSTM (+Weather),1,42.0,test,season,summer,2208,0.223731884057971,0.6710143227596947,1.1063175293727165,0.6710143227596947,,,,
CNN-LSTM (+Weather),1,42.0,test,season,winter,2136,0.07209737827715355,1.0491643820315395,1.5292806402953825,1.0491643820315395,,,,
CNN-LSTM (+Weather),1,42.0,test,target_transition,positive_to_positive,6917,0.0,1.036673131407976,1.524107889500862,1.036673131407976,,,,
CNN-LSTM (+Weather),1,42.0,test,target_transition,positive_to_zero,393,1.0,0.1810440891457878,0.29679170742023336,0.1810440891457878,,,,
CNN-LSTM (+Weather),1,42.0,test,target_transition,zero_to_positive,393,0.0,0.22253823525055066,0.39002249644879416,0.22253823525055066,,,,
CNN-LSTM (+Weather),1,42.0,test,target_transition,zero_to_zero,1033,1.0,0.06358705235993181,0.12596655990720781,0.06358705235993181,,,,
CNN-LSTM (+Weather),1,42.0,test,issue_wind,12_or_more,38,0.0,2.6635495778617853,3.7174604509508726,2.6635495778617853,,,,
CNN-LSTM (+Weather),1,42.0,test,issue_wind,3_to_6,3668,0.03271537622682661,0.922381523765415,1.3362967871112617,0.922381523765415,,,,
CNN-LSTM (+Weather),1,42.0,test,issue_wind,6_to_12,1655,0.0012084592145015106,1.585887095813976,2.086883619123078,1.585887095813976,,,,
CNN-LSTM (+Weather),1,42.0,test,issue_wind,below_3,3375,0.38637037037037036,0.3809801101695172,0.7494416652714398,0.3809801101695172,,,,
LightGBM (24h matched),1,42.0,validation,all,all,4249,0.22452341727465286,0.7723474363306208,1.1945314326771292,0.7723474363306208,,,,
LightGBM (24h matched),1,42.0,validation,season,autumn,2153,0.2633534602879703,0.7496141675408698,1.1873845886470775,0.7496141675408698,,,,
LightGBM (24h matched),1,42.0,validation,season,summer,1409,0.25691980127750175,0.649804552744765,1.0133457389463112,0.649804552744765,,,,
LightGBM (24h matched),1,42.0,validation,season,winter,687,0.036390101892285295,1.0949204358601767,1.5168079484752113,1.0949204358601767,,,,
LightGBM (24h matched),1,42.0,validation,target_transition,positive_to_positive,3081,0.0,0.9966645227602716,1.3908788452380318,0.9966645227602716,,,,
LightGBM (24h matched),1,42.0,validation,target_transition,positive_to_zero,215,1.0,0.2901455849534636,0.4067222225449545,0.2901455849534636,,,,
LightGBM (24h matched),1,42.0,validation,target_transition,zero_to_positive,214,0.0,0.22721732919567975,0.4712084617114232,0.22721732919567975,,,,
LightGBM (24h matched),1,42.0,validation,target_transition,zero_to_zero,739,1.0,0.13528423969085301,0.16247790907883664,0.13528423969085301,,,,
LightGBM (24h matched),1,42.0,validation,issue_wind,12_or_more,23,0.0,1.3533257580468057,1.7660544930770559,1.3533257580468057,,,,
LightGBM (24h matched),1,42.0,validation,issue_wind,3_to_6,1969,0.05027932960893855,0.9499615984925045,1.3108061409892937,0.9499615984925045,,,,
LightGBM (24h matched),1,42.0,validation,issue_wind,6_to_12,672,0.0,1.4160405478259062,1.8268444040988583,1.4160405478259062,,,,
LightGBM (24h matched),1,42.0,validation,issue_wind,below_3,1585,0.5394321766561514,0.2703622264750669,0.48008796927986064,0.2703622264750669,,,,
LightGBM (24h matched),1,42.0,test,all,all,8736,0.16323260073260074,0.8208848832926825,1.2866828129182633,0.8208848832926825,,,,
LightGBM (24h matched),1,42.0,test,season,autumn,2184,0.19688644688644688,0.6433679426572584,1.042741266691985,0.6433679426572584,,,,
LightGBM (24h matched),1,42.0,test,season,spring,2208,0.15760869565217392,0.9665752761944256,1.5213857969868216,0.9665752761944256,,,,
LightGBM (24h matched),1,42.0,test,season,summer,2208,0.223731884057971,0.655140205305024,1.0452548540361235,0.655140205305024,,,,
LightGBM (24h matched),1,42.0,test,season,winter,2136,0.07209737827715355,1.0231212408851298,1.4619371178473117,1.0231212408851298,,,,
LightGBM (24h matched),1,42.0,test,target_transition,positive_to_positive,6917,0.0,0.9810288131813566,1.4371760739395558,0.9810288131813566,,,,
LightGBM (24h matched),1,42.0,test,target_transition,positive_to_zero,393,1.0,0.34557715087328666,0.46543283179540523,0.34557715087328666,,,,
LightGBM (24h matched),1,42.0,test,target_transition,zero_to_positive,393,0.0,0.2234355689264902,0.3630317682877383,0.2234355689264902,,,,
LightGBM (24h matched),1,42.0,test,target_transition,zero_to_zero,1033,1.0,0.15668154964967945,0.19452334402650534,0.15668154964967945,,,,
LightGBM (24h matched),1,42.0,test,issue_wind,12_or_more,38,0.0,2.479529263835386,3.459387982031853,2.479529263835386,,,,
LightGBM (24h matched),1,42.0,test,issue_wind,3_to_6,3668,0.03271537622682661,0.8945630762914772,1.2816805822413244,0.8945630762914772,,,,
LightGBM (24h matched),1,42.0,test,issue_wind,6_to_12,1655,0.0012084592145015106,1.557498184398332,2.002927617605193,1.557498184398332,,,,
LightGBM (24h matched),1,42.0,test,issue_wind,below_3,3375,0.38637037037037036,0.3609218872304451,0.6308866879845935,0.3609218872304451,,,,
Quantile LightGBM (24h matched),1,42.0,validation,all,all,4249,0.22452341727465286,0.7458090416533983,1.2674665813533315,0.5512473144100676,0.15800157684160976,0.9256295598964462,4.03921620490224,4.876222303915056
Quantile LightGBM (24h matched),1,42.0,validation,season,autumn,2153,0.2633534602879703,0.7124302078256963,1.251341981556169,0.5241828745995389,0.18333841151881097,0.924756154203437,3.6994773008541846,4.5153206172846305
Quantile LightGBM (24h matched),1,42.0,validation,season,summer,1409,0.25691980127750175,0.6085784515301167,1.0535530207634445,0.45483386963505035,0.18319602555003547,0.9439318665720369,3.584422464634375,4.072547565621572
Quantile LightGBM (24h matched),1,42.0,validation,season,winter,687,0.036390101892285295,1.1318680383269732,1.6589287498443486,0.8338037665207921,0.026925618631732172,0.8908296943231441,6.036686715022888,7.655551325124409
Quantile LightGBM (24h matched),1,42.0,validation,target_transition,positive_to_positive,3081,0.0,0.9980959752262948,1.4733314146540681,0.7326157588231714,0.0034834793898085043,0.9156118143459916,5.334039877083628,6.390414410071805
Quantile LightGBM (24h matched),1,42.0,validation,target_transition,positive_to_zero,215,1.0,0.16048724543492046,0.5071349679433654,0.12652384616979254,0.7046446511627907,0.8883720930232558,1.192654551458684,1.3115547530190041
Quantile LightGBM (24h matched),1,42.0,validation,target_transition,zero_to_positive,214,0.0,0.25793130675776554,0.46271657737475147,0.1968372730257197,0.02776869158878505,0.8504672897196262,0.6017289048331393,1.8923150507836772
Quantile LightGBM (24h matched),1,42.0,validation,target_transition,zero_to_zero,739,1.0,0.005557321919357861,0.22327448410174852,0.021292128065192917,0.6808863328822734,1.0,0.4644953709567678,0.4644953709567678
Quantile LightGBM (24h matched),1,42.0,validation,issue_wind,12_or_more,23,0.0,1.3913427133253145,1.997235139605426,1.0487253078962262,0.0,0.9130434782608695,7.560843330478097,8.43530091607823
Quantile LightGBM (24h matched),1,42.0,validation,issue_wind,3_to_6,1969,0.05027932960893855,0.9418342340814941,1.3683051080791253,0.6868478811501382,0.03740147282884713,0.9126460132046724,4.723928077093018,5.7369870801790235
Quantile LightGBM (24h matched),1,42.0,validation,issue_wind,6_to_12,672,0.0,1.4229820531289017,1.980569479348246,1.0622191450973926,3.37797619047619e-05,0.9077380952380952,8.676093400025817,10.275972640718354
Quantile LightGBM (24h matched),1,42.0,validation,issue_wind,below_3,1585,0.5394321766561514,0.20582093941307453,0.5096232043019864,0.15893653839539088,0.3770867507886435,0.9495268138801262,1.1715969144574907,1.4659151248139073
Quantile LightGBM (24h matched),1,42.0,test,all,all,8736,0.16323260073260074,0.8050585898765563,1.3950461194338435,0.5960258198523055,0.11793571428571428,0.9199862637362637,4.328008743918946,5.369772935819754
Quantile LightGBM (24h matched),1,42.0,test,season,autumn,2184,0.19688644688644688,0.6346182682387411,1.1009977458088265,0.46930890972377076,0.1375250457875458,0.9468864468864469,3.473974008697936,4.097504045495328
Quantile LightGBM (24h matched),1,42.0,test,season,spring,2208,0.15760869565217392,0.9420994447319833,1.6224415288491667,0.6961406629982966,0.11348872282608696,0.8944746376811594,4.595603277279481,6.146237649248814
Quantile LightGBM (24h matched),1,42.0,test,season,summer,2208,0.223731884057971,0.6080525124477912,1.0726706564065478,0.450220145514211,0.1637511322463768,0.9375,3.2964979195477584,3.914138706979476
Quantile LightGBM (24h matched),1,42.0,test,season,winter,2136,0.07209737827715355,1.0413155533123803,1.6762039918143863,0.7728212725643296,0.05514330524344569,0.900749063670412,5.990901549290758,7.372695008149587
Quantile LightGBM (24h matched),1,42.0,test,target_transition,positive_to_positive,6917,0.0,0.9910790155441948,1.5570792142966208,0.7306995349251107,0.0032805117825646956,0.9181726181870753,5.277745999426916,6.539884896559121
Quantile LightGBM (24h matched),1,42.0,test,target_transition,positive_to_zero,393,1.0,0.1963955471302383,0.5671559705777562,0.15305089346244363,0.7348603053435115,0.7811704834605598,1.347223603575913,1.5459295452883774
Quantile LightGBM (24h matched),1,42.0,test,target_transition,zero_to_positive,393,0.0,0.24098396045745427,0.3580379747940028,0.17686365333588328,0.028854961832061068,0.8804071246819338,0.6748071709521803,1.4191985040031363
Quantile LightGBM (24h matched),1,42.0,test,target_transition,zero_to_zero,1033,1.0,0.005622598412815612,0.22983654518727953,0.022242461046473035,0.6848547918683447,1.0,0.4924077584224303,0.4924077584224303
Quantile LightGBM (24h matched),1,42.0,test,issue_wind,12_or_more,38,0.0,2.5037174869525844,3.698134329807763,1.8916994655560362,0.0,0.7894736842105263,10.217960798828358,18.840076596940317
Quantile LightGBM (24h matched),1,42.0,test,issue_wind,3_to_6,3668,0.03271537622682661,0.882364705373275,1.3398539632159254,0.6446596743513097,0.025335850599781894,0.930752453653217,4.57214664551977,5.413737431264586
Quantile LightGBM (24h matched),1,42.0,test,issue_wind,6_to_12,1655,0.0012084592145015106,1.5994760784361288,2.265795846686004,1.1937367557374172,0.0011829003021148036,0.8628398791540786,9.116981842039788,11.594969858884726
Quantile LightGBM (24h matched),1,42.0,test,issue_wind,below_3,3375,0.38637037037037036,0.31235671927005426,0.644196357279902,0.23548176778446867,0.2771546074074074,0.9377777777777778,1.6479890465712752,2.1176739088310885
Hurdle Quantile LightGBM (24h matched),1,42.0,validation,all,all,4249,0.22452341727465286,0.7356062375143939,1.2327850611331757,0.5380244603280304,0.06808871979383536,0.9385737820663685,3.7678081026898247,4.581755628086311
Hurdle Quantile LightGBM (24h matched),1,42.0,validation,season,autumn,2153,0.2633534602879703,0.7058649783201929,1.222317435322947,0.5129335897729472,0.07750903042229211,0.9428704133766836,3.5142838576403754,4.294574995265128
Hurdle Quantile LightGBM (24h matched),1,42.0,validation,season,summer,1409,0.25691980127750175,0.6021480529441143,1.0295090280123282,0.4442123482380252,0.07789763854992554,0.9531582682753726,3.3983107468188742,3.8770260791192523
Hurdle Quantile LightGBM (24h matched),1,42.0,validation,season,winter,687,0.036390101892285295,1.1025283817715097,1.594824989235564,0.8090607197747723,0.018448697507956965,0.8951965065502183,5.320150859623789,6.9271178361774215
Hurdle Quantile LightGBM (24h matched),1,42.0,validation,target_transition,positive_to_positive,3081,0.0,0.9861662142572178,1.435193741240521,0.717643535365525,0.01488505730745245,0.9250243427458618,4.945828467656911,5.98971281140198
Hurdle Quantile LightGBM (24h matched),1,42.0,validation,target_transition,positive_to_zero,215,1.0,0.1364158117861668,0.4746513005239118,0.10976100941961241,0.39230718478109333,0.9720930232558139,1.2787198346037383,1.3438988836816756
Hurdle Quantile LightGBM (24h matched),1,42.0,validation,target_transition,zero_to_positive,214,0.0,0.25917129643325265,0.4713282298417318,0.2005002114266845,0.47898877011216856,0.8878504672897196,0.7018954820079187,1.7684463080796982
Hurdle Quantile LightGBM (24h matched),1,42.0,validation,target_transition,zero_to_zero,739,1.0,0.003275697024939049,0.14385089099427345,0.01150275670107181,0.07658791245981908,1.0,0.4684556453161314,0.4684556453161314
Hurdle Quantile LightGBM (24h matched),1,42.0,validation,issue_wind,12_or_more,23,0.0,1.4263744860548386,1.9522328594062521,1.0236778337916115,0.00035550773113852957,0.9565217391304348,7.801405454656213,7.993336893843468
Hurdle Quantile LightGBM (24h matched),1,42.0,validation,issue_wind,3_to_6,1969,0.05027932960893855,0.9280011472677155,1.3427640491849495,0.673782983602601,0.023279815857961197,0.9212798374809548,4.554969767180681,5.520646025050525
Hurdle Quantile LightGBM (24h matched),1,42.0,validation,issue_wind,6_to_12,672,0.0,1.4057490037326363,1.907055077627309,1.0346530026426055,8.044986802545454e-05,0.90625,7.36521761567616,9.10002517108489
Hurdle Quantile LightGBM (24h matched),1,42.0,validation,issue_wind,below_3,1585,0.5394321766561514,0.2024521769974353,0.4868567272036092,0.15177023928532626,0.15357020441044264,0.9735015772870662,1.2061972199109348,1.4502611841557131
Hurdle Quantile LightGBM (24h matched),1,42.0,test,all,all,8736,0.16323260073260074,0.7921463789745551,1.3488902367384095,0.5813396545867211,0.06425022872710139,0.9281135531135531,3.9352836224333894,5.020858741893388
Hurdle Quantile LightGBM (24h matched),1,42.0,test,season,autumn,2184,0.19688644688644688,0.6252599766416165,1.0746913144323602,0.45861457139235756,0.07491818567006968,0.9514652014652014,3.30480871066639,3.972975169217111
Hurdle Quantile LightGBM (24h matched),1,42.0,test,season,spring,2208,0.15760869565217392,0.9306865176017225,1.5823203941172141,0.6821317310104423,0.06110419962475066,0.9085144927536232,4.200755779640602,5.802286966425178
Hurdle Quantile LightGBM (24h matched),1,42.0,test,season,summer,2208,0.223731884057971,0.6002984632328745,1.0555629851083517,0.4421756656804339,0.08276434124738001,0.9465579710144928,3.1503784007718454,3.791355029193497
Hurdle Quantile LightGBM (24h matched),1,42.0,test,season,winter,2136,0.07209737827715355,1.0178877060176175,1.5876871294262997,0.7464879525539475,0.03745643371294987,0.9054307116104869,5.116868553900754,6.555469416331664
Hurdle Quantile LightGBM (24h matched),1,42.0,test,target_transition,positive_to_positive,6917,0.0,0.9753903783782282,1.5068555222927003,0.7140369799171237,0.018312194211848244,0.9177389041491977,4.775049358356617,6.106088429456547
Hurdle Quantile LightGBM (24h matched),1,42.0,test,target_transition,positive_to_zero,393,1.0,0.18495090834232317,0.5375955569495096,0.13929635955372954,0.43205368939291533,0.9541984732824428,1.4094840285923966,1.5049436860827479
Hurdle Quantile LightGBM (24h matched),1,42.0,test,target_transition,zero_to_positive,393,0.0,0.24222088999341476,0.35989481435801196,0.18160917222519762,0.4751086813660505,0.8956743002544529,0.7724831605591107,1.381316095446191
Hurdle Quantile LightGBM (24h matched),1,42.0,test,target_transition,zero_to_zero,1033,1.0,0.005360118812742356,0.15518452372038966,0.01304313494069003,0.0756144618473667,1.0,0.4763874235128993,0.4763874235128993
Hurdle Quantile LightGBM (24h matched),1,42.0,test,issue_wind,12_or_more,38,0.0,2.466217548362394,3.5931410616106,1.8642166481005753,0.0004733502635272155,0.7894736842105263,8.314886266597412,18.446906702971297
Hurdle Quantile LightGBM (24h matched),1,42.0,test,issue_wind,3_to_6,3668,0.03271537622682661,0.8716479524735239,1.3192046733356277,0.6339170470539167,0.020896764477889105,0.9353871319520175,4.3847134253859394,5.270562699622449
Hurdle Quantile LightGBM (24h matched),1,42.0,test,issue_wind,6_to_12,1655,0.0012084592145015106,1.5638043413815192,2.1558953130336995,1.154008747619014,0.001537640450912791,0.8471299093655589,7.463180061017153,10.155587611794788
Hurdle Quantile LightGBM (24h matched),1,42.0,test,issue_wind,below_3,3375,0.38637037037037036,0.30849588895544905,0.6274974153328668,0.22893356561141898,0.1428378914959365,0.9614814814814815,1.6675496895254451,2.080390528809546
EMFN (Proposed),3,42.0,validation,all,all,4247,0.22510007063809748,1.2824539826895618,2.064464616325159,0.9235802260127701,0.10392604900719925,0.8971038380032964,4.781800742142903,7.383687508656555
EMFN (Proposed),3,42.0,validation,season,autumn,2155,0.2640371229698376,1.2232879995004338,2.0653958423443832,0.8839575431053907,0.11376052655808522,0.8923433874709977,4.401460503770907,7.022829995180861
EMFN (Proposed),3,42.0,validation,season,summer,1407,0.2572850035536603,1.0965151507680557,1.8128446247145087,0.7997247294604422,0.1233289039180485,0.908315565031983,4.340258791380903,6.707970792896176
EMFN (Proposed),3,42.0,validation,season,winter,685,0.0364963503649635,1.8505103772678533,2.5007657538919927,1.3026336060339794,0.03313317896088648,0.8890510948905109,6.885279192382007,9.906871976707615
EMFN (Proposed),3,42.0,validation,target_transition,positive_to_positive,3077,0.0,1.7243214108268294,2.4037138199824764,1.2342102993519766,0.050697712381183306,0.8657783555411115,6.130026900354346,9.654543828026238
EMFN (Proposed),3,42.0,validation,target_transition,positive_to_zero,215,1.0,0.21019020593325982,0.8036751932585094,0.17721192673646552,0.3513479665656003,0.9441860465116279,1.750548082848314,1.992582973553352
EMFN (Proposed),3,42.0,validation,target_transition,zero_to_positive,214,0.0,0.2706697757960208,0.5885915991267195,0.20220709333000741,0.3195903419656495,0.9532710280373832,1.4225060181663949,1.9812998567554359
EMFN (Proposed),3,42.0,validation,target_transition,zero_to_zero,741,1.0,0.05091883545535134,0.3841577414210005,0.058579280093443,0.1908838369020527,0.9973009446693657,1.0329701130777247,1.078388639363049
EMFN (Proposed),3,42.0,validation,issue_wind,12_or_more,23,0.0,4.082162293609008,4.830492299223583,2.950849587775327,0.014459963039234813,0.6086956521739131,10.19288429084138,24.211710438661232
EMFN (Proposed),3,42.0,validation,issue_wind,3_to_6,1967,0.08286731062531774,1.5459802147444568,2.165225517038309,1.1049513412637983,0.05662494277641782,0.8851042196237926,5.750821465752183,8.472316371560497
EMFN (Proposed),3,42.0,validation,issue_wind,6_to_12,672,0.0,2.544080507395817,3.2018336550257818,1.7973992656886135,0.001200671839817748,0.8779761904761905,9.483309383473587,13.49775473895227
EMFN (Proposed),3,42.0,validation,issue_wind,below_3,1585,0.5003154574132492,0.3798909453357895,0.9575333543780243,0.2986019460875477,0.207478383007004,0.9242902208201893,1.5073953844560042,3.196286449047167
EMFN (Proposed),3,42.0,test,all,all,8734,0.1632699793908862,1.5024807675875738,2.3825731596057396,1.0896346821386833,0.09908482167261742,0.8566521639569499,4.92191494870685,9.024631028120753
EMFN (Proposed),3,42.0,test,season,autumn,2184,0.19688644688644688,1.117112707413893,1.8346249282983236,0.8177225365105818,0.1104807976578043,0.8731684981684982,3.7584729293116537,6.876350907386784
EMFN (Proposed),3,42.0,test,season,spring,2208,0.15760869565217392,1.8605843855688498,2.9153855249757936,1.354100166932016,0.1021097100961378,0.8161231884057971,5.4157044925859905,11.570400982766175
EMFN (Proposed),3,42.0,test,season,summer,2208,0.223731884057971,1.1493830330098993,1.92660091285104,0.8451804543220756,0.12554946244851253,0.8682065217391305,3.7813299404573417,7.421582898389037
EMFN (Proposed),3,42.0,test,season,winter,2134,0.07216494845360824,1.8916985992952429,2.674677287950476,1.3472125971560989,0.056909708259328964,0.8697282099343955,6.781840794859093,10.247833462175834
EMFN (Proposed),3,42.0,test,target_transition,positive_to_positive,6915,0.0,1.8499484180232693,2.657793963751358,1.3368767020634198,0.045805154228031525,0.8321041214750542,5.830977075363006,10.96074869101328
EMFN (Proposed),3,42.0,test,target_transition,positive_to_zero,393,1.0,0.29465480713525993,0.880945822140637,0.23245690809001218,0.43280965960254886,0.8905852417302799,1.874926929925895,2.3325906854383622
EMFN (Proposed),3,42.0,test,target_transition,zero_to_positive,393,0.0,0.26413965900430053,0.5339728109642645,0.1973965307460624,0.2706301650711758,0.9541984732824428,1.5107873514730168,1.7428658998478215
EMFN (Proposed),3,42.0,test,target_transition,zero_to_zero,1033,1.0,0.10713212806012917,0.5532640699640736,0.10013022029829124,0.2635163019409765,0.9709583736689255,1.293526595625047,1.3803443980952388
EMFN (Proposed),3,42.0,test,issue_wind,12_or_more,38,0.0,2.6018269584772216,3.428919052578248,1.8868446542166475,0.006080201073378022,0.8421052631578947,10.62231071596045,14.521561229934207
EMFN (Proposed),3,42.0,test,issue_wind,3_to_6,3668,0.059432933478735,1.675312426980056,2.426639209738624,1.2153215205903993,0.05382968580363184,0.8402399127589967,5.530240374059236,10.010507091514285
EMFN (Proposed),3,42.0,test,issue_wind,6_to_12,1653,0.0012099213551119178,2.9639347518193695,3.7049644126849044,2.1034708538172704,0.0030348795752721393,0.8130671506352087,9.43379278137639,16.04201669377267
EMFN (Proposed),3,42.0,test,issue_wind,below_3,3375,0.35733333333333334,0.5864792511903623,1.197958645772182,0.4475059431269615,0.19635906411324616,0.896,1.9867781318917594,4.45431539744846
CNN-LSTM (+Weather),3,42.0,validation,all,all,4247,0.22510007063809748,1.3488640402999132,2.1137459168684365,1.3488640402999132,,,,
CNN-LSTM (+Weather),3,42.0,validation,season,autumn,2155,0.2640371229698376,1.2940945698111632,2.0984456341905546,1.2940945698111632,,,,
CNN-LSTM (+Weather),3,42.0,validation,season,summer,1407,0.2572850035536603,1.1578524371010934,1.8476119666428061,1.1578524371010934,,,,
CNN-LSTM (+Weather),3,42.0,validation,season,winter,685,0.0364963503649635,1.9135086163641408,2.6145978704849084,1.9135086163641408,,,,
CNN-LSTM (+Weather),3,42.0,validation,target_transition,positive_to_positive,3077,0.0,1.7476613470006537,2.458393271760013,1.7476613470006537,,,,
CNN-LSTM (+Weather),3,42.0,validation,target_transition,positive_to_zero,215,1.0,0.5013825582903485,0.9319652108124099,0.5013825582903485,,,,
CNN-LSTM (+Weather),3,42.0,validation,target_transition,zero_to_positive,214,0.0,0.2977261100922388,0.5341634970386999,0.2977261100922388,,,,
CNN-LSTM (+Weather),3,42.0,validation,target_transition,zero_to_zero,741,1.0,0.24232250585769996,0.4204710615487397,0.24232250585769996,,,,
CNN-LSTM (+Weather),3,42.0,validation,issue_wind,12_or_more,23,0.0,3.902997298188582,4.213599040242573,3.902997298188582,,,,
CNN-LSTM (+Weather),3,42.0,validation,issue_wind,3_to_6,1967,0.08286731062531774,1.6103883311556795,2.2580076284003288,1.6103883311556795,,,,
CNN-LSTM (+Weather),3,42.0,validation,issue_wind,6_to_12,672,0.0,2.5948169935742333,3.2344293474028314,2.5948169935742333,,,,
CNN-LSTM (+Weather),3,42.0,validation,issue_wind,below_3,1585,0.5003154574132492,0.4589941793251026,0.9753487890242042,0.4589941793251026,,,,
CNN-LSTM (+Weather),3,42.0,test,all,all,8734,0.1632699793908862,1.500289599670081,2.3872347945068237,1.500289599670081,,,,
CNN-LSTM (+Weather),3,42.0,test,season,autumn,2184,0.19688644688644688,1.116536823559592,1.910649741731481,1.116536823559592,,,,
CNN-LSTM (+Weather),3,42.0,test,season,spring,2208,0.15760869565217392,1.8186482435985978,2.894768599013023,1.8186482435985978,,,,
CNN-LSTM (+Weather),3,42.0,test,season,summer,2208,0.223731884057971,1.1519551050612913,1.891951682992872,1.1519551050612913,,,,
CNN-LSTM (+Weather),3,42.0,test,season,winter,2134,0.07216494845360824,1.9240490848281637,2.6859516392003977,1.9240490848281637,,,,
CNN-LSTM (+Weather),3,42.0,test,target_transition,positive_to_positive,6915,0.0,1.819741186033386,2.669074037175022,1.819741186033386,,,,
CNN-LSTM (+Weather),3,42.0,test,target_transition,positive_to_zero,393,1.0,0.4858180592571203,0.8521232019871493,0.4858180592571203,,,,
CNN-LSTM (+Weather),3,42.0,test,target_transition,zero_to_positive,393,0.0,0.282634090308642,0.4848102225028767,0.282634090308642,,,,
CNN-LSTM (+Weather),3,42.0,test,target_transition,zero_to_zero,1033,1.0,0.2110526305113965,0.3604528672799459,0.2110526305113965,,,,
CNN-LSTM (+Weather),3,42.0,test,issue_wind,12_or_more,38,0.0,3.6618666978069108,4.5759815860796165,3.6618666978069108,,,,
CNN-LSTM (+Weather),3,42.0,test,issue_wind,3_to_6,3668,0.059432933478735,1.684250271890833,2.461330164620799,1.684250271890833,,,,
CNN-LSTM (+Weather),3,42.0,test,issue_wind,6_to_12,1653,0.0012099213551119178,2.8949050629112443,3.6354456581815446,2.8949050629112443,,,,
CNN-LSTM (+Weather),3,42.0,test,issue_wind,below_3,3375,0.35733333333333334,0.5929689963596919,1.2061942366762644,0.5929689963596919,,,,
LightGBM (24h matched),3,42.0,validation,all,all,4247,0.22510007063809748,1.4311461570862678,2.0971445564075193,1.4311461570862678,,,,
LightGBM (24h matched),3,42.0,validation,season,autumn,2155,0.2640371229698376,1.3751547956379842,2.046797779924707,1.3751547956379842,,,,
LightGBM (24h matched),3,42.0,validation,season,summer,1407,0.2572850035536603,1.2256065597459336,1.8173957671471122,1.2256065597459336,,,,
LightGBM (24h matched),3,42.0,validation,season,winter,685,0.0364963503649635,2.0294754963255413,2.702536181227267,2.0294754963255413,,,,
LightGBM (24h matched),3,42.0,validation,target_transition,positive_to_positive,3077,0.0,1.7545104325929948,2.4113888423672134,1.7545104325929948,,,,
LightGBM (24h matched),3,42.0,validation,target_transition,positive_to_zero,215,1.0,0.8556428522876405,1.2076888421111018,0.8556428522876405,,,,
LightGBM (24h matched),3,42.0,validation,target_transition,zero_to_positive,214,0.0,0.47027105880370335,0.6691880169407893,0.47027105880370335,,,,
LightGBM (24h matched),3,42.0,validation,target_transition,zero_to_zero,741,1.0,0.5328581757502014,0.7131227425767759,0.5328581757502014,,,,
LightGBM (24h matched),3,42.0,validation,issue_wind,12_or_more,23,0.0,1.9269163760140429,2.69817773252679,1.9269163760140429,,,,
LightGBM (24h matched),3,42.0,validation,issue_wind,3_to_6,1967,0.08286731062531774,1.6369666244343564,2.2179627778419153,1.6369666244343564,,,,
LightGBM (24h matched),3,42.0,validation,issue_wind,6_to_12,672,0.0,2.641222928044706,3.261450610440579,2.641222928044706,,,,
LightGBM (24h matched),3,42.0,validation,issue_wind,below_3,1585,0.5003154574132492,0.6554848546300537,1.0315049452609926,0.6554848546300537,,,,
LightGBM (24h matched),3,42.0,test,all,all,8734,0.1632699793908862,1.587342731567178,2.337215458683409,1.587342731567178,,,,
LightGBM (24h matched),3,42.0,test,season,autumn,2184,0.19688644688644688,1.2015462627321085,1.8460385873957432,1.2015462627321085,,,,
LightGBM (24h matched),3,42.0,test,season,spring,2208,0.15760869565217392,1.9082120176130972,2.781619757172735,1.9082120176130972,,,,
LightGBM (24h matched),3,42.0,test,season,summer,2208,0.223731884057971,1.2602881701795523,1.881175823950851,1.2602881701795523,,,,
LightGBM (24h matched),3,42.0,test,season,winter,2134,0.07216494845360824,1.9885782404192305,2.6836883465127754,1.9885782404192305,,,,
LightGBM (24h matched),3,42.0,test,target_transition,positive_to_positive,6915,0.0,1.832066059234497,2.5874051396806634,1.832066059234497,,,,
LightGBM (24h matched),3,42.0,test,target_transition,positive_to_zero,393,1.0,0.9678132057968292,1.2559465131889462,0.9678132057968292,,,,
LightGBM (24h matched),3,42.0,test,target_transition,zero_to_positive,393,0.0,0.5397563307597205,0.7285546906834112,0.5397563307597205,,,,
LightGBM (24h matched),3,42.0,test,target_transition,zero_to_zero,1033,1.0,0.5833879864806024,0.754469509077933,0.5833879864806024,,,,
LightGBM (24h matched),3,42.0,test,issue_wind,12_or_more,38,0.0,3.578788321941771,4.563127109153747,3.578788321941771,,,,
LightGBM (24h matched),3,42.0,test,issue_wind,3_to_6,3668,0.059432933478735,1.7298201694391202,2.386080026675378,1.7298201694391202,,,,
LightGBM (24h matched),3,42.0,test,issue_wind,6_to_12,1653,0.0012099213551119178,2.8939085512990195,3.593390531966875,2.8939085512990195,,,,
LightGBM (24h matched),3,42.0,test,issue_wind,below_3,3375,0.35733333333333334,0.7701470353996959,1.178988854505872,0.7701470353996959,,,,
Quantile LightGBM (24h matched),3,42.0,validation,all,all,4247,0.22510007063809748,1.333797866599583,2.2271044906016444,0.9870193227111632,0.15952721921356253,0.9284200612196845,6.5497371808409275,8.151872158450898
Quantile LightGBM (24h matched),3,42.0,validation,season,autumn,2155,0.2640371229698376,1.254035960545185,2.1585498806006136,0.9242962311825739,0.18340900232018564,0.931322505800464,6.145819372027795,7.6019829546876405
Quantile LightGBM (24h matched),3,42.0,validation,season,summer,1407,0.2572850035536603,1.0940823806192934,1.8705016623789468,0.8180217898832559,0.18505394456289978,0.9481165600568585,5.847543549726309,6.766739035158202
Quantile LightGBM (24h matched),3,42.0,validation,season,winter,685,0.0364963503649635,2.0771067663389924,2.984496503797285,1.531468652540325,0.031963211678832114,0.8788321167883212,9.262772680068041,12.726899222075193
Quantile LightGBM (24h matched),3,42.0,validation,target_transition,positive_to_positive,3077,0.0,1.763284465251109,2.5671401868797,1.2937677803141827,0.00744686382840429,0.91875203119922,8.168607168158795,10.355889440366342
Quantile LightGBM (24h matched),3,42.0,validation,target_transition,positive_to_zero,215,1.0,0.4195103834499198,1.235152804881014,0.3315573215444115,0.7396776744186048,0.8511627906976744,2.977455841357386,3.25197252508361
Quantile LightGBM (24h matched),3,42.0,validation,target_transition,zero_to_positive,214,0.0,0.25407232099509824,0.6680991843392707,0.20835895081217282,0.04161401869158879,0.9906542056074766,2.358071633582018,2.3726532188312013
Quantile LightGBM (24h matched),3,42.0,validation,target_transition,zero_to_zero,741,1.0,0.12745888088540247,0.7003942936802088,0.12830494456372013,0.6567638326585695,0.9730094466936572,2.0744253915363275,2.0904282958311455
Quantile LightGBM (24h matched),3,42.0,validation,issue_wind,12_or_more,23,0.0,2.074675288256616,2.632156204779711,1.524262065699852,9.999999999999998e-05,1.0,10.917032016367518,10.917032016367518
Quantile LightGBM (24h matched),3,42.0,validation,issue_wind,3_to_6,1967,0.08286731062531774,1.6235904731256967,2.365305556730095,1.1905290549709573,0.06876085409252668,0.9105236400610066,7.585621042791682,9.333130419330484
Quantile LightGBM (24h matched),3,42.0,validation,issue_wind,6_to_12,672,0.0,2.656738199411058,3.4984655993903595,1.9460767716888707,0.00010357142857142859,0.8794642857142857,12.879533592159088,15.803969988987117
Quantile LightGBM (24h matched),3,42.0,validation,issue_wind,below_3,1585,0.5003154574132492,0.40251828213000085,1.0283815377779622,0.32004971251761455,0.3420741955835962,0.9703470031545741,2.5171475744812737,3.4014977622347673
Quantile LightGBM (24h matched),3,42.0,test,all,all,8734,0.1632699793908862,1.4975732723314243,2.513063658096248,1.1103651597880173,0.12044567208610031,0.9096633844744676,6.923671158083446,9.342631872702075
Quantile LightGBM (24h matched),3,42.0,test,season,autumn,2184,0.19688644688644688,1.1044148798019104,1.9353522469527116,0.8292049503885379,0.13910728021978022,0.9468864468864469,5.772229774520248,7.142046596819675
Quantile LightGBM (24h matched),3,42.0,test,season,spring,2208,0.15760869565217392,1.828827160499003,2.9257931409387212,1.3328631361925884,0.11662481884057972,0.8817934782608695,7.369131677925514,10.854713816562688
Quantile LightGBM (24h matched),3,42.0,test,season,summer,2208,0.223731884057971,1.0999529644017916,1.9258909686346557,0.8142113587863864,0.16599823369565217,0.9393115942028986,5.4401277444130445,6.729824903314421
Quantile LightGBM (24h matched),3,42.0,test,season,winter,2134,0.07216494845360824,1.968611221778038,3.05283478391636,1.4743229658043109,0.05816799437675726,0.8697282099343955,9.176171163366936,12.733671750345408
Quantile LightGBM (24h matched),3,42.0,test,target_transition,positive_to_positive,6915,0.0,1.8228994288089735,2.7848635861319453,1.3444234058499342,0.006538206796818512,0.9018076644974693,8.068456354874662,11.099848954777741
Quantile LightGBM (24h matched),3,42.0,test,target_transition,positive_to_zero,393,1.0,0.5057631103305094,1.3291867046861958,0.38760846816200767,0.7558834605597965,0.816793893129771,3.3232319207686136,3.613754996170113
Quantile LightGBM (24h matched),3,42.0,test,target_transition,zero_to_positive,393,0.0,0.27280982918748126,0.7375249518252653,0.22304295188877885,0.040840712468193374,0.9847328244274809,2.5936513382344932,2.6576795942977416
Quantile LightGBM (24h matched),3,42.0,test,target_transition,zero_to_zero,1033,1.0,0.1630941385266583,0.77618304067186,0.15610401360724976,0.6714890609874153,0.9690222652468539,2.27747636007191,2.302437037597274
Quantile LightGBM (24h matched),3,42.0,test,issue_wind,12_or_more,38,0.0,3.811932080997258,5.299073377202365,2.970765406953557,9.999999999999998e-05,0.6842105263157895,14.66203549563194,25.459330637783406
Quantile LightGBM (24h matched),3,42.0,test,issue_wind,3_to_6,3668,0.059432933478735,1.6887265460853085,2.5082624038233265,1.2254356121437464,0.05173598691384951,0.9018538713195202,7.4516865664396725,9.634137817200568
Quantile LightGBM (24h matched),3,42.0,test,issue_wind,6_to_12,1653,0.0012099213551119178,2.951673041795628,3.989532920768227,2.198460696126043,0.0013457350272232304,0.8106473079249849,13.16830289269449,18.975481659239197
Quantile LightGBM (24h matched),3,42.0,test,issue_wind,below_3,3375,0.35733333333333334,0.5515813429142756,1.1808203501315593,0.4314331449139843,0.2548078814814815,0.9691851851851851,3.204206085493949,4.126401041697802
Hurdle Quantile LightGBM (24h matched),3,42.0,validation,all,all,4247,0.22510007063809748,1.3205824794238574,2.1684912481475394,0.9630199651723254,0.10761531775781107,0.9376030138921592,6.4499298198885535,7.9716257301489915
Hurdle Quantile LightGBM (24h matched),3,42.0,validation,season,autumn,2155,0.2640371229698376,1.2296235251284577,2.104552956006066,0.8999384604652101,0.11482354115713865,0.9443155452436195,6.0935514330440395,7.433557379630793
Hurdle Quantile LightGBM (24h matched),3,42.0,validation,season,summer,1407,0.2572850035536603,1.0995980221684762,1.8383476233278107,0.8049188888246621,0.1334565236054044,0.9516702203269367,5.761113776835251,6.728385293962755
Hurdle Quantile LightGBM (24h matched),3,42.0,validation,season,winter,685,0.0364963503649635,2.060643323022264,2.877323313914389,1.4862153769460422,0.031860138118227445,0.8875912408759125,8.985929230437346,12.218014911288783
Hurdle Quantile LightGBM (24h matched),3,42.0,validation,target_transition,positive_to_positive,3077,0.0,1.7532207883503985,2.5010306564052374,1.2653150303679737,0.0367394416657871,0.9200519987000325,7.968632612507279,10.043091269237895
Hurdle Quantile LightGBM (24h matched),3,42.0,validation,target_transition,positive_to_zero,215,1.0,0.3672036561764242,1.2066292367541163,0.30653593047372985,0.4218991784870136,0.9488372093023256,3.279719755765716,3.4439734903041015
Hurdle Quantile LightGBM (24h matched),3,42.0,validation,target_transition,zero_to_positive,214,0.0,0.2519615637200793,0.6523785313149167,0.2090644033453193,0.2482395433941895,0.985981308411215,2.526072379981344,2.6827211664746744
Hurdle Quantile LightGBM (24h matched),3,42.0,validation,target_transition,zero_to_zero,741,1.0,0.10929131396075321,0.6568241521629071,0.1159601029377341,0.27012605512919335,0.9932523616734144,2.1965589198058737,2.2109932664734293
Hurdle Quantile LightGBM (24h matched),3,42.0,validation,issue_wind,12_or_more,23,0.0,1.9452754624659552,2.535955309035204,1.4402376005925936,0.002402783676956446,1.0,11.167382636141706,11.167382636141706
Hurdle Quantile LightGBM (24h matched),3,42.0,validation,issue_wind,3_to_6,1967,0.08286731062531774,1.6119789692603579,2.323934237733849,1.1683490715746438,0.05598818484293664,0.9267920691408236,7.51804152335867,9.286864476792642
Hurdle Quantile LightGBM (24h matched),3,42.0,validation,issue_wind,6_to_12,672,0.0,2.624907519406219,3.3586389559263288,1.874419990597972,0.0005884976824319529,0.8764880952380952,11.909812852516946,14.776428556787485
Hurdle Quantile LightGBM (24h matched),3,42.0,validation,issue_wind,below_3,1585,0.5003154574132492,0.396890832113756,1.0107932794070673,0.3148690661224446,0.21858849240643716,0.97602523659306,2.7410853193044376,3.407963570535768
Hurdle Quantile LightGBM (24h matched),3,42.0,test,all,all,8734,0.1632699793908862,1.485927361721631,2.444153588244198,1.0878315573929704,0.0931750569898026,0.9151591481566292,6.79188971637197,9.255090039002727
Hurdle Quantile LightGBM (24h matched),3,42.0,test,season,autumn,2184,0.19688644688644688,1.0877386247535257,1.9037616948883471,0.8122785272999241,0.10566583463139341,0.9523809523809523,5.772302183333071,7.156462404611529
Hurdle Quantile LightGBM (24h matched),3,42.0,test,season,spring,2208,0.15760869565217392,1.81144644983015,2.8819487790056977,1.3197355743882029,0.0951132699891299,0.8881340579710145,7.229976242415499,10.939860382609202
Hurdle Quantile LightGBM (24h matched),3,42.0,test,season,summer,2208,0.223731884057971,1.0955610723283211,1.9001927923538977,0.8004717588684237,0.11855905967544667,0.9424818840579711,5.431704194855555,6.76621081244439
Hurdle Quantile LightGBM (24h matched),3,42.0,test,season,winter,2134,0.07216494845360824,1.960541617567536,2.900175399883035,1.4272196470555474,0.05212195923832597,0.8767572633552015,8.78944067895917,12.234881588706617
Hurdle Quantile LightGBM (24h matched),3,42.0,test,target_transition,positive_to_positive,6915,0.0,1.8116821601701318,2.7081321820402384,1.3178961216013878,0.03551549317137171,0.8994938539407086,7.8632050579908785,10.956012196917191
Hurdle Quantile LightGBM (24h matched),3,42.0,test,target_transition,positive_to_zero,393,1.0,0.49187615423569114,1.321332058569477,0.3793895611586957,0.46824079058497764,0.9185750636132316,3.5712245026030693,3.8076914794405674
Hurdle Quantile LightGBM (24h matched),3,42.0,test,target_transition,zero_to_positive,393,0.0,0.28218609271489675,0.7359108812605638,0.23231028605214554,0.23523970120872306,0.9974554707379135,2.8122614387785125,2.8143599607057617
Hurdle Quantile LightGBM (24h matched),3,42.0,test,target_transition,zero_to_zero,1033,1.0,0.141433665681202,0.7379066709010805,0.1427600207577426,0.2824138230338588,0.9874152952565344,2.3597210375826707,2.391738473368772
Hurdle Quantile LightGBM (24h matched),3,42.0,test,issue_wind,12_or_more,38,0.0,3.5526677934556785,4.923947743818122,2.7870656441170985,0.00039813177091495706,0.6842105263157895,13.57941801032742,24.115930202635244
Hurdle Quantile LightGBM (24h matched),3,42.0,test,issue_wind,3_to_6,3668,0.059432933478735,1.6730150771932062,2.475230898958727,1.2077481787408797,0.048326291362937306,0.9184841875681571,7.408304506709382,9.603505950878914
Hurdle Quantile LightGBM (24h matched),3,42.0,test,issue_wind,6_to_12,1653,0.0012099213551119178,2.9352294915816852,3.8266662624694194,2.134142517226094,0.0015910459986210631,0.7931034482758621,12.093086437156597,18.326172910817263
Hurdle Quantile LightGBM (24h matched),3,42.0,test,issue_wind,below_3,3375,0.35733333333333334,0.5494917180433199,1.1644262508387757,0.4259124228733257,0.18781777273679007,0.973925925925926,3.4491300999023626,4.2662896010503415
EMFN (Proposed),6,42.0,validation,all,all,4244,0.22525918944392084,1.6733494950522632,2.6401091354282293,1.1979751656236353,0.11861722395900895,0.9227144203581527,6.761907413261337,9.38399335574077
EMFN (Proposed),6,42.0,validation,season,autumn,2158,0.26367006487488415,1.5725694117866853,2.6144471296627634,1.1362735334507164,0.13387542140763284,0.9207599629286376,6.228836689939297,8.980275916301794
EMFN (Proposed),6,42.0,validation,season,summer,1404,0.25783475783475784,1.4353543032424183,2.3031853848449617,1.0265339462018863,0.13667070289556177,0.9209401709401709,5.853087669827928,8.082090767308596
EMFN (Proposed),6,42.0,validation,season,winter,682,0.036656891495601175,2.4821891856507063,3.2902216563563815,1.7461505238308122,0.033171073634887985,0.9325513196480938,10.319604687028889,13.341608412145582
EMFN (Proposed),6,42.0,validation,target_transition,positive_to_positive,3073,0.0,2.227902755966713,3.0407022285384353,1.5695843019941362,0.050979247617373415,0.9010738691832086,8.166289387828794,11.724600089935226
EMFN (Proposed),6,42.0,validation,target_transition,positive_to_zero,215,1.0,0.3822706333530691,1.4162110996710358,0.3383030046373166,0.3787625546071305,0.9488372093023256,3.4819767242609996,3.9903952492972112
EMFN (Proposed),6,42.0,validation,target_transition,zero_to_positive,215,0.0,0.38514143766653136,1.0712970214427975,0.3080298483010126,0.2091056544877715,0.9674418604651163,3.2251245836285665,3.470797786617013
EMFN (Proposed),6,42.0,validation,target_transition,zero_to_zero,741,1.0,0.12193858656799135,0.8139332751564495,0.16452426382859278,0.2973827336011357,0.9919028340080972,2.9156558594965998,2.9579152802581867
EMFN (Proposed),6,42.0,validation,issue_wind,12_or_more,23,0.0,3.9443598230208523,4.670473411603403,2.724525045740772,1.3423066134861202e-05,0.782608695652174,12.442298087549306,16.961098143107705
EMFN (Proposed),6,42.0,validation,issue_wind,3_to_6,1966,0.10528992878942015,1.9633543573699521,2.7693039428714608,1.4030859201226702,0.07291703713034933,0.9109867751780264,7.875480682009519,10.887460423417343
EMFN (Proposed),6,42.0,validation,issue_wind,6_to_12,670,0.005970149253731343,3.3486578712267425,3.9915117335628136,2.2880256283186284,0.005484021346069689,0.8805970149253731,11.567151523270889,15.282073775119434
EMFN (Proposed),6,42.0,validation,issue_wind,below_3,1585,0.47003154574132494,0.5725044421205563,1.4489916594068877,0.46062992865616376,0.22484668798194288,0.9570977917981073,3.2669878009118456,4.915978500128602
EMFN (Proposed),6,42.0,test,all,all,8731,0.16332607948688582,2.057740071194112,3.2328628751878847,1.4868526899958678,0.1139266471184807,0.8875272019241782,7.106834523691282,11.941692894548607
EMFN (Proposed),6,42.0,test,season,autumn,2184,0.19688644688644688,1.3965709336595087,2.3221149742696086,1.016335524057155,0.12758967146354389,0.9358974358974359,5.782035454041795,8.484578949103327
EMFN (Proposed),6,42.0,test,season,spring,2208,0.15760869565217392,2.640430741623189,4.075816279542154,1.9528398128328606,0.11805594745383033,0.8319746376811594,7.343298662765151,17.326596027628096
EMFN (Proposed),6,42.0,test,season,summer,2208,0.223731884057971,1.4149003730498304,2.3530764870048477,1.0263302164829595,0.14454637797787917,0.904891304347826,5.429640112185974,8.413537979440914
EMFN (Proposed),6,42.0,test,season,winter,2131,0.07226654152979822,2.7976755238317206,3.7874705169056737,1.9634099610904578,0.06391918299477264,0.8775222900046926,9.95737117767678,13.560949953005087
EMFN (Proposed),6,42.0,test,target_transition,positive_to_positive,6912,0.0,2.492966396511809,3.5641273189121643,1.7870352362029962,0.049948802176065066,0.8703703703703703,8.004438336165503,14.0376329476763
EMFN (Proposed),6,42.0,test,target_transition,positive_to_zero,393,1.0,0.5815439416073885,1.7284480510352764,0.4722823142016832,0.4774536950554785,0.9083969465648855,4.156104125886235,4.805394573955214
EMFN (Proposed),6,42.0,test,target_transition,zero_to_positive,393,0.0,0.44075639321761867,1.1969742821504283,0.3521072993715798,0.16302132135568095,0.9847328244274809,3.778627956290301,3.8853087740645913
EMFN (Proposed),6,42.0,test,target_transition,zero_to_zero,1033,1.0,0.32234346303963074,1.286937691494242,0.295971118668461,0.3850346117143345,0.957405614714424,3.4895883237921006,3.6973429934109525
EMFN (Proposed),6,42.0,test,issue_wind,12_or_more,38,0.0,5.165262170755813,5.98479563335912,3.534974037824858,0.0005892807490571341,0.7894736842105263,13.09483504308179,26.0105960518268
EMFN (Proposed),6,42.0,test,issue_wind,3_to_6,3668,0.08724100327153762,2.2130002759401552,3.2376359277315094,1.5942200331838194,0.07731835870322068,0.88113413304253,7.794516982473385,12.433233837565501
EMFN (Proposed),6,42.0,test,issue_wind,6_to_12,1650,0.011515151515151515,3.932080895822643,4.851153095659787,2.7845029150742193,0.012460208302967936,0.8066666666666666,11.585649554739685,20.606465708212525
EMFN (Proposed),6,42.0,test,issue_wind,below_3,3375,0.32207407407407407,0.9376681804003613,1.9329892023205637,0.7126971648372938,0.2045949866369423,0.9351111111111111,4.102387685238107,7.012962334101786
CNN-LSTM (+Weather),6,42.0,validation,all,all,4244,0.22525918944392084,1.7946399107247721,2.8438415397830066,1.7946399107247721,,,,
CNN-LSTM (+Weather),6,42.0,validation,season,autumn,2158,0.26367006487488415,1.7032013346181876,2.797227393304774,1.7032013346181876,,,,
CNN-LSTM (+Weather),6,42.0,validation,season,summer,1404,0.25783475783475784,1.4676066227427953,2.319127077933676,1.4676066227427953,,,,
CNN-LSTM (+Weather),6,42.0,validation,season,winter,682,0.036656891495601175,2.7572193587668608,3.80743190569233,2.7572193587668608,,,,
CNN-LSTM (+Weather),6,42.0,validation,target_transition,positive_to_positive,3073,0.0,2.3005735170883193,3.3070662293066944,2.3005735170883193,,,,
CNN-LSTM (+Weather),6,42.0,validation,target_transition,positive_to_zero,215,1.0,0.6407585836080618,1.1011122430252385,0.6407585836080618,,,,
CNN-LSTM (+Weather),6,42.0,validation,target_transition,zero_to_positive,215,0.0,0.46348632100440845,0.8601892331692121,0.46348632100440845,,,,
CNN-LSTM (+Weather),6,42.0,validation,target_transition,zero_to_zero,741,1.0,0.41751242727644533,0.6308245453640499,0.41751242727644533,,,,
CNN-LSTM (+Weather),6,42.0,validation,issue_wind,12_or_more,23,0.0,4.383558242219344,4.908172137352154,4.383558242219344,,,,
CNN-LSTM (+Weather),6,42.0,validation,issue_wind,3_to_6,1966,0.10528992878942015,2.1554641320306707,3.1190683521591165,2.1554641320306707,,,,
CNN-LSTM (+Weather),6,42.0,validation,issue_wind,6_to_12,670,0.005970149253731343,3.2704632271671863,4.062131250974859,3.2704632271671863,,,,
CNN-LSTM (+Weather),6,42.0,validation,issue_wind,below_3,1585,0.47003154574132494,0.6856637828205515,1.5043546977017723,0.6856637828205515,,,,
CNN-LSTM (+Weather),6,42.0,test,all,all,8731,0.16332607948688582,2.059024904122393,3.3060373007223296,2.059024904122393,,,,
CNN-LSTM (+Weather),6,42.0,test,season,autumn,2184,0.19688644688644688,1.4904588607160574,2.6461078179888595,1.4904588607160574,,,,
CNN-LSTM (+Weather),6,42.0,test,season,spring,2208,0.15760869565217392,2.5149218816260306,3.940732344986409,2.5149218816260306,,,,
CNN-LSTM (+Weather),6,42.0,test,season,summer,2208,0.223731884057971,1.4461731346893791,2.377292197962886,1.4461731346893791,,,,
CNN-LSTM (+Weather),6,42.0,test,season,winter,2131,0.07226654152979822,2.804357808570771,3.957142572978406,2.804357808570771,,,,
CNN-LSTM (+Weather),6,42.0,test,target_transition,positive_to_positive,6912,0.0,2.468726930676883,3.6878055385779493,2.468726930676883,,,,
CNN-LSTM (+Weather),6,42.0,test,target_transition,positive_to_zero,393,1.0,0.7233381236858344,1.3005350612011803,0.7233381236858344,,,,
CNN-LSTM (+Weather),6,42.0,test,target_transition,zero_to_positive,393,0.0,0.4574442349301865,0.830132275135261,0.4574442349301865,,,,
CNN-LSTM (+Weather),6,42.0,test,target_transition,zero_to_zero,1033,1.0,0.4351001220889613,0.6892120288783827,0.4351001220889613,,,,
CNN-LSTM (+Weather),6,42.0,test,issue_wind,12_or_more,38,0.0,4.700227963032772,5.5665651257527,4.700227963032772,,,,
CNN-LSTM (+Weather),6,42.0,test,issue_wind,3_to_6,3668,0.08724100327153762,2.2900570124188553,3.447171337009827,2.2900570124188553,,,,
CNN-LSTM (+Weather),6,42.0,test,issue_wind,6_to_12,1650,0.011515151515151515,3.808049030641329,4.781568408848402,3.808049030641329,,,,
CNN-LSTM (+Weather),6,42.0,test,issue_wind,below_3,3375,0.32207407407407407,0.9231193342775733,1.9580716429588252,0.9231193342775733,,,,
LightGBM (24h matched),6,42.0,validation,all,all,4244,0.22525918944392084,1.835486746841186,2.604119154134887,1.835486746841186,,,,
LightGBM (24h matched),6,42.0,validation,season,autumn,2158,0.26367006487488415,1.7464088164965916,2.4822979667502247,1.7464088164965916,,,,
LightGBM (24h matched),6,42.0,validation,season,summer,1404,0.25783475783475784,1.566623800320454,2.2455098234925064,1.566623800320454,,,,
LightGBM (24h matched),6,42.0,validation,season,winter,682,0.036656891495601175,2.6708441524111883,3.510319126097738,2.6708441524111883,,,,
LightGBM (24h matched),6,42.0,validation,target_transition,positive_to_positive,3073,0.0,2.1640268304574963,2.9538140414066363,2.1640268304574963,,,,
LightGBM (24h matched),6,42.0,validation,target_transition,positive_to_zero,215,1.0,1.219432971858392,1.6917768371921058,1.219432971858392,,,,
LightGBM (24h matched),6,42.0,validation,target_transition,zero_to_positive,215,0.0,0.8989773183271218,1.2814807627167115,0.8989773183271218,,,,
LightGBM (24h matched),6,42.0,validation,target_transition,zero_to_zero,741,1.0,0.9234724577708805,1.1616995471008826,0.9234724577708805,,,,
LightGBM (24h matched),6,42.0,validation,issue_wind,12_or_more,23,0.0,2.360101589899306,2.8824026707532733,2.360101589899306,,,,
LightGBM (24h matched),6,42.0,validation,issue_wind,3_to_6,1966,0.10528992878942015,2.0961640652204947,2.8272722547124176,2.0961640652204947,,,,
LightGBM (24h matched),6,42.0,validation,issue_wind,6_to_12,670,0.005970149253731343,3.0377911803921194,3.692069332292367,3.0377911803921194,,,,
LightGBM (24h matched),6,42.0,validation,issue_wind,below_3,1585,0.47003154574132494,0.9963058510663072,1.5363413444182317,0.9963058510663072,,,,
LightGBM (24h matched),6,42.0,test,all,all,8731,0.16332607948688582,2.1527855704681116,3.09817105839663,2.1527855704681116,,,,
LightGBM (24h matched),6,42.0,test,season,autumn,2184,0.19688644688644688,1.6055318866794244,2.3949134969643184,1.6055318866794244,,,,
LightGBM (24h matched),6,42.0,test,season,spring,2208,0.15760869565217392,2.679594977043256,3.7815750207144223,2.679594977043256,,,,
LightGBM (24h matched),6,42.0,test,season,summer,2208,0.223731884057971,1.5821220729359422,2.3028928689585535,1.5821220729359422,,,,
LightGBM (24h matched),6,42.0,test,season,winter,2131,0.07226654152979822,2.759088657388619,3.6244746830281485,2.759088657388619,,,,
LightGBM (24h matched),6,42.0,test,target_transition,positive_to_positive,6912,0.0,2.400775545676998,3.384901763020029,2.400775545676998,,,,
LightGBM (24h matched),6,42.0,test,target_transition,positive_to_zero,393,1.0,1.5393435552677008,1.9797683707049036,1.5393435552677008,,,,
LightGBM (24h matched),6,42.0,test,target_transition,zero_to_positive,393,0.0,1.1428239605087396,1.5489083660884648,1.1428239605087396,,,,
LightGBM (24h matched),6,42.0,test,target_transition,zero_to_zero,1033,1.0,1.1110536402105806,1.4353005153354514,1.1110536402105806,,,,
LightGBM (24h matched),6,42.0,test,issue_wind,12_or_more,38,0.0,4.645879955996985,5.633594524443085,4.645879955996985,,,,
LightGBM (24h matched),6,42.0,test,issue_wind,3_to_6,3668,0.08724100327153762,2.2733913528767147,3.166536810450614,2.2733913528767147,,,,
LightGBM (24h matched),6,42.0,test,issue_wind,6_to_12,1650,0.011515151515151515,3.6814749219201865,4.483647728584634,3.6814749219201865,,,,
LightGBM (24h matched),6,42.0,test,issue_wind,below_3,3375,0.32207407407407407,1.2462797848619547,1.9360847531364132,1.2462797848619547,,,,
Quantile LightGBM (24h matched),6,42.0,validation,all,all,4244,0.22525918944392084,1.6710379461171911,2.6866620330297577,1.21621202470525,0.15924615928369462,0.9319038642789821,7.5762952471669704,9.642790008703608
Quantile LightGBM (24h matched),6,42.0,validation,season,autumn,2158,0.26367006487488415,1.5216064290183546,2.5269152768155765,1.1106410148995485,0.18303707136237257,0.93790546802595,7.3816695331709195,9.157686295899639
Quantile LightGBM (24h matched),6,42.0,validation,season,summer,1404,0.25783475783475784,1.3725948124268879,2.269525400320791,1.0144753604319496,0.18479950142450138,0.9430199430199431,6.447294054773604,7.975043711253304
Quantile LightGBM (24h matched),6,42.0,validation,season,winter,682,0.036656891495601175,2.758262834094427,3.7562684496746117,1.9655676197205247,0.03136099706744867,0.8900293255131965,10.51635384676193,14.61107389998102
Quantile LightGBM (24h matched),6,42.0,validation,target_transition,positive_to_positive,3073,0.0,2.172941448778228,3.0674324156423056,1.5633116287394129,0.011301561991539213,0.9205987634233648,8.948500578907918,11.789706280827566
Quantile LightGBM (24h matched),6,42.0,validation,target_transition,positive_to_zero,215,1.0,0.5962698473945234,1.5690295972581003,0.44969344425357183,0.7011148837209303,0.8976744186046511,4.402098581760783,4.490499859845118
Quantile LightGBM (24h matched),6,42.0,validation,target_transition,zero_to_positive,215,0.0,0.3991527555665838,1.1852628593096641,0.33678138763959864,0.04828604651162791,1.0,4.212670275864312,4.212670275864312
Quantile LightGBM (24h matched),6,42.0,validation,target_transition,zero_to_zero,741,1.0,0.2704724852756088,1.0948337126057792,0.2543253830982904,0.6477595141700405,0.9689608636977058,3.7825633543902737,3.8097865273650005
Quantile LightGBM (24h matched),6,42.0,validation,issue_wind,12_or_more,23,0.0,2.231283640753703,2.6095380261868346,1.6225811368949348,9.999999999999998e-05,1.0,11.231267574048521,11.231267574048521
Quantile LightGBM (24h matched),6,42.0,validation,issue_wind,3_to_6,1966,0.10528992878942015,2.067292957900622,2.907834367044889,1.4680652303404993,0.08490244150559513,0.9155645981688708,8.453693436304835,10.994340515190816
Quantile LightGBM (24h matched),6,42.0,validation,issue_wind,6_to_12,670,0.005970149253731343,2.951783022512336,3.903109035621657,2.174088774325071,0.005577014925373134,0.8880597014925373,13.368411349294373,16.12827679730845
Quantile LightGBM (24h matched),6,42.0,validation,issue_wind,below_3,1585,0.47003154574132494,0.6300144727243764,1.5168349282792213,0.49301498110616904,0.3187278233438485,0.9697160883280758,3.9865495110226927,5.201806142380561
Quantile LightGBM (24h matched),6,42.0,test,all,all,8731,0.16332607948688582,1.982537916842797,3.2008760690059344,1.4522937084036915,0.12250423777345094,0.9003550566945367,8.168463811848223,12.008678332352313
Quantile LightGBM (24h matched),6,42.0,test,season,autumn,2184,0.19688644688644688,1.393551113196795,2.4218868685017645,1.052237297133457,0.14126309523809524,0.9377289377289377,7.029089658876159,9.461633325942932
Quantile LightGBM (24h matched),6,42.0,test,season,spring,2208,0.15760869565217392,2.4981675420819984,3.7789924830840347,1.7956064703497026,0.12094578804347825,0.8704710144927537,8.868769798884374,14.419131923198654
Quantile LightGBM (24h matched),6,42.0,test,season,summer,2208,0.223731884057971,1.339097422564506,2.3170628687312473,0.9913806832369961,0.16535307971014493,0.9307065217391305,6.295160986703159,8.323826529944022
Quantile LightGBM (24h matched),6,42.0,test,season,winter,2131,0.07226654152979822,2.718602477143679,3.950528832138011,1.9841494490913791,0.06049648052557485,0.8615673392773345,10.551556335844216,15.939517161600023
Quantile LightGBM (24h matched),6,42.0,test,target_transition,positive_to_positive,6912,0.0,2.364967325459403,3.5109050195403366,1.7228401512089369,0.010745601851851852,0.8923611111111112,9.079409472326812,13.913089806664335
Quantile LightGBM (24h matched),6,42.0,test,target_transition,positive_to_zero,393,1.0,0.8207593550122769,1.9631512079962896,0.6151420593643284,0.7337687022900765,0.8447837150127226,5.384161702148019,5.53718054269293
Quantile LightGBM (24h matched),6,42.0,test,target_transition,zero_to_positive,393,0.0,0.5241359916389705,1.435835271381647,0.42628422862250437,0.04191272264631043,0.9770992366412213,4.97325849583179,4.987691416055294
Quantile LightGBM (24h matched),6,42.0,test,target_transition,zero_to_zero,1033,1.0,0.42046517632635905,1.3665639604851938,0.3508467683810564,0.6684105517909004,0.9457889641819942,4.348028200114083,4.3990504320581865
Quantile LightGBM (24h matched),6,42.0,test,issue_wind,12_or_more,38,0.0,5.042238273408491,6.085415899403388,3.499999762375596,0.00016315789473684216,0.7368421052631579,15.00753109272558,26.048848165038773
Quantile LightGBM (24h matched),6,42.0,test,issue_wind,3_to_6,3668,0.08724100327153762,2.178986493473199,3.2477417305077547,1.576041023769328,0.07274877317339148,0.8950381679389313,8.705014404547628,12.590753109722145
Quantile LightGBM (24h matched),6,42.0,test,issue_wind,6_to_12,1650,0.011515151515151515,3.706759903095605,4.741628258866657,2.6724753476287804,0.011323333333333331,0.8036363636363636,13.491522801934288,20.659764336136966
Quantile LightGBM (24h matched),6,42.0,test,issue_wind,below_3,3375,0.32207407407407407,0.8916317627844447,1.9059930820647837,0.6982143935789555,0.23231179259259258,0.9552592592592593,4.905945452044738,6.988569104714
Hurdle Quantile LightGBM (24h matched),6,42.0,validation,all,all,4244,0.22525918944392084,1.6682571753508597,2.658647076933701,1.2028501060983587,0.12528038159006147,0.9370876531573987,7.722911558300342,9.65651334246659
Hurdle Quantile LightGBM (24h matched),6,42.0,validation,season,autumn,2158,0.26367006487488415,1.516822380865702,2.508020543558158,1.0988434426940785,0.13592397012739918,0.9504170528266914,7.596213239918864,9.171782364443375
Hurdle Quantile LightGBM (24h matched),6,42.0,validation,season,summer,1404,0.25783475783475784,1.3770775421466608,2.256594766205246,1.0054529134419568,0.15335031760945023,0.9387464387464387,6.562916369374387,8.066133190925905
Hurdle Quantile LightGBM (24h matched),6,42.0,validation,season,winter,682,0.036656891495601175,2.7468678667257365,3.687708537092327,1.938322302749422,0.03381549268273508,0.8914956011730205,10.51183856170103,14.464347922139938
Hurdle Quantile LightGBM (24h matched),6,42.0,validation,target_transition,positive_to_positive,3073,0.0,2.177841812270964,3.0317610571017215,1.5484189049764465,0.03944988803229139,0.9209241783273674,8.992838198745433,11.639010259476667
Hurdle Quantile LightGBM (24h matched),6,42.0,validation,target_transition,positive_to_zero,215,1.0,0.5537688298338368,1.5844838185975187,0.43480760220121245,0.44591818544972806,0.9395348837209302,4.710976759576736,4.907955676385068
Hurdle Quantile LightGBM (24h matched),6,42.0,validation,target_transition,zero_to_positive,215,0.0,0.3842622598447588,1.2152839137516682,0.34191037971182825,0.1630259553589628,0.9953488372093023,4.610619220634795,4.654237670753623
Hurdle Quantile LightGBM (24h matched),6,42.0,validation,target_transition,zero_to_zero,741,1.0,0.25087567989133386,1.0991863670850965,0.2423889192678955,0.3772435131863979,0.9865047233468286,4.233335671979022,4.264092481000792
Hurdle Quantile LightGBM (24h matched),6,42.0,validation,issue_wind,12_or_more,23,0.0,2.21231605125499,2.6091423188582423,1.5856401520715788,0.00065117815425554,1.0,11.149991879277657,11.149991879277657
Hurdle Quantile LightGBM (24h matched),6,42.0,validation,issue_wind,3_to_6,1966,0.10528992878942015,2.0641549328890734,2.896675652257061,1.4615270675851793,0.07388817563786317,0.9247202441505595,8.5302875011372,10.982070920690338
Hurdle Quantile LightGBM (24h matched),6,42.0,validation,issue_wind,6_to_12,670,0.005970149253731343,2.9558704419303705,3.809152041493793,2.125623167192969,0.006076138140723985,0.8776119402985074,12.864819666584495,15.769946854272277
Hurdle Quantile LightGBM (24h matched),6,42.0,validation,issue_wind,below_3,1585,0.47003154574132494,0.6250084472283388,1.51211704237362,0.4863699620769946,0.24122384638003086,0.9766561514195583,4.498178193284491,5.406420813731982
Hurdle Quantile LightGBM (24h matched),6,42.0,test,all,all,8731,0.16332607948688582,1.9778069004267802,3.1547889720014832,1.4386142688232546,0.11104473142579978,0.9092887412667506,8.375495237105609,12.114911273377519
Hurdle Quantile LightGBM (24h matched),6,42.0,test,season,autumn,2184,0.19688644688644688,1.3989254810610088,2.4049073488166997,1.0408705332335595,0.12931531035719562,0.9555860805860806,7.296553236535087,9.507815682821317
Hurdle Quantile LightGBM (24h matched),6,42.0,test,season,spring,2208,0.15760869565217392,2.4997574437419674,3.7520701445502795,1.7944601784264833,0.11208208160284534,0.8826992753623188,9.047947007188426,14.49959141920709
Hurdle Quantile LightGBM (24h matched),6,42.0,test,season,summer,2208,0.223731884057971,1.320577862858698,2.2980664229582257,0.9802812555311683,0.1387655787200649,0.9393115942028986,6.628412485354273,8.574324742027084
Hurdle Quantile LightGBM (24h matched),6,42.0,test,season,winter,2131,0.07226654152979822,2.711252200851575,3.8459696255348605,1.9524405679658596,0.06252242058449405,0.8582824964805256,10.59473246693672,15.984520878729372
Hurdle Quantile LightGBM (24h matched),6,42.0,test,target_transition,positive_to_positive,6912,0.0,2.356004291703245,3.4523927474488256,1.7030985190945902,0.03970554568383547,0.8929398148148148,9.228957767736874,13.923607325864715
Hurdle Quantile LightGBM (24h matched),6,42.0,test,target_transition,positive_to_zero,393,1.0,0.8338869852091595,1.9978228963551874,0.6170710909900454,0.5197329264640648,0.9312977099236641,5.76810142076508,6.049428437564781
Hurdle Quantile LightGBM (24h matched),6,42.0,test,target_transition,zero_to_positive,393,0.0,0.54263713154066,1.484966204438468,0.44642529557009925,0.13572310778350727,0.9923664122137404,5.422941845250828,5.458017172853922
Hurdle Quantile LightGBM (24h matched),6,42.0,test,target_transition,zero_to_zero,1033,1.0,0.4284185919561582,1.4181566193374007,0.3589255926388093,0.4235165506802433,0.978702807357212,4.780070494702358,4.852749628836037
Hurdle Quantile LightGBM (24h matched),6,42.0,test,issue_wind,12_or_more,38,0.0,4.878106660273511,5.789187684272689,3.345877939241717,0.0009664709819638414,0.6842105263157895,14.461024055980802,25.39501412309656
Hurdle Quantile LightGBM (24h matched),6,42.0,test,issue_wind,3_to_6,3668,0.08724100327153762,2.173606976035822,3.2157577514141344,1.5627696543360485,0.07184573243639727,0.9119411123227917,8.922967690747438,12.734644748550483
Hurdle Quantile LightGBM (24h matched),6,42.0,test,issue_wind,6_to_12,1650,0.011515151515151515,3.6931025141577645,4.626795496155354,2.6287386881305186,0.011569407505187215,0.7915151515151515,13.03689595975923,20.449036375646074
Hurdle Quantile LightGBM (24h matched),6,42.0,test,issue_wind,below_3,3375,0.32207407407407407,0.893764283874406,1.9144921556574666,0.7003673753732352,0.2035185645099494,0.9665185185185186,5.433068497119249,7.21739046923918
EMFN (Proposed),9,42.0,validation,all,all,4241,0.22612591369959914,1.9863688688285126,3.054934505057468,1.4210165646368744,0.13100055118994616,0.9134638057062013,8.10321524667694,11.014084126853813
EMFN (Proposed),9,42.0,validation,season,autumn,2159,0.26401111625752666,1.863581221479612,2.9811077051520978,1.344601421603992,0.15125997129748844,0.9082908754052802,7.54080153138587,10.641423221685896
EMFN (Proposed),9,42.0,validation,season,summer,1401,0.2583868665239115,1.7070792375691637,2.746205566702365,1.2363308885728177,0.14558451164289435,0.9186295503211992,7.490459992477029,10.235599428854647
EMFN (Proposed),9,42.0,validation,season,winter,681,0.039647577092511016,2.950221003954246,3.79867382360661,2.043226441250292,0.03676822137090921,0.9192364170337739,11.146858891974302,13.797097278328652
EMFN (Proposed),9,42.0,validation,target_transition,positive_to_positive,3067,0.0,2.591394323850584,3.459812484573353,1.8219713576507435,0.0691891112440629,0.8953374633192044,9.55148329720814,13.394311739137416
EMFN (Proposed),9,42.0,validation,target_transition,positive_to_zero,216,1.0,0.6278815328903798,2.0430146400978613,0.5336527606818393,0.3603213539966774,0.9305555555555556,4.828543071221997,5.826152696862409
EMFN (Proposed),9,42.0,validation,target_transition,zero_to_positive,215,0.0,0.554937871383003,1.6109416506218528,0.45248225960659727,0.22357147214914874,0.9534883720930233,4.546896275105536,4.922737311659935
EMFN (Proposed),9,42.0,validation,target_transition,zero_to_zero,743,1.0,0.29804835531670765,1.3762191250206224,0.3041620653936195,0.29269590099013654,0.971736204576043,4.106041165663398,4.459675872844408
EMFN (Proposed),9,42.0,validation,issue_wind,12_or_more,23,0.0,4.170794874521007,4.9572519960802,2.9258161688525077,2.950324112629603e-05,0.7391304347826086,14.637871952107211,18.812858094821895
EMFN (Proposed),9,42.0,validation,issue_wind,3_to_6,1966,0.12105798575788403,2.37640519041535,3.294698509507098,1.6820610861980196,0.09295173292753886,0.8982706002034588,9.221236474332011,12.659590453217758
EMFN (Proposed),9,42.0,validation,issue_wind,6_to_12,667,0.013493253373313344,3.3754732143106554,4.087126523635922,2.312146876035442,0.012504692394968039,0.9025487256371814,13.571243720616765,15.385448596284576
EMFN (Proposed),9,42.0,validation,issue_wind,below_3,1585,0.449211356466877,0.8863147333034409,2.029976664079828,0.7003807047068967,0.22996146514765342,0.9394321766561514,4.320564249886641,7.020306625273308
EMFN (Proposed),9,42.0,test,all,all,8728,0.16338221814848763,2.3243236250322026,3.556131295960303,1.663788039589077,0.12866616183350454,0.9162465627864345,8.568816321413433,13.060244017070708
EMFN (Proposed),9,42.0,test,season,autumn,2184,0.19688644688644688,1.6356324875151371,2.746114786849265,1.207020287823881,0.1622557350263214,0.9358974358974359,6.7357557248746325,10.409997048197413
EMFN (Proposed),9,42.0,test,season,spring,2208,0.15760869565217392,2.889824717841948,4.284858311005287,2.09119797509437,0.12342741071314556,0.8790760869565217,9.02510191808368,17.564460500329982
EMFN (Proposed),9,42.0,test,season,summer,2208,0.223731884057971,1.6397329245323553,2.7181692624345586,1.1901106963863015,0.15814039480389616,0.9329710144927537,6.863323535096726,9.693307125531522
EMFN (Proposed),9,42.0,test,season,winter,2128,0.07236842105263158,3.154704874147341,4.172752478590051,2.180582779274805,0.06904606231377519,0.9172932330827067,11.746285220652208,14.600199863640878
EMFN (Proposed),9,42.0,test,target_transition,positive_to_positive,6909,0.0,2.8118557489993092,3.9063625500924863,1.9910302322951072,0.07532412021023378,0.8973802286872196,9.501312371518523,15.15786513915399
EMFN (Proposed),9,42.0,test,target_transition,positive_to_zero,393,1.0,0.6560431842685509,2.0111588077627256,0.5492536528933426,0.42984827057896957,0.9643765903307888,5.58642169939191,5.835963587828169
EMFN (Proposed),9,42.0,test,target_transition,zero_to_positive,393,0.0,0.5365861421017458,1.5859705856849646,0.45901817241629395,0.18637338098146103,0.9974554707379135,5.3305708069294235,5.358669417793003
EMFN (Proposed),9,42.0,test,target_transition,zero_to_zero,1033,1.0,0.3783948733604157,1.5139697448719707,0.35746689957394007,0.34889526126531784,0.9932236205227493,4.698628870755735,4.709224359505413
EMFN (Proposed),9,42.0,test,issue_wind,12_or_more,38,0.0,5.269843714679505,6.069437428345516,3.5850098510968365,0.0010326681274092963,0.8157894736842105,14.751414875435387,20.639928866756854
EMFN (Proposed),9,42.0,test,issue_wind,3_to_6,3668,0.11477644492911669,2.525038652315234,3.667509259158886,1.8032753458573112,0.09718272995962951,0.9163031624863686,9.355374201621492,14.019957209076615
EMFN (Proposed),9,42.0,test,issue_wind,6_to_12,1647,0.019429265330904676,3.936069059894826,4.864201200463218,2.73096796443449,0.01896381060456155,0.8743169398907104,13.394731223075146,18.859701770920424
EMFN (Proposed),9,42.0,test,issue_wind,below_3,3375,0.2882962962962963,1.2864874132693884,2.4747252399584525,0.9697758308632773,0.217854628010771,0.9377777777777778,5.289315612467405,9.101736481320716
CNN-LSTM (+Weather),9,42.0,validation,all,all,4241,0.22612591369959914,2.0254242668112363,3.0995013729171674,2.0254242668112363,,,,
CNN-LSTM (+Weather),9,42.0,validation,season,autumn,2159,0.26401111625752666,1.8877225261104995,2.9341651669249087,1.8877225261104995,,,,
CNN-LSTM (+Weather),9,42.0,validation,season,summer,1401,0.2583868665239115,1.7729339005537945,2.742176967562489,1.7729339005537945,,,,
CNN-LSTM (+Weather),9,42.0,validation,season,winter,681,0.039647577092511016,2.981425825254065,4.130844371347345,2.981425825254065,,,,
CNN-LSTM (+Weather),9,42.0,validation,target_transition,positive_to_positive,3067,0.0,2.4930762150139545,3.5681754420672447,2.4930762150139545,,,,
CNN-LSTM (+Weather),9,42.0,validation,target_transition,positive_to_zero,216,1.0,1.0136665039592319,1.6192672499339176,1.0136665039592319,,,,
CNN-LSTM (+Weather),9,42.0,validation,target_transition,zero_to_positive,215,0.0,0.7488287804428811,1.2122642033824909,0.7488287804428811,,,,
CNN-LSTM (+Weather),9,42.0,validation,target_transition,zero_to_zero,743,1.0,0.7585591001995159,1.0453499106017783,0.7585591001995159,,,,
CNN-LSTM (+Weather),9,42.0,validation,issue_wind,12_or_more,23,0.0,3.3454656554791,3.7590636606154706,3.3454656554791,,,,
CNN-LSTM (+Weather),9,42.0,validation,issue_wind,3_to_6,1966,0.12105798575788403,2.3024105506776023,3.3018555653663,2.3024105506776023,,,,
CNN-LSTM (+Weather),9,42.0,validation,issue_wind,6_to_12,667,0.013493253373313344,3.4161258397996326,4.263190699962257,3.4161258397996326,,,,
CNN-LSTM (+Weather),9,42.0,validation,issue_wind,below_3,1585,0.449211356466877,1.0774659480706075,2.080627955490397,1.0774659480706075,,,,
CNN-LSTM (+Weather),9,42.0,test,all,all,8728,0.16338221814848763,2.312817736602891,3.6227248795130094,2.312817736602891,,,,
CNN-LSTM (+Weather),9,42.0,test,season,autumn,2184,0.19688644688644688,1.6773168482057121,2.881477985875085,1.6773168482057121,,,,
CNN-LSTM (+Weather),9,42.0,test,season,spring,2208,0.15760869565217392,2.9050652529269603,4.324331650309495,2.9050652529269603,,,,
CNN-LSTM (+Weather),9,42.0,test,season,summer,2208,0.223731884057971,1.6237145074157873,2.66713421018849,1.6237145074157873,,,,
CNN-LSTM (+Weather),9,42.0,test,season,winter,2128,0.07236842105263158,3.065539237665399,4.303881807942403,3.065539237665399,,,,
CNN-LSTM (+Weather),9,42.0,test,target_transition,positive_to_positive,6909,0.0,2.689264904901085,4.018694895277026,2.689264904901085,,,,
CNN-LSTM (+Weather),9,42.0,test,target_transition,positive_to_zero,393,1.0,1.0893889684941023,1.627976587988682,1.0893889684941023,,,,
CNN-LSTM (+Weather),9,42.0,test,target_transition,zero_to_positive,393,0.0,0.7775754660315235,1.1793948197979782,0.7775754660315235,,,,
CNN-LSTM (+Weather),9,42.0,test,target_transition,zero_to_zero,1033,1.0,0.8445546508614346,1.155613915095381,0.8445546508614346,,,,
CNN-LSTM (+Weather),9,42.0,test,issue_wind,12_or_more,38,0.0,4.595547906526668,5.751069161993151,4.595547906526668,,,,
CNN-LSTM (+Weather),9,42.0,test,issue_wind,3_to_6,3668,0.11477644492911669,2.5169715500123275,3.7435079321708282,2.5169715500123275,,,,
CNN-LSTM (+Weather),9,42.0,test,issue_wind,6_to_12,1647,0.019429265330904676,3.803976772776545,4.913908261920545,3.803976772776545,,,,
CNN-LSTM (+Weather),9,42.0,test,issue_wind,below_3,3375,0.2882962962962963,1.3375528872337281,2.5600074501974928,1.3375528872337281,,,,
LightGBM (24h matched),9,42.0,validation,all,all,4241,0.22612591369959914,2.167180007411981,3.005050487201273,2.167180007411981,,,,
LightGBM (24h matched),9,42.0,validation,season,autumn,2159,0.26401111625752666,2.0523093242842276,2.833727625734832,2.0523093242842276,,,,
LightGBM (24h matched),9,42.0,validation,season,summer,1401,0.2583868665239115,1.94805240862772,2.7253382114237423,1.94805240862772,,,,
LightGBM (24h matched),9,42.0,validation,season,winter,681,0.039647577092511016,2.9821632244010656,3.936900103256856,2.9821632244010656,,,,
LightGBM (24h matched),9,42.0,validation,target_transition,positive_to_positive,3067,0.0,2.471327492348759,3.3665723359383897,2.471327492348759,,,,
LightGBM (24h matched),9,42.0,validation,target_transition,positive_to_zero,216,1.0,1.5588098010215594,2.03524386879657,1.5588098010215594,,,,
LightGBM (24h matched),9,42.0,validation,target_transition,zero_to_positive,215,0.0,1.2218169688443066,1.652454670057645,1.2218169688443066,,,,
LightGBM (24h matched),9,42.0,validation,target_transition,zero_to_zero,743,1.0,1.3621203594594644,1.6630860357890984,1.3621203594594644,,,,
LightGBM (24h matched),9,42.0,validation,issue_wind,12_or_more,23,0.0,2.9423104645478957,3.442135943019171,2.9423104645478957,,,,
LightGBM (24h matched),9,42.0,validation,issue_wind,3_to_6,1966,0.12105798575788403,2.3372355959830804,3.1508040462834948,2.3372355959830804,,,,
LightGBM (24h matched),9,42.0,validation,issue_wind,6_to_12,667,0.013493253373313344,3.4015829456313176,4.1578249150962865,3.4015829456313176,,,,
LightGBM (24h matched),9,42.0,validation,issue_wind,below_3,1585,0.449211356466877,1.4255370752749417,2.0980310880943334,1.4255370752749417,,,,
LightGBM (24h matched),9,42.0,test,all,all,8728,0.16338221814848763,2.538508841858899,3.524691686738624,2.538508841858899,,,,
LightGBM (24h matched),9,42.0,test,season,autumn,2184,0.19688644688644688,1.9279775927818052,2.7628077789631664,1.9279775927818052,,,,
LightGBM (24h matched),9,42.0,test,season,spring,2208,0.15760869565217392,3.06585015635399,4.1894706965498045,3.06585015635399,,,,
LightGBM (24h matched),9,42.0,test,season,summer,2208,0.223731884057971,1.9690677897688291,2.7289643063241438,1.9690677897688291,,,,
LightGBM (24h matched),9,42.0,test,season,winter,2128,0.07236842105263158,3.208789137250855,4.145133934888986,3.208789137250855,,,,
LightGBM (24h matched),9,42.0,test,target_transition,positive_to_positive,6909,0.0,2.7800431225624367,3.827019308064934,2.7800431225624367,,,,
LightGBM (24h matched),9,42.0,test,target_transition,positive_to_zero,393,1.0,1.8975967574259212,2.3173209524934455,1.8975967574259212,,,,
LightGBM (24h matched),9,42.0,test,target_transition,zero_to_positive,393,0.0,1.5106951138888813,1.9269932760722233,1.5106951138888813,,,,
LightGBM (24h matched),9,42.0,test,target_transition,zero_to_zero,1033,1.0,1.5579172628595104,1.8854954682803924,1.5579172628595104,,,,
LightGBM (24h matched),9,42.0,test,issue_wind,12_or_more,38,0.0,4.508119818297394,5.26323090018162,4.508119818297394,,,,
LightGBM (24h matched),9,42.0,test,issue_wind,3_to_6,3668,0.11477644492911669,2.622313906141297,3.577829222485134,2.622313906141297,,,,
LightGBM (24h matched),9,42.0,test,issue_wind,6_to_12,1647,0.019429265330904676,3.938198329347981,4.830131982678471,3.938198329347981,,,,
LightGBM (24h matched),9,42.0,test,issue_wind,below_3,3375,0.2882962962962963,1.7422034259220043,2.55318908802984,1.7422034259220043,,,,
Quantile LightGBM (24h matched),9,42.0,validation,all,all,4241,0.22612591369959914,1.944240625110193,3.0027275636365696,1.398579003553286,0.16346672954491864,0.9299693468521575,8.58480368311465,11.13071199409021
Quantile LightGBM (24h matched),9,42.0,validation,season,autumn,2159,0.26401111625752666,1.7272727667700878,2.811904726780745,1.267360519155808,0.18975446966188048,0.9462714219546086,8.591433472191778,10.725002144467606
Quantile LightGBM (24h matched),9,42.0,validation,season,summer,1401,0.2583868665239115,1.6987971417948597,2.648897680810852,1.221794935247406,0.1853992862241256,0.9257673090649536,7.284072525324145,9.753544328916323
Quantile LightGBM (24h matched),9,42.0,validation,season,winter,681,0.039647577092511016,3.1370452158312947,4.080198070465981,2.1782782509992358,0.03500455212922173,0.8869309838472834,11.239738539864991,15.25015320443356
Quantile LightGBM (24h matched),9,42.0,validation,target_transition,positive_to_positive,3067,0.0,2.4928712349163296,3.389497699731307,1.7683085625146902,0.011579295728725139,0.9135963482230193,9.584024076603566,13.096321775675978
Quantile LightGBM (24h matched),9,42.0,validation,target_transition,positive_to_zero,216,1.0,0.7296689590085953,1.907214652146074,0.5578062499188015,0.7045763888888891,0.9537037037037037,6.280737720777301,6.315346871829421
Quantile LightGBM (24h matched),9,42.0,validation,target_transition,zero_to_positive,215,0.0,0.5050636040662436,1.507632650596698,0.43326860351619445,0.040340465116279076,0.9906976744186047,5.952900579940073,5.964813329366398
Quantile LightGBM (24h matched),9,42.0,validation,target_transition,zero_to_zero,743,1.0,0.4491133830199823,1.5251291275164482,0.39614036756189447,0.6687577388963661,0.9730820995962315,5.891571473446951,5.911683567711215
Quantile LightGBM (24h matched),9,42.0,validation,issue_wind,12_or_more,23,0.0,3.010147384689116,3.0692607101261573,1.8831321335370668,0.0009347826086956521,0.9565217391304348,10.315508571187738,11.392764825809
Quantile LightGBM (24h matched),9,42.0,validation,issue_wind,3_to_6,1966,0.12105798575788403,2.268116929134051,3.1271116352769734,1.5989093160054035,0.09845895218718208,0.9216683621566633,9.113018488481744,11.844238438014541
Quantile LightGBM (24h matched),9,42.0,validation,issue_wind,6_to_12,667,0.013493253373313344,3.368610544983437,4.243532202443445,2.392622470727162,0.012602248875562218,0.881559220389805,13.022331841566846,17.15859216736
Quantile LightGBM (24h matched),9,42.0,validation,issue_wind,below_3,1585,0.449211356466877,0.9276403691249103,2.069082664011852,0.724748650950468,0.309946309148265,0.9602523659305994,6.037101600171435,7.7052127641497
Quantile LightGBM (24h matched),9,42.0,test,all,all,8728,0.16338221814848763,2.3013337417820234,3.576139522896212,1.6738937528708249,0.12675166131989,0.9045600366636114,9.228721671028797,13.700931386178954
Quantile LightGBM (24h matched),9,42.0,test,season,autumn,2184,0.19688644688644688,1.6019585895520438,2.7261513799232917,1.2057794686023326,0.1500728937728938,0.9523809523809523,8.348598819311512,10.73483446973688
Quantile LightGBM (24h matched),9,42.0,test,season,spring,2208,0.15760869565217392,2.9087082287379973,4.199394638691535,2.0650574878470427,0.12476965579710145,0.873641304347826,9.776399988327237,16.310783008560673
Quantile LightGBM (24h matched),9,42.0,test,season,summer,2208,0.223731884057971,1.5808739667949738,2.671608461702433,1.1773109411638858,0.16778772644927537,0.9302536231884058,7.53760861992843,10.387143377972341
Quantile LightGBM (24h matched),9,42.0,test,season,winter,2128,0.07236842105263158,3.136450117929997,4.372873869069492,2.2637090340098376,0.062294454887218034,0.8609022556390977,11.318426652412816,17.475483644360747
Quantile LightGBM (24h matched),9,42.0,test,target_transition,positive_to_positive,6909,0.0,2.7060206399811415,3.891860952887554,1.9569931999494734,0.011286785352438848,0.8917354175712838,9.86783712157746,15.5084658684379
Quantile LightGBM (24h matched),9,42.0,test,target_transition,positive_to_zero,393,1.0,0.9961541255810046,2.2762153501092404,0.7524583661901176,0.7475791348600511,0.9083969465648855,7.248220639604995,7.318979050523267
Quantile LightGBM (24h matched),9,42.0,test,target_transition,zero_to_positive,393,0.0,0.7313024530954021,1.8829614333416005,0.5839524463492257,0.034682188295165395,0.9872773536895675,6.990969551136049,6.993787029260687
Quantile LightGBM (24h matched),9,42.0,test,target_transition,zero_to_zero,1033,1.0,0.6885322954733474,1.8520004497117681,0.5456623497363845,0.6978503388189738,0.957405614714424,6.558949009486367,6.591308213143625
Quantile LightGBM (24h matched),9,42.0,test,issue_wind,12_or_more,38,0.0,4.677374040931418,5.454519618113008,3.112132116017437,0.0003526315789473684,0.8947368421052632,14.27107664299587,19.3333768692344
Quantile LightGBM (24h matched),9,42.0,test,issue_wind,3_to_6,3668,0.11477644492911669,2.469720560778797,3.6202997746545065,1.7717551729724748,0.09746226826608505,0.8972191930207197,9.450944073308595,14.125690282761768
Quantile LightGBM (24h matched),9,42.0,test,issue_wind,6_to_12,1647,0.019429265330904676,3.9534361197962817,4.997741825751196,2.8255994540680573,0.018725197328476013,0.803885853066181,13.064395564391681,21.388011249954065
Quantile LightGBM (24h matched),9,42.0,test,issue_wind,below_3,3375,0.2882962962962963,1.2853500380672596,2.510843681467474,0.989310630914005,0.21272388148148147,0.9617777777777777,7.058625030179695,9.424584987168739
Hurdle Quantile LightGBM (24h matched),9,42.0,validation,all,all,4241,0.22612591369959914,1.9411324800184233,2.984994941159701,1.3885242089023624,0.13862637258994817,0.9332704550813488,8.739636183566983,11.05803629255837
Hurdle Quantile LightGBM (24h matched),9,42.0,validation,season,autumn,2159,0.26401111625752666,1.7294284978363192,2.802197316018959,1.2580313712269668,0.1545113643003342,0.952292728114868,8.707324773695639,10.607926168769293
Hurdle Quantile LightGBM (24h matched),9,42.0,validation,season,summer,1401,0.2583868665239115,1.6935975293102499,2.6493827490766453,1.2211823061997336,0.16345689968197763,0.9236259814418273,7.501598892921471,9.85171157581305
Hurdle Quantile LightGBM (24h matched),9,42.0,validation,season,winter,681,0.039647577092511016,3.121551515955739,4.019237792624304,2.1464978391924676,0.03718251714404983,0.8928046989720999,11.389049660962858,14.966771513440605
Hurdle Quantile LightGBM (24h matched),9,42.0,validation,target_transition,positive_to_positive,3067,0.0,2.4931802631943993,3.366084239419339,1.7565231366336433,0.03996714277662216,0.9142484512552983,9.723535167617635,12.904594722448888
Hurdle Quantile LightGBM (24h matched),9,42.0,validation,target_transition,positive_to_zero,216,1.0,0.7212625012731814,1.936186716620203,0.5592857108641053,0.4910921226025343,0.9629629629629629,6.433364689133338,6.595670649380029
Hurdle Quantile LightGBM (24h matched),9,42.0,validation,target_transition,zero_to_positive,215,0.0,0.5115314654813006,1.5231048116581318,0.44095803936739464,0.1272398785055036,0.9906976744186047,6.201043994688389,6.211000335896875
Hurdle Quantile LightGBM (24h matched),9,42.0,validation,target_transition,zero_to_zero,743,1.0,0.4306689302657093,1.5254280298259615,0.38474161223270326,0.44670625423585364,0.9865410497981157,6.083288645643985,6.1355450477865325
Hurdle Quantile LightGBM (24h matched),9,42.0,validation,issue_wind,12_or_more,23,0.0,2.828661167332184,3.056430739186334,1.8394574777396453,0.0027972968600062393,0.9130434782608695,10.297488662150748,12.126189998426861
Hurdle Quantile LightGBM (24h matched),9,42.0,validation,issue_wind,3_to_6,1966,0.12105798575788403,2.2654966455229415,3.122988932521052,1.5951532678285418,0.09189013970900439,0.9252288911495422,9.327609805580728,11.732434679529609
Hurdle Quantile LightGBM (24h matched),9,42.0,validation,issue_wind,6_to_12,667,0.013493253373313344,3.375335845174539,4.172050165913261,2.348095190804617,0.012911816497583902,0.8665667166416792,12.7265908475438,16.940083599591016
Hurdle Quantile LightGBM (24h matched),9,42.0,validation,issue_wind,below_3,1585,0.449211356466877,0.922377430334367,2.0696021383519136,0.7218756032487788,0.2514712378892106,0.9716088328075709,6.309929237977717,7.730742716652243
Hurdle Quantile LightGBM (24h matched),9,42.0,test,all,all,8728,0.16338221814848763,2.2998538264380075,3.555217039926412,1.6679238787885349,0.11840291754684433,0.9059349220898258,9.425069619476385,13.687417404222629
Hurdle Quantile LightGBM (24h matched),9,42.0,test,season,autumn,2184,0.19688644688644688,1.6021456913075036,2.7235682478226395,1.1976536474263455,0.1395595038337324,0.9583333333333334,8.53576617343937,10.706646457735177
Hurdle Quantile LightGBM (24h matched),9,42.0,test,season,spring,2208,0.15760869565217392,2.8958192610139744,4.19004538864343,2.067370845615039,0.11740327297714762,0.8727355072463768,9.894505285213718,16.276392414286757
Hurdle Quantile LightGBM (24h matched),9,42.0,test,season,summer,2208,0.223731884057971,1.5842089487387638,2.674404684776437,1.1783586451211008,0.14940128088401652,0.9316123188405797,7.92191236581501,10.4936057712516
Hurdle Quantile LightGBM (24h matched),9,42.0,test,season,winter,2128,0.07236842105263158,3.1401013722750455,4.311656181241581,2.244075814164379,0.06556308883953736,0.8599624060150376,11.410359089533303,17.37420453322029
Hurdle Quantile LightGBM (24h matched),9,42.0,test,target_transition,positive_to_positive,6909,0.0,2.7060404219669274,3.8632750941433533,1.9483414284736547,0.03977812610758419,0.8897090751194094,10.078226821221447,15.431956990011045
Hurdle Quantile LightGBM (24h matched),9,42.0,test,target_transition,positive_to_zero,393,1.0,0.9931041960710268,2.305066796947553,0.7583623788165954,0.5495533005788238,0.9414758269720102,7.411612514898507,7.661942481880236
Hurdle Quantile LightGBM (24h matched),9,42.0,test,target_transition,zero_to_positive,393,0.0,0.7650064532039246,1.9450624824887879,0.6153313101332242,0.1090295488286307,0.9796437659033079,7.221435308321797,7.255046774203158
Hurdle Quantile LightGBM (24h matched),9,42.0,test,target_transition,zero_to_zero,1033,1.0,0.664233723733182,1.8738252310828483,0.5389032574874849,0.48380496733245754,0.972894482090997,6.660939725503699,6.758965617064879
Hurdle Quantile LightGBM (24h matched),9,42.0,test,issue_wind,12_or_more,38,0.0,4.657629888595834,5.3257659056723226,3.0705142402395813,0.002724487632613018,0.8157894736842105,14.055116496526026,19.437066978245852
Hurdle Quantile LightGBM (24h matched),9,42.0,test,issue_wind,3_to_6,3668,0.11477644492911669,2.4692743280097917,3.60774532411977,1.764772329430611,0.09387922825269578,0.9056706652126499,9.72729871430632,14.121723651994051
Hurdle Quantile LightGBM (24h matched),9,42.0,test,issue_wind,6_to_12,1647,0.019429265330904676,3.941940692885922,4.93119245255275,2.8046736057971895,0.018917309332456708,0.7868852459016393,12.804941750139632,21.26767512608987
Hurdle Quantile LightGBM (24h matched),9,42.0,test,issue_wind,below_3,3375,0.2882962962962963,1.2878399126107434,2.5209486273713293,0.9921415525445266,0.19490705662737007,0.9653333333333334,7.395094063812253,9.451504376502983
EMFN (Proposed),12,42.0,validation,all,all,4238,0.2267579046720151,2.1233739945229924,3.222491307777979,1.5263698330370206,0.1379321288797827,0.9299197734780557,8.63650362116714,11.634289499954718
EMFN (Proposed),12,42.0,validation,season,autumn,2159,0.26401111625752666,1.9205628916651192,3.0815813403589343,1.4008839666083392,0.1598504862739048,0.9300602130616026,7.950319414040871,11.15789400005761
EMFN (Proposed),12,42.0,validation,season,summer,1398,0.2582260371959943,1.8856998085904846,2.9272111712633073,1.3666874622269964,0.15247307374875496,0.924892703862661,7.663063186174692,10.877324245310907
EMFN (Proposed),12,42.0,validation,season,winter,681,0.04405286343612335,3.254266333735611,4.114419313561495,2.2520085114686457,0.03859295921644525,0.9397944199706314,12.810279584904386,14.698570425461197
EMFN (Proposed),12,42.0,validation,target_transition,positive_to_positive,3062,0.0,2.769724016783286,3.65548817884162,1.94728819475531,0.04811582150410037,0.9118223383409536,9.932790733806602,14.018424700600256
EMFN (Proposed),12,42.0,validation,target_transition,positive_to_zero,215,1.0,0.6295115780163968,1.9670185200874135,0.5521937298692354,0.46950515536872245,0.958139534883721,5.780338711066744,6.057066638472374
EMFN (Proposed),12,42.0,validation,target_transition,zero_to_positive,215,0.0,0.5495265744338212,1.684317828611033,0.4905333882301346,0.13137527508294733,0.9720930232558139,5.4970078765214145,5.626695785235668
EMFN (Proposed),12,42.0,validation,target_transition,zero_to_zero,746,1.0,0.35451856115445385,1.487764560827315,0.37797931592328327,0.41291745871294205,0.9839142091152815,5.043790352894197,5.187256764708969
EMFN (Proposed),12,42.0,validation,issue_wind,12_or_more,23,0.0,4.430686530611245,5.3437922344191975,3.051031281145057,0.00030510521886940444,0.7391304347826086,15.792281372602416,18.722092232012706
EMFN (Proposed),12,42.0,validation,issue_wind,3_to_6,1966,0.1358087487283825,2.408816808073593,3.4006499700956057,1.7208119248177158,0.10383410177445755,0.9175991861648016,9.582534137651612,12.94603980791891
EMFN (Proposed),12,42.0,validation,issue_wind,6_to_12,664,0.018072289156626505,3.5528142856937737,4.192782862477107,2.3937196273293884,0.017285891748569565,0.9503012048192772,13.783538932855198,14.506112773359611
EMFN (Proposed),12,42.0,validation,issue_wind,below_3,1585,0.4302839116719243,1.1370035761583799,2.3754951645437132,0.8997069755244251,0.232765721490758,0.9394321766561514,5.202995526118339,8.70128557450628
EMFN (Proposed),12,42.0,test,all,all,8725,0.16343839541547278,2.5547746049038587,3.8352452353699586,1.8203849452222238,0.12390161635979229,0.9195415472779369,9.394835986479343,13.934800583485352
EMFN (Proposed),12,42.0,test,season,autumn,2184,0.19688644688644688,1.7602901868781973,2.9017855772035137,1.2955927413938952,0.14709921424585043,0.9432234432234432,7.607644085022034,11.029925953974763
EMFN (Proposed),12,42.0,test,season,spring,2208,0.15760869565217392,3.0810506359406586,4.499848422014874,2.21848887175623,0.12547722058377123,0.8931159420289855,9.976965320491109,17.8933139180359
EMFN (Proposed),12,42.0,test,season,summer,2208,0.223731884057971,1.7084258520848261,2.879361318298663,1.2595066898476752,0.15332788195178845,0.9252717391304348,6.799142807844754,11.016181596197828
EMFN (Proposed),12,42.0,test,season,winter,2125,0.07247058823529412,3.7038920348630184,4.699536075683225,2.5288799528650405,0.06784717761305156,0.9167058823529411,13.323860024931086,15.83981680564741
EMFN (Proposed),12,42.0,test,target_transition,positive_to_positive,6906,0.0,3.036025856816299,4.174873920696795,2.1395174538995345,0.050534846021239734,0.9048653344917463,10.2065893773007,15.91439132455553
EMFN (Proposed),12,42.0,test,target_transition,positive_to_zero,393,1.0,0.9529728827240846,2.412540629526884,0.7524280408081532,0.5329459020826208,0.9541984732824428,6.875923545329917,7.111692031907272
EMFN (Proposed),12,42.0,test,target_transition,zero_to_positive,393,0.0,0.7572669692416646,2.041035701918671,0.6268935124128174,0.10473889903477863,0.9872773536895675,6.574254705891257,6.598027988484867
EMFN (Proposed),12,42.0,test,target_transition,zero_to_zero,1033,1.0,0.6306772495549525,1.978528412477748,0.5472194966291142,0.46605791798389945,0.978702807357212,5.99933948660572,6.087539821408624
EMFN (Proposed),12,42.0,test,issue_wind,12_or_more,38,0.0,4.827548951687097,5.596407560299179,3.2448644424548148,0.003213977238853223,0.9210526315789473,15.978712259909878,16.99089685480883
EMFN (Proposed),12,42.0,test,issue_wind,3_to_6,3668,0.11777535441657579,2.7012574383018455,3.9515439112072235,1.9266247364141476,0.09926321205440149,0.920937840785169,10.0174011822546,14.735030598068612
EMFN (Proposed),12,42.0,test,issue_wind,6_to_12,1644,0.0340632603406326,4.152815484035403,5.058189248882741,2.8520437227924904,0.03378385833842211,0.8856447688564477,13.908624402718855,18.78298815757243
EMFN (Proposed),12,42.0,test,issue_wind,below_3,3375,0.2779259259259259,1.591561667607907,2.8705340141924167,1.186350928833384,0.19593521383117055,0.9345185185185185,6.445376847874373,10.669083332048064
CNN-LSTM (+Weather),12,42.0,validation,all,all,4238,0.2267579046720151,2.123566181343556,3.435935562822062,2.123566181343556,,,,
CNN-LSTM (+Weather),12,42.0,validation,season,autumn,2159,0.26401111625752666,1.9234491768857833,3.3073033406529766,1.9234491768857833,,,,
CNN-LSTM (+Weather),12,42.0,validation,season,summer,1398,0.2582260371959943,1.8937792181344242,3.0275935879123193,1.8937792181344242,,,,
CNN-LSTM (+Weather),12,42.0,validation,season,winter,681,0.04405286343612335,3.2297259275854007,4.469203706460454,3.2297259275854007,,,,
CNN-LSTM (+Weather),12,42.0,validation,target_transition,positive_to_positive,3062,0.0,2.765695291336417,4.003836915514436,2.765695291336417,,,,
CNN-LSTM (+Weather),12,42.0,validation,target_transition,positive_to_zero,215,1.0,0.6163548378403797,1.110090739959588,0.6163548378403797,,,,
CNN-LSTM (+Weather),12,42.0,validation,target_transition,zero_to_positive,215,0.0,0.4636355237746682,0.970606085020388,0.4636355237746682,,,,
CNN-LSTM (+Weather),12,42.0,validation,target_transition,zero_to_zero,746,1.0,0.40069244867914805,0.8011661048580866,0.40069244867914805,,,,
CNN-LSTM (+Weather),12,42.0,validation,issue_wind,12_or_more,23,0.0,2.7020429944577424,3.3875262257552623,2.7020429944577424,,,,
CNN-LSTM (+Weather),12,42.0,validation,issue_wind,3_to_6,1966,0.1358087487283825,2.382415320564856,3.5867999712058007,2.382415320564856,,,,
CNN-LSTM (+Weather),12,42.0,validation,issue_wind,6_to_12,664,0.018072289156626505,3.580740803166503,4.553624355098765,3.580740803166503,,,,
CNN-LSTM (+Weather),12,42.0,validation,issue_wind,below_3,1585,0.4302839116719243,1.1836505199548242,2.599102430786289,1.1836505199548242,,,,
CNN-LSTM (+Weather),12,42.0,test,all,all,8725,0.16343839541547278,2.513770189827462,4.029330851842866,2.513770189827462,,,,
CNN-LSTM (+Weather),12,42.0,test,season,autumn,2184,0.19688644688644688,1.8320372431558953,3.280676687795192,1.8320372431558953,,,,
CNN-LSTM (+Weather),12,42.0,test,season,spring,2208,0.15760869565217392,3.083744065096594,4.795432860648143,3.083744065096594,,,,
CNN-LSTM (+Weather),12,42.0,test,season,summer,2208,0.223731884057971,1.7050202980323348,3.024311912370278,1.7050202980323348,,,,
CNN-LSTM (+Weather),12,42.0,test,season,winter,2125,0.07247058823529412,3.4625335780722146,4.711827991504681,3.4625335780722146,,,,
CNN-LSTM (+Weather),12,42.0,test,target_transition,positive_to_positive,6906,0.0,3.0098830250942616,4.48761824183639,3.0098830250942616,,,,
CNN-LSTM (+Weather),12,42.0,test,target_transition,positive_to_zero,393,1.0,0.8474880001358404,1.4730520830676244,0.8474880001358404,,,,
CNN-LSTM (+Weather),12,42.0,test,target_transition,zero_to_positive,393,0.0,0.6409729966536587,1.2446143398862788,0.6409729966536587,,,,
CNN-LSTM (+Weather),12,42.0,test,target_transition,zero_to_zero,1033,1.0,0.543492316752528,1.0390582953722358,0.543492316752528,,,,
CNN-LSTM (+Weather),12,42.0,test,issue_wind,12_or_more,38,0.0,4.132248434860431,5.6884830833416355,4.132248434860431,,,,
CNN-LSTM (+Weather),12,42.0,test,issue_wind,3_to_6,3668,0.11777535441657579,2.6573831838368647,4.155333767349535,2.6573831838368647,,,,
CNN-LSTM (+Weather),12,42.0,test,issue_wind,6_to_12,1644,0.0340632603406326,4.019717883329706,5.128795741091003,4.019717883329706,,,,
CNN-LSTM (+Weather),12,42.0,test,issue_wind,below_3,3375,0.2779259259259259,1.6059027399147416,3.1667659744461027,1.6059027399147416,,,,
LightGBM (24h matched),12,42.0,validation,all,all,4238,0.2267579046720151,2.311603139118167,3.1771976538079,2.311603139118167,,,,
LightGBM (24h matched),12,42.0,validation,season,autumn,2159,0.26401111625752666,2.2083938113998793,3.0138430706470527,2.2083938113998793,,,,
LightGBM (24h matched),12,42.0,validation,season,summer,1398,0.2582260371959943,2.0563636675287214,2.860250006989619,2.0563636675287214,,,,
LightGBM (24h matched),12,42.0,validation,season,winter,681,0.04405286343612335,3.1627833444424387,4.150798091828078,3.1627833444424387,,,,
LightGBM (24h matched),12,42.0,validation,target_transition,positive_to_positive,3062,0.0,2.615515901717692,3.5493522410246143,2.615515901717692,,,,
LightGBM (24h matched),12,42.0,validation,target_transition,positive_to_zero,215,1.0,1.7308819545270855,2.1823606395455566,1.7308819545270855,,,,
LightGBM (24h matched),12,42.0,validation,target_transition,zero_to_positive,215,0.0,1.4066663710004663,1.8320972168151517,1.4066663710004663,,,,
LightGBM (24h matched),12,42.0,validation,target_transition,zero_to_zero,746,1.0,1.4923478854353847,1.8160855057270584,1.4923478854353847,,,,
LightGBM (24h matched),12,42.0,validation,issue_wind,12_or_more,23,0.0,2.6321565967934704,3.044137514325385,2.6321565967934704,,,,
LightGBM (24h matched),12,42.0,validation,issue_wind,3_to_6,1966,0.1358087487283825,2.4364363089637813,3.322262055419324,2.4364363089637813,,,,
LightGBM (24h matched),12,42.0,validation,issue_wind,6_to_12,664,0.018072289156626505,3.431479523590249,4.130756055867755,3.431479523590249,,,,
LightGBM (24h matched),12,42.0,validation,issue_wind,below_3,1585,0.4302839116719243,1.6829642364478385,2.453119896917008,1.6829642364478385,,,,
LightGBM (24h matched),12,42.0,test,all,all,8725,0.16343839541547278,2.7746308555484784,3.7912194611818375,2.7746308555484784,,,,
LightGBM (24h matched),12,42.0,test,season,autumn,2184,0.19688644688644688,2.150556315013635,3.0544594321072815,2.150556315013635,,,,
LightGBM (24h matched),12,42.0,test,season,spring,2208,0.15760869565217392,3.2781699000619358,4.4299163438181095,3.2781699000619358,,,,
LightGBM (24h matched),12,42.0,test,season,summer,2208,0.223731884057971,2.1585139489476135,2.967126474292885,2.1585139489476135,,,,
LightGBM (24h matched),12,42.0,test,season,winter,2125,0.07247058823529412,3.5330076630859333,4.459612279206523,3.5330076630859333,,,,
LightGBM (24h matched),12,42.0,test,target_transition,positive_to_positive,6906,0.0,2.9981231609215335,4.088161896933673,2.9981231609215335,,,,
LightGBM (24h matched),12,42.0,test,target_transition,positive_to_zero,393,1.0,2.263594413979607,2.718276173465879,2.263594413979607,,,,
LightGBM (24h matched),12,42.0,test,target_transition,zero_to_positive,393,0.0,1.8242829066217803,2.308710068474563,1.8242829066217803,,,,
LightGBM (24h matched),12,42.0,test,target_transition,zero_to_zero,1033,1.0,1.8364761648983712,2.197498534527746,1.8364761648983712,,,,
LightGBM (24h matched),12,42.0,test,issue_wind,12_or_more,38,0.0,4.9289949628401395,5.7456962322182115,4.9289949628401395,,,,
LightGBM (24h matched),12,42.0,test,issue_wind,3_to_6,3668,0.11777535441657579,2.837855940540775,3.8492690950053188,2.837855940540775,,,,
LightGBM (24h matched),12,42.0,test,issue_wind,6_to_12,1644,0.0340632603406326,3.9183987484709184,4.834305221023285,3.9183987484709184,,,,
LightGBM (24h matched),12,42.0,test,issue_wind,below_3,3375,0.2779259259259259,2.1245183033134207,3.049397665480916,2.1245183033134207,,,,
Quantile LightGBM (24h matched),12,42.0,validation,all,all,4238,0.2267579046720151,2.1096214787570613,3.199777016253211,1.5171541104947355,0.1681139452571968,0.9334591788579518,8.996575476087983,11.809799589069103
Quantile LightGBM (24h matched),12,42.0,validation,season,autumn,2159,0.26401111625752666,1.8821972818668367,3.0268383264669763,1.3813258214490254,0.19513126447429366,0.9485873089393237,9.045715262839266,11.483180366504852
Quantile LightGBM (24h matched),12,42.0,validation,season,summer,1398,0.2582260371959943,1.855651620440038,2.831407055485974,1.336095185896169,0.1883585836909871,0.9277539341917024,7.614851311410633,10.426261885721933
Quantile LightGBM (24h matched),12,42.0,validation,season,winter,681,0.04405286343612335,3.3519984288498588,4.267707316896669,2.3194649073207025,0.040900440528634355,0.8972099853157122,11.677276772156874,15.685506800222631
Quantile LightGBM (24h matched),12,42.0,validation,target_transition,positive_to_positive,3062,0.0,2.6806376003788888,3.5840774230924013,1.8942425734467032,0.013592847811887656,0.9157413455258001,9.844186897206388,13.73405382079342
Quantile LightGBM (24h matched),12,42.0,validation,target_transition,positive_to_zero,215,1.0,0.8936901858179743,2.1643200292917255,0.6853271792829398,0.7267144186046515,0.9488372093023256,7.095544599584578,7.120425215610831
Quantile LightGBM (24h matched),12,42.0,validation,target_transition,zero_to_positive,215,0.0,0.613164988289049,1.7828518977031351,0.5401114613708178,0.03384046511627907,1.0,6.872484570290337,6.872484570290337
Quantile LightGBM (24h matched),12,42.0,validation,target_transition,zero_to_zero,746,1.0,0.5475732334842658,1.781382843321691,0.49069578102188294,0.6800620643431636,0.982573726541555,6.677560746503758,6.686035194687206
Quantile LightGBM (24h matched),12,42.0,validation,issue_wind,12_or_more,23,0.0,2.6903805949107924,3.1755692175228867,1.7783588052110275,0.003647826086956523,0.9565217391304348,9.920761296325013,10.447730087499185
Quantile LightGBM (24h matched),12,42.0,validation,issue_wind,3_to_6,1966,0.1358087487283825,2.350669628952596,3.3214798030388692,1.6734058190245233,0.11128763987792471,0.9262461851475077,9.46772319248968,12.339110582498149
Quantile LightGBM (24h matched),12,42.0,validation,issue_wind,6_to_12,664,0.018072289156626505,3.5013932063456057,4.246506309673241,2.4145601560065098,0.016694578313253012,0.8885542168674698,12.633144730295765,16.960748817503717
Quantile LightGBM (24h matched),12,42.0,validation,issue_wind,below_3,1585,0.4302839116719243,1.2191517310758317,2.447684096386668,0.9436044693793683,0.3044203785488959,0.9608832807570978,6.875304391479051,9.015144634983304
Quantile LightGBM (24h matched),12,42.0,test,all,all,8725,0.16343839541547278,2.5134899683901466,3.812435023153882,1.8178031654842206,0.12965645845272203,0.9001719197707736,9.716283909303728,14.661979999421902
Quantile LightGBM (24h matched),12,42.0,test,season,autumn,2184,0.19688644688644688,1.7705519462060282,2.962438663957621,1.3213078468500277,0.15238438644688646,0.9610805860805861,9.111198582147928,11.524128677722326
Quantile LightGBM (24h matched),12,42.0,test,season,spring,2208,0.15760869565217392,3.1207214611998246,4.41229727695185,2.2009804195375873,0.12934637681159422,0.8745471014492754,10.068799624873328,17.12697001116215
Quantile LightGBM (24h matched),12,42.0,test,season,summer,2208,0.223731884057971,1.7528607799629168,2.918111030707119,1.3043488180891682,0.17001471920289857,0.9207427536231884,7.967672121131983,11.638166455057954
Quantile LightGBM (24h matched),12,42.0,test,season,winter,2125,0.07247058823529412,3.4364446753895215,4.6455515325724,2.4634490939527005,0.06468508235294117,0.8428235294117647,11.788795195333758,18.46760336253955
Quantile LightGBM (24h matched),12,42.0,test,target_transition,positive_to_positive,6906,0.0,2.921516492072192,4.123521072964572,2.0998784514467705,0.01252586156964958,0.8861859252823632,10.24920661852415,16.491584642787792
Quantile LightGBM (24h matched),12,42.0,test,target_transition,positive_to_zero,393,1.0,1.2753155002297785,2.62765079590564,0.9384090287540598,0.7570847328244276,0.8905852417302799,8.105483768444705,8.158692488121483
Quantile LightGBM (24h matched),12,42.0,test,target_transition,zero_to_positive,393,0.0,0.9287225472951429,2.211949047846485,0.73362033471975,0.02986132315521629,1.0,7.8721237285966295,7.8721237285966295
Quantile LightGBM (24h matched),12,42.0,test,target_transition,zero_to_zero,1033,1.0,0.8596516236942697,2.1450158930942487,0.6790556566439683,0.7119837366892547,0.9593417231364957,7.4679152515101785,7.487687491474718
Quantile LightGBM (24h matched),12,42.0,test,issue_wind,12_or_more,38,0.0,4.861710917664709,5.541566491726434,3.2620164770597313,0.0013315789473684215,0.8421052631578947,13.702227335805222,19.044450722742685
Quantile LightGBM (24h matched),12,42.0,test,issue_wind,3_to_6,3668,0.11777535441657579,2.6353874800244093,3.8918063554430304,1.8923965358292374,0.10047818974918211,0.8955834242093784,9.810670209985327,15.266950059252544
Quantile LightGBM (24h matched),12,42.0,test,issue_wind,6_to_12,1644,0.0340632603406326,3.9763434967426456,4.952409910476817,2.789312727099798,0.03181903892944039,0.816301703163017,12.782790540457103,20.383787927176996
Quantile LightGBM (24h matched),12,42.0,test,issue_wind,below_3,3375,0.2779259259259259,1.6419985108024686,2.9699996253266105,1.2472401113919536,0.21047037037037034,0.9466666666666667,8.075095256644971,11.167989984555426
Hurdle Quantile LightGBM (24h matched),12,42.0,validation,all,all,4238,0.2267579046720151,2.1089635265283184,3.195804421213215,1.5132982391458891,0.1436083436175323,0.9325153374233128,9.209548387335056,11.881637264802952
Hurdle Quantile LightGBM (24h matched),12,42.0,validation,season,autumn,2159,0.26401111625752666,1.8837207972255314,3.021183561157758,1.375631629629689,0.1620850061692562,0.9504400185270959,9.287717535661917,11.61483263270759
Hurdle Quantile LightGBM (24h matched),12,42.0,validation,season,summer,1398,0.2582260371959943,1.8683901208924383,2.842201932053104,1.3374060695956718,0.16418595610055564,0.9213161659513591,7.782074264736828,10.488636839472864
Hurdle Quantile LightGBM (24h matched),12,42.0,validation,season,winter,681,0.04405286343612335,3.3169233997202063,4.2471059616279785,2.3108304902129673,0.042788054776947186,0.8986784140969163,11.89213521869282,15.58713769843783
Hurdle Quantile LightGBM (24h matched),12,42.0,validation,target_transition,positive_to_positive,3062,0.0,2.68649342284036,3.5790261490171167,1.893372795636202,0.04105137427696923,0.9141084258654474,10.054939986671231,13.724133325768596
Hurdle Quantile LightGBM (24h matched),12,42.0,validation,target_transition,positive_to_zero,215,1.0,0.8693315675341307,2.1664396067388916,0.6682517138786366,0.5198501177513393,0.9720930232558139,7.32882679111236,7.475555699957122
Hurdle Quantile LightGBM (24h matched),12,42.0,validation,target_transition,zero_to_positive,215,0.0,0.6060937173716292,1.7936952438784415,0.5401262883884947,0.10548325294435282,0.9906976744186047,7.2137772263942574,7.228218771098448
Hurdle Quantile LightGBM (24h matched),12,42.0,validation,target_transition,zero_to_zero,746,1.0,0.528858081012187,1.7786736775001402,0.47727770345146764,0.4671128384925582,0.9798927613941019,6.856809601306625,6.929987900073089
Hurdle Quantile LightGBM (24h matched),12,42.0,validation,issue_wind,12_or_more,23,0.0,2.76227456000658,3.1805866365231608,1.789070891331327,0.005519393577331195,0.9565217391304348,10.579954169002548,11.380831625757574
Hurdle Quantile LightGBM (24h matched),12,42.0,validation,issue_wind,3_to_6,1966,0.1358087487283825,2.345855871554337,3.3203475798283932,1.671321096725856,0.10472347030596876,0.9262461851475077,9.781161360425815,12.438957070925179
Hurdle Quantile LightGBM (24h matched),12,42.0,validation,issue_wind,6_to_12,664,0.018072289156626505,3.517769436944503,4.238544010443997,2.4113141815787547,0.017734344896754985,0.8840361445783133,12.53748049529124,16.751263554901925
Hurdle Quantile LightGBM (24h matched),12,42.0,validation,issue_wind,below_3,1585,0.4302839116719243,1.2154596598989809,2.4413912994685245,0.9370848039547834,0.2465761934169359,0.9602523659305994,7.086483808308128,9.15759684476259
Hurdle Quantile LightGBM (24h matched),12,42.0,test,all,all,8725,0.16343839541547278,2.520902638812545,3.799151050552781,1.812986147510712,0.12272008669480249,0.9008595988538682,9.93623836438312,14.605720152086706
Hurdle Quantile LightGBM (24h matched),12,42.0,test,season,autumn,2184,0.19688644688644688,1.7778406173477068,2.9604941485269642,1.3178005136463413,0.14558576898609885,0.9633699633699634,9.267040812148476,11.49848608864339
Hurdle Quantile LightGBM (24h matched),12,42.0,test,season,spring,2208,0.15760869565217392,3.120754347550963,4.407251204422408,2.2023723384100533,0.12288053585255744,0.875,10.317799093862561,17.13137356685859
Hurdle Quantile LightGBM (24h matched),12,42.0,test,season,summer,2208,0.223731884057971,1.7445558513843002,2.9059542843743498,1.2967800423509102,0.15196797440590318,0.9252717391304348,8.342194810641724,11.375599480219227
Hurdle Quantile LightGBM (24h matched),12,42.0,test,season,winter,2125,0.07247058823529412,3.467984327577884,4.614936741888284,2.453693815768069,0.06866255355097921,0.8381176470588235,11.883856966759993,18.531208574781893
Hurdle Quantile LightGBM (24h matched),12,42.0,test,target_transition,positive_to_positive,6906,0.0,2.927188081214012,4.1039383199162485,2.0920785905817354,0.038976589133426914,0.8858963220388069,10.485723775650243,16.352059255028518
Hurdle Quantile LightGBM (24h matched),12,42.0,test,target_transition,positive_to_zero,393,1.0,1.2895315289928648,2.6575750800339395,0.9420800021520256,0.5836035217168163,0.916030534351145,8.320338214339847,8.552727306820312
Hurdle Quantile LightGBM (24h matched),12,42.0,test,target_transition,zero_to_positive,393,0.0,0.9833347194942377,2.2706420700337846,0.7681883760348912,0.09218625418097526,0.9770992366412213,8.118389708051875,8.182812496372744
Hurdle Quantile LightGBM (24h matched),12,42.0,test,target_transition,zero_to_zero,1033,1.0,0.8581589536496196,2.1596140857042934,0.6759670066273369,0.5188529040937787,0.9661181026137464,7.569071888772684,7.677173251766393
Hurdle Quantile LightGBM (24h matched),12,42.0,test,issue_wind,12_or_more,38,0.0,4.906268224334989,5.518735631498045,3.2570892628539063,0.004682403982183439,0.868421052631579,13.65294502149157,18.996395769503774
Hurdle Quantile LightGBM (24h matched),12,42.0,test,issue_wind,3_to_6,3668,0.11777535441657579,2.6553779119671987,3.887617865935365,1.891229420792037,0.09801560825668822,0.8977644492911668,10.17584997789179,15.192294098982552
Hurdle Quantile LightGBM (24h matched),12,42.0,test,issue_wind,6_to_12,1644,0.0340632603406326,3.9872581888195238,4.919030814543135,2.7826321319769325,0.033809300586113,0.7980535279805353,12.646785441336075,20.58869334242398
Hurdle Quantile LightGBM (24h matched),12,42.0,test,issue_wind,below_3,3375,0.2779259259259259,1.6336173889184429,2.9594363021027994,1.2393653346984426,0.1942077285368079,0.9546666666666667,8.313639950803683,11.004414423022912
EMFN (Proposed),24,42.0,validation,all,all,4226,0.22574538570752484,2.653108815691862,3.835752156232549,1.8963432303138095,0.1575712460676156,0.9588263132986276,11.999081676240676,13.716042361189631
EMFN (Proposed),24,42.0,validation,season,autumn,2159,0.26401111625752666,2.4566940577435377,3.737217089838236,1.77421345548362,0.18569486713912559,0.9583140342751274,11.539614176229582,13.41403178780419
EMFN (Proposed),24,42.0,validation,season,summer,1386,0.25252525252525254,2.196028940991418,3.3060178904738033,1.6311109383888538,0.16333095134112813,0.9855699855699855,12.219130652755872,12.977684754840228
EMFN (Proposed),24,42.0,validation,season,winter,681,0.049926578560939794,4.206078226477838,4.977802818668881,2.8233478418650075,0.056687473083065966,0.9060205580029369,13.00789584815535,16.17625450559409
EMFN (Proposed),24,42.0,validation,target_transition,positive_to_positive,3057,0.0,3.2870351439345233,4.155595743741314,2.2712774879166613,0.05513560545358671,0.943081452404318,12.503381217340063,14.876909465489977
EMFN (Proposed),24,42.0,validation,target_transition,positive_to_zero,214,1.0,1.132376737822996,2.9838834632829774,0.9844193761903092,0.5187869141436585,1.0,10.847027177115633,10.847027177115633
EMFN (Proposed),24,42.0,validation,target_transition,zero_to_positive,215,0.0,0.9103470705183393,2.676430239514719,0.8866238434644046,0.08822192584612054,1.0,10.608788274394241,10.608788274394241
EMFN (Proposed),24,42.0,validation,target_transition,zero_to_zero,740,1.0,0.9804299703383869,2.83329354469554,0.9045423485072301,0.4964303058465815,1.0,10.652877685793262,10.652877685793262
EMFN (Proposed),24,42.0,validation,issue_wind,12_or_more,23,0.34782608695652173,3.1351771871359455,4.611886896740436,2.12305450933686,0.2997953813601385,1.0,14.158687326401209,14.158687326401209
EMFN (Proposed),24,42.0,validation,issue_wind,3_to_6,1961,0.16930137684854665,2.7723306304807,3.8179128457253775,1.9676184314917813,0.13113567437418577,0.9597144314125446,12.570475522002857,13.794538328539758
EMFN (Proposed),24,42.0,validation,issue_wind,6_to_12,657,0.0669710806697108,3.7816513043742677,4.481832706562043,2.5513164827484904,0.06472092430385117,0.9482496194824962,13.345908851025087,15.505118015111075
EMFN (Proposed),24,42.0,validation,issue_wind,below_3,1585,0.35962145110410093,2.0308160924057654,3.5439055901587735,1.5333763812430712,0.2267016324259003,0.9615141955835962,10.702526650797973,12.870910417467323
EMFN (Proposed),24,42.0,test,all,all,8713,0.1636634913347871,3.1709477017563596,4.492037252540084,2.2323357268892536,0.13578034432344124,0.9399747503730058,12.712940853148188,15.70119146993207
EMFN (Proposed),24,42.0,test,season,autumn,2184,0.19688644688644688,2.447192102633979,3.6817515968095953,1.747861467273987,0.16973192495857606,0.9606227106227107,11.41610730004904,13.588116833589366
EMFN (Proposed),24,42.0,test,season,spring,2208,0.15760869565217392,3.4694899251959925,4.8849953970034825,2.468430710059685,0.13135031188512922,0.9248188405797102,13.07742616731854,17.427723561555958
EMFN (Proposed),24,42.0,test,season,summer,2208,0.223731884057971,2.2521112097779916,3.605008278875306,1.658938066059842,0.16732418661799575,0.9646739130434783,11.759710201307776,13.312470425655913
EMFN (Proposed),24,42.0,test,season,winter,2113,0.07288215806909608,4.567205143032655,5.538847331839597,3.0855567847552137,0.07235509857345651,0.9086606720302887,14.668565171910155,18.577229431706165
EMFN (Proposed),24,42.0,test,target_transition,positive_to_positive,6894,0.0,3.5856975511409326,4.721394171311791,2.4929013251948318,0.05136404339608139,0.9250072526834929,12.989429903866359,16.765297002991318
EMFN (Proposed),24,42.0,test,target_transition,positive_to_zero,393,1.0,1.7595515670503654,3.651973890972535,1.3295699962985161,0.5788431347058806,0.9974554707379135,11.897311607640587,11.900635695097783
EMFN (Proposed),24,42.0,test,target_transition,zero_to_positive,393,0.0,1.4812168634795093,3.331150710571825,1.1948965620345777,0.07004354998737283,1.0,11.68484505621323,11.68484505621323
EMFN (Proposed),24,42.0,test,target_transition,zero_to_zero,1033,1.0,1.5828135669306245,3.4833299476236936,1.2315238093591414,0.5556030569536398,0.995159728944821,11.569154237493656,11.573504166147849
EMFN (Proposed),24,42.0,test,issue_wind,12_or_more,38,0.0,3.822183072184047,4.770276353873837,2.7070035846882616,0.01003707678549703,0.9736842105263158,14.051534079378895,15.98552159746668
EMFN (Proposed),24,42.0,test,issue_wind,3_to_6,3659,0.15714676141022138,3.1024802777429907,4.30329568208763,2.1570494804461586,0.13192067020789586,0.9573654003826182,13.027797232072865,14.845899800220401
EMFN (Proposed),24,42.0,test,issue_wind,6_to_12,1641,0.07739183424741011,4.3693127517373505,5.4058051221432395,3.0004914390366797,0.07563927825784247,0.8878732480195003,13.548634241744871,19.07120402959645
EMFN (Proposed),24,42.0,test,issue_wind,below_3,3375,0.21451851851851853,2.6551723871992823,4.189458470731043,1.93511838570555,0.17062250170681012,0.9460740740740741,11.950185628327649,14.986678007478568
CNN-LSTM (+Weather),24,42.0,validation,all,all,4226,0.22574538570752484,2.6510660302168847,3.9417125788567104,2.6510660302168847,,,,
CNN-LSTM (+Weather),24,42.0,validation,season,autumn,2159,0.26401111625752666,2.400031529208916,3.7374569059223997,2.400031529208916,,,,
CNN-LSTM (+Weather),24,42.0,validation,season,summer,1386,0.25252525252525254,2.2734994408126723,3.2882599153557517,2.2734994408126723,,,,
CNN-LSTM (+Weather),24,42.0,validation,season,winter,681,0.049926578560939794,4.215369672787284,5.488643437661228,4.215369672787284,,,,
CNN-LSTM (+Weather),24,42.0,validation,target_transition,positive_to_positive,3057,0.0,3.1899287480772758,4.527524480151315,3.1899287480772758,,,,
CNN-LSTM (+Weather),24,42.0,validation,target_transition,positive_to_zero,214,1.0,1.3720262862533052,1.7981060272131535,1.3720262862533052,,,,
CNN-LSTM (+Weather),24,42.0,validation,target_transition,zero_to_positive,215,0.0,1.0981508185163722,1.5027193663782012,1.0981508185163722,,,,
CNN-LSTM (+Weather),24,42.0,validation,target_transition,zero_to_zero,740,1.0,1.24604974268256,1.5676295363730548,1.24604974268256,,,,
CNN-LSTM (+Weather),24,42.0,validation,issue_wind,12_or_more,23,0.34782608695652173,2.8187240028646716,3.2935306281344143,2.8187240028646716,,,,
CNN-LSTM (+Weather),24,42.0,validation,issue_wind,3_to_6,1961,0.16930137684854665,2.790068501269453,3.9899705429808527,2.790068501269453,,,,
CNN-LSTM (+Weather),24,42.0,validation,issue_wind,6_to_12,657,0.0669710806697108,3.634516158882861,4.590273865359959,3.634516158882861,,,,
CNN-LSTM (+Weather),24,42.0,validation,issue_wind,below_3,1585,0.35962145110410093,2.0690050121484105,3.582998658475774,2.0690050121484105,,,,
CNN-LSTM (+Weather),24,42.0,test,all,all,8713,0.1636634913347871,3.147261791054387,4.637289109867801,3.147261791054387,,,,
CNN-LSTM (+Weather),24,42.0,test,season,autumn,2184,0.19688644688644688,2.285575339592711,3.625882442681025,2.285575339592711,,,,
CNN-LSTM (+Weather),24,42.0,test,season,spring,2208,0.15760869565217392,3.7800270344928975,5.516345558732444,3.7800270344928975,,,,
CNN-LSTM (+Weather),24,42.0,test,season,summer,2208,0.223731884057971,2.0755327326767854,3.355979767768727,2.0755327326767854,,,,
CNN-LSTM (+Weather),24,42.0,test,season,winter,2113,0.07288215806909608,4.49660174059429,5.61409911135822,4.49660174059429,,,,
CNN-LSTM (+Weather),24,42.0,test,target_transition,positive_to_positive,6894,0.0,3.5388998966939056,5.087236173061906,3.5388998966939056,,,,
CNN-LSTM (+Weather),24,42.0,test,target_transition,positive_to_zero,393,1.0,1.9037390918335841,2.5443158067011313,1.9037390918335841,,,,
CNN-LSTM (+Weather),24,42.0,test,target_transition,zero_to_positive,393,0.0,1.5711159165443802,2.2310593858098895,1.5711159165443802,,,,
CNN-LSTM (+Weather),24,42.0,test,target_transition,zero_to_zero,1033,1.0,1.6062904930847544,2.0758697168244704,1.6062904930847544,,,,
CNN-LSTM (+Weather),24,42.0,test,issue_wind,12_or_more,38,0.0,5.094734982707149,6.081850728145725,5.094734982707149,,,,
CNN-LSTM (+Weather),24,42.0,test,issue_wind,3_to_6,3659,0.15714676141022138,3.055540617277561,4.441247769724389,3.055540617277561,,,,
CNN-LSTM (+Weather),24,42.0,test,issue_wind,6_to_12,1641,0.07739183424741011,4.380002712667978,5.70649307550237,4.380002712667978,,,,
CNN-LSTM (+Weather),24,42.0,test,issue_wind,below_3,3375,0.21451851851851853,2.6253879958540014,4.228736211628439,2.6253879958540014,,,,
LightGBM (24h matched),24,42.0,validation,all,all,4226,0.22574538570752484,2.8688757409781704,3.709417472226673,2.8688757409781704,,,,
LightGBM (24h matched),24,42.0,validation,season,autumn,2159,0.26401111625752666,2.796336382969489,3.608636199202573,2.796336382969489,,,,
LightGBM (24h matched),24,42.0,validation,season,summer,1386,0.25252525252525254,2.507385423033878,3.1215506762430483,2.507385423033878,,,,
LightGBM (24h matched),24,42.0,validation,season,winter,681,0.049926578560939794,3.834570387984825,4.926550050554569,3.834570387984825,,,,
LightGBM (24h matched),24,42.0,validation,target_transition,positive_to_positive,3057,0.0,3.022653089370537,4.033546243732552,3.022653089370537,,,,
LightGBM (24h matched),24,42.0,validation,target_transition,positive_to_zero,214,1.0,2.5901807266025907,2.8210574065807537,2.5901807266025907,,,,
LightGBM (24h matched),24,42.0,validation,target_transition,zero_to_positive,215,0.0,2.29800378806224,2.5284628635845516,2.29800378806224,,,,
LightGBM (24h matched),24,42.0,validation,target_transition,zero_to_zero,740,1.0,2.480066077353621,2.685134950591763,2.480066077353621,,,,
LightGBM (24h matched),24,42.0,validation,issue_wind,12_or_more,23,0.34782608695652173,3.0698004117967685,3.4000950305757254,3.0698004117967685,,,,
LightGBM (24h matched),24,42.0,validation,issue_wind,3_to_6,1961,0.16930137684854665,2.8605754286557175,3.728005577637464,2.8605754286557175,,,,
LightGBM (24h matched),24,42.0,validation,issue_wind,6_to_12,657,0.0669710806697108,3.470968693443332,4.202179510305718,3.470968693443332,,,,
LightGBM (24h matched),24,42.0,validation,issue_wind,below_3,1585,0.35962145110410093,2.6266552837326755,3.464774273624674,2.6266552837326755,,,,
LightGBM (24h matched),24,42.0,test,all,all,8713,0.1636634913347871,3.377186179986735,4.394599462993356,3.377186179986735,,,,
LightGBM (24h matched),24,42.0,test,season,autumn,2184,0.19688644688644688,2.7014829445447486,3.519745733778503,2.7014829445447486,,,,
LightGBM (24h matched),24,42.0,test,season,spring,2208,0.15760869565217392,3.667218698819696,4.833439614584893,3.667218698819696,,,,
LightGBM (24h matched),24,42.0,test,season,summer,2208,0.223731884057971,2.6892326507538185,3.451260599805329,2.6892326507538185,,,,
LightGBM (24h matched),24,42.0,test,season,winter,2113,0.07288215806909608,4.491405516081575,5.47461534568945,4.491405516081575,,,,
LightGBM (24h matched),24,42.0,test,target_transition,positive_to_positive,6894,0.0,3.512647088850127,4.666568200712023,3.512647088850127,,,,
LightGBM (24h matched),24,42.0,test,target_transition,positive_to_zero,393,1.0,3.1190123048519403,3.4527273030238854,3.1190123048519403,,,,
LightGBM (24h matched),24,42.0,test,target_transition,zero_to_positive,393,0.0,2.741310736273262,3.0613398874770104,2.741310736273262,,,,
LightGBM (24h matched),24,42.0,test,target_transition,zero_to_zero,1033,1.0,2.8132886742782555,3.075681023660996,2.8132886742782555,,,,
LightGBM (24h matched),24,42.0,test,issue_wind,12_or_more,38,0.0,3.848032840778118,4.74001132261806,3.848032840778118,,,,
LightGBM (24h matched),24,42.0,test,issue_wind,3_to_6,3659,0.15714676141022138,3.204135152691777,4.1467933977258955,3.204135152691777,,,,
LightGBM (24h matched),24,42.0,test,issue_wind,6_to_12,1641,0.07739183424741011,4.228554195805139,5.299321071444272,4.228554195805139,,,,
LightGBM (24h matched),24,42.0,test,issue_wind,below_3,3375,0.21451851851851853,3.145543697558343,4.160214227692266,3.145543697558343,,,,
Quantile LightGBM (24h matched),24,42.0,validation,all,all,4226,0.22574538570752484,2.539406109494224,3.7084368772595124,1.8169021727022756,0.1813493847610033,0.9384761003312825,11.17653560558655,13.399192865898636
Quantile LightGBM (24h matched),24,42.0,validation,season,autumn,2159,0.26401111625752666,2.3363343011138977,3.6165942919585006,1.7030183259348175,0.21189439555349698,0.952292728114868,11.716586878009496,13.801397814967036
Quantile LightGBM (24h matched),24,42.0,validation,season,summer,1386,0.25252525252525254,2.128787733074026,3.110581049571602,1.5332532329452622,0.19876803751803748,0.9466089466089466,9.656711685141554,11.210432101368996
Quantile LightGBM (24h matched),24,42.0,validation,season,winter,681,0.049926578560939794,4.018920212301153,4.9175809876553,2.755246747847889,0.049060205580029354,0.8781204111600588,12.557600593215948,16.578725809510107
Quantile LightGBM (24h matched),24,42.0,validation,target_transition,positive_to_positive,3057,0.0,3.109317821451619,4.033286249048019,2.1705833541461903,0.01091020608439647,0.9149492966961073,11.417719486333711,14.490323209617618
Quantile LightGBM (24h matched),24,42.0,validation,target_transition,positive_to_zero,214,1.0,1.211545434112652,2.828468617742286,0.976724206044759,0.7763551401869161,1.0,10.563865259659574,10.563865259659574
Quantile LightGBM (24h matched),24,42.0,validation,target_transition,zero_to_positive,215,0.0,0.9490629535900146,2.528379920046925,0.8457807181843744,0.017651162790697675,1.0,10.580785040763772,10.580785040763772
Quantile LightGBM (24h matched),24,42.0,validation,target_transition,zero_to_zero,740,1.0,1.0311167305716629,2.6767681241051893,0.880937072583372,0.7609391891891892,1.0,10.53045277048005,10.53045277048005
Quantile LightGBM (24h matched),24,42.0,validation,issue_wind,12_or_more,23,0.34782608695652173,2.0523320166874863,3.3270027839852894,1.3355019562742263,0.20173913043478264,0.9565217391304348,11.813153643960781,13.67926819624054
Quantile LightGBM (24h matched),24,42.0,validation,issue_wind,3_to_6,1961,0.16930137684854665,2.6790127271360697,3.71153335207839,1.8884909895259834,0.14358235594084648,0.942886282508924,11.342790337150012,13.24974413781102
Quantile LightGBM (24h matched),24,42.0,validation,issue_wind,6_to_12,657,0.0669710806697108,3.4764998014845023,4.2626706301011446,2.4008934780107243,0.06181887366818873,0.893455098934551,12.038770631037226,15.297406680412518
Quantile LightGBM (24h matched),24,42.0,validation,issue_wind,below_3,1585,0.35962145110410093,1.9853137254571782,3.454239234469198,1.4932455465817098,0.27732649842271295,0.9514195583596214,10.60419733732178,12.793199646369512
Quantile LightGBM (24h matched),24,42.0,test,all,all,8713,0.1636634913347871,3.0005608701514093,4.366718528539026,2.1627912282492536,0.13975381613680707,0.9065763801216573,11.403071589730025,16.80237134085433
Quantile LightGBM (24h matched),24,42.0,test,season,autumn,2184,0.19688644688644688,2.1790308588265845,3.456360525891202,1.6184752178840422,0.16794299450549452,0.9702380952380952,11.76617086584791,13.38568747945139
Quantile LightGBM (24h matched),24,42.0,test,season,spring,2208,0.15760869565217392,3.3972449711495756,4.777062757290655,2.407120562479907,0.13526154891304343,0.8908514492753623,11.351350703981131,18.855219431242837
Quantile LightGBM (24h matched),24,42.0,test,season,summer,2208,0.223731884057971,2.00158298899218,3.367132306887416,1.5560353400952636,0.18503509963768117,0.9365942028985508,9.824322867535667,13.651379190946814
Quantile LightGBM (24h matched),24,42.0,test,season,winter,2113,0.07288215806909608,4.479068305707037,5.530530207137067,3.104118250350697,0.06799455750118315,0.8258400378608614,12.731546779175007,21.481377321319062
Quantile LightGBM (24h matched),24,42.0,test,target_transition,positive_to_positive,6894,0.0,3.40204416988409,4.6484123164574225,2.435354765917545,0.009959747606614451,0.8819263127357122,11.556958771078378,18.380877937244033
Quantile LightGBM (24h matched),24,42.0,test,target_transition,positive_to_zero,393,1.0,1.7476394470607313,3.3173030178073906,1.2696320120693276,0.8101590330788805,1.0,10.954350964111859,10.954350964111859
Quantile LightGBM (24h matched),24,42.0,test,target_transition,zero_to_positive,393,0.0,1.4302545887779259,2.9774981833713485,1.094920238932923,0.014338422391857508,1.0,10.88671062531924,10.88671062531924
Quantile LightGBM (24h matched),24,42.0,test,target_transition,zero_to_zero,1033,1.0,1.3952391078061195,3.0115696399379592,1.0898307655917785,0.7986302032913843,1.0,10.743225352233262,10.743225352233262
Quantile LightGBM (24h matched),24,42.0,test,issue_wind,12_or_more,38,0.0,4.437572044371767,4.6691205056596745,2.8581465382476354,0.010855263157894738,0.8947368421052632,12.579588274976818,15.619734818277541
Quantile LightGBM (24h matched),24,42.0,test,issue_wind,3_to_6,3659,0.15714676141022138,2.8985244186661827,4.161815875844376,2.0637599658063945,0.1362578573380705,0.9223831647991254,11.393794577121671,15.62900394137124
Quantile LightGBM (24h matched),24,42.0,test,issue_wind,6_to_12,1641,0.07739183424741011,4.145546776676216,5.2621759837477775,2.921458457048137,0.07234765386959169,0.8281535648994516,11.979447633703892,21.745788956166717
Quantile LightGBM (24h matched),24,42.0,test,issue_wind,below_3,3375,0.21451851851851853,2.538286226820109,4.091417613445873,1.89344573640911,0.1777696296296296,0.9277037037037037,11.119635698451054,15.684191547028819
Hurdle Quantile LightGBM (24h matched),24,42.0,validation,all,all,4226,0.22574538570752484,2.5101474409735998,3.708673527608924,1.818217754138315,0.16022064964862565,0.9406057737813536,11.247123223931773,13.301135548175205
Hurdle Quantile LightGBM (24h matched),24,42.0,validation,season,autumn,2159,0.26401111625752666,2.328917210829078,3.619641689942056,1.7083100145000043,0.18501753095942677,0.951829550717925,11.698119600081142,13.747220202020715
Hurdle Quantile LightGBM (24h matched),24,42.0,validation,season,summer,1386,0.25252525252525254,2.108582236828962,3.1195149179809833,1.5374598765924299,0.17360767623464535,0.9494949494949495,9.75755186796486,11.224358195960734
Hurdle Quantile LightGBM (24h matched),24,42.0,validation,season,winter,681,0.049926578560939794,3.9019909649478897,4.9000310834521565,2.7380727147223234,0.054360318373672764,0.8869309838472834,12.848951011396755,16.113641631166097
Hurdle Quantile LightGBM (24h matched),24,42.0,validation,target_transition,positive_to_positive,3057,0.0,3.078758488364823,4.035973350730155,2.175441834204985,0.03861806093247292,0.9214916584887144,11.53414982599208,14.37219336644291
Hurdle Quantile LightGBM (24h matched),24,42.0,validation,target_transition,positive_to_zero,214,1.0,1.2201852366962964,2.814900725350431,0.9649053193725811,0.5825648872658901,0.9813084112149533,10.532109548411775,10.536958602568188
Hurdle Quantile LightGBM (24h matched),24,42.0,validation,target_transition,zero_to_positive,215,0.0,0.9535585634566547,2.5219315529526716,0.8476914097254641,0.06553886083372559,1.0,10.556048573965436,10.556048573965436
Hurdle Quantile LightGBM (24h matched),24,42.0,validation,target_transition,zero_to_zero,740,1.0,0.986464398414842,2.667797273426523,0.8712420951178024,0.5679423137707714,0.9905405405405405,10.468952485831341,10.473438001378755
Hurdle Quantile LightGBM (24h matched),24,42.0,validation,issue_wind,12_or_more,23,0.34782608695652173,1.534285086147148,3.1458078074378375,1.2072793682493745,0.18469697050538156,0.9565217391304348,11.242819469595949,13.517644335718092
Hurdle Quantile LightGBM (24h matched),24,42.0,validation,issue_wind,3_to_6,1961,0.16930137684854665,2.662594632558549,3.720028545639921,1.8962102928989624,0.13162934462840278,0.9454360020397756,11.487356782604579,13.216924033767832
Hurdle Quantile LightGBM (24h matched),24,42.0,validation,issue_wind,6_to_12,657,0.0669710806697108,3.4161345804804357,4.251718709481082,2.3887366962619385,0.05559201887333352,0.8949771689497716,12.21363390663055,15.111513350308385
Hurdle Quantile LightGBM (24h matched),24,42.0,validation,issue_wind,below_3,1585,0.35962145110410093,1.9601552269716647,3.4516679129956795,1.4941024666875868,0.2386090434557667,0.9533123028391167,10.549333608322465,12.651760697473547
Hurdle Quantile LightGBM (24h matched),24,42.0,test,all,all,8713,0.1636634913347871,3.017008068974801,4.381743041949947,2.1757915529499954,0.13294969865963027,0.9076093194077814,11.567265294207052,16.462151508502444
Hurdle Quantile LightGBM (24h matched),24,42.0,test,season,autumn,2184,0.19688644688644688,2.1766895399917456,3.4558945571302724,1.6193632865701724,0.15891897155756396,0.9725274725274725,11.768508116878772,13.365383803377409
Hurdle Quantile LightGBM (24h matched),24,42.0,test,season,spring,2208,0.15760869565217392,3.4227803861161425,4.820502044632605,2.4399924564519786,0.13250404319405112,0.8913043478260869,11.527298839020329,18.483235812475698
Hurdle Quantile LightGBM (24h matched),24,42.0,test,season,summer,2208,0.223731884057971,2.0424539901304373,3.3797224710003184,1.5718649820655326,0.16499019789044492,0.9370471014492754,10.10090931772954,13.04909800926995
Hurdle Quantile LightGBM (24h matched),24,42.0,test,season,winter,2113,0.07288215806909608,4.479916633640804,5.532420455541971,3.1059163079684766,0.07309247809989186,0.8267865593942262,12.933306753932373,21.117527112442566
Hurdle Quantile LightGBM (24h matched),24,42.0,test,target_transition,positive_to_positive,6894,0.0,3.4195683316760888,4.664036927814647,2.450919029083671,0.03584479805538928,0.886858137510879,11.743495051593488,17.927939986107152
Hurdle Quantile LightGBM (24h matched),24,42.0,test,target_transition,positive_to_zero,393,1.0,1.7363740131018472,3.318629421040155,1.2616036725928164,0.6416091872236372,0.9821882951653944,11.06434544583889,11.071991508714692
Hurdle Quantile LightGBM (24h matched),24,42.0,test,target_transition,zero_to_positive,393,0.0,1.4327078704237226,2.9895366271949055,1.1023560161373531,0.05144967979234052,0.9974554707379135,11.023897470216989,11.026502951467346
Hurdle Quantile LightGBM (24h matched),24,42.0,test,target_transition,zero_to_zero,1033,1.0,1.420365969193546,3.0292707797453122,1.0958372281505624,0.6184942419072852,0.9835430784123911,10.78920441116223,10.798450635534905
Hurdle Quantile LightGBM (24h matched),24,42.0,test,issue_wind,12_or_more,38,0.0,4.476690483541012,4.766920131088351,2.9259470450369283,0.031103573184169606,0.868421052631579,12.445978105246933,15.007092093032426
Hurdle Quantile LightGBM (24h matched),24,42.0,test,issue_wind,3_to_6,3659,0.15714676141022138,2.9145441580324403,4.169393198577421,2.0699747363502836,0.12893721554467724,0.9223831647991254,11.640244026675479,15.40523107446613
Hurdle Quantile LightGBM (24h matched),24,42.0,test,issue_wind,6_to_12,1641,0.07739183424741011,4.146366520237723,5.2752033074820055,2.9352218085607755,0.07560939425343799,0.8287629494210847,12.179156475412544,21.256826632667273
Hurdle Quantile LightGBM (24h matched),24,42.0,test,issue_wind,below_3,3375,0.21451851851851853,2.5625400096746893,4.115027892032634,1.9128145970334773,0.16632666696073903,0.9303703703703704,11.180736791309364,15.293115137294219
EMFN (Proposed),1,2026.0,validation,all,all,4249,0.22452341727465286,0.7143665479927751,1.1454440382256184,0.5164726909381889,0.07179899515651209,0.929159802306425,3.338310450246256,4.059504629591956
EMFN (Proposed),1,2026.0,validation,season,autumn,2153,0.2633534602879703,0.6931376093600967,1.1659632627769503,0.5003476392721327,0.08121978676196236,0.9196470041802136,3.040153127075389,3.930130553025017
EMFN (Proposed),1,2026.0,validation,season,summer,1409,0.25691980127750175,0.5916838031058522,0.9616340584291669,0.43242975901263303,0.08379342833884536,0.9418026969481902,3.015691483849067,3.4736315371964706
EMFN (Proposed),1,2026.0,validation,season,winter,687,0.036390101892285295,1.0325119518091228,1.3991930921319262,0.7393747685511839,0.017675093147135054,0.9330422125181951,4.9343844537986845,5.666546222072097
EMFN (Proposed),1,2026.0,validation,target_transition,positive_to_positive,3081,0.0,0.9558040513485054,1.3341179117592992,0.6875701067266544,0.01898401831725065,0.9178838039597533,4.386996281582952,5.294151962558083
EMFN (Proposed),1,2026.0,validation,target_transition,positive_to_zero,215,1.0,0.1302359983955813,0.36386751349641394,0.10602962226426296,0.42322021252352043,0.9348837209302325,1.0033881994805816,1.0900608767697637
EMFN (Proposed),1,2026.0,validation,target_transition,zero_to_positive,214,0.0,0.2646609805693868,0.4862506179612396,0.20304670500262112,0.5106993333091888,0.8411214953271028,0.6659255742432587,1.837761038441011
EMFN (Proposed),1,2026.0,validation,target_transition,zero_to_zero,739,1.0,0.007947213423081917,0.12754222288169376,0.013316104619980071,0.06265516503903552,1.0,0.419362684388207,0.419362684388207
EMFN (Proposed),1,2026.0,validation,issue_wind,12_or_more,23,0.0,1.7611387442070507,2.2893532174250946,1.2238297769740243,0.0006877494338744058,0.9130434782608695,6.963994681673009,9.1566977482147
EMFN (Proposed),1,2026.0,validation,issue_wind,3_to_6,1969,0.05027932960893855,0.8818003073661461,1.243156194606488,0.6346521085008004,0.02354772070043291,0.9222955815134586,4.023553844969692,4.9102672062982125
EMFN (Proposed),1,2026.0,validation,issue_wind,6_to_12,672,0.0,1.3615718903705132,1.735039940315044,0.985096050974551,0.00050911017379795,0.9300595238095238,6.799444497698043,7.539663866694709
EMFN (Proposed),1,2026.0,validation,issue_wind,below_3,1585,0.5394321766561514,0.21677990900417204,0.49501619868976554,0.16071282715015026,0.16299717860384613,0.9375394321766561,0.9670063105485527,1.4531614355250813
EMFN (Proposed),1,2026.0,test,all,all,8736,0.16323260073260074,0.7909495801893128,1.2769273611475458,0.5751908284988719,0.06796152290672117,0.9102564102564102,3.467974372774953,4.596454638151263
EMFN (Proposed),1,2026.0,test,season,autumn,2184,0.19688644688644688,0.6320391726140457,1.0375837438287445,0.4630486220829672,0.07851584436699853,0.9166666666666666,2.7788231694815155,3.8098738412204862
EMFN (Proposed),1,2026.0,test,season,spring,2208,0.15760869565217392,0.9177225504154966,1.5023929016879296,0.6628159008650418,0.066450325969644,0.8940217391304348,3.6975132369842543,5.172923969816912
EMFN (Proposed),1,2026.0,test,season,summer,2208,0.223731884057971,0.6153111220282853,1.0239748703892027,0.449678487684535,0.08516012387931282,0.9130434782608695,2.709629751330754,3.619787599597086
EMFN (Proposed),1,2026.0,test,season,winter,2136,0.07209737827715355,1.0039436473730763,1.4665706446654552,0.7290174518817785,0.04095383274770349,0.9176029962546817,4.719242790362745,5.814398925279863
EMFN (Proposed),1,2026.0,test,target_transition,positive_to_positive,6917,0.0,0.9748692263648432,1.4264398695350389,0.7063384073630073,0.022713751301720642,0.90226977013156,4.200665006726866,5.575644550507817
EMFN (Proposed),1,2026.0,test,target_transition,positive_to_zero,393,1.0,0.1533962579756667,0.42789894429083153,0.12233350524403239,0.43874368650124895,0.8702290076335878,1.0695229128270944,1.2230812282363537
EMFN (Proposed),1,2026.0,test,target_transition,zero_to_positive,393,0.0,0.2423888940877279,0.3850911028287345,0.18349285290591688,0.48546626924681135,0.8676844783715013,0.7915029964578666,1.5058827958552594
EMFN (Proposed),1,2026.0,test,target_transition,zero_to_zero,1033,1.0,0.01066943756757298,0.19667692360322234,0.018329675976082233,0.07104194941929011,0.995159728944821,0.4925857567117817,0.49894627450035123
EMFN (Proposed),1,2026.0,test,issue_wind,12_or_more,38,0.0,2.349896388877481,3.2802033067424916,1.7759305349395857,0.00843044769748979,0.8421052631578947,8.629905715977642,15.368515456063873
EMFN (Proposed),1,2026.0,test,issue_wind,3_to_6,3668,0.03271537622682661,0.8834548546140738,1.3028688063081917,0.6391194442493155,0.02213419370782121,0.9081243184296619,3.91626422105489,5.02636628387351
EMFN (Proposed),1,2026.0,test,issue_wind,6_to_12,1655,0.0012084592145015106,1.4792419518362603,1.9249210526812226,1.0695153073473205,0.0027016677344838982,0.9105740181268882,6.742343925477955,8.251017652400215
EMFN (Proposed),1,2026.0,test,issue_wind,below_3,3375,0.38637037037037036,0.33534270599794375,0.6615228752082102,0.24979074437692908,0.15043911836437107,0.9131851851851852,1.316992990773183,2.2158454481744045
CNN-LSTM (+Weather),1,2026.0,validation,all,all,4249,0.22452341727465286,0.7541186336393352,1.2086925966949833,0.7541186336393352,,,,
CNN-LSTM (+Weather),1,2026.0,validation,season,autumn,2153,0.2633534602879703,0.7333906242669389,1.2302296650161308,0.7333906242669389,,,,
CNN-LSTM (+Weather),1,2026.0,validation,season,summer,1409,0.25691980127750175,0.6249321623553633,1.0115649298659501,0.6249321623553633,,,,
CNN-LSTM (+Weather),1,2026.0,validation,season,winter,687,0.036390101892285295,1.084032960011803,1.4812049337246218,1.084032960011803,,,,
CNN-LSTM (+Weather),1,2026.0,validation,target_transition,positive_to_positive,3081,0.0,0.9925934422179624,1.4114092665049236,0.9925934422179624,,,,
CNN-LSTM (+Weather),1,2026.0,validation,target_transition,positive_to_zero,215,1.0,0.1592455724990645,0.21662445224329327,0.1592455724990645,,,,
CNN-LSTM (+Weather),1,2026.0,validation,target_transition,zero_to_positive,214,0.0,0.2177540526656681,0.4865427514383989,0.2177540526656681,,,,
CNN-LSTM (+Weather),1,2026.0,validation,target_transition,zero_to_zero,739,1.0,0.08827133085553475,0.11151641965902143,0.08827133085553475,,,,
CNN-LSTM (+Weather),1,2026.0,validation,issue_wind,12_or_more,23,0.0,1.5942020243566761,2.103856255903863,1.5942020243566761,,,,
CNN-LSTM (+Weather),1,2026.0,validation,issue_wind,3_to_6,1969,0.05027932960893855,0.9222208000043737,1.3152181580144828,0.9222208000043737,,,,
CNN-LSTM (+Weather),1,2026.0,validation,issue_wind,6_to_12,672,0.0,1.4412253378197692,1.8464441060709664,1.4412253378197692,,,,
CNN-LSTM (+Weather),1,2026.0,validation,issue_wind,below_3,1585,0.5394321766561514,0.24178375113554212,0.5077698263936458,0.24178375113554212,,,,
CNN-LSTM (+Weather),1,2026.0,test,all,all,8736,0.16323260073260074,0.8367117215124812,1.3443476844649216,0.8367117215124812,,,,
CNN-LSTM (+Weather),1,2026.0,test,season,autumn,2184,0.19688644688644688,0.6831975624220803,1.1290733437584775,0.6831975624220803,,,,
CNN-LSTM (+Weather),1,2026.0,test,season,spring,2208,0.15760869565217392,0.9787008374482242,1.5854200310022941,0.9787008374482242,,,,
CNN-LSTM (+Weather),1,2026.0,test,season,summer,2208,0.223731884057971,0.635064389983872,1.0565285049353583,0.635064389983872,,,,
CNN-LSTM (+Weather),1,2026.0,test,season,winter,2136,0.07209737827715355,1.055344803667202,1.528370981191303,1.055344803667202,,,,
CNN-LSTM (+Weather),1,2026.0,test,target_transition,positive_to_positive,6917,0.0,1.0194906206656758,1.5059450690762393,1.0194906206656758,,,,
CNN-LSTM (+Weather),1,2026.0,test,target_transition,positive_to_zero,393,1.0,0.18666177487555352,0.2583240339054309,0.18666177487555352,,,,
CNN-LSTM (+Weather),1,2026.0,test,target_transition,zero_to_positive,393,0.0,0.2064256629729732,0.38274797115769604,0.2064256629729732,,,,
CNN-LSTM (+Weather),1,2026.0,test,target_transition,zero_to_zero,1033,1.0,0.09991637261770124,0.13074316456465343,0.09991637261770124,,,,
CNN-LSTM (+Weather),1,2026.0,test,issue_wind,12_or_more,38,0.0,2.4114054884245015,3.328829433037203,2.4114054884245015,,,,
CNN-LSTM (+Weather),1,2026.0,test,issue_wind,3_to_6,3668,0.03271537622682661,0.9167474974421874,1.3320476395245862,0.9167474974421874,,,,
CNN-LSTM (+Weather),1,2026.0,test,issue_wind,6_to_12,1655,0.0012084592145015106,1.5756412317334605,2.0757131386178247,1.5756412317334605,,,,
CNN-LSTM (+Weather),1,2026.0,test,issue_wind,below_3,3375,0.38637037037037036,0.36964863153661726,0.7155846960689399,0.36964863153661726,,,,
LightGBM (24h matched),1,2026.0,validation,all,all,4249,0.22452341727465286,0.7723474363306208,1.1945314326771292,0.7723474363306208,,,,
LightGBM (24h matched),1,2026.0,validation,season,autumn,2153,0.2633534602879703,0.7496141675408698,1.1873845886470775,0.7496141675408698,,,,
LightGBM (24h matched),1,2026.0,validation,season,summer,1409,0.25691980127750175,0.649804552744765,1.0133457389463112,0.649804552744765,,,,
LightGBM (24h matched),1,2026.0,validation,season,winter,687,0.036390101892285295,1.0949204358601767,1.5168079484752113,1.0949204358601767,,,,
LightGBM (24h matched),1,2026.0,validation,target_transition,positive_to_positive,3081,0.0,0.9966645227602716,1.3908788452380318,0.9966645227602716,,,,
LightGBM (24h matched),1,2026.0,validation,target_transition,positive_to_zero,215,1.0,0.2901455849534636,0.4067222225449545,0.2901455849534636,,,,
LightGBM (24h matched),1,2026.0,validation,target_transition,zero_to_positive,214,0.0,0.22721732919567975,0.4712084617114232,0.22721732919567975,,,,
LightGBM (24h matched),1,2026.0,validation,target_transition,zero_to_zero,739,1.0,0.13528423969085301,0.16247790907883664,0.13528423969085301,,,,
LightGBM (24h matched),1,2026.0,validation,issue_wind,12_or_more,23,0.0,1.3533257580468057,1.7660544930770559,1.3533257580468057,,,,
LightGBM (24h matched),1,2026.0,validation,issue_wind,3_to_6,1969,0.05027932960893855,0.9499615984925045,1.3108061409892937,0.9499615984925045,,,,
LightGBM (24h matched),1,2026.0,validation,issue_wind,6_to_12,672,0.0,1.4160405478259062,1.8268444040988583,1.4160405478259062,,,,
LightGBM (24h matched),1,2026.0,validation,issue_wind,below_3,1585,0.5394321766561514,0.2703622264750669,0.48008796927986064,0.2703622264750669,,,,
LightGBM (24h matched),1,2026.0,test,all,all,8736,0.16323260073260074,0.8208848832926825,1.2866828129182633,0.8208848832926825,,,,
LightGBM (24h matched),1,2026.0,test,season,autumn,2184,0.19688644688644688,0.6433679426572584,1.042741266691985,0.6433679426572584,,,,
LightGBM (24h matched),1,2026.0,test,season,spring,2208,0.15760869565217392,0.9665752761944256,1.5213857969868216,0.9665752761944256,,,,
LightGBM (24h matched),1,2026.0,test,season,summer,2208,0.223731884057971,0.655140205305024,1.0452548540361235,0.655140205305024,,,,
LightGBM (24h matched),1,2026.0,test,season,winter,2136,0.07209737827715355,1.0231212408851298,1.4619371178473117,1.0231212408851298,,,,
LightGBM (24h matched),1,2026.0,test,target_transition,positive_to_positive,6917,0.0,0.9810288131813566,1.4371760739395558,0.9810288131813566,,,,
LightGBM (24h matched),1,2026.0,test,target_transition,positive_to_zero,393,1.0,0.34557715087328666,0.46543283179540523,0.34557715087328666,,,,
LightGBM (24h matched),1,2026.0,test,target_transition,zero_to_positive,393,0.0,0.2234355689264902,0.3630317682877383,0.2234355689264902,,,,
LightGBM (24h matched),1,2026.0,test,target_transition,zero_to_zero,1033,1.0,0.15668154964967945,0.19452334402650534,0.15668154964967945,,,,
LightGBM (24h matched),1,2026.0,test,issue_wind,12_or_more,38,0.0,2.479529263835386,3.459387982031853,2.479529263835386,,,,
LightGBM (24h matched),1,2026.0,test,issue_wind,3_to_6,3668,0.03271537622682661,0.8945630762914772,1.2816805822413244,0.8945630762914772,,,,
LightGBM (24h matched),1,2026.0,test,issue_wind,6_to_12,1655,0.0012084592145015106,1.557498184398332,2.002927617605193,1.557498184398332,,,,
LightGBM (24h matched),1,2026.0,test,issue_wind,below_3,3375,0.38637037037037036,0.3609218872304451,0.6308866879845935,0.3609218872304451,,,,
Quantile LightGBM (24h matched),1,2026.0,validation,all,all,4249,0.22452341727465286,0.7458090416533983,1.2674665813533315,0.5512473144100676,0.15800157684160976,0.9256295598964462,4.03921620490224,4.876222303915056
Quantile LightGBM (24h matched),1,2026.0,validation,season,autumn,2153,0.2633534602879703,0.7124302078256963,1.251341981556169,0.5241828745995389,0.18333841151881097,0.924756154203437,3.6994773008541846,4.5153206172846305
Quantile LightGBM (24h matched),1,2026.0,validation,season,summer,1409,0.25691980127750175,0.6085784515301167,1.0535530207634445,0.45483386963505035,0.18319602555003547,0.9439318665720369,3.584422464634375,4.072547565621572
Quantile LightGBM (24h matched),1,2026.0,validation,season,winter,687,0.036390101892285295,1.1318680383269732,1.6589287498443486,0.8338037665207921,0.026925618631732172,0.8908296943231441,6.036686715022888,7.655551325124409
Quantile LightGBM (24h matched),1,2026.0,validation,target_transition,positive_to_positive,3081,0.0,0.9980959752262948,1.4733314146540681,0.7326157588231714,0.0034834793898085043,0.9156118143459916,5.334039877083628,6.390414410071805
Quantile LightGBM (24h matched),1,2026.0,validation,target_transition,positive_to_zero,215,1.0,0.16048724543492046,0.5071349679433654,0.12652384616979254,0.7046446511627907,0.8883720930232558,1.192654551458684,1.3115547530190041
Quantile LightGBM (24h matched),1,2026.0,validation,target_transition,zero_to_positive,214,0.0,0.25793130675776554,0.46271657737475147,0.1968372730257197,0.02776869158878505,0.8504672897196262,0.6017289048331393,1.8923150507836772
Quantile LightGBM (24h matched),1,2026.0,validation,target_transition,zero_to_zero,739,1.0,0.005557321919357861,0.22327448410174852,0.021292128065192917,0.6808863328822734,1.0,0.4644953709567678,0.4644953709567678
Quantile LightGBM (24h matched),1,2026.0,validation,issue_wind,12_or_more,23,0.0,1.3913427133253145,1.997235139605426,1.0487253078962262,0.0,0.9130434782608695,7.560843330478097,8.43530091607823
Quantile LightGBM (24h matched),1,2026.0,validation,issue_wind,3_to_6,1969,0.05027932960893855,0.9418342340814941,1.3683051080791253,0.6868478811501382,0.03740147282884713,0.9126460132046724,4.723928077093018,5.7369870801790235
Quantile LightGBM (24h matched),1,2026.0,validation,issue_wind,6_to_12,672,0.0,1.4229820531289017,1.980569479348246,1.0622191450973926,3.37797619047619e-05,0.9077380952380952,8.676093400025817,10.275972640718354
Quantile LightGBM (24h matched),1,2026.0,validation,issue_wind,below_3,1585,0.5394321766561514,0.20582093941307453,0.5096232043019864,0.15893653839539088,0.3770867507886435,0.9495268138801262,1.1715969144574907,1.4659151248139073
Quantile LightGBM (24h matched),1,2026.0,test,all,all,8736,0.16323260073260074,0.8050585898765563,1.3950461194338435,0.5960258198523055,0.11793571428571428,0.9199862637362637,4.328008743918946,5.369772935819754
Quantile LightGBM (24h matched),1,2026.0,test,season,autumn,2184,0.19688644688644688,0.6346182682387411,1.1009977458088265,0.46930890972377076,0.1375250457875458,0.9468864468864469,3.473974008697936,4.097504045495328
Quantile LightGBM (24h matched),1,2026.0,test,season,spring,2208,0.15760869565217392,0.9420994447319833,1.6224415288491667,0.6961406629982966,0.11348872282608696,0.8944746376811594,4.595603277279481,6.146237649248814
Quantile LightGBM (24h matched),1,2026.0,test,season,summer,2208,0.223731884057971,0.6080525124477912,1.0726706564065478,0.450220145514211,0.1637511322463768,0.9375,3.2964979195477584,3.914138706979476
Quantile LightGBM (24h matched),1,2026.0,test,season,winter,2136,0.07209737827715355,1.0413155533123803,1.6762039918143863,0.7728212725643296,0.05514330524344569,0.900749063670412,5.990901549290758,7.372695008149587
Quantile LightGBM (24h matched),1,2026.0,test,target_transition,positive_to_positive,6917,0.0,0.9910790155441948,1.5570792142966208,0.7306995349251107,0.0032805117825646956,0.9181726181870753,5.277745999426916,6.539884896559121
Quantile LightGBM (24h matched),1,2026.0,test,target_transition,positive_to_zero,393,1.0,0.1963955471302383,0.5671559705777562,0.15305089346244363,0.7348603053435115,0.7811704834605598,1.347223603575913,1.5459295452883774
Quantile LightGBM (24h matched),1,2026.0,test,target_transition,zero_to_positive,393,0.0,0.24098396045745427,0.3580379747940028,0.17686365333588328,0.028854961832061068,0.8804071246819338,0.6748071709521803,1.4191985040031363
Quantile LightGBM (24h matched),1,2026.0,test,target_transition,zero_to_zero,1033,1.0,0.005622598412815612,0.22983654518727953,0.022242461046473035,0.6848547918683447,1.0,0.4924077584224303,0.4924077584224303
Quantile LightGBM (24h matched),1,2026.0,test,issue_wind,12_or_more,38,0.0,2.5037174869525844,3.698134329807763,1.8916994655560362,0.0,0.7894736842105263,10.217960798828358,18.840076596940317
Quantile LightGBM (24h matched),1,2026.0,test,issue_wind,3_to_6,3668,0.03271537622682661,0.882364705373275,1.3398539632159254,0.6446596743513097,0.025335850599781894,0.930752453653217,4.57214664551977,5.413737431264586
Quantile LightGBM (24h matched),1,2026.0,test,issue_wind,6_to_12,1655,0.0012084592145015106,1.5994760784361288,2.265795846686004,1.1937367557374172,0.0011829003021148036,0.8628398791540786,9.116981842039788,11.594969858884726
Quantile LightGBM (24h matched),1,2026.0,test,issue_wind,below_3,3375,0.38637037037037036,0.31235671927005426,0.644196357279902,0.23548176778446867,0.2771546074074074,0.9377777777777778,1.6479890465712752,2.1176739088310885
Hurdle Quantile LightGBM (24h matched),1,2026.0,validation,all,all,4249,0.22452341727465286,0.7356062375143939,1.2327850611331757,0.5380244603280304,0.06808871979383536,0.9385737820663685,3.7678081026898247,4.581755628086311
Hurdle Quantile LightGBM (24h matched),1,2026.0,validation,season,autumn,2153,0.2633534602879703,0.7058649783201929,1.222317435322947,0.5129335897729472,0.07750903042229211,0.9428704133766836,3.5142838576403754,4.294574995265128
Hurdle Quantile LightGBM (24h matched),1,2026.0,validation,season,summer,1409,0.25691980127750175,0.6021480529441143,1.0295090280123282,0.4442123482380252,0.07789763854992554,0.9531582682753726,3.3983107468188742,3.8770260791192523
Hurdle Quantile LightGBM (24h matched),1,2026.0,validation,season,winter,687,0.036390101892285295,1.1025283817715097,1.594824989235564,0.8090607197747723,0.018448697507956965,0.8951965065502183,5.320150859623789,6.9271178361774215
Hurdle Quantile LightGBM (24h matched),1,2026.0,validation,target_transition,positive_to_positive,3081,0.0,0.9861662142572178,1.435193741240521,0.717643535365525,0.01488505730745245,0.9250243427458618,4.945828467656911,5.98971281140198
Hurdle Quantile LightGBM (24h matched),1,2026.0,validation,target_transition,positive_to_zero,215,1.0,0.1364158117861668,0.4746513005239118,0.10976100941961241,0.39230718478109333,0.9720930232558139,1.2787198346037383,1.3438988836816756
Hurdle Quantile LightGBM (24h matched),1,2026.0,validation,target_transition,zero_to_positive,214,0.0,0.25917129643325265,0.4713282298417318,0.2005002114266845,0.47898877011216856,0.8878504672897196,0.7018954820079187,1.7684463080796982
Hurdle Quantile LightGBM (24h matched),1,2026.0,validation,target_transition,zero_to_zero,739,1.0,0.003275697024939049,0.14385089099427345,0.01150275670107181,0.07658791245981908,1.0,0.4684556453161314,0.4684556453161314
Hurdle Quantile LightGBM (24h matched),1,2026.0,validation,issue_wind,12_or_more,23,0.0,1.4263744860548386,1.9522328594062521,1.0236778337916115,0.00035550773113852957,0.9565217391304348,7.801405454656213,7.993336893843468
Hurdle Quantile LightGBM (24h matched),1,2026.0,validation,issue_wind,3_to_6,1969,0.05027932960893855,0.9280011472677155,1.3427640491849495,0.673782983602601,0.023279815857961197,0.9212798374809548,4.554969767180681,5.520646025050525
Hurdle Quantile LightGBM (24h matched),1,2026.0,validation,issue_wind,6_to_12,672,0.0,1.4057490037326363,1.907055077627309,1.0346530026426055,8.044986802545454e-05,0.90625,7.36521761567616,9.10002517108489
Hurdle Quantile LightGBM (24h matched),1,2026.0,validation,issue_wind,below_3,1585,0.5394321766561514,0.2024521769974353,0.4868567272036092,0.15177023928532626,0.15357020441044264,0.9735015772870662,1.2061972199109348,1.4502611841557131
Hurdle Quantile LightGBM (24h matched),1,2026.0,test,all,all,8736,0.16323260073260074,0.7921463789745551,1.3488902367384095,0.5813396545867211,0.06425022872710139,0.9281135531135531,3.9352836224333894,5.020858741893388
Hurdle Quantile LightGBM (24h matched),1,2026.0,test,season,autumn,2184,0.19688644688644688,0.6252599766416165,1.0746913144323602,0.45861457139235756,0.07491818567006968,0.9514652014652014,3.30480871066639,3.972975169217111
Hurdle Quantile LightGBM (24h matched),1,2026.0,test,season,spring,2208,0.15760869565217392,0.9306865176017225,1.5823203941172141,0.6821317310104423,0.06110419962475066,0.9085144927536232,4.200755779640602,5.802286966425178
Hurdle Quantile LightGBM (24h matched),1,2026.0,test,season,summer,2208,0.223731884057971,0.6002984632328745,1.0555629851083517,0.4421756656804339,0.08276434124738001,0.9465579710144928,3.1503784007718454,3.791355029193497
Hurdle Quantile LightGBM (24h matched),1,2026.0,test,season,winter,2136,0.07209737827715355,1.0178877060176175,1.5876871294262997,0.7464879525539475,0.03745643371294987,0.9054307116104869,5.116868553900754,6.555469416331664
Hurdle Quantile LightGBM (24h matched),1,2026.0,test,target_transition,positive_to_positive,6917,0.0,0.9753903783782282,1.5068555222927003,0.7140369799171237,0.018312194211848244,0.9177389041491977,4.775049358356617,6.106088429456547
Hurdle Quantile LightGBM (24h matched),1,2026.0,test,target_transition,positive_to_zero,393,1.0,0.18495090834232317,0.5375955569495096,0.13929635955372954,0.43205368939291533,0.9541984732824428,1.4094840285923966,1.5049436860827479
Hurdle Quantile LightGBM (24h matched),1,2026.0,test,target_transition,zero_to_positive,393,0.0,0.24222088999341476,0.35989481435801196,0.18160917222519762,0.4751086813660505,0.8956743002544529,0.7724831605591107,1.381316095446191
Hurdle Quantile LightGBM (24h matched),1,2026.0,test,target_transition,zero_to_zero,1033,1.0,0.005360118812742356,0.15518452372038966,0.01304313494069003,0.0756144618473667,1.0,0.4763874235128993,0.4763874235128993
Hurdle Quantile LightGBM (24h matched),1,2026.0,test,issue_wind,12_or_more,38,0.0,2.466217548362394,3.5931410616106,1.8642166481005753,0.0004733502635272155,0.7894736842105263,8.314886266597412,18.446906702971297
Hurdle Quantile LightGBM (24h matched),1,2026.0,test,issue_wind,3_to_6,3668,0.03271537622682661,0.8716479524735239,1.3192046733356277,0.6339170470539167,0.020896764477889105,0.9353871319520175,4.3847134253859394,5.270562699622449
Hurdle Quantile LightGBM (24h matched),1,2026.0,test,issue_wind,6_to_12,1655,0.0012084592145015106,1.5638043413815192,2.1558953130336995,1.154008747619014,0.001537640450912791,0.8471299093655589,7.463180061017153,10.155587611794788
Hurdle Quantile LightGBM (24h matched),1,2026.0,test,issue_wind,below_3,3375,0.38637037037037036,0.30849588895544905,0.6274974153328668,0.22893356561141898,0.1428378914959365,0.9614814814814815,1.6675496895254451,2.080390528809546
EMFN (Proposed),3,2026.0,validation,all,all,4247,0.22510007063809748,1.2942752858063669,2.0593227569736814,0.9258943636756547,0.10625261320506207,0.9359547916176124,5.650791936265964,6.981520140673589
EMFN (Proposed),3,2026.0,validation,season,autumn,2155,0.2640371229698376,1.2238196465424152,2.042081204471599,0.8773192173578963,0.1165057635077064,0.9303944315545244,5.153527022674655,6.57093489230996
EMFN (Proposed),3,2026.0,validation,season,summer,1407,0.2572850035536603,1.116517556470851,1.835325686126409,0.8125119520335952,0.12624109702112216,0.9466950959488273,5.36437118761459,6.4431358018845435
EMFN (Proposed),3,2026.0,validation,season,winter,685,0.0364963503649635,1.881044669439779,2.501035525808302,1.3116001935955774,0.032939714473098465,0.9313868613138686,7.803492494137145,9.37906462957841
EMFN (Proposed),3,2026.0,validation,target_transition,positive_to_positive,3077,0.0,1.7283914989276952,2.3884203208209436,1.2232197789755102,0.03790170613207309,0.9190770230744232,7.100029312225848,8.884728811640306
EMFN (Proposed),3,2026.0,validation,target_transition,positive_to_zero,215,1.0,0.31585479844752573,1.0169246859913015,0.26398071436730597,0.42279841554472264,0.9441860465116279,2.5621556606480262,2.858743338374182
EMFN (Proposed),3,2026.0,validation,target_transition,zero_to_positive,214,0.0,0.26891284108458596,0.5698922263260242,0.2064903493766938,0.25597226874799545,0.9766355140186916,1.9081494434544437,2.2328415751364017
EMFN (Proposed),3,2026.0,validation,target_transition,zero_to_zero,741,1.0,0.07161992842213612,0.47327229714162733,0.09106790049565136,0.25499537605846595,0.9919028340080972,1.6098727552821077,1.6460830893304605
EMFN (Proposed),3,2026.0,validation,issue_wind,12_or_more,23,0.0,3.4705677984744354,4.300980839621003,2.452348773531639,0.00016199322846255842,0.8260869565217391,11.656440274324405,18.339601815562556
EMFN (Proposed),3,2026.0,validation,issue_wind,3_to_6,1967,0.08286731062531774,1.5367972259124223,2.1561736123518114,1.1018758209388901,0.055410305360649614,0.9262836807320793,6.878646372595734,8.196396326504447
EMFN (Proposed),3,2026.0,validation,issue_wind,6_to_12,672,0.0,2.656426209201668,3.244964410929011,1.838806458035482,0.00020114175814710058,0.8988095238095238,10.286454304226,12.525694515990148
EMFN (Proposed),3,2026.0,validation,issue_wind,below_3,1585,0.5003154574132492,0.3842053776034528,0.9278331577406133,0.29829757801428175,0.2158510312503289,0.9652996845425867,2.074460895694896,2.9584396887717124
EMFN (Proposed),3,2026.0,test,all,all,8734,0.1632699793908862,1.495706729254575,2.3350375560416,1.0617343646543747,0.09600406798843318,0.9151591481566292,5.989697392784539,7.957145434624739
EMFN (Proposed),3,2026.0,test,season,autumn,2184,0.19688644688644688,1.0938414286913434,1.7797198659054243,0.7858464089733246,0.11065312790305223,0.9317765567765568,4.549356005165755,6.145145006124928
EMFN (Proposed),3,2026.0,test,season,spring,2208,0.15760869565217392,1.7624738236562945,2.7261300923300156,1.2518347047747755,0.09601524762015501,0.8985507246376812,6.673369133907988,9.219343168960098
EMFN (Proposed),3,2026.0,test,season,summer,2208,0.223731884057971,1.1443976404381055,1.8958907096007218,0.8176638482570848,0.12002182931770738,0.9302536231884058,4.8836177061752135,6.32522524913302
EMFN (Proposed),3,2026.0,test,season,winter,2134,0.07216494845360824,1.9944614340801912,2.7686351374285434,1.3999281061852016,0.05614959352947945,0.8997188378631678,7.900841879285121,10.194144548025317
EMFN (Proposed),3,2026.0,test,target_transition,positive_to_positive,6915,0.0,1.830708194354277,2.5919514896404032,1.2893855212458782,0.03880902462001396,0.9003615328994938,6.9680810267095366,9.411843906239305
EMFN (Proposed),3,2026.0,test,target_transition,positive_to_zero,393,1.0,0.41003852213658626,1.1517038823957053,0.3278498931165683,0.46233227532195953,0.9211195928753181,2.8890277525706685,3.348600461196532
EMFN (Proposed),3,2026.0,test,target_transition,zero_to_positive,393,0.0,0.28165336910855676,0.6757395064093359,0.22451445896442904,0.2368433438889935,0.9821882951653944,2.314671797546888,2.4467052630879493
EMFN (Proposed),3,2026.0,test,target_transition,zero_to_zero,1033,1.0,0.12809341344655584,0.6702706513105084,0.13553520920448156,0.2859236265379229,0.9864472410454985,2.0180859687197668,2.0689762485226324
EMFN (Proposed),3,2026.0,test,issue_wind,12_or_more,38,0.0,3.4088902775278087,4.268665686851492,2.3992462428785046,0.0004396517295492835,0.8421052631578947,11.810923262667353,17.461688828287105
EMFN (Proposed),3,2026.0,test,issue_wind,3_to_6,3668,0.059432933478735,1.660749984068527,2.3839886537319606,1.1798551341341474,0.05100834789943718,0.9124863685932388,6.832295754419199,8.795866987630431
EMFN (Proposed),3,2026.0,test,issue_wind,6_to_12,1653,0.0012099213551119178,2.9516982053718843,3.6061454139682123,2.0460755811126234,0.0016609625970885364,0.8602540834845736,10.507793165769787,13.837534198996059
EMFN (Proposed),3,2026.0,test,issue_wind,below_3,3375,0.35733333333333334,0.581681975620835,1.1656880815168476,0.4361911158751726,0.19218922423026064,0.9457777777777778,2.7955434116656956,4.058512565620343
CNN-LSTM (+Weather),3,2026.0,validation,all,all,4247,0.22510007063809748,1.3325268655841838,2.128773972569626,1.3325268655841838,,,,
CNN-LSTM (+Weather),3,2026.0,validation,season,autumn,2155,0.2640371229698376,1.2869374821979578,2.1357040169360775,1.2869374821979578,,,,
CNN-LSTM (+Weather),3,2026.0,validation,season,summer,1407,0.2572850035536603,1.1358647800519386,1.8391505122589173,1.1358647800519386,,,,
CNN-LSTM (+Weather),3,2026.0,validation,season,winter,685,0.0364963503649635,1.8798971948413898,2.607525087972924,1.8798971948413898,,,,
CNN-LSTM (+Weather),3,2026.0,validation,target_transition,positive_to_positive,3077,0.0,1.7215853463642847,2.478103338807899,1.7215853463642847,,,,
CNN-LSTM (+Weather),3,2026.0,validation,target_transition,positive_to_zero,215,1.0,0.5019825624518617,0.8847194827240792,0.5019825624518617,,,,
CNN-LSTM (+Weather),3,2026.0,validation,target_transition,zero_to_positive,214,0.0,0.2970192525729888,0.4954698997895814,0.2970192525729888,,,,
CNN-LSTM (+Weather),3,2026.0,validation,target_transition,zero_to_zero,741,1.0,0.25699745802342006,0.41784156670845324,0.25699745802342006,,,,
CNN-LSTM (+Weather),3,2026.0,validation,issue_wind,12_or_more,23,0.0,3.0697621221101175,3.855831444498854,3.0697621221101175,,,,
CNN-LSTM (+Weather),3,2026.0,validation,issue_wind,3_to_6,1967,0.08286731062531774,1.6210380134773987,2.2998768141596777,1.6210380134773987,,,,
CNN-LSTM (+Weather),3,2026.0,validation,issue_wind,6_to_12,672,0.0,2.497066710694603,3.253043473171955,2.497066710694603,,,,
CNN-LSTM (+Weather),3,2026.0,validation,issue_wind,below_3,1585,0.5003154574132492,0.4555372033001132,0.9359529497607602,0.4555372033001132,,,,
CNN-LSTM (+Weather),3,2026.0,test,all,all,8734,0.1632699793908862,1.4995446227492477,2.3882633057748497,1.4995446227492477,,,,
CNN-LSTM (+Weather),3,2026.0,test,season,autumn,2184,0.19688644688644688,1.16447605748288,1.9881267440452364,1.16447605748288,,,,
CNN-LSTM (+Weather),3,2026.0,test,season,spring,2208,0.15760869565217392,1.7560066586068384,2.8267805310732976,1.7560066586068384,,,,
CNN-LSTM (+Weather),3,2026.0,test,season,summer,2208,0.223731884057971,1.155879116689253,1.8826525454271104,1.155879116689253,,,,
CNN-LSTM (+Weather),3,2026.0,test,season,winter,2134,0.07216494845360824,1.9326912997636136,2.713687436925458,1.9326912997636136,,,,
CNN-LSTM (+Weather),3,2026.0,test,target_transition,positive_to_positive,6915,0.0,1.805611418477786,2.669792971490156,1.805611418477786,,,,
CNN-LSTM (+Weather),3,2026.0,test,target_transition,positive_to_zero,393,1.0,0.5203591464964185,0.8202385373039274,0.5203591464964185,,,,
CNN-LSTM (+Weather),3,2026.0,test,target_transition,zero_to_positive,393,0.0,0.2812994020713874,0.45142433242393976,0.2812994020713874,,,,
CNN-LSTM (+Weather),3,2026.0,test,target_transition,zero_to_zero,1033,1.0,0.2867066473677567,0.4218273069983013,0.2867066473677567,,,,
CNN-LSTM (+Weather),3,2026.0,test,issue_wind,12_or_more,38,0.0,3.2291719063712674,4.231116455502965,3.2291719063712674,,,,
CNN-LSTM (+Weather),3,2026.0,test,issue_wind,3_to_6,3668,0.059432933478735,1.696664074981216,2.48917741968365,1.696664074981216,,,,
CNN-LSTM (+Weather),3,2026.0,test,issue_wind,6_to_12,1653,0.0012099213551119178,2.8351166426398726,3.603899290917453,2.8351166426398726,,,,
CNN-LSTM (+Weather),3,2026.0,test,issue_wind,below_3,3375,0.35733333333333334,0.6117044638029673,1.209892278820839,0.6117044638029673,,,,
LightGBM (24h matched),3,2026.0,validation,all,all,4247,0.22510007063809748,1.4311461570862678,2.0971445564075193,1.4311461570862678,,,,
LightGBM (24h matched),3,2026.0,validation,season,autumn,2155,0.2640371229698376,1.3751547956379842,2.046797779924707,1.3751547956379842,,,,
LightGBM (24h matched),3,2026.0,validation,season,summer,1407,0.2572850035536603,1.2256065597459336,1.8173957671471122,1.2256065597459336,,,,
LightGBM (24h matched),3,2026.0,validation,season,winter,685,0.0364963503649635,2.0294754963255413,2.702536181227267,2.0294754963255413,,,,
LightGBM (24h matched),3,2026.0,validation,target_transition,positive_to_positive,3077,0.0,1.7545104325929948,2.4113888423672134,1.7545104325929948,,,,
LightGBM (24h matched),3,2026.0,validation,target_transition,positive_to_zero,215,1.0,0.8556428522876405,1.2076888421111018,0.8556428522876405,,,,
LightGBM (24h matched),3,2026.0,validation,target_transition,zero_to_positive,214,0.0,0.47027105880370335,0.6691880169407893,0.47027105880370335,,,,
LightGBM (24h matched),3,2026.0,validation,target_transition,zero_to_zero,741,1.0,0.5328581757502014,0.7131227425767759,0.5328581757502014,,,,
LightGBM (24h matched),3,2026.0,validation,issue_wind,12_or_more,23,0.0,1.9269163760140429,2.69817773252679,1.9269163760140429,,,,
LightGBM (24h matched),3,2026.0,validation,issue_wind,3_to_6,1967,0.08286731062531774,1.6369666244343564,2.2179627778419153,1.6369666244343564,,,,
LightGBM (24h matched),3,2026.0,validation,issue_wind,6_to_12,672,0.0,2.641222928044706,3.261450610440579,2.641222928044706,,,,
LightGBM (24h matched),3,2026.0,validation,issue_wind,below_3,1585,0.5003154574132492,0.6554848546300537,1.0315049452609926,0.6554848546300537,,,,
LightGBM (24h matched),3,2026.0,test,all,all,8734,0.1632699793908862,1.587342731567178,2.337215458683409,1.587342731567178,,,,
LightGBM (24h matched),3,2026.0,test,season,autumn,2184,0.19688644688644688,1.2015462627321085,1.8460385873957432,1.2015462627321085,,,,
LightGBM (24h matched),3,2026.0,test,season,spring,2208,0.15760869565217392,1.9082120176130972,2.781619757172735,1.9082120176130972,,,,
LightGBM (24h matched),3,2026.0,test,season,summer,2208,0.223731884057971,1.2602881701795523,1.881175823950851,1.2602881701795523,,,,
LightGBM (24h matched),3,2026.0,test,season,winter,2134,0.07216494845360824,1.9885782404192305,2.6836883465127754,1.9885782404192305,,,,
LightGBM (24h matched),3,2026.0,test,target_transition,positive_to_positive,6915,0.0,1.832066059234497,2.5874051396806634,1.832066059234497,,,,
LightGBM (24h matched),3,2026.0,test,target_transition,positive_to_zero,393,1.0,0.9678132057968292,1.2559465131889462,0.9678132057968292,,,,
LightGBM (24h matched),3,2026.0,test,target_transition,zero_to_positive,393,0.0,0.5397563307597205,0.7285546906834112,0.5397563307597205,,,,
LightGBM (24h matched),3,2026.0,test,target_transition,zero_to_zero,1033,1.0,0.5833879864806024,0.754469509077933,0.5833879864806024,,,,
LightGBM (24h matched),3,2026.0,test,issue_wind,12_or_more,38,0.0,3.578788321941771,4.563127109153747,3.578788321941771,,,,
LightGBM (24h matched),3,2026.0,test,issue_wind,3_to_6,3668,0.059432933478735,1.7298201694391202,2.386080026675378,1.7298201694391202,,,,
LightGBM (24h matched),3,2026.0,test,issue_wind,6_to_12,1653,0.0012099213551119178,2.8939085512990195,3.593390531966875,2.8939085512990195,,,,
LightGBM (24h matched),3,2026.0,test,issue_wind,below_3,3375,0.35733333333333334,0.7701470353996959,1.178988854505872,0.7701470353996959,,,,
Quantile LightGBM (24h matched),3,2026.0,validation,all,all,4247,0.22510007063809748,1.333797866599583,2.2271044906016444,0.9870193227111632,0.15952721921356253,0.9284200612196845,6.5497371808409275,8.151872158450898
Quantile LightGBM (24h matched),3,2026.0,validation,season,autumn,2155,0.2640371229698376,1.254035960545185,2.1585498806006136,0.9242962311825739,0.18340900232018564,0.931322505800464,6.145819372027795,7.6019829546876405
Quantile LightGBM (24h matched),3,2026.0,validation,season,summer,1407,0.2572850035536603,1.0940823806192934,1.8705016623789468,0.8180217898832559,0.18505394456289978,0.9481165600568585,5.847543549726309,6.766739035158202
Quantile LightGBM (24h matched),3,2026.0,validation,season,winter,685,0.0364963503649635,2.0771067663389924,2.984496503797285,1.531468652540325,0.031963211678832114,0.8788321167883212,9.262772680068041,12.726899222075193
Quantile LightGBM (24h matched),3,2026.0,validation,target_transition,positive_to_positive,3077,0.0,1.763284465251109,2.5671401868797,1.2937677803141827,0.00744686382840429,0.91875203119922,8.168607168158795,10.355889440366342
Quantile LightGBM (24h matched),3,2026.0,validation,target_transition,positive_to_zero,215,1.0,0.4195103834499198,1.235152804881014,0.3315573215444115,0.7396776744186048,0.8511627906976744,2.977455841357386,3.25197252508361
Quantile LightGBM (24h matched),3,2026.0,validation,target_transition,zero_to_positive,214,0.0,0.25407232099509824,0.6680991843392707,0.20835895081217282,0.04161401869158879,0.9906542056074766,2.358071633582018,2.3726532188312013
Quantile LightGBM (24h matched),3,2026.0,validation,target_transition,zero_to_zero,741,1.0,0.12745888088540247,0.7003942936802088,0.12830494456372013,0.6567638326585695,0.9730094466936572,2.0744253915363275,2.0904282958311455
Quantile LightGBM (24h matched),3,2026.0,validation,issue_wind,12_or_more,23,0.0,2.074675288256616,2.632156204779711,1.524262065699852,9.999999999999998e-05,1.0,10.917032016367518,10.917032016367518
Quantile LightGBM (24h matched),3,2026.0,validation,issue_wind,3_to_6,1967,0.08286731062531774,1.6235904731256967,2.365305556730095,1.1905290549709573,0.06876085409252668,0.9105236400610066,7.585621042791682,9.333130419330484
Quantile LightGBM (24h matched),3,2026.0,validation,issue_wind,6_to_12,672,0.0,2.656738199411058,3.4984655993903595,1.9460767716888707,0.00010357142857142859,0.8794642857142857,12.879533592159088,15.803969988987117
Quantile LightGBM (24h matched),3,2026.0,validation,issue_wind,below_3,1585,0.5003154574132492,0.40251828213000085,1.0283815377779622,0.32004971251761455,0.3420741955835962,0.9703470031545741,2.5171475744812737,3.4014977622347673
Quantile LightGBM (24h matched),3,2026.0,test,all,all,8734,0.1632699793908862,1.4975732723314243,2.513063658096248,1.1103651597880173,0.12044567208610031,0.9096633844744676,6.923671158083446,9.342631872702075
Quantile LightGBM (24h matched),3,2026.0,test,season,autumn,2184,0.19688644688644688,1.1044148798019104,1.9353522469527116,0.8292049503885379,0.13910728021978022,0.9468864468864469,5.772229774520248,7.142046596819675
Quantile LightGBM (24h matched),3,2026.0,test,season,spring,2208,0.15760869565217392,1.828827160499003,2.9257931409387212,1.3328631361925884,0.11662481884057972,0.8817934782608695,7.369131677925514,10.854713816562688
Quantile LightGBM (24h matched),3,2026.0,test,season,summer,2208,0.223731884057971,1.0999529644017916,1.9258909686346557,0.8142113587863864,0.16599823369565217,0.9393115942028986,5.4401277444130445,6.729824903314421
Quantile LightGBM (24h matched),3,2026.0,test,season,winter,2134,0.07216494845360824,1.968611221778038,3.05283478391636,1.4743229658043109,0.05816799437675726,0.8697282099343955,9.176171163366936,12.733671750345408
Quantile LightGBM (24h matched),3,2026.0,test,target_transition,positive_to_positive,6915,0.0,1.8228994288089735,2.7848635861319453,1.3444234058499342,0.006538206796818512,0.9018076644974693,8.068456354874662,11.099848954777741
Quantile LightGBM (24h matched),3,2026.0,test,target_transition,positive_to_zero,393,1.0,0.5057631103305094,1.3291867046861958,0.38760846816200767,0.7558834605597965,0.816793893129771,3.3232319207686136,3.613754996170113
Quantile LightGBM (24h matched),3,2026.0,test,target_transition,zero_to_positive,393,0.0,0.27280982918748126,0.7375249518252653,0.22304295188877885,0.040840712468193374,0.9847328244274809,2.5936513382344932,2.6576795942977416
Quantile LightGBM (24h matched),3,2026.0,test,target_transition,zero_to_zero,1033,1.0,0.1630941385266583,0.77618304067186,0.15610401360724976,0.6714890609874153,0.9690222652468539,2.27747636007191,2.302437037597274
Quantile LightGBM (24h matched),3,2026.0,test,issue_wind,12_or_more,38,0.0,3.811932080997258,5.299073377202365,2.970765406953557,9.999999999999998e-05,0.6842105263157895,14.66203549563194,25.459330637783406
Quantile LightGBM (24h matched),3,2026.0,test,issue_wind,3_to_6,3668,0.059432933478735,1.6887265460853085,2.5082624038233265,1.2254356121437464,0.05173598691384951,0.9018538713195202,7.4516865664396725,9.634137817200568
Quantile LightGBM (24h matched),3,2026.0,test,issue_wind,6_to_12,1653,0.0012099213551119178,2.951673041795628,3.989532920768227,2.198460696126043,0.0013457350272232304,0.8106473079249849,13.16830289269449,18.975481659239197
Quantile LightGBM (24h matched),3,2026.0,test,issue_wind,below_3,3375,0.35733333333333334,0.5515813429142756,1.1808203501315593,0.4314331449139843,0.2548078814814815,0.9691851851851851,3.204206085493949,4.126401041697802
Hurdle Quantile LightGBM (24h matched),3,2026.0,validation,all,all,4247,0.22510007063809748,1.3205824794238574,2.1684912481475394,0.9630199651723254,0.10761531775781107,0.9376030138921592,6.4499298198885535,7.9716257301489915
Hurdle Quantile LightGBM (24h matched),3,2026.0,validation,season,autumn,2155,0.2640371229698376,1.2296235251284577,2.104552956006066,0.8999384604652101,0.11482354115713865,0.9443155452436195,6.0935514330440395,7.433557379630793
Hurdle Quantile LightGBM (24h matched),3,2026.0,validation,season,summer,1407,0.2572850035536603,1.0995980221684762,1.8383476233278107,0.8049188888246621,0.1334565236054044,0.9516702203269367,5.761113776835251,6.728385293962755
Hurdle Quantile LightGBM (24h matched),3,2026.0,validation,season,winter,685,0.0364963503649635,2.060643323022264,2.877323313914389,1.4862153769460422,0.031860138118227445,0.8875912408759125,8.985929230437346,12.218014911288783
Hurdle Quantile LightGBM (24h matched),3,2026.0,validation,target_transition,positive_to_positive,3077,0.0,1.7532207883503985,2.5010306564052374,1.2653150303679737,0.0367394416657871,0.9200519987000325,7.968632612507279,10.043091269237895
Hurdle Quantile LightGBM (24h matched),3,2026.0,validation,target_transition,positive_to_zero,215,1.0,0.3672036561764242,1.2066292367541163,0.30653593047372985,0.4218991784870136,0.9488372093023256,3.279719755765716,3.4439734903041015
Hurdle Quantile LightGBM (24h matched),3,2026.0,validation,target_transition,zero_to_positive,214,0.0,0.2519615637200793,0.6523785313149167,0.2090644033453193,0.2482395433941895,0.985981308411215,2.526072379981344,2.6827211664746744
Hurdle Quantile LightGBM (24h matched),3,2026.0,validation,target_transition,zero_to_zero,741,1.0,0.10929131396075321,0.6568241521629071,0.1159601029377341,0.27012605512919335,0.9932523616734144,2.1965589198058737,2.2109932664734293
Hurdle Quantile LightGBM (24h matched),3,2026.0,validation,issue_wind,12_or_more,23,0.0,1.9452754624659552,2.535955309035204,1.4402376005925936,0.002402783676956446,1.0,11.167382636141706,11.167382636141706
Hurdle Quantile LightGBM (24h matched),3,2026.0,validation,issue_wind,3_to_6,1967,0.08286731062531774,1.6119789692603579,2.323934237733849,1.1683490715746438,0.05598818484293664,0.9267920691408236,7.51804152335867,9.286864476792642
Hurdle Quantile LightGBM (24h matched),3,2026.0,validation,issue_wind,6_to_12,672,0.0,2.624907519406219,3.3586389559263288,1.874419990597972,0.0005884976824319529,0.8764880952380952,11.909812852516946,14.776428556787485
Hurdle Quantile LightGBM (24h matched),3,2026.0,validation,issue_wind,below_3,1585,0.5003154574132492,0.396890832113756,1.0107932794070673,0.3148690661224446,0.21858849240643716,0.97602523659306,2.7410853193044376,3.407963570535768
Hurdle Quantile LightGBM (24h matched),3,2026.0,test,all,all,8734,0.1632699793908862,1.485927361721631,2.444153588244198,1.0878315573929704,0.0931750569898026,0.9151591481566292,6.79188971637197,9.255090039002727
Hurdle Quantile LightGBM (24h matched),3,2026.0,test,season,autumn,2184,0.19688644688644688,1.0877386247535257,1.9037616948883471,0.8122785272999241,0.10566583463139341,0.9523809523809523,5.772302183333071,7.156462404611529
Hurdle Quantile LightGBM (24h matched),3,2026.0,test,season,spring,2208,0.15760869565217392,1.81144644983015,2.8819487790056977,1.3197355743882029,0.0951132699891299,0.8881340579710145,7.229976242415499,10.939860382609202
Hurdle Quantile LightGBM (24h matched),3,2026.0,test,season,summer,2208,0.223731884057971,1.0955610723283211,1.9001927923538977,0.8004717588684237,0.11855905967544667,0.9424818840579711,5.431704194855555,6.76621081244439
Hurdle Quantile LightGBM (24h matched),3,2026.0,test,season,winter,2134,0.07216494845360824,1.960541617567536,2.900175399883035,1.4272196470555474,0.05212195923832597,0.8767572633552015,8.78944067895917,12.234881588706617
Hurdle Quantile LightGBM (24h matched),3,2026.0,test,target_transition,positive_to_positive,6915,0.0,1.8116821601701318,2.7081321820402384,1.3178961216013878,0.03551549317137171,0.8994938539407086,7.8632050579908785,10.956012196917191
Hurdle Quantile LightGBM (24h matched),3,2026.0,test,target_transition,positive_to_zero,393,1.0,0.49187615423569114,1.321332058569477,0.3793895611586957,0.46824079058497764,0.9185750636132316,3.5712245026030693,3.8076914794405674
Hurdle Quantile LightGBM (24h matched),3,2026.0,test,target_transition,zero_to_positive,393,0.0,0.28218609271489675,0.7359108812605638,0.23231028605214554,0.23523970120872306,0.9974554707379135,2.8122614387785125,2.8143599607057617
Hurdle Quantile LightGBM (24h matched),3,2026.0,test,target_transition,zero_to_zero,1033,1.0,0.141433665681202,0.7379066709010805,0.1427600207577426,0.2824138230338588,0.9874152952565344,2.3597210375826707,2.391738473368772
Hurdle Quantile LightGBM (24h matched),3,2026.0,test,issue_wind,12_or_more,38,0.0,3.5526677934556785,4.923947743818122,2.7870656441170985,0.00039813177091495706,0.6842105263157895,13.57941801032742,24.115930202635244
Hurdle Quantile LightGBM (24h matched),3,2026.0,test,issue_wind,3_to_6,3668,0.059432933478735,1.6730150771932062,2.475230898958727,1.2077481787408797,0.048326291362937306,0.9184841875681571,7.408304506709382,9.603505950878914
Hurdle Quantile LightGBM (24h matched),3,2026.0,test,issue_wind,6_to_12,1653,0.0012099213551119178,2.9352294915816852,3.8266662624694194,2.134142517226094,0.0015910459986210631,0.7931034482758621,12.093086437156597,18.326172910817263
Hurdle Quantile LightGBM (24h matched),3,2026.0,test,issue_wind,below_3,3375,0.35733333333333334,0.5494917180433199,1.1644262508387757,0.4259124228733257,0.18781777273679007,0.973925925925926,3.4491300999023626,4.2662896010503415
EMFN (Proposed),6,2026.0,validation,all,all,4244,0.22525918944392084,1.6523582847449194,2.606420846852395,1.1830347881743013,0.12141091153164728,0.9203581526861452,6.673405372627209,9.278366819894476
EMFN (Proposed),6,2026.0,validation,season,autumn,2158,0.26367006487488415,1.5193029937937481,2.5306284149056903,1.0994839752391667,0.1351615828188416,0.9179796107506951,6.111470313782802,8.781545301667624
EMFN (Proposed),6,2026.0,validation,season,summer,1404,0.25783475783475784,1.4692436139792557,2.388844602279392,1.0651308755584887,0.14258987413981208,0.9202279202279202,6.167237779529596,8.751999370907333
EMFN (Proposed),6,2026.0,validation,season,winter,682,0.036656891495601175,2.450344084785418,3.203570697497978,1.6901311923189066,0.03430062980198638,0.9281524926686217,9.493515574526441,11.934027721230986
EMFN (Proposed),6,2026.0,validation,target_transition,positive_to_positive,3073,0.0,2.1902422962452586,2.9935896813903535,1.5449300712037497,0.050919657264511656,0.8991213797591929,8.10245803258519,11.588910354110899
EMFN (Proposed),6,2026.0,validation,target_transition,positive_to_zero,215,1.0,0.44364497521741714,1.5469742200374965,0.3757839024936978,0.39974990185685827,0.9348837209302325,3.403674087915842,4.223132340661791
EMFN (Proposed),6,2026.0,validation,target_transition,zero_to_positive,215,0.0,0.38575570494730443,1.110956561420949,0.31369380870620406,0.1972396630353348,0.9767441860465116,3.1171193759212725,3.5791408180298405
EMFN (Proposed),6,2026.0,validation,target_transition,zero_to_zero,741,1.0,0.13990936283447256,0.8316459155365888,0.168679924824066,0.3109838668213836,0.9878542510121457,2.727541528435366,2.8167051772343705
EMFN (Proposed),6,2026.0,validation,issue_wind,12_or_more,23,0.0,3.2426899550145607,4.1947117707103665,2.344709817855697,2.119687323751963e-05,0.8260869565217391,13.116545600826884,17.50475257083084
EMFN (Proposed),6,2026.0,validation,issue_wind,3_to_6,1966,0.10528992878942015,2.01138191017932,2.825735421221604,1.4323625504944573,0.07599230921524039,0.9038657171922686,7.7959993950491455,11.08031067024862
EMFN (Proposed),6,2026.0,validation,issue_wind,6_to_12,670,0.005970149253731343,3.096451902681566,3.784053770832121,2.1370104634701974,0.005460932971674859,0.9059701492537313,12.02843019595457,14.556819194982673
EMFN (Proposed),6,2026.0,validation,issue_wind,below_3,1585,0.47003154574132494,0.573518663269976,1.4063321036464307,0.4536590097185606,0.22852221829908004,0.9482649842271293,2.9238289026212443,4.6926308114548085
EMFN (Proposed),6,2026.0,test,all,all,8731,0.16332607948688582,2.030792197436501,3.166920921720949,1.450609457407833,0.11512087547807005,0.9009277287824992,7.222695771265887,11.397847113642598
EMFN (Proposed),6,2026.0,test,season,autumn,2184,0.19688644688644688,1.453049318184844,2.3743909387774558,1.0451169575184167,0.13617569924460463,0.9290293040293041,5.354427350788,8.453969089950947
EMFN (Proposed),6,2026.0,test,season,spring,2208,0.15760869565217392,2.587079292831871,3.9241646533051306,1.8702575026608645,0.11467963553499602,0.8586956521739131,8.087080719607812,15.33091839080707
EMFN (Proposed),6,2026.0,test,season,summer,2208,0.223731884057971,1.3921043518084957,2.3284244682480817,0.9991686648851793,0.14631854850542217,0.9221014492753623,5.454688213696811,8.245467137550275
EMFN (Proposed),6,2026.0,test,season,winter,2131,0.07226654152979822,2.708282251307584,3.7068703616542833,1.8991284652585185,0.06167463457886895,0.8939465039887377,10.073703256717437,13.606041956897062
EMFN (Proposed),6,2026.0,test,target_transition,positive_to_positive,6912,0.0,2.469262429352718,3.4894523803157673,1.7476551396399342,0.05446840779242836,0.8835358796296297,8.186756890214305,13.386945813203292
EMFN (Proposed),6,2026.0,test,target_transition,positive_to_zero,393,1.0,0.575134392627457,1.8160787468480715,0.4685702966071506,0.4629539878431647,0.9287531806615776,4.135377222105938,4.832673767082373
EMFN (Proposed),6,2026.0,test,target_transition,zero_to_positive,393,0.0,0.4028163643309003,1.2288402464078265,0.33927567965744054,0.16578225449696482,0.9872773536895675,3.7372389524301997,3.888628925430894
EMFN (Proposed),6,2026.0,test,target_transition,zero_to_zero,1033,1.0,0.2700581961737364,1.2108480126066292,0.25943405495119215,0.3693527453030918,0.9738625363020329,3.2725605006471246,3.44294455972378
EMFN (Proposed),6,2026.0,test,issue_wind,12_or_more,38,0.0,5.280986870463422,6.050083248574429,3.591196663783101,0.0005343820761977089,0.7894736842105263,13.519772876733363,25.66942448215718
EMFN (Proposed),6,2026.0,test,issue_wind,3_to_6,3668,0.08724100327153762,2.22758438204946,3.2441959182771294,1.5872646974049787,0.07611137946467655,0.895856052344602,7.972702322627702,12.2637716515366
EMFN (Proposed),6,2026.0,test,issue_wind,6_to_12,1650,0.011515151515151515,3.7698009227722165,4.624586400959944,2.6287250401188427,0.011961811966947346,0.843030303030303,12.253959332738617,18.707373352274246
EMFN (Proposed),6,2026.0,test,issue_wind,below_3,3375,0.32207407407407407,0.9301387077952309,1.9076798248910616,0.7020214735189573,0.20924045263947771,0.936,3.8769482640561335,6.722513946608233
CNN-LSTM (+Weather),6,2026.0,validation,all,all,4244,0.22525918944392084,1.8492924628598744,2.9650693498122336,1.8492924628598744,,,,
CNN-LSTM (+Weather),6,2026.0,validation,season,autumn,2158,0.26367006487488415,1.718571214505888,2.8410886583395727,1.718571214505888,,,,
CNN-LSTM (+Weather),6,2026.0,validation,season,summer,1404,0.25783475783475784,1.4903487994258593,2.4553693858162347,1.4903487994258593,,,,
CNN-LSTM (+Weather),6,2026.0,validation,season,winter,682,0.036656891495601175,3.0018633681520432,4.0935366792558385,3.0018633681520432,,,,
CNN-LSTM (+Weather),6,2026.0,validation,target_transition,positive_to_positive,3073,0.0,2.3954163653501475,3.442529300096218,2.3954163653501475,,,,
CNN-LSTM (+Weather),6,2026.0,validation,target_transition,positive_to_zero,215,1.0,0.6141766140280768,1.337142396926276,0.6141766140280768,,,,
CNN-LSTM (+Weather),6,2026.0,validation,target_transition,zero_to_positive,215,0.0,0.4379031359582879,1.0028111939823638,0.4379031359582879,,,,
CNN-LSTM (+Weather),6,2026.0,validation,target_transition,zero_to_zero,741,1.0,0.3523422070300048,0.6287500136630809,0.3523422070300048,,,,
CNN-LSTM (+Weather),6,2026.0,validation,issue_wind,12_or_more,23,0.0,5.7016095025104025,6.201144065300133,5.7016095025104025,,,,
CNN-LSTM (+Weather),6,2026.0,validation,issue_wind,3_to_6,1966,0.10528992878942015,2.326128915730136,3.3519289119082507,2.326128915730136,,,,
CNN-LSTM (+Weather),6,2026.0,validation,issue_wind,6_to_12,670,0.005970149253731343,3.1239598807215256,3.9739917150487454,3.1239598807215256,,,,
CNN-LSTM (+Weather),6,2026.0,validation,issue_wind,below_3,1585,0.47003154574132494,0.6631152210793047,1.539666643089089,0.6631152210793047,,,,
CNN-LSTM (+Weather),6,2026.0,test,all,all,8731,0.16332607948688582,2.113412523470474,3.4201735537288207,2.113412523470474,,,,
CNN-LSTM (+Weather),6,2026.0,test,season,autumn,2184,0.19688644688644688,1.568737409228247,2.799637302378498,1.568737409228247,,,,
CNN-LSTM (+Weather),6,2026.0,test,season,spring,2208,0.15760869565217392,2.5645715021114626,4.041712101003567,2.5645715021114626,,,,
CNN-LSTM (+Weather),6,2026.0,test,season,summer,2208,0.223731884057971,1.498698724048217,2.4928393267005102,1.498698724048217,,,,
CNN-LSTM (+Weather),6,2026.0,test,season,winter,2131,0.07226654152979822,2.8410988180692844,4.065616508652365,2.8410988180692844,,,,
CNN-LSTM (+Weather),6,2026.0,test,target_transition,positive_to_positive,6912,0.0,2.5610122474714436,3.8243749850251048,2.5610122474714436,,,,
CNN-LSTM (+Weather),6,2026.0,test,target_transition,positive_to_zero,393,1.0,0.6099552347232368,1.1080923517757852,0.6099552347232368,,,,
CNN-LSTM (+Weather),6,2026.0,test,target_transition,zero_to_positive,393,0.0,0.4143951560391275,0.7960624964747284,0.4143951560391275,,,,
CNN-LSTM (+Weather),6,2026.0,test,target_transition,zero_to_zero,1033,1.0,0.3368038570459676,0.5444401869863331,0.3368038570459676,,,,
CNN-LSTM (+Weather),6,2026.0,test,issue_wind,12_or_more,38,0.0,5.167213462862516,6.330448550489005,5.167213462862516,,,,
CNN-LSTM (+Weather),6,2026.0,test,issue_wind,3_to_6,3668,0.08724100327153762,2.420910822751571,3.6276415423183552,2.420910822751571,,,,
CNN-LSTM (+Weather),6,2026.0,test,issue_wind,6_to_12,1650,0.011515151515151515,3.8063810433471286,4.849705260625944,3.8063810433471286,,,,
CNN-LSTM (+Weather),6,2026.0,test,issue_wind,below_3,3375,0.32207407407407407,0.91716178117227,2.0023176817839756,0.91716178117227,,,,
LightGBM (24h matched),6,2026.0,validation,all,all,4244,0.22525918944392084,1.835486746841186,2.604119154134887,1.835486746841186,,,,
LightGBM (24h matched),6,2026.0,validation,season,autumn,2158,0.26367006487488415,1.7464088164965916,2.4822979667502247,1.7464088164965916,,,,
LightGBM (24h matched),6,2026.0,validation,season,summer,1404,0.25783475783475784,1.566623800320454,2.2455098234925064,1.566623800320454,,,,
LightGBM (24h matched),6,2026.0,validation,season,winter,682,0.036656891495601175,2.6708441524111883,3.510319126097738,2.6708441524111883,,,,
LightGBM (24h matched),6,2026.0,validation,target_transition,positive_to_positive,3073,0.0,2.1640268304574963,2.9538140414066363,2.1640268304574963,,,,
LightGBM (24h matched),6,2026.0,validation,target_transition,positive_to_zero,215,1.0,1.219432971858392,1.6917768371921058,1.219432971858392,,,,
LightGBM (24h matched),6,2026.0,validation,target_transition,zero_to_positive,215,0.0,0.8989773183271218,1.2814807627167115,0.8989773183271218,,,,
LightGBM (24h matched),6,2026.0,validation,target_transition,zero_to_zero,741,1.0,0.9234724577708805,1.1616995471008826,0.9234724577708805,,,,
LightGBM (24h matched),6,2026.0,validation,issue_wind,12_or_more,23,0.0,2.360101589899306,2.8824026707532733,2.360101589899306,,,,
LightGBM (24h matched),6,2026.0,validation,issue_wind,3_to_6,1966,0.10528992878942015,2.0961640652204947,2.8272722547124176,2.0961640652204947,,,,
LightGBM (24h matched),6,2026.0,validation,issue_wind,6_to_12,670,0.005970149253731343,3.0377911803921194,3.692069332292367,3.0377911803921194,,,,
LightGBM (24h matched),6,2026.0,validation,issue_wind,below_3,1585,0.47003154574132494,0.9963058510663072,1.5363413444182317,0.9963058510663072,,,,
LightGBM (24h matched),6,2026.0,test,all,all,8731,0.16332607948688582,2.1527855704681116,3.09817105839663,2.1527855704681116,,,,
LightGBM (24h matched),6,2026.0,test,season,autumn,2184,0.19688644688644688,1.6055318866794244,2.3949134969643184,1.6055318866794244,,,,
LightGBM (24h matched),6,2026.0,test,season,spring,2208,0.15760869565217392,2.679594977043256,3.7815750207144223,2.679594977043256,,,,
LightGBM (24h matched),6,2026.0,test,season,summer,2208,0.223731884057971,1.5821220729359422,2.3028928689585535,1.5821220729359422,,,,
LightGBM (24h matched),6,2026.0,test,season,winter,2131,0.07226654152979822,2.759088657388619,3.6244746830281485,2.759088657388619,,,,
LightGBM (24h matched),6,2026.0,test,target_transition,positive_to_positive,6912,0.0,2.400775545676998,3.384901763020029,2.400775545676998,,,,
LightGBM (24h matched),6,2026.0,test,target_transition,positive_to_zero,393,1.0,1.5393435552677008,1.9797683707049036,1.5393435552677008,,,,
LightGBM (24h matched),6,2026.0,test,target_transition,zero_to_positive,393,0.0,1.1428239605087396,1.5489083660884648,1.1428239605087396,,,,
LightGBM (24h matched),6,2026.0,test,target_transition,zero_to_zero,1033,1.0,1.1110536402105806,1.4353005153354514,1.1110536402105806,,,,
LightGBM (24h matched),6,2026.0,test,issue_wind,12_or_more,38,0.0,4.645879955996985,5.633594524443085,4.645879955996985,,,,
LightGBM (24h matched),6,2026.0,test,issue_wind,3_to_6,3668,0.08724100327153762,2.2733913528767147,3.166536810450614,2.2733913528767147,,,,
LightGBM (24h matched),6,2026.0,test,issue_wind,6_to_12,1650,0.011515151515151515,3.6814749219201865,4.483647728584634,3.6814749219201865,,,,
LightGBM (24h matched),6,2026.0,test,issue_wind,below_3,3375,0.32207407407407407,1.2462797848619547,1.9360847531364132,1.2462797848619547,,,,
Quantile LightGBM (24h matched),6,2026.0,validation,all,all,4244,0.22525918944392084,1.6710379461171911,2.6866620330297577,1.21621202470525,0.15924615928369462,0.9319038642789821,7.5762952471669704,9.642790008703608
Quantile LightGBM (24h matched),6,2026.0,validation,season,autumn,2158,0.26367006487488415,1.5216064290183546,2.5269152768155765,1.1106410148995485,0.18303707136237257,0.93790546802595,7.3816695331709195,9.157686295899639
Quantile LightGBM (24h matched),6,2026.0,validation,season,summer,1404,0.25783475783475784,1.3725948124268879,2.269525400320791,1.0144753604319496,0.18479950142450138,0.9430199430199431,6.447294054773604,7.975043711253304
Quantile LightGBM (24h matched),6,2026.0,validation,season,winter,682,0.036656891495601175,2.758262834094427,3.7562684496746117,1.9655676197205247,0.03136099706744867,0.8900293255131965,10.51635384676193,14.61107389998102
Quantile LightGBM (24h matched),6,2026.0,validation,target_transition,positive_to_positive,3073,0.0,2.172941448778228,3.0674324156423056,1.5633116287394129,0.011301561991539213,0.9205987634233648,8.948500578907918,11.789706280827566
Quantile LightGBM (24h matched),6,2026.0,validation,target_transition,positive_to_zero,215,1.0,0.5962698473945234,1.5690295972581003,0.44969344425357183,0.7011148837209303,0.8976744186046511,4.402098581760783,4.490499859845118
Quantile LightGBM (24h matched),6,2026.0,validation,target_transition,zero_to_positive,215,0.0,0.3991527555665838,1.1852628593096641,0.33678138763959864,0.04828604651162791,1.0,4.212670275864312,4.212670275864312
Quantile LightGBM (24h matched),6,2026.0,validation,target_transition,zero_to_zero,741,1.0,0.2704724852756088,1.0948337126057792,0.2543253830982904,0.6477595141700405,0.9689608636977058,3.7825633543902737,3.8097865273650005
Quantile LightGBM (24h matched),6,2026.0,validation,issue_wind,12_or_more,23,0.0,2.231283640753703,2.6095380261868346,1.6225811368949348,9.999999999999998e-05,1.0,11.231267574048521,11.231267574048521
Quantile LightGBM (24h matched),6,2026.0,validation,issue_wind,3_to_6,1966,0.10528992878942015,2.067292957900622,2.907834367044889,1.4680652303404993,0.08490244150559513,0.9155645981688708,8.453693436304835,10.994340515190816
Quantile LightGBM (24h matched),6,2026.0,validation,issue_wind,6_to_12,670,0.005970149253731343,2.951783022512336,3.903109035621657,2.174088774325071,0.005577014925373134,0.8880597014925373,13.368411349294373,16.12827679730845
Quantile LightGBM (24h matched),6,2026.0,validation,issue_wind,below_3,1585,0.47003154574132494,0.6300144727243764,1.5168349282792213,0.49301498110616904,0.3187278233438485,0.9697160883280758,3.9865495110226927,5.201806142380561
Quantile LightGBM (24h matched),6,2026.0,test,all,all,8731,0.16332607948688582,1.982537916842797,3.2008760690059344,1.4522937084036915,0.12250423777345094,0.9003550566945367,8.168463811848223,12.008678332352313
Quantile LightGBM (24h matched),6,2026.0,test,season,autumn,2184,0.19688644688644688,1.393551113196795,2.4218868685017645,1.052237297133457,0.14126309523809524,0.9377289377289377,7.029089658876159,9.461633325942932
Quantile LightGBM (24h matched),6,2026.0,test,season,spring,2208,0.15760869565217392,2.4981675420819984,3.7789924830840347,1.7956064703497026,0.12094578804347825,0.8704710144927537,8.868769798884374,14.419131923198654
Quantile LightGBM (24h matched),6,2026.0,test,season,summer,2208,0.223731884057971,1.339097422564506,2.3170628687312473,0.9913806832369961,0.16535307971014493,0.9307065217391305,6.295160986703159,8.323826529944022
Quantile LightGBM (24h matched),6,2026.0,test,season,winter,2131,0.07226654152979822,2.718602477143679,3.950528832138011,1.9841494490913791,0.06049648052557485,0.8615673392773345,10.551556335844216,15.939517161600023
Quantile LightGBM (24h matched),6,2026.0,test,target_transition,positive_to_positive,6912,0.0,2.364967325459403,3.5109050195403366,1.7228401512089369,0.010745601851851852,0.8923611111111112,9.079409472326812,13.913089806664335
Quantile LightGBM (24h matched),6,2026.0,test,target_transition,positive_to_zero,393,1.0,0.8207593550122769,1.9631512079962896,0.6151420593643284,0.7337687022900765,0.8447837150127226,5.384161702148019,5.53718054269293
Quantile LightGBM (24h matched),6,2026.0,test,target_transition,zero_to_positive,393,0.0,0.5241359916389705,1.435835271381647,0.42628422862250437,0.04191272264631043,0.9770992366412213,4.97325849583179,4.987691416055294
Quantile LightGBM (24h matched),6,2026.0,test,target_transition,zero_to_zero,1033,1.0,0.42046517632635905,1.3665639604851938,0.3508467683810564,0.6684105517909004,0.9457889641819942,4.348028200114083,4.3990504320581865
Quantile LightGBM (24h matched),6,2026.0,test,issue_wind,12_or_more,38,0.0,5.042238273408491,6.085415899403388,3.499999762375596,0.00016315789473684216,0.7368421052631579,15.00753109272558,26.048848165038773
Quantile LightGBM (24h matched),6,2026.0,test,issue_wind,3_to_6,3668,0.08724100327153762,2.178986493473199,3.2477417305077547,1.576041023769328,0.07274877317339148,0.8950381679389313,8.705014404547628,12.590753109722145
Quantile LightGBM (24h matched),6,2026.0,test,issue_wind,6_to_12,1650,0.011515151515151515,3.706759903095605,4.741628258866657,2.6724753476287804,0.011323333333333331,0.8036363636363636,13.491522801934288,20.659764336136966
Quantile LightGBM (24h matched),6,2026.0,test,issue_wind,below_3,3375,0.32207407407407407,0.8916317627844447,1.9059930820647837,0.6982143935789555,0.23231179259259258,0.9552592592592593,4.905945452044738,6.988569104714
Hurdle Quantile LightGBM (24h matched),6,2026.0,validation,all,all,4244,0.22525918944392084,1.6682571753508597,2.658647076933701,1.2028501060983587,0.12528038159006147,0.9370876531573987,7.722911558300342,9.65651334246659
Hurdle Quantile LightGBM (24h matched),6,2026.0,validation,season,autumn,2158,0.26367006487488415,1.516822380865702,2.508020543558158,1.0988434426940785,0.13592397012739918,0.9504170528266914,7.596213239918864,9.171782364443375
Hurdle Quantile LightGBM (24h matched),6,2026.0,validation,season,summer,1404,0.25783475783475784,1.3770775421466608,2.256594766205246,1.0054529134419568,0.15335031760945023,0.9387464387464387,6.562916369374387,8.066133190925905
Hurdle Quantile LightGBM (24h matched),6,2026.0,validation,season,winter,682,0.036656891495601175,2.7468678667257365,3.687708537092327,1.938322302749422,0.03381549268273508,0.8914956011730205,10.51183856170103,14.464347922139938
Hurdle Quantile LightGBM (24h matched),6,2026.0,validation,target_transition,positive_to_positive,3073,0.0,2.177841812270964,3.0317610571017215,1.5484189049764465,0.03944988803229139,0.9209241783273674,8.992838198745433,11.639010259476667
Hurdle Quantile LightGBM (24h matched),6,2026.0,validation,target_transition,positive_to_zero,215,1.0,0.5537688298338368,1.5844838185975187,0.43480760220121245,0.44591818544972806,0.9395348837209302,4.710976759576736,4.907955676385068
Hurdle Quantile LightGBM (24h matched),6,2026.0,validation,target_transition,zero_to_positive,215,0.0,0.3842622598447588,1.2152839137516682,0.34191037971182825,0.1630259553589628,0.9953488372093023,4.610619220634795,4.654237670753623
Hurdle Quantile LightGBM (24h matched),6,2026.0,validation,target_transition,zero_to_zero,741,1.0,0.25087567989133386,1.0991863670850965,0.2423889192678955,0.3772435131863979,0.9865047233468286,4.233335671979022,4.264092481000792
Hurdle Quantile LightGBM (24h matched),6,2026.0,validation,issue_wind,12_or_more,23,0.0,2.21231605125499,2.6091423188582423,1.5856401520715788,0.00065117815425554,1.0,11.149991879277657,11.149991879277657
Hurdle Quantile LightGBM (24h matched),6,2026.0,validation,issue_wind,3_to_6,1966,0.10528992878942015,2.0641549328890734,2.896675652257061,1.4615270675851793,0.07388817563786317,0.9247202441505595,8.5302875011372,10.982070920690338
Hurdle Quantile LightGBM (24h matched),6,2026.0,validation,issue_wind,6_to_12,670,0.005970149253731343,2.9558704419303705,3.809152041493793,2.125623167192969,0.006076138140723985,0.8776119402985074,12.864819666584495,15.769946854272277
Hurdle Quantile LightGBM (24h matched),6,2026.0,validation,issue_wind,below_3,1585,0.47003154574132494,0.6250084472283388,1.51211704237362,0.4863699620769946,0.24122384638003086,0.9766561514195583,4.498178193284491,5.406420813731982
Hurdle Quantile LightGBM (24h matched),6,2026.0,test,all,all,8731,0.16332607948688582,1.9778069004267802,3.1547889720014832,1.4386142688232546,0.11104473142579978,0.9092887412667506,8.375495237105609,12.114911273377519
Hurdle Quantile LightGBM (24h matched),6,2026.0,test,season,autumn,2184,0.19688644688644688,1.3989254810610088,2.4049073488166997,1.0408705332335595,0.12931531035719562,0.9555860805860806,7.296553236535087,9.507815682821317
Hurdle Quantile LightGBM (24h matched),6,2026.0,test,season,spring,2208,0.15760869565217392,2.4997574437419674,3.7520701445502795,1.7944601784264833,0.11208208160284534,0.8826992753623188,9.047947007188426,14.49959141920709
Hurdle Quantile LightGBM (24h matched),6,2026.0,test,season,summer,2208,0.223731884057971,1.320577862858698,2.2980664229582257,0.9802812555311683,0.1387655787200649,0.9393115942028986,6.628412485354273,8.574324742027084
Hurdle Quantile LightGBM (24h matched),6,2026.0,test,season,winter,2131,0.07226654152979822,2.711252200851575,3.8459696255348605,1.9524405679658596,0.06252242058449405,0.8582824964805256,10.59473246693672,15.984520878729372
Hurdle Quantile LightGBM (24h matched),6,2026.0,test,target_transition,positive_to_positive,6912,0.0,2.356004291703245,3.4523927474488256,1.7030985190945902,0.03970554568383547,0.8929398148148148,9.228957767736874,13.923607325864715
Hurdle Quantile LightGBM (24h matched),6,2026.0,test,target_transition,positive_to_zero,393,1.0,0.8338869852091595,1.9978228963551874,0.6170710909900454,0.5197329264640648,0.9312977099236641,5.76810142076508,6.049428437564781
Hurdle Quantile LightGBM (24h matched),6,2026.0,test,target_transition,zero_to_positive,393,0.0,0.54263713154066,1.484966204438468,0.44642529557009925,0.13572310778350727,0.9923664122137404,5.422941845250828,5.458017172853922
Hurdle Quantile LightGBM (24h matched),6,2026.0,test,target_transition,zero_to_zero,1033,1.0,0.4284185919561582,1.4181566193374007,0.3589255926388093,0.4235165506802433,0.978702807357212,4.780070494702358,4.852749628836037
Hurdle Quantile LightGBM (24h matched),6,2026.0,test,issue_wind,12_or_more,38,0.0,4.878106660273511,5.789187684272689,3.345877939241717,0.0009664709819638414,0.6842105263157895,14.461024055980802,25.39501412309656
Hurdle Quantile LightGBM (24h matched),6,2026.0,test,issue_wind,3_to_6,3668,0.08724100327153762,2.173606976035822,3.2157577514141344,1.5627696543360485,0.07184573243639727,0.9119411123227917,8.922967690747438,12.734644748550483
Hurdle Quantile LightGBM (24h matched),6,2026.0,test,issue_wind,6_to_12,1650,0.011515151515151515,3.6931025141577645,4.626795496155354,2.6287386881305186,0.011569407505187215,0.7915151515151515,13.03689595975923,20.449036375646074
Hurdle Quantile LightGBM (24h matched),6,2026.0,test,issue_wind,below_3,3375,0.32207407407407407,0.893764283874406,1.9144921556574666,0.7003673753732352,0.2035185645099494,0.9665185185185186,5.433068497119249,7.21739046923918
EMFN (Proposed),9,2026.0,validation,all,all,4241,0.22612591369959914,1.94686085376653,3.0381877374818536,1.4188399654120607,0.1328535372738756,0.9231313369488329,8.346375801483147,11.39978686322273
EMFN (Proposed),9,2026.0,validation,season,autumn,2159,0.26401111625752666,1.8176133645777608,2.9659764592043745,1.3390010278761442,0.1536201827398639,0.9263547938860583,7.65776587575217,10.882890013901932
EMFN (Proposed),9,2026.0,validation,season,summer,1401,0.2583868665239115,1.6627500339738719,2.688738034887941,1.2238905511103135,0.14765517665319258,0.9186295503211992,7.766929327728911,10.57578680592544
EMFN (Proposed),9,2026.0,validation,season,winter,681,0.039647577092511016,2.9411113496374064,3.8369647163792138,2.073019694599713,0.03656530771221362,0.922173274596182,11.721578943014523,14.733713996786765
EMFN (Proposed),9,2026.0,validation,target_transition,positive_to_positive,3067,0.0,2.5608363742534803,3.4673166211020408,1.8336363749333413,0.05843929460823118,0.9051190088033909,9.92491707378919,14.024491459923796
EMFN (Proposed),9,2026.0,validation,target_transition,positive_to_zero,216,1.0,0.5252861433476453,1.8049690538625218,0.46396280807726703,0.40950716436218926,0.9398148148148148,4.7146531040128865,5.398542401018257
EMFN (Proposed),9,2026.0,validation,target_transition,zero_to_positive,215,0.0,0.4541409822631879,1.4069529131956826,0.39772967062923803,0.18132256055371423,0.9813953488372092,4.461682041501765,4.7337278919948105
EMFN (Proposed),9,2026.0,validation,target_transition,zero_to_zero,743,1.0,0.2576710670777292,1.2415300101804088,0.2796900210794281,0.3455728627103362,0.9757738896366084,4.010272408329635,4.23895575227792
EMFN (Proposed),9,2026.0,validation,issue_wind,12_or_more,23,0.0,4.128910272109073,5.03662099724293,2.8697099522792224,0.00027611870456521206,0.9565217391304348,17.165296096121416,17.541049554548614
EMFN (Proposed),9,2026.0,validation,issue_wind,3_to_6,1966,0.12105798575788403,2.3233335567596116,3.265729276324987,1.6737720069658955,0.09501452806386128,0.9033570701932858,9.28810982155324,13.078118786230343
EMFN (Proposed),9,2026.0,validation,issue_wind,6_to_12,667,0.013493253373313344,3.343147836595718,4.089695011519751,2.3308611719422023,0.012552608114967582,0.9415292353823088,14.99536283050276,15.982157816107254
EMFN (Proposed),9,2026.0,validation,issue_wind,below_3,1585,0.449211356466877,0.8606426277391822,2.0157286258551625,0.6977771590092922,0.23233712874578344,0.9394321766561514,4.2522694301326345,7.3005496215145635
EMFN (Proposed),9,2026.0,test,all,all,8728,0.16338221814848763,2.28938733405684,3.4964888571272934,1.6382655936451997,0.12518942051058962,0.9305682859761687,9.10574684198773,12.78960171141448
EMFN (Proposed),9,2026.0,test,season,autumn,2184,0.19688644688644688,1.6691985010404118,2.8146087514646627,1.2520859361879106,0.1586021974616605,0.9267399267399268,6.863331994124005,11.220509917018877
EMFN (Proposed),9,2026.0,test,season,spring,2208,0.15760869565217392,2.871205975638742,4.2166269115667845,2.0495181374590357,0.11837212724524449,0.9071557971014492,10.323045325112082,16.03497088082228
EMFN (Proposed),9,2026.0,test,season,summer,2208,0.223731884057971,1.582025898928293,2.64961763407267,1.1489260181223482,0.1550706834400105,0.9397644927536232,6.895833666289298,9.656599052129241
EMFN (Proposed),9,2026.0,test,season,winter,2128,0.07236842105263158,3.0561593732762358,4.034774537660926,2.1156305080719986,0.06696632376274274,0.9492481203007519,12.437103641300668,14.283394580121906
EMFN (Proposed),9,2026.0,test,target_transition,positive_to_positive,6909,0.0,2.750652224877676,3.8201728892293767,1.9470326694124824,0.061754694027367135,0.916919959473151,10.103564843554004,14.736614604584355
EMFN (Proposed),9,2026.0,test,target_transition,positive_to_zero,393,1.0,0.7238912729935101,2.148863191259086,0.5950085486064837,0.48306581463169684,0.9592875318066157,5.887074578332625,6.19034444864984
EMFN (Proposed),9,2026.0,test,target_transition,zero_to_positive,393,0.0,0.5842197236312499,1.7120989528660466,0.4900752083437435,0.14548898215051903,0.9949109414758269,5.600923799551653,5.604744225934611
EMFN (Proposed),9,2026.0,test,target_transition,zero_to_zero,1033,1.0,0.44862420938500225,1.6780736856350202,0.40686880143564724,0.4055837812642167,0.9864472410454985,4.9899763506735395,5.011523315624967
EMFN (Proposed),9,2026.0,test,issue_wind,12_or_more,38,0.0,4.996929395616707,5.607761456477641,3.23446114915904,0.0014034445182964255,0.9210526315789473,17.451565809940885,18.71363116728514
EMFN (Proposed),9,2026.0,test,issue_wind,3_to_6,3668,0.11477644492911669,2.4946722048512298,3.6115058507486784,1.7753249008171237,0.09793155380812542,0.9272082878953108,9.724761039288913,13.648502838656816
EMFN (Proposed),9,2026.0,test,issue_wind,6_to_12,1647,0.019429265330904676,3.8131233163679386,4.727213550130806,2.6568262204559105,0.01887073704611292,0.9222829386763813,15.101116052273703,17.941803357389233
EMFN (Proposed),9,2026.0,test,issue_wind,below_3,3375,0.2882962962962963,1.292212617825886,2.486241266920467,0.9742779426308644,0.20809092979009744,0.9383703703703704,5.413285127669516,9.275160655127555
CNN-LSTM (+Weather),9,2026.0,validation,all,all,4241,0.22612591369959914,2.045208457407955,3.248726109930976,2.045208457407955,,,,
CNN-LSTM (+Weather),9,2026.0,validation,season,autumn,2159,0.26401111625752666,1.9238092157910467,3.1244806172244375,1.9238092157910467,,,,
CNN-LSTM (+Weather),9,2026.0,validation,season,summer,1401,0.2583868665239115,1.7208512734338173,2.851417882402036,1.7208512734338173,,,,
CNN-LSTM (+Weather),9,2026.0,validation,season,winter,681,0.039647577092511016,3.0973749440433043,4.24861177215974,3.0973749440433043,,,,
CNN-LSTM (+Weather),9,2026.0,validation,target_transition,positive_to_positive,3067,0.0,2.6384659865063793,3.754042089333537,2.6384659865063793,,,,
CNN-LSTM (+Weather),9,2026.0,validation,target_transition,positive_to_zero,216,1.0,0.7154104620287264,1.5428077474878268,0.7154104620287264,,,,
CNN-LSTM (+Weather),9,2026.0,validation,target_transition,zero_to_positive,215,0.0,0.558093923834222,1.2046654190326918,0.558093923834222,,,,
CNN-LSTM (+Weather),9,2026.0,validation,target_transition,zero_to_zero,743,1.0,0.4132369230545225,0.9786342315417963,0.4132369230545225,,,,
CNN-LSTM (+Weather),9,2026.0,validation,issue_wind,12_or_more,23,0.0,5.2301713509786865,5.902628765078777,5.2301713509786865,,,,
CNN-LSTM (+Weather),9,2026.0,validation,issue_wind,3_to_6,1966,0.12105798575788403,2.3719010808370204,3.418432834497192,2.3719010808370204,,,,
CNN-LSTM (+Weather),9,2026.0,validation,issue_wind,6_to_12,667,0.013493253373313344,3.607723327203283,4.524380384309452,3.607723327203283,,,,
CNN-LSTM (+Weather),9,2026.0,validation,issue_wind,below_3,1585,0.449211356466877,0.9362310048103822,2.150717627658163,0.9362310048103822,,,,
CNN-LSTM (+Weather),9,2026.0,test,all,all,8728,0.16338221814848763,2.400395967024031,3.8867509947467953,2.400395967024031,,,,
CNN-LSTM (+Weather),9,2026.0,test,season,autumn,2184,0.19688644688644688,1.6529403006549954,2.931661525735084,1.6529403006549954,,,,
CNN-LSTM (+Weather),9,2026.0,test,season,spring,2208,0.15760869565217392,3.041208256711124,4.739556348047004,3.041208256711124,,,,
CNN-LSTM (+Weather),9,2026.0,test,season,summer,2208,0.223731884057971,1.6129129796948,2.8760418703967567,1.6129129796948,,,,
CNN-LSTM (+Weather),9,2026.0,test,season,winter,2128,0.07236842105263158,3.3197061529938705,4.609713306346447,3.3197061529938705,,,,
CNN-LSTM (+Weather),9,2026.0,test,target_transition,positive_to_positive,6909,0.0,2.8921629460284675,4.331839103277882,2.8921629460284675,,,,
CNN-LSTM (+Weather),9,2026.0,test,target_transition,positive_to_zero,393,1.0,0.7189770926349339,1.4968133500781622,0.7189770926349339,,,,
CNN-LSTM (+Weather),9,2026.0,test,target_transition,zero_to_positive,393,0.0,0.5480114676377306,1.0920473609490422,0.5480114676377306,,,,
CNN-LSTM (+Weather),9,2026.0,test,target_transition,zero_to_zero,1033,1.0,0.4557364006659299,0.9108650829962501,0.4557364006659299,,,,
CNN-LSTM (+Weather),9,2026.0,test,issue_wind,12_or_more,38,0.0,5.664344001060084,6.978365776414677,5.664344001060084,,,,
CNN-LSTM (+Weather),9,2026.0,test,issue_wind,3_to_6,3668,0.11477644492911669,2.531618526368323,3.8782066906538244,2.531618526368323,,,,
CNN-LSTM (+Weather),9,2026.0,test,issue_wind,6_to_12,1647,0.019429265330904676,4.273008377850995,5.523955806970368,4.273008377850995,,,,
CNN-LSTM (+Weather),9,2026.0,test,issue_wind,below_3,3375,0.2882962962962963,1.307196851883218,2.698516644518219,1.307196851883218,,,,
LightGBM (24h matched),9,2026.0,validation,all,all,4241,0.22612591369959914,2.167180007411981,3.005050487201273,2.167180007411981,,,,
LightGBM (24h matched),9,2026.0,validation,season,autumn,2159,0.26401111625752666,2.0523093242842276,2.833727625734832,2.0523093242842276,,,,
LightGBM (24h matched),9,2026.0,validation,season,summer,1401,0.2583868665239115,1.94805240862772,2.7253382114237423,1.94805240862772,,,,
LightGBM (24h matched),9,2026.0,validation,season,winter,681,0.039647577092511016,2.9821632244010656,3.936900103256856,2.9821632244010656,,,,
LightGBM (24h matched),9,2026.0,validation,target_transition,positive_to_positive,3067,0.0,2.471327492348759,3.3665723359383897,2.471327492348759,,,,
LightGBM (24h matched),9,2026.0,validation,target_transition,positive_to_zero,216,1.0,1.5588098010215594,2.03524386879657,1.5588098010215594,,,,
LightGBM (24h matched),9,2026.0,validation,target_transition,zero_to_positive,215,0.0,1.2218169688443066,1.652454670057645,1.2218169688443066,,,,
LightGBM (24h matched),9,2026.0,validation,target_transition,zero_to_zero,743,1.0,1.3621203594594644,1.6630860357890984,1.3621203594594644,,,,
LightGBM (24h matched),9,2026.0,validation,issue_wind,12_or_more,23,0.0,2.9423104645478957,3.442135943019171,2.9423104645478957,,,,
LightGBM (24h matched),9,2026.0,validation,issue_wind,3_to_6,1966,0.12105798575788403,2.3372355959830804,3.1508040462834948,2.3372355959830804,,,,
LightGBM (24h matched),9,2026.0,validation,issue_wind,6_to_12,667,0.013493253373313344,3.4015829456313176,4.1578249150962865,3.4015829456313176,,,,
LightGBM (24h matched),9,2026.0,validation,issue_wind,below_3,1585,0.449211356466877,1.4255370752749417,2.0980310880943334,1.4255370752749417,,,,
LightGBM (24h matched),9,2026.0,test,all,all,8728,0.16338221814848763,2.538508841858899,3.524691686738624,2.538508841858899,,,,
LightGBM (24h matched),9,2026.0,test,season,autumn,2184,0.19688644688644688,1.9279775927818052,2.7628077789631664,1.9279775927818052,,,,
LightGBM (24h matched),9,2026.0,test,season,spring,2208,0.15760869565217392,3.06585015635399,4.1894706965498045,3.06585015635399,,,,
LightGBM (24h matched),9,2026.0,test,season,summer,2208,0.223731884057971,1.9690677897688291,2.7289643063241438,1.9690677897688291,,,,
LightGBM (24h matched),9,2026.0,test,season,winter,2128,0.07236842105263158,3.208789137250855,4.145133934888986,3.208789137250855,,,,
LightGBM (24h matched),9,2026.0,test,target_transition,positive_to_positive,6909,0.0,2.7800431225624367,3.827019308064934,2.7800431225624367,,,,
LightGBM (24h matched),9,2026.0,test,target_transition,positive_to_zero,393,1.0,1.8975967574259212,2.3173209524934455,1.8975967574259212,,,,
LightGBM (24h matched),9,2026.0,test,target_transition,zero_to_positive,393,0.0,1.5106951138888813,1.9269932760722233,1.5106951138888813,,,,
LightGBM (24h matched),9,2026.0,test,target_transition,zero_to_zero,1033,1.0,1.5579172628595104,1.8854954682803924,1.5579172628595104,,,,
LightGBM (24h matched),9,2026.0,test,issue_wind,12_or_more,38,0.0,4.508119818297394,5.26323090018162,4.508119818297394,,,,
LightGBM (24h matched),9,2026.0,test,issue_wind,3_to_6,3668,0.11477644492911669,2.622313906141297,3.577829222485134,2.622313906141297,,,,
LightGBM (24h matched),9,2026.0,test,issue_wind,6_to_12,1647,0.019429265330904676,3.938198329347981,4.830131982678471,3.938198329347981,,,,
LightGBM (24h matched),9,2026.0,test,issue_wind,below_3,3375,0.2882962962962963,1.7422034259220043,2.55318908802984,1.7422034259220043,,,,
Quantile LightGBM (24h matched),9,2026.0,validation,all,all,4241,0.22612591369959914,1.944240625110193,3.0027275636365696,1.398579003553286,0.16346672954491864,0.9299693468521575,8.58480368311465,11.13071199409021
Quantile LightGBM (24h matched),9,2026.0,validation,season,autumn,2159,0.26401111625752666,1.7272727667700878,2.811904726780745,1.267360519155808,0.18975446966188048,0.9462714219546086,8.591433472191778,10.725002144467606
Quantile LightGBM (24h matched),9,2026.0,validation,season,summer,1401,0.2583868665239115,1.6987971417948597,2.648897680810852,1.221794935247406,0.1853992862241256,0.9257673090649536,7.284072525324145,9.753544328916323
Quantile LightGBM (24h matched),9,2026.0,validation,season,winter,681,0.039647577092511016,3.1370452158312947,4.080198070465981,2.1782782509992358,0.03500455212922173,0.8869309838472834,11.239738539864991,15.25015320443356
Quantile LightGBM (24h matched),9,2026.0,validation,target_transition,positive_to_positive,3067,0.0,2.4928712349163296,3.389497699731307,1.7683085625146902,0.011579295728725139,0.9135963482230193,9.584024076603566,13.096321775675978
Quantile LightGBM (24h matched),9,2026.0,validation,target_transition,positive_to_zero,216,1.0,0.7296689590085953,1.907214652146074,0.5578062499188015,0.7045763888888891,0.9537037037037037,6.280737720777301,6.315346871829421
Quantile LightGBM (24h matched),9,2026.0,validation,target_transition,zero_to_positive,215,0.0,0.5050636040662436,1.507632650596698,0.43326860351619445,0.040340465116279076,0.9906976744186047,5.952900579940073,5.964813329366398
Quantile LightGBM (24h matched),9,2026.0,validation,target_transition,zero_to_zero,743,1.0,0.4491133830199823,1.5251291275164482,0.39614036756189447,0.6687577388963661,0.9730820995962315,5.891571473446951,5.911683567711215
Quantile LightGBM (24h matched),9,2026.0,validation,issue_wind,12_or_more,23,0.0,3.010147384689116,3.0692607101261573,1.8831321335370668,0.0009347826086956521,0.9565217391304348,10.315508571187738,11.392764825809
Quantile LightGBM (24h matched),9,2026.0,validation,issue_wind,3_to_6,1966,0.12105798575788403,2.268116929134051,3.1271116352769734,1.5989093160054035,0.09845895218718208,0.9216683621566633,9.113018488481744,11.844238438014541
Quantile LightGBM (24h matched),9,2026.0,validation,issue_wind,6_to_12,667,0.013493253373313344,3.368610544983437,4.243532202443445,2.392622470727162,0.012602248875562218,0.881559220389805,13.022331841566846,17.15859216736
Quantile LightGBM (24h matched),9,2026.0,validation,issue_wind,below_3,1585,0.449211356466877,0.9276403691249103,2.069082664011852,0.724748650950468,0.309946309148265,0.9602523659305994,6.037101600171435,7.7052127641497
Quantile LightGBM (24h matched),9,2026.0,test,all,all,8728,0.16338221814848763,2.3013337417820234,3.576139522896212,1.6738937528708249,0.12675166131989,0.9045600366636114,9.228721671028797,13.700931386178954
Quantile LightGBM (24h matched),9,2026.0,test,season,autumn,2184,0.19688644688644688,1.6019585895520438,2.7261513799232917,1.2057794686023326,0.1500728937728938,0.9523809523809523,8.348598819311512,10.73483446973688
Quantile LightGBM (24h matched),9,2026.0,test,season,spring,2208,0.15760869565217392,2.9087082287379973,4.199394638691535,2.0650574878470427,0.12476965579710145,0.873641304347826,9.776399988327237,16.310783008560673
Quantile LightGBM (24h matched),9,2026.0,test,season,summer,2208,0.223731884057971,1.5808739667949738,2.671608461702433,1.1773109411638858,0.16778772644927537,0.9302536231884058,7.53760861992843,10.387143377972341
Quantile LightGBM (24h matched),9,2026.0,test,season,winter,2128,0.07236842105263158,3.136450117929997,4.372873869069492,2.2637090340098376,0.062294454887218034,0.8609022556390977,11.318426652412816,17.475483644360747
Quantile LightGBM (24h matched),9,2026.0,test,target_transition,positive_to_positive,6909,0.0,2.7060206399811415,3.891860952887554,1.9569931999494734,0.011286785352438848,0.8917354175712838,9.86783712157746,15.5084658684379
Quantile LightGBM (24h matched),9,2026.0,test,target_transition,positive_to_zero,393,1.0,0.9961541255810046,2.2762153501092404,0.7524583661901176,0.7475791348600511,0.9083969465648855,7.248220639604995,7.318979050523267
Quantile LightGBM (24h matched),9,2026.0,test,target_transition,zero_to_positive,393,0.0,0.7313024530954021,1.8829614333416005,0.5839524463492257,0.034682188295165395,0.9872773536895675,6.990969551136049,6.993787029260687
Quantile LightGBM (24h matched),9,2026.0,test,target_transition,zero_to_zero,1033,1.0,0.6885322954733474,1.8520004497117681,0.5456623497363845,0.6978503388189738,0.957405614714424,6.558949009486367,6.591308213143625
Quantile LightGBM (24h matched),9,2026.0,test,issue_wind,12_or_more,38,0.0,4.677374040931418,5.454519618113008,3.112132116017437,0.0003526315789473684,0.8947368421052632,14.27107664299587,19.3333768692344
Quantile LightGBM (24h matched),9,2026.0,test,issue_wind,3_to_6,3668,0.11477644492911669,2.469720560778797,3.6202997746545065,1.7717551729724748,0.09746226826608505,0.8972191930207197,9.450944073308595,14.125690282761768
Quantile LightGBM (24h matched),9,2026.0,test,issue_wind,6_to_12,1647,0.019429265330904676,3.9534361197962817,4.997741825751196,2.8255994540680573,0.018725197328476013,0.803885853066181,13.064395564391681,21.388011249954065
Quantile LightGBM (24h matched),9,2026.0,test,issue_wind,below_3,3375,0.2882962962962963,1.2853500380672596,2.510843681467474,0.989310630914005,0.21272388148148147,0.9617777777777777,7.058625030179695,9.424584987168739
Hurdle Quantile LightGBM (24h matched),9,2026.0,validation,all,all,4241,0.22612591369959914,1.9411324800184233,2.984994941159701,1.3885242089023624,0.13862637258994817,0.9332704550813488,8.739636183566983,11.05803629255837
Hurdle Quantile LightGBM (24h matched),9,2026.0,validation,season,autumn,2159,0.26401111625752666,1.7294284978363192,2.802197316018959,1.2580313712269668,0.1545113643003342,0.952292728114868,8.707324773695639,10.607926168769293
Hurdle Quantile LightGBM (24h matched),9,2026.0,validation,season,summer,1401,0.2583868665239115,1.6935975293102499,2.6493827490766453,1.2211823061997336,0.16345689968197763,0.9236259814418273,7.501598892921471,9.85171157581305
Hurdle Quantile LightGBM (24h matched),9,2026.0,validation,season,winter,681,0.039647577092511016,3.121551515955739,4.019237792624304,2.1464978391924676,0.03718251714404983,0.8928046989720999,11.389049660962858,14.966771513440605
Hurdle Quantile LightGBM (24h matched),9,2026.0,validation,target_transition,positive_to_positive,3067,0.0,2.4931802631943993,3.366084239419339,1.7565231366336433,0.03996714277662216,0.9142484512552983,9.723535167617635,12.904594722448888
Hurdle Quantile LightGBM (24h matched),9,2026.0,validation,target_transition,positive_to_zero,216,1.0,0.7212625012731814,1.936186716620203,0.5592857108641053,0.4910921226025343,0.9629629629629629,6.433364689133338,6.595670649380029
Hurdle Quantile LightGBM (24h matched),9,2026.0,validation,target_transition,zero_to_positive,215,0.0,0.5115314654813006,1.5231048116581318,0.44095803936739464,0.1272398785055036,0.9906976744186047,6.201043994688389,6.211000335896875
Hurdle Quantile LightGBM (24h matched),9,2026.0,validation,target_transition,zero_to_zero,743,1.0,0.4306689302657093,1.5254280298259615,0.38474161223270326,0.44670625423585364,0.9865410497981157,6.083288645643985,6.1355450477865325
Hurdle Quantile LightGBM (24h matched),9,2026.0,validation,issue_wind,12_or_more,23,0.0,2.828661167332184,3.056430739186334,1.8394574777396453,0.0027972968600062393,0.9130434782608695,10.297488662150748,12.126189998426861
Hurdle Quantile LightGBM (24h matched),9,2026.0,validation,issue_wind,3_to_6,1966,0.12105798575788403,2.2654966455229415,3.122988932521052,1.5951532678285418,0.09189013970900439,0.9252288911495422,9.327609805580728,11.732434679529609
Hurdle Quantile LightGBM (24h matched),9,2026.0,validation,issue_wind,6_to_12,667,0.013493253373313344,3.375335845174539,4.172050165913261,2.348095190804617,0.012911816497583902,0.8665667166416792,12.7265908475438,16.940083599591016
Hurdle Quantile LightGBM (24h matched),9,2026.0,validation,issue_wind,below_3,1585,0.449211356466877,0.922377430334367,2.0696021383519136,0.7218756032487788,0.2514712378892106,0.9716088328075709,6.309929237977717,7.730742716652243
Hurdle Quantile LightGBM (24h matched),9,2026.0,test,all,all,8728,0.16338221814848763,2.2998538264380075,3.555217039926412,1.6679238787885349,0.11840291754684433,0.9059349220898258,9.425069619476385,13.687417404222629
Hurdle Quantile LightGBM (24h matched),9,2026.0,test,season,autumn,2184,0.19688644688644688,1.6021456913075036,2.7235682478226395,1.1976536474263455,0.1395595038337324,0.9583333333333334,8.53576617343937,10.706646457735177
Hurdle Quantile LightGBM (24h matched),9,2026.0,test,season,spring,2208,0.15760869565217392,2.8958192610139744,4.19004538864343,2.067370845615039,0.11740327297714762,0.8727355072463768,9.894505285213718,16.276392414286757
Hurdle Quantile LightGBM (24h matched),9,2026.0,test,season,summer,2208,0.223731884057971,1.5842089487387638,2.674404684776437,1.1783586451211008,0.14940128088401652,0.9316123188405797,7.92191236581501,10.4936057712516
Hurdle Quantile LightGBM (24h matched),9,2026.0,test,season,winter,2128,0.07236842105263158,3.1401013722750455,4.311656181241581,2.244075814164379,0.06556308883953736,0.8599624060150376,11.410359089533303,17.37420453322029
Hurdle Quantile LightGBM (24h matched),9,2026.0,test,target_transition,positive_to_positive,6909,0.0,2.7060404219669274,3.8632750941433533,1.9483414284736547,0.03977812610758419,0.8897090751194094,10.078226821221447,15.431956990011045
Hurdle Quantile LightGBM (24h matched),9,2026.0,test,target_transition,positive_to_zero,393,1.0,0.9931041960710268,2.305066796947553,0.7583623788165954,0.5495533005788238,0.9414758269720102,7.411612514898507,7.661942481880236
Hurdle Quantile LightGBM (24h matched),9,2026.0,test,target_transition,zero_to_positive,393,0.0,0.7650064532039246,1.9450624824887879,0.6153313101332242,0.1090295488286307,0.9796437659033079,7.221435308321797,7.255046774203158
Hurdle Quantile LightGBM (24h matched),9,2026.0,test,target_transition,zero_to_zero,1033,1.0,0.664233723733182,1.8738252310828483,0.5389032574874849,0.48380496733245754,0.972894482090997,6.660939725503699,6.758965617064879
Hurdle Quantile LightGBM (24h matched),9,2026.0,test,issue_wind,12_or_more,38,0.0,4.657629888595834,5.3257659056723226,3.0705142402395813,0.002724487632613018,0.8157894736842105,14.055116496526026,19.437066978245852
Hurdle Quantile LightGBM (24h matched),9,2026.0,test,issue_wind,3_to_6,3668,0.11477644492911669,2.4692743280097917,3.60774532411977,1.764772329430611,0.09387922825269578,0.9056706652126499,9.72729871430632,14.121723651994051
Hurdle Quantile LightGBM (24h matched),9,2026.0,test,issue_wind,6_to_12,1647,0.019429265330904676,3.941940692885922,4.93119245255275,2.8046736057971895,0.018917309332456708,0.7868852459016393,12.804941750139632,21.26767512608987
Hurdle Quantile LightGBM (24h matched),9,2026.0,test,issue_wind,below_3,3375,0.2882962962962963,1.2878399126107434,2.5209486273713293,0.9921415525445266,0.19490705662737007,0.9653333333333334,7.395094063812253,9.451504376502983
EMFN (Proposed),12,2026.0,validation,all,all,4238,0.2267579046720151,2.135253950415116,3.285691556330972,1.5505047945376271,0.13890756208638477,0.9117508258612553,8.96362300576561,12.302238302966922
EMFN (Proposed),12,2026.0,validation,season,autumn,2159,0.26401111625752666,1.9926148105009591,3.1830245666246175,1.449611752697076,0.16177585302831515,0.9147753589624826,8.361808580495877,11.675244402478675
EMFN (Proposed),12,2026.0,validation,season,summer,1398,0.2582260371959943,1.9490647111937303,3.113400120535974,1.4392965711488805,0.15363301469890636,0.8984263233190272,8.481876325387077,12.03273283339987
EMFN (Proposed),12,2026.0,validation,season,winter,681,0.04405286343612335,2.969689280086425,3.8941706351642735,2.0986651082398544,0.03617801304683558,0.9295154185022027,11.860538135466852,14.843278651878615
EMFN (Proposed),12,2026.0,validation,target_transition,positive_to_positive,3062,0.0,2.7543591945196755,3.6856238290152508,1.9546000049835737,0.0498171515926521,0.8954931417374266,10.269495035523704,14.637212160264085
EMFN (Proposed),12,2026.0,validation,target_transition,positive_to_zero,215,1.0,0.7657554614544202,2.2940378654111933,0.6534289170786274,0.4786626513224123,0.9255813953488372,6.049464951375003,7.01750117294923
EMFN (Proposed),12,2026.0,validation,target_transition,zero_to_positive,215,0.0,0.6488500664308057,1.9667471666351994,0.5626450565175832,0.13783386652484045,0.958139534883721,5.696721590108833,6.3350983329769175
EMFN (Proposed),12,2026.0,validation,target_transition,zero_to_zero,746,1.0,0.4171825733843032,1.7156047680899167,0.43511823011739337,0.40697503834884496,0.9611260053619303,5.385000527134118,5.9610367285134895
EMFN (Proposed),12,2026.0,validation,issue_wind,12_or_more,23,0.0,5.308860327858177,6.078030807025713,3.614099363538989,3.277677111134875e-05,0.6956521739130435,15.450963752345178,22.49283527895235
EMFN (Proposed),12,2026.0,validation,issue_wind,3_to_6,1966,0.1358087487283825,2.468899090994064,3.508032691341018,1.772715731535585,0.10528127110907338,0.8931841302136317,9.883854398478103,13.676010720298326
EMFN (Proposed),12,2026.0,validation,issue_wind,6_to_12,664,0.018072289156626505,3.3561811971632136,4.1304599632573815,2.3129447351135446,0.016174676183731435,0.9141566265060241,14.136276859448957,15.753927726133432
EMFN (Proposed),12,2026.0,validation,issue_wind,below_3,1585,0.4302839116719243,1.1638754110459428,2.432730971114359,0.9255271934225313,0.2340482840819729,0.9369085173501577,5.561082996876128,9.004356864541833
EMFN (Proposed),12,2026.0,test,all,all,8725,0.16343839541547278,2.5149914199019574,3.8340250731482004,1.8159464700666803,0.12576877675424403,0.9092263610315187,9.616850522614916,14.57781444407183
EMFN (Proposed),12,2026.0,test,season,autumn,2184,0.19688644688644688,1.829859190001241,3.088061667046263,1.361507062902496,0.1502990215911434,0.9358974358974359,8.088869008383288,12.125149664282024
EMFN (Proposed),12,2026.0,test,season,spring,2208,0.15760869565217392,3.120901529452083,4.547717964501817,2.248831711694778,0.1282594560264866,0.8768115942028986,10.163046272224006,18.63735422506109
EMFN (Proposed),12,2026.0,test,season,summer,2208,0.223731884057971,1.7440149666317624,3.00916975593553,1.3146429233014154,0.15594831870289413,0.917572463768116,7.991321645814067,11.774729016230669
EMFN (Proposed),12,2026.0,test,season,winter,2125,0.07247058823529412,3.390659785566465,4.43353324975655,2.354093897355831,0.06661117525799955,0.9068235294117647,12.308746603519046,15.793046758100035
EMFN (Proposed),12,2026.0,test,target_transition,positive_to_positive,6906,0.0,2.9624930241628253,4.14121928993382,2.1158548653735756,0.05236362787340337,0.8963220388068346,10.393957791321254,16.571850747242323
EMFN (Proposed),12,2026.0,test,target_transition,positive_to_zero,393,1.0,1.0602684983717645,2.669542647950341,0.8347418191760705,0.5402501964622609,0.9287531806615776,7.169782976694741,7.795185060090958
EMFN (Proposed),12,2026.0,test,target_transition,zero_to_positive,393,0.0,0.8390969461732096,2.2603248178522932,0.6889937372874249,0.11076615790332046,0.9669211195928753,6.786079938773613,7.182018746506968
EMFN (Proposed),12,2026.0,test,target_transition,zero_to_zero,1033,1.0,0.7143007687027457,2.202465585544462,0.6129827467296448,0.46453043157926593,0.9661181026137464,6.429520016622946,6.64103452863335
EMFN (Proposed),12,2026.0,test,issue_wind,12_or_more,38,0.0,5.2756619779170935,6.347721122083581,3.823449260380619,0.0028315197950488325,0.7368421052631579,14.142035281992706,30.430241131905447
EMFN (Proposed),12,2026.0,test,issue_wind,3_to_6,3668,0.11777535441657579,2.6648898288992275,3.9511985373632963,1.9177942684744282,0.10015395359252265,0.9053980370774264,10.104039486501806,15.114584814063688
EMFN (Proposed),12,2026.0,test,issue_wind,6_to_12,1644,0.0340632603406326,3.90950156044404,4.889832528813867,2.7197840469411227,0.034171605685111864,0.8771289537712895,13.58507424628404,19.11299063598946
EMFN (Proposed),12,2026.0,test,issue_wind,below_3,3375,0.2779259259259259,1.6417151187292918,2.988900100148618,1.2423844531857526,0.19960952826810965,0.930962962962963,7.1034502434725395,11.606823157914677
CNN-LSTM (+Weather),12,2026.0,validation,all,all,4238,0.2267579046720151,2.2016127103853416,3.5046514756216474,2.2016127103853416,,,,
CNN-LSTM (+Weather),12,2026.0,validation,season,autumn,2159,0.26401111625752666,1.9621643620804843,3.252869564555233,1.9621643620804843,,,,
CNN-LSTM (+Weather),12,2026.0,validation,season,summer,1398,0.2582260371959943,1.9073288461030098,3.072601853056231,1.9073288461030098,,,,
CNN-LSTM (+Weather),12,2026.0,validation,season,winter,681,0.04405286343612335,3.564869430292665,4.848740517359053,3.564869430292665,,,,
CNN-LSTM (+Weather),12,2026.0,validation,target_transition,positive_to_positive,3062,0.0,2.8289350442597074,4.073281724993795,2.8289350442597074,,,,
CNN-LSTM (+Weather),12,2026.0,validation,target_transition,positive_to_zero,215,1.0,0.7177917070860087,1.2368302091654988,0.7177917070860087,,,,
CNN-LSTM (+Weather),12,2026.0,validation,target_transition,zero_to_positive,215,0.0,0.5616305556853584,1.141673666488531,0.5616305556853584,,,,
CNN-LSTM (+Weather),12,2026.0,validation,target_transition,zero_to_zero,746,1.0,0.527023826533524,0.9268836965140063,0.527023826533524,,,,
CNN-LSTM (+Weather),12,2026.0,validation,issue_wind,12_or_more,23,0.0,3.894819424380094,4.602632910854296,3.894819424380094,,,,
CNN-LSTM (+Weather),12,2026.0,validation,issue_wind,3_to_6,1966,0.1358087487283825,2.4568490515794443,3.67559004937557,2.4568490515794443,,,,
CNN-LSTM (+Weather),12,2026.0,validation,issue_wind,6_to_12,664,0.018072289156626505,3.7228575714378698,4.6889118277616495,3.7228575714378698,,,,
CNN-LSTM (+Weather),12,2026.0,validation,issue_wind,below_3,1585,0.4302839116719243,1.223161613257036,2.562422660639419,1.223161613257036,,,,
CNN-LSTM (+Weather),12,2026.0,test,all,all,8725,0.16343839541547278,2.632365576899115,4.213616853030784,2.632365576899115,,,,
CNN-LSTM (+Weather),12,2026.0,test,season,autumn,2184,0.19688644688644688,1.84433332215349,3.2487415950859324,1.84433332215349,,,,
CNN-LSTM (+Weather),12,2026.0,test,season,spring,2208,0.15760869565217392,3.1691465257753157,4.92253220641985,3.1691465257753157,,,,
CNN-LSTM (+Weather),12,2026.0,test,season,summer,2208,0.223731884057971,1.772716954697419,3.1872207323397737,1.772716954697419,,,,
CNN-LSTM (+Weather),12,2026.0,test,season,winter,2125,0.07247058823529412,3.7777558202248276,5.130095822792609,3.7777558202248276,,,,
CNN-LSTM (+Weather),12,2026.0,test,target_transition,positive_to_positive,6906,0.0,3.1358185164012276,4.686507890740161,3.1358185164012276,,,,
CNN-LSTM (+Weather),12,2026.0,test,target_transition,positive_to_zero,393,1.0,0.9201432974018516,1.6276029978645254,0.9201432974018516,,,,
CNN-LSTM (+Weather),12,2026.0,test,target_transition,zero_to_positive,393,0.0,0.6825027708722496,1.3026961705920814,0.6825027708722496,,,,
CNN-LSTM (+Weather),12,2026.0,test,target_transition,zero_to_zero,1033,1.0,0.6598132423486738,1.2136837510856227,0.6598132423486738,,,,
CNN-LSTM (+Weather),12,2026.0,test,issue_wind,12_or_more,38,0.0,4.918821499610901,6.70608893168062,4.918821499610901,,,,
CNN-LSTM (+Weather),12,2026.0,test,issue_wind,3_to_6,3668,0.11777535441657579,2.7546323239748776,4.284612762506464,2.7546323239748776,,,,
CNN-LSTM (+Weather),12,2026.0,test,issue_wind,6_to_12,1644,0.0340632603406326,4.302649286223957,5.589419088604637,4.302649286223957,,,,
CNN-LSTM (+Weather),12,2026.0,test,issue_wind,below_3,3375,0.2779259259259259,1.6601267112792681,3.1972985848189777,1.6601267112792681,,,,
LightGBM (24h matched),12,2026.0,validation,all,all,4238,0.2267579046720151,2.311603139118167,3.1771976538079,2.311603139118167,,,,
LightGBM (24h matched),12,2026.0,validation,season,autumn,2159,0.26401111625752666,2.2083938113998793,3.0138430706470527,2.2083938113998793,,,,
LightGBM (24h matched),12,2026.0,validation,season,summer,1398,0.2582260371959943,2.0563636675287214,2.860250006989619,2.0563636675287214,,,,
LightGBM (24h matched),12,2026.0,validation,season,winter,681,0.04405286343612335,3.1627833444424387,4.150798091828078,3.1627833444424387,,,,
LightGBM (24h matched),12,2026.0,validation,target_transition,positive_to_positive,3062,0.0,2.615515901717692,3.5493522410246143,2.615515901717692,,,,
LightGBM (24h matched),12,2026.0,validation,target_transition,positive_to_zero,215,1.0,1.7308819545270855,2.1823606395455566,1.7308819545270855,,,,
LightGBM (24h matched),12,2026.0,validation,target_transition,zero_to_positive,215,0.0,1.4066663710004663,1.8320972168151517,1.4066663710004663,,,,
LightGBM (24h matched),12,2026.0,validation,target_transition,zero_to_zero,746,1.0,1.4923478854353847,1.8160855057270584,1.4923478854353847,,,,
LightGBM (24h matched),12,2026.0,validation,issue_wind,12_or_more,23,0.0,2.6321565967934704,3.044137514325385,2.6321565967934704,,,,
LightGBM (24h matched),12,2026.0,validation,issue_wind,3_to_6,1966,0.1358087487283825,2.4364363089637813,3.322262055419324,2.4364363089637813,,,,
LightGBM (24h matched),12,2026.0,validation,issue_wind,6_to_12,664,0.018072289156626505,3.431479523590249,4.130756055867755,3.431479523590249,,,,
LightGBM (24h matched),12,2026.0,validation,issue_wind,below_3,1585,0.4302839116719243,1.6829642364478385,2.453119896917008,1.6829642364478385,,,,
LightGBM (24h matched),12,2026.0,test,all,all,8725,0.16343839541547278,2.7746308555484784,3.7912194611818375,2.7746308555484784,,,,
LightGBM (24h matched),12,2026.0,test,season,autumn,2184,0.19688644688644688,2.150556315013635,3.0544594321072815,2.150556315013635,,,,
LightGBM (24h matched),12,2026.0,test,season,spring,2208,0.15760869565217392,3.2781699000619358,4.4299163438181095,3.2781699000619358,,,,
LightGBM (24h matched),12,2026.0,test,season,summer,2208,0.223731884057971,2.1585139489476135,2.967126474292885,2.1585139489476135,,,,
LightGBM (24h matched),12,2026.0,test,season,winter,2125,0.07247058823529412,3.5330076630859333,4.459612279206523,3.5330076630859333,,,,
LightGBM (24h matched),12,2026.0,test,target_transition,positive_to_positive,6906,0.0,2.9981231609215335,4.088161896933673,2.9981231609215335,,,,
LightGBM (24h matched),12,2026.0,test,target_transition,positive_to_zero,393,1.0,2.263594413979607,2.718276173465879,2.263594413979607,,,,
LightGBM (24h matched),12,2026.0,test,target_transition,zero_to_positive,393,0.0,1.8242829066217803,2.308710068474563,1.8242829066217803,,,,
LightGBM (24h matched),12,2026.0,test,target_transition,zero_to_zero,1033,1.0,1.8364761648983712,2.197498534527746,1.8364761648983712,,,,
LightGBM (24h matched),12,2026.0,test,issue_wind,12_or_more,38,0.0,4.9289949628401395,5.7456962322182115,4.9289949628401395,,,,
LightGBM (24h matched),12,2026.0,test,issue_wind,3_to_6,3668,0.11777535441657579,2.837855940540775,3.8492690950053188,2.837855940540775,,,,
LightGBM (24h matched),12,2026.0,test,issue_wind,6_to_12,1644,0.0340632603406326,3.9183987484709184,4.834305221023285,3.9183987484709184,,,,
LightGBM (24h matched),12,2026.0,test,issue_wind,below_3,3375,0.2779259259259259,2.1245183033134207,3.049397665480916,2.1245183033134207,,,,
Quantile LightGBM (24h matched),12,2026.0,validation,all,all,4238,0.2267579046720151,2.1096214787570613,3.199777016253211,1.5171541104947355,0.1681139452571968,0.9334591788579518,8.996575476087983,11.809799589069103
Quantile LightGBM (24h matched),12,2026.0,validation,season,autumn,2159,0.26401111625752666,1.8821972818668367,3.0268383264669763,1.3813258214490254,0.19513126447429366,0.9485873089393237,9.045715262839266,11.483180366504852
Quantile LightGBM (24h matched),12,2026.0,validation,season,summer,1398,0.2582260371959943,1.855651620440038,2.831407055485974,1.336095185896169,0.1883585836909871,0.9277539341917024,7.614851311410633,10.426261885721933
Quantile LightGBM (24h matched),12,2026.0,validation,season,winter,681,0.04405286343612335,3.3519984288498588,4.267707316896669,2.3194649073207025,0.040900440528634355,0.8972099853157122,11.677276772156874,15.685506800222631
Quantile LightGBM (24h matched),12,2026.0,validation,target_transition,positive_to_positive,3062,0.0,2.6806376003788888,3.5840774230924013,1.8942425734467032,0.013592847811887656,0.9157413455258001,9.844186897206388,13.73405382079342
Quantile LightGBM (24h matched),12,2026.0,validation,target_transition,positive_to_zero,215,1.0,0.8936901858179743,2.1643200292917255,0.6853271792829398,0.7267144186046515,0.9488372093023256,7.095544599584578,7.120425215610831
Quantile LightGBM (24h matched),12,2026.0,validation,target_transition,zero_to_positive,215,0.0,0.613164988289049,1.7828518977031351,0.5401114613708178,0.03384046511627907,1.0,6.872484570290337,6.872484570290337
Quantile LightGBM (24h matched),12,2026.0,validation,target_transition,zero_to_zero,746,1.0,0.5475732334842658,1.781382843321691,0.49069578102188294,0.6800620643431636,0.982573726541555,6.677560746503758,6.686035194687206
Quantile LightGBM (24h matched),12,2026.0,validation,issue_wind,12_or_more,23,0.0,2.6903805949107924,3.1755692175228867,1.7783588052110275,0.003647826086956523,0.9565217391304348,9.920761296325013,10.447730087499185
Quantile LightGBM (24h matched),12,2026.0,validation,issue_wind,3_to_6,1966,0.1358087487283825,2.350669628952596,3.3214798030388692,1.6734058190245233,0.11128763987792471,0.9262461851475077,9.46772319248968,12.339110582498149
Quantile LightGBM (24h matched),12,2026.0,validation,issue_wind,6_to_12,664,0.018072289156626505,3.5013932063456057,4.246506309673241,2.4145601560065098,0.016694578313253012,0.8885542168674698,12.633144730295765,16.960748817503717
Quantile LightGBM (24h matched),12,2026.0,validation,issue_wind,below_3,1585,0.4302839116719243,1.2191517310758317,2.447684096386668,0.9436044693793683,0.3044203785488959,0.9608832807570978,6.875304391479051,9.015144634983304
Quantile LightGBM (24h matched),12,2026.0,test,all,all,8725,0.16343839541547278,2.5134899683901466,3.812435023153882,1.8178031654842206,0.12965645845272203,0.9001719197707736,9.716283909303728,14.661979999421902
Quantile LightGBM (24h matched),12,2026.0,test,season,autumn,2184,0.19688644688644688,1.7705519462060282,2.962438663957621,1.3213078468500277,0.15238438644688646,0.9610805860805861,9.111198582147928,11.524128677722326
Quantile LightGBM (24h matched),12,2026.0,test,season,spring,2208,0.15760869565217392,3.1207214611998246,4.41229727695185,2.2009804195375873,0.12934637681159422,0.8745471014492754,10.068799624873328,17.12697001116215
Quantile LightGBM (24h matched),12,2026.0,test,season,summer,2208,0.223731884057971,1.7528607799629168,2.918111030707119,1.3043488180891682,0.17001471920289857,0.9207427536231884,7.967672121131983,11.638166455057954
Quantile LightGBM (24h matched),12,2026.0,test,season,winter,2125,0.07247058823529412,3.4364446753895215,4.6455515325724,2.4634490939527005,0.06468508235294117,0.8428235294117647,11.788795195333758,18.46760336253955
Quantile LightGBM (24h matched),12,2026.0,test,target_transition,positive_to_positive,6906,0.0,2.921516492072192,4.123521072964572,2.0998784514467705,0.01252586156964958,0.8861859252823632,10.24920661852415,16.491584642787792
Quantile LightGBM (24h matched),12,2026.0,test,target_transition,positive_to_zero,393,1.0,1.2753155002297785,2.62765079590564,0.9384090287540598,0.7570847328244276,0.8905852417302799,8.105483768444705,8.158692488121483
Quantile LightGBM (24h matched),12,2026.0,test,target_transition,zero_to_positive,393,0.0,0.9287225472951429,2.211949047846485,0.73362033471975,0.02986132315521629,1.0,7.8721237285966295,7.8721237285966295
Quantile LightGBM (24h matched),12,2026.0,test,target_transition,zero_to_zero,1033,1.0,0.8596516236942697,2.1450158930942487,0.6790556566439683,0.7119837366892547,0.9593417231364957,7.4679152515101785,7.487687491474718
Quantile LightGBM (24h matched),12,2026.0,test,issue_wind,12_or_more,38,0.0,4.861710917664709,5.541566491726434,3.2620164770597313,0.0013315789473684215,0.8421052631578947,13.702227335805222,19.044450722742685
Quantile LightGBM (24h matched),12,2026.0,test,issue_wind,3_to_6,3668,0.11777535441657579,2.6353874800244093,3.8918063554430304,1.8923965358292374,0.10047818974918211,0.8955834242093784,9.810670209985327,15.266950059252544
Quantile LightGBM (24h matched),12,2026.0,test,issue_wind,6_to_12,1644,0.0340632603406326,3.9763434967426456,4.952409910476817,2.789312727099798,0.03181903892944039,0.816301703163017,12.782790540457103,20.383787927176996
Quantile LightGBM (24h matched),12,2026.0,test,issue_wind,below_3,3375,0.2779259259259259,1.6419985108024686,2.9699996253266105,1.2472401113919536,0.21047037037037034,0.9466666666666667,8.075095256644971,11.167989984555426
Hurdle Quantile LightGBM (24h matched),12,2026.0,validation,all,all,4238,0.2267579046720151,2.1089635265283184,3.195804421213215,1.5132982391458891,0.1436083436175323,0.9325153374233128,9.209548387335056,11.881637264802952
Hurdle Quantile LightGBM (24h matched),12,2026.0,validation,season,autumn,2159,0.26401111625752666,1.8837207972255314,3.021183561157758,1.375631629629689,0.1620850061692562,0.9504400185270959,9.287717535661917,11.61483263270759
Hurdle Quantile LightGBM (24h matched),12,2026.0,validation,season,summer,1398,0.2582260371959943,1.8683901208924383,2.842201932053104,1.3374060695956718,0.16418595610055564,0.9213161659513591,7.782074264736828,10.488636839472864
Hurdle Quantile LightGBM (24h matched),12,2026.0,validation,season,winter,681,0.04405286343612335,3.3169233997202063,4.2471059616279785,2.3108304902129673,0.042788054776947186,0.8986784140969163,11.89213521869282,15.58713769843783
Hurdle Quantile LightGBM (24h matched),12,2026.0,validation,target_transition,positive_to_positive,3062,0.0,2.68649342284036,3.5790261490171167,1.893372795636202,0.04105137427696923,0.9141084258654474,10.054939986671231,13.724133325768596
Hurdle Quantile LightGBM (24h matched),12,2026.0,validation,target_transition,positive_to_zero,215,1.0,0.8693315675341307,2.1664396067388916,0.6682517138786366,0.5198501177513393,0.9720930232558139,7.32882679111236,7.475555699957122
Hurdle Quantile LightGBM (24h matched),12,2026.0,validation,target_transition,zero_to_positive,215,0.0,0.6060937173716292,1.7936952438784415,0.5401262883884947,0.10548325294435282,0.9906976744186047,7.2137772263942574,7.228218771098448
Hurdle Quantile LightGBM (24h matched),12,2026.0,validation,target_transition,zero_to_zero,746,1.0,0.528858081012187,1.7786736775001402,0.47727770345146764,0.4671128384925582,0.9798927613941019,6.856809601306625,6.929987900073089
Hurdle Quantile LightGBM (24h matched),12,2026.0,validation,issue_wind,12_or_more,23,0.0,2.76227456000658,3.1805866365231608,1.789070891331327,0.005519393577331195,0.9565217391304348,10.579954169002548,11.380831625757574
Hurdle Quantile LightGBM (24h matched),12,2026.0,validation,issue_wind,3_to_6,1966,0.1358087487283825,2.345855871554337,3.3203475798283932,1.671321096725856,0.10472347030596876,0.9262461851475077,9.781161360425815,12.438957070925179
Hurdle Quantile LightGBM (24h matched),12,2026.0,validation,issue_wind,6_to_12,664,0.018072289156626505,3.517769436944503,4.238544010443997,2.4113141815787547,0.017734344896754985,0.8840361445783133,12.53748049529124,16.751263554901925
Hurdle Quantile LightGBM (24h matched),12,2026.0,validation,issue_wind,below_3,1585,0.4302839116719243,1.2154596598989809,2.4413912994685245,0.9370848039547834,0.2465761934169359,0.9602523659305994,7.086483808308128,9.15759684476259
Hurdle Quantile LightGBM (24h matched),12,2026.0,test,all,all,8725,0.16343839541547278,2.520902638812545,3.799151050552781,1.812986147510712,0.12272008669480249,0.9008595988538682,9.93623836438312,14.605720152086706
Hurdle Quantile LightGBM (24h matched),12,2026.0,test,season,autumn,2184,0.19688644688644688,1.7778406173477068,2.9604941485269642,1.3178005136463413,0.14558576898609885,0.9633699633699634,9.267040812148476,11.49848608864339
Hurdle Quantile LightGBM (24h matched),12,2026.0,test,season,spring,2208,0.15760869565217392,3.120754347550963,4.407251204422408,2.2023723384100533,0.12288053585255744,0.875,10.317799093862561,17.13137356685859
Hurdle Quantile LightGBM (24h matched),12,2026.0,test,season,summer,2208,0.223731884057971,1.7445558513843002,2.9059542843743498,1.2967800423509102,0.15196797440590318,0.9252717391304348,8.342194810641724,11.375599480219227
Hurdle Quantile LightGBM (24h matched),12,2026.0,test,season,winter,2125,0.07247058823529412,3.467984327577884,4.614936741888284,2.453693815768069,0.06866255355097921,0.8381176470588235,11.883856966759993,18.531208574781893
Hurdle Quantile LightGBM (24h matched),12,2026.0,test,target_transition,positive_to_positive,6906,0.0,2.927188081214012,4.1039383199162485,2.0920785905817354,0.038976589133426914,0.8858963220388069,10.485723775650243,16.352059255028518
Hurdle Quantile LightGBM (24h matched),12,2026.0,test,target_transition,positive_to_zero,393,1.0,1.2895315289928648,2.6575750800339395,0.9420800021520256,0.5836035217168163,0.916030534351145,8.320338214339847,8.552727306820312
Hurdle Quantile LightGBM (24h matched),12,2026.0,test,target_transition,zero_to_positive,393,0.0,0.9833347194942377,2.2706420700337846,0.7681883760348912,0.09218625418097526,0.9770992366412213,8.118389708051875,8.182812496372744
Hurdle Quantile LightGBM (24h matched),12,2026.0,test,target_transition,zero_to_zero,1033,1.0,0.8581589536496196,2.1596140857042934,0.6759670066273369,0.5188529040937787,0.9661181026137464,7.569071888772684,7.677173251766393
Hurdle Quantile LightGBM (24h matched),12,2026.0,test,issue_wind,12_or_more,38,0.0,4.906268224334989,5.518735631498045,3.2570892628539063,0.004682403982183439,0.868421052631579,13.65294502149157,18.996395769503774
Hurdle Quantile LightGBM (24h matched),12,2026.0,test,issue_wind,3_to_6,3668,0.11777535441657579,2.6553779119671987,3.887617865935365,1.891229420792037,0.09801560825668822,0.8977644492911668,10.17584997789179,15.192294098982552
Hurdle Quantile LightGBM (24h matched),12,2026.0,test,issue_wind,6_to_12,1644,0.0340632603406326,3.9872581888195238,4.919030814543135,2.7826321319769325,0.033809300586113,0.7980535279805353,12.646785441336075,20.58869334242398
Hurdle Quantile LightGBM (24h matched),12,2026.0,test,issue_wind,below_3,3375,0.2779259259259259,1.6336173889184429,2.9594363021027994,1.2393653346984426,0.1942077285368079,0.9546666666666667,8.313639950803683,11.004414423022912
EMFN (Proposed),24,2026.0,validation,all,all,4226,0.22574538570752484,2.6229094609774544,3.785338666295489,1.8719861032517053,0.1575798931143258,0.9136299100804544,9.326524888671512,13.910914596226672
EMFN (Proposed),24,2026.0,validation,season,autumn,2159,0.26401111625752666,2.3810574469493235,3.658765455227737,1.723882294333528,0.18328616557202196,0.9263547938860583,9.010172543791414,13.7285669170128
EMFN (Proposed),24,2026.0,validation,season,summer,1386,0.25252525252525254,2.2684765167677075,3.27885257169478,1.6411363669137193,0.1714671359031266,0.9069264069264069,8.358932306034529,12.678138151020223
EMFN (Proposed),24,2026.0,validation,season,winter,681,0.049926578560939794,4.111018945502335,4.959625067398756,2.811360344101621,0.04781842359678691,0.8869309838472834,12.298754010743442,16.998017081511367
EMFN (Proposed),24,2026.0,validation,target_transition,positive_to_positive,3057,0.0,3.392735707852213,4.273846342069867,2.35557271637524,0.04930573902281043,0.8913967942427217,9.92906021719822,16.24666102145946
EMFN (Proposed),24,2026.0,validation,target_transition,positive_to_zero,214,1.0,0.6809780773637103,2.100748005612062,0.6433030484324107,0.5342461902824526,0.9626168224299065,7.82419909999902,7.902784862898869
EMFN (Proposed),24,2026.0,validation,target_transition,zero_to_positive,215,0.0,0.5359205737718483,1.8608964801526138,0.586751154050738,0.08368346297757087,0.9906976744186047,7.766959567321004,7.795803016847196
EMFN (Proposed),24,2026.0,validation,target_transition,zero_to_zero,740,1.0,0.6106352584726001,2.0222017068173437,0.6029853079691246,0.5174112903348468,0.9689189189189189,7.724975920509521,7.775930718607882
EMFN (Proposed),24,2026.0,validation,issue_wind,12_or_more,23,0.34782608695652173,2.5004665242591635,3.7641466685890657,1.7416843344524358,0.31667879601702703,0.6521739130434783,11.279522652620686,11.650346722648077
EMFN (Proposed),24,2026.0,validation,issue_wind,3_to_6,1961,0.16930137684854665,2.7995136388326185,3.8104268252663016,1.9733130773547578,0.13070710917769424,0.9087200407955125,9.712160584751333,14.268503695213973
EMFN (Proposed),24,2026.0,validation,issue_wind,6_to_12,657,0.0669710806697108,3.77859780929947,4.513712485219997,2.576440203545124,0.057246692990128176,0.8858447488584474,11.75127823143841,15.604424275365586
EMFN (Proposed),24,2026.0,validation,issue_wind,below_3,1585,0.35962145110410093,1.927141732222237,3.404364729599489,1.4565087534558199,0.2301080741960735,0.9350157728706625,7.8159800970114395,12.799321522904235
EMFN (Proposed),24,2026.0,test,all,all,8713,0.1636634913347871,3.059250397414265,4.445104231537384,2.1946382639519655,0.13440910598599642,0.8942958797199587,10.209833531729208,16.897601980799912
EMFN (Proposed),24,2026.0,test,season,autumn,2184,0.19688644688644688,2.26253383815049,3.473547992440961,1.631601128086641,0.16358236151030467,0.9368131868131868,8.80083549984007,12.849358652334061
EMFN (Proposed),24,2026.0,test,season,spring,2208,0.15760869565217392,3.4569662209809535,5.008882714307517,2.5468120529959344,0.1318683847245016,0.8519021739130435,10.668932702262657,21.575364576247612
EMFN (Proposed),24,2026.0,test,season,summer,2208,0.223731884057971,1.9532561155250205,3.2616997199409434,1.4798146779049333,0.1688195195163446,0.9148550724637681,7.82737448654925,13.352637904968232
EMFN (Proposed),24,2026.0,test,season,winter,2113,0.07288215806909608,4.622860336556852,5.627752815599675,3.155548749760121,0.07095303850151109,0.8731661145291055,13.67600972901523,19.898143532175805
EMFN (Proposed),24,2026.0,test,target_transition,positive_to_positive,6894,0.0,3.5921468817460247,4.813304702257175,2.5482622926145666,0.04464824055380729,0.8755439512619669,10.618798297757209,19.04637377462241
EMFN (Proposed),24,2026.0,test,target_transition,positive_to_zero,393,1.0,1.2328845829354556,2.872977823844331,0.9692118901937262,0.6116575742942116,0.9440203562340967,9.03038192670273,9.125710548875896
EMFN (Proposed),24,2026.0,test,target_transition,zero_to_positive,393,0.0,1.0388236754163294,2.5976521884446493,0.8630405164469894,0.063272403204908,0.9923664122137404,8.857499515576908,8.868075614233248
EMFN (Proposed),24,2026.0,test,target_transition,zero_to_zero,1033,1.0,0.966318261743607,2.51703225704054,0.8074421613928882,0.5789487792070526,0.9632139399806389,8.443704443758467,8.56877763248873
EMFN (Proposed),24,2026.0,test,issue_wind,12_or_more,38,0.0,3.9879450713034803,4.876753264646024,2.8076482671639815,0.005618753935742404,0.8421052631578947,12.10360545870797,16.714282112063632
EMFN (Proposed),24,2026.0,test,issue_wind,3_to_6,3659,0.15714676141022138,2.986629473654163,4.270621507394859,2.12811317753339,0.13204896699644336,0.9062585405848592,10.32254153200582,15.931653571093566
EMFN (Proposed),24,2026.0,test,issue_wind,6_to_12,1641,0.07739183424741011,4.379063082835465,5.528795467980097,3.099044747286664,0.07396503352433689,0.8159658744667886,11.975021544535682,22.04339617769657
EMFN (Proposed),24,2026.0,test,issue_wind,below_3,3375,0.21451851851851853,2.485803566497,4.013348140596315,1.8201167445241941,0.1678071814971868,0.92,9.208045254617282,15.444897716805869
CNN-LSTM (+Weather),24,2026.0,validation,all,all,4226,0.22574538570752484,2.647271333302579,4.134438413325417,2.647271333302579,,,,
CNN-LSTM (+Weather),24,2026.0,validation,season,autumn,2159,0.26401111625752666,2.3573668268226577,3.847557954416214,2.3573668268226577,,,,
CNN-LSTM (+Weather),24,2026.0,validation,season,summer,1386,0.25252525252525254,2.2268582197797633,3.3904742217756256,2.2268582197797633,,,,
CNN-LSTM (+Weather),24,2026.0,validation,season,winter,681,0.049926578560939794,4.422009079018838,5.9788875973675495,4.422009079018838,,,,
CNN-LSTM (+Weather),24,2026.0,validation,target_transition,positive_to_positive,3057,0.0,3.3314218746816318,4.800608226377448,3.3314218746816318,,,,
CNN-LSTM (+Weather),24,2026.0,validation,target_transition,positive_to_zero,214,1.0,0.9784127131243733,1.400958154953012,0.9784127131243733,,,,
CNN-LSTM (+Weather),24,2026.0,validation,target_transition,zero_to_positive,215,0.0,0.7609039522137931,1.171965208403331,0.7609039522137931,,,,
CNN-LSTM (+Weather),24,2026.0,validation,target_transition,zero_to_zero,740,1.0,0.8516720450005015,1.2030507713352032,0.8516720450005015,,,,
CNN-LSTM (+Weather),24,2026.0,validation,issue_wind,12_or_more,23,0.34782608695652173,3.2400544491477636,3.487428387515592,3.2400544491477636,,,,
CNN-LSTM (+Weather),24,2026.0,validation,issue_wind,3_to_6,1961,0.16930137684854665,2.831204629058784,4.219495644888143,2.831204629058784,,,,
CNN-LSTM (+Weather),24,2026.0,validation,issue_wind,6_to_12,657,0.0669710806697108,3.6779657864787154,4.734972212386317,3.6779657864787154,,,,
CNN-LSTM (+Weather),24,2026.0,validation,issue_wind,below_3,1585,0.35962145110410093,1.983868519183287,3.7520890785467014,1.983868519183287,,,,
CNN-LSTM (+Weather),24,2026.0,test,all,all,8713,0.1636634913347871,3.049841189490848,4.676709118523778,3.049841189490848,,,,
CNN-LSTM (+Weather),24,2026.0,test,season,autumn,2184,0.19688644688644688,2.261196493274173,3.789900252351362,2.261196493274173,,,,
CNN-LSTM (+Weather),24,2026.0,test,season,spring,2208,0.15760869565217392,3.5402016694244094,5.283454317391843,3.5402016694244094,,,,
CNN-LSTM (+Weather),24,2026.0,test,season,summer,2208,0.223731884057971,2.005095253323508,3.4067047561316364,2.005095253323508,,,,
CNN-LSTM (+Weather),24,2026.0,test,season,winter,2113,0.07288215806909608,4.444296042260087,5.834783816661036,4.444296042260087,,,,
CNN-LSTM (+Weather),24,2026.0,test,target_transition,positive_to_positive,6894,0.0,3.534254879557688,5.184504813181211,3.534254879557688,,,,
CNN-LSTM (+Weather),24,2026.0,test,target_transition,positive_to_zero,393,1.0,1.4183087129022631,1.9606281880715495,1.4183087129022631,,,,
CNN-LSTM (+Weather),24,2026.0,test,target_transition,zero_to_positive,393,0.0,1.1450462988418257,1.6864171635532947,1.1450462988418257,,,,
CNN-LSTM (+Weather),24,2026.0,test,target_transition,zero_to_zero,1033,1.0,1.162356848739239,1.5969673222819003,1.162356848739239,,,,
CNN-LSTM (+Weather),24,2026.0,test,issue_wind,12_or_more,38,0.0,3.7344809879331087,4.708464882906274,3.7344809879331087,,,,
CNN-LSTM (+Weather),24,2026.0,test,issue_wind,3_to_6,3659,0.15714676141022138,3.023942692637881,4.500637236123676,3.023942692637881,,,,
CNN-LSTM (+Weather),24,2026.0,test,issue_wind,6_to_12,1641,0.07739183424741011,4.2147648411834115,5.649974549091246,4.2147648411834115,,,,
CNN-LSTM (+Weather),24,2026.0,test,issue_wind,below_3,3375,0.21451851851851853,2.5037986932587595,4.328194861815695,2.5037986932587595,,,,
LightGBM (24h matched),24,2026.0,validation,all,all,4226,0.22574538570752484,2.8688757409781704,3.709417472226673,2.8688757409781704,,,,
LightGBM (24h matched),24,2026.0,validation,season,autumn,2159,0.26401111625752666,2.796336382969489,3.608636199202573,2.796336382969489,,,,
LightGBM (24h matched),24,2026.0,validation,season,summer,1386,0.25252525252525254,2.507385423033878,3.1215506762430483,2.507385423033878,,,,
LightGBM (24h matched),24,2026.0,validation,season,winter,681,0.049926578560939794,3.834570387984825,4.926550050554569,3.834570387984825,,,,
LightGBM (24h matched),24,2026.0,validation,target_transition,positive_to_positive,3057,0.0,3.022653089370537,4.033546243732552,3.022653089370537,,,,
LightGBM (24h matched),24,2026.0,validation,target_transition,positive_to_zero,214,1.0,2.5901807266025907,2.8210574065807537,2.5901807266025907,,,,
LightGBM (24h matched),24,2026.0,validation,target_transition,zero_to_positive,215,0.0,2.29800378806224,2.5284628635845516,2.29800378806224,,,,
LightGBM (24h matched),24,2026.0,validation,target_transition,zero_to_zero,740,1.0,2.480066077353621,2.685134950591763,2.480066077353621,,,,
LightGBM (24h matched),24,2026.0,validation,issue_wind,12_or_more,23,0.34782608695652173,3.0698004117967685,3.4000950305757254,3.0698004117967685,,,,
LightGBM (24h matched),24,2026.0,validation,issue_wind,3_to_6,1961,0.16930137684854665,2.8605754286557175,3.728005577637464,2.8605754286557175,,,,
LightGBM (24h matched),24,2026.0,validation,issue_wind,6_to_12,657,0.0669710806697108,3.470968693443332,4.202179510305718,3.470968693443332,,,,
LightGBM (24h matched),24,2026.0,validation,issue_wind,below_3,1585,0.35962145110410093,2.6266552837326755,3.464774273624674,2.6266552837326755,,,,
LightGBM (24h matched),24,2026.0,test,all,all,8713,0.1636634913347871,3.377186179986735,4.394599462993356,3.377186179986735,,,,
LightGBM (24h matched),24,2026.0,test,season,autumn,2184,0.19688644688644688,2.7014829445447486,3.519745733778503,2.7014829445447486,,,,
LightGBM (24h matched),24,2026.0,test,season,spring,2208,0.15760869565217392,3.667218698819696,4.833439614584893,3.667218698819696,,,,
LightGBM (24h matched),24,2026.0,test,season,summer,2208,0.223731884057971,2.6892326507538185,3.451260599805329,2.6892326507538185,,,,
LightGBM (24h matched),24,2026.0,test,season,winter,2113,0.07288215806909608,4.491405516081575,5.47461534568945,4.491405516081575,,,,
LightGBM (24h matched),24,2026.0,test,target_transition,positive_to_positive,6894,0.0,3.512647088850127,4.666568200712023,3.512647088850127,,,,
LightGBM (24h matched),24,2026.0,test,target_transition,positive_to_zero,393,1.0,3.1190123048519403,3.4527273030238854,3.1190123048519403,,,,
LightGBM (24h matched),24,2026.0,test,target_transition,zero_to_positive,393,0.0,2.741310736273262,3.0613398874770104,2.741310736273262,,,,
LightGBM (24h matched),24,2026.0,test,target_transition,zero_to_zero,1033,1.0,2.8132886742782555,3.075681023660996,2.8132886742782555,,,,
LightGBM (24h matched),24,2026.0,test,issue_wind,12_or_more,38,0.0,3.848032840778118,4.74001132261806,3.848032840778118,,,,
LightGBM (24h matched),24,2026.0,test,issue_wind,3_to_6,3659,0.15714676141022138,3.204135152691777,4.1467933977258955,3.204135152691777,,,,
LightGBM (24h matched),24,2026.0,test,issue_wind,6_to_12,1641,0.07739183424741011,4.228554195805139,5.299321071444272,4.228554195805139,,,,
LightGBM (24h matched),24,2026.0,test,issue_wind,below_3,3375,0.21451851851851853,3.145543697558343,4.160214227692266,3.145543697558343,,,,
Quantile LightGBM (24h matched),24,2026.0,validation,all,all,4226,0.22574538570752484,2.539406109494224,3.7084368772595124,1.8169021727022756,0.1813493847610033,0.9384761003312825,11.17653560558655,13.399192865898636
Quantile LightGBM (24h matched),24,2026.0,validation,season,autumn,2159,0.26401111625752666,2.3363343011138977,3.6165942919585006,1.7030183259348175,0.21189439555349698,0.952292728114868,11.716586878009496,13.801397814967036
Quantile LightGBM (24h matched),24,2026.0,validation,season,summer,1386,0.25252525252525254,2.128787733074026,3.110581049571602,1.5332532329452622,0.19876803751803748,0.9466089466089466,9.656711685141554,11.210432101368996
Quantile LightGBM (24h matched),24,2026.0,validation,season,winter,681,0.049926578560939794,4.018920212301153,4.9175809876553,2.755246747847889,0.049060205580029354,0.8781204111600588,12.557600593215948,16.578725809510107
Quantile LightGBM (24h matched),24,2026.0,validation,target_transition,positive_to_positive,3057,0.0,3.109317821451619,4.033286249048019,2.1705833541461903,0.01091020608439647,0.9149492966961073,11.417719486333711,14.490323209617618
Quantile LightGBM (24h matched),24,2026.0,validation,target_transition,positive_to_zero,214,1.0,1.211545434112652,2.828468617742286,0.976724206044759,0.7763551401869161,1.0,10.563865259659574,10.563865259659574
Quantile LightGBM (24h matched),24,2026.0,validation,target_transition,zero_to_positive,215,0.0,0.9490629535900146,2.528379920046925,0.8457807181843744,0.017651162790697675,1.0,10.580785040763772,10.580785040763772
Quantile LightGBM (24h matched),24,2026.0,validation,target_transition,zero_to_zero,740,1.0,1.0311167305716629,2.6767681241051893,0.880937072583372,0.7609391891891892,1.0,10.53045277048005,10.53045277048005
Quantile LightGBM (24h matched),24,2026.0,validation,issue_wind,12_or_more,23,0.34782608695652173,2.0523320166874863,3.3270027839852894,1.3355019562742263,0.20173913043478264,0.9565217391304348,11.813153643960781,13.67926819624054
Quantile LightGBM (24h matched),24,2026.0,validation,issue_wind,3_to_6,1961,0.16930137684854665,2.6790127271360697,3.71153335207839,1.8884909895259834,0.14358235594084648,0.942886282508924,11.342790337150012,13.24974413781102
Quantile LightGBM (24h matched),24,2026.0,validation,issue_wind,6_to_12,657,0.0669710806697108,3.4764998014845023,4.2626706301011446,2.4008934780107243,0.06181887366818873,0.893455098934551,12.038770631037226,15.297406680412518
Quantile LightGBM (24h matched),24,2026.0,validation,issue_wind,below_3,1585,0.35962145110410093,1.9853137254571782,3.454239234469198,1.4932455465817098,0.27732649842271295,0.9514195583596214,10.60419733732178,12.793199646369512
Quantile LightGBM (24h matched),24,2026.0,test,all,all,8713,0.1636634913347871,3.0005608701514093,4.366718528539026,2.1627912282492536,0.13975381613680707,0.9065763801216573,11.403071589730025,16.80237134085433
Quantile LightGBM (24h matched),24,2026.0,test,season,autumn,2184,0.19688644688644688,2.1790308588265845,3.456360525891202,1.6184752178840422,0.16794299450549452,0.9702380952380952,11.76617086584791,13.38568747945139
Quantile LightGBM (24h matched),24,2026.0,test,season,spring,2208,0.15760869565217392,3.3972449711495756,4.777062757290655,2.407120562479907,0.13526154891304343,0.8908514492753623,11.351350703981131,18.855219431242837
Quantile LightGBM (24h matched),24,2026.0,test,season,summer,2208,0.223731884057971,2.00158298899218,3.367132306887416,1.5560353400952636,0.18503509963768117,0.9365942028985508,9.824322867535667,13.651379190946814
Quantile LightGBM (24h matched),24,2026.0,test,season,winter,2113,0.07288215806909608,4.479068305707037,5.530530207137067,3.104118250350697,0.06799455750118315,0.8258400378608614,12.731546779175007,21.481377321319062
Quantile LightGBM (24h matched),24,2026.0,test,target_transition,positive_to_positive,6894,0.0,3.40204416988409,4.6484123164574225,2.435354765917545,0.009959747606614451,0.8819263127357122,11.556958771078378,18.380877937244033
Quantile LightGBM (24h matched),24,2026.0,test,target_transition,positive_to_zero,393,1.0,1.7476394470607313,3.3173030178073906,1.2696320120693276,0.8101590330788805,1.0,10.954350964111859,10.954350964111859
Quantile LightGBM (24h matched),24,2026.0,test,target_transition,zero_to_positive,393,0.0,1.4302545887779259,2.9774981833713485,1.094920238932923,0.014338422391857508,1.0,10.88671062531924,10.88671062531924
Quantile LightGBM (24h matched),24,2026.0,test,target_transition,zero_to_zero,1033,1.0,1.3952391078061195,3.0115696399379592,1.0898307655917785,0.7986302032913843,1.0,10.743225352233262,10.743225352233262
Quantile LightGBM (24h matched),24,2026.0,test,issue_wind,12_or_more,38,0.0,4.437572044371767,4.6691205056596745,2.8581465382476354,0.010855263157894738,0.8947368421052632,12.579588274976818,15.619734818277541
Quantile LightGBM (24h matched),24,2026.0,test,issue_wind,3_to_6,3659,0.15714676141022138,2.8985244186661827,4.161815875844376,2.0637599658063945,0.1362578573380705,0.9223831647991254,11.393794577121671,15.62900394137124
Quantile LightGBM (24h matched),24,2026.0,test,issue_wind,6_to_12,1641,0.07739183424741011,4.145546776676216,5.2621759837477775,2.921458457048137,0.07234765386959169,0.8281535648994516,11.979447633703892,21.745788956166717
Quantile LightGBM (24h matched),24,2026.0,test,issue_wind,below_3,3375,0.21451851851851853,2.538286226820109,4.091417613445873,1.89344573640911,0.1777696296296296,0.9277037037037037,11.119635698451054,15.684191547028819
Hurdle Quantile LightGBM (24h matched),24,2026.0,validation,all,all,4226,0.22574538570752484,2.5101474409735998,3.708673527608924,1.818217754138315,0.16022064964862565,0.9406057737813536,11.247123223931773,13.301135548175205
Hurdle Quantile LightGBM (24h matched),24,2026.0,validation,season,autumn,2159,0.26401111625752666,2.328917210829078,3.619641689942056,1.7083100145000043,0.18501753095942677,0.951829550717925,11.698119600081142,13.747220202020715
Hurdle Quantile LightGBM (24h matched),24,2026.0,validation,season,summer,1386,0.25252525252525254,2.108582236828962,3.1195149179809833,1.5374598765924299,0.17360767623464535,0.9494949494949495,9.75755186796486,11.224358195960734
Hurdle Quantile LightGBM (24h matched),24,2026.0,validation,season,winter,681,0.049926578560939794,3.9019909649478897,4.9000310834521565,2.7380727147223234,0.054360318373672764,0.8869309838472834,12.848951011396755,16.113641631166097
Hurdle Quantile LightGBM (24h matched),24,2026.0,validation,target_transition,positive_to_positive,3057,0.0,3.078758488364823,4.035973350730155,2.175441834204985,0.03861806093247292,0.9214916584887144,11.53414982599208,14.37219336644291
Hurdle Quantile LightGBM (24h matched),24,2026.0,validation,target_transition,positive_to_zero,214,1.0,1.2201852366962964,2.814900725350431,0.9649053193725811,0.5825648872658901,0.9813084112149533,10.532109548411775,10.536958602568188
Hurdle Quantile LightGBM (24h matched),24,2026.0,validation,target_transition,zero_to_positive,215,0.0,0.9535585634566547,2.5219315529526716,0.8476914097254641,0.06553886083372559,1.0,10.556048573965436,10.556048573965436
Hurdle Quantile LightGBM (24h matched),24,2026.0,validation,target_transition,zero_to_zero,740,1.0,0.986464398414842,2.667797273426523,0.8712420951178024,0.5679423137707714,0.9905405405405405,10.468952485831341,10.473438001378755
Hurdle Quantile LightGBM (24h matched),24,2026.0,validation,issue_wind,12_or_more,23,0.34782608695652173,1.534285086147148,3.1458078074378375,1.2072793682493745,0.18469697050538156,0.9565217391304348,11.242819469595949,13.517644335718092
Hurdle Quantile LightGBM (24h matched),24,2026.0,validation,issue_wind,3_to_6,1961,0.16930137684854665,2.662594632558549,3.720028545639921,1.8962102928989624,0.13162934462840278,0.9454360020397756,11.487356782604579,13.216924033767832
Hurdle Quantile LightGBM (24h matched),24,2026.0,validation,issue_wind,6_to_12,657,0.0669710806697108,3.4161345804804357,4.251718709481082,2.3887366962619385,0.05559201887333352,0.8949771689497716,12.21363390663055,15.111513350308385
Hurdle Quantile LightGBM (24h matched),24,2026.0,validation,issue_wind,below_3,1585,0.35962145110410093,1.9601552269716647,3.4516679129956795,1.4941024666875868,0.2386090434557667,0.9533123028391167,10.549333608322465,12.651760697473547
Hurdle Quantile LightGBM (24h matched),24,2026.0,test,all,all,8713,0.1636634913347871,3.017008068974801,4.381743041949947,2.1757915529499954,0.13294969865963027,0.9076093194077814,11.567265294207052,16.462151508502444
Hurdle Quantile LightGBM (24h matched),24,2026.0,test,season,autumn,2184,0.19688644688644688,2.1766895399917456,3.4558945571302724,1.6193632865701724,0.15891897155756396,0.9725274725274725,11.768508116878772,13.365383803377409
Hurdle Quantile LightGBM (24h matched),24,2026.0,test,season,spring,2208,0.15760869565217392,3.4227803861161425,4.820502044632605,2.4399924564519786,0.13250404319405112,0.8913043478260869,11.527298839020329,18.483235812475698
Hurdle Quantile LightGBM (24h matched),24,2026.0,test,season,summer,2208,0.223731884057971,2.0424539901304373,3.3797224710003184,1.5718649820655326,0.16499019789044492,0.9370471014492754,10.10090931772954,13.04909800926995
Hurdle Quantile LightGBM (24h matched),24,2026.0,test,season,winter,2113,0.07288215806909608,4.479916633640804,5.532420455541971,3.1059163079684766,0.07309247809989186,0.8267865593942262,12.933306753932373,21.117527112442566
Hurdle Quantile LightGBM (24h matched),24,2026.0,test,target_transition,positive_to_positive,6894,0.0,3.4195683316760888,4.664036927814647,2.450919029083671,0.03584479805538928,0.886858137510879,11.743495051593488,17.927939986107152
Hurdle Quantile LightGBM (24h matched),24,2026.0,test,target_transition,positive_to_zero,393,1.0,1.7363740131018472,3.318629421040155,1.2616036725928164,0.6416091872236372,0.9821882951653944,11.06434544583889,11.071991508714692
Hurdle Quantile LightGBM (24h matched),24,2026.0,test,target_transition,zero_to_positive,393,0.0,1.4327078704237226,2.9895366271949055,1.1023560161373531,0.05144967979234052,0.9974554707379135,11.023897470216989,11.026502951467346
Hurdle Quantile LightGBM (24h matched),24,2026.0,test,target_transition,zero_to_zero,1033,1.0,1.420365969193546,3.0292707797453122,1.0958372281505624,0.6184942419072852,0.9835430784123911,10.78920441116223,10.798450635534905
Hurdle Quantile LightGBM (24h matched),24,2026.0,test,issue_wind,12_or_more,38,0.0,4.476690483541012,4.766920131088351,2.9259470450369283,0.031103573184169606,0.868421052631579,12.445978105246933,15.007092093032426
Hurdle Quantile LightGBM (24h matched),24,2026.0,test,issue_wind,3_to_6,3659,0.15714676141022138,2.9145441580324403,4.169393198577421,2.0699747363502836,0.12893721554467724,0.9223831647991254,11.640244026675479,15.40523107446613
Hurdle Quantile LightGBM (24h matched),24,2026.0,test,issue_wind,6_to_12,1641,0.07739183424741011,4.146366520237723,5.2752033074820055,2.9352218085607755,0.07560939425343799,0.8287629494210847,12.179156475412544,21.256826632667273
Hurdle Quantile LightGBM (24h matched),24,2026.0,test,issue_wind,below_3,3375,0.21451851851851853,2.5625400096746893,4.115027892032634,1.9128145970334773,0.16632666696073903,0.9303703703703704,11.180736791309364,15.293115137294219
EMFN (Proposed),1,3407.0,validation,all,all,4249,0.22452341727465286,0.7268544599740342,1.1708281340684215,0.5232530099615886,0.07319882035844719,0.9159802306425041,3.2109344042456613,4.067696075720567
EMFN (Proposed),1,3407.0,validation,season,autumn,2153,0.2633534602879703,0.7133516630424517,1.2042387884152188,0.5113381374564978,0.08167994845968779,0.9071063632141199,2.8998400512462985,3.9424778417568778
EMFN (Proposed),1,3407.0,validation,season,summer,1409,0.25691980127750175,0.5833934040189579,0.959371846949861,0.42993318219087634,0.08734670562988046,0.9311568488289567,2.960010330873345,3.493600896528934
EMFN (Proposed),1,3407.0,validation,season,winter,687,0.036390101892285295,1.0634019849149365,1.4303814559466186,0.7519871552780287,0.01760313018461817,0.9126637554585153,4.700509602774369,5.637557742685395
EMFN (Proposed),1,3407.0,validation,target_transition,positive_to_positive,3081,0.0,0.9736101832753139,1.3643343476748728,0.6975267069140179,0.018099174821381233,0.9061992859461214,4.2334044020797625,5.326874312588462
EMFN (Proposed),1,3407.0,validation,target_transition,positive_to_zero,215,1.0,0.12252280311556714,0.35840590215462487,0.10016390838846115,0.4540876373465767,0.8790697674418605,0.9670823371314925,1.0515773927126322
EMFN (Proposed),1,3407.0,validation,target_transition,zero_to_positive,214,0.0,0.2697193714690655,0.495529520475033,0.20638305467594914,0.5260390878819845,0.8037383177570093,0.612624705700921,1.795956999484232
EMFN (Proposed),1,3407.0,validation,target_transition,zero_to_zero,739,1.0,0.006291309329096659,0.11355250897934212,0.011530502463503178,0.060970261491350236,1.0,0.3533382020687406,0.3533382020687406
EMFN (Proposed),1,3407.0,validation,issue_wind,12_or_more,23,0.0,2.0504238217653716,2.8112861719315694,1.5395098601367274,0.00019026573327599172,0.8260869565217391,7.131262404859071,11.5618085505488
EMFN (Proposed),1,3407.0,validation,issue_wind,3_to_6,1969,0.05027932960893855,0.9039190039939993,1.276125877391904,0.6500335489268062,0.024175141342996892,0.9040121889283901,3.9390989422772473,4.984263026892064
EMFN (Proposed),1,3407.0,validation,issue_wind,6_to_12,672,0.0,1.373462254443464,1.7429820058150332,0.9746662346007222,0.00040563980031744454,0.9285714285714286,6.405017965536442,7.194658416673935
EMFN (Proposed),1,3407.0,validation,issue_wind,below_3,1585,0.5394321766561514,0.2135405038983444,0.4991338938072536,0.15962242590225775,0.16602143112997006,0.9268138801261829,0.8952576392073622,1.4945707716837289
EMFN (Proposed),1,3407.0,test,all,all,8736,0.16323260073260074,0.810737700365012,1.305575212485096,0.5865030516911989,0.07118192742542932,0.891941391941392,3.3092716999543486,4.680399941038074
EMFN (Proposed),1,3407.0,test,season,autumn,2184,0.19688644688644688,0.6563122646563665,1.0806683106932762,0.4789082161212575,0.08106796823793005,0.8873626373626373,2.59537277510304,3.898520868005469
EMFN (Proposed),1,3407.0,test,season,spring,2208,0.15760869565217392,0.9268636720041671,1.5095691045030806,0.6717364074410115,0.06826135913156563,0.876358695652174,3.549067359974553,5.358058212364364
EMFN (Proposed),1,3407.0,test,season,summer,2208,0.223731884057971,0.6146358073789301,1.0225812412740254,0.4494730984892539,0.0917488934737589,0.9012681159420289,2.6468558897711194,3.705446119372049
EMFN (Proposed),1,3407.0,test,season,winter,2136,0.07209737827715355,1.0513051095043835,1.5299354987299714,0.7500582989098596,0.04283250824173902,0.9030898876404494,4.476079070476453,5.787166078984395
EMFN (Proposed),1,3407.0,test,target_transition,positive_to_positive,6917,0.0,1.0000489745132046,1.4602253879320244,0.7212026076179308,0.02341871657654484,0.8840537805406968,4.026778950099144,5.69201902705063
EMFN (Proposed),1,3407.0,test,target_transition,positive_to_zero,393,1.0,0.15526121711659574,0.4170923081379668,0.12156570279328278,0.48015404390786615,0.8422391857506362,1.0167265484599985,1.1689346831066434
EMFN (Proposed),1,3407.0,test,target_transition,zero_to_positive,393,0.0,0.23064600217139278,0.36072753163197885,0.17954744331102876,0.5002394331777658,0.8142493638676844,0.7027883147511859,1.7016105219881992
EMFN (Proposed),1,3407.0,test,target_transition,zero_to_zero,1033,1.0,0.01316965779354319,0.14728036572813374,0.016258234522837155,0.07218143168822494,0.9932236205227493,0.3686333317748419,0.37575412313372064
EMFN (Proposed),1,3407.0,test,issue_wind,12_or_more,38,0.0,2.474538982393257,3.1536130939562335,1.7557287282950667,0.006537196821056088,0.7368421052631579,7.45069537831818,13.056150564477628
EMFN (Proposed),1,3407.0,test,issue_wind,3_to_6,3668,0.03271537622682661,0.8895656947817275,1.3114559621059303,0.6438039128994455,0.023738448697285034,0.8950381679389313,3.7754184231599055,5.140083078074489
EMFN (Proposed),1,3407.0,test,issue_wind,6_to_12,1655,0.0012084592145015106,1.5435561989049948,2.0051562817667175,1.1081841168493562,0.0022201504457744934,0.881570996978852,6.440520446931751,8.386845669661506
EMFN (Proposed),1,3407.0,test,issue_wind,below_3,3375,0.38637037037037036,0.3469806196772325,0.6776847349800019,0.255246074666148,0.15728886687405985,0.8954074074074074,1.2205555646229673,2.26897358512339
CNN-LSTM (+Weather),1,3407.0,validation,all,all,4249,0.22452341727465286,0.7881961798751514,1.2687644380133931,0.7881961798751514,,,,
CNN-LSTM (+Weather),1,3407.0,validation,season,autumn,2153,0.2633534602879703,0.7741903230611067,1.2798475623035879,0.7741903230611067,,,,
CNN-LSTM (+Weather),1,3407.0,validation,season,summer,1409,0.25691980127750175,0.6364844904452883,1.0510776051352533,0.6364844904452883,,,,
CNN-LSTM (+Weather),1,3407.0,validation,season,winter,687,0.036390101892285295,1.1432418569163678,1.5990518064782193,1.1432418569163678,,,,
CNN-LSTM (+Weather),1,3407.0,validation,target_transition,positive_to_positive,3081,0.0,1.051869786697339,1.4813743063416283,1.051869786697339,,,,
CNN-LSTM (+Weather),1,3407.0,validation,target_transition,positive_to_zero,215,1.0,0.13579113012136415,0.2720110756700665,0.13579113012136415,,,,
CNN-LSTM (+Weather),1,3407.0,validation,target_transition,zero_to_positive,214,0.0,0.24343886649401164,0.5118891647408083,0.24343886649401164,,,,
CNN-LSTM (+Weather),1,3407.0,validation,target_transition,zero_to_zero,739,1.0,0.03645973622355313,0.09550013673596171,0.03645973622355313,,,,
CNN-LSTM (+Weather),1,3407.0,validation,issue_wind,12_or_more,23,0.0,1.972839758308411,2.6234450990811466,1.972839758308411,,,,
CNN-LSTM (+Weather),1,3407.0,validation,issue_wind,3_to_6,1969,0.05027932960893855,0.9794641175974544,1.3807460491072554,0.9794641175974544,,,,
CNN-LSTM (+Weather),1,3407.0,validation,issue_wind,6_to_12,672,0.0,1.4975557311923275,1.916867149031761,1.4975557311923275,,,,
CNN-LSTM (+Weather),1,3407.0,validation,issue_wind,below_3,1585,0.5394321766561514,0.232648552011226,0.5378922327403786,0.232648552011226,,,,
CNN-LSTM (+Weather),1,3407.0,test,all,all,8736,0.16323260073260074,0.886169747529761,1.4170169201963878,0.886169747529761,,,,
CNN-LSTM (+Weather),1,3407.0,test,season,autumn,2184,0.19688644688644688,0.7422859763700302,1.2236743617900583,0.7422859763700302,,,,
CNN-LSTM (+Weather),1,3407.0,test,season,spring,2208,0.15760869565217392,1.004107157817379,1.6348276800224049,1.004107157817379,,,,
CNN-LSTM (+Weather),1,3407.0,test,season,summer,2208,0.223731884057971,0.6794085922444331,1.1231645778043873,0.6794085922444331,,,,
CNN-LSTM (+Weather),1,3407.0,test,season,winter,2136,0.07209737827715355,1.125104665679478,1.616921847330099,1.125104665679478,,,,
CNN-LSTM (+Weather),1,3407.0,test,target_transition,positive_to_positive,6917,0.0,1.0888479185692277,1.5871924490075435,1.0888479185692277,,,,
CNN-LSTM (+Weather),1,3407.0,test,target_transition,positive_to_zero,393,1.0,0.1640136183521523,0.30110969160268874,0.1640136183521523,,,,
CNN-LSTM (+Weather),1,3407.0,test,target_transition,zero_to_positive,393,0.0,0.23052863095434323,0.40524916681686196,0.23052863095434323,,,,
CNN-LSTM (+Weather),1,3407.0,test,target_transition,zero_to_zero,1033,1.0,0.053206929040843724,0.12444158236634881,0.053206929040843724,,,,
CNN-LSTM (+Weather),1,3407.0,test,issue_wind,12_or_more,38,0.0,2.7368290976445544,3.817643903910215,2.7368290976445544,,,,
CNN-LSTM (+Weather),1,3407.0,test,issue_wind,3_to_6,3668,0.03271537622682661,0.9694304034561094,1.3927520240293547,0.9694304034561094,,,,
CNN-LSTM (+Weather),1,3407.0,test,issue_wind,6_to_12,1655,0.0012084592145015106,1.678216005215022,2.177273832334821,1.678216005215022,,,,
CNN-LSTM (+Weather),1,3407.0,test,issue_wind,below_3,3375,0.38637037037037036,0.3864477630227046,0.7749626373035345,0.3864477630227046,,,,
LightGBM (24h matched),1,3407.0,validation,all,all,4249,0.22452341727465286,0.7723474363306208,1.1945314326771292,0.7723474363306208,,,,
LightGBM (24h matched),1,3407.0,validation,season,autumn,2153,0.2633534602879703,0.7496141675408698,1.1873845886470775,0.7496141675408698,,,,
LightGBM (24h matched),1,3407.0,validation,season,summer,1409,0.25691980127750175,0.649804552744765,1.0133457389463112,0.649804552744765,,,,
LightGBM (24h matched),1,3407.0,validation,season,winter,687,0.036390101892285295,1.0949204358601767,1.5168079484752113,1.0949204358601767,,,,
LightGBM (24h matched),1,3407.0,validation,target_transition,positive_to_positive,3081,0.0,0.9966645227602716,1.3908788452380318,0.9966645227602716,,,,
LightGBM (24h matched),1,3407.0,validation,target_transition,positive_to_zero,215,1.0,0.2901455849534636,0.4067222225449545,0.2901455849534636,,,,
LightGBM (24h matched),1,3407.0,validation,target_transition,zero_to_positive,214,0.0,0.22721732919567975,0.4712084617114232,0.22721732919567975,,,,
LightGBM (24h matched),1,3407.0,validation,target_transition,zero_to_zero,739,1.0,0.13528423969085301,0.16247790907883664,0.13528423969085301,,,,
LightGBM (24h matched),1,3407.0,validation,issue_wind,12_or_more,23,0.0,1.3533257580468057,1.7660544930770559,1.3533257580468057,,,,
LightGBM (24h matched),1,3407.0,validation,issue_wind,3_to_6,1969,0.05027932960893855,0.9499615984925045,1.3108061409892937,0.9499615984925045,,,,
LightGBM (24h matched),1,3407.0,validation,issue_wind,6_to_12,672,0.0,1.4160405478259062,1.8268444040988583,1.4160405478259062,,,,
LightGBM (24h matched),1,3407.0,validation,issue_wind,below_3,1585,0.5394321766561514,0.2703622264750669,0.48008796927986064,0.2703622264750669,,,,
LightGBM (24h matched),1,3407.0,test,all,all,8736,0.16323260073260074,0.8208848832926825,1.2866828129182633,0.8208848832926825,,,,
LightGBM (24h matched),1,3407.0,test,season,autumn,2184,0.19688644688644688,0.6433679426572584,1.042741266691985,0.6433679426572584,,,,
LightGBM (24h matched),1,3407.0,test,season,spring,2208,0.15760869565217392,0.9665752761944256,1.5213857969868216,0.9665752761944256,,,,
LightGBM (24h matched),1,3407.0,test,season,summer,2208,0.223731884057971,0.655140205305024,1.0452548540361235,0.655140205305024,,,,
LightGBM (24h matched),1,3407.0,test,season,winter,2136,0.07209737827715355,1.0231212408851298,1.4619371178473117,1.0231212408851298,,,,
LightGBM (24h matched),1,3407.0,test,target_transition,positive_to_positive,6917,0.0,0.9810288131813566,1.4371760739395558,0.9810288131813566,,,,
LightGBM (24h matched),1,3407.0,test,target_transition,positive_to_zero,393,1.0,0.34557715087328666,0.46543283179540523,0.34557715087328666,,,,
LightGBM (24h matched),1,3407.0,test,target_transition,zero_to_positive,393,0.0,0.2234355689264902,0.3630317682877383,0.2234355689264902,,,,
LightGBM (24h matched),1,3407.0,test,target_transition,zero_to_zero,1033,1.0,0.15668154964967945,0.19452334402650534,0.15668154964967945,,,,
LightGBM (24h matched),1,3407.0,test,issue_wind,12_or_more,38,0.0,2.479529263835386,3.459387982031853,2.479529263835386,,,,
LightGBM (24h matched),1,3407.0,test,issue_wind,3_to_6,3668,0.03271537622682661,0.8945630762914772,1.2816805822413244,0.8945630762914772,,,,
LightGBM (24h matched),1,3407.0,test,issue_wind,6_to_12,1655,0.0012084592145015106,1.557498184398332,2.002927617605193,1.557498184398332,,,,
LightGBM (24h matched),1,3407.0,test,issue_wind,below_3,3375,0.38637037037037036,0.3609218872304451,0.6308866879845935,0.3609218872304451,,,,
Quantile LightGBM (24h matched),1,3407.0,validation,all,all,4249,0.22452341727465286,0.7458090416533983,1.2674665813533315,0.5512473144100676,0.15800157684160976,0.9256295598964462,4.03921620490224,4.876222303915056
Quantile LightGBM (24h matched),1,3407.0,validation,season,autumn,2153,0.2633534602879703,0.7124302078256963,1.251341981556169,0.5241828745995389,0.18333841151881097,0.924756154203437,3.6994773008541846,4.5153206172846305
Quantile LightGBM (24h matched),1,3407.0,validation,season,summer,1409,0.25691980127750175,0.6085784515301167,1.0535530207634445,0.45483386963505035,0.18319602555003547,0.9439318665720369,3.584422464634375,4.072547565621572
Quantile LightGBM (24h matched),1,3407.0,validation,season,winter,687,0.036390101892285295,1.1318680383269732,1.6589287498443486,0.8338037665207921,0.026925618631732172,0.8908296943231441,6.036686715022888,7.655551325124409
Quantile LightGBM (24h matched),1,3407.0,validation,target_transition,positive_to_positive,3081,0.0,0.9980959752262948,1.4733314146540681,0.7326157588231714,0.0034834793898085043,0.9156118143459916,5.334039877083628,6.390414410071805
Quantile LightGBM (24h matched),1,3407.0,validation,target_transition,positive_to_zero,215,1.0,0.16048724543492046,0.5071349679433654,0.12652384616979254,0.7046446511627907,0.8883720930232558,1.192654551458684,1.3115547530190041
Quantile LightGBM (24h matched),1,3407.0,validation,target_transition,zero_to_positive,214,0.0,0.25793130675776554,0.46271657737475147,0.1968372730257197,0.02776869158878505,0.8504672897196262,0.6017289048331393,1.8923150507836772
Quantile LightGBM (24h matched),1,3407.0,validation,target_transition,zero_to_zero,739,1.0,0.005557321919357861,0.22327448410174852,0.021292128065192917,0.6808863328822734,1.0,0.4644953709567678,0.4644953709567678
Quantile LightGBM (24h matched),1,3407.0,validation,issue_wind,12_or_more,23,0.0,1.3913427133253145,1.997235139605426,1.0487253078962262,0.0,0.9130434782608695,7.560843330478097,8.43530091607823
Quantile LightGBM (24h matched),1,3407.0,validation,issue_wind,3_to_6,1969,0.05027932960893855,0.9418342340814941,1.3683051080791253,0.6868478811501382,0.03740147282884713,0.9126460132046724,4.723928077093018,5.7369870801790235
Quantile LightGBM (24h matched),1,3407.0,validation,issue_wind,6_to_12,672,0.0,1.4229820531289017,1.980569479348246,1.0622191450973926,3.37797619047619e-05,0.9077380952380952,8.676093400025817,10.275972640718354
Quantile LightGBM (24h matched),1,3407.0,validation,issue_wind,below_3,1585,0.5394321766561514,0.20582093941307453,0.5096232043019864,0.15893653839539088,0.3770867507886435,0.9495268138801262,1.1715969144574907,1.4659151248139073
Quantile LightGBM (24h matched),1,3407.0,test,all,all,8736,0.16323260073260074,0.8050585898765563,1.3950461194338435,0.5960258198523055,0.11793571428571428,0.9199862637362637,4.328008743918946,5.369772935819754
Quantile LightGBM (24h matched),1,3407.0,test,season,autumn,2184,0.19688644688644688,0.6346182682387411,1.1009977458088265,0.46930890972377076,0.1375250457875458,0.9468864468864469,3.473974008697936,4.097504045495328
Quantile LightGBM (24h matched),1,3407.0,test,season,spring,2208,0.15760869565217392,0.9420994447319833,1.6224415288491667,0.6961406629982966,0.11348872282608696,0.8944746376811594,4.595603277279481,6.146237649248814
Quantile LightGBM (24h matched),1,3407.0,test,season,summer,2208,0.223731884057971,0.6080525124477912,1.0726706564065478,0.450220145514211,0.1637511322463768,0.9375,3.2964979195477584,3.914138706979476
Quantile LightGBM (24h matched),1,3407.0,test,season,winter,2136,0.07209737827715355,1.0413155533123803,1.6762039918143863,0.7728212725643296,0.05514330524344569,0.900749063670412,5.990901549290758,7.372695008149587
Quantile LightGBM (24h matched),1,3407.0,test,target_transition,positive_to_positive,6917,0.0,0.9910790155441948,1.5570792142966208,0.7306995349251107,0.0032805117825646956,0.9181726181870753,5.277745999426916,6.539884896559121
Quantile LightGBM (24h matched),1,3407.0,test,target_transition,positive_to_zero,393,1.0,0.1963955471302383,0.5671559705777562,0.15305089346244363,0.7348603053435115,0.7811704834605598,1.347223603575913,1.5459295452883774
Quantile LightGBM (24h matched),1,3407.0,test,target_transition,zero_to_positive,393,0.0,0.24098396045745427,0.3580379747940028,0.17686365333588328,0.028854961832061068,0.8804071246819338,0.6748071709521803,1.4191985040031363
Quantile LightGBM (24h matched),1,3407.0,test,target_transition,zero_to_zero,1033,1.0,0.005622598412815612,0.22983654518727953,0.022242461046473035,0.6848547918683447,1.0,0.4924077584224303,0.4924077584224303
Quantile LightGBM (24h matched),1,3407.0,test,issue_wind,12_or_more,38,0.0,2.5037174869525844,3.698134329807763,1.8916994655560362,0.0,0.7894736842105263,10.217960798828358,18.840076596940317
Quantile LightGBM (24h matched),1,3407.0,test,issue_wind,3_to_6,3668,0.03271537622682661,0.882364705373275,1.3398539632159254,0.6446596743513097,0.025335850599781894,0.930752453653217,4.57214664551977,5.413737431264586
Quantile LightGBM (24h matched),1,3407.0,test,issue_wind,6_to_12,1655,0.0012084592145015106,1.5994760784361288,2.265795846686004,1.1937367557374172,0.0011829003021148036,0.8628398791540786,9.116981842039788,11.594969858884726
Quantile LightGBM (24h matched),1,3407.0,test,issue_wind,below_3,3375,0.38637037037037036,0.31235671927005426,0.644196357279902,0.23548176778446867,0.2771546074074074,0.9377777777777778,1.6479890465712752,2.1176739088310885
Hurdle Quantile LightGBM (24h matched),1,3407.0,validation,all,all,4249,0.22452341727465286,0.7356062375143939,1.2327850611331757,0.5380244603280304,0.06808871979383536,0.9385737820663685,3.7678081026898247,4.581755628086311
Hurdle Quantile LightGBM (24h matched),1,3407.0,validation,season,autumn,2153,0.2633534602879703,0.7058649783201929,1.222317435322947,0.5129335897729472,0.07750903042229211,0.9428704133766836,3.5142838576403754,4.294574995265128
Hurdle Quantile LightGBM (24h matched),1,3407.0,validation,season,summer,1409,0.25691980127750175,0.6021480529441143,1.0295090280123282,0.4442123482380252,0.07789763854992554,0.9531582682753726,3.3983107468188742,3.8770260791192523
Hurdle Quantile LightGBM (24h matched),1,3407.0,validation,season,winter,687,0.036390101892285295,1.1025283817715097,1.594824989235564,0.8090607197747723,0.018448697507956965,0.8951965065502183,5.320150859623789,6.9271178361774215
Hurdle Quantile LightGBM (24h matched),1,3407.0,validation,target_transition,positive_to_positive,3081,0.0,0.9861662142572178,1.435193741240521,0.717643535365525,0.01488505730745245,0.9250243427458618,4.945828467656911,5.98971281140198
Hurdle Quantile LightGBM (24h matched),1,3407.0,validation,target_transition,positive_to_zero,215,1.0,0.1364158117861668,0.4746513005239118,0.10976100941961241,0.39230718478109333,0.9720930232558139,1.2787198346037383,1.3438988836816756
Hurdle Quantile LightGBM (24h matched),1,3407.0,validation,target_transition,zero_to_positive,214,0.0,0.25917129643325265,0.4713282298417318,0.2005002114266845,0.47898877011216856,0.8878504672897196,0.7018954820079187,1.7684463080796982
Hurdle Quantile LightGBM (24h matched),1,3407.0,validation,target_transition,zero_to_zero,739,1.0,0.003275697024939049,0.14385089099427345,0.01150275670107181,0.07658791245981908,1.0,0.4684556453161314,0.4684556453161314
Hurdle Quantile LightGBM (24h matched),1,3407.0,validation,issue_wind,12_or_more,23,0.0,1.4263744860548386,1.9522328594062521,1.0236778337916115,0.00035550773113852957,0.9565217391304348,7.801405454656213,7.993336893843468
Hurdle Quantile LightGBM (24h matched),1,3407.0,validation,issue_wind,3_to_6,1969,0.05027932960893855,0.9280011472677155,1.3427640491849495,0.673782983602601,0.023279815857961197,0.9212798374809548,4.554969767180681,5.520646025050525
Hurdle Quantile LightGBM (24h matched),1,3407.0,validation,issue_wind,6_to_12,672,0.0,1.4057490037326363,1.907055077627309,1.0346530026426055,8.044986802545454e-05,0.90625,7.36521761567616,9.10002517108489
Hurdle Quantile LightGBM (24h matched),1,3407.0,validation,issue_wind,below_3,1585,0.5394321766561514,0.2024521769974353,0.4868567272036092,0.15177023928532626,0.15357020441044264,0.9735015772870662,1.2061972199109348,1.4502611841557131
Hurdle Quantile LightGBM (24h matched),1,3407.0,test,all,all,8736,0.16323260073260074,0.7921463789745551,1.3488902367384095,0.5813396545867211,0.06425022872710139,0.9281135531135531,3.9352836224333894,5.020858741893388
Hurdle Quantile LightGBM (24h matched),1,3407.0,test,season,autumn,2184,0.19688644688644688,0.6252599766416165,1.0746913144323602,0.45861457139235756,0.07491818567006968,0.9514652014652014,3.30480871066639,3.972975169217111
Hurdle Quantile LightGBM (24h matched),1,3407.0,test,season,spring,2208,0.15760869565217392,0.9306865176017225,1.5823203941172141,0.6821317310104423,0.06110419962475066,0.9085144927536232,4.200755779640602,5.802286966425178
Hurdle Quantile LightGBM (24h matched),1,3407.0,test,season,summer,2208,0.223731884057971,0.6002984632328745,1.0555629851083517,0.4421756656804339,0.08276434124738001,0.9465579710144928,3.1503784007718454,3.791355029193497
Hurdle Quantile LightGBM (24h matched),1,3407.0,test,season,winter,2136,0.07209737827715355,1.0178877060176175,1.5876871294262997,0.7464879525539475,0.03745643371294987,0.9054307116104869,5.116868553900754,6.555469416331664
Hurdle Quantile LightGBM (24h matched),1,3407.0,test,target_transition,positive_to_positive,6917,0.0,0.9753903783782282,1.5068555222927003,0.7140369799171237,0.018312194211848244,0.9177389041491977,4.775049358356617,6.106088429456547
Hurdle Quantile LightGBM (24h matched),1,3407.0,test,target_transition,positive_to_zero,393,1.0,0.18495090834232317,0.5375955569495096,0.13929635955372954,0.43205368939291533,0.9541984732824428,1.4094840285923966,1.5049436860827479
Hurdle Quantile LightGBM (24h matched),1,3407.0,test,target_transition,zero_to_positive,393,0.0,0.24222088999341476,0.35989481435801196,0.18160917222519762,0.4751086813660505,0.8956743002544529,0.7724831605591107,1.381316095446191
Hurdle Quantile LightGBM (24h matched),1,3407.0,test,target_transition,zero_to_zero,1033,1.0,0.005360118812742356,0.15518452372038966,0.01304313494069003,0.0756144618473667,1.0,0.4763874235128993,0.4763874235128993
Hurdle Quantile LightGBM (24h matched),1,3407.0,test,issue_wind,12_or_more,38,0.0,2.466217548362394,3.5931410616106,1.8642166481005753,0.0004733502635272155,0.7894736842105263,8.314886266597412,18.446906702971297
Hurdle Quantile LightGBM (24h matched),1,3407.0,test,issue_wind,3_to_6,3668,0.03271537622682661,0.8716479524735239,1.3192046733356277,0.6339170470539167,0.020896764477889105,0.9353871319520175,4.3847134253859394,5.270562699622449
Hurdle Quantile LightGBM (24h matched),1,3407.0,test,issue_wind,6_to_12,1655,0.0012084592145015106,1.5638043413815192,2.1558953130336995,1.154008747619014,0.001537640450912791,0.8471299093655589,7.463180061017153,10.155587611794788
Hurdle Quantile LightGBM (24h matched),1,3407.0,test,issue_wind,below_3,3375,0.38637037037037036,0.30849588895544905,0.6274974153328668,0.22893356561141898,0.1428378914959365,0.9614814814814815,1.6675496895254451,2.080390528809546
EMFN (Proposed),3,3407.0,validation,all,all,4247,0.22510007063809748,1.2524728731406158,2.0257755489826583,0.9037700258135657,0.1044103529350791,0.9359547916176124,5.6726572491521425,7.067803576199165
EMFN (Proposed),3,3407.0,validation,season,autumn,2155,0.2640371229698376,1.1985966216702741,2.0134302144942198,0.8583833109816731,0.11365333636041507,0.9308584686774942,5.228654015580519,6.63106548315025
EMFN (Proposed),3,3407.0,validation,season,summer,1407,0.2572850035536603,1.047664153038635,1.745531520855989,0.7734080235038349,0.12544129266993995,0.9523809523809523,5.358437112999537,6.397361504023533
EMFN (Proposed),3,3407.0,validation,season,winter,685,0.0364963503649635,1.842646874749482,2.5360406312925847,1.3143214239340326,0.0321342047766145,0.9182481751824818,7.714897686982167,9.818873044916728
EMFN (Proposed),3,3407.0,validation,target_transition,positive_to_positive,3077,0.0,1.6654268889157564,2.347682581968066,1.1912962229295625,0.0344604122737735,0.9203769905752356,7.157833081971245,9.019618434869635
EMFN (Proposed),3,3407.0,validation,target_transition,positive_to_zero,215,1.0,0.3403642802526562,1.0158787708499475,0.27387465923162285,0.4445509977244432,0.9348837209302325,2.4202092860117412,2.843878176319028
EMFN (Proposed),3,3407.0,validation,target_transition,zero_to_positive,214,0.0,0.28201436673604696,0.5848965265375539,0.21012621107523935,0.2495208913899648,0.9813084112149533,1.8915310887075427,2.1920656896078423
EMFN (Proposed),3,3407.0,validation,target_transition,zero_to_zero,741,1.0,0.08259697746096922,0.48509436909470466,0.09290521021734102,0.254278198489436,0.9878542510121457,1.541147495880821,1.596572197758869
EMFN (Proposed),3,3407.0,validation,issue_wind,12_or_more,23,0.0,3.9520918358235555,4.917303085179479,2.932274283096048,0.0005444322588114342,0.6521739130434783,10.975585127070799,23.72467777791615
EMFN (Proposed),3,3407.0,validation,issue_wind,3_to_6,1967,0.08286731062531774,1.5133099664760359,2.142871686755007,1.087070761810807,0.056205856171474784,0.9278088459583121,6.980772626188574,8.313235456976685
EMFN (Proposed),3,3407.0,validation,issue_wind,6_to_12,672,0.0,2.4383510951207295,3.0931630240109786,1.7302236776167976,0.00012114254951742364,0.9092261904761905,10.277416520500273,12.465594892147502
EMFN (Proposed),3,3407.0,validation,issue_wind,below_3,1585,0.5003154574132492,0.3868148517506378,0.9434577467018299,0.2964608777783338,0.20995578554622182,0.9615141955835962,2.0200209600866974,2.9919749450028568
EMFN (Proposed),3,3407.0,test,all,all,8734,0.1632699793908862,1.4262393094312698,2.2537497324103577,1.0176651536989507,0.09367011005618175,0.9163040989237463,5.772217307211457,7.866303697734939
EMFN (Proposed),3,3407.0,test,season,autumn,2184,0.19688644688644688,1.0522816423227699,1.7289954067118305,0.7564855189823546,0.10362050113450991,0.9441391941391941,4.640381190666852,6.027610869315244
EMFN (Proposed),3,3407.0,test,season,spring,2208,0.15760869565217392,1.740791549849921,2.734027492670925,1.2456229674428871,0.09667589340285983,0.8831521739130435,6.211485335679744,9.627055773240066
EMFN (Proposed),3,3407.0,test,season,summer,2208,0.223731884057971,1.108611380493212,1.8256182509332495,0.7941613241229825,0.1198806562574128,0.9298007246376812,4.819903816317756,6.284996147896635
EMFN (Proposed),3,3407.0,test,season,winter,2134,0.07216494845360824,1.812141214405878,2.558671645041016,1.280355840286661,0.05325712516543573,0.9081537019681349,7.4614087128200435,9.562410363431411
EMFN (Proposed),3,3407.0,test,target_transition,positive_to_positive,6915,0.0,1.7463819455452843,2.504390498374246,1.2382084726203173,0.036237833089391276,0.9035430224150398,6.752598546530922,9.370299806169628
EMFN (Proposed),3,3407.0,test,target_transition,positive_to_zero,393,1.0,0.3977055144743529,1.0911751626740513,0.311103524178127,0.47565737556870535,0.9007633587786259,2.6764420932217865,3.0285714288211585
EMFN (Proposed),3,3407.0,test,target_transition,zero_to_positive,393,0.0,0.2766521076903072,0.6287177209074531,0.21212981598024772,0.24293868069575708,0.989821882951654,2.118663597550835,2.1440186200663782
EMFN (Proposed),3,3407.0,test,target_transition,zero_to_zero,1033,1.0,0.11183003835078219,0.5980046851051422,0.11659744584211268,0.2760134320480321,0.9796708615682478,1.7772027835913717,1.8159200843573824
EMFN (Proposed),3,3407.0,test,issue_wind,12_or_more,38,0.0,3.0412890019320313,3.89134088947793,2.130833920960407,5.1387428837993586e-05,0.8421052631578947,10.363963653709488,16.18548095584178
EMFN (Proposed),3,3407.0,test,issue_wind,3_to_6,3668,0.059432933478735,1.6114155868185946,2.3305684203422774,1.147513967451778,0.04989169964732012,0.9113958560523446,6.666459015474219,8.722147441586184
EMFN (Proposed),3,3407.0,test,issue_wind,6_to_12,1653,0.0012099213551119178,2.7325415333039027,3.4204635210294736,1.9057426762545244,0.0014762466065794625,0.8802177858439202,10.235433947422097,13.566481963772327
EMFN (Proposed),3,3407.0,test,issue_wind,below_3,3375,0.35733333333333334,0.5670049242955074,1.1579860624256355,0.4290494479846786,0.18745771809225173,0.9401481481481482,2.5626581802950317,4.0506716201010935
CNN-LSTM (+Weather),3,3407.0,validation,all,all,4247,0.22510007063809748,1.3405216379025282,2.203397242704034,1.3405216379025282,,,,
CNN-LSTM (+Weather),3,3407.0,validation,season,autumn,2155,0.2640371229698376,1.30294207799822,2.233503877926742,1.30294207799822,,,,
CNN-LSTM (+Weather),3,3407.0,validation,season,summer,1407,0.2572850035536603,1.0890520848881944,1.8365615111630826,1.0890520848881944,,,,
CNN-LSTM (+Weather),3,3407.0,validation,season,winter,685,0.0364963503649635,1.975268517734575,2.734734048425014,1.975268517734575,,,,
CNN-LSTM (+Weather),3,3407.0,validation,target_transition,positive_to_positive,3077,0.0,1.795543593654521,2.5778172983228065,1.795543593654521,,,,
CNN-LSTM (+Weather),3,3407.0,validation,target_transition,positive_to_zero,215,1.0,0.2572738229535347,0.6166840982977038,0.2572738229535347,,,,
CNN-LSTM (+Weather),3,3407.0,validation,target_transition,zero_to_positive,214,0.0,0.25077097574859025,0.480747569427699,0.25077097574859025,,,,
CNN-LSTM (+Weather),3,3407.0,validation,target_transition,zero_to_zero,741,1.0,0.08006598886891737,0.23432493973877605,0.08006598886891737,,,,
CNN-LSTM (+Weather),3,3407.0,validation,issue_wind,12_or_more,23,0.0,3.4920431456285552,4.333993151039816,3.4920431456285552,,,,
CNN-LSTM (+Weather),3,3407.0,validation,issue_wind,3_to_6,1967,0.08286731062531774,1.6637155679398088,2.376606176285126,1.6637155679398088,,,,
CNN-LSTM (+Weather),3,3407.0,validation,issue_wind,6_to_12,672,0.0,2.5548118327233422,3.3364798771892055,2.5548118327233422,,,,
CNN-LSTM (+Weather),3,3407.0,validation,issue_wind,below_3,1585,0.5003154574132492,0.39338569722075123,1.003495781124776,0.39338569722075123,,,,
CNN-LSTM (+Weather),3,3407.0,test,all,all,8734,0.1632699793908862,1.5552788726085023,2.502617664507501,1.5552788726085023,,,,
CNN-LSTM (+Weather),3,3407.0,test,season,autumn,2184,0.19688644688644688,1.2206901187150438,2.086928098763096,1.2206901187150438,,,,
CNN-LSTM (+Weather),3,3407.0,test,season,spring,2208,0.15760869565217392,1.8568036036475328,3.012569352782994,1.8568036036475328,,,,
CNN-LSTM (+Weather),3,3407.0,test,season,summer,2208,0.223731884057971,1.1626798080335237,1.9216850020160254,1.1626798080335237,,,,
CNN-LSTM (+Weather),3,3407.0,test,season,winter,2134,0.07216494845360824,1.9919395881430308,2.822226869357268,1.9919395881430308,,,,
CNN-LSTM (+Weather),3,3407.0,test,target_transition,positive_to_positive,6915,0.0,1.916811830962937,2.803598860664538,1.916811830962937,,,,
CNN-LSTM (+Weather),3,3407.0,test,target_transition,positive_to_zero,393,1.0,0.2935511519701123,0.6695713100989389,0.2935511519701123,,,,
CNN-LSTM (+Weather),3,3407.0,test,target_transition,zero_to_positive,393,0.0,0.24719660033201749,0.42793291354049035,0.24719660033201749,,,,
CNN-LSTM (+Weather),3,3407.0,test,target_transition,zero_to_zero,1033,1.0,0.11281509738548912,0.31216176727108663,0.11281509738548912,,,,
CNN-LSTM (+Weather),3,3407.0,test,issue_wind,12_or_more,38,0.0,3.3101825904107347,3.9578301687775124,3.3101825904107347,,,,
CNN-LSTM (+Weather),3,3407.0,test,issue_wind,3_to_6,3668,0.059432933478735,1.77549491024481,2.6121220187658265,1.77549491024481,,,,
CNN-LSTM (+Weather),3,3407.0,test,issue_wind,6_to_12,1653,0.0012099213551119178,2.997525588054473,3.7904593563187277,2.997525588054473,,,,
CNN-LSTM (+Weather),3,3407.0,test,issue_wind,below_3,3375,0.35733333333333334,0.5898055132133454,1.256636606776449,0.5898055132133454,,,,
LightGBM (24h matched),3,3407.0,validation,all,all,4247,0.22510007063809748,1.4311461570862678,2.0971445564075193,1.4311461570862678,,,,
LightGBM (24h matched),3,3407.0,validation,season,autumn,2155,0.2640371229698376,1.3751547956379842,2.046797779924707,1.3751547956379842,,,,
LightGBM (24h matched),3,3407.0,validation,season,summer,1407,0.2572850035536603,1.2256065597459336,1.8173957671471122,1.2256065597459336,,,,
LightGBM (24h matched),3,3407.0,validation,season,winter,685,0.0364963503649635,2.0294754963255413,2.702536181227267,2.0294754963255413,,,,
LightGBM (24h matched),3,3407.0,validation,target_transition,positive_to_positive,3077,0.0,1.7545104325929948,2.4113888423672134,1.7545104325929948,,,,
LightGBM (24h matched),3,3407.0,validation,target_transition,positive_to_zero,215,1.0,0.8556428522876405,1.2076888421111018,0.8556428522876405,,,,
LightGBM (24h matched),3,3407.0,validation,target_transition,zero_to_positive,214,0.0,0.47027105880370335,0.6691880169407893,0.47027105880370335,,,,
LightGBM (24h matched),3,3407.0,validation,target_transition,zero_to_zero,741,1.0,0.5328581757502014,0.7131227425767759,0.5328581757502014,,,,
LightGBM (24h matched),3,3407.0,validation,issue_wind,12_or_more,23,0.0,1.9269163760140429,2.69817773252679,1.9269163760140429,,,,
LightGBM (24h matched),3,3407.0,validation,issue_wind,3_to_6,1967,0.08286731062531774,1.6369666244343564,2.2179627778419153,1.6369666244343564,,,,
LightGBM (24h matched),3,3407.0,validation,issue_wind,6_to_12,672,0.0,2.641222928044706,3.261450610440579,2.641222928044706,,,,
LightGBM (24h matched),3,3407.0,validation,issue_wind,below_3,1585,0.5003154574132492,0.6554848546300537,1.0315049452609926,0.6554848546300537,,,,
LightGBM (24h matched),3,3407.0,test,all,all,8734,0.1632699793908862,1.587342731567178,2.337215458683409,1.587342731567178,,,,
LightGBM (24h matched),3,3407.0,test,season,autumn,2184,0.19688644688644688,1.2015462627321085,1.8460385873957432,1.2015462627321085,,,,
LightGBM (24h matched),3,3407.0,test,season,spring,2208,0.15760869565217392,1.9082120176130972,2.781619757172735,1.9082120176130972,,,,
LightGBM (24h matched),3,3407.0,test,season,summer,2208,0.223731884057971,1.2602881701795523,1.881175823950851,1.2602881701795523,,,,
LightGBM (24h matched),3,3407.0,test,season,winter,2134,0.07216494845360824,1.9885782404192305,2.6836883465127754,1.9885782404192305,,,,
LightGBM (24h matched),3,3407.0,test,target_transition,positive_to_positive,6915,0.0,1.832066059234497,2.5874051396806634,1.832066059234497,,,,
LightGBM (24h matched),3,3407.0,test,target_transition,positive_to_zero,393,1.0,0.9678132057968292,1.2559465131889462,0.9678132057968292,,,,
LightGBM (24h matched),3,3407.0,test,target_transition,zero_to_positive,393,0.0,0.5397563307597205,0.7285546906834112,0.5397563307597205,,,,
LightGBM (24h matched),3,3407.0,test,target_transition,zero_to_zero,1033,1.0,0.5833879864806024,0.754469509077933,0.5833879864806024,,,,
LightGBM (24h matched),3,3407.0,test,issue_wind,12_or_more,38,0.0,3.578788321941771,4.563127109153747,3.578788321941771,,,,
LightGBM (24h matched),3,3407.0,test,issue_wind,3_to_6,3668,0.059432933478735,1.7298201694391202,2.386080026675378,1.7298201694391202,,,,
LightGBM (24h matched),3,3407.0,test,issue_wind,6_to_12,1653,0.0012099213551119178,2.8939085512990195,3.593390531966875,2.8939085512990195,,,,
LightGBM (24h matched),3,3407.0,test,issue_wind,below_3,3375,0.35733333333333334,0.7701470353996959,1.178988854505872,0.7701470353996959,,,,
Quantile LightGBM (24h matched),3,3407.0,validation,all,all,4247,0.22510007063809748,1.333797866599583,2.2271044906016444,0.9870193227111632,0.15952721921356253,0.9284200612196845,6.5497371808409275,8.151872158450898
Quantile LightGBM (24h matched),3,3407.0,validation,season,autumn,2155,0.2640371229698376,1.254035960545185,2.1585498806006136,0.9242962311825739,0.18340900232018564,0.931322505800464,6.145819372027795,7.6019829546876405
Quantile LightGBM (24h matched),3,3407.0,validation,season,summer,1407,0.2572850035536603,1.0940823806192934,1.8705016623789468,0.8180217898832559,0.18505394456289978,0.9481165600568585,5.847543549726309,6.766739035158202
Quantile LightGBM (24h matched),3,3407.0,validation,season,winter,685,0.0364963503649635,2.0771067663389924,2.984496503797285,1.531468652540325,0.031963211678832114,0.8788321167883212,9.262772680068041,12.726899222075193
Quantile LightGBM (24h matched),3,3407.0,validation,target_transition,positive_to_positive,3077,0.0,1.763284465251109,2.5671401868797,1.2937677803141827,0.00744686382840429,0.91875203119922,8.168607168158795,10.355889440366342
Quantile LightGBM (24h matched),3,3407.0,validation,target_transition,positive_to_zero,215,1.0,0.4195103834499198,1.235152804881014,0.3315573215444115,0.7396776744186048,0.8511627906976744,2.977455841357386,3.25197252508361
Quantile LightGBM (24h matched),3,3407.0,validation,target_transition,zero_to_positive,214,0.0,0.25407232099509824,0.6680991843392707,0.20835895081217282,0.04161401869158879,0.9906542056074766,2.358071633582018,2.3726532188312013
Quantile LightGBM (24h matched),3,3407.0,validation,target_transition,zero_to_zero,741,1.0,0.12745888088540247,0.7003942936802088,0.12830494456372013,0.6567638326585695,0.9730094466936572,2.0744253915363275,2.0904282958311455
Quantile LightGBM (24h matched),3,3407.0,validation,issue_wind,12_or_more,23,0.0,2.074675288256616,2.632156204779711,1.524262065699852,9.999999999999998e-05,1.0,10.917032016367518,10.917032016367518
Quantile LightGBM (24h matched),3,3407.0,validation,issue_wind,3_to_6,1967,0.08286731062531774,1.6235904731256967,2.365305556730095,1.1905290549709573,0.06876085409252668,0.9105236400610066,7.585621042791682,9.333130419330484
Quantile LightGBM (24h matched),3,3407.0,validation,issue_wind,6_to_12,672,0.0,2.656738199411058,3.4984655993903595,1.9460767716888707,0.00010357142857142859,0.8794642857142857,12.879533592159088,15.803969988987117
Quantile LightGBM (24h matched),3,3407.0,validation,issue_wind,below_3,1585,0.5003154574132492,0.40251828213000085,1.0283815377779622,0.32004971251761455,0.3420741955835962,0.9703470031545741,2.5171475744812737,3.4014977622347673
Quantile LightGBM (24h matched),3,3407.0,test,all,all,8734,0.1632699793908862,1.4975732723314243,2.513063658096248,1.1103651597880173,0.12044567208610031,0.9096633844744676,6.923671158083446,9.342631872702075
Quantile LightGBM (24h matched),3,3407.0,test,season,autumn,2184,0.19688644688644688,1.1044148798019104,1.9353522469527116,0.8292049503885379,0.13910728021978022,0.9468864468864469,5.772229774520248,7.142046596819675
Quantile LightGBM (24h matched),3,3407.0,test,season,spring,2208,0.15760869565217392,1.828827160499003,2.9257931409387212,1.3328631361925884,0.11662481884057972,0.8817934782608695,7.369131677925514,10.854713816562688
Quantile LightGBM (24h matched),3,3407.0,test,season,summer,2208,0.223731884057971,1.0999529644017916,1.9258909686346557,0.8142113587863864,0.16599823369565217,0.9393115942028986,5.4401277444130445,6.729824903314421
Quantile LightGBM (24h matched),3,3407.0,test,season,winter,2134,0.07216494845360824,1.968611221778038,3.05283478391636,1.4743229658043109,0.05816799437675726,0.8697282099343955,9.176171163366936,12.733671750345408
Quantile LightGBM (24h matched),3,3407.0,test,target_transition,positive_to_positive,6915,0.0,1.8228994288089735,2.7848635861319453,1.3444234058499342,0.006538206796818512,0.9018076644974693,8.068456354874662,11.099848954777741
Quantile LightGBM (24h matched),3,3407.0,test,target_transition,positive_to_zero,393,1.0,0.5057631103305094,1.3291867046861958,0.38760846816200767,0.7558834605597965,0.816793893129771,3.3232319207686136,3.613754996170113
Quantile LightGBM (24h matched),3,3407.0,test,target_transition,zero_to_positive,393,0.0,0.27280982918748126,0.7375249518252653,0.22304295188877885,0.040840712468193374,0.9847328244274809,2.5936513382344932,2.6576795942977416
Quantile LightGBM (24h matched),3,3407.0,test,target_transition,zero_to_zero,1033,1.0,0.1630941385266583,0.77618304067186,0.15610401360724976,0.6714890609874153,0.9690222652468539,2.27747636007191,2.302437037597274
Quantile LightGBM (24h matched),3,3407.0,test,issue_wind,12_or_more,38,0.0,3.811932080997258,5.299073377202365,2.970765406953557,9.999999999999998e-05,0.6842105263157895,14.66203549563194,25.459330637783406
Quantile LightGBM (24h matched),3,3407.0,test,issue_wind,3_to_6,3668,0.059432933478735,1.6887265460853085,2.5082624038233265,1.2254356121437464,0.05173598691384951,0.9018538713195202,7.4516865664396725,9.634137817200568
Quantile LightGBM (24h matched),3,3407.0,test,issue_wind,6_to_12,1653,0.0012099213551119178,2.951673041795628,3.989532920768227,2.198460696126043,0.0013457350272232304,0.8106473079249849,13.16830289269449,18.975481659239197
Quantile LightGBM (24h matched),3,3407.0,test,issue_wind,below_3,3375,0.35733333333333334,0.5515813429142756,1.1808203501315593,0.4314331449139843,0.2548078814814815,0.9691851851851851,3.204206085493949,4.126401041697802
Hurdle Quantile LightGBM (24h matched),3,3407.0,validation,all,all,4247,0.22510007063809748,1.3205824794238574,2.1684912481475394,0.9630199651723254,0.10761531775781107,0.9376030138921592,6.4499298198885535,7.9716257301489915
Hurdle Quantile LightGBM (24h matched),3,3407.0,validation,season,autumn,2155,0.2640371229698376,1.2296235251284577,2.104552956006066,0.8999384604652101,0.11482354115713865,0.9443155452436195,6.0935514330440395,7.433557379630793
Hurdle Quantile LightGBM (24h matched),3,3407.0,validation,season,summer,1407,0.2572850035536603,1.0995980221684762,1.8383476233278107,0.8049188888246621,0.1334565236054044,0.9516702203269367,5.761113776835251,6.728385293962755
Hurdle Quantile LightGBM (24h matched),3,3407.0,validation,season,winter,685,0.0364963503649635,2.060643323022264,2.877323313914389,1.4862153769460422,0.031860138118227445,0.8875912408759125,8.985929230437346,12.218014911288783
Hurdle Quantile LightGBM (24h matched),3,3407.0,validation,target_transition,positive_to_positive,3077,0.0,1.7532207883503985,2.5010306564052374,1.2653150303679737,0.0367394416657871,0.9200519987000325,7.968632612507279,10.043091269237895
Hurdle Quantile LightGBM (24h matched),3,3407.0,validation,target_transition,positive_to_zero,215,1.0,0.3672036561764242,1.2066292367541163,0.30653593047372985,0.4218991784870136,0.9488372093023256,3.279719755765716,3.4439734903041015
Hurdle Quantile LightGBM (24h matched),3,3407.0,validation,target_transition,zero_to_positive,214,0.0,0.2519615637200793,0.6523785313149167,0.2090644033453193,0.2482395433941895,0.985981308411215,2.526072379981344,2.6827211664746744
Hurdle Quantile LightGBM (24h matched),3,3407.0,validation,target_transition,zero_to_zero,741,1.0,0.10929131396075321,0.6568241521629071,0.1159601029377341,0.27012605512919335,0.9932523616734144,2.1965589198058737,2.2109932664734293
Hurdle Quantile LightGBM (24h matched),3,3407.0,validation,issue_wind,12_or_more,23,0.0,1.9452754624659552,2.535955309035204,1.4402376005925936,0.002402783676956446,1.0,11.167382636141706,11.167382636141706
Hurdle Quantile LightGBM (24h matched),3,3407.0,validation,issue_wind,3_to_6,1967,0.08286731062531774,1.6119789692603579,2.323934237733849,1.1683490715746438,0.05598818484293664,0.9267920691408236,7.51804152335867,9.286864476792642
Hurdle Quantile LightGBM (24h matched),3,3407.0,validation,issue_wind,6_to_12,672,0.0,2.624907519406219,3.3586389559263288,1.874419990597972,0.0005884976824319529,0.8764880952380952,11.909812852516946,14.776428556787485
Hurdle Quantile LightGBM (24h matched),3,3407.0,validation,issue_wind,below_3,1585,0.5003154574132492,0.396890832113756,1.0107932794070673,0.3148690661224446,0.21858849240643716,0.97602523659306,2.7410853193044376,3.407963570535768
Hurdle Quantile LightGBM (24h matched),3,3407.0,test,all,all,8734,0.1632699793908862,1.485927361721631,2.444153588244198,1.0878315573929704,0.0931750569898026,0.9151591481566292,6.79188971637197,9.255090039002727
Hurdle Quantile LightGBM (24h matched),3,3407.0,test,season,autumn,2184,0.19688644688644688,1.0877386247535257,1.9037616948883471,0.8122785272999241,0.10566583463139341,0.9523809523809523,5.772302183333071,7.156462404611529
Hurdle Quantile LightGBM (24h matched),3,3407.0,test,season,spring,2208,0.15760869565217392,1.81144644983015,2.8819487790056977,1.3197355743882029,0.0951132699891299,0.8881340579710145,7.229976242415499,10.939860382609202
Hurdle Quantile LightGBM (24h matched),3,3407.0,test,season,summer,2208,0.223731884057971,1.0955610723283211,1.9001927923538977,0.8004717588684237,0.11855905967544667,0.9424818840579711,5.431704194855555,6.76621081244439
Hurdle Quantile LightGBM (24h matched),3,3407.0,test,season,winter,2134,0.07216494845360824,1.960541617567536,2.900175399883035,1.4272196470555474,0.05212195923832597,0.8767572633552015,8.78944067895917,12.234881588706617
Hurdle Quantile LightGBM (24h matched),3,3407.0,test,target_transition,positive_to_positive,6915,0.0,1.8116821601701318,2.7081321820402384,1.3178961216013878,0.03551549317137171,0.8994938539407086,7.8632050579908785,10.956012196917191
Hurdle Quantile LightGBM (24h matched),3,3407.0,test,target_transition,positive_to_zero,393,1.0,0.49187615423569114,1.321332058569477,0.3793895611586957,0.46824079058497764,0.9185750636132316,3.5712245026030693,3.8076914794405674
Hurdle Quantile LightGBM (24h matched),3,3407.0,test,target_transition,zero_to_positive,393,0.0,0.28218609271489675,0.7359108812605638,0.23231028605214554,0.23523970120872306,0.9974554707379135,2.8122614387785125,2.8143599607057617
Hurdle Quantile LightGBM (24h matched),3,3407.0,test,target_transition,zero_to_zero,1033,1.0,0.141433665681202,0.7379066709010805,0.1427600207577426,0.2824138230338588,0.9874152952565344,2.3597210375826707,2.391738473368772
Hurdle Quantile LightGBM (24h matched),3,3407.0,test,issue_wind,12_or_more,38,0.0,3.5526677934556785,4.923947743818122,2.7870656441170985,0.00039813177091495706,0.6842105263157895,13.57941801032742,24.115930202635244
Hurdle Quantile LightGBM (24h matched),3,3407.0,test,issue_wind,3_to_6,3668,0.059432933478735,1.6730150771932062,2.475230898958727,1.2077481787408797,0.048326291362937306,0.9184841875681571,7.408304506709382,9.603505950878914
Hurdle Quantile LightGBM (24h matched),3,3407.0,test,issue_wind,6_to_12,1653,0.0012099213551119178,2.9352294915816852,3.8266662624694194,2.134142517226094,0.0015910459986210631,0.7931034482758621,12.093086437156597,18.326172910817263
Hurdle Quantile LightGBM (24h matched),3,3407.0,test,issue_wind,below_3,3375,0.35733333333333334,0.5494917180433199,1.1644262508387757,0.4259124228733257,0.18781777273679007,0.973925925925926,3.4491300999023626,4.2662896010503415
EMFN (Proposed),6,3407.0,validation,all,all,4244,0.22525918944392084,1.6215217769808103,2.5734411570240794,1.1756401354720944,0.1210277009750542,0.9458058435438266,7.703157200264132,9.330167483466312
EMFN (Proposed),6,3407.0,validation,season,autumn,2158,0.26367006487488415,1.512749972457565,2.5172707410646122,1.1023396608990983,0.13646049002309837,0.9467099165894347,7.191863579100542,8.812181713476999
EMFN (Proposed),6,3407.0,validation,season,summer,1404,0.25783475783475784,1.35425935897973,2.2157149547531745,0.9984919639425685,0.1381556111129248,0.9551282051282052,7.3644657990505955,8.2624649779787
EMFN (Proposed),6,3407.0,validation,season,winter,682,0.036656891495601175,2.515900060022865,3.3248000377254834,1.7722654389266104,0.03693452707586121,0.9237536656891495,10.018251572368001,13.167216764025758
EMFN (Proposed),6,3407.0,validation,target_transition,positive_to_positive,3073,0.0,2.1422507575766385,2.9376251209757163,1.5197823264356558,0.05166949937413405,0.9326391148714611,9.14735524474905,11.342538502924409
EMFN (Proposed),6,3407.0,validation,target_transition,positive_to_zero,215,1.0,0.4354144573513527,1.5833952039811658,0.3962077053376509,0.3853709541700953,0.9488372093023256,4.283083072933462,4.743779158929205
EMFN (Proposed),6,3407.0,validation,target_transition,zero_to_positive,215,0.0,0.37457241489236115,1.1588443807031792,0.32994735440728207,0.20582992321723956,0.986046511627907,4.006476893485393,4.13273614904542
EMFN (Proposed),6,3407.0,validation,target_transition,zero_to_zero,741,1.0,0.16795501476538535,1.0125134000454596,0.2199761241047742,0.30735897803392587,0.9878542510121457,3.7788408880257722,3.8234267059781057
EMFN (Proposed),6,3407.0,validation,issue_wind,12_or_more,23,0.0,3.544597559271439,4.421004904781709,2.507859116760625,4.612882045916955e-05,0.8695652173913043,14.34489802793187,16.708439031433358
EMFN (Proposed),6,3407.0,validation,issue_wind,3_to_6,1966,0.10528992878942015,1.97676167571019,2.797684965480677,1.4205394613584779,0.07544051451006711,0.9257375381485249,8.745923970317808,10.922608155526348
EMFN (Proposed),6,3407.0,validation,issue_wind,6_to_12,670,0.005970149253731343,2.9485689846524794,3.616074291924949,2.0599498289508147,0.005574618135228413,0.9522388059701492,13.276926471175205,14.40723431467332
EMFN (Proposed),6,3407.0,validation,issue_wind,below_3,1585,0.47003154574132494,0.5920239769589419,1.487676364808655,0.47873123585505434,0.22813214908382617,0.9690851735015773,3.95724873308918,5.101730017357812
EMFN (Proposed),6,3407.0,test,all,all,8731,0.16332607948688582,1.9831496873862169,3.1034949632674573,1.4210989802048646,0.1142967256398549,0.9333409689611728,8.154111257093454,11.15837648481507
EMFN (Proposed),6,3407.0,test,season,autumn,2184,0.19688644688644688,1.4027834347317465,2.353268552611889,1.028077816380747,0.13436728541236703,0.9496336996336996,6.460264817640573,8.717354360973195
EMFN (Proposed),6,3407.0,test,season,spring,2208,0.15760869565217392,2.4704858310489697,3.789468643467559,1.7853105773642115,0.11659715739346609,0.8999094202898551,8.653658695117743,14.723710123456696
EMFN (Proposed),6,3407.0,test,season,summer,2208,0.223731884057971,1.3535435166438043,2.2796896538859484,0.991094727919565,0.13832647661556077,0.9605978260869565,7.107866455906768,8.104175026764251
EMFN (Proposed),6,3407.0,test,season,winter,2131,0.07226654152979822,2.7253609100935146,3.6773629513976847,1.8920649137149421,0.06644541357533186,0.9230408259033318,10.456536598073123,13.130508096136595
EMFN (Proposed),6,3407.0,test,target_transition,positive_to_positive,6912,0.0,2.409978625760994,3.4174063055150117,1.7064256113397231,0.056563992458001915,0.9198495370370371,9.167224552824134,12.951230337973119
EMFN (Proposed),6,3407.0,test,target_transition,positive_to_zero,393,1.0,0.5670602364829658,1.7612587326392048,0.47171613862386125,0.44974816259584677,0.9541984732824428,4.848812125308825,4.991838554945252
EMFN (Proposed),6,3407.0,test,target_transition,zero_to_positive,393,0.0,0.3928476523631205,1.193984265941424,0.3475034000368302,0.17841774835753677,0.9974554707379135,4.41836027425538,4.432478059640437
EMFN (Proposed),6,3407.0,test,target_transition,zero_to_zero,1033,1.0,0.27092338721447806,1.2413922052654176,0.2815567201305467,0.34858198711247257,0.9912875121006777,4.05391144582169,4.066916324606022
EMFN (Proposed),6,3407.0,test,issue_wind,12_or_more,38,0.0,4.945777307313366,5.8909876504636784,3.3880056358739252,0.0009491171157777844,0.8421052631578947,15.038423053071801,25.62050254660306
EMFN (Proposed),6,3407.0,test,issue_wind,3_to_6,3668,0.08724100327153762,2.1582537188877113,3.139758409550427,1.5410240361340501,0.07850278301398908,0.9348418756815703,8.86540895468208,11.891046106316436
EMFN (Proposed),6,3407.0,test,issue_wind,6_to_12,1650,0.011515151515151515,3.717852569803078,4.5287587648076055,2.5670726793737004,0.01208583223290154,0.8878787878787879,13.456525946759921,17.423275915587357
EMFN (Proposed),6,3407.0,test,issue_wind,below_3,3375,0.32207407407407407,0.9114100746180583,1.945561669881996,0.7083629322960475,0.20444409298713306,0.954962962962963,4.711258504218811,7.136427737321972
CNN-LSTM (+Weather),6,3407.0,validation,all,all,4244,0.22525918944392084,1.7984600246324218,2.889158704185707,1.7984600246324218,,,,
CNN-LSTM (+Weather),6,3407.0,validation,season,autumn,2158,0.26367006487488415,1.7060465321458658,2.85653270788122,1.7060465321458658,,,,
CNN-LSTM (+Weather),6,3407.0,validation,season,summer,1404,0.25783475783475784,1.5672462121764474,2.5956267093501393,1.5672462121764474,,,,
CNN-LSTM (+Weather),6,3407.0,validation,season,winter,682,0.036656891495601175,2.5668654637441177,3.5006778761747634,2.5668654637441177,,,,
CNN-LSTM (+Weather),6,3407.0,validation,target_transition,positive_to_positive,3073,0.0,2.3377213502989114,3.3625887128420597,2.3377213502989114,,,,
CNN-LSTM (+Weather),6,3407.0,validation,target_transition,positive_to_zero,215,1.0,0.5366056126910587,1.0483104658743185,0.5366056126910587,,,,
CNN-LSTM (+Weather),6,3407.0,validation,target_transition,zero_to_positive,215,0.0,0.42489228753622404,0.8237351146549661,0.42489228753622404,,,,
CNN-LSTM (+Weather),6,3407.0,validation,target_transition,zero_to_zero,741,1.0,0.3267538279656939,0.6331988225543954,0.3267538279656939,,,,
CNN-LSTM (+Weather),6,3407.0,validation,issue_wind,12_or_more,23,0.0,4.550056642915145,5.678499647314067,4.550056642915145,,,,
CNN-LSTM (+Weather),6,3407.0,validation,issue_wind,3_to_6,1966,0.10528992878942015,2.1569041084370624,3.1158279766543515,2.1569041084370624,,,,
CNN-LSTM (+Weather),6,3407.0,validation,issue_wind,6_to_12,670,0.005970149253731343,3.3538813704926276,4.257547334522013,3.3538813704926276,,,,
CNN-LSTM (+Weather),6,3407.0,validation,issue_wind,below_3,1585,0.47003154574132494,0.6564284204010253,1.4758747112735777,0.6564284204010253,,,,
CNN-LSTM (+Weather),6,3407.0,test,all,all,8731,0.16332607948688582,2.1546744902099197,3.435723542150962,2.1546744902099197,,,,
CNN-LSTM (+Weather),6,3407.0,test,season,autumn,2184,0.19688644688644688,1.5124116778932764,2.610182090881741,1.5124116778932764,,,,
CNN-LSTM (+Weather),6,3407.0,test,season,spring,2208,0.15760869565217392,2.8476223987484723,4.378005044817359,2.8476223987484723,,,,
CNN-LSTM (+Weather),6,3407.0,test,season,summer,2208,0.223731884057971,1.5354996509333763,2.653882888438321,1.5354996509333763,,,,
CNN-LSTM (+Weather),6,3407.0,test,season,winter,2131,0.07226654152979822,2.7364722589424533,3.771450791470986,2.7364722589424533,,,,
CNN-LSTM (+Weather),6,3407.0,test,target_transition,positive_to_positive,6912,0.0,2.568005484444397,3.819072972323608,2.568005484444397,,,,
CNN-LSTM (+Weather),6,3407.0,test,target_transition,positive_to_zero,393,1.0,0.8055592877340074,1.4601389131225522,0.8055592877340074,,,,
CNN-LSTM (+Weather),6,3407.0,test,target_transition,zero_to_positive,393,0.0,0.5452158056522314,1.0269419965536115,0.5452158056522314,,,,
CNN-LSTM (+Weather),6,3407.0,test,target_transition,zero_to_zero,1033,1.0,0.5145735274369234,0.9821135489767227,0.5145735274369234,,,,
CNN-LSTM (+Weather),6,3407.0,test,issue_wind,12_or_more,38,0.0,4.734402312614842,5.626488520780683,4.734402312614842,,,,
CNN-LSTM (+Weather),6,3407.0,test,issue_wind,3_to_6,3668,0.08724100327153762,2.326639158946268,3.462045874522307,2.326639158946268,,,,
CNN-LSTM (+Weather),6,3407.0,test,issue_wind,6_to_12,1650,0.011515151515151515,4.100212335740105,5.19087322055691,4.100212335740105,,,,
CNN-LSTM (+Weather),6,3407.0,test,issue_wind,below_3,3375,0.32207407407407407,0.9875830806392166,1.9952656379595808,0.9875830806392166,,,,
LightGBM (24h matched),6,3407.0,validation,all,all,4244,0.22525918944392084,1.835486746841186,2.604119154134887,1.835486746841186,,,,
LightGBM (24h matched),6,3407.0,validation,season,autumn,2158,0.26367006487488415,1.7464088164965916,2.4822979667502247,1.7464088164965916,,,,
LightGBM (24h matched),6,3407.0,validation,season,summer,1404,0.25783475783475784,1.566623800320454,2.2455098234925064,1.566623800320454,,,,
LightGBM (24h matched),6,3407.0,validation,season,winter,682,0.036656891495601175,2.6708441524111883,3.510319126097738,2.6708441524111883,,,,
LightGBM (24h matched),6,3407.0,validation,target_transition,positive_to_positive,3073,0.0,2.1640268304574963,2.9538140414066363,2.1640268304574963,,,,
LightGBM (24h matched),6,3407.0,validation,target_transition,positive_to_zero,215,1.0,1.219432971858392,1.6917768371921058,1.219432971858392,,,,
LightGBM (24h matched),6,3407.0,validation,target_transition,zero_to_positive,215,0.0,0.8989773183271218,1.2814807627167115,0.8989773183271218,,,,
LightGBM (24h matched),6,3407.0,validation,target_transition,zero_to_zero,741,1.0,0.9234724577708805,1.1616995471008826,0.9234724577708805,,,,
LightGBM (24h matched),6,3407.0,validation,issue_wind,12_or_more,23,0.0,2.360101589899306,2.8824026707532733,2.360101589899306,,,,
LightGBM (24h matched),6,3407.0,validation,issue_wind,3_to_6,1966,0.10528992878942015,2.0961640652204947,2.8272722547124176,2.0961640652204947,,,,
LightGBM (24h matched),6,3407.0,validation,issue_wind,6_to_12,670,0.005970149253731343,3.0377911803921194,3.692069332292367,3.0377911803921194,,,,
LightGBM (24h matched),6,3407.0,validation,issue_wind,below_3,1585,0.47003154574132494,0.9963058510663072,1.5363413444182317,0.9963058510663072,,,,
LightGBM (24h matched),6,3407.0,test,all,all,8731,0.16332607948688582,2.1527855704681116,3.09817105839663,2.1527855704681116,,,,
LightGBM (24h matched),6,3407.0,test,season,autumn,2184,0.19688644688644688,1.6055318866794244,2.3949134969643184,1.6055318866794244,,,,
LightGBM (24h matched),6,3407.0,test,season,spring,2208,0.15760869565217392,2.679594977043256,3.7815750207144223,2.679594977043256,,,,
LightGBM (24h matched),6,3407.0,test,season,summer,2208,0.223731884057971,1.5821220729359422,2.3028928689585535,1.5821220729359422,,,,
LightGBM (24h matched),6,3407.0,test,season,winter,2131,0.07226654152979822,2.759088657388619,3.6244746830281485,2.759088657388619,,,,
LightGBM (24h matched),6,3407.0,test,target_transition,positive_to_positive,6912,0.0,2.400775545676998,3.384901763020029,2.400775545676998,,,,
LightGBM (24h matched),6,3407.0,test,target_transition,positive_to_zero,393,1.0,1.5393435552677008,1.9797683707049036,1.5393435552677008,,,,
LightGBM (24h matched),6,3407.0,test,target_transition,zero_to_positive,393,0.0,1.1428239605087396,1.5489083660884648,1.1428239605087396,,,,
LightGBM (24h matched),6,3407.0,test,target_transition,zero_to_zero,1033,1.0,1.1110536402105806,1.4353005153354514,1.1110536402105806,,,,
LightGBM (24h matched),6,3407.0,test,issue_wind,12_or_more,38,0.0,4.645879955996985,5.633594524443085,4.645879955996985,,,,
LightGBM (24h matched),6,3407.0,test,issue_wind,3_to_6,3668,0.08724100327153762,2.2733913528767147,3.166536810450614,2.2733913528767147,,,,
LightGBM (24h matched),6,3407.0,test,issue_wind,6_to_12,1650,0.011515151515151515,3.6814749219201865,4.483647728584634,3.6814749219201865,,,,
LightGBM (24h matched),6,3407.0,test,issue_wind,below_3,3375,0.32207407407407407,1.2462797848619547,1.9360847531364132,1.2462797848619547,,,,
Quantile LightGBM (24h matched),6,3407.0,validation,all,all,4244,0.22525918944392084,1.6710379461171911,2.6866620330297577,1.21621202470525,0.15924615928369462,0.9319038642789821,7.5762952471669704,9.642790008703608
Quantile LightGBM (24h matched),6,3407.0,validation,season,autumn,2158,0.26367006487488415,1.5216064290183546,2.5269152768155765,1.1106410148995485,0.18303707136237257,0.93790546802595,7.3816695331709195,9.157686295899639
Quantile LightGBM (24h matched),6,3407.0,validation,season,summer,1404,0.25783475783475784,1.3725948124268879,2.269525400320791,1.0144753604319496,0.18479950142450138,0.9430199430199431,6.447294054773604,7.975043711253304
Quantile LightGBM (24h matched),6,3407.0,validation,season,winter,682,0.036656891495601175,2.758262834094427,3.7562684496746117,1.9655676197205247,0.03136099706744867,0.8900293255131965,10.51635384676193,14.61107389998102
Quantile LightGBM (24h matched),6,3407.0,validation,target_transition,positive_to_positive,3073,0.0,2.172941448778228,3.0674324156423056,1.5633116287394129,0.011301561991539213,0.9205987634233648,8.948500578907918,11.789706280827566
Quantile LightGBM (24h matched),6,3407.0,validation,target_transition,positive_to_zero,215,1.0,0.5962698473945234,1.5690295972581003,0.44969344425357183,0.7011148837209303,0.8976744186046511,4.402098581760783,4.490499859845118
Quantile LightGBM (24h matched),6,3407.0,validation,target_transition,zero_to_positive,215,0.0,0.3991527555665838,1.1852628593096641,0.33678138763959864,0.04828604651162791,1.0,4.212670275864312,4.212670275864312
Quantile LightGBM (24h matched),6,3407.0,validation,target_transition,zero_to_zero,741,1.0,0.2704724852756088,1.0948337126057792,0.2543253830982904,0.6477595141700405,0.9689608636977058,3.7825633543902737,3.8097865273650005
Quantile LightGBM (24h matched),6,3407.0,validation,issue_wind,12_or_more,23,0.0,2.231283640753703,2.6095380261868346,1.6225811368949348,9.999999999999998e-05,1.0,11.231267574048521,11.231267574048521
Quantile LightGBM (24h matched),6,3407.0,validation,issue_wind,3_to_6,1966,0.10528992878942015,2.067292957900622,2.907834367044889,1.4680652303404993,0.08490244150559513,0.9155645981688708,8.453693436304835,10.994340515190816
Quantile LightGBM (24h matched),6,3407.0,validation,issue_wind,6_to_12,670,0.005970149253731343,2.951783022512336,3.903109035621657,2.174088774325071,0.005577014925373134,0.8880597014925373,13.368411349294373,16.12827679730845
Quantile LightGBM (24h matched),6,3407.0,validation,issue_wind,below_3,1585,0.47003154574132494,0.6300144727243764,1.5168349282792213,0.49301498110616904,0.3187278233438485,0.9697160883280758,3.9865495110226927,5.201806142380561
Quantile LightGBM (24h matched),6,3407.0,test,all,all,8731,0.16332607948688582,1.982537916842797,3.2008760690059344,1.4522937084036915,0.12250423777345094,0.9003550566945367,8.168463811848223,12.008678332352313
Quantile LightGBM (24h matched),6,3407.0,test,season,autumn,2184,0.19688644688644688,1.393551113196795,2.4218868685017645,1.052237297133457,0.14126309523809524,0.9377289377289377,7.029089658876159,9.461633325942932
Quantile LightGBM (24h matched),6,3407.0,test,season,spring,2208,0.15760869565217392,2.4981675420819984,3.7789924830840347,1.7956064703497026,0.12094578804347825,0.8704710144927537,8.868769798884374,14.419131923198654
Quantile LightGBM (24h matched),6,3407.0,test,season,summer,2208,0.223731884057971,1.339097422564506,2.3170628687312473,0.9913806832369961,0.16535307971014493,0.9307065217391305,6.295160986703159,8.323826529944022
Quantile LightGBM (24h matched),6,3407.0,test,season,winter,2131,0.07226654152979822,2.718602477143679,3.950528832138011,1.9841494490913791,0.06049648052557485,0.8615673392773345,10.551556335844216,15.939517161600023
Quantile LightGBM (24h matched),6,3407.0,test,target_transition,positive_to_positive,6912,0.0,2.364967325459403,3.5109050195403366,1.7228401512089369,0.010745601851851852,0.8923611111111112,9.079409472326812,13.913089806664335
Quantile LightGBM (24h matched),6,3407.0,test,target_transition,positive_to_zero,393,1.0,0.8207593550122769,1.9631512079962896,0.6151420593643284,0.7337687022900765,0.8447837150127226,5.384161702148019,5.53718054269293
Quantile LightGBM (24h matched),6,3407.0,test,target_transition,zero_to_positive,393,0.0,0.5241359916389705,1.435835271381647,0.42628422862250437,0.04191272264631043,0.9770992366412213,4.97325849583179,4.987691416055294
Quantile LightGBM (24h matched),6,3407.0,test,target_transition,zero_to_zero,1033,1.0,0.42046517632635905,1.3665639604851938,0.3508467683810564,0.6684105517909004,0.9457889641819942,4.348028200114083,4.3990504320581865
Quantile LightGBM (24h matched),6,3407.0,test,issue_wind,12_or_more,38,0.0,5.042238273408491,6.085415899403388,3.499999762375596,0.00016315789473684216,0.7368421052631579,15.00753109272558,26.048848165038773
Quantile LightGBM (24h matched),6,3407.0,test,issue_wind,3_to_6,3668,0.08724100327153762,2.178986493473199,3.2477417305077547,1.576041023769328,0.07274877317339148,0.8950381679389313,8.705014404547628,12.590753109722145
Quantile LightGBM (24h matched),6,3407.0,test,issue_wind,6_to_12,1650,0.011515151515151515,3.706759903095605,4.741628258866657,2.6724753476287804,0.011323333333333331,0.8036363636363636,13.491522801934288,20.659764336136966
Quantile LightGBM (24h matched),6,3407.0,test,issue_wind,below_3,3375,0.32207407407407407,0.8916317627844447,1.9059930820647837,0.6982143935789555,0.23231179259259258,0.9552592592592593,4.905945452044738,6.988569104714
Hurdle Quantile LightGBM (24h matched),6,3407.0,validation,all,all,4244,0.22525918944392084,1.6682571753508597,2.658647076933701,1.2028501060983587,0.12528038159006147,0.9370876531573987,7.722911558300342,9.65651334246659
Hurdle Quantile LightGBM (24h matched),6,3407.0,validation,season,autumn,2158,0.26367006487488415,1.516822380865702,2.508020543558158,1.0988434426940785,0.13592397012739918,0.9504170528266914,7.596213239918864,9.171782364443375
Hurdle Quantile LightGBM (24h matched),6,3407.0,validation,season,summer,1404,0.25783475783475784,1.3770775421466608,2.256594766205246,1.0054529134419568,0.15335031760945023,0.9387464387464387,6.562916369374387,8.066133190925905
Hurdle Quantile LightGBM (24h matched),6,3407.0,validation,season,winter,682,0.036656891495601175,2.7468678667257365,3.687708537092327,1.938322302749422,0.03381549268273508,0.8914956011730205,10.51183856170103,14.464347922139938
Hurdle Quantile LightGBM (24h matched),6,3407.0,validation,target_transition,positive_to_positive,3073,0.0,2.177841812270964,3.0317610571017215,1.5484189049764465,0.03944988803229139,0.9209241783273674,8.992838198745433,11.639010259476667
Hurdle Quantile LightGBM (24h matched),6,3407.0,validation,target_transition,positive_to_zero,215,1.0,0.5537688298338368,1.5844838185975187,0.43480760220121245,0.44591818544972806,0.9395348837209302,4.710976759576736,4.907955676385068
Hurdle Quantile LightGBM (24h matched),6,3407.0,validation,target_transition,zero_to_positive,215,0.0,0.3842622598447588,1.2152839137516682,0.34191037971182825,0.1630259553589628,0.9953488372093023,4.610619220634795,4.654237670753623
Hurdle Quantile LightGBM (24h matched),6,3407.0,validation,target_transition,zero_to_zero,741,1.0,0.25087567989133386,1.0991863670850965,0.2423889192678955,0.3772435131863979,0.9865047233468286,4.233335671979022,4.264092481000792
Hurdle Quantile LightGBM (24h matched),6,3407.0,validation,issue_wind,12_or_more,23,0.0,2.21231605125499,2.6091423188582423,1.5856401520715788,0.00065117815425554,1.0,11.149991879277657,11.149991879277657
Hurdle Quantile LightGBM (24h matched),6,3407.0,validation,issue_wind,3_to_6,1966,0.10528992878942015,2.0641549328890734,2.896675652257061,1.4615270675851793,0.07388817563786317,0.9247202441505595,8.5302875011372,10.982070920690338
Hurdle Quantile LightGBM (24h matched),6,3407.0,validation,issue_wind,6_to_12,670,0.005970149253731343,2.9558704419303705,3.809152041493793,2.125623167192969,0.006076138140723985,0.8776119402985074,12.864819666584495,15.769946854272277
Hurdle Quantile LightGBM (24h matched),6,3407.0,validation,issue_wind,below_3,1585,0.47003154574132494,0.6250084472283388,1.51211704237362,0.4863699620769946,0.24122384638003086,0.9766561514195583,4.498178193284491,5.406420813731982
Hurdle Quantile LightGBM (24h matched),6,3407.0,test,all,all,8731,0.16332607948688582,1.9778069004267802,3.1547889720014832,1.4386142688232546,0.11104473142579978,0.9092887412667506,8.375495237105609,12.114911273377519
Hurdle Quantile LightGBM (24h matched),6,3407.0,test,season,autumn,2184,0.19688644688644688,1.3989254810610088,2.4049073488166997,1.0408705332335595,0.12931531035719562,0.9555860805860806,7.296553236535087,9.507815682821317
Hurdle Quantile LightGBM (24h matched),6,3407.0,test,season,spring,2208,0.15760869565217392,2.4997574437419674,3.7520701445502795,1.7944601784264833,0.11208208160284534,0.8826992753623188,9.047947007188426,14.49959141920709
Hurdle Quantile LightGBM (24h matched),6,3407.0,test,season,summer,2208,0.223731884057971,1.320577862858698,2.2980664229582257,0.9802812555311683,0.1387655787200649,0.9393115942028986,6.628412485354273,8.574324742027084
Hurdle Quantile LightGBM (24h matched),6,3407.0,test,season,winter,2131,0.07226654152979822,2.711252200851575,3.8459696255348605,1.9524405679658596,0.06252242058449405,0.8582824964805256,10.59473246693672,15.984520878729372
Hurdle Quantile LightGBM (24h matched),6,3407.0,test,target_transition,positive_to_positive,6912,0.0,2.356004291703245,3.4523927474488256,1.7030985190945902,0.03970554568383547,0.8929398148148148,9.228957767736874,13.923607325864715
Hurdle Quantile LightGBM (24h matched),6,3407.0,test,target_transition,positive_to_zero,393,1.0,0.8338869852091595,1.9978228963551874,0.6170710909900454,0.5197329264640648,0.9312977099236641,5.76810142076508,6.049428437564781
Hurdle Quantile LightGBM (24h matched),6,3407.0,test,target_transition,zero_to_positive,393,0.0,0.54263713154066,1.484966204438468,0.44642529557009925,0.13572310778350727,0.9923664122137404,5.422941845250828,5.458017172853922
Hurdle Quantile LightGBM (24h matched),6,3407.0,test,target_transition,zero_to_zero,1033,1.0,0.4284185919561582,1.4181566193374007,0.3589255926388093,0.4235165506802433,0.978702807357212,4.780070494702358,4.852749628836037
Hurdle Quantile LightGBM (24h matched),6,3407.0,test,issue_wind,12_or_more,38,0.0,4.878106660273511,5.789187684272689,3.345877939241717,0.0009664709819638414,0.6842105263157895,14.461024055980802,25.39501412309656
Hurdle Quantile LightGBM (24h matched),6,3407.0,test,issue_wind,3_to_6,3668,0.08724100327153762,2.173606976035822,3.2157577514141344,1.5627696543360485,0.07184573243639727,0.9119411123227917,8.922967690747438,12.734644748550483
Hurdle Quantile LightGBM (24h matched),6,3407.0,test,issue_wind,6_to_12,1650,0.011515151515151515,3.6931025141577645,4.626795496155354,2.6287386881305186,0.011569407505187215,0.7915151515151515,13.03689595975923,20.449036375646074
Hurdle Quantile LightGBM (24h matched),6,3407.0,test,issue_wind,below_3,3375,0.32207407407407407,0.893764283874406,1.9144921556574666,0.7003673753732352,0.2035185645099494,0.9665185185185186,5.433068497119249,7.21739046923918
EMFN (Proposed),9,3407.0,validation,all,all,4241,0.22612591369959914,1.9408519496684582,3.015065497686648,1.4096693781371321,0.13377828906746733,0.8934213628861117,7.197211740836656,11.428228205881611
EMFN (Proposed),9,3407.0,validation,season,autumn,2159,0.26401111625752666,1.778282322746632,2.8892437870142795,1.3045980723839818,0.15434695400579101,0.890226956924502,6.531700021819064,11.031235494967333
EMFN (Proposed),9,3407.0,validation,season,summer,1401,0.2583868665239115,1.7355024255678055,2.8086257967764885,1.2782043992010106,0.15026588037702984,0.8979300499643112,6.703193609840638,10.709151094169897
EMFN (Proposed),9,3407.0,validation,season,winter,681,0.039647577092511016,2.8787117261577926,3.7308398626963397,2.0132396932774514,0.03464926847049548,0.8942731277533039,10.323436708361477,14.166164030216454
EMFN (Proposed),9,3407.0,validation,target_transition,positive_to_positive,3067,0.0,2.5504021917853406,3.44672315157278,1.8224985366050603,0.05720004540492443,0.863058363221389,8.50213544699256,14.178023312845012
EMFN (Proposed),9,3407.0,validation,target_transition,positive_to_zero,216,1.0,0.5429575123008716,1.7726150446085769,0.46656764085028457,0.42168688954483,0.9444444444444444,4.204890124659354,5.203052396699298
EMFN (Proposed),9,3407.0,validation,target_transition,zero_to_positive,215,0.0,0.48158634927203475,1.4102829717940812,0.40156767216078415,0.16464953773521923,0.9627906976744186,3.8937344463128465,4.4420189900164155
EMFN (Proposed),9,3407.0,validation,target_transition,zero_to_zero,743,1.0,0.25336434534026364,1.1666887953061678,0.27145243738038644,0.3572505597893275,0.9838492597577388,3.6364958332145294,3.908781857480055
EMFN (Proposed),9,3407.0,validation,issue_wind,12_or_more,23,0.0,3.63679843178322,4.522118004684315,2.65073552078301,0.00040097340423751797,0.7391304347826086,13.957611891312999,19.455617760829515
EMFN (Proposed),9,3407.0,validation,issue_wind,3_to_6,1966,0.12105798575788403,2.315021393736016,3.242831391207773,1.6675618765119062,0.0944590897086024,0.8677517802644964,7.967440590683941,13.21019303425463
EMFN (Proposed),9,3407.0,validation,issue_wind,6_to_12,667,0.013493253373313344,3.407193688306865,4.1710569536728315,2.3572612354433526,0.0127307710054553,0.8710644677661169,12.328875948565994,16.492885862865876
EMFN (Proposed),9,3407.0,validation,issue_wind,below_3,1585,0.449211356466877,0.8350640406480948,1.9136459210331178,0.6730101087939706,0.23542366367134415,0.9369085173501577,3.984228050731807,6.970121285027567
EMFN (Proposed),9,3407.0,test,all,all,8728,0.16338221814848763,2.3817265568053765,3.647111063590095,1.7174381052983905,0.1299266985280473,0.8863428047662695,7.729640698529771,14.23334161661851
EMFN (Proposed),9,3407.0,test,season,autumn,2184,0.19688644688644688,1.6522347949589349,2.767159723917608,1.2179356726021369,0.15149238177858873,0.9097985347985348,5.8951938028148545,10.895854871941292
EMFN (Proposed),9,3407.0,test,season,spring,2208,0.15760869565217392,3.0022753890666274,4.439296050384753,2.194989922645587,0.13557986145362394,0.8505434782608695,8.200089978921403,19.669889306891612
EMFN (Proposed),9,3407.0,test,season,summer,2208,0.223731884057971,1.618141890071128,2.7589880464216887,1.199943597167154,0.1602030792804752,0.9121376811594203,5.961578592739921,10.79157359289926
EMFN (Proposed),9,3407.0,test,season,winter,2128,0.07236842105263158,3.2788285917626174,4.283775759411856,2.2715296345558045,0.070513218894487,0.8726503759398496,10.958757774996235,15.588885576498257
EMFN (Proposed),9,3407.0,test,target_transition,positive_to_positive,6909,0.0,2.867855797560424,4.002209924348748,2.049635275285644,0.0656739326098121,0.8649587494572297,8.5006930675461,16.683038395221903
EMFN (Proposed),9,3407.0,test,target_transition,positive_to_zero,393,1.0,0.698926893806641,2.0419671295617703,0.5674096788907728,0.4789533434946112,0.9414758269720102,5.223549246872726,5.613845586616452
EMFN (Proposed),9,3407.0,test,target_transition,zero_to_positive,393,0.0,0.5699466100444266,1.6395541326724388,0.4710560428466522,0.13849831588076963,0.9872773536895675,4.943565230224751,5.017964315401423
EMFN (Proposed),9,3407.0,test,target_transition,zero_to_zero,1033,1.0,0.45985130245778044,1.6267079580837593,0.4073113624908293,0.42362102828371784,0.9699903194578896,4.586001571725577,4.634261438301257
EMFN (Proposed),9,3407.0,test,issue_wind,12_or_more,38,0.0,5.7114277794817445,6.6085612189360985,4.093255967567626,0.008833213300477488,0.6842105263157895,12.73260100709039,34.41688054853818
EMFN (Proposed),9,3407.0,test,issue_wind,3_to_6,3668,0.11477644492911669,2.4968391897347666,3.630401283979113,1.7957205434658638,0.10421109824004002,0.8824972737186477,8.10930165876141,14.62809163672782
EMFN (Proposed),9,3407.0,test,issue_wind,6_to_12,1647,0.019429265330904676,4.1600663664637905,5.174515899468031,2.9537391562511277,0.025169867138257963,0.8166363084395871,11.868858983109694,23.07361002804114
EMFN (Proposed),9,3407.0,test,issue_wind,below_3,3375,0.2882962962962963,1.3513006455300842,2.552687210433916,1.0022947296291518,0.21035955055591152,0.9268148148148149,5.240751392290337,9.263018764237183
CNN-LSTM (+Weather),9,3407.0,validation,all,all,4241,0.22612591369959914,1.9763552704715974,3.1645307927397908,1.9763552704715974,,,,
CNN-LSTM (+Weather),9,3407.0,validation,season,autumn,2159,0.26401111625752666,1.8751698863230062,3.1228115995437977,1.8751698863230062,,,,
CNN-LSTM (+Weather),9,3407.0,validation,season,summer,1401,0.2583868665239115,1.73905017678681,2.866408752159437,1.73905017678681,,,,
CNN-LSTM (+Weather),9,3407.0,validation,season,winter,681,0.039647577092511016,2.785347459354409,3.8137543732604158,2.785347459354409,,,,
CNN-LSTM (+Weather),9,3407.0,validation,target_transition,positive_to_positive,3067,0.0,2.566410857123772,3.6670826903883618,2.566410857123772,,,,
CNN-LSTM (+Weather),9,3407.0,validation,target_transition,positive_to_zero,216,1.0,0.6337030044308415,1.4252875255040993,0.6337030044308415,,,,
CNN-LSTM (+Weather),9,3407.0,validation,target_transition,zero_to_positive,215,0.0,0.4764100000207324,1.1217701618784834,0.4764100000207324,,,,
CNN-LSTM (+Weather),9,3407.0,validation,target_transition,zero_to_zero,743,1.0,0.36505061145345424,0.8346840931339974,0.36505061145345424,,,,
CNN-LSTM (+Weather),9,3407.0,validation,issue_wind,12_or_more,23,0.0,4.4309491843407685,5.107879337016795,4.4309491843407685,,,,
CNN-LSTM (+Weather),9,3407.0,validation,issue_wind,3_to_6,1966,0.12105798575788403,2.2970294695629874,3.323559971294267,2.2970294695629874,,,,
CNN-LSTM (+Weather),9,3407.0,validation,issue_wind,6_to_12,667,0.013493253373313344,3.5482977811078684,4.543245846378282,3.5482977811078684,,,,
CNN-LSTM (+Weather),9,3407.0,validation,issue_wind,below_3,1585,0.449211356466877,0.8814740149340223,2.007279786473326,0.8814740149340223,,,,
CNN-LSTM (+Weather),9,3407.0,test,all,all,8728,0.16338221814848763,2.409693817559585,3.7861521273966345,2.409693817559585,,,,
CNN-LSTM (+Weather),9,3407.0,test,season,autumn,2184,0.19688644688644688,1.7517247559770073,3.020353026577218,1.7517247559770073,,,,
CNN-LSTM (+Weather),9,3407.0,test,season,spring,2208,0.15760869565217392,2.9795203102773815,4.570522988422074,2.9795203102773815,,,,
CNN-LSTM (+Weather),9,3407.0,test,season,summer,2208,0.223731884057971,1.6541471138546475,2.821990625185951,1.6541471138546475,,,,
CNN-LSTM (+Weather),9,3407.0,test,season,winter,2128,0.07236842105263158,3.2776800282531724,4.4152260815879725,3.2776800282531724,,,,
CNN-LSTM (+Weather),9,3407.0,test,target_transition,positive_to_positive,6909,0.0,2.8542519196829224,4.188144668017535,2.8542519196829224,,,,
CNN-LSTM (+Weather),9,3407.0,test,target_transition,positive_to_zero,393,1.0,0.8958328558895121,1.7851698446683275,0.8958328558895121,,,,
CNN-LSTM (+Weather),9,3407.0,test,target_transition,zero_to_positive,393,0.0,0.6983935316101443,1.3655577150184306,0.6983935316101443,,,,
CNN-LSTM (+Weather),9,3407.0,test,target_transition,zero_to_zero,1033,1.0,0.663359299403077,1.3712774680610884,0.663359299403077,,,,
CNN-LSTM (+Weather),9,3407.0,test,issue_wind,12_or_more,38,0.0,5.031486267546805,6.349083194105619,5.031486267546805,,,,
CNN-LSTM (+Weather),9,3407.0,test,issue_wind,3_to_6,3668,0.11477644492911669,2.578161670282032,3.8478539763319226,2.578161670282032,,,,
CNN-LSTM (+Weather),9,3407.0,test,issue_wind,6_to_12,1647,0.019429265330904676,4.008971151474129,5.17470709879596,4.008971151474129,,,,
CNN-LSTM (+Weather),9,3407.0,test,issue_wind,below_3,3375,0.2882962962962963,1.4166336795321155,2.7310332283305954,1.4166336795321155,,,,
LightGBM (24h matched),9,3407.0,validation,all,all,4241,0.22612591369959914,2.167180007411981,3.005050487201273,2.167180007411981,,,,
LightGBM (24h matched),9,3407.0,validation,season,autumn,2159,0.26401111625752666,2.0523093242842276,2.833727625734832,2.0523093242842276,,,,
LightGBM (24h matched),9,3407.0,validation,season,summer,1401,0.2583868665239115,1.94805240862772,2.7253382114237423,1.94805240862772,,,,
LightGBM (24h matched),9,3407.0,validation,season,winter,681,0.039647577092511016,2.9821632244010656,3.936900103256856,2.9821632244010656,,,,
LightGBM (24h matched),9,3407.0,validation,target_transition,positive_to_positive,3067,0.0,2.471327492348759,3.3665723359383897,2.471327492348759,,,,
LightGBM (24h matched),9,3407.0,validation,target_transition,positive_to_zero,216,1.0,1.5588098010215594,2.03524386879657,1.5588098010215594,,,,
LightGBM (24h matched),9,3407.0,validation,target_transition,zero_to_positive,215,0.0,1.2218169688443066,1.652454670057645,1.2218169688443066,,,,
LightGBM (24h matched),9,3407.0,validation,target_transition,zero_to_zero,743,1.0,1.3621203594594644,1.6630860357890984,1.3621203594594644,,,,
LightGBM (24h matched),9,3407.0,validation,issue_wind,12_or_more,23,0.0,2.9423104645478957,3.442135943019171,2.9423104645478957,,,,
LightGBM (24h matched),9,3407.0,validation,issue_wind,3_to_6,1966,0.12105798575788403,2.3372355959830804,3.1508040462834948,2.3372355959830804,,,,
LightGBM (24h matched),9,3407.0,validation,issue_wind,6_to_12,667,0.013493253373313344,3.4015829456313176,4.1578249150962865,3.4015829456313176,,,,
LightGBM (24h matched),9,3407.0,validation,issue_wind,below_3,1585,0.449211356466877,1.4255370752749417,2.0980310880943334,1.4255370752749417,,,,
LightGBM (24h matched),9,3407.0,test,all,all,8728,0.16338221814848763,2.538508841858899,3.524691686738624,2.538508841858899,,,,
LightGBM (24h matched),9,3407.0,test,season,autumn,2184,0.19688644688644688,1.9279775927818052,2.7628077789631664,1.9279775927818052,,,,
LightGBM (24h matched),9,3407.0,test,season,spring,2208,0.15760869565217392,3.06585015635399,4.1894706965498045,3.06585015635399,,,,
LightGBM (24h matched),9,3407.0,test,season,summer,2208,0.223731884057971,1.9690677897688291,2.7289643063241438,1.9690677897688291,,,,
LightGBM (24h matched),9,3407.0,test,season,winter,2128,0.07236842105263158,3.208789137250855,4.145133934888986,3.208789137250855,,,,
LightGBM (24h matched),9,3407.0,test,target_transition,positive_to_positive,6909,0.0,2.7800431225624367,3.827019308064934,2.7800431225624367,,,,
LightGBM (24h matched),9,3407.0,test,target_transition,positive_to_zero,393,1.0,1.8975967574259212,2.3173209524934455,1.8975967574259212,,,,
LightGBM (24h matched),9,3407.0,test,target_transition,zero_to_positive,393,0.0,1.5106951138888813,1.9269932760722233,1.5106951138888813,,,,
LightGBM (24h matched),9,3407.0,test,target_transition,zero_to_zero,1033,1.0,1.5579172628595104,1.8854954682803924,1.5579172628595104,,,,
LightGBM (24h matched),9,3407.0,test,issue_wind,12_or_more,38,0.0,4.508119818297394,5.26323090018162,4.508119818297394,,,,
LightGBM (24h matched),9,3407.0,test,issue_wind,3_to_6,3668,0.11477644492911669,2.622313906141297,3.577829222485134,2.622313906141297,,,,
LightGBM (24h matched),9,3407.0,test,issue_wind,6_to_12,1647,0.019429265330904676,3.938198329347981,4.830131982678471,3.938198329347981,,,,
LightGBM (24h matched),9,3407.0,test,issue_wind,below_3,3375,0.2882962962962963,1.7422034259220043,2.55318908802984,1.7422034259220043,,,,
Quantile LightGBM (24h matched),9,3407.0,validation,all,all,4241,0.22612591369959914,1.944240625110193,3.0027275636365696,1.398579003553286,0.16346672954491864,0.9299693468521575,8.58480368311465,11.13071199409021
Quantile LightGBM (24h matched),9,3407.0,validation,season,autumn,2159,0.26401111625752666,1.7272727667700878,2.811904726780745,1.267360519155808,0.18975446966188048,0.9462714219546086,8.591433472191778,10.725002144467606
Quantile LightGBM (24h matched),9,3407.0,validation,season,summer,1401,0.2583868665239115,1.6987971417948597,2.648897680810852,1.221794935247406,0.1853992862241256,0.9257673090649536,7.284072525324145,9.753544328916323
Quantile LightGBM (24h matched),9,3407.0,validation,season,winter,681,0.039647577092511016,3.1370452158312947,4.080198070465981,2.1782782509992358,0.03500455212922173,0.8869309838472834,11.239738539864991,15.25015320443356
Quantile LightGBM (24h matched),9,3407.0,validation,target_transition,positive_to_positive,3067,0.0,2.4928712349163296,3.389497699731307,1.7683085625146902,0.011579295728725139,0.9135963482230193,9.584024076603566,13.096321775675978
Quantile LightGBM (24h matched),9,3407.0,validation,target_transition,positive_to_zero,216,1.0,0.7296689590085953,1.907214652146074,0.5578062499188015,0.7045763888888891,0.9537037037037037,6.280737720777301,6.315346871829421
Quantile LightGBM (24h matched),9,3407.0,validation,target_transition,zero_to_positive,215,0.0,0.5050636040662436,1.507632650596698,0.43326860351619445,0.040340465116279076,0.9906976744186047,5.952900579940073,5.964813329366398
Quantile LightGBM (24h matched),9,3407.0,validation,target_transition,zero_to_zero,743,1.0,0.4491133830199823,1.5251291275164482,0.39614036756189447,0.6687577388963661,0.9730820995962315,5.891571473446951,5.911683567711215
Quantile LightGBM (24h matched),9,3407.0,validation,issue_wind,12_or_more,23,0.0,3.010147384689116,3.0692607101261573,1.8831321335370668,0.0009347826086956521,0.9565217391304348,10.315508571187738,11.392764825809
Quantile LightGBM (24h matched),9,3407.0,validation,issue_wind,3_to_6,1966,0.12105798575788403,2.268116929134051,3.1271116352769734,1.5989093160054035,0.09845895218718208,0.9216683621566633,9.113018488481744,11.844238438014541
Quantile LightGBM (24h matched),9,3407.0,validation,issue_wind,6_to_12,667,0.013493253373313344,3.368610544983437,4.243532202443445,2.392622470727162,0.012602248875562218,0.881559220389805,13.022331841566846,17.15859216736
Quantile LightGBM (24h matched),9,3407.0,validation,issue_wind,below_3,1585,0.449211356466877,0.9276403691249103,2.069082664011852,0.724748650950468,0.309946309148265,0.9602523659305994,6.037101600171435,7.7052127641497
Quantile LightGBM (24h matched),9,3407.0,test,all,all,8728,0.16338221814848763,2.3013337417820234,3.576139522896212,1.6738937528708249,0.12675166131989,0.9045600366636114,9.228721671028797,13.700931386178954
Quantile LightGBM (24h matched),9,3407.0,test,season,autumn,2184,0.19688644688644688,1.6019585895520438,2.7261513799232917,1.2057794686023326,0.1500728937728938,0.9523809523809523,8.348598819311512,10.73483446973688
Quantile LightGBM (24h matched),9,3407.0,test,season,spring,2208,0.15760869565217392,2.9087082287379973,4.199394638691535,2.0650574878470427,0.12476965579710145,0.873641304347826,9.776399988327237,16.310783008560673
Quantile LightGBM (24h matched),9,3407.0,test,season,summer,2208,0.223731884057971,1.5808739667949738,2.671608461702433,1.1773109411638858,0.16778772644927537,0.9302536231884058,7.53760861992843,10.387143377972341
Quantile LightGBM (24h matched),9,3407.0,test,season,winter,2128,0.07236842105263158,3.136450117929997,4.372873869069492,2.2637090340098376,0.062294454887218034,0.8609022556390977,11.318426652412816,17.475483644360747
Quantile LightGBM (24h matched),9,3407.0,test,target_transition,positive_to_positive,6909,0.0,2.7060206399811415,3.891860952887554,1.9569931999494734,0.011286785352438848,0.8917354175712838,9.86783712157746,15.5084658684379
Quantile LightGBM (24h matched),9,3407.0,test,target_transition,positive_to_zero,393,1.0,0.9961541255810046,2.2762153501092404,0.7524583661901176,0.7475791348600511,0.9083969465648855,7.248220639604995,7.318979050523267
Quantile LightGBM (24h matched),9,3407.0,test,target_transition,zero_to_positive,393,0.0,0.7313024530954021,1.8829614333416005,0.5839524463492257,0.034682188295165395,0.9872773536895675,6.990969551136049,6.993787029260687
Quantile LightGBM (24h matched),9,3407.0,test,target_transition,zero_to_zero,1033,1.0,0.6885322954733474,1.8520004497117681,0.5456623497363845,0.6978503388189738,0.957405614714424,6.558949009486367,6.591308213143625
Quantile LightGBM (24h matched),9,3407.0,test,issue_wind,12_or_more,38,0.0,4.677374040931418,5.454519618113008,3.112132116017437,0.0003526315789473684,0.8947368421052632,14.27107664299587,19.3333768692344
Quantile LightGBM (24h matched),9,3407.0,test,issue_wind,3_to_6,3668,0.11477644492911669,2.469720560778797,3.6202997746545065,1.7717551729724748,0.09746226826608505,0.8972191930207197,9.450944073308595,14.125690282761768
Quantile LightGBM (24h matched),9,3407.0,test,issue_wind,6_to_12,1647,0.019429265330904676,3.9534361197962817,4.997741825751196,2.8255994540680573,0.018725197328476013,0.803885853066181,13.064395564391681,21.388011249954065
Quantile LightGBM (24h matched),9,3407.0,test,issue_wind,below_3,3375,0.2882962962962963,1.2853500380672596,2.510843681467474,0.989310630914005,0.21272388148148147,0.9617777777777777,7.058625030179695,9.424584987168739
Hurdle Quantile LightGBM (24h matched),9,3407.0,validation,all,all,4241,0.22612591369959914,1.9411324800184233,2.984994941159701,1.3885242089023624,0.13862637258994817,0.9332704550813488,8.739636183566983,11.05803629255837
Hurdle Quantile LightGBM (24h matched),9,3407.0,validation,season,autumn,2159,0.26401111625752666,1.7294284978363192,2.802197316018959,1.2580313712269668,0.1545113643003342,0.952292728114868,8.707324773695639,10.607926168769293
Hurdle Quantile LightGBM (24h matched),9,3407.0,validation,season,summer,1401,0.2583868665239115,1.6935975293102499,2.6493827490766453,1.2211823061997336,0.16345689968197763,0.9236259814418273,7.501598892921471,9.85171157581305
Hurdle Quantile LightGBM (24h matched),9,3407.0,validation,season,winter,681,0.039647577092511016,3.121551515955739,4.019237792624304,2.1464978391924676,0.03718251714404983,0.8928046989720999,11.389049660962858,14.966771513440605
Hurdle Quantile LightGBM (24h matched),9,3407.0,validation,target_transition,positive_to_positive,3067,0.0,2.4931802631943993,3.366084239419339,1.7565231366336433,0.03996714277662216,0.9142484512552983,9.723535167617635,12.904594722448888
Hurdle Quantile LightGBM (24h matched),9,3407.0,validation,target_transition,positive_to_zero,216,1.0,0.7212625012731814,1.936186716620203,0.5592857108641053,0.4910921226025343,0.9629629629629629,6.433364689133338,6.595670649380029
Hurdle Quantile LightGBM (24h matched),9,3407.0,validation,target_transition,zero_to_positive,215,0.0,0.5115314654813006,1.5231048116581318,0.44095803936739464,0.1272398785055036,0.9906976744186047,6.201043994688389,6.211000335896875
Hurdle Quantile LightGBM (24h matched),9,3407.0,validation,target_transition,zero_to_zero,743,1.0,0.4306689302657093,1.5254280298259615,0.38474161223270326,0.44670625423585364,0.9865410497981157,6.083288645643985,6.1355450477865325
Hurdle Quantile LightGBM (24h matched),9,3407.0,validation,issue_wind,12_or_more,23,0.0,2.828661167332184,3.056430739186334,1.8394574777396453,0.0027972968600062393,0.9130434782608695,10.297488662150748,12.126189998426861
Hurdle Quantile LightGBM (24h matched),9,3407.0,validation,issue_wind,3_to_6,1966,0.12105798575788403,2.2654966455229415,3.122988932521052,1.5951532678285418,0.09189013970900439,0.9252288911495422,9.327609805580728,11.732434679529609
Hurdle Quantile LightGBM (24h matched),9,3407.0,validation,issue_wind,6_to_12,667,0.013493253373313344,3.375335845174539,4.172050165913261,2.348095190804617,0.012911816497583902,0.8665667166416792,12.7265908475438,16.940083599591016
Hurdle Quantile LightGBM (24h matched),9,3407.0,validation,issue_wind,below_3,1585,0.449211356466877,0.922377430334367,2.0696021383519136,0.7218756032487788,0.2514712378892106,0.9716088328075709,6.309929237977717,7.730742716652243
Hurdle Quantile LightGBM (24h matched),9,3407.0,test,all,all,8728,0.16338221814848763,2.2998538264380075,3.555217039926412,1.6679238787885349,0.11840291754684433,0.9059349220898258,9.425069619476385,13.687417404222629
Hurdle Quantile LightGBM (24h matched),9,3407.0,test,season,autumn,2184,0.19688644688644688,1.6021456913075036,2.7235682478226395,1.1976536474263455,0.1395595038337324,0.9583333333333334,8.53576617343937,10.706646457735177
Hurdle Quantile LightGBM (24h matched),9,3407.0,test,season,spring,2208,0.15760869565217392,2.8958192610139744,4.19004538864343,2.067370845615039,0.11740327297714762,0.8727355072463768,9.894505285213718,16.276392414286757
Hurdle Quantile LightGBM (24h matched),9,3407.0,test,season,summer,2208,0.223731884057971,1.5842089487387638,2.674404684776437,1.1783586451211008,0.14940128088401652,0.9316123188405797,7.92191236581501,10.4936057712516
Hurdle Quantile LightGBM (24h matched),9,3407.0,test,season,winter,2128,0.07236842105263158,3.1401013722750455,4.311656181241581,2.244075814164379,0.06556308883953736,0.8599624060150376,11.410359089533303,17.37420453322029
Hurdle Quantile LightGBM (24h matched),9,3407.0,test,target_transition,positive_to_positive,6909,0.0,2.7060404219669274,3.8632750941433533,1.9483414284736547,0.03977812610758419,0.8897090751194094,10.078226821221447,15.431956990011045
Hurdle Quantile LightGBM (24h matched),9,3407.0,test,target_transition,positive_to_zero,393,1.0,0.9931041960710268,2.305066796947553,0.7583623788165954,0.5495533005788238,0.9414758269720102,7.411612514898507,7.661942481880236
Hurdle Quantile LightGBM (24h matched),9,3407.0,test,target_transition,zero_to_positive,393,0.0,0.7650064532039246,1.9450624824887879,0.6153313101332242,0.1090295488286307,0.9796437659033079,7.221435308321797,7.255046774203158
Hurdle Quantile LightGBM (24h matched),9,3407.0,test,target_transition,zero_to_zero,1033,1.0,0.664233723733182,1.8738252310828483,0.5389032574874849,0.48380496733245754,0.972894482090997,6.660939725503699,6.758965617064879
Hurdle Quantile LightGBM (24h matched),9,3407.0,test,issue_wind,12_or_more,38,0.0,4.657629888595834,5.3257659056723226,3.0705142402395813,0.002724487632613018,0.8157894736842105,14.055116496526026,19.437066978245852
Hurdle Quantile LightGBM (24h matched),9,3407.0,test,issue_wind,3_to_6,3668,0.11477644492911669,2.4692743280097917,3.60774532411977,1.764772329430611,0.09387922825269578,0.9056706652126499,9.72729871430632,14.121723651994051
Hurdle Quantile LightGBM (24h matched),9,3407.0,test,issue_wind,6_to_12,1647,0.019429265330904676,3.941940692885922,4.93119245255275,2.8046736057971895,0.018917309332456708,0.7868852459016393,12.804941750139632,21.26767512608987
Hurdle Quantile LightGBM (24h matched),9,3407.0,test,issue_wind,below_3,3375,0.2882962962962963,1.2878399126107434,2.5209486273713293,0.9921415525445266,0.19490705662737007,0.9653333333333334,7.395094063812253,9.451504376502983
EMFN (Proposed),12,3407.0,validation,all,all,4238,0.2267579046720151,2.162870179909092,3.2575518872139346,1.5561129737718793,0.14220778114796218,0.9112789051439358,8.646820731654886,11.97507568261397
EMFN (Proposed),12,3407.0,validation,season,autumn,2159,0.26401111625752666,2.0003540622588787,3.170927678233927,1.4612095027091585,0.16484340975272957,0.9092172301991662,8.01582178052264,11.644919980488051
EMFN (Proposed),12,3407.0,validation,season,summer,1398,0.2582260371959943,1.9020603905894238,2.935352579992213,1.3825116934503123,0.15805545577322017,0.9070100143061517,8.02543129415809,10.97917639574891
EMFN (Proposed),12,3407.0,validation,season,winter,681,0.04405286343612335,3.213508041106896,4.058727000765612,2.213368750444368,0.037912081759117054,0.9265785609397944,11.922928175289314,15.06622599675083
EMFN (Proposed),12,3407.0,validation,target_transition,positive_to_positive,3062,0.0,2.799970544739572,3.6793948019905827,1.968526118593396,0.04754651747469012,0.8945133899412149,9.821644598791368,14.246933712103354
EMFN (Proposed),12,3407.0,validation,target_transition,positive_to_zero,215,1.0,0.7221614508589972,2.107758882304183,0.6199297086622657,0.49489210735979083,0.9348837209302325,6.0537498154616545,6.768063909514092
EMFN (Proposed),12,3407.0,validation,target_transition,zero_to_positive,215,0.0,0.5792006861275859,1.754048110808563,0.5262365717741133,0.12248521092576856,0.9534883720930233,5.751608004068397,6.130439211051263
EMFN (Proposed),12,3407.0,validation,target_transition,zero_to_zero,746,1.0,0.41949216489282287,1.5968724075519358,0.42996522442147944,0.4347895664425835,0.9611260053619303,5.40643239685694,5.8352299538015755
EMFN (Proposed),12,3407.0,validation,issue_wind,12_or_more,23,0.0,3.766419867814188,4.751640071377461,2.7131560170876576,5.417084931843998e-05,0.6956521739130435,14.132177485423892,18.297448452632402
EMFN (Proposed),12,3407.0,validation,issue_wind,3_to_6,1966,0.1358087487283825,2.4320138290890476,3.401883747647579,1.7309659052470863,0.1065004239306627,0.9003051881993896,9.35809819679294,12.889242166630257
EMFN (Proposed),12,3407.0,validation,issue_wind,6_to_12,664,0.018072289156626505,3.7298229328074264,4.369126842501878,2.5105302562998384,0.01736985605943758,0.8960843373493976,13.621952011994935,15.714828885260234
EMFN (Proposed),12,3407.0,validation,issue_wind,below_3,1585,0.4302839116719243,1.149321482726691,2.3862681999015156,0.9226076558696172,0.24085925091758986,0.934384858044164,5.600750149986818,9.18273372182938
EMFN (Proposed),12,3407.0,test,all,all,8725,0.16343839541547278,2.5478621288479157,3.834898579860833,1.8255571843954026,0.12475489755530893,0.9132378223495702,9.674061606580029,14.188645201548574
EMFN (Proposed),12,3407.0,test,season,autumn,2184,0.19688644688644688,1.8387617750048657,3.0257396634081837,1.3529843457722226,0.14766859553699713,0.9358974358974359,7.787623856531278,11.922873310289498
EMFN (Proposed),12,3407.0,test,season,spring,2208,0.15760869565217392,3.1268108074640435,4.512290733204196,2.2268971263840713,0.12595738795823685,0.8876811594202898,10.40564052772856,17.260390381602534
EMFN (Proposed),12,3407.0,test,season,summer,2208,0.223731884057971,1.7118148311511558,2.9091280337720753,1.276644121296437,0.15187256894635684,0.9266304347826086,7.853201882787668,10.829479975084633
EMFN (Proposed),12,3407.0,test,season,winter,2125,0.07247058823529412,3.5437910341294483,4.585197429462015,2.4645880224963723,0.07177869349267091,0.9025882352941177,12.74470257521253,16.81597191824649
EMFN (Proposed),12,3407.0,test,target_transition,positive_to_positive,6906,0.0,3.0062502198624657,4.146886114108046,2.129954484314185,0.047493985850510914,0.9009556907037359,10.448543519267892,16.106514979178577
EMFN (Proposed),12,3407.0,test,target_transition,positive_to_zero,393,1.0,1.0301292698667885,2.588745722453413,0.8097367999991727,0.5524711563164633,0.9185750636132316,7.178310942132752,7.574392069215643
EMFN (Proposed),12,3407.0,test,target_transition,zero_to_positive,393,0.0,0.7967923489590274,2.1703954025343823,0.6681234351938312,0.09915027993056752,0.9745547073791349,6.923839854139908,7.095435803368998
EMFN (Proposed),12,3407.0,test,target_transition,zero_to_zero,1033,1.0,0.7269630780535645,2.2150990602707825,0.6173491701309549,0.48829214950760785,0.9699903194578896,6.492159448607513,6.581892142670188
EMFN (Proposed),12,3407.0,test,issue_wind,12_or_more,38,0.0,5.105851676110695,5.955973048758762,3.5643755745128143,0.0032203812153399156,0.8157894736842105,14.27870391736229,25.81157394385172
EMFN (Proposed),12,3407.0,test,issue_wind,3_to_6,3668,0.11777535441657579,2.6638703138370037,3.8979590106809745,1.9058704338890946,0.10049868196564792,0.9103053435114504,10.122789755726705,14.579650059180917
EMFN (Proposed),12,3407.0,test,issue_wind,6_to_12,1644,0.0340632603406326,4.11890673535498,5.0477663698306685,2.8414496388293493,0.03436090679850248,0.8728710462287105,13.584239876382997,19.39864362263312
EMFN (Proposed),12,3407.0,test,issue_wind,below_3,3375,0.2779259259259259,1.6277083633861158,2.9486881885582905,1.2238412457119265,0.19651721791323046,0.9371851851851852,7.2298410630434935,11.09498164176607
CNN-LSTM (+Weather),12,3407.0,validation,all,all,4238,0.2267579046720151,2.2112129427501834,3.542564435985359,2.2112129427501834,,,,
CNN-LSTM (+Weather),12,3407.0,validation,season,autumn,2159,0.26401111625752666,2.019745998502895,3.342294681791815,2.019745998502895,,,,
CNN-LSTM (+Weather),12,3407.0,validation,season,summer,1398,0.2582260371959943,1.9545316203701322,3.182678581382247,1.9545316203701322,,,,
CNN-LSTM (+Weather),12,3407.0,validation,season,winter,681,0.04405286343612335,3.345159523245351,4.67864324542876,3.345159523245351,,,,
CNN-LSTM (+Weather),12,3407.0,validation,target_transition,positive_to_positive,3062,0.0,2.8553352927534306,4.101958425874939,2.8553352927534306,,,,
CNN-LSTM (+Weather),12,3407.0,validation,target_transition,positive_to_zero,215,1.0,0.7217810273170471,1.4302681130675672,0.7217810273170471,,,,
CNN-LSTM (+Weather),12,3407.0,validation,target_transition,zero_to_positive,215,0.0,0.5852349540364333,1.2940799027979666,0.5852349540364333,,,,
CNN-LSTM (+Weather),12,3407.0,validation,target_transition,zero_to_zero,746,1.0,0.4652484570687322,1.0765744822521872,0.4652484570687322,,,,
CNN-LSTM (+Weather),12,3407.0,validation,issue_wind,12_or_more,23,0.0,5.141860829071044,5.759525933568729,5.141860829071044,,,,
CNN-LSTM (+Weather),12,3407.0,validation,issue_wind,3_to_6,1966,0.1358087487283825,2.507699772388519,3.754602213823713,2.507699772388519,,,,
CNN-LSTM (+Weather),12,3407.0,validation,issue_wind,6_to_12,664,0.018072289156626505,3.6195937382614094,4.536173724691268,3.6195937382614094,,,,
CNN-LSTM (+Weather),12,3407.0,validation,issue_wind,below_3,1585,0.4302839116719243,1.2109209196121389,2.639796874249752,1.2109209196121389,,,,
CNN-LSTM (+Weather),12,3407.0,test,all,all,8725,0.16343839541547278,2.5966906469555524,4.168173107423544,2.5966906469555524,,,,
CNN-LSTM (+Weather),12,3407.0,test,season,autumn,2184,0.19688644688644688,1.8298276799665951,3.2621146376221586,1.8298276799665951,,,,
CNN-LSTM (+Weather),12,3407.0,test,season,spring,2208,0.15760869565217392,3.133209628323801,4.89347450667792,3.133209628323801,,,,
CNN-LSTM (+Weather),12,3407.0,test,season,summer,2208,0.223731884057971,1.761750689224298,3.133743308197936,1.761750689224298,,,,
CNN-LSTM (+Weather),12,3407.0,test,season,winter,2125,0.07247058823529412,3.6949222872912686,5.031110081270486,3.6949222872912686,,,,
CNN-LSTM (+Weather),12,3407.0,test,target_transition,positive_to_positive,6906,0.0,3.1019082973772574,4.633350044996986,3.1019082973772574,,,,
CNN-LSTM (+Weather),12,3407.0,test,target_transition,positive_to_zero,393,1.0,0.9137987853158218,1.732554124505795,0.9137987853158218,,,,
CNN-LSTM (+Weather),12,3407.0,test,target_transition,zero_to_positive,393,0.0,0.6994686357168485,1.4233455007861044,0.6994686357168485,,,,
CNN-LSTM (+Weather),12,3407.0,test,target_transition,zero_to_zero,1033,1.0,0.5811549821239242,1.143961520475425,0.5811549821239242,,,,
CNN-LSTM (+Weather),12,3407.0,test,issue_wind,12_or_more,38,0.0,5.144529216104408,6.416157421103206,5.144529216104408,,,,
CNN-LSTM (+Weather),12,3407.0,test,issue_wind,3_to_6,3668,0.11777535441657579,2.7168892356162333,4.219845159513505,2.7168892356162333,,,,
CNN-LSTM (+Weather),12,3407.0,test,issue_wind,6_to_12,1644,0.0340632603406326,4.3126744897962785,5.560982294335203,4.3126744897962785,,,,
CNN-LSTM (+Weather),12,3407.0,test,issue_wind,below_3,3375,0.2779259259259259,1.6014954687436442,3.167640122597105,1.6014954687436442,,,,
LightGBM (24h matched),12,3407.0,validation,all,all,4238,0.2267579046720151,2.311603139118167,3.1771976538079,2.311603139118167,,,,
LightGBM (24h matched),12,3407.0,validation,season,autumn,2159,0.26401111625752666,2.2083938113998793,3.0138430706470527,2.2083938113998793,,,,
LightGBM (24h matched),12,3407.0,validation,season,summer,1398,0.2582260371959943,2.0563636675287214,2.860250006989619,2.0563636675287214,,,,
LightGBM (24h matched),12,3407.0,validation,season,winter,681,0.04405286343612335,3.1627833444424387,4.150798091828078,3.1627833444424387,,,,
LightGBM (24h matched),12,3407.0,validation,target_transition,positive_to_positive,3062,0.0,2.615515901717692,3.5493522410246143,2.615515901717692,,,,
LightGBM (24h matched),12,3407.0,validation,target_transition,positive_to_zero,215,1.0,1.7308819545270855,2.1823606395455566,1.7308819545270855,,,,
LightGBM (24h matched),12,3407.0,validation,target_transition,zero_to_positive,215,0.0,1.4066663710004663,1.8320972168151517,1.4066663710004663,,,,
LightGBM (24h matched),12,3407.0,validation,target_transition,zero_to_zero,746,1.0,1.4923478854353847,1.8160855057270584,1.4923478854353847,,,,
LightGBM (24h matched),12,3407.0,validation,issue_wind,12_or_more,23,0.0,2.6321565967934704,3.044137514325385,2.6321565967934704,,,,
LightGBM (24h matched),12,3407.0,validation,issue_wind,3_to_6,1966,0.1358087487283825,2.4364363089637813,3.322262055419324,2.4364363089637813,,,,
LightGBM (24h matched),12,3407.0,validation,issue_wind,6_to_12,664,0.018072289156626505,3.431479523590249,4.130756055867755,3.431479523590249,,,,
LightGBM (24h matched),12,3407.0,validation,issue_wind,below_3,1585,0.4302839116719243,1.6829642364478385,2.453119896917008,1.6829642364478385,,,,
LightGBM (24h matched),12,3407.0,test,all,all,8725,0.16343839541547278,2.7746308555484784,3.7912194611818375,2.7746308555484784,,,,
LightGBM (24h matched),12,3407.0,test,season,autumn,2184,0.19688644688644688,2.150556315013635,3.0544594321072815,2.150556315013635,,,,
LightGBM (24h matched),12,3407.0,test,season,spring,2208,0.15760869565217392,3.2781699000619358,4.4299163438181095,3.2781699000619358,,,,
LightGBM (24h matched),12,3407.0,test,season,summer,2208,0.223731884057971,2.1585139489476135,2.967126474292885,2.1585139489476135,,,,
LightGBM (24h matched),12,3407.0,test,season,winter,2125,0.07247058823529412,3.5330076630859333,4.459612279206523,3.5330076630859333,,,,
LightGBM (24h matched),12,3407.0,test,target_transition,positive_to_positive,6906,0.0,2.9981231609215335,4.088161896933673,2.9981231609215335,,,,
LightGBM (24h matched),12,3407.0,test,target_transition,positive_to_zero,393,1.0,2.263594413979607,2.718276173465879,2.263594413979607,,,,
LightGBM (24h matched),12,3407.0,test,target_transition,zero_to_positive,393,0.0,1.8242829066217803,2.308710068474563,1.8242829066217803,,,,
LightGBM (24h matched),12,3407.0,test,target_transition,zero_to_zero,1033,1.0,1.8364761648983712,2.197498534527746,1.8364761648983712,,,,
LightGBM (24h matched),12,3407.0,test,issue_wind,12_or_more,38,0.0,4.9289949628401395,5.7456962322182115,4.9289949628401395,,,,
LightGBM (24h matched),12,3407.0,test,issue_wind,3_to_6,3668,0.11777535441657579,2.837855940540775,3.8492690950053188,2.837855940540775,,,,
LightGBM (24h matched),12,3407.0,test,issue_wind,6_to_12,1644,0.0340632603406326,3.9183987484709184,4.834305221023285,3.9183987484709184,,,,
LightGBM (24h matched),12,3407.0,test,issue_wind,below_3,3375,0.2779259259259259,2.1245183033134207,3.049397665480916,2.1245183033134207,,,,
Quantile LightGBM (24h matched),12,3407.0,validation,all,all,4238,0.2267579046720151,2.1096214787570613,3.199777016253211,1.5171541104947355,0.1681139452571968,0.9334591788579518,8.996575476087983,11.809799589069103
Quantile LightGBM (24h matched),12,3407.0,validation,season,autumn,2159,0.26401111625752666,1.8821972818668367,3.0268383264669763,1.3813258214490254,0.19513126447429366,0.9485873089393237,9.045715262839266,11.483180366504852
Quantile LightGBM (24h matched),12,3407.0,validation,season,summer,1398,0.2582260371959943,1.855651620440038,2.831407055485974,1.336095185896169,0.1883585836909871,0.9277539341917024,7.614851311410633,10.426261885721933
Quantile LightGBM (24h matched),12,3407.0,validation,season,winter,681,0.04405286343612335,3.3519984288498588,4.267707316896669,2.3194649073207025,0.040900440528634355,0.8972099853157122,11.677276772156874,15.685506800222631
Quantile LightGBM (24h matched),12,3407.0,validation,target_transition,positive_to_positive,3062,0.0,2.6806376003788888,3.5840774230924013,1.8942425734467032,0.013592847811887656,0.9157413455258001,9.844186897206388,13.73405382079342
Quantile LightGBM (24h matched),12,3407.0,validation,target_transition,positive_to_zero,215,1.0,0.8936901858179743,2.1643200292917255,0.6853271792829398,0.7267144186046515,0.9488372093023256,7.095544599584578,7.120425215610831
Quantile LightGBM (24h matched),12,3407.0,validation,target_transition,zero_to_positive,215,0.0,0.613164988289049,1.7828518977031351,0.5401114613708178,0.03384046511627907,1.0,6.872484570290337,6.872484570290337
Quantile LightGBM (24h matched),12,3407.0,validation,target_transition,zero_to_zero,746,1.0,0.5475732334842658,1.781382843321691,0.49069578102188294,0.6800620643431636,0.982573726541555,6.677560746503758,6.686035194687206
Quantile LightGBM (24h matched),12,3407.0,validation,issue_wind,12_or_more,23,0.0,2.6903805949107924,3.1755692175228867,1.7783588052110275,0.003647826086956523,0.9565217391304348,9.920761296325013,10.447730087499185
Quantile LightGBM (24h matched),12,3407.0,validation,issue_wind,3_to_6,1966,0.1358087487283825,2.350669628952596,3.3214798030388692,1.6734058190245233,0.11128763987792471,0.9262461851475077,9.46772319248968,12.339110582498149
Quantile LightGBM (24h matched),12,3407.0,validation,issue_wind,6_to_12,664,0.018072289156626505,3.5013932063456057,4.246506309673241,2.4145601560065098,0.016694578313253012,0.8885542168674698,12.633144730295765,16.960748817503717
Quantile LightGBM (24h matched),12,3407.0,validation,issue_wind,below_3,1585,0.4302839116719243,1.2191517310758317,2.447684096386668,0.9436044693793683,0.3044203785488959,0.9608832807570978,6.875304391479051,9.015144634983304
Quantile LightGBM (24h matched),12,3407.0,test,all,all,8725,0.16343839541547278,2.5134899683901466,3.812435023153882,1.8178031654842206,0.12965645845272203,0.9001719197707736,9.716283909303728,14.661979999421902
Quantile LightGBM (24h matched),12,3407.0,test,season,autumn,2184,0.19688644688644688,1.7705519462060282,2.962438663957621,1.3213078468500277,0.15238438644688646,0.9610805860805861,9.111198582147928,11.524128677722326
Quantile LightGBM (24h matched),12,3407.0,test,season,spring,2208,0.15760869565217392,3.1207214611998246,4.41229727695185,2.2009804195375873,0.12934637681159422,0.8745471014492754,10.068799624873328,17.12697001116215
Quantile LightGBM (24h matched),12,3407.0,test,season,summer,2208,0.223731884057971,1.7528607799629168,2.918111030707119,1.3043488180891682,0.17001471920289857,0.9207427536231884,7.967672121131983,11.638166455057954
Quantile LightGBM (24h matched),12,3407.0,test,season,winter,2125,0.07247058823529412,3.4364446753895215,4.6455515325724,2.4634490939527005,0.06468508235294117,0.8428235294117647,11.788795195333758,18.46760336253955
Quantile LightGBM (24h matched),12,3407.0,test,target_transition,positive_to_positive,6906,0.0,2.921516492072192,4.123521072964572,2.0998784514467705,0.01252586156964958,0.8861859252823632,10.24920661852415,16.491584642787792
Quantile LightGBM (24h matched),12,3407.0,test,target_transition,positive_to_zero,393,1.0,1.2753155002297785,2.62765079590564,0.9384090287540598,0.7570847328244276,0.8905852417302799,8.105483768444705,8.158692488121483
Quantile LightGBM (24h matched),12,3407.0,test,target_transition,zero_to_positive,393,0.0,0.9287225472951429,2.211949047846485,0.73362033471975,0.02986132315521629,1.0,7.8721237285966295,7.8721237285966295
Quantile LightGBM (24h matched),12,3407.0,test,target_transition,zero_to_zero,1033,1.0,0.8596516236942697,2.1450158930942487,0.6790556566439683,0.7119837366892547,0.9593417231364957,7.4679152515101785,7.487687491474718
Quantile LightGBM (24h matched),12,3407.0,test,issue_wind,12_or_more,38,0.0,4.861710917664709,5.541566491726434,3.2620164770597313,0.0013315789473684215,0.8421052631578947,13.702227335805222,19.044450722742685
Quantile LightGBM (24h matched),12,3407.0,test,issue_wind,3_to_6,3668,0.11777535441657579,2.6353874800244093,3.8918063554430304,1.8923965358292374,0.10047818974918211,0.8955834242093784,9.810670209985327,15.266950059252544
Quantile LightGBM (24h matched),12,3407.0,test,issue_wind,6_to_12,1644,0.0340632603406326,3.9763434967426456,4.952409910476817,2.789312727099798,0.03181903892944039,0.816301703163017,12.782790540457103,20.383787927176996
Quantile LightGBM (24h matched),12,3407.0,test,issue_wind,below_3,3375,0.2779259259259259,1.6419985108024686,2.9699996253266105,1.2472401113919536,0.21047037037037034,0.9466666666666667,8.075095256644971,11.167989984555426
Hurdle Quantile LightGBM (24h matched),12,3407.0,validation,all,all,4238,0.2267579046720151,2.1089635265283184,3.195804421213215,1.5132982391458891,0.1436083436175323,0.9325153374233128,9.209548387335056,11.881637264802952
Hurdle Quantile LightGBM (24h matched),12,3407.0,validation,season,autumn,2159,0.26401111625752666,1.8837207972255314,3.021183561157758,1.375631629629689,0.1620850061692562,0.9504400185270959,9.287717535661917,11.61483263270759
Hurdle Quantile LightGBM (24h matched),12,3407.0,validation,season,summer,1398,0.2582260371959943,1.8683901208924383,2.842201932053104,1.3374060695956718,0.16418595610055564,0.9213161659513591,7.782074264736828,10.488636839472864
Hurdle Quantile LightGBM (24h matched),12,3407.0,validation,season,winter,681,0.04405286343612335,3.3169233997202063,4.2471059616279785,2.3108304902129673,0.042788054776947186,0.8986784140969163,11.89213521869282,15.58713769843783
Hurdle Quantile LightGBM (24h matched),12,3407.0,validation,target_transition,positive_to_positive,3062,0.0,2.68649342284036,3.5790261490171167,1.893372795636202,0.04105137427696923,0.9141084258654474,10.054939986671231,13.724133325768596
Hurdle Quantile LightGBM (24h matched),12,3407.0,validation,target_transition,positive_to_zero,215,1.0,0.8693315675341307,2.1664396067388916,0.6682517138786366,0.5198501177513393,0.9720930232558139,7.32882679111236,7.475555699957122
Hurdle Quantile LightGBM (24h matched),12,3407.0,validation,target_transition,zero_to_positive,215,0.0,0.6060937173716292,1.7936952438784415,0.5401262883884947,0.10548325294435282,0.9906976744186047,7.2137772263942574,7.228218771098448
Hurdle Quantile LightGBM (24h matched),12,3407.0,validation,target_transition,zero_to_zero,746,1.0,0.528858081012187,1.7786736775001402,0.47727770345146764,0.4671128384925582,0.9798927613941019,6.856809601306625,6.929987900073089
Hurdle Quantile LightGBM (24h matched),12,3407.0,validation,issue_wind,12_or_more,23,0.0,2.76227456000658,3.1805866365231608,1.789070891331327,0.005519393577331195,0.9565217391304348,10.579954169002548,11.380831625757574
Hurdle Quantile LightGBM (24h matched),12,3407.0,validation,issue_wind,3_to_6,1966,0.1358087487283825,2.345855871554337,3.3203475798283932,1.671321096725856,0.10472347030596876,0.9262461851475077,9.781161360425815,12.438957070925179
Hurdle Quantile LightGBM (24h matched),12,3407.0,validation,issue_wind,6_to_12,664,0.018072289156626505,3.517769436944503,4.238544010443997,2.4113141815787547,0.017734344896754985,0.8840361445783133,12.53748049529124,16.751263554901925
Hurdle Quantile LightGBM (24h matched),12,3407.0,validation,issue_wind,below_3,1585,0.4302839116719243,1.2154596598989809,2.4413912994685245,0.9370848039547834,0.2465761934169359,0.9602523659305994,7.086483808308128,9.15759684476259
Hurdle Quantile LightGBM (24h matched),12,3407.0,test,all,all,8725,0.16343839541547278,2.520902638812545,3.799151050552781,1.812986147510712,0.12272008669480249,0.9008595988538682,9.93623836438312,14.605720152086706
Hurdle Quantile LightGBM (24h matched),12,3407.0,test,season,autumn,2184,0.19688644688644688,1.7778406173477068,2.9604941485269642,1.3178005136463413,0.14558576898609885,0.9633699633699634,9.267040812148476,11.49848608864339
Hurdle Quantile LightGBM (24h matched),12,3407.0,test,season,spring,2208,0.15760869565217392,3.120754347550963,4.407251204422408,2.2023723384100533,0.12288053585255744,0.875,10.317799093862561,17.13137356685859
Hurdle Quantile LightGBM (24h matched),12,3407.0,test,season,summer,2208,0.223731884057971,1.7445558513843002,2.9059542843743498,1.2967800423509102,0.15196797440590318,0.9252717391304348,8.342194810641724,11.375599480219227
Hurdle Quantile LightGBM (24h matched),12,3407.0,test,season,winter,2125,0.07247058823529412,3.467984327577884,4.614936741888284,2.453693815768069,0.06866255355097921,0.8381176470588235,11.883856966759993,18.531208574781893
Hurdle Quantile LightGBM (24h matched),12,3407.0,test,target_transition,positive_to_positive,6906,0.0,2.927188081214012,4.1039383199162485,2.0920785905817354,0.038976589133426914,0.8858963220388069,10.485723775650243,16.352059255028518
Hurdle Quantile LightGBM (24h matched),12,3407.0,test,target_transition,positive_to_zero,393,1.0,1.2895315289928648,2.6575750800339395,0.9420800021520256,0.5836035217168163,0.916030534351145,8.320338214339847,8.552727306820312
Hurdle Quantile LightGBM (24h matched),12,3407.0,test,target_transition,zero_to_positive,393,0.0,0.9833347194942377,2.2706420700337846,0.7681883760348912,0.09218625418097526,0.9770992366412213,8.118389708051875,8.182812496372744
Hurdle Quantile LightGBM (24h matched),12,3407.0,test,target_transition,zero_to_zero,1033,1.0,0.8581589536496196,2.1596140857042934,0.6759670066273369,0.5188529040937787,0.9661181026137464,7.569071888772684,7.677173251766393
Hurdle Quantile LightGBM (24h matched),12,3407.0,test,issue_wind,12_or_more,38,0.0,4.906268224334989,5.518735631498045,3.2570892628539063,0.004682403982183439,0.868421052631579,13.65294502149157,18.996395769503774
Hurdle Quantile LightGBM (24h matched),12,3407.0,test,issue_wind,3_to_6,3668,0.11777535441657579,2.6553779119671987,3.887617865935365,1.891229420792037,0.09801560825668822,0.8977644492911668,10.17584997789179,15.192294098982552
Hurdle Quantile LightGBM (24h matched),12,3407.0,test,issue_wind,6_to_12,1644,0.0340632603406326,3.9872581888195238,4.919030814543135,2.7826321319769325,0.033809300586113,0.7980535279805353,12.646785441336075,20.58869334242398
Hurdle Quantile LightGBM (24h matched),12,3407.0,test,issue_wind,below_3,3375,0.2779259259259259,1.6336173889184429,2.9594363021027994,1.2393653346984426,0.1942077285368079,0.9546666666666667,8.313639950803683,11.004414423022912
EMFN (Proposed),24,3407.0,validation,all,all,4226,0.22574538570752484,2.5531737144128726,3.7482908711415996,1.8401938416559667,0.15956072564844076,0.9233317557974444,10.01179467143275,13.907700696256782
EMFN (Proposed),24,3407.0,validation,season,autumn,2159,0.26401111625752666,2.3760500747662747,3.659118728639011,1.7357132481479298,0.1877298110731692,0.9198703103288559,9.075542892771804,13.713479479032213
EMFN (Proposed),24,3407.0,validation,season,summer,1386,0.25252525252525254,2.1269205459109157,3.140808191642464,1.5428127601872248,0.16863517290260088,0.9415584415584416,9.8003631022482,11.660349259572115
EMFN (Proposed),24,3407.0,validation,season,winter,681,0.049926578560939794,3.9822439486870542,4.966015321424263,2.776675163681705,0.05178651224718554,0.8972099853157122,13.410343489375135,19.097352236980413
EMFN (Proposed),24,3407.0,validation,target_transition,positive_to_positive,3057,0.0,3.1945118799868366,4.166818084073852,2.2561520797805814,0.05243243769925344,0.9012103369316323,10.754597699756124,16.094481632837827
EMFN (Proposed),24,3407.0,validation,target_transition,positive_to_zero,214,1.0,1.0169519189893155,2.525931262877516,0.8354913737859664,0.5331317523903202,0.9719626168224299,8.291064707303619,8.455370863631286
EMFN (Proposed),24,3407.0,validation,target_transition,zero_to_positive,215,0.0,0.8217091133671455,2.2090343800016403,0.733443372881135,0.08739046333080207,0.9813953488372092,8.057310321776482,8.14025051261101
EMFN (Proposed),24,3407.0,validation,target_transition,zero_to_zero,740,1.0,0.8510731485829613,2.290591209863047,0.7339416051205915,0.515052053940597,0.9837837837837838,8.008688576723525,8.126364278064148
EMFN (Proposed),24,3407.0,validation,issue_wind,12_or_more,23,0.34782608695652173,2.9345955814682925,4.27379228740937,1.9879642306090306,0.2891144941948802,1.0,13.105520779313274,13.105520779313274
EMFN (Proposed),24,3407.0,validation,issue_wind,3_to_6,1961,0.16930137684854665,2.6728805653718544,3.7438356427814186,1.9172463973848826,0.13309792235693907,0.9168791432942376,10.638891836671203,14.200448520160966
EMFN (Proposed),24,3407.0,validation,issue_wind,6_to_12,657,0.0669710806697108,3.6075135713543762,4.392826046899781,2.4556613139412646,0.05960930792827191,0.9345509893455098,13.434197134517085,15.461557104596793
EMFN (Proposed),24,3407.0,validation,issue_wind,below_3,1585,0.35962145110410093,1.9624991884296517,3.4430758912845123,1.4876002075728338,0.2318521464813856,0.9255520504731861,7.7724182299436215,12.913055898234203
EMFN (Proposed),24,3407.0,test,all,all,8713,0.1636634913347871,3.0997593757932704,4.393974764906236,2.1785823124821966,0.1357337376709708,0.915872833696775,11.117880598929146,15.662405186405815
EMFN (Proposed),24,3407.0,test,season,autumn,2184,0.19688644688644688,2.3466103787972674,3.6096133290859918,1.6995921585993201,0.16808798541740672,0.9271978021978022,8.93528157663177,13.755929153803535
EMFN (Proposed),24,3407.0,test,season,spring,2208,0.15760869565217392,3.4742089565268968,4.888316237262026,2.4753108484358,0.13042115779787114,0.884963768115942,11.76663457485629,18.260670849889753
EMFN (Proposed),24,3407.0,test,season,summer,2208,0.223731884057971,2.1208134890021544,3.360662758724921,1.5541308956034714,0.1645377461589357,0.9343297101449275,9.218256231650393,12.921222461994372
EMFN (Proposed),24,3407.0,test,season,winter,2113,0.07288215806909608,4.5098896423404575,5.419774594154194,3.0161244881390217,0.07774474029291176,0.9171793658305727,14.680927493771467,17.782284280457556
EMFN (Proposed),24,3407.0,test,target_transition,positive_to_positive,6894,0.0,3.5498304596237045,4.687352168043366,2.4730034402199794,0.0505476732654258,0.9026689875253844,11.601335882766742,17.291181659781408
EMFN (Proposed),24,3407.0,test,target_transition,positive_to_zero,393,1.0,1.635588694383383,3.3618521794178955,1.2049132901230422,0.5834040786994713,0.9643765903307888,9.746639697620653,9.931872718596036
EMFN (Proposed),24,3407.0,test,target_transition,zero_to_positive,393,0.0,1.3691174205429428,3.0262572860237857,1.0632661074953673,0.0730140037483246,0.9745547073791349,9.487778519820539,9.595577417978802
EMFN (Proposed),24,3407.0,test,target_transition,zero_to_zero,1033,1.0,1.3115418678363029,2.9039456317821783,1.008429301565154,0.557792923943213,0.9632139399806389,9.033260138646025,9.280582887654335
EMFN (Proposed),24,3407.0,test,issue_wind,12_or_more,38,0.0,4.292865423804202,4.90402985225666,2.8291669468180682,0.013462838333536453,0.8947368421052632,13.67452167889254,16.186062913538155
EMFN (Proposed),24,3407.0,test,issue_wind,3_to_6,3659,0.15714676141022138,3.0679341820758927,4.256924928182715,2.1375977386742187,0.1330293845560503,0.9281224378245422,11.388338060799999,14.963429466655759
EMFN (Proposed),24,3407.0,test,issue_wind,6_to_12,1641,0.07739183424741011,4.219776662669052,5.218016265350677,2.8793448632300813,0.07778478892322037,0.8890920170627666,13.877778419189312,18.193090917977184
EMFN (Proposed),24,3407.0,test,issue_wind,below_3,3375,0.21451851851851853,2.57625181615603,4.085067645701026,1.87496423653593,0.16821840348352632,0.9158518518518518,9.453955106463669,15.183826780309763
CNN-LSTM (+Weather),24,3407.0,validation,all,all,4226,0.22574538570752484,2.696028786275267,4.154424661085561,2.696028786275267,,,,
CNN-LSTM (+Weather),24,3407.0,validation,season,autumn,2159,0.26401111625752666,2.4652854285465255,3.9594517335812704,2.4652854285465255,,,,
CNN-LSTM (+Weather),24,3407.0,validation,season,summer,1386,0.25252525252525254,2.3099077405471347,3.5921391925787476,2.3099077405471347,,,,
CNN-LSTM (+Weather),24,3407.0,validation,season,winter,681,0.049926578560939794,4.213413042832603,5.580299559282198,4.213413042832603,,,,
CNN-LSTM (+Weather),24,3407.0,validation,target_transition,positive_to_positive,3057,0.0,3.383407278587005,4.8236857645873075,3.383407278587005,,,,
CNN-LSTM (+Weather),24,3407.0,validation,target_transition,positive_to_zero,214,1.0,0.9886399747055268,1.3623677310820141,0.9886399747055268,,,,
CNN-LSTM (+Weather),24,3407.0,validation,target_transition,zero_to_positive,215,0.0,0.8138780978598973,1.191930863989756,0.8138780978598973,,,,
CNN-LSTM (+Weather),24,3407.0,validation,target_transition,zero_to_zero,740,1.0,0.8970119655837079,1.221881709198889,0.8970119655837079,,,,
CNN-LSTM (+Weather),24,3407.0,validation,issue_wind,12_or_more,23,0.34782608695652173,2.372707144411336,2.923865248987857,2.372707144411336,,,,
CNN-LSTM (+Weather),24,3407.0,validation,issue_wind,3_to_6,1961,0.16930137684854665,2.880158953801379,4.191882355297417,2.880158953801379,,,,
CNN-LSTM (+Weather),24,3407.0,validation,issue_wind,6_to_12,657,0.0669710806697108,3.896388439567296,5.118443945675013,3.896388439567296,,,,
CNN-LSTM (+Weather),24,3407.0,validation,issue_wind,below_3,1585,0.35962145110410093,1.975347932667256,3.6460162479660396,1.975347932667256,,,,
CNN-LSTM (+Weather),24,3407.0,test,all,all,8713,0.1636634913347871,3.097973858952029,4.717464213460126,3.097973858952029,,,,
CNN-LSTM (+Weather),24,3407.0,test,season,autumn,2184,0.19688644688644688,2.243951581476771,3.6708626867438747,2.243951581476771,,,,
CNN-LSTM (+Weather),24,3407.0,test,season,spring,2208,0.15760869565217392,3.6027515755470145,5.423389539559967,3.6027515755470145,,,,
CNN-LSTM (+Weather),24,3407.0,test,season,summer,2208,0.223731884057971,2.0518597690041513,3.5116697865483646,2.0518597690041513,,,,
CNN-LSTM (+Weather),24,3407.0,test,season,winter,2113,0.07288215806909608,4.546367312037286,5.849523512893128,4.546367312037286,,,,
CNN-LSTM (+Weather),24,3407.0,test,target_transition,positive_to_positive,6894,0.0,3.5719574174884667,5.216276556653622,3.5719574174884667,,,,
CNN-LSTM (+Weather),24,3407.0,test,target_transition,positive_to_zero,393,1.0,1.4943816603822562,2.111491143292781,1.4943816603822562,,,,
CNN-LSTM (+Weather),24,3407.0,test,target_transition,zero_to_positive,393,0.0,1.2458831239176187,1.8883540526957738,1.2458831239176187,,,,
CNN-LSTM (+Weather),24,3407.0,test,target_transition,zero_to_zero,1033,1.0,1.2494169764314478,1.7509693313434729,1.2494169764314478,,,,
CNN-LSTM (+Weather),24,3407.0,test,issue_wind,12_or_more,38,0.0,4.529319723060408,5.650603859017272,4.529319723060408,,,,
CNN-LSTM (+Weather),24,3407.0,test,issue_wind,3_to_6,3659,0.15714676141022138,3.0179125364069757,4.464013784314065,3.0179125364069757,,,,
CNN-LSTM (+Weather),24,3407.0,test,issue_wind,6_to_12,1641,0.07739183424741011,4.420503221570606,5.964843737794148,4.420503221570606,,,,
CNN-LSTM (+Weather),24,3407.0,test,issue_wind,below_3,3375,0.21451851851851853,2.5256131337073313,4.264920239202645,2.5256131337073313,,,,
LightGBM (24h matched),24,3407.0,validation,all,all,4226,0.22574538570752484,2.8688757409781704,3.709417472226673,2.8688757409781704,,,,
LightGBM (24h matched),24,3407.0,validation,season,autumn,2159,0.26401111625752666,2.796336382969489,3.608636199202573,2.796336382969489,,,,
LightGBM (24h matched),24,3407.0,validation,season,summer,1386,0.25252525252525254,2.507385423033878,3.1215506762430483,2.507385423033878,,,,
LightGBM (24h matched),24,3407.0,validation,season,winter,681,0.049926578560939794,3.834570387984825,4.926550050554569,3.834570387984825,,,,
LightGBM (24h matched),24,3407.0,validation,target_transition,positive_to_positive,3057,0.0,3.022653089370537,4.033546243732552,3.022653089370537,,,,
LightGBM (24h matched),24,3407.0,validation,target_transition,positive_to_zero,214,1.0,2.5901807266025907,2.8210574065807537,2.5901807266025907,,,,
LightGBM (24h matched),24,3407.0,validation,target_transition,zero_to_positive,215,0.0,2.29800378806224,2.5284628635845516,2.29800378806224,,,,
LightGBM (24h matched),24,3407.0,validation,target_transition,zero_to_zero,740,1.0,2.480066077353621,2.685134950591763,2.480066077353621,,,,
LightGBM (24h matched),24,3407.0,validation,issue_wind,12_or_more,23,0.34782608695652173,3.0698004117967685,3.4000950305757254,3.0698004117967685,,,,
LightGBM (24h matched),24,3407.0,validation,issue_wind,3_to_6,1961,0.16930137684854665,2.8605754286557175,3.728005577637464,2.8605754286557175,,,,
LightGBM (24h matched),24,3407.0,validation,issue_wind,6_to_12,657,0.0669710806697108,3.470968693443332,4.202179510305718,3.470968693443332,,,,
LightGBM (24h matched),24,3407.0,validation,issue_wind,below_3,1585,0.35962145110410093,2.6266552837326755,3.464774273624674,2.6266552837326755,,,,
LightGBM (24h matched),24,3407.0,test,all,all,8713,0.1636634913347871,3.377186179986735,4.394599462993356,3.377186179986735,,,,
LightGBM (24h matched),24,3407.0,test,season,autumn,2184,0.19688644688644688,2.7014829445447486,3.519745733778503,2.7014829445447486,,,,
LightGBM (24h matched),24,3407.0,test,season,spring,2208,0.15760869565217392,3.667218698819696,4.833439614584893,3.667218698819696,,,,
LightGBM (24h matched),24,3407.0,test,season,summer,2208,0.223731884057971,2.6892326507538185,3.451260599805329,2.6892326507538185,,,,
LightGBM (24h matched),24,3407.0,test,season,winter,2113,0.07288215806909608,4.491405516081575,5.47461534568945,4.491405516081575,,,,
LightGBM (24h matched),24,3407.0,test,target_transition,positive_to_positive,6894,0.0,3.512647088850127,4.666568200712023,3.512647088850127,,,,
LightGBM (24h matched),24,3407.0,test,target_transition,positive_to_zero,393,1.0,3.1190123048519403,3.4527273030238854,3.1190123048519403,,,,
LightGBM (24h matched),24,3407.0,test,target_transition,zero_to_positive,393,0.0,2.741310736273262,3.0613398874770104,2.741310736273262,,,,
LightGBM (24h matched),24,3407.0,test,target_transition,zero_to_zero,1033,1.0,2.8132886742782555,3.075681023660996,2.8132886742782555,,,,
LightGBM (24h matched),24,3407.0,test,issue_wind,12_or_more,38,0.0,3.848032840778118,4.74001132261806,3.848032840778118,,,,
LightGBM (24h matched),24,3407.0,test,issue_wind,3_to_6,3659,0.15714676141022138,3.204135152691777,4.1467933977258955,3.204135152691777,,,,
LightGBM (24h matched),24,3407.0,test,issue_wind,6_to_12,1641,0.07739183424741011,4.228554195805139,5.299321071444272,4.228554195805139,,,,
LightGBM (24h matched),24,3407.0,test,issue_wind,below_3,3375,0.21451851851851853,3.145543697558343,4.160214227692266,3.145543697558343,,,,
Quantile LightGBM (24h matched),24,3407.0,validation,all,all,4226,0.22574538570752484,2.539406109494224,3.7084368772595124,1.8169021727022756,0.1813493847610033,0.9384761003312825,11.17653560558655,13.399192865898636
Quantile LightGBM (24h matched),24,3407.0,validation,season,autumn,2159,0.26401111625752666,2.3363343011138977,3.6165942919585006,1.7030183259348175,0.21189439555349698,0.952292728114868,11.716586878009496,13.801397814967036
Quantile LightGBM (24h matched),24,3407.0,validation,season,summer,1386,0.25252525252525254,2.128787733074026,3.110581049571602,1.5332532329452622,0.19876803751803748,0.9466089466089466,9.656711685141554,11.210432101368996
Quantile LightGBM (24h matched),24,3407.0,validation,season,winter,681,0.049926578560939794,4.018920212301153,4.9175809876553,2.755246747847889,0.049060205580029354,0.8781204111600588,12.557600593215948,16.578725809510107
Quantile LightGBM (24h matched),24,3407.0,validation,target_transition,positive_to_positive,3057,0.0,3.109317821451619,4.033286249048019,2.1705833541461903,0.01091020608439647,0.9149492966961073,11.417719486333711,14.490323209617618
Quantile LightGBM (24h matched),24,3407.0,validation,target_transition,positive_to_zero,214,1.0,1.211545434112652,2.828468617742286,0.976724206044759,0.7763551401869161,1.0,10.563865259659574,10.563865259659574
Quantile LightGBM (24h matched),24,3407.0,validation,target_transition,zero_to_positive,215,0.0,0.9490629535900146,2.528379920046925,0.8457807181843744,0.017651162790697675,1.0,10.580785040763772,10.580785040763772
Quantile LightGBM (24h matched),24,3407.0,validation,target_transition,zero_to_zero,740,1.0,1.0311167305716629,2.6767681241051893,0.880937072583372,0.7609391891891892,1.0,10.53045277048005,10.53045277048005
Quantile LightGBM (24h matched),24,3407.0,validation,issue_wind,12_or_more,23,0.34782608695652173,2.0523320166874863,3.3270027839852894,1.3355019562742263,0.20173913043478264,0.9565217391304348,11.813153643960781,13.67926819624054
Quantile LightGBM (24h matched),24,3407.0,validation,issue_wind,3_to_6,1961,0.16930137684854665,2.6790127271360697,3.71153335207839,1.8884909895259834,0.14358235594084648,0.942886282508924,11.342790337150012,13.24974413781102
Quantile LightGBM (24h matched),24,3407.0,validation,issue_wind,6_to_12,657,0.0669710806697108,3.4764998014845023,4.2626706301011446,2.4008934780107243,0.06181887366818873,0.893455098934551,12.038770631037226,15.297406680412518
Quantile LightGBM (24h matched),24,3407.0,validation,issue_wind,below_3,1585,0.35962145110410093,1.9853137254571782,3.454239234469198,1.4932455465817098,0.27732649842271295,0.9514195583596214,10.60419733732178,12.793199646369512
Quantile LightGBM (24h matched),24,3407.0,test,all,all,8713,0.1636634913347871,3.0005608701514093,4.366718528539026,2.1627912282492536,0.13975381613680707,0.9065763801216573,11.403071589730025,16.80237134085433
Quantile LightGBM (24h matched),24,3407.0,test,season,autumn,2184,0.19688644688644688,2.1790308588265845,3.456360525891202,1.6184752178840422,0.16794299450549452,0.9702380952380952,11.76617086584791,13.38568747945139
Quantile LightGBM (24h matched),24,3407.0,test,season,spring,2208,0.15760869565217392,3.3972449711495756,4.777062757290655,2.407120562479907,0.13526154891304343,0.8908514492753623,11.351350703981131,18.855219431242837
Quantile LightGBM (24h matched),24,3407.0,test,season,summer,2208,0.223731884057971,2.00158298899218,3.367132306887416,1.5560353400952636,0.18503509963768117,0.9365942028985508,9.824322867535667,13.651379190946814
Quantile LightGBM (24h matched),24,3407.0,test,season,winter,2113,0.07288215806909608,4.479068305707037,5.530530207137067,3.104118250350697,0.06799455750118315,0.8258400378608614,12.731546779175007,21.481377321319062
Quantile LightGBM (24h matched),24,3407.0,test,target_transition,positive_to_positive,6894,0.0,3.40204416988409,4.6484123164574225,2.435354765917545,0.009959747606614451,0.8819263127357122,11.556958771078378,18.380877937244033
Quantile LightGBM (24h matched),24,3407.0,test,target_transition,positive_to_zero,393,1.0,1.7476394470607313,3.3173030178073906,1.2696320120693276,0.8101590330788805,1.0,10.954350964111859,10.954350964111859
Quantile LightGBM (24h matched),24,3407.0,test,target_transition,zero_to_positive,393,0.0,1.4302545887779259,2.9774981833713485,1.094920238932923,0.014338422391857508,1.0,10.88671062531924,10.88671062531924
Quantile LightGBM (24h matched),24,3407.0,test,target_transition,zero_to_zero,1033,1.0,1.3952391078061195,3.0115696399379592,1.0898307655917785,0.7986302032913843,1.0,10.743225352233262,10.743225352233262
Quantile LightGBM (24h matched),24,3407.0,test,issue_wind,12_or_more,38,0.0,4.437572044371767,4.6691205056596745,2.8581465382476354,0.010855263157894738,0.8947368421052632,12.579588274976818,15.619734818277541
Quantile LightGBM (24h matched),24,3407.0,test,issue_wind,3_to_6,3659,0.15714676141022138,2.8985244186661827,4.161815875844376,2.0637599658063945,0.1362578573380705,0.9223831647991254,11.393794577121671,15.62900394137124
Quantile LightGBM (24h matched),24,3407.0,test,issue_wind,6_to_12,1641,0.07739183424741011,4.145546776676216,5.2621759837477775,2.921458457048137,0.07234765386959169,0.8281535648994516,11.979447633703892,21.745788956166717
Quantile LightGBM (24h matched),24,3407.0,test,issue_wind,below_3,3375,0.21451851851851853,2.538286226820109,4.091417613445873,1.89344573640911,0.1777696296296296,0.9277037037037037,11.119635698451054,15.684191547028819
Hurdle Quantile LightGBM (24h matched),24,3407.0,validation,all,all,4226,0.22574538570752484,2.5101474409735998,3.708673527608924,1.818217754138315,0.16022064964862565,0.9406057737813536,11.247123223931773,13.301135548175205
Hurdle Quantile LightGBM (24h matched),24,3407.0,validation,season,autumn,2159,0.26401111625752666,2.328917210829078,3.619641689942056,1.7083100145000043,0.18501753095942677,0.951829550717925,11.698119600081142,13.747220202020715
Hurdle Quantile LightGBM (24h matched),24,3407.0,validation,season,summer,1386,0.25252525252525254,2.108582236828962,3.1195149179809833,1.5374598765924299,0.17360767623464535,0.9494949494949495,9.75755186796486,11.224358195960734
Hurdle Quantile LightGBM (24h matched),24,3407.0,validation,season,winter,681,0.049926578560939794,3.9019909649478897,4.9000310834521565,2.7380727147223234,0.054360318373672764,0.8869309838472834,12.848951011396755,16.113641631166097
Hurdle Quantile LightGBM (24h matched),24,3407.0,validation,target_transition,positive_to_positive,3057,0.0,3.078758488364823,4.035973350730155,2.175441834204985,0.03861806093247292,0.9214916584887144,11.53414982599208,14.37219336644291
Hurdle Quantile LightGBM (24h matched),24,3407.0,validation,target_transition,positive_to_zero,214,1.0,1.2201852366962964,2.814900725350431,0.9649053193725811,0.5825648872658901,0.9813084112149533,10.532109548411775,10.536958602568188
Hurdle Quantile LightGBM (24h matched),24,3407.0,validation,target_transition,zero_to_positive,215,0.0,0.9535585634566547,2.5219315529526716,0.8476914097254641,0.06553886083372559,1.0,10.556048573965436,10.556048573965436
Hurdle Quantile LightGBM (24h matched),24,3407.0,validation,target_transition,zero_to_zero,740,1.0,0.986464398414842,2.667797273426523,0.8712420951178024,0.5679423137707714,0.9905405405405405,10.468952485831341,10.473438001378755
Hurdle Quantile LightGBM (24h matched),24,3407.0,validation,issue_wind,12_or_more,23,0.34782608695652173,1.534285086147148,3.1458078074378375,1.2072793682493745,0.18469697050538156,0.9565217391304348,11.242819469595949,13.517644335718092
Hurdle Quantile LightGBM (24h matched),24,3407.0,validation,issue_wind,3_to_6,1961,0.16930137684854665,2.662594632558549,3.720028545639921,1.8962102928989624,0.13162934462840278,0.9454360020397756,11.487356782604579,13.216924033767832
Hurdle Quantile LightGBM (24h matched),24,3407.0,validation,issue_wind,6_to_12,657,0.0669710806697108,3.4161345804804357,4.251718709481082,2.3887366962619385,0.05559201887333352,0.8949771689497716,12.21363390663055,15.111513350308385
Hurdle Quantile LightGBM (24h matched),24,3407.0,validation,issue_wind,below_3,1585,0.35962145110410093,1.9601552269716647,3.4516679129956795,1.4941024666875868,0.2386090434557667,0.9533123028391167,10.549333608322465,12.651760697473547
Hurdle Quantile LightGBM (24h matched),24,3407.0,test,all,all,8713,0.1636634913347871,3.017008068974801,4.381743041949947,2.1757915529499954,0.13294969865963027,0.9076093194077814,11.567265294207052,16.462151508502444
Hurdle Quantile LightGBM (24h matched),24,3407.0,test,season,autumn,2184,0.19688644688644688,2.1766895399917456,3.4558945571302724,1.6193632865701724,0.15891897155756396,0.9725274725274725,11.768508116878772,13.365383803377409
Hurdle Quantile LightGBM (24h matched),24,3407.0,test,season,spring,2208,0.15760869565217392,3.4227803861161425,4.820502044632605,2.4399924564519786,0.13250404319405112,0.8913043478260869,11.527298839020329,18.483235812475698
Hurdle Quantile LightGBM (24h matched),24,3407.0,test,season,summer,2208,0.223731884057971,2.0424539901304373,3.3797224710003184,1.5718649820655326,0.16499019789044492,0.9370471014492754,10.10090931772954,13.04909800926995
Hurdle Quantile LightGBM (24h matched),24,3407.0,test,season,winter,2113,0.07288215806909608,4.479916633640804,5.532420455541971,3.1059163079684766,0.07309247809989186,0.8267865593942262,12.933306753932373,21.117527112442566
Hurdle Quantile LightGBM (24h matched),24,3407.0,test,target_transition,positive_to_positive,6894,0.0,3.4195683316760888,4.664036927814647,2.450919029083671,0.03584479805538928,0.886858137510879,11.743495051593488,17.927939986107152
Hurdle Quantile LightGBM (24h matched),24,3407.0,test,target_transition,positive_to_zero,393,1.0,1.7363740131018472,3.318629421040155,1.2616036725928164,0.6416091872236372,0.9821882951653944,11.06434544583889,11.071991508714692
Hurdle Quantile LightGBM (24h matched),24,3407.0,test,target_transition,zero_to_positive,393,0.0,1.4327078704237226,2.9895366271949055,1.1023560161373531,0.05144967979234052,0.9974554707379135,11.023897470216989,11.026502951467346
Hurdle Quantile LightGBM (24h matched),24,3407.0,test,target_transition,zero_to_zero,1033,1.0,1.420365969193546,3.0292707797453122,1.0958372281505624,0.6184942419072852,0.9835430784123911,10.78920441116223,10.798450635534905
Hurdle Quantile LightGBM (24h matched),24,3407.0,test,issue_wind,12_or_more,38,0.0,4.476690483541012,4.766920131088351,2.9259470450369283,0.031103573184169606,0.868421052631579,12.445978105246933,15.007092093032426
Hurdle Quantile LightGBM (24h matched),24,3407.0,test,issue_wind,3_to_6,3659,0.15714676141022138,2.9145441580324403,4.169393198577421,2.0699747363502836,0.12893721554467724,0.9223831647991254,11.640244026675479,15.40523107446613
Hurdle Quantile LightGBM (24h matched),24,3407.0,test,issue_wind,6_to_12,1641,0.07739183424741011,4.146366520237723,5.2752033074820055,2.9352218085607755,0.07560939425343799,0.8287629494210847,12.179156475412544,21.256826632667273
Hurdle Quantile LightGBM (24h matched),24,3407.0,test,issue_wind,below_3,3375,0.21451851851851853,2.5625400096746893,4.115027892032634,1.9128145970334773,0.16632666696073903,0.9303703703703704,11.180736791309364,15.293115137294219
