model,horizon_hours,split,stratification,stratum,crps_mean,crps_std,zero_brier_mean,zero_brier_std,mae_mean,mae_std,rmse_mean,rmse_std,covered_90_mean,covered_90_std,width_90_mean,width_90_std,interval_score_90_mean,interval_score_90_std,count,zero_prevalence,n_fits
ARIMA,1,test,all,all,0.6688572807164103,,0.10165458971414429,,0.8369244274786629,,1.4260513094648315,,0.9271978021978022,,4.121259092816076,,5.830684583877822,,8736,0.16323260073260074,1
ARIMA,1,test,issue_wind,12_or_more,2.0513212136531846,,0.017808809715210074,,2.564051264781744,,3.870584971272219,,0.6578947368421053,,5.146522430976323,,25.08511525023658,,38,0.0,1
ARIMA,1,test,issue_wind,3_to_6,0.7116968169115124,,0.06354462134647236,,0.9254338944695446,,1.397354645031285,,0.9312977099236641,,4.443097204236478,,5.775402158126295,,3668,0.03271537622682661,1
ARIMA,1,test,issue_wind,6_to_12,1.1939271294216118,,0.008515940256562556,,1.6075857286357893,,2.157245816398114,,0.795166163141994,,5.241423888821199,,10.47315885096215,,1655,0.0012084592145015106,1
ARIMA,1,test,issue_wind,below_3,0.34925442210238367,,0.1896895433333674,,0.34337539098825826,,0.8313138936782268,,0.9905185185185185,,3.210641333726118,,3.3974438906364623,,3375,0.38637037037037036,1
ARIMA,1,test,season,autumn,0.5489866956226943,,0.11609376729373652,,0.6642048504377399,,1.1714452281959538,,0.961996336996337,,3.9425237365483023,,4.71178484086005,,2184,0.19688644688644688,1
ARIMA,1,test,season,spring,0.7873408002015057,,0.0999791103338576,,0.9978676621430261,,1.691256639082236,,0.8926630434782609,,4.147719724464527,,7.112398642979093,,2208,0.15760869565217392,1
ARIMA,1,test,season,summer,0.5313815880663748,,0.12762502010702692,,0.6332885354879743,,1.143186188963044,,0.9601449275362319,,3.8227163762163774,,4.598072901073805,,2208,0.223731884057971,1
ARIMA,1,test,season,winter,0.8110539456007099,,0.06177705428828231,,1.057657078992662,,1.6144575568502275,,0.8932584269662921,,4.585264365129356,,6.9239706287684974,,2136,0.07209737827715355,1
ARIMA,1,test,target_transition,positive_to_positive,0.7869406285325171,,0.059011775865422375,,1.0284851644656583,,1.5645645423033139,,0.9083417666618476,,4.482593399864088,,6.638083972895502,,6917,0.0,1
ARIMA,1,test,target_transition,positive_to_zero,0.2780926173725894,,0.3141827239071491,,0.24565997474182263,,0.8356350892315224,,0.9974554707379135,,2.9391253955311067,,2.9668433345834533,,393,1.0,1
ARIMA,1,test,target_transition,zero_to_positive,0.23801287092956874,,0.25272705457683475,,0.2494878577368025,,0.5506261192477525,,0.9974554707379135,,2.6900225484248703,,2.7234058721133256,,393,0.0,1
ARIMA,1,test,target_transition,zero_to_zero,0.19074484015139628,,0.2488620514399152,,0.0026590684225952475,,0.6528529449177719,,1.0,,2.695997818012235,,2.695997818012235,,1033,1.0,1
ARIMA,1,validation,all,all,0.626200000681678,,0.11069242763948017,,0.7782949271884164,,1.325837107768434,,0.931513297246411,,4.070443149915582,,5.29498070018204,,4249,0.22452341727465286,1
ARIMA,1,validation,issue_wind,12_or_more,1.174187800956977,,0.02189404103071203,,1.5301049015197474,,2.1594124615859736,,0.8260869565217391,,4.915599983109673,,10.701838608762117,,23,0.0,1
ARIMA,1,validation,issue_wind,3_to_6,0.7376748379070482,,0.0625827009008806,,0.9801578468369891,,1.4177986010347252,,0.9222955815134586,,4.509849607913103,,5.819656235650912,,1969,0.05027932960893855,1
ARIMA,1,validation,issue_wind,6_to_12,1.077220919552747,,0.0060144563993468365,,1.4545513339825855,,1.929655512825138,,0.8125,,5.277499343995425,,8.779238387695258,,672,0.0,1
ARIMA,1,validation,issue_wind,below_3,0.288544649650483,,0.21612713521908516,,0.22990122147021982,,0.754209455367716,,0.9949526813880126,,3.0005556512517106,,3.0874948785767176,,1585,0.5394321766561514,1
ARIMA,1,validation,season,autumn,0.6099164537097893,,0.12443504505405811,,0.7448293926250975,,1.324578395230424,,0.9307942405945193,,3.919831171920817,,5.212553502895262,,2153,0.2633534602879703,1
ARIMA,1,validation,season,summer,0.5264420542311534,,0.12308525701738644,,0.6372650475200204,,1.1246315308463535,,0.9659332860184529,,3.9483952191437672,,4.454580272263361,,1409,0.25691980127750175,1
ARIMA,1,validation,season,winter,0.8818294376238398,,0.04220719927404169,,1.172417774885062,,1.6671874313026898,,0.8631732168850073,,4.792762106364225,,7.276916593480219,,687,0.036390101892285295,1
ARIMA,1,validation,target_transition,positive_to_positive,0.7821865595472978,,0.054545476042194854,,1.041174953990855,,1.500615355034193,,0.9058747160012983,,4.577750975160758,,6.256749298880398,,3081,0.0,1
ARIMA,1,validation,target_transition,positive_to_zero,0.25691172499363796,,0.2997317275008942,,0.1894492826281499,,0.7920891046709707,,1.0,,2.8870985612092688,,2.8870985612092688,,215,1.0,1
ARIMA,1,validation,target_transition,zero_to_positive,0.25412391332904405,,0.2509164021048008,,0.2666439489564716,,0.6140463201917421,,0.9953271028037384,,2.6972487949556982,,2.8377451300116174,,214,0.0,1
ARIMA,1,validation,target_transition,zero_to_zero,0.19105341624516603,,0.2491733178498368,,0.001788513580540929,,0.6534585752015873,,1.0,,2.697327140379569,,2.697327140379569,,739,1.0,1
ARIMA,3,test,all,all,1.3362049258021544,,0.12760768452499416,,1.7853440318865699,,2.81344869961968,,0.9169910693840165,,7.212504900575171,,10.919202223069853,,8734,0.1632699793908862,1
ARIMA,3,test,issue_wind,12_or_more,3.7487697920901524,,0.020918357526210796,,4.865867980693749,,6.303637459625487,,0.631578947368421,,9.196937986428303,,42.812402998074866,,38,0.0,1
ARIMA,3,test,issue_wind,3_to_6,1.4154291419746339,,0.0985265204748792,,1.9835618702045226,,2.7542548103954627,,0.9247546346782988,,7.618063564888041,,10.540637577651557,,3668,0.059432933478735,1
ARIMA,3,test,issue_wind,6_to_12,2.5338972753206774,,0.014390221802735284,,3.5138015640913727,,4.3839280778283705,,0.7604355716878403,,9.49292404554057,,20.94912813907112,,1653,0.0012099213551119178,1
ARIMA,3,test,issue_wind,below_3,0.6363360832558678,,0.21586616453734073,,0.6886734417415435,,1.5424931752881015,,0.9884444444444445,,5.632495868104111,,6.059103245527339,,3375,0.35733333333333334,1
ARIMA,3,test,season,autumn,1.0486577899829979,,0.14365881218813092,,1.3587034497398165,,2.279635316946028,,0.9574175824175825,,6.8390611395029515,,8.651175820867941,,2184,0.19688644688644688,1
ARIMA,3,test,season,spring,1.5960755710839991,,0.128874198909399,,2.147140809549826,,3.3072287278542714,,0.8759057971014492,,7.27482056842125,,13.56377030040142,,2208,0.15760869565217392,1
ARIMA,3,test,season,summer,1.0064216301362587,,0.15553923920917373,,1.2865851233876509,,2.1965289985637617,,0.9578804347826086,,6.656874673911767,,8.16370106316355,,2208,0.223731884057971,1
ARIMA,3,test,season,winter,1.7028263300556792,,0.08096991539672574,,2.3636923994093686,,3.2815867297294785,,0.8758200562324273,,8.105119577262327,,13.355148759496274,,2134,0.07216494845360824,1
ARIMA,3,test,target_transition,positive_to_positive,1.5660219830440234,,0.08819171970759467,,2.1778243771236574,,3.0768123545085397,,0.8957339117859725,,7.710182302925233,,12.382325944226258,,6915,0.0,1
ARIMA,3,test,target_transition,positive_to_zero,0.610155648139256,,0.33492394202437725,,0.5986146223478485,,1.7688079258806932,,0.989821882951654,,5.648981034306222,,5.817991556117795,,393,1.0,1
ARIMA,3,test,target_transition,zero_to_positive,0.4348477834943372,,0.23068274496297245,,0.3166953158103804,,1.1797436453579646,,1.0,,5.2464530850892315,,5.2464530850892315,,393,0.0,1
ARIMA,3,test,target_transition,zero_to_zero,0.41692687374113485,,0.2733749727756568,,0.16826950725171902,,1.3542910363811045,,1.0,,5.2238156514744905,,5.2238156514744905,,1033,1.0,1
ARIMA,3,validation,all,all,1.235058672235828,,0.13319126851330243,,1.633246614485806,,2.5945111366304814,,0.9324228867435838,,7.231909390130985,,9.661027117178739,,4247,0.22510007063809748,1
ARIMA,3,validation,issue_wind,12_or_more,1.9872911533575504,,0.04362664540781425,,2.8104767196059237,,3.4423729812723662,,0.8695652173913043,,8.670285021709423,,14.736199056945495,,23,0.0,1
ARIMA,3,validation,issue_wind,3_to_6,1.4266950990701803,,0.09282396122107982,,2.0160457928841984,,2.7132648884750967,,0.9267920691408236,,7.875339402222074,,10.1914690325131,,1967,0.08286731062531774,1
ARIMA,3,validation,issue_wind,6_to_12,2.278253981775311,,0.011688496221448994,,3.197129700821909,,3.9513650297488048,,0.8110119047619048,,9.618059123414232,,17.34396929519044,,672,0.0,1
ARIMA,3,validation,issue_wind,below_3,0.5440318920090125,,0.2361012639425476,,0.4780594155298046,,1.452351567600248,,0.9917981072555205,,5.4008670594837795,,5.671724059954017,,1585,0.5003154574132492,1
ARIMA,3,validation,season,autumn,1.1891105234591328,,0.1483920360191778,,1.548198201269554,,2.576137242960801,,0.931322505800464,,6.931281714404673,,9.580054425112106,,2155,0.2640371229698376,1
ARIMA,3,validation,season,summer,0.9909909483223953,,0.14446205323026992,,1.2359481203585996,,2.133484402302628,,0.9616204690831557,,7.069679257356602,,8.100407321394204,,1407,0.2572850035536603,1
ARIMA,3,validation,season,winter,1.8809295454620745,,0.0622195195031788,,2.716864587796757,,3.3922815710695087,,0.8759124087591241,,8.510902730282462,,13.12130186764945,,685,0.0364963503649635,1
ARIMA,3,validation,target_transition,positive_to_positive,1.535720858540555,,0.08085099067608281,,2.1636612246275604,,2.923021535304816,,0.9073773155671109,,7.981710361994296,,11.295424857575838,,3077,0.0,1
ARIMA,3,validation,target_transition,positive_to_zero,0.5851538751399216,,0.31928499141562483,,0.5122630576993916,,1.7848905440673448,,0.9953488372093023,,5.545726171261112,,6.054491369183885,,215,1.0,1
ARIMA,3,validation,target_transition,zero_to_positive,0.4420087391339833,,0.23265680873912384,,0.3426417598445557,,1.1906051984857788,,1.0,,5.227672454951202,,5.227672454951202,,214,0.0,1
ARIMA,3,validation,target_transition,zero_to_zero,0.4041607907240465,,0.2678137501230185,,0.12867866333348132,,1.3297512783337762,,0.9986504723346828,,5.186428291294393,,5.20097480453868,,741,1.0,1
ARIMA,6,test,all,all,1.7709846411926022,,0.1218433948999256,,2.460760265508608,,3.5682760625268677,,0.8947428702325049,,8.490564560601559,,14.557559403709444,,8731,0.16332607948688582,1
ARIMA,6,test,issue_wind,12_or_more,4.7888962024360495,,0.011526229668620635,,6.218116663326643,,7.519763511452174,,0.6052631578947368,,10.56771579678084,,52.68818169886808,,38,0.0,1
ARIMA,6,test,issue_wind,3_to_6,1.793139113052746,,0.08972428477561811,,2.513147431830795,,3.4735235670066733,,0.9059432933478735,,8.700002728171926,,13.9402940302318,,3668,0.08724100327153762,1
ARIMA,6,test,issue_wind,6_to_12,3.097315807579168,,0.01815609960476867,,4.196782308249134,,5.251638652374021,,0.7066666666666667,,10.613622615785848,,27.10350805836175,,1650,0.011515151515151515,1
ARIMA,6,test,issue_wind,below_3,1.064498814037612,,0.20868457577452063,,1.5127981796689833,,2.3886904651532475,,0.9777777777777777,,7.201617379363925,,8.665515096309052,,3375,0.32207407407407407,1
ARIMA,6,test,season,autumn,1.3987439690850472,,0.13997461241934606,,1.9638629416221285,,2.8890252037318263,,0.945054945054945,,8.133708986782207,,10.927864397509554,,2184,0.19688644688644688,1
ARIMA,6,test,season,spring,2.1486295072563415,,0.12423593830044025,,2.9591561499210415,,4.191702563252812,,0.8496376811594203,,8.549778366126896,,18.540865586569858,,2208,0.15760869565217392,1
ARIMA,6,test,season,summer,1.2228178145775888,,0.15317154031037827,,1.7246843374880039,,2.5468125949978972,,0.9682971014492754,,8.001785992357789,,9.45812388692868,,2208,0.223731884057971,1
ARIMA,6,test,season,winter,2.3291667701368133,,0.0683221091387664,,3.216284100166006,,4.322877282682486,,0.8137024870952605,,9.301381815084785,,19.433987119728545,,2131,0.07226654152979822,1
ARIMA,6,test,target_transition,positive_to_positive,1.971683953558544,,0.05313086920943072,,2.6938663125413203,,3.811344069694304,,0.8697916666666666,,8.837497690433041,,16.365377703244015,,6912,0.0,1
ARIMA,6,test,target_transition,positive_to_zero,1.1866661982646225,,0.49095354208573944,,1.8760143054603784,,2.780284584722562,,0.9770992366412213,,7.384999490216225,,8.658133367981034,,393,1.0,1
ARIMA,6,test,target_transition,zero_to_positive,0.9779746128710721,,0.10487106839849383,,1.4535588782349032,,2.2846418425996458,,0.9923664122137404,,7.248443197312257,,7.471121388476043,,393,0.0,1
ARIMA,6,test,target_transition,zero_to_zero,0.9520654176956692,,0.44764282766249897,,1.5066521439281786,,2.3434550463897694,,0.9932236205227493,,7.062335107589857,,7.401513407238046,,1033,1.0,1
ARIMA,6,validation,all,all,1.5510200122375446,,0.13956005515690878,,2.205245583658524,,3.126210377392904,,0.9257775683317625,,8.494750648384992,,11.885556200796442,,4244,0.22525918944392084,1
ARIMA,6,validation,issue_wind,12_or_more,1.5543219230414889,,0.029452778499026607,,2.189727372941741,,2.6260453486346247,,0.9565217391304348,,9.509116108403497,,9.579947671094436,,23,0.0,1
ARIMA,6,validation,issue_wind,3_to_6,1.6901842872842134,,0.08958008513781404,,2.3986669932730287,,3.209921415809268,,0.9175991861648016,,8.92123254569339,,12.38953962942295,,1966,0.10528992878942015,1
ARIMA,6,validation,issue_wind,6_to_12,2.5643971280292144,,0.011031585150015382,,3.576030569778448,,4.45837923649739,,0.8029850746268656,,10.628811656992406,,20.169072590916624,,670,0.005970149253731343,1
ARIMA,6,validation,issue_wind,below_3,0.9499881029185162,,0.25748255567759665,,1.3861064586389782,,2.2104222841031675,,0.9873817034700315,,7.0489369629239835,,7.792333231788808,,1585,0.47003154574132494,1
ARIMA,6,validation,season,autumn,1.5167223825780183,,0.159136388816035,,2.1544539865098686,,3.107623358268325,,0.9304911955514366,,8.244272796959557,,11.596884151793938,,2158,0.26367006487488415,1
ARIMA,6,validation,season,summer,1.218189180738622,,0.15363433413921637,,1.7583046739145236,,2.4702288378272175,,0.9686609686609686,,8.368580349078794,,9.224439608268703,,1404,0.25783475783475784,1
ARIMA,6,validation,season,winter,2.3447278894072596,,0.04864214353292911,,3.286056879739718,,4.206835354333983,,0.8225806451612904,,9.547059011437774,,18.277289305864397,,682,0.036656891495601175,1
ARIMA,6,validation,target_transition,positive_to_positive,1.7972761038879896,,0.047933649516070154,,2.5071598484372406,,3.408528166817281,,0.8987959648551904,,9.054672598277106,,13.718673798625938,,3073,0.0,1
ARIMA,6,validation,target_transition,positive_to_zero,0.9834262202883819,,0.4578496257633211,,1.5720287756610871,,2.3726260155364045,,0.9953488372093023,,7.142189317091214,,7.1918160613704165,,215,1.0,1
ARIMA,6,validation,target_transition,zero_to_positive,0.8895952139698577,,0.11225606093375749,,1.2975469952554313,,2.1148912510848463,,0.9953488372093023,,7.093588099100094,,7.229727161331875,,215,0.0,1
ARIMA,6,validation,target_transition,zero_to_zero,0.8863695766839753,,0.43511477258186976,,1.4002715952119886,,2.205121282396149,,0.9973009446693657,,6.971687871469952,,6.996199919192436,,741,1.0,1
ARIMA,9,test,all,all,1.943294857377252,,0.1254964909878388,,2.7572263764492457,,3.8428729790663563,,0.8952795600366636,,9.492749047617934,,15.213478875597408,,8728,0.16338221814848763,1
ARIMA,9,test,issue_wind,12_or_more,3.6133004061012994,,0.0122287192282753,,5.034873559983945,,5.787605525531909,,0.6052631578947368,,11.745020463190123,,27.290448705083325,,38,0.0,1
ARIMA,9,test,issue_wind,3_to_6,1.969754780238126,,0.10405319636745809,,2.781953164309951,,3.8237074242034224,,0.9040348964013086,,9.60114656723188,,15.332977828556915,,3668,0.11477644492911669,1
ARIMA,9,test,issue_wind,6_to_12,3.0840678529989773,,0.024204788332602208,,4.319231505970981,,5.249051961905829,,0.7413479052823315,,11.729908845833936,,23.800798080099277,,1647,0.019429265330904676,1
ARIMA,9,test,issue_wind,below_3,1.3390375739123104,,0.19950704336342234,,1.9424498137323025,,2.9116100922276273,,0.9641481481481482,,8.257848128092768,,10.757016136992805,,3375,0.2882962962962963,1
ARIMA,9,test,season,autumn,1.5130342661713105,,0.1446558022666435,,2.1567121472232516,,3.096777781260127,,0.9528388278388278,,9.110357916888232,,11.860048015661729,,2184,0.19688644688644688,1
ARIMA,9,test,season,spring,2.319793281813918,,0.12672831677696159,,3.2805834101872677,,4.430456646961198,,0.8482789855072463,,9.549267538286891,,18.53877752414055,,2208,0.15760869565217392,1
ARIMA,9,test,season,summer,1.4518656170095579,,0.15863616754079266,,2.104796304561575,,2.9691337776932882,,0.9556159420289855,,9.003517076499397,,10.70477884793856,,2208,0.223731884057971,1
ARIMA,9,test,season,winter,2.5041296190170486,,0.07016932322270032,,3.5074690197124014,,4.605780298305457,,0.8223684210526315,,10.334184007367162,,19.883048068824376,,2128,0.07236842105263158,1
ARIMA,9,test,target_transition,positive_to_positive,2.123642844760932,,0.05097530634157127,,2.9431473391703222,,4.055308314871298,,0.8708930380662904,,9.800495302456236,,16.88096278462221,,6909,0.0,1
ARIMA,9,test,target_transition,positive_to_zero,1.3725164650784156,,0.513302738525174,,2.248373989474671,,3.102300400468912,,0.9796437659033079,,8.457165851684216,,9.288325483246567,,393,1.0,1
ARIMA,9,test,target_transition,zero_to_positive,1.2072629778484025,,0.08991200587750554,,1.9011880837320898,,2.73998154039592,,0.989821882951654,,8.36705716778864,,8.708959130054303,,393,0.0,1
ARIMA,9,test,target_transition,zero_to_zero,1.2342456724735111,,0.4899144116918568,,2.0329999540667987,,2.874821002533179,,0.9903194578896418,,8.2567008676538,,8.78967947166703,,1033,1.0,1
ARIMA,9,validation,all,all,1.680228545278517,,0.14604022042859902,,2.4507809329255847,,3.3284330273910916,,0.939636878094789,,9.486458048679625,,12.261618231832067,,4241,0.22612591369959914,1
ARIMA,9,validation,issue_wind,12_or_more,1.7059976823501988,,0.03228580329020227,,2.3738319395991296,,2.9504052010390267,,0.9565217391304348,,10.304972704200491,,10.74471559805307,,23,0.0,1
ARIMA,9,validation,issue_wind,3_to_6,1.7470504856615983,,0.0987563004902578,,2.5310660056624457,,3.308911326533177,,0.9471007121057986,,9.801089394800364,,12.273999120825895,,1966,0.12105798575788403,1
ARIMA,9,validation,issue_wind,6_to_12,2.5681898214559835,,0.017639175664324738,,3.654518749834884,,4.486666698394134,,0.8335832083958021,,11.74339933148062,,18.58636210744048,,667,0.013493253373313344,1
ARIMA,9,validation,issue_wind,below_3,1.2232980745175352,,0.26037462740067024,,1.8457564849554513,,2.732120989872232,,0.9747634069400631,,8.134552118598478,,9.606693164188057,,1585,0.449211356466877,1
ARIMA,9,validation,season,autumn,1.6027385893673285,,0.16573396142431124,,2.3445464102580265,,3.2344157466166914,,0.9481241315423807,,9.245407633635693,,11.760409013278762,,2159,0.26401111625752666,1
ARIMA,9,validation,season,summer,1.4864535727758506,,0.16232448797842414,,2.217863962359427,,2.9501978671945275,,0.9678800856531049,,9.357536352737085,,10.36322397224239,,1401,0.2583868665239115,1
ARIMA,9,validation,season,winter,2.324545066994364,,0.05010329583675232,,3.2667530477603073,,4.233229456071279,,0.8546255506607929,,10.515895849113317,,17.75612786552035,,681,0.039647577092511016,1
ARIMA,9,validation,target_transition,positive_to_positive,1.8882490730536552,,0.046320637798327,,2.674284769767593,,3.549628352306784,,0.9168568633844147,,9.995005882658447,,13.824068522609645,,3067,0.0,1
ARIMA,9,validation,target_transition,positive_to_zero,1.2213040184966781,,0.49034154666190616,,2.020804206716396,,2.827172141902232,,0.9953703703703703,,8.265200527351467,,8.384270990403259,,216,1.0,1
ARIMA,9,validation,target_transition,zero_to_positive,1.103264189040328,,0.09537655603796995,,1.7342731120750479,,2.5280420985011895,,1.0,,8.212670579448167,,8.212670579448167,,215,0.0,1
ARIMA,9,validation,target_transition,zero_to_zero,1.1219190912943167,,0.4722361306636397,,1.8605223686585768,,2.6555180921191806,,1.0,,8.110872212446239,,8.110872212446239,,743,1.0,1
ARIMA,12,test,all,all,2.0744881770565216,,0.1292683794858065,,2.9863901185898665,,4.053425257752412,,0.9017765042979943,,10.090701055921048,,15.668259359744086,,8725,0.16343839541547278,1
ARIMA,12,test,issue_wind,12_or_more,2.995266759970512,,0.013264330470020026,,4.50588259439279,,5.007660130624841,,0.8157894736842105,,12.332994910402853,,16.177771926115476,,38,0.0,1
ARIMA,12,test,issue_wind,3_to_6,2.133171853105408,,0.1085584387296699,,3.0452896883389338,,4.13866311928171,,0.9053980370774264,,10.12049300757422,,16.51513003022515,,3668,0.11777535441657579,1
ARIMA,12,test,issue_wind,6_to_12,2.945673999736455,,0.036947128207480376,,4.183684719052358,,5.079342026002789,,0.7962287104622872,,12.276996495397462,,20.62182979662433,,1644,0.0340632603406326,1
ARIMA,12,test,issue_wind,below_3,1.5759783096835267,,0.19805307686585893,,2.322053330714185,,3.318137999524553,,0.9502222222222222,,8.96810735291857,,12.329191835276593,,3375,0.2779259259259259,1
ARIMA,12,test,season,autumn,1.617410605584622,,0.148162838759002,,2.3461681836239228,,3.2892415699651534,,0.9597069597069597,,9.711001804773948,,12.441174111620612,,2184,0.19688644688644688,1
ARIMA,12,test,season,spring,2.413132399804752,,0.13002481942099683,,3.4552786360222525,,4.569292395732187,,0.8546195652173914,,10.144842180714353,,18.4893371256966,,2208,0.15760869565217392,1
ARIMA,12,test,season,summer,1.5998179191203954,,0.16322960906687833,,2.374617225978999,,3.2296265571211333,,0.9578804347826086,,9.627983882339029,,11.395297155534378,,2208,0.223731884057971,1
ARIMA,12,test,season,winter,2.685595424957464,,0.07377562026483428,,3.792852898053258,,4.87948661841036,,0.8329411764705882,,10.905477093676698,,20.493537016955166,,2125,0.07247058823529412,1
ARIMA,12,test,target_transition,positive_to_positive,2.2319165297939447,,0.04937754267490396,,3.1240827772159876,,4.238851028491261,,0.879814653924124,,10.337520995691621,,17.30094520529194,,6906,0.0,1
ARIMA,12,test,target_transition,positive_to_zero,1.6404435776029842,,0.5554840126818281,,2.7398543133749658,,3.509206341131375,,0.9770992366412213,,9.37669510697947,,9.756018155199307,,393,1.0,1
ARIMA,12,test,target_transition,zero_to_positive,1.4212811102712448,,0.07722366769253253,,2.3099123265533863,,3.118042781296853,,0.989821882951654,,9.183202641137177,,9.46128015971861,,393,0.0,1
ARIMA,12,test,target_transition,zero_to_zero,1.435659233036396,,0.5210176020461289,,2.4170182340281987,,3.2044753048344483,,0.9864472410454985,,9.057509101311688,,9.363830675951874,,1033,1.0,1
ARIMA,12,validation,all,all,1.7930197417210667,,0.15257401141602225,,2.6562759851168054,,3.509078601698257,,0.9433695139216611,,10.065530846785347,,12.681763773977963,,4238,0.2267579046720151,1
ARIMA,12,validation,issue_wind,12_or_more,1.8342265863208302,,0.03435023242781084,,2.722978077489834,,3.2879924738536808,,0.9565217391304348,,10.693198035677986,,11.306324014705396,,23,0.0,1
ARIMA,12,validation,issue_wind,3_to_6,1.8533796546526884,,0.11123287418259693,,2.69857974055436,,3.524840574942842,,0.9420142421159715,,10.282800785300726,,13.064174594564339,,1966,0.1358087487283825,1
ARIMA,12,validation,issue_wind,6_to_12,2.4482386651196415,,0.022960394190935648,,3.5522188926339253,,4.310194953338399,,0.891566265060241,,12.257201261051584,,16.40024675692842,,664,0.018072289156626505,1
ARIMA,12,validation,issue_wind,below_3,1.4430634569349365,,0.2598669228072529,,2.2275003246081737,,3.094139074229688,,0.9665615141955836,,8.868774884931367,,10.66961408344885,,1585,0.4302839116719243,1
ARIMA,12,validation,season,autumn,1.7078013384921051,,0.1727907886153497,,2.543439334167596,,3.40627098348249,,0.952292728114868,,9.85276488407222,,12.241295127667005,,2159,0.26401111625752666,1
ARIMA,12,validation,season,summer,1.6141464131147005,,0.1685719681734099,,2.45608594483923,,3.150929636647978,,0.9728183118741058,,9.93020624714716,,10.7503845089595,,1398,0.2582260371959943,1
ARIMA,12,validation,season,winter,2.430393377496439,,0.05563837922780519,,3.4249690918824336,,4.411828437842322,,0.8546255506607929,,11.017873730473779,,18.043056020499503,,681,0.04405286343612335,1
ARIMA,12,validation,target_transition,positive_to_positive,1.9659162829003698,,0.0454456765293975,,2.808540687702175,,3.6771726437559518,,0.922273024167211,,10.490641699126893,,14.104563951124577,,3062,0.0,1
ARIMA,12,validation,target_transition,positive_to_zero,1.473602569421849,,0.5305748712821111,,2.489377266340161,,3.2444409176258553,,0.9953488372093023,,9.140699715300151,,9.230389656410257,,215,1.0,1
ARIMA,12,validation,target_transition,zero_to_positive,1.2869790910254546,,0.08292510912122895,,2.093496541099009,,2.8714334226038583,,1.0,,8.989713248723039,,8.989713248723039,,215,0.0,1
ARIMA,12,validation,target_transition,zero_to_zero,1.3212559653844205,,0.5034202453905752,,2.241592721959167,,3.0071767977722796,,0.9986595174262735,,8.897233322633728,,8.9005602294524,,746,1.0,1
ARIMA,24,test,all,all,2.386520358135813,,0.13564551657824758,,3.4981522552159157,,4.533352265579739,,0.8938367955927924,,10.830312237058145,,17.467743287428743,,8713,0.1636634913347871,1
ARIMA,24,test,issue_wind,12_or_more,2.459064853716664,,0.021697206477780378,,3.413829310987585,,4.398635866822776,,0.8947368421052632,,12.153553329925646,,17.10784318027937,,38,0.0,1
ARIMA,24,test,issue_wind,3_to_6,2.3206211999662325,,0.13329389875816652,,3.41520918090923,,4.405097903507115,,0.9065318393003553,,10.796474559504151,,16.689215310209608,,3659,0.15714676141022138,1
ARIMA,24,test,issue_wind,6_to_12,2.9424042014854233,,0.07580382043759519,,4.234037969745881,,5.1971580855935855,,0.8336380255941499,,11.999917841117123,,20.617838574344315,,1641,0.07739183424741011,1
ARIMA,24,test,issue_wind,below_3,2.1868649335354324,,0.16857435472767127,,3.231220262097446,,4.320544111971763,,0.9093333333333333,,10.283410342059717,,16.784188830210383,,3375,0.21451851851851853,1
ARIMA,24,test,season,autumn,1.8914677331951273,,0.1554440226506301,,2.834078806040336,,3.714421109760617,,0.9578754578754579,,10.623921526458068,,13.388772706372205,,2184,0.19688644688644688,1
ARIMA,24,test,season,spring,2.531429988163028,,0.13412942071742795,,3.6972346370328415,,4.753098538899581,,0.8777173913043478,,10.865760377954398,,18.94806184610158,,2208,0.15760869565217392,1
ARIMA,24,test,season,summer,1.8771520840385065,,0.16985833376477474,,2.874715445639375,,3.6752560243482786,,0.9538043478260869,,10.58265797028263,,12.460744713891021,,2208,0.223731884057971,1
ARIMA,24,test,season,winter,3.279052122914433,,0.08101499222933811,,4.627972884412647,,5.723691973666364,,0.7818267865593942,,11.265384853192534,,25.369012204536713,,2113,0.07288215806909608,1
ARIMA,24,test,target_transition,positive_to_positive,2.5170158985400155,,0.04535636819242932,,3.5635533584608146,,4.692483342445436,,0.8658253553814912,,10.906888080807287,,19.29562274020372,,6894,0.0,1
ARIMA,24,test,target_transition,positive_to_zero,1.9745061689479768,,0.6048965080664723,,3.3884187687926106,,3.9963681352035265,,1.0,,10.62436447859129,,10.62436447859129,,393,1.0,1
ARIMA,24,test,target_transition,zero_to_positive,1.8232582827710306,,0.052181838316628294,,3.1056879881137323,,3.72806807306,,1.0,,10.590934206337234,,10.590934206337234,,393,0.0,1
ARIMA,24,test,target_transition,zero_to_zero,1.8866629684190745,,0.5914431689245931,,3.2527393910970233,,3.876467326206463,,1.0,,10.488685100895701,,10.488685100895701,,1033,1.0,1
ARIMA,24,validation,all,all,2.1271118981086286,,0.16568386651694342,,3.211650911909297,,4.036652227580141,,0.9342167534311405,,10.788119632364207,,14.22914395581462,,4226,0.22574538570752484,1
ARIMA,24,validation,issue_wind,12_or_more,2.155965440536798,,0.24323283823615346,,3.6094080375561846,,4.18233385289095,,0.9565217391304348,,11.059344953058481,,11.75101184402343,,23,0.34782608695652173,1
ARIMA,24,validation,issue_wind,3_to_6,2.1186127243237496,,0.13694834961196764,,3.1545468481167163,,3.9599104244287586,,0.928607853136155,,10.859152413886639,,14.114450553071332,,1961,0.16930137684854665,1
ARIMA,24,validation,issue_wind,6_to_12,2.474989508513152,,0.0649673207994439,,3.6756650551001973,,4.371918103190929,,0.9162861491628614,,11.886941696988906,,15.209213829807629,,657,0.0669710806697108,1
ARIMA,24,validation,issue_wind,below_3,1.9930094743108535,,0.2418589408623774,,3.0841905731906545,,3.983451205827882,,0.9482649842271293,,10.240826532427377,,14.000755876406023,,1585,0.35962145110410093,1
ARIMA,24,validation,season,autumn,2.05147081152245,,0.1881513380807604,,3.1237683452874085,,3.965082242564912,,0.9402501157943493,,10.695380581597407,,13.93687624660774,,2159,0.26401111625752666,1
ARIMA,24,validation,season,summer,1.8641664831994662,,0.17847062773275962,,2.9198061087479705,,3.515551648557961,,0.9826839826839827,,10.705596834266789,,11.219808622983571,,1386,0.25252525252525254,1
ARIMA,24,validation,season,winter,2.9020773180846318,,0.068430236338673,,4.084243215166649,,5.110750740254845,,0.8164464023494861,,11.250087633492772,,21.28045784051578,,681,0.049926578560939794,1
ARIMA,24,validation,target_transition,positive_to_positive,2.2530321967321543,,0.04392224860125862,,3.252433221914251,,4.144628013593622,,0.9090611710827609,,10.941135420743484,,15.698011047469501,,3057,0.0,1
ARIMA,24,validation,target_transition,positive_to_zero,1.8664563582355165,,0.5891053884469537,,3.225513119878796,,3.845346962473226,,1.0,,10.461458829677474,,10.461458829677474,,214,1.0,1
ARIMA,24,validation,target_transition,zero_to_positive,1.7211974800348337,,0.056020484158019426,,2.937960707768632,,3.5751705303785877,,1.0,,10.429597841133997,,10.429597841133997,,215,0.0,1
ARIMA,24,validation,target_transition,zero_to_zero,1.8002382934148364,,0.5781037144661255,,3.1186851817736563,,3.7552485792258055,,1.0,,10.354630891572336,,10.354630891572336,,740,1.0,1
CNN-LSTM (+Weather),1,test,all,all,0.8564580983698705,0.026191679469417903,,,0.8564580983698705,0.026191679469417903,1.3740717352936676,0.038095974132450736,,,,,,,8736,0.16323260073260074,3
CNN-LSTM (+Weather),1,test,issue_wind,12_or_more,2.603928054643614,0.17070786707879818,,,2.603928054643614,0.17070786707879818,3.6213112626327635,0.25820223961923555,,,,,,,38,0.0,3
CNN-LSTM (+Weather),1,test,issue_wind,3_to_6,0.936186474887904,0.02892757599832148,,,0.936186474887904,0.02892757599832148,1.3536988168884008,0.033887734577558115,,,,,,,3668,0.03271537622682661,3
CNN-LSTM (+Weather),1,test,issue_wind,6_to_12,1.6132481109208194,0.05649659192779771,,,1.6132481109208194,0.05649659192779771,2.1132901966919078,0.0556922268475895,,,,,,,1655,0.0012084592145015106,3
CNN-LSTM (+Weather),1,test,issue_wind,below_3,0.37902550157627973,0.008568434847525043,,,0.37902550157627973,0.008568434847525043,0.7466629995479716,0.029786334345078894,,,,,,,3375,0.38637037037037036,3
CNN-LSTM (+Weather),1,test,season,autumn,0.7106935007873361,0.0297564510417735,,,0.7106935007873361,0.0297564510417735,1.1737181611115828,0.047523638831371465,,,,,,,2184,0.19688644688644688,3
CNN-LSTM (+Weather),1,test,season,spring,0.982363959686226,0.020162766102437713,,,0.982363959686226,0.020162766102437713,1.599452241023135,0.030853346866147942,,,,,,,2208,0.15760869565217392,3
CNN-LSTM (+Weather),1,test,season,summer,0.6618291016626666,0.023555854547911304,,,0.6618291016626666,0.023555854547911304,1.095336870704154,0.03464855986110017,,,,,,,2208,0.223731884057971,3
CNN-LSTM (+Weather),1,test,season,winter,1.0765379504594066,0.04217337754258351,,,1.0765379504594066,0.04217337754258351,1.5581911562722617,0.0508643040257092,,,,,,,2136,0.07209737827715355,3
CNN-LSTM (+Weather),1,test,target_transition,positive_to_positive,1.0483372235476265,0.03611989724794636,,,1.0483372235476265,0.03611989724794636,1.539081802528215,0.04264326136611122,,,,,,,6917,0.0,3
CNN-LSTM (+Weather),1,test,target_transition,positive_to_zero,0.1772398274578312,0.011793602236804536,,,0.1772398274578312,0.011793602236804536,0.2854084776427843,0.023554969035670188,,,,,,,393,1.0,3
CNN-LSTM (+Weather),1,test,target_transition,zero_to_positive,0.21983084305928902,0.012277448665570356,,,0.21983084305928902,0.012277448665570356,0.3926732114744507,0.011482406939899313,,,,,,,393,0.0,3
CNN-LSTM (+Weather),1,test,target_transition,zero_to_zero,0.07223678467282559,0.02452664737848302,,,0.07223678467282559,0.02452664737848302,0.12705043561273668,0.003287639648634596,,,,,,,1033,1.0,3
CNN-LSTM (+Weather),1,validation,all,all,0.7697582623058148,0.01721024709152774,,,0.7697582623058148,0.01721024709152774,1.2379437225523393,0.03006666324168805,,,,,,,4249,0.22452341727465286,3
CNN-LSTM (+Weather),1,validation,issue_wind,12_or_more,1.7732068745347178,0.19015985438715416,,,1.7732068745347178,0.19015985438715416,2.343040112680105,0.2622356337995187,,,,,,,23,0.0,3
CNN-LSTM (+Weather),1,validation,issue_wind,3_to_6,0.9524144997787731,0.02875088330423573,,,0.9524144997787731,0.02875088330423573,1.3483695966868012,0.03277081903972646,,,,,,,1969,0.05027932960893855,3
CNN-LSTM (+Weather),1,validation,issue_wind,6_to_12,1.458613073979463,0.033789632590235624,,,1.458613073979463,0.033789632590235624,1.876791190999637,0.036205517174345184,,,,,,,672,0.0,3
CNN-LSTM (+Weather),1,validation,issue_wind,below_3,0.23623152217318952,0.004875597494400975,,,0.23623152217318952,0.004875597494400975,0.5255231715883015,0.015766506493760688,,,,,,,1585,0.5394321766561514,3
CNN-LSTM (+Weather),1,validation,season,autumn,0.7530710497136873,0.020437870923475696,,,0.7530710497136873,0.020437870923475696,1.2535709271541096,0.02493885009066455,,,,,,,2153,0.2633534602879703,3
CNN-LSTM (+Weather),1,validation,season,summer,0.6299635215486612,0.005918468879322345,,,0.6299635215486612,0.005918468879322345,1.0345652155890468,0.020539777855077473,,,,,,,1409,0.25691980127750175,3
CNN-LSTM (+Weather),1,validation,season,winter,1.108766062069541,0.030783330152060667,,,1.108766062069541,0.030783330152060667,1.5355402985339668,0.059456896627513925,,,,,,,687,0.036390101892285295,3
CNN-LSTM (+Weather),1,validation,target_transition,positive_to_positive,1.021732511490278,0.029650776803071238,,,1.021732511490278,0.029650776803071238,1.445365722411702,0.03502763368978071,,,,,,,3081,0.0,3
CNN-LSTM (+Weather),1,validation,target_transition,positive_to_zero,0.14562231589888416,0.012178364736501796,,,0.14562231589888416,0.012178364736501796,0.25381429363727676,0.032209808158046624,,,,,,,215,1.0,3
CNN-LSTM (+Weather),1,validation,target_transition,zero_to_positive,0.2319600118640167,0.013057765499664115,,,0.2319600118640167,0.013057765499664115,0.5000406468898818,0.012753450579198203,,,,,,,214,0.0,3
CNN-LSTM (+Weather),1,validation,target_transition,zero_to_zero,0.05655852256928364,0.027789826624204896,,,0.05655852256928364,0.027789826624204896,0.10156147466178395,0.00868910016559855,,,,,,,739,1.0,3
CNN-LSTM (+Weather),3,test,all,all,1.5183710316759438,0.031965298205717314,,,1.5183710316759438,0.031965298205717314,2.426038588263058,0.06632141922257287,,,,,,,8734,0.1632699793908862,3
CNN-LSTM (+Weather),3,test,issue_wind,12_or_more,3.400407064862971,0.23002508010327993,,,3.400407064862971,0.23002508010327993,4.254976070120031,0.3097656446176785,,,,,,,38,0.0,3
CNN-LSTM (+Weather),3,test,issue_wind,3_to_6,1.7188030857056198,0.04948735044411308,,,1.7188030857056198,0.04948735044411308,2.5208765343567587,0.08023821547378782,,,,,,,3668,0.059432933478735,3
CNN-LSTM (+Weather),3,test,issue_wind,6_to_12,2.909182431201863,0.08214042136275015,,,2.909182431201863,0.08214042136275015,3.6766014351392418,0.09985746333337212,,,,,,,1653,0.0012099213551119178,3
CNN-LSTM (+Weather),3,test,issue_wind,below_3,0.5981596577920015,0.01183630997441031,,,0.5981596577920015,0.01183630997441031,1.2242410407578508,0.028116248010265788,,,,,,,3375,0.35733333333333334,3
CNN-LSTM (+Weather),3,test,season,autumn,1.1672343332525053,0.05213140403682438,,,1.1672343332525053,0.05213140403682438,1.9952348615132711,0.0883538838416054,,,,,,,2184,0.19688644688644688,3
CNN-LSTM (+Weather),3,test,season,spring,1.8104861686176565,0.05089175408040166,,,1.8104861686176565,0.05089175408040166,2.911372827623105,0.09400078124074948,,,,,,,2208,0.15760869565217392,3
CNN-LSTM (+Weather),3,test,season,summer,1.1568380099280227,0.005426271338881894,,,1.1568380099280227,0.005426271338881894,1.8987630768120027,0.020388219175809585,,,,,,,2208,0.223731884057971,3
CNN-LSTM (+Weather),3,test,season,winter,1.9495599909116026,0.03695530632901286,,,1.9495599909116026,0.03695530632901286,2.740621981827708,0.07201969779439142,,,,,,,2134,0.07216494845360824,3
CNN-LSTM (+Weather),3,test,target_transition,positive_to_positive,1.8473881451580363,0.06053634194305923,,,1.8473881451580363,0.06053634194305923,2.714155289776572,0.0774612386715467,,,,,,,6915,0.0,3
CNN-LSTM (+Weather),3,test,target_transition,positive_to_zero,0.43324278590788373,0.12220305283040782,,,0.43324278590788373,0.12220305283040782,0.7806443497966719,0.09750422078690235,,,,,,,393,1.0,3
CNN-LSTM (+Weather),3,test,target_transition,zero_to_positive,0.27037669757068233,0.020085642363841225,,,0.27037669757068233,0.020085642363841225,0.45472248948910227,0.028581732780231336,,,,,,,393,0.0,3
CNN-LSTM (+Weather),3,test,target_transition,zero_to_zero,0.20352479175488078,0.08718984491365346,,,0.20352479175488078,0.08718984491365346,0.3648139805164446,0.05496268854788217,,,,,,,1033,1.0,3
CNN-LSTM (+Weather),3,validation,all,all,1.3406375145955416,0.008169203754286921,,,1.3406375145955416,0.008169203754286921,2.1486390440473655,0.04801360072554333,,,,,,,4247,0.22510007063809748,3
CNN-LSTM (+Weather),3,validation,issue_wind,12_or_more,3.4882675219757515,0.41663041915359833,,,3.4882675219757515,0.41663041915359833,4.134474545260415,0.24870699362940615,,,,,,,23,0.0,3
CNN-LSTM (+Weather),3,validation,issue_wind,3_to_6,1.6317139708576291,0.02822110194953437,,,1.6317139708576291,0.02822110194953437,2.311496872948377,0.06014709647842762,,,,,,,1967,0.08286731062531774,3
CNN-LSTM (+Weather),3,validation,issue_wind,6_to_12,2.548898512330726,0.049142700061262784,,,2.548898512330726,0.049142700061262784,3.2746508992546643,0.05434830543687362,,,,,,,672,0.0,3
CNN-LSTM (+Weather),3,validation,issue_wind,below_3,0.43597235994865563,0.03692161362311448,,,0.43597235994865563,0.03692161362311448,0.9715991733032467,0.03392717540126365,,,,,,,1585,0.5003154574132492,3
CNN-LSTM (+Weather),3,validation,season,autumn,1.2946580433357804,0.008017162745769229,,,1.2946580433357804,0.008017162745769229,2.155884509684458,0.0697540071676993,,,,,,,2155,0.2640371229698376,3
CNN-LSTM (+Weather),3,validation,season,summer,1.1275897673470754,0.035138710741915005,,,1.1275897673470754,0.035138710741915005,1.8411079966882689,0.005779442061799935,,,,,,,1407,0.2572850035536603,3
CNN-LSTM (+Weather),3,validation,season,winter,1.9228914429800354,0.04837303364558604,,,1.9228914429800354,0.04837303364558604,2.652285668960949,0.07148991201773391,,,,,,,685,0.0364963503649635,3
CNN-LSTM (+Weather),3,validation,target_transition,positive_to_positive,1.754930095673153,0.037511086574623626,,,1.754930095673153,0.037511086574623626,2.5047713029635728,0.06402272849757258,,,,,,,3077,0.0,3
CNN-LSTM (+Weather),3,validation,target_transition,positive_to_zero,0.4202129812319149,0.1411097692457852,,,0.4202129812319149,0.1411097692457852,0.8111229306113975,0.17003789089283508,,,,,,,215,1.0,3
CNN-LSTM (+Weather),3,validation,target_transition,zero_to_positive,0.2818387794712726,0.02690782847056721,,,0.2818387794712726,0.02690782847056721,0.5034603220853268,0.027589861670261825,,,,,,,214,0.0,3
CNN-LSTM (+Weather),3,validation,target_transition,zero_to_zero,0.19312865091667916,0.0981896772439004,,,0.19312865091667916,0.0981896772439004,0.35754585599865635,0.10672054260414014,,,,,,,741,1.0,3
CNN-LSTM (+Weather),6,test,all,all,2.109037305934262,0.04797465712275277,,,2.109037305934262,0.04797465712275277,3.387311465534038,0.07081361404675443,,,,,,,8731,0.16332607948688582,3
CNN-LSTM (+Weather),6,test,issue_wind,12_or_more,4.867281246170044,0.26031033882634147,,,4.867281246170044,0.26031033882634147,5.841167399007463,0.4247878731958436,,,,,,,38,0.0,3
CNN-LSTM (+Weather),6,test,issue_wind,3_to_6,2.345868998038898,0.06751310949211213,,,2.345868998038898,0.06751310949211213,3.5122862512834963,0.10017706995043961,,,,,,,3668,0.08724100327153762,3
CNN-LSTM (+Weather),6,test,issue_wind,6_to_12,3.904880803242854,0.16916412514536525,,,3.904880803242854,0.16916412514536525,4.940715630010419,0.2193052045063186,,,,,,,1650,0.011515151515151515,3
CNN-LSTM (+Weather),6,test,issue_wind,below_3,0.9426213986963533,0.039051731614603576,,,0.9426213986963533,0.039051731614603576,1.9852183209007939,0.02377266125171986,,,,,,,3375,0.32207407407407407,3
CNN-LSTM (+Weather),6,test,season,autumn,1.5238693159458603,0.040377480005589945,,,1.5238693159458603,0.040377480005589945,2.6853090704163662,0.10062739654156849,,,,,,,2184,0.19688644688644688,3
CNN-LSTM (+Weather),6,test,season,spring,2.6423719274953217,0.17947726364589242,,,2.6423719274953217,0.17947726364589242,4.120149830269111,0.22894587031351551,,,,,,,2208,0.15760869565217392,3
CNN-LSTM (+Weather),6,test,season,summer,1.493457169890324,0.04489334074854383,,,1.493457169890324,0.04489334074854383,2.508004804367239,0.13891758815594415,,,,,,,2208,0.223731884057971,3
CNN-LSTM (+Weather),6,test,season,winter,2.79397629519417,0.05308023251335189,,,2.79397629519417,0.05308023251335189,3.9314032910339187,0.14876239534059707,,,,,,,2131,0.07226654152979822,3
CNN-LSTM (+Weather),6,test,target_transition,positive_to_positive,2.5325815541975745,0.05541016197022813,,,2.5325815541975745,0.05541016197022813,3.7770844986422207,0.0773632817768871,,,,,,,6912,0.0,3
CNN-LSTM (+Weather),6,test,target_transition,positive_to_zero,0.7129508820476929,0.09821485366377608,,,0.7129508820476929,0.09821485366377608,1.289588775366506,0.17627836287871956,,,,,,,393,1.0,3
CNN-LSTM (+Weather),6,test,target_transition,zero_to_positive,0.4723517322071818,0.06667222583352335,,,0.4723517322071818,0.06667222583352335,0.8843789227212003,0.1246329008324189,,,,,,,393,0.0,3
CNN-LSTM (+Weather),6,test,target_transition,zero_to_zero,0.42882583552395076,0.08905076603630185,,,0.42882583552395076,0.08905076603630185,0.7385885882804795,0.22297539418685697,,,,,,,1033,1.0,3
CNN-LSTM (+Weather),6,validation,all,all,1.8141307994056894,0.030510739915903046,,,1.8141307994056894,0.030510739915903046,2.8993565312603153,0.06125391611075411,,,,,,,4244,0.22525918944392084,3
CNN-LSTM (+Weather),6,validation,issue_wind,12_or_more,4.8784081292149635,0.7177574834895051,,,4.8784081292149635,0.7177574834895051,5.5959386166554514,0.6504278164815351,,,,,,,23,0.0,3
CNN-LSTM (+Weather),6,validation,issue_wind,3_to_6,2.2128323853992895,0.09812031503093034,,,2.2128323853992895,0.09812031503093034,3.1956084135739062,0.13538721748369117,,,,,,,1966,0.10528992878942015,3
CNN-LSTM (+Weather),6,validation,issue_wind,6_to_12,3.249434826127113,0.1163942356921825,,,3.249434826127113,0.1163942356921825,4.097890100181872,0.14512053199383806,,,,,,,670,0.005970149253731343,3
CNN-LSTM (+Weather),6,validation,issue_wind,below_3,0.6684024747669605,0.015318057729963135,,,0.6684024747669605,0.015318057729963135,1.5066320173548131,0.03195688157174137,,,,,,,1585,0.47003154574132494,3
CNN-LSTM (+Weather),6,validation,season,autumn,1.7092730270899805,0.008177163576624987,,,1.7092730270899805,0.008177163576624987,2.831616253175189,0.030766457855129728,,,,,,,2158,0.26367006487488415,3
CNN-LSTM (+Weather),6,validation,season,summer,1.5084005447817006,0.05221504647532917,,,1.5084005447817006,0.05221504647532917,2.4567077243666833,0.13825467408343467,,,,,,,1404,0.25783475783475784,3
CNN-LSTM (+Weather),6,validation,season,winter,2.7753160635543406,0.21806286307609918,,,2.7753160635543406,0.21806286307609918,3.8005488203743103,0.2964893299012675,,,,,,,682,0.036656891495601175,3
CNN-LSTM (+Weather),6,validation,target_transition,positive_to_positive,2.344570410912459,0.047790937321526686,,,2.344570410912459,0.047790937321526686,3.3707280807483238,0.06809734113287415,,,,,,,3073,0.0,3
CNN-LSTM (+Weather),6,validation,target_transition,positive_to_zero,0.5971802701090657,0.054116699064794306,,,0.5971802701090657,0.054116699064794306,1.162188368608611,0.153797564792189,,,,,,,215,1.0,3
CNN-LSTM (+Weather),6,validation,target_transition,zero_to_positive,0.44209391483297344,0.019635346330488225,,,0.44209391483297344,0.019635346330488225,0.895578513935514,0.09463805493397054,,,,,,,215,0.0,3
CNN-LSTM (+Weather),6,validation,target_transition,zero_to_zero,0.36553615409071466,0.04679573716155128,,,0.36553615409071466,0.04679573716155128,0.6309244605271754,0.002226086794742393,,,,,,,741,1.0,3
CNN-LSTM (+Weather),9,test,all,all,2.374302507062169,0.05344993222603716,,,2.374302507062169,0.05344993222603716,3.7652093338854797,0.13325313441491457,,,,,,,8728,0.16338221814848763,3
CNN-LSTM (+Weather),9,test,issue_wind,12_or_more,5.097126058377852,0.5374129785627889,,,5.097126058377852,0.5374129785627889,6.359506044171148,0.6137146908745557,,,,,,,38,0.0,3
CNN-LSTM (+Weather),9,test,issue_wind,3_to_6,2.5422505822208943,0.03195055810771347,,,2.5422505822208943,0.03195055810771347,3.823189533052192,0.07065543118500806,,,,,,,3668,0.11477644492911669,3
CNN-LSTM (+Weather),9,test,issue_wind,6_to_12,4.0286521007005565,0.2351343583177895,,,4.0286521007005565,0.2351343583177895,5.204190389228958,0.3060905913555596,,,,,,,1647,0.019429265330904676,3
CNN-LSTM (+Weather),9,test,issue_wind,below_3,1.3537944728830205,0.056497315332377444,,,1.3537944728830205,0.056497315332377444,2.663185774348769,0.09082211727715986,,,,,,,3375,0.2882962962962963,3
CNN-LSTM (+Weather),9,test,season,autumn,1.6939939682792382,0.05146053734442296,,,1.6939939682792382,0.05146053734442296,2.9444975127291286,0.07032169760527844,,,,,,,2184,0.19688644688644688,3
CNN-LSTM (+Weather),9,test,season,spring,2.9752646066384885,0.06817120088380631,,,2.9752646066384885,0.06817120088380631,4.5448036622595245,0.20880373609323452,,,,,,,2208,0.15760869565217392,3
CNN-LSTM (+Weather),9,test,season,summer,1.6302582003217452,0.021381730346575912,,,1.6302582003217452,0.021381730346575912,2.788388901923733,0.1084315889308378,,,,,,,2208,0.223731884057971,3
CNN-LSTM (+Weather),9,test,season,winter,3.220975139637481,0.13624165481447323,,,3.220975139637481,0.13624165481447323,4.442940398625608,0.15478788350727787,,,,,,,2128,0.07236842105263158,3
CNN-LSTM (+Weather),9,test,target_transition,positive_to_positive,2.8118932568708246,0.10787769004643169,,,2.8118932568708246,0.10787769004643169,4.179559555524148,0.1567485306741784,,,,,,,6909,0.0,3
CNN-LSTM (+Weather),9,test,target_transition,positive_to_zero,0.9013996390061827,0.18526867314815534,,,0.9013996390061827,0.18526867314815534,1.636653260911724,0.14437392591060927,,,,,,,393,1.0,3
CNN-LSTM (+Weather),9,test,target_transition,zero_to_positive,0.6746601550931328,0.11660772791847895,,,0.6746601550931328,0.11660772791847895,1.2123332985884836,0.13969855398165362,,,,,,,393,0.0,3
CNN-LSTM (+Weather),9,test,target_transition,zero_to_zero,0.6545501169768139,0.1945587551166431,,,0.6545501169768139,0.1945587551166431,1.1459188220509064,0.2303592568188416,,,,,,,1033,1.0,3
CNN-LSTM (+Weather),9,validation,all,all,2.01566266489693,0.03544935812921432,,,2.01566266489693,0.03544935812921432,3.170919425195978,0.07481722062937958,,,,,,,4241,0.22612591369959914,3
CNN-LSTM (+Weather),9,validation,issue_wind,12_or_more,4.3355287302661845,0.9459691786490695,,,4.3355287302661845,0.9459691786490695,4.923190587570348,1.0836513691668856,,,,,,,23,0.0,3
CNN-LSTM (+Weather),9,validation,issue_wind,3_to_6,2.32378036702587,0.04176052360497291,,,2.32378036702587,0.04176052360497291,3.3479494570525863,0.061997582059065345,,,,,,,1966,0.12105798575788403,3
CNN-LSTM (+Weather),9,validation,issue_wind,6_to_12,3.524048982703595,0.09807345442517226,,,3.524048982703595,0.09807345442517226,4.443605643549997,0.1565284009919391,,,,,,,667,0.013493253373313344,3
CNN-LSTM (+Weather),9,validation,issue_wind,below_3,0.9650569892716706,0.1011257261965309,,,0.9650569892716706,0.1011257261965309,2.079541789873962,0.07172508896997881,,,,,,,1585,0.449211356466877,3
CNN-LSTM (+Weather),9,validation,season,autumn,1.8955672094081841,0.025250750183031755,,,1.8955672094081841,0.025250750183031755,3.060485794564381,0.10940005544069556,,,,,,,2159,0.26401111625752666,3
CNN-LSTM (+Weather),9,validation,season,summer,1.7442784502581405,0.02643200984692445,,,1.7442784502581405,0.02643200984692445,2.820001200707987,0.06781327298202394,,,,,,,1401,0.2583868665239115,3
CNN-LSTM (+Weather),9,validation,season,winter,2.9547160762172595,0.15771919927683684,,,2.9547160762172595,0.15771919927683684,4.0644035055891665,0.22491338516503107,,,,,,,681,0.039647577092511016,3
CNN-LSTM (+Weather),9,validation,target_transition,positive_to_positive,2.5659843528813684,0.07269582411016778,,,2.5659843528813684,0.07269582411016778,3.6631000739297144,0.09299730408401971,,,,,,,3067,0.0,3
CNN-LSTM (+Weather),9,validation,target_transition,positive_to_zero,0.7875933234729332,0.20000209838441804,,,0.7875933234729332,0.20000209838441804,1.5291208409752812,0.09771147286720955,,,,,,,216,1.0,3
CNN-LSTM (+Weather),9,validation,target_transition,zero_to_positive,0.5944442347659452,0.13979988129572007,,,0.5944442347659452,0.13979988129572007,1.1795665947645553,0.05019717244690527,,,,,,,215,0.0,3
CNN-LSTM (+Weather),9,validation,target_transition,zero_to_zero,0.5122822115691642,0.21463855562669487,,,0.5122822115691642,0.21463855562669487,0.9528894117591906,0.10766670084836462,,,,,,,743,1.0,3
CNN-LSTM (+Weather),12,test,all,all,2.580942137894043,0.06084593751364316,,,2.580942137894043,0.06084593751364316,4.137040270765731,0.09600662840257342,,,,,,,8725,0.16343839541547278,3
CNN-LSTM (+Weather),12,test,issue_wind,12_or_more,4.731866383525246,0.5314059244983345,,,4.731866383525246,0.5314059244983345,6.270243145375154,0.5242600953146802,,,,,,,38,0.0,3
CNN-LSTM (+Weather),12,test,issue_wind,3_to_6,2.7096349144759917,0.0490287435674221,,,2.7096349144759917,0.0490287435674221,4.219930563123168,0.06463953989261363,,,,,,,3668,0.11777535441657579,3
CNN-LSTM (+Weather),12,test,issue_wind,6_to_12,4.211680553116647,0.1663201013722162,,,4.211680553116647,0.1663201013722162,5.426399041343615,0.2581239160907315,,,,,,,1644,0.0340632603406326,3
CNN-LSTM (+Weather),12,test,issue_wind,below_3,1.6225083066458847,0.03265293685359133,,,1.6225083066458847,0.03265293685359133,3.177234893954062,0.017381162276719497,,,,,,,3375,0.2779259259259259,3
CNN-LSTM (+Weather),12,test,season,autumn,1.8353994150919934,0.007815469525848799,,,1.8353994150919934,0.007815469525848799,3.2638443068344274,0.016037654232310787,,,,,,,2184,0.19688644688644688,3
CNN-LSTM (+Weather),12,test,season,spring,3.1287000730652372,0.04287944891166009,,,3.1287000730652372,0.04287944891166009,4.870479857915304,0.0665967441222616,,,,,,,2208,0.15760869565217392,3
CNN-LSTM (+Weather),12,test,season,summer,1.7464959806513507,0.03633509228200391,,,1.7464959806513507,0.03633509228200391,3.1150919843026625,0.08304050107175527,,,,,,,2208,0.223731884057971,3
CNN-LSTM (+Weather),12,test,season,winter,3.64507056186277,0.16341713919622672,,,3.64507056186277,0.16341713919622672,4.957677965189259,0.2185891155266017,,,,,,,2125,0.07247058823529412,3
CNN-LSTM (+Weather),12,test,target_transition,positive_to_positive,3.082536612957582,0.06516428170879608,,,3.082536612957582,0.06516428170879608,4.602492059191179,0.10297297983577952,,,,,,,6906,0.0,3
CNN-LSTM (+Weather),12,test,target_transition,positive_to_zero,0.893810027617838,0.04024128329134956,,,0.893810027617838,0.04024128329134956,1.6110697351459817,0.13053864929489203,,,,,,,393,1.0,3
CNN-LSTM (+Weather),12,test,target_transition,zero_to_positive,0.6743148010809189,0.03009513389786715,,,0.6743148010809189,0.03009513389786715,1.3235520037548216,0.09117253589669351,,,,,,,393,0.0,3
CNN-LSTM (+Weather),12,test,target_transition,zero_to_zero,0.5948201804083754,0.05935227599680613,,,0.5948201804083754,0.05935227599680613,1.1322345223110946,0.08790138969457004,,,,,,,1033,1.0,3
CNN-LSTM (+Weather),12,validation,all,all,2.178797278159694,0.04807178649686219,,,2.178797278159694,0.04807178649686219,3.4943838248096895,0.0540508800845633,,,,,,,4238,0.2267579046720151,3
CNN-LSTM (+Weather),12,validation,issue_wind,12_or_more,3.9129077493029603,1.220009490597582,,,3.9129077493029603,1.220009490597582,4.583228356726096,1.1861189046665932,,,,,,,23,0.0,3
CNN-LSTM (+Weather),12,validation,issue_wind,3_to_6,2.4489880481776063,0.06301107044045298,,,2.4489880481776063,0.06301107044045298,3.6723307448016946,0.08394858817531795,,,,,,,1966,0.1358087487283825,3
CNN-LSTM (+Weather),12,validation,issue_wind,6_to_12,3.6410640376219274,0.07345082893982215,,,3.6410640376219274,0.07345082893982215,4.592903302517228,0.0836023852238164,,,,,,,664,0.018072289156626505,3
CNN-LSTM (+Weather),12,validation,issue_wind,below_3,1.2059110176079997,0.020226367989639914,,,1.2059110176079997,0.020226367989639914,2.6004406552251536,0.038704461841510544,,,,,,,1585,0.4302839116719243,3
CNN-LSTM (+Weather),12,validation,season,autumn,1.9684531791563875,0.04845545767558168,,,1.9684531791563875,0.04845545767558168,3.3008225290000084,0.045063439593034355,,,,,,,2159,0.26401111625752666,3
CNN-LSTM (+Weather),12,validation,season,summer,1.9185465615358552,0.031891871205709084,,,1.9185465615358552,0.031891871205709084,3.094291340783599,0.07978511269841414,,,,,,,1398,0.2582260371959943,3
CNN-LSTM (+Weather),12,validation,season,winter,3.379918293707805,0.17025398951205134,,,3.379918293707805,0.17025398951205134,4.665529156416089,0.19010794882051613,,,,,,,681,0.04405286343612335,3
CNN-LSTM (+Weather),12,validation,target_transition,positive_to_positive,2.8166552094498516,0.04606439211287369,,,2.8166552094498516,0.04606439211287369,4.059692355461057,0.050452561105255284,,,,,,,3062,0.0,3
CNN-LSTM (+Weather),12,validation,target_transition,positive_to_zero,0.6853091907478118,0.05974952516663592,,,0.6853091907478118,0.05974952516663592,1.2590630207308846,0.16124239825541542,,,,,,,215,1.0,3
CNN-LSTM (+Weather),12,validation,target_transition,zero_to_positive,0.5368336778321533,0.06448076630629128,,,0.5368336778321533,0.06448076630629128,1.1354532181022952,0.1618265991130472,,,,,,,215,0.0,3
CNN-LSTM (+Weather),12,validation,target_transition,zero_to_zero,0.46432157742713476,0.06317078903297618,,,0.46432157742713476,0.06317078903297618,0.9348747612080933,0.13787797656232723,,,,,,,746,1.0,3
CNN-LSTM (+Weather),24,test,all,all,3.098358946499088,0.048711442408992896,,,3.098358946499088,0.048711442408992896,4.677154147283901,0.040089404422590354,,,,,,,8713,0.1636634913347871,3
CNN-LSTM (+Weather),24,test,issue_wind,12_or_more,4.452845231233556,0.6833439789006818,,,4.452845231233556,0.6833439789006818,5.48030649002309,0.7023518102708755,,,,,,,38,0.0,3
CNN-LSTM (+Weather),24,test,issue_wind,3_to_6,3.0324652821074722,0.020209997920614085,,,3.0324652821074722,0.020209997920614085,4.468632930054043,0.02996296981815068,,,,,,,3659,0.15714676141022138,3
CNN-LSTM (+Weather),24,test,issue_wind,6_to_12,4.338423591807332,0.10898939287721839,,,4.338423591807332,0.10898939287721839,5.773770454129255,0.16786999658898166,,,,,,,1641,0.07739183424741011,3
CNN-LSTM (+Weather),24,test,issue_wind,below_3,2.5515999409400307,0.06482650105482649,,,2.5515999409400307,0.06482650105482649,4.273950437548926,0.050340482078518635,,,,,,,3375,0.21451851851851853,3
CNN-LSTM (+Weather),24,test,season,autumn,2.263574471447885,0.020913521823680552,,,2.263574471447885,0.020913521823680552,3.695548460592087,0.08474963743360507,,,,,,,2184,0.19688644688644688,3
CNN-LSTM (+Weather),24,test,season,spring,3.640993426488107,0.12440209325051146,,,3.640993426488107,0.12440209325051146,5.407729805228084,0.11723268756110748,,,,,,,2208,0.15760869565217392,3
CNN-LSTM (+Weather),24,test,season,summer,2.0441625850014815,0.035844031659246454,,,2.0441625850014815,0.035844031659246454,3.4247847701495764,0.07940409729395365,,,,,,,2208,0.223731884057971,3
CNN-LSTM (+Weather),24,test,season,winter,4.495755031630554,0.05104090237774408,,,4.495755031630554,0.05104090237774408,5.766135480304128,0.13187345363243477,,,,,,,2113,0.07288215806909608,3
CNN-LSTM (+Weather),24,test,target_transition,positive_to_positive,3.5483707312466866,0.02055827988792042,,,3.5483707312466866,0.02055827988792042,5.1626725142989125,0.0672334894620144,,,,,,,6894,0.0,3
CNN-LSTM (+Weather),24,test,target_transition,positive_to_zero,1.605476488372701,0.2610885076023481,,,1.605476488372701,0.2610885076023481,2.2054783793551542,0.3029818632234465,,,,,,,393,1.0,3
CNN-LSTM (+Weather),24,test,target_transition,zero_to_positive,1.3206817797679415,0.22266557652691066,,,1.3206817797679415,0.22266557652691066,1.9352768673529859,0.2753363406230038,,,,,,,393,0.0,3
CNN-LSTM (+Weather),24,test,target_transition,zero_to_zero,1.3393547727518138,0.23523578713855461,,,1.3393547727518138,0.23523578713855461,1.8079354568166146,0.24448053186955027,,,,,,,1033,1.0,3
CNN-LSTM (+Weather),24,validation,all,all,2.6647887165982436,0.027121142974381254,,,2.6647887165982436,0.027121142974381254,4.07685855108923,0.11746568810885638,,,,,,,4226,0.22574538570752484,3
CNN-LSTM (+Weather),24,validation,issue_wind,12_or_more,2.810495198807924,0.4337322004077396,,,2.810495198807924,0.4337322004077396,3.2349414215459547,0.2863134193908953,,,,,,,23,0.34782608695652173,3
CNN-LSTM (+Weather),24,validation,issue_wind,3_to_6,2.8338106947098716,0.045101730487700144,,,2.8338106947098716,0.045101730487700144,4.133782847722138,0.1253080511649409,,,,,,,1961,0.16930137684854665,3
CNN-LSTM (+Weather),24,validation,issue_wind,6_to_12,3.736290128309624,0.14034090453329476,,,3.736290128309624,0.14034090453329476,4.81456334114043,0.27293216971853684,,,,,,,657,0.0669710806697108,3
CNN-LSTM (+Weather),24,validation,issue_wind,below_3,2.009407154666318,0.05178878798529823,,,2.009407154666318,0.05178878798529823,3.6603679949961716,0.08545391753485254,,,,,,,1585,0.35962145110410093,3
CNN-LSTM (+Weather),24,validation,season,autumn,2.407561261526033,0.05435189786092365,,,2.407561261526033,0.05435189786092365,3.848155531306628,0.11099862026362262,,,,,,,2159,0.26401111625752666,3
CNN-LSTM (+Weather),24,validation,season,summer,2.2700884670465236,0.041629698310791746,,,2.2700884670465236,0.041629698310791746,3.423624443236708,0.1546281237957112,,,,,,,1386,0.25252525252525254,3
CNN-LSTM (+Weather),24,validation,season,winter,4.283597264879575,0.11987213946612559,,,4.283597264879575,0.11987213946612559,5.682610198103657,0.2606442674289632,,,,,,,681,0.049926578560939794,3
CNN-LSTM (+Weather),24,validation,target_transition,positive_to_positive,3.3015859671153045,0.100130522206173,,,3.3015859671153045,0.100130522206173,4.717272823705357,0.16473150458726443,,,,,,,3057,0.0,3
CNN-LSTM (+Weather),24,validation,target_transition,positive_to_zero,1.1130263246944019,0.22435882930140597,,,1.1130263246944019,0.22435882930140597,1.52047730441606,0.2412065214605421,,,,,,,214,1.0,3
CNN-LSTM (+Weather),24,validation,target_transition,zero_to_positive,0.8909776228633541,0.1813618338420364,,,0.8909776228633541,0.1813618338420364,1.2888718129237626,0.1854662743993787,,,,,,,215,0.0,3
CNN-LSTM (+Weather),24,validation,target_transition,zero_to_zero,0.9982445844222565,0.21579961641516762,,,0.9982445844222565,0.21579961641516762,1.3308540056357157,0.20526967633376336,,,,,,,740,1.0,3
EMFN (Proposed),1,test,all,all,0.5802227242983542,0.005758518426707867,0.06933878748777882,0.0016599792775632437,0.8003274057593813,0.009934380667863714,1.2878509483188136,0.015487470815387407,0.8997252747252747,0.009461528534694025,3.354598162459783,0.09884184702254085,4.6244225866718525,0.04847781534948296,8736,0.16323260073260074,3
EMFN (Proposed),1,test,issue_wind,12_or_more,1.7245304669904318,0.0722418939713211,0.006192267743259375,0.002429081909649064,2.355591508390528,0.11620462932980427,3.1720512739147027,0.10021328275638439,0.8157894736842105,0.06962503450169978,8.100943385161203,0.598888066768453,13.676140741487353,1.4829916706675812,38,0.0,3
EMFN (Proposed),1,test,issue_wind,3_to_6,0.6406538496629938,0.0027283372745556204,0.023241574330516105,0.0009607012720916162,0.8850870450615126,0.003925855280360268,1.3003919319161252,0.01248806966048683,0.8994910941475828,0.007477834088393528,3.796288446495535,0.1110218318187145,5.066934236215237,0.06347450741952834,3668,0.03271537622682661,3
EMFN (Proposed),1,test,issue_wind,6_to_12,1.0900820704215077,0.019451872099780974,0.002408349821822935,0.0002573949395116046,1.5148538616547693,0.03270913081712565,1.9679649481193835,0.04043652255371431,0.8964753272910372,0.014518285027947705,6.579776415546642,0.1522561132412853,8.306784549362405,0.07109830893868847,1655,0.0012084592145015106,3
EMFN (Proposed),1,test,issue_wind,below_3,0.25164130803357904,0.00312219125001333,0.15296960821319752,0.0037589272483888386,0.34031564950247245,0.006000622833608547,0.6651583456661488,0.01116188856769349,0.9025185185185185,0.009407115772674106,1.2395904323369562,0.06985796147043428,2.2358575292908185,0.02888659462343767,3375,0.38637037037037036,3
EMFN (Proposed),1,test,season,autumn,0.4698832972089401,0.00815349965643948,0.07888419331347157,0.0020248858422891205,0.6444990410902576,0.012149459311161336,1.0546738481333782,0.022880901914689607,0.9014041514041514,0.014690121386466392,2.661098980464065,0.10218294636413139,3.8091477912918346,0.08973830456238485,2184,0.19688644688644688,3
EMFN (Proposed),1,test,season,spring,0.6692863961322052,0.0056583635299910775,0.06828464418235018,0.0018460708794067358,0.9262047692274709,0.008172712604490208,1.5047750501682915,0.0041517995013018475,0.8801328502415459,0.012438917303813132,3.5676240912094124,0.12167672125666315,5.26905400826034,0.09277259874111086,2208,0.15760869565217392,3
EMFN (Proposed),1,test,season,summer,0.45006812435536675,0.0008589041938022891,0.08730052130624501,0.003853314384338075,0.6146018024842012,0.000726918760874418,1.0239535713091268,0.0013618054224981701,0.904891304347826,0.007074501518031372,2.63830084864827,0.07596856443422711,3.699313312265359,0.07664355447516848,2208,0.223731884057971,3
EMFN (Proposed),1,test,season,winter,0.7355177046486602,0.01261604650529292,0.04210136886600912,0.0010061784575278693,1.0215231276373884,0.025931695043448708,1.490295929639478,0.0345503185493154,0.9129213483146067,0.008517511890758557,4.583917184789038,0.12389035595682003,5.74795032643408,0.09251553029792683,2136,0.07209737827715355,3
EMFN (Proposed),1,test,target_transition,positive_to_positive,0.7129138186052851,0.0075787769357997335,0.022264876455736066,0.0014320493910003748,0.9866594022188635,0.012665839132631954,1.4394740524795855,0.01816675935495424,0.8916196809792298,0.009491561210377492,4.074552416332483,0.11028079593983908,5.616926818688023,0.06513899553268114,6917,0.0,3
EMFN (Proposed),1,test,target_transition,positive_to_zero,0.12271330484570718,0.0013773514477260229,0.4657172152400082,0.023379073156067263,0.15610697172108212,0.003218053525382024,0.42573989511149124,0.0077956198127549945,0.8549618320610687,0.014167339345623439,1.029320928166472,0.03561599234998316,1.1914871563861789,0.028182884272291656,393,1.0,3
EMFN (Proposed),1,test,target_transition,zero_to_positive,0.18296479679612263,0.0031863134983933588,0.48479854619537904,0.015785343868568454,0.23818601976450351,0.00654417844671837,0.38434867861557737,0.023258823424022936,0.8346055979643765,0.02890029692519229,0.7225316343478122,0.06152335991196618,1.6280122321430837,0.1065072289827104,393,0.0,3
EMFN (Proposed),1,test,target_transition,zero_to_zero,0.01691127031212587,0.001229658776792205,0.07568712759419359,0.007081819411138577,0.011597275810494983,0.001369070038124252,0.1594003539008205,0.03293395175457459,0.9958050984188448,0.0029574544659282417,0.41976033534246654,0.06476238810651953,0.4245979212083732,0.06543652108883777,1033,1.0,3
EMFN (Proposed),1,validation,all,all,0.5205933549939591,0.003618575988077552,0.07275998408410252,0.0008332827815104809,0.7204916919236797,0.006247346262976535,1.1601303310978068,0.013153673221209822,0.9214717188358046,0.006858866555077854,3.265575380800337,0.06558743341413889,4.0945237132584404,0.053717200599217876,4249,0.22452341727465286,3
EMFN (Proposed),1,validation,issue_wind,12_or_more,1.3757119032444445,0.15817701789754243,0.0003407693657610776,0.0003013714492252994,1.8703162876348223,0.15714567035175692,2.573558307865509,0.26405227073167564,0.8550724637681159,0.050204371233880475,7.116954426449496,0.14633132625128792,10.597335320907494,1.27129416504257,23,0.0,3
EMFN (Proposed),1,validation,issue_wind,3_to_6,0.6432346127900485,0.007844298178334645,0.02418064714571258,0.000635697229142266,0.8945266255141487,0.01143002845192909,1.2594515840112042,0.01648810698382332,0.9102759437954969,0.0104124085421918,3.967894590117339,0.048212007669039714,4.984899646532802,0.0749527777819209,1969,0.05027932960893855,3
EMFN (Proposed),1,validation,issue_wind,6_to_12,0.9840837573587544,0.008954394178170962,0.0004487551093817796,5.3846415112727543e-05,1.3689284812076823,0.006428173446233241,1.7485500337321476,0.01699264947952191,0.9315476190476191,0.003937129927179437,6.6086618921173494,0.19752754871576672,7.426195101999634,0.20052983705059657,672,0.0,3
EMFN (Proposed),1,validation,issue_wind,below_3,0.15932274704480875,0.0015616362363237723,0.16481771420474856,0.0016037065799089575,0.21268710369665164,0.004579535791370543,0.4944223123671149,0.005034862898495214,0.9320715036803365,0.005365867853700556,0.9198325563207556,0.040865615607733864,1.4815280963327442,0.024592715953760058,1585,0.5394321766561514,3
EMFN (Proposed),1,validation,season,autumn,0.5062785539080358,0.0055468167432401495,0.08185864518673032,0.0007444692852645513,0.7040344955958734,0.010199197280080006,1.1865867989985253,0.019310011225569936,0.9132992723331785,0.006271753862990873,2.9650323508365055,0.07068147422470411,3.9647211277212224,0.04960523836193187,2153,0.2633534602879703,3
EMFN (Proposed),1,validation,season,summer,0.43197573362166936,0.0018576289164268297,0.08583964814204838,0.0018369722040585059,0.585713630707104,0.0052128933446552615,0.9612457905569016,0.001713132944622553,0.9347054648687011,0.006146383277391355,2.9761474118503437,0.03443854121031735,3.530907911311097,0.08251791877791301,1409,0.25691980127750175,3
EMFN (Proposed),1,validation,season,winter,0.7472047017938857,0.006836184929914644,0.017419861796470166,0.00038145272668809534,1.0484897005814993,0.015472554642739157,1.4199849436542105,0.01800627161956517,0.9199417758369725,0.011368631260417279,4.801053039843527,0.12033557269826338,5.657259712684113,0.01707174124360663,687,0.036390101892285295,3
EMFN (Proposed),1,validation,target_transition,positive_to_positive,0.6931296291949293,0.005079067844490187,0.017798608377358235,0.0013608201068515088,0.9643195981188573,0.008928331138778339,1.351389328391127,0.015565877275955592,0.9104186952288219,0.006483279570087031,4.297092584169089,0.08008156026907125,5.3425944462293815,0.05792511668648839,3081,0.0,3
EMFN (Proposed),1,validation,target_transition,positive_to_zero,0.10387825187361684,0.003230141403841955,0.446366331580591,0.020411837928035314,0.12831787467007985,0.005113353958857581,0.3612157079563138,0.0027342316423789683,0.9069767441860465,0.027906976744186004,0.9771026474497987,0.02297710765526682,1.0626381489469388,0.023896238657819938,215,1.0,3
EMFN (Proposed),1,validation,target_transition,zero_to_positive,0.20654831710922436,0.003587099657674066,0.5045742384109925,0.025094437437599267,0.2659158295381164,0.0033568894061673533,0.49702426388801224,0.011593512871814267,0.82398753894081,0.01888528917909993,0.6354187450947594,0.02747473368736436,1.9560733936220125,0.24203061945483467,214,0.0,3
EMFN (Proposed),1,validation,target_transition,zero_to_zero,0.01344196726056012,0.0019774026098433044,0.06816239736526573,0.01103019444540325,0.007856815432059168,0.001522321434044775,0.1224389707139391,0.007724152363683547,1.0,0.0,0.39246395202122564,0.03466890589080573,0.39246395202122564,0.03466890589080573,739,1.0,3
EMFN (Proposed),3,test,all,all,1.0563447334973362,0.036286214310204186,0.09625299990574411,0.0027159254034090996,1.4748089354244727,0.04219867682373401,2.3237868160192323,0.06514447951959645,0.8960384703457751,0.034114345608271555,5.561276549567616,0.5642799299963178,8.28269338682681,0.6441402432443601,8734,0.1632699793908862,3
EMFN (Proposed),3,test,issue_wind,12_or_more,2.138974939351853,0.25629778413231785,0.002190413410588433,0.0033742441135748134,3.017335412645687,0.40406451349878725,3.86297520963589,0.4205913233626985,0.8421052631578947,0.0,10.932399210779097,0.7717118526062983,16.056243671354363,1.474318242587182,38,0.0,3
EMFN (Proposed),3,test,issue_wind,3_to_6,1.180896874058775,0.033915777776938244,0.05157657778346305,0.0020295560210673463,1.6491593326223926,0.03348819114798778,2.380398761270954,0.04813589762038799,0.8880407124681934,0.04140029763213686,6.342998381317552,0.7087362977637431,9.176173840243633,0.7234933472390297,3668,0.059432933478735,3
EMFN (Proposed),3,test,issue_wind,6_to_12,2.0184297037281396,0.10172182141920019,0.0020573629263133794,0.0008515774178142054,2.8827248301650523,0.13020637564767515,3.577191115894197,0.14444359754209607,0.8511796733212341,0.034482758620689676,10.059006631522758,0.5583136705883843,14.482010952180351,1.3577852421887977,1653,0.0012099213551119178,3
EMFN (Proposed),3,test,issue_wind,below_3,0.43758216899560426,0.009306547416855262,0.19200200214525284,0.004453625413997494,0.5783887170355683,0.01014625625952708,1.173877596571555,0.02120738014165383,0.9273086419753086,0.027259796022627313,2.4483265746174956,0.4163281235810957,4.187833194389966,0.23081365539508394,3375,0.35733333333333334,3
EMFN (Proposed),3,test,season,autumn,0.7866848214887536,0.030627116752930256,0.10825147556512216,0.004011467008601101,1.0877452594760022,0.03284264315701343,1.781113400305193,0.05282854731336427,0.9163614163614163,0.03791345192876945,4.316070041714753,0.4850332987734794,6.349702260942319,0.45986157257400834,2184,0.19688644688644688,3
EMFN (Proposed),3,test,season,spring,1.2838526130498928,0.060915396575795505,0.09826695037305089,0.0033442809286281083,1.7879499196916884,0.06383067032625483,2.791847703325578,0.10705973690700199,0.8659420289855072,0.04382597972247443,6.100186320724575,0.6361766189945924,10.138933308322114,1.2563368056201765,2208,0.15760869565217392,3
EMFN (Proposed),3,test,season,summer,0.8190018755673809,0.025535869857522504,0.12181731600787758,0.003232904305573609,1.1341306846470722,0.022240496805301904,1.882703291128337,0.05176683790299569,0.9094202898550724,0.03569288852152894,4.494950487650104,0.6188340480063818,6.677268098472897,0.6449092852310503,2208,0.223731884057971,3
EMFN (Proposed),3,test,season,winter,1.3424988478759872,0.05992533910821561,0.055438808984748046,0.0019272394288775926,1.8994337492604372,0.0914059080927513,2.6673280234733454,0.10517450166346379,0.8925335832552328,0.02019530941442549,7.381363795654752,0.5637785454499447,10.001462791210853,0.3811769938361081,2134,0.07216494845360824,3
EMFN (Proposed),3,test,target_transition,positive_to_positive,1.288156898643205,0.04934558754827042,0.04028400397914559,0.004951270697999288,1.8090128526409435,0.055086472426785785,2.5847119839220025,0.07695754433264981,0.8786695589298626,0.04035821406978557,6.517218882867822,0.6039900980906795,9.914297467807403,0.9064913678433205,6915,0.0,3
EMFN (Proposed),3,test,target_transition,positive_to_zero,0.2904701084615691,0.050933866740788605,0.4569331034977379,0.02192817783514413,0.36746628124873304,0.06335738979339266,1.041274955736798,0.14210912985293148,0.9041560644614078,0.015547330602055466,2.4801322585727834,0.5347927477136735,2.903254191818684,0.5194682603648583,393,1.0,3
EMFN (Proposed),3,test,target_transition,zero_to_positive,0.2113469352302464,0.013575904552392201,0.2501373965519755,0.018007039009318503,0.27414837860105484,0.009021308381729211,0.6128100127603512,0.07220969718967069,0.9754028837998304,0.01875601729219341,1.9813742488569133,0.4191584719512116,2.1111965943340496,0.35306575356645314,393,0.0,3
EMFN (Proposed),3,test,target_transition,zero_to_zero,0.11742095844829516,0.01771685467630389,0.27515112017564386,0.011228523287689078,0.1156851932858224,0.010999569807164265,0.6071798021265747,0.05904042766497124,0.979025492094224,0.007764575292362695,1.696271782645395,0.3689972106540123,1.7550802436584176,0.34832394551332607,1033,1.0,3
EMFN (Proposed),3,validation,all,all,0.9177482051673301,0.012160630403692092,0.10486300504911346,0.0012275567986651823,1.2764007138788482,0.021548595630353874,2.0498543074271662,0.021010702881372585,0.9230044737461737,0.022430608527499004,5.368416642520337,0.5081418934791966,7.144337075176437,0.21172548339032018,4247,0.22510007063809748,3
EMFN (Proposed),3,validation,issue_wind,12_or_more,2.7784908814676714,0.28260001134589674,0.005055462842169602,0.008146780521803275,3.8349406426356665,0.3221882340631602,4.682925408008022,0.3336094544970655,0.6956521739130435,0.11503266569846043,10.941636564078863,0.7323683553336757,22.091996677379978,3.258780539159312,23,0.0,3
EMFN (Proposed),3,validation,issue_wind,3_to_6,1.0979659746711652,0.009560018502681603,0.05608036810284741,0.0006169655212991176,1.5320291357109717,0.016848955267521545,2.1547569387150425,0.01124404976992293,0.913065582104728,0.024227254819407944,6.536746821512163,0.682544094940441,8.327316051680542,0.1384978887071712,1967,0.08286731062531774,3
EMFN (Proposed),3,validation,issue_wind,6_to_12,1.7888098004469644,0.05479862439620338,0.0005076520491607574,0.0006015041903653191,2.546285937239405,0.10905428366620841,3.1799870299885904,0.07822321609788399,0.8953373015873015,0.01591172116304107,10.01572673606662,0.46110909597436756,12.829681382363306,0.5793483395458567,672,0.0,3
EMFN (Proposed),3,validation,issue_wind,below_3,0.2977868006267211,0.0011583235864440012,0.2110950666011849,0.0043010208838438835,0.38363705822996,0.0034967642461438088,0.9429414196068224,0.01485682891222081,0.9503680336487909,0.022663224022793787,1.8672924134125324,0.31286631368055323,3.0489003609405785,0.12873673748446654,1585,0.5003154574132492,3
EMFN (Proposed),3,validation,season,autumn,0.8732200238149866,0.013270752727563055,0.11463987547540222,0.0016167949920880803,1.2152347559043744,0.014411498715895752,2.040302420436734,0.02602843971404035,0.9178654292343388,0.022103954271581523,4.927880514008693,0.45743801399734246,6.741610123547024,0.24539230660314998,2155,0.2640371229698376,3
EMFN (Proposed),3,validation,season,summer,0.7952149016659574,0.019938235043932093,0.12500376453637022,0.0015045897507780068,1.0868989534258473,0.035419644684032275,1.7979006105656357,0.04672516129789357,0.9357972044539209,0.023968992883092632,5.021022363998344,0.5895660138292654,6.516156032934751,0.16768571254123416,1407,0.2572850035536603,3
EMFN (Proposed),3,validation,season,winter,1.3095184078545297,0.006115688491079554,0.03273569940353315,0.0005298150306170773,1.8580673071523715,0.02028368929039278,2.51261397033096,0.02028853191041409,0.9128953771289537,0.02166953194959838,7.4678897911671065,0.5064963892529302,9.701603217067584,0.28277076990685945,685,0.0364963503649635,3
EMFN (Proposed),3,validation,target_transition,positive_to_positive,1.2162421004190165,0.02229171342282855,0.04101994359567663,0.008555993943083883,1.7060465995567604,0.03523651619706991,2.3799389075904953,0.028962487568337213,0.90174412306359,0.031154049559993357,6.795963098183813,0.5774414114296529,9.186297024845393,0.411084059689193,3077,0.0,3
EMFN (Proposed),3,validation,target_transition,positive_to_zero,0.2383557667784648,0.05318269847944658,0.406232459944922,0.04875986482754011,0.2888030948778139,0.06917491167862522,0.9454928833665862,0.1228188357106254,0.9410852713178294,0.0053707001785081145,2.2443043431693606,0.43345544958249743,2.565068162748854,0.4958424267314051,215,1.0,3
EMFN (Proposed),3,validation,target_transition,zero_to_positive,0.20627455126064687,0.00396396683713157,0.2750278340345366,0.038726836977563794,0.2738656612055512,0.007111452472041803,0.5811267839967659,0.009903274958452711,0.9704049844236761,0.015021262867590276,1.7407288501094602,0.2757142914431928,2.1354023738332266,0.1350050278228283,214,0.0,3
EMFN (Proposed),3,validation,target_transition,zero_to_zero,0.08085079693547846,0.019309564303400414,0.23338580381665155,0.036809529739234924,0.06837858044615223,0.016085892041104964,0.4475081358857775,0.05518056456260725,0.9923526765632028,0.004739385403892301,1.3946634547468844,0.3151148130059839,1.4403479754841262,0.31444197056048623,741,1.0,3
EMFN (Proposed),6,test,all,all,1.452853709202855,0.03293425401325287,0.11444808274546854,0.000611332212284512,2.0238939853389435,0.03777062796353051,3.1677595867254307,0.06468803349851616,0.9072652998892834,0.02355523122748243,7.4945471840168745,0.5741293687335737,11.499305497668757,0.4013932014949432,8731,0.16332607948688582,3
EMFN (Proposed),6,test,issue_wind,12_or_more,3.504725445827295,0.10491845139951862,0.0006909266470108757,0.00022527806083147233,5.130675449510867,0.17026022369205773,5.97528884413241,0.07997272419772393,0.8070175438596491,0.03038685627313818,13.884343657628984,1.0217962022127332,25.76684102686235,0.21251052465973516,38,0.0,3
EMFN (Proposed),6,test,issue_wind,3_to_6,1.5741695889076162,0.028914787314591146,0.0773108403939621,0.0011957195020767695,2.199612792292442,0.03655275300747254,3.207196751853022,0.05849534920300182,0.9039440203562341,0.027752330078089565,8.21087608659439,0.5738008891739373,12.196017198472845,0.2773713817460786,3668,0.08724100327153762,3
EMFN (Proposed),6,test,issue_wind,6_to_12,2.6601002115222543,0.11205926059295965,0.012169284167605607,0.0002594665604544753,3.8065781294659793,0.111749121322868,4.6681660871424455,0.1655563889653021,0.8458585858585859,0.040679866589759604,12.432044944746075,0.9480667078100131,18.912371658691374,1.6014657483673151,1650,0.011515151515151515,3
EMFN (Proposed),6,test,issue_wind,below_3,0.7076938568840996,0.0053692031728420075,0.20609317742118435,0.002726664298763376,0.9264056542712168,0.013521235013064332,1.928743565697874,0.019294497084097303,0.9420246913580247,0.011213682934547515,4.230198151171018,0.4315901187603428,6.957301339343997,0.21249650888620317,3375,0.32207407407407407,3
EMFN (Proposed),6,test,season,autumn,1.0298434326521062,0.014471723416183952,0.13271088537350517,0.0045263356129260635,1.4174678955253663,0.03097058315962795,2.349924821886318,0.026297899491789806,0.9381868131868133,0.010491244722884211,5.865575874156789,0.5576319369606366,8.551967466675823,0.1440446440286123,2184,0.19688644688644688,3
EMFN (Proposed),6,test,season,spring,1.8694692976193121,0.08376739899607817,0.11644424679409748,0.0016933418975106887,2.5659986218346766,0.08691153073550609,3.9298165254382815,0.14325746024320785,0.8635265700483092,0.03422407044251975,8.028012692496901,0.6571739704727003,15.793741513963953,1.3617663859965345,2208,0.15760869565217392,3
EMFN (Proposed),6,test,season,summer,1.0055312030959012,0.01845931561400496,0.14306380103295405,0.004197240649688286,1.3868494138340435,0.031014137693057553,2.3203968697129596,0.03734619890278139,0.9291968599033816,0.02852302193059512,5.997398260596518,0.9617752135733312,8.254393381251814,0.15487452176575134,2208,0.223731884057971,3
EMFN (Proposed),6,test,season,winter,1.9182011133546395,0.03931098288395364,0.06401307704965782,0.0023867750477223424,2.7437728950776066,0.047455665483000384,3.723901276652547,0.05699524580859863,0.8981698732989206,0.023051288767367773,10.162537010822447,0.26117064561538383,13.432500002012915,0.2625026773479804,2131,0.07226654152979822,3
EMFN (Proposed),6,test,target_transition,positive_to_positive,1.7470386623942178,0.04030834824568311,0.053660400808831776,0.0033808049456769238,2.4574024838751733,0.042746184082268594,3.4903286682476478,0.07336443180095194,0.8912519290123457,0.025626159428684,8.452806593067981,0.625383705979153,13.458603032950904,0.5467346023885247,6912,0.0,3
EMFN (Proposed),6,test,target_transition,positive_to_zero,0.47085624981089835,0.0019998313012661627,0.4633852818314967,0.013857800803020834,0.5745795235726038,0.007257777778620152,1.7685951768408508,0.04427360694930501,0.9304495335029687,0.022947835892228565,4.380097824433666,0.40605076409082924,4.876635631994279,0.10069669153826692,393,1.0,3
EMFN (Proposed),6,test,target_transition,zero_to_positive,0.3462954596886168,0.006500535057647425,0.1690737747367275,0.008209023707021711,0.4121401366372132,0.025278675006432612,1.2065995981665596,0.019318899421974182,0.989821882951654,0.006732191631207649,3.978075727658627,0.38185877479647407,4.068805253045308,0.3149542642096749,393,0.0,3
EMFN (Proposed),6,test,target_transition,zero_to_zero,0.2789872979167333,0.018403551400601167,0.3676564480432996,0.018285418463525827,0.2877750154759484,0.029940279125394573,1.2463926364554296,0.0382905085154212,0.9741852210390448,0.01694325342733154,3.6053534234203055,0.4033342207155783,3.735734625913585,0.31375249628844054,1033,1.0,3
EMFN (Proposed),6,validation,all,all,1.185550029756677,0.011377970958428477,0.12035194548857014,0.0015144823113900849,1.6490765189259975,0.0260692458711637,2.606657046434901,0.03333461682404827,0.9296261388627082,0.014061476878752489,7.046156662050893,0.5706973218865378,9.330842553033852,0.0528165036509697,4244,0.22525918944392084,3
EMFN (Proposed),6,validation,issue_wind,12_or_more,2.5256979934523645,0.1905349599799606,2.691625327718346e-05,1.7086546535478795e-05,3.577215779102284,0.35197032845922066,4.4287300290318266,0.2379748787053342,0.8260869565217391,0.04347826086956519,13.301247238769355,0.9646541632004233,17.058096581790632,0.40692178128865253,23,0.0,3
EMFN (Proposed),6,validation,issue_wind,3_to_6,1.4186626439918684,0.014728275664593816,0.07478328695188562,0.0016395992334873968,1.983832647753154,0.02478226062001688,2.7975747765245806,0.028215900542073964,0.91353001017294,0.011155499592808404,8.139134682458824,0.5269954920485836,10.963459749730768,0.10271048625872257,1966,0.10528992878942015,3
EMFN (Proposed),6,validation,issue_wind,6_to_12,2.1616619735798803,0.11601902980689273,0.005506524150990987,6.009044246004576e-05,3.131226252853596,0.20229859332796565,3.797213265439961,0.18806434369557318,0.9129353233830845,0.036325222559744935,12.29083606346689,0.8845762955217442,14.748709094925141,0.46792341324554515,670,0.005970149253731343,3
EMFN (Proposed),6,validation,issue_wind,below_3,0.4643400580765929,0.012941326288179289,0.2271670184549497,0.0020189077804954997,0.5793490274498247,0.010988535841001977,1.4476667092873245,0.04068831313315332,0.958149316508938,0.010449849210351077,3.38268847887409,0.5263355599442114,4.903446442980408,0.20483732425974316,1585,0.47003154574132494,3
EMFN (Proposed),6,validation,season,autumn,1.1126990565296604,0.02046596459302937,0.13516583141652427,0.001292539544695987,1.5348741260126662,0.0328090909558136,2.5541154285443555,0.05267392602124746,0.9284831634229226,0.01584592969197673,6.510723527607547,0.5927963764008151,8.858000977148805,0.10699541107350749,2158,0.26367006487488415,3
EMFN (Proposed),6,validation,season,summer,1.030052261900981,0.03345848239770417,0.1391387293827662,0.0030796165677015575,1.4196190920671345,0.05908504360239627,2.3025816472925094,0.08656640276349856,0.9320987654320988,0.019947259080052297,6.461597082802707,0.7975283768874473,8.365518372064876,0.34664013878720557,1404,0.25783475783475784,3
EMFN (Proposed),6,validation,season,winter,1.736182385025443,0.041964645356372364,0.03480207683757852,0.001931186758892421,2.4828111101529964,0.032782412432554565,3.272864130526614,0.062450788707568206,0.9281524926686217,0.004398826979472137,9.943790611307778,0.41804800141883186,12.814284299134108,0.7672951478666956,682,0.036656891495601175,3
EMFN (Proposed),6,validation,target_transition,positive_to_positive,1.5447655665445137,0.024901395316709672,0.0511894680853397,0.00041678565378946845,2.18679860326287,0.04292971550186469,2.9906390103015017,0.05160186402427753,0.9109447879379542,0.018813184726705248,8.472034221721012,0.5857153520147704,11.552016315656845,0.19368438662523318,3073,0.0,3
EMFN (Proposed),6,validation,target_transition,positive_to_zero,0.37009820415622174,0.02936807731172415,0.387961136878028,0.0107307488550669,0.42044335530727966,0.033313704119040916,1.5155268412298994,0.08791663328913643,0.944186046511628,0.008056050267762252,3.7229112950367678,0.486700258145204,4.3191022496294025,0.38575185857431166,215,1.0,3
EMFN (Proposed),6,validation,target_transition,zero_to_positive,0.3172236704714996,0.011377135471688875,0.20405841358011526,0.006128141894827775,0.38182318583539904,0.006286858557686691,1.1136993211889752,0.04383807793146745,0.9767441860465116,0.00930232558139539,3.4495736176784106,0.4853063209730377,3.7275582512307577,0.3550512635832492,215,0.0,3
EMFN (Proposed),6,validation,target_transition,zero_to_zero,0.18439343758581098,0.030885483070650345,0.3052418594854817,0.007043390478303582,0.1432676547226164,0.023191302449753846,0.8860308635794993,0.10989453321460659,0.9892037786774629,0.0023374504825491465,3.1406794253192465,0.5606106400617576,3.1993490544902214,0.5450594092518489,741,1.0,3
EMFN (Proposed),9,test,all,all,1.6731639128442224,0.040410418209183015,0.1279274269573805,0.0024535174070247534,2.33181250529814,0.04662290756890996,3.566577072225897,0.07585247491858026,0.9110525511762909,0.022565606894486914,8.468067953976977,0.693563050249591,13.361062448367898,0.7674405676830699,8728,0.16338221814848763,3
EMFN (Proposed),9,test,issue_wind,12_or_more,3.6375756559411676,0.4318037840391841,0.00375644198206107,0.004400519747442511,5.3260669632593185,0.360552042564022,6.095253367919752,0.5008990798417403,0.8070175438596491,0.11866446717954986,14.978527230822221,2.3676659855462026,24.59014686086006,8.564530164180553,38,0.0,3
EMFN (Proposed),9,test,issue_wind,3_to_6,1.7914402633800997,0.014458473041631266,0.09977512733593165,0.0038598656305098354,2.50551668230041,0.016941205412134452,3.636472131295559,0.02849099557307228,0.908669574700109,0.02331249544867172,9.063145633223938,0.8464487017382317,14.098850561487083,0.4945368278677231,3668,0.11477644492911669,3
EMFN (Proposed),9,test,issue_wind,6_to_12,2.7805111137138425,0.15453224773820132,0.02100147159631081,0.003610236379714525,3.9697529142421852,0.1759071389546877,4.921976883354018,0.22917977677093168,0.8710787290022263,0.05289770436811226,13.454902086152847,1.616968410285994,19.9583717187836,2.7366341858184318,1647,0.019429265330904676,3
EMFN (Proposed),9,test,issue_wind,below_3,0.9821161677077646,0.017619535280574382,0.2121017027855933,0.005109674307588971,1.3100002255417862,0.03588158316198981,2.504551239104279,0.04208275800293059,0.934320987654321,0.006507285495320129,5.314450710809086,0.08897079485683865,9.213305300228484,0.09681196926493316,3375,0.2882962962962963,3
EMFN (Proposed),9,test,season,autumn,1.2256806322046427,0.02350992269342734,0.15745010475552354,0.0054733839155060035,1.6523552611714944,0.016783331018483987,2.775961087410512,0.03508495114268373,0.9241452991452991,0.013241496475423697,6.498093840604497,0.5260088096163044,10.84212061238586,0.40791948423528057,2184,0.19688644688644688,3
EMFN (Proposed),9,test,season,spring,2.1119020117329974,0.0749133026984577,0.125793133137338,0.008844433904315371,2.921102027515772,0.0709119197272697,4.313593757652275,0.11408190376210114,0.8789251207729468,0.028306461351046718,9.182745740705721,1.070221253567721,17.75644022934796,1.825047986577327,2208,0.15760869565217392,3
EMFN (Proposed),9,test,season,summer,1.1796601038919345,0.027066760159109183,0.15780471917479397,0.002582611151874156,1.6133002378439254,0.029156584131785093,2.708924980976306,0.055268113131426384,0.9282910628019323,0.014395716049808435,6.5735785980419825,0.5302567604706525,10.047159923520008,0.6449423648918086,2208,0.223731884057971,3
EMFN (Proposed),9,test,season,winter,2.189247640634203,0.07830992450760373,0.0688418683236683,0.0017822423118349002,3.163230946395398,0.1115791900235806,4.163767591887612,0.1247435298929596,0.9130639097744361,0.038473614231430676,11.714048878983036,0.7396999468690062,14.82416000675368,0.6809517565013399,2128,0.07236842105263158,3
EMFN (Proposed),9,test,target_transition,positive_to_positive,1.9958993923310777,0.051474316144877005,0.06758424894913767,0.006983502926203117,2.8101212571458034,0.058621034696535804,3.909581787890204,0.0910612055584679,0.8930863125392001,0.026245382898604022,9.368523427539543,0.8096444653753725,15.525839379653418,1.0240581889928462,6909,0.0,3
EMFN (Proposed),9,test,target_transition,positive_to_zero,0.570557293463533,0.02303927578189239,0.4639558095684259,0.02960947933772734,0.6929537836895673,0.03431616702460367,2.067329709527861,0.0722708077679391,0.9550466497031382,0.012024976148225503,5.56568184153242,0.3322485103808081,5.880051207698153,0.2907671287315642,393,1.0,3
EMFN (Proposed),9,test,target_transition,zero_to_positive,0.47338314120222985,0.0156587486797995,0.1567868930042499,0.02585996049577409,0.563584158592474,0.02444586087031534,1.6458745570744835,0.06330128020354668,0.993214588634436,0.005296860049532158,5.291686612235275,0.3303998450584343,5.327125986376346,0.29465896711365647,393,0.0,3
EMFN (Proposed),9,test,target_transition,zero_to_zero,0.3905490211668055,0.028650812237801276,0.3927000236044174,0.03899331317930522,0.4289567950677328,0.04414626654394289,1.6062504628635834,0.08394288341785301,0.9832203936753792,0.01194805329562678,4.758202264384951,0.2084721742292959,4.7850030378105455,0.1997208979669053,1033,1.0,3
EMFN (Proposed),9,validation,all,all,1.4165086360620223,0.006022124439825732,0.13254412584376304,0.0014144817085657993,1.9580272240878334,0.024727785021511666,3.0360625800753236,0.020019282147107922,0.9100055018470486,0.015153895172151727,7.882267596332248,0.6056054059492973,11.280699731986052,0.23133339181381093,4241,0.22612591369959914,3
EMFN (Proposed),9,validation,issue_wind,12_or_more,2.8154205473049134,0.14535420652644387,0.00023553178330967535,0.00018903172790095797,3.9788345261377667,0.2969513383717704,4.838663666002482,0.2769940908411388,0.8115942028985508,0.1255109280847013,15.253593313180543,1.6901609643184428,18.60317513673334,0.9743552028444203,23,0.0,3
EMFN (Proposed),9,validation,issue_wind,3_to_6,1.6744649898919404,0.007274403025837597,0.09414178356666751,0.001067376847411946,2.338253380303659,0.03330080291271657,3.267753059013286,0.025992715565060536,0.8897931502204136,0.019257064583927716,8.825595628856398,0.743935859666491,12.982634091234244,0.28745224959110977,1966,0.12105798575788403,3
EMFN (Proposed),9,validation,issue_wind,6_to_12,2.3334230944736656,0.022666030563145662,0.012596023838463638,0.00011912841103186656,3.375271579737746,0.03202340195431009,4.115959496276168,0.047733077013588844,0.9050474762618691,0.03529877738412853,13.631827499895174,1.3342754095834024,15.953497425085901,0.5542746506592091,667,0.013493253373313344,3
EMFN (Proposed),9,validation,issue_wind,below_3,0.6903893241700532,0.015107033390645468,0.232574085854927,0.0027387980359516394,0.8606738005635727,0.025625360548135107,1.9864504036560362,0.06345172311140176,0.9385909568874867,0.0014570353796583909,4.185687243583694,0.17777907748019303,7.096992510605147,0.17806253155910387,1585,0.449211356466877,3
EMFN (Proposed),9,validation,season,autumn,1.329400173954706,0.02166100838419395,0.15307570268104778,0.0016139112308847833,1.8198256362680016,0.042692459999259566,2.945442650456917,0.0492541657138337,0.9082908754052802,0.01806391848077815,7.243422476319034,0.6191379520291554,10.85184957685172,0.19675119732650143,2159,0.26401111625752666,3
EMFN (Proposed),9,validation,season,summer,1.246141946294714,0.0284550727256426,0.14783518955770558,0.0023458701563766828,1.7017772323702804,0.03666484781103024,2.747856466122265,0.05996092864801427,0.9117297168689031,0.011950862103140026,7.320194310015526,0.5519295438241014,10.506845776316661,0.24418731355938691,1401,0.2583868665239115,3
EMFN (Proposed),9,validation,season,winter,2.0431619430424854,0.0298900528526883,0.0359942658512061,0.0011692121081352746,2.9233480265831484,0.03892359101097993,3.788826134227388,0.05374340779932998,0.9118942731277532,0.015330846562276904,11.063958181116767,0.7027480508515597,14.23232510177729,0.4718004714562814,681,0.039647577092511016,3
EMFN (Proposed),9,validation,target_transition,positive_to_positive,1.8260354230630484,0.0065878927900620155,0.06160948375240618,0.006593329912205443,2.5675442966298014,0.021303424367191775,3.457950752416058,0.010422201388491556,0.8878382784479948,0.02201028866219456,9.32617860599663,0.7376642476756979,13.865608837302075,0.4153115981033713,3067,0.0,3
EMFN (Proposed),9,validation,target_transition,positive_to_zero,0.48806106986979697,0.03950503754927335,0.3971718026345656,0.03248927669233939,0.5653750628462989,0.05484854982767502,1.87353291285632,0.14766427252481637,0.9382716049382717,0.007071876072462729,4.5826954332980785,0.33210746692061094,5.475915831526655,0.31867457041207126,216,1.0,3
EMFN (Proposed),9,validation,target_transition,zero_to_positive,0.41725986746553984,0.03056378976898737,0.1898478568126941,0.03037201172127694,0.4968884009727419,0.05211158991766041,1.4760591785372057,0.11682351338372093,0.9658914728682171,0.01420953703862272,4.300770920973382,0.35506954977895194,4.69949473122372,0.24218063127183603,215,0.0,3
EMFN (Proposed),9,validation,target_transition,zero_to_zero,0.2851015079511447,0.017013026885686507,0.3318397744966001,0.03439875400482823,0.26969458924490014,0.024649320495138915,1.2614793101690662,0.10618013324106398,0.9771197846567968,0.006167665807477599,3.917603135735854,0.24811066153719574,4.202471160867461,0.2772533103478769,743,1.0,3
EMFN (Proposed),12,test,all,all,1.8206295332281022,0.004810023383159585,0.1248084302231151,0.0009347305999827558,2.539209384551244,0.02125624473235013,3.834722962792997,0.000628752715889167,0.9140019102196751,0.005199869183883922,9.561916038558095,0.147496050401679,14.233753409701919,0.32387153172004146,8725,0.16343839541547278,3
EMFN (Proposed),12,test,issue_wind,12_or_more,3.544229759116083,0.2898180261682463,0.003088626083080657,0.00022268359894217206,5.0696875352382955,0.2262348445377729,5.966700577047174,0.3757716419950755,0.8245614035087719,0.09241801537590126,14.799817153088291,1.0232374277944276,24.410903976855334,6.828279499033167,38,0.0,3
EMFN (Proposed),12,test,issue_wind,3_to_6,1.9167631462592236,0.010415501816637243,0.09997194920419068,0.0006375269981952792,2.6766725270126925,0.021297259214795347,3.9335671530838314,0.030838039412543986,0.9122137404580153,0.00794373079843698,10.081410141494372,0.05622057716015104,14.809755157104405,0.27518469758998804,3668,0.11777535441657579,3
EMFN (Proposed),12,test,issue_wind,6_to_12,2.8044258028543205,0.07349305264313472,0.03410545694067882,0.00029415637612133065,4.060407926611474,0.13178391146745813,4.998596049175759,0.09433603035461727,0.8785482562854826,0.006504061205330726,13.69264617512863,0.18704309700719704,19.098207472065003,0.30809384831003495,1644,0.0340632603406326,3
EMFN (Proposed),12,test,issue_wind,below_3,1.217525542577021,0.02854566591276266,0.1973539866708369,0.001974913443838602,1.6203283832411046,0.02587837408053001,2.936040767633108,0.06018804298356739,0.9342222222222222,0.0031216751860304354,6.926222718130135,0.4211926198599291,11.123629377242937,0.46952584041248513,3375,0.2779259259259259,3
EMFN (Proposed),12,test,season,autumn,1.3366947166895378,0.03584952519522937,0.14835561045799697,0.0017069516361060198,1.8096370506281012,0.042966832864436234,3.0051956358859866,0.09482213988252189,0.9383394383394382,0.004229672301755485,7.828045649978866,0.24314563075480236,11.692649642848762,0.5827786429616285,2184,0.19688644688644688,3
EMFN (Proposed),12,test,season,spring,2.2314059032783597,0.015665847749034713,0.12656468818949823,0.0014872184415354091,3.109587657618928,0.024889778953521974,4.5199523732402955,0.024837447946787477,0.8858695652173912,0.008301767563325776,10.181884040147892,0.2149575643011506,17.930352841566506,0.6892287486315916,2208,0.15760869565217392,3
EMFN (Proposed),12,test,season,summer,1.2835979114818425,0.02821821146570622,0.15371625653367982,0.0020654442939408778,1.7214185499559147,0.019642296956298086,2.9325530360020893,0.06800077696275428,0.9231582125603864,0.004884870074687014,7.547888778815497,0.6521001947694136,11.206796862504376,0.500624182654726,2208,0.223731884057971,3
EMFN (Proposed),12,test,season,winter,2.449187290905748,0.08840491049857993,0.06874568212124067,0.0026983872849986462,3.5461142848529774,0.15662904781772702,4.572755584967264,0.1334371592588358,0.9087058823529413,0.007244613796866145,12.792436401220888,0.5092373741112904,16.14961182733131,0.5775583844169011,2125,0.07247058823529412,3
EMFN (Proposed),12,test,target_transition,positive_to_positive,2.128442267862432,0.011903555052375224,0.05013081991505134,0.0024598335672645325,3.00158970028053,0.03698729108208872,4.1543264415795536,0.018018806775436484,0.9007143546674389,0.004276757837634694,10.349696895963282,0.12690438072496552,16.19758568365881,0.3380586162647051,6906,0.0,3
EMFN (Proposed),12,test,target_transition,positive_to_zero,0.7989688866611321,0.04220012435458357,0.5418890849537816,0.009865259998589688,1.0144568836542127,0.05533809764981784,2.5569429999768793,0.13141944009971407,0.9338422391857506,0.018348861452742983,7.07467248805247,0.17217444126126125,7.493756387071291,0.34880834969950203,393,1.0,3
EMFN (Proposed),12,test,target_transition,zero_to_positive,0.6613368949646912,0.03160146086149349,0.10488511228955555,0.005809319151705825,0.7977187547913006,0.040922853663678545,2.1572519741017824,0.11023380323185589,0.9762510602205259,0.010283592580985768,6.761391499601593,0.17609538108812117,6.958494179453612,0.315160368121127,393,0.0,3
EMFN (Proposed),12,test,target_transition,zero_to_zero,0.5925171378299047,0.03928961233069808,0.47296016635692445,0.013299833990644994,0.6906470321037542,0.05231983021509993,2.1320310194309973,0.13308714786559225,0.9716037431429494,0.006445622573552211,6.307006317278726,0.26828172437219167,6.4368221642373875,0.30392938606412534,1033,1.0,3
EMFN (Proposed),12,validation,all,all,1.5443292004488425,0.015804020911004933,0.13968249070470987,0.0022406888119999107,2.140499374949067,0.02026383537041561,3.2552449171076283,0.031663219002393904,0.917649834827749,0.010628698093020469,8.748982452862546,0.18595573641354604,11.970534495178535,0.33399755635161754,4238,0.2267579046720151,3
EMFN (Proposed),12,validation,issue_wind,12_or_more,3.1260955539239013,0.45513812427063666,0.00013068427976639774,0.00015143125385389856,4.501988908761203,0.7736883513680157,5.39115437094079,0.6644625458859927,0.7101449275362318,0.025102185616940224,15.125140870123829,0.8767021398346079,19.837458654532487,2.309404544028215,23,0.0,3
EMFN (Proposed),12,validation,issue_wind,3_to_6,1.7414978538667958,0.02750804871755958,0.1052052656047312,0.0013347850342603261,2.436576576052235,0.030299903879739017,3.436855469694734,0.06164436886468281,0.9036961681926078,0.012555787440877353,9.608162244307552,0.2638133730322985,13.170430898282497,0.43876498303323613,1966,0.1358087487283825,3
EMFN (Proposed),12,validation,issue_wind,6_to_12,2.405731539580924,0.09933893533035666,0.01694347466391286,0.0006671212998562077,3.5462728052214714,0.18690674112744585,4.230789889412122,0.12378962147290824,0.9201807228915664,0.02760587768045686,13.847255934766364,0.2630159775119403,15.324956461584426,0.7094088518961538,664,0.018072289156626505,3
EMFN (Proposed),12,validation,issue_wind,below_3,0.9159472749388579,0.014140064309738406,0.2358910854967736,0.004350085336696495,1.150066823310338,0.013451413568667591,2.3981647785198628,0.030415963334488903,0.9369085173501577,0.0025236593059937418,5.454942890993762,0.21909239320370963,8.962792053625831,0.24340050281392908,1585,0.4302839116719243,3
EMFN (Proposed),12,validation,season,autumn,1.4372350740048578,0.032010610866564496,0.1621565830183165,0.002518141717678878,1.971177254808319,0.04400379894664655,3.14517786173916,0.05540732646440634,0.9180176007410839,0.010793126630598492,8.109316591686463,0.2211035805078202,11.492686127674778,0.29033466754435233,2159,0.26401111625752666,3
EMFN (Proposed),12,validation,season,summer,1.3961652422753963,0.03818160841618286,0.15472051474029383,0.0029458003194007226,1.912274970124546,0.03289423880847847,2.9919879572638313,0.10522478641859453,0.9101096804959466,0.013502713528629275,8.056790268573286,0.4103063223909544,11.296411158153228,0.6397035815248541,1398,0.2582260371959943,3
EMFN (Proposed),12,validation,season,winter,2.1880141233842894,0.07975395077025131,0.03756101800746596,0.0012451608606202696,3.145821218309644,0.1538900722957881,4.022438983163793,0.11452067608092911,0.9319627998042095,0.006939523680253486,12.197915298553518,0.5312397233507383,14.869358358030214,0.18521006473675264,681,0.04405286343612335,3
EMFN (Proposed),12,validation,target_transition,positive_to_positive,1.9568047727774267,0.010789258686614851,0.04849316352381419,0.0011814123218819624,2.7746845853475115,0.02320677158893059,3.6735022699491515,0.01590851354593946,0.9006096233398649,0.009722844834063387,10.007976789373892,0.23319993703721667,14.3008568576559,0.31289816119468333,3062,0.0,3
EMFN (Proposed),12,validation,target_transition,positive_to_zero,0.6085174518700428,0.05157344749140673,0.4810199713503085,0.012856595627717434,0.7058094967766048,0.06957829219880965,2.12293842260093,0.16403727285807262,0.9395348837209303,0.016770005932390655,5.961184492634467,0.1566316939453529,6.614210573645232,0.4983590678139865,215,1.0,3
EMFN (Proposed),12,validation,target_transition,zero_to_positive,0.5264716721739436,0.036056408999625277,0.1305647841778521,0.007706359633780517,0.5925257756640709,0.050984875443461336,1.8017043686849317,0.147122132700272,0.9612403100775193,0.00968216743937728,5.648445823566216,0.13398962072934203,6.03074444308795,0.36457211561091357,215,0.0,3
EMFN (Proposed),12,validation,target_transition,zero_to_zero,0.41435425682071864,0.031606812729132794,0.4182273545014568,0.014647806601433808,0.39706443314386,0.03686389793196397,1.6000805788230557,0.113953978796464,0.968722073279714,0.013156775571345319,5.278407758961752,0.20346701620251575,5.661174482341345,0.4152172183993145,746,1.0,3
EMFN (Proposed),24,test,all,all,2.2018521011078054,0.027593241473002683,0.13530772932680282,0.0007785794606173205,3.1099858249879646,0.05654650428338953,4.4437054163279015,0.049046206614042756,0.9167144879299132,0.02285106326674038,11.34688499460218,1.2671696119949787,16.087066212379266,0.702212409363706,8713,0.1636634913347871,3
EMFN (Proposed),24,test,issue_wind,12_or_more,2.781272932890104,0.06521284731752383,0.009706223018258629,0.003932494522742643,4.0343311890972435,0.23874510042020225,4.850353156925507,0.07067689755607666,0.9035087719298245,0.06622661785325226,13.276553738993135,1.033145845802066,16.295288874356157,0.3764581049683545,38,0.0,3
EMFN (Proposed),24,test,issue_wind,3_to_6,2.1409201322179228,0.014751478932951331,0.13233300725346317,0.0006064825035867,3.0523479778243487,0.05947730259716818,4.276947372555068,0.023823814387004136,0.9305821262640066,0.025642061734801522,11.579558941626226,1.362727474454918,15.246994279323241,0.5958372806217171,3659,0.15714676141022138,3
EMFN (Proposed),24,test,issue_wind,6_to_12,2.992960349851142,0.1100433902688359,0.07579636690179992,0.0019147168089224446,4.322717499080622,0.08928257999165361,5.384205618491339,0.15651144403924883,0.8643103798496852,0.041872004370854934,13.133811401823289,1.0169461256137746,19.76923037509007,2.017831319141438,1641,0.07739183424741011,3
EMFN (Proposed),24,test,issue_wind,below_3,1.8767331222552246,0.05752122291917374,0.16888269556250776,0.0015206807506266654,2.5724092566174375,0.08474976875706593,4.095958085676128,0.08855881298424899,0.9273086419753086,0.016383157957328618,10.204061996469534,1.5171778791917612,15.205134168198066,0.2298517545897053,3375,0.21451851851851853,3
EMFN (Proposed),24,test,season,autumn,1.6930182513199827,0.058408294014439206,0.16713409062876247,0.0031838214620061303,2.3521121065272452,0.09245198979213297,3.588304306112183,0.10572483654797699,0.9415445665445666,0.01720742837919892,9.71740812550696,1.472651724299954,13.397801546575655,0.48231986262954896,2184,0.19688644688644688,3
EMFN (Proposed),24,test,season,spring,2.4968512038304733,0.043403904352248085,0.13121328480250063,0.0007332794558156806,3.466888367567948,0.008910895513126765,4.927398116191008,0.07058726367173028,0.8872282608695653,0.03651103963211478,11.83766448147916,1.2058167889569147,19.087919662564442,2.194079976947482,2208,0.15760869565217392,3
EMFN (Proposed),24,test,season,summer,1.564294546522749,0.0899931769415339,0.16689381743109202,0.0021730874346954604,2.108726938101722,0.1497937093964216,3.4091235858470568,0.1767103010110568,0.9379528985507246,0.02510627092669423,9.601780306502473,1.9940245937261456,13.195443597539507,0.2383301910864906,2208,0.223731884057971,3
EMFN (Proposed),24,test,season,winter,3.0857433408847856,0.06971231802586464,0.0736842924559598,0.0035856478617945563,4.566651707309988,0.056487380504479504,5.528791580531156,0.10435312045976086,0.8996687174633223,0.023343800199031758,14.341834131565617,0.5766539759891854,18.752552414779842,1.0687697154045002,2113,0.07288215806909608,3
EMFN (Proposed),24,test,target_transition,positive_to_positive,2.5047223526764593,0.03899713109933357,0.04885331907177149,0.003664509387931713,3.575891630836887,0.022798836594562444,4.740683680537444,0.06515423311915436,0.9010733971569481,0.024770223623275363,11.736521361463437,1.1910834933827068,17.700950812465045,1.1944709617177935,6894,0.0,3
EMFN (Proposed),24,test,target_transition,positive_to_zero,1.167898392205095,0.18300838275818077,0.5913015958998545,0.01777568408871566,1.542674948123068,0.27535295753317834,3.2956012980782536,0.3937011590140571,0.9686174724342663,0.026968809322450618,10.22477774398799,1.492073537865541,10.319406320856572,1.4274764836747433,393,1.0,3
EMFN (Proposed),24,test,target_transition,zero_to_positive,1.0404010619923116,0.16710540529154186,0.06877665231353515,0.004992841633163942,1.296385986479594,0.22998984616034573,2.985020061680087,0.3684839236579626,0.9889737065309584,0.01305751002403793,10.010041030536891,1.4842638913326152,10.049499362808428,1.4622179629988434,393,0.0,3
EMFN (Proposed),24,test,target_transition,zero_to_zero,1.0157984241057278,0.21213684029584956,0.5641149200346351,0.012893076158091247,1.2868912321701782,0.3089860121566451,2.968102612148804,0.4863331114615852,0.9738625363020329,0.01844390985794551,9.682039606632715,1.6606610737446261,9.807621562096971,1.5701664589423237,1033,1.0,3
EMFN (Proposed),24,validation,all,all,1.8695077250738272,0.028156619656073953,0.15823728827679406,0.001146138538902512,2.6097306636940627,0.05125443044545537,3.7897938978898793,0.04390052293378518,0.9319293263921754,0.02379322132590423,10.445800412114979,1.3881320840987539,13.844885884557696,0.11159333503250353,4226,0.22574538570752484,3
EMFN (Proposed),24,validation,issue_wind,12_or_more,1.9509010247994423,0.19336768988511763,0.30186289052401527,0.013897972130589317,2.8567464309544675,0.3244376273941791,4.216608617579624,0.42675326908874694,0.8840579710144928,0.20081748493552198,12.84791025277839,1.4567668626868921,12.971518276120854,1.2595279469926552,23,0.34782608695652173,3
EMFN (Proposed),24,validation,issue_wind,3_to_6,1.9527259687438072,0.030857855332734142,0.13164690196960635,0.0012747596460715024,2.748241611561724,0.06666479166613301,3.790725104591033,0.04077960700123103,0.9284378718340983,0.02739178932991159,10.973842647808462,1.4582987020977316,14.0878301813049,0.25626736016644935,1961,0.16930137684854665,3
EMFN (Proposed),24,validation,issue_wind,6_to_12,2.527806000078293,0.06372944484321633,0.06052564174075042,0.003820442929121945,3.722587561676038,0.0996686931511364,4.46279041289394,0.06265252950634556,0.9228817858954845,0.032798166126624034,12.843794738993529,0.9471763007544122,15.523699798357818,0.07322376064052992,657,0.0669710806697108,3
EMFN (Proposed),24,validation,issue_wind,below_3,1.4924951140905751,0.03866688677373608,0.2295539510344531,0.002619587394537737,1.9734856710192181,0.05270313405893557,3.4637820703475914,0.07203799226762671,0.9406940063091483,0.018641371233683444,8.763641659251011,1.6792649186177124,12.861095946201921,0.05749886883747452,1585,0.35962145110410093,3
EMFN (Proposed),24,validation,season,autumn,1.7446029993216925,0.026316861564930204,0.1855702812614389,0.0022244409557584796,2.404600526486379,0.045183740916123004,3.6850337579016617,0.045192436308831734,0.9348463794966806,0.020580579373554533,9.875109870930933,1.4418735233715048,13.618692727949735,0.17740203779029218,2159,0.26401111625752666,3
EMFN (Proposed),24,validation,season,summer,1.6050200218299324,0.0541057746926336,0.16781108671561853,0.004130219526781454,2.197142001223347,0.07078454915171914,3.2418928846036827,0.08858936166035584,0.9446849446849447,0.03941490050497666,10.126142020346201,1.9506106086596005,12.438724055144187,0.6905306175336653,1386,0.25252525252525254,3
EMFN (Proposed),24,validation,season,winter,2.803794449882778,0.02423874560901565,0.052097469642346135,0.0044426940670859285,4.099780373555743,0.11233955270998479,4.9678144024973,0.009221452154631181,0.8967205090553109,0.009554195445885032,12.905664449424643,0.562802129008053,17.423874608028623,1.506392699048335,681,0.049926578560939794,3
EMFN (Proposed),24,validation,target_transition,positive_to_positive,2.2943340946908273,0.05357071104788222,0.05229126072521686,0.002917496161723547,3.2914275772578576,0.09918488587620361,4.198753389961678,0.06527402870113781,0.9118961945262241,0.027449346744853192,11.062346378098136,1.3144634227352112,15.739350706595753,0.7507618213190979,3057,0.0,3
EMFN (Proposed),24,validation,target_transition,positive_to_zero,0.8210712661362288,0.17101474174535664,0.5287216189388104,0.008621731988351665,0.943435578058674,0.23450730682429097,2.5368542439241852,0.44166904214028146,0.9781931464174455,0.01945482242491713,8.987430328139423,1.627287990603586,9.068394301215262,1.5649245996138537,214,1.0,3
EMFN (Proposed),24,validation,target_transition,zero_to_positive,0.7356061234654258,0.14994804294025896,0.0864319507181645,0.0024162928472641733,0.7559922525524444,0.19567276180645735,2.248787033222991,0.4092175866741614,0.9906976744186046,0.00930232558139539,8.811019387830576,1.5636673614536716,8.848280601284149,1.5343407280145194,215,0.0,3
EMFN (Proposed),24,validation,target_transition,zero_to_zero,0.7471564205323155,0.15121222068437323,0.5096312167073418,0.011493021132682765,0.8140461257979829,0.1876573540877483,2.3820288204586437,0.41320469484473626,0.9842342342342342,0.015545435970033699,8.795514061008769,1.6147671484856394,8.85172422748843,1.569654820389148,740,1.0,3
Hurdle Quantile LightGBM (24h matched),1,test,all,all,0.5813396545867211,0.0,0.06425022872710139,0.0,0.7921463789745551,0.0,1.3488902367384095,0.0,0.9281135531135533,0.0,3.93528362243339,0.0,5.020858741893388,0.0,8736,0.16323260073260074,3
Hurdle Quantile LightGBM (24h matched),1,test,issue_wind,12_or_more,1.8642166481005755,0.0,0.0004733502635272155,0.0,2.466217548362394,0.0,3.5931410616106,0.0,0.7894736842105262,0.0,8.314886266597412,0.0,18.446906702971297,0.0,38,0.0,3
Hurdle Quantile LightGBM (24h matched),1,test,issue_wind,3_to_6,0.6339170470539167,0.0,0.020896764477889105,0.0,0.8716479524735239,0.0,1.3192046733356277,0.0,0.9353871319520174,0.0,4.3847134253859394,0.0,5.270562699622449,0.0,3668,0.03271537622682661,3
Hurdle Quantile LightGBM (24h matched),1,test,issue_wind,6_to_12,1.154008747619014,0.0,0.001537640450912791,0.0,1.563804341381519,0.0,2.1558953130336995,0.0,0.847129909365559,0.0,7.463180061017153,0.0,10.155587611794788,0.0,1655,0.0012084592145015106,3
Hurdle Quantile LightGBM (24h matched),1,test,issue_wind,below_3,0.22893356561141898,0.0,0.1428378914959365,0.0,0.30849588895544905,0.0,0.6274974153328668,0.0,0.9614814814814815,0.0,1.6675496895254451,0.0,2.080390528809546,0.0,3375,0.38637037037037036,3
Hurdle Quantile LightGBM (24h matched),1,test,season,autumn,0.45861457139235756,0.0,0.07491818567006968,0.0,0.6252599766416165,0.0,1.0746913144323602,0.0,0.9514652014652013,0.0,3.3048087106663906,0.0,3.972975169217111,0.0,2184,0.19688644688644688,3
Hurdle Quantile LightGBM (24h matched),1,test,season,spring,0.6821317310104423,0.0,0.06110419962475066,0.0,0.9306865176017225,0.0,1.582320394117214,0.0,0.9085144927536232,0.0,4.200755779640602,0.0,5.802286966425178,0.0,2208,0.15760869565217392,3
Hurdle Quantile LightGBM (24h matched),1,test,season,summer,0.4421756656804339,0.0,0.08276434124738001,0.0,0.6002984632328745,0.0,1.0555629851083517,0.0,0.9465579710144928,0.0,3.1503784007718454,0.0,3.791355029193497,0.0,2208,0.223731884057971,3
Hurdle Quantile LightGBM (24h matched),1,test,season,winter,0.7464879525539475,0.0,0.03745643371294987,0.0,1.0178877060176175,0.0,1.5876871294262997,0.0,0.9054307116104869,0.0,5.116868553900754,0.0,6.555469416331664,0.0,2136,0.07209737827715355,3
Hurdle Quantile LightGBM (24h matched),1,test,target_transition,positive_to_positive,0.7140369799171237,0.0,0.018312194211848244,0.0,0.9753903783782282,0.0,1.5068555222927003,0.0,0.9177389041491977,0.0,4.775049358356617,0.0,6.106088429456547,0.0,6917,0.0,3
Hurdle Quantile LightGBM (24h matched),1,test,target_transition,positive_to_zero,0.13929635955372954,0.0,0.4320536893929153,0.0,0.18495090834232317,0.0,0.5375955569495096,0.0,0.9541984732824428,0.0,1.4094840285923966,0.0,1.5049436860827479,0.0,393,1.0,3
Hurdle Quantile LightGBM (24h matched),1,test,target_transition,zero_to_positive,0.18160917222519765,0.0,0.4751086813660505,0.0,0.24222088999341476,0.0,0.359894814358012,0.0,0.8956743002544529,0.0,0.7724831605591107,0.0,1.3813160954461907,0.0,393,0.0,3
Hurdle Quantile LightGBM (24h matched),1,test,target_transition,zero_to_zero,0.01304313494069003,0.0,0.0756144618473667,0.0,0.005360118812742356,0.0,0.15518452372038966,0.0,1.0,0.0,0.4763874235128993,0.0,0.4763874235128993,0.0,1033,1.0,3
Hurdle Quantile LightGBM (24h matched),1,validation,all,all,0.5380244603280304,0.0,0.06808871979383536,0.0,0.735606237514394,0.0,1.2327850611331757,0.0,0.9385737820663685,0.0,3.7678081026898247,0.0,4.581755628086311,0.0,4249,0.22452341727465286,3
Hurdle Quantile LightGBM (24h matched),1,validation,issue_wind,12_or_more,1.0236778337916115,0.0,0.00035550773113852957,0.0,1.4263744860548389,0.0,1.9522328594062521,0.0,0.9565217391304349,0.0,7.801405454656213,0.0,7.993336893843467,0.0,23,0.0,3
Hurdle Quantile LightGBM (24h matched),1,validation,issue_wind,3_to_6,0.6737829836026009,0.0,0.023279815857961197,0.0,0.9280011472677155,0.0,1.3427640491849495,0.0,0.9212798374809547,0.0,4.554969767180681,0.0,5.520646025050525,0.0,1969,0.05027932960893855,3
Hurdle Quantile LightGBM (24h matched),1,validation,issue_wind,6_to_12,1.0346530026426055,0.0,8.044986802545454e-05,0.0,1.4057490037326363,0.0,1.907055077627309,0.0,0.90625,0.0,7.365217615676161,0.0,9.10002517108489,0.0,672,0.0,3
Hurdle Quantile LightGBM (24h matched),1,validation,issue_wind,below_3,0.15177023928532626,0.0,0.15357020441044264,0.0,0.2024521769974353,0.0,0.4868567272036091,0.0,0.9735015772870662,0.0,1.2061972199109348,0.0,1.4502611841557131,0.0,1585,0.5394321766561514,3
Hurdle Quantile LightGBM (24h matched),1,validation,season,autumn,0.5129335897729472,0.0,0.07750903042229211,0.0,0.7058649783201929,0.0,1.222317435322947,0.0,0.9428704133766836,0.0,3.5142838576403754,0.0,4.294574995265128,0.0,2153,0.2633534602879703,3
Hurdle Quantile LightGBM (24h matched),1,validation,season,summer,0.4442123482380252,0.0,0.07789763854992554,0.0,0.6021480529441143,0.0,1.0295090280123282,0.0,0.9531582682753726,0.0,3.3983107468188742,0.0,3.8770260791192523,0.0,1409,0.25691980127750175,3
Hurdle Quantile LightGBM (24h matched),1,validation,season,winter,0.8090607197747723,0.0,0.018448697507956965,0.0,1.1025283817715097,0.0,1.594824989235564,0.0,0.8951965065502184,0.0,5.320150859623789,0.0,6.927117836177421,0.0,687,0.036390101892285295,3
Hurdle Quantile LightGBM (24h matched),1,validation,target_transition,positive_to_positive,0.717643535365525,0.0,0.01488505730745245,0.0,0.9861662142572177,0.0,1.4351937412405207,0.0,0.9250243427458619,0.0,4.945828467656911,0.0,5.98971281140198,0.0,3081,0.0,3
Hurdle Quantile LightGBM (24h matched),1,validation,target_transition,positive_to_zero,0.10976100941961241,0.0,0.39230718478109333,0.0,0.1364158117861668,0.0,0.47465130052391186,0.0,0.9720930232558139,0.0,1.2787198346037383,0.0,1.3438988836816756,0.0,215,1.0,3
Hurdle Quantile LightGBM (24h matched),1,validation,target_transition,zero_to_positive,0.2005002114266845,0.0,0.4789887701121686,0.0,0.25917129643325265,0.0,0.4713282298417318,0.0,0.8878504672897196,0.0,0.7018954820079187,0.0,1.7684463080796984,0.0,214,0.0,3
Hurdle Quantile LightGBM (24h matched),1,validation,target_transition,zero_to_zero,0.01150275670107181,0.0,0.07658791245981908,0.0,0.003275697024939049,0.0,0.14385089099427345,0.0,1.0,0.0,0.46845564531613143,0.0,0.46845564531613143,0.0,739,1.0,3
Hurdle Quantile LightGBM (24h matched),3,test,all,all,1.0878315573929704,0.0,0.0931750569898026,0.0,1.4859273617216313,0.0,2.444153588244198,0.0,0.9151591481566292,0.0,6.79188971637197,0.0,9.255090039002727,0.0,8734,0.1632699793908862,3
Hurdle Quantile LightGBM (24h matched),3,test,issue_wind,12_or_more,2.787065644117098,0.0,0.00039813177091495706,0.0,3.552667793455678,0.0,4.923947743818122,0.0,0.6842105263157895,0.0,13.579418010327421,0.0,24.115930202635244,0.0,38,0.0,3
Hurdle Quantile LightGBM (24h matched),3,test,issue_wind,3_to_6,1.2077481787408797,0.0,0.048326291362937306,0.0,1.6730150771932062,0.0,2.475230898958727,0.0,0.9184841875681572,0.0,7.408304506709382,0.0,9.603505950878914,0.0,3668,0.059432933478735,3
Hurdle Quantile LightGBM (24h matched),3,test,issue_wind,6_to_12,2.134142517226094,0.0,0.001591045998621063,0.0,2.9352294915816852,0.0,3.8266662624694194,0.0,0.7931034482758621,0.0,12.093086437156595,0.0,18.326172910817263,0.0,1653,0.0012099213551119178,3
Hurdle Quantile LightGBM (24h matched),3,test,issue_wind,below_3,0.4259124228733257,0.0,0.1878177727367901,0.0,0.5494917180433199,0.0,1.1644262508387757,0.0,0.973925925925926,0.0,3.4491300999023626,0.0,4.2662896010503415,0.0,3375,0.35733333333333334,3
Hurdle Quantile LightGBM (24h matched),3,test,season,autumn,0.8122785272999241,0.0,0.10566583463139341,0.0,1.0877386247535257,0.0,1.9037616948883471,0.0,0.9523809523809522,0.0,5.772302183333071,0.0,7.156462404611529,0.0,2184,0.19688644688644688,3
Hurdle Quantile LightGBM (24h matched),3,test,season,spring,1.3197355743882029,0.0,0.0951132699891299,0.0,1.81144644983015,0.0,2.881948779005698,0.0,0.8881340579710145,0.0,7.229976242415499,0.0,10.939860382609202,0.0,2208,0.15760869565217392,3
Hurdle Quantile LightGBM (24h matched),3,test,season,summer,0.8004717588684237,0.0,0.11855905967544667,0.0,1.0955610723283211,0.0,1.9001927923538977,0.0,0.9424818840579711,0.0,5.431704194855555,0.0,6.766210812444389,0.0,2208,0.223731884057971,3
Hurdle Quantile LightGBM (24h matched),3,test,season,winter,1.4272196470555472,0.0,0.05212195923832597,0.0,1.960541617567536,0.0,2.9001753998830346,0.0,0.8767572633552015,0.0,8.78944067895917,0.0,12.23488158870662,0.0,2134,0.07216494845360824,3
Hurdle Quantile LightGBM (24h matched),3,test,target_transition,positive_to_positive,1.3178961216013878,0.0,0.03551549317137171,0.0,1.8116821601701318,0.0,2.7081321820402384,0.0,0.8994938539407086,0.0,7.8632050579908785,0.0,10.956012196917191,0.0,6915,0.0,3
Hurdle Quantile LightGBM (24h matched),3,test,target_transition,positive_to_zero,0.3793895611586957,0.0,0.46824079058497764,0.0,0.49187615423569114,0.0,1.321332058569477,0.0,0.9185750636132316,0.0,3.5712245026030693,0.0,3.8076914794405674,0.0,393,1.0,3
Hurdle Quantile LightGBM (24h matched),3,test,target_transition,zero_to_positive,0.23231028605214554,0.0,0.23523970120872306,0.0,0.28218609271489675,0.0,0.7359108812605638,0.0,0.9974554707379135,0.0,2.812261438778512,0.0,2.8143599607057617,0.0,393,0.0,3
Hurdle Quantile LightGBM (24h matched),3,test,target_transition,zero_to_zero,0.1427600207577426,0.0,0.2824138230338588,0.0,0.141433665681202,0.0,0.7379066709010805,0.0,0.9874152952565344,0.0,2.3597210375826707,0.0,2.391738473368772,0.0,1033,1.0,3
Hurdle Quantile LightGBM (24h matched),3,validation,all,all,0.9630199651723254,0.0,0.10761531775781107,0.0,1.3205824794238574,0.0,2.1684912481475394,0.0,0.9376030138921592,0.0,6.4499298198885535,0.0,7.971625730148991,0.0,4247,0.22510007063809748,3
Hurdle Quantile LightGBM (24h matched),3,validation,issue_wind,12_or_more,1.4402376005925934,0.0,0.002402783676956446,0.0,1.9452754624659552,0.0,2.535955309035204,0.0,1.0,0.0,11.167382636141705,0.0,11.167382636141705,0.0,23,0.0,3
Hurdle Quantile LightGBM (24h matched),3,validation,issue_wind,3_to_6,1.1683490715746438,0.0,0.05598818484293664,0.0,1.6119789692603579,0.0,2.323934237733849,0.0,0.9267920691408236,0.0,7.518041523358671,0.0,9.286864476792642,0.0,1967,0.08286731062531774,3
Hurdle Quantile LightGBM (24h matched),3,validation,issue_wind,6_to_12,1.874419990597972,0.0,0.0005884976824319529,0.0,2.624907519406219,0.0,3.3586389559263288,0.0,0.8764880952380952,0.0,11.909812852516945,0.0,14.776428556787485,0.0,672,0.0,3
Hurdle Quantile LightGBM (24h matched),3,validation,issue_wind,below_3,0.3148690661224446,0.0,0.21858849240643716,0.0,0.3968908321137559,0.0,1.0107932794070673,0.0,0.9760252365930601,0.0,2.7410853193044376,0.0,3.407963570535768,0.0,1585,0.5003154574132492,3
Hurdle Quantile LightGBM (24h matched),3,validation,season,autumn,0.8999384604652101,0.0,0.11482354115713865,0.0,1.2296235251284577,0.0,2.104552956006066,0.0,0.9443155452436195,0.0,6.093551433044039,0.0,7.433557379630794,0.0,2155,0.2640371229698376,3
Hurdle Quantile LightGBM (24h matched),3,validation,season,summer,0.8049188888246621,0.0,0.1334565236054044,0.0,1.0995980221684762,0.0,1.8383476233278107,0.0,0.9516702203269367,0.0,5.761113776835251,0.0,6.728385293962755,0.0,1407,0.2572850035536603,3
Hurdle Quantile LightGBM (24h matched),3,validation,season,winter,1.4862153769460422,0.0,0.031860138118227445,0.0,2.060643323022264,0.0,2.877323313914389,0.0,0.8875912408759125,0.0,8.985929230437346,0.0,12.218014911288783,0.0,685,0.0364963503649635,3
Hurdle Quantile LightGBM (24h matched),3,validation,target_transition,positive_to_positive,1.2653150303679737,0.0,0.0367394416657871,0.0,1.7532207883503983,0.0,2.5010306564052374,0.0,0.9200519987000325,0.0,7.968632612507279,0.0,10.043091269237895,0.0,3077,0.0,3
Hurdle Quantile LightGBM (24h matched),3,validation,target_transition,positive_to_zero,0.30653593047372985,0.0,0.4218991784870136,0.0,0.3672036561764242,0.0,1.2066292367541163,0.0,0.9488372093023255,0.0,3.2797197557657163,0.0,3.4439734903041015,0.0,215,1.0,3
Hurdle Quantile LightGBM (24h matched),3,validation,target_transition,zero_to_positive,0.2090644033453193,0.0,0.2482395433941895,0.0,0.2519615637200793,0.0,0.6523785313149167,0.0,0.985981308411215,0.0,2.526072379981344,0.0,2.6827211664746744,0.0,214,0.0,3
Hurdle Quantile LightGBM (24h matched),3,validation,target_transition,zero_to_zero,0.11596010293773411,0.0,0.27012605512919335,0.0,0.10929131396075321,0.0,0.6568241521629071,0.0,0.9932523616734144,0.0,2.1965589198058737,0.0,2.2109932664734293,0.0,741,1.0,3
Hurdle Quantile LightGBM (24h matched),6,test,all,all,1.4386142688232546,0.0,0.11104473142579978,0.0,1.9778069004267802,0.0,3.1547889720014832,0.0,0.9092887412667506,0.0,8.375495237105609,0.0,12.11491127337752,0.0,8731,0.16332607948688582,3
Hurdle Quantile LightGBM (24h matched),6,test,issue_wind,12_or_more,3.345877939241717,0.0,0.0009664709819638414,0.0,4.878106660273511,0.0,5.789187684272689,0.0,0.6842105263157895,0.0,14.461024055980802,0.0,25.39501412309656,0.0,38,0.0,3
Hurdle Quantile LightGBM (24h matched),6,test,issue_wind,3_to_6,1.5627696543360485,0.0,0.07184573243639727,0.0,2.173606976035822,0.0,3.2157577514141344,0.0,0.9119411123227917,0.0,8.922967690747438,0.0,12.734644748550485,0.0,3668,0.08724100327153762,3
Hurdle Quantile LightGBM (24h matched),6,test,issue_wind,6_to_12,2.6287386881305186,0.0,0.011569407505187215,0.0,3.6931025141577645,0.0,4.626795496155354,0.0,0.7915151515151515,0.0,13.03689595975923,0.0,20.449036375646074,0.0,1650,0.011515151515151515,3
Hurdle Quantile LightGBM (24h matched),6,test,issue_wind,below_3,0.7003673753732352,0.0,0.2035185645099494,0.0,0.8937642838744061,0.0,1.9144921556574666,0.0,0.9665185185185186,0.0,5.433068497119248,0.0,7.21739046923918,0.0,3375,0.32207407407407407,3
Hurdle Quantile LightGBM (24h matched),6,test,season,autumn,1.0408705332335595,0.0,0.12931531035719562,0.0,1.3989254810610088,0.0,2.4049073488166997,0.0,0.9555860805860806,0.0,7.296553236535087,0.0,9.507815682821317,0.0,2184,0.19688644688644688,3
Hurdle Quantile LightGBM (24h matched),6,test,season,spring,1.7944601784264833,0.0,0.11208208160284534,0.0,2.4997574437419674,0.0,3.7520701445502795,0.0,0.8826992753623188,0.0,9.047947007188426,0.0,14.499591419207087,0.0,2208,0.15760869565217392,3
Hurdle Quantile LightGBM (24h matched),6,test,season,summer,0.9802812555311683,0.0,0.1387655787200649,0.0,1.320577862858698,0.0,2.2980664229582257,0.0,0.9393115942028986,0.0,6.628412485354272,0.0,8.574324742027084,0.0,2208,0.223731884057971,3
Hurdle Quantile LightGBM (24h matched),6,test,season,winter,1.9524405679658596,0.0,0.06252242058449405,0.0,2.711252200851575,0.0,3.845969625534861,0.0,0.8582824964805256,0.0,10.59473246693672,0.0,15.984520878729372,0.0,2131,0.07226654152979822,3
Hurdle Quantile LightGBM (24h matched),6,test,target_transition,positive_to_positive,1.7030985190945902,0.0,0.03970554568383547,0.0,2.356004291703245,0.0,3.4523927474488256,0.0,0.8929398148148148,0.0,9.228957767736874,0.0,13.923607325864715,0.0,6912,0.0,3
Hurdle Quantile LightGBM (24h matched),6,test,target_transition,positive_to_zero,0.6170710909900454,0.0,0.5197329264640648,0.0,0.8338869852091596,0.0,1.9978228963551874,0.0,0.9312977099236641,0.0,5.76810142076508,0.0,6.049428437564781,0.0,393,1.0,3
Hurdle Quantile LightGBM (24h matched),6,test,target_transition,zero_to_positive,0.4464252955700993,0.0,0.13572310778350727,0.0,0.54263713154066,0.0,1.484966204438468,0.0,0.9923664122137404,0.0,5.422941845250828,0.0,5.458017172853922,0.0,393,0.0,3
Hurdle Quantile LightGBM (24h matched),6,test,target_transition,zero_to_zero,0.3589255926388093,0.0,0.42351655068024324,0.0,0.4284185919561582,0.0,1.4181566193374007,0.0,0.978702807357212,0.0,4.780070494702358,0.0,4.852749628836037,0.0,1033,1.0,3
Hurdle Quantile LightGBM (24h matched),6,validation,all,all,1.2028501060983587,0.0,0.12528038159006147,0.0,1.6682571753508597,0.0,2.658647076933701,0.0,0.9370876531573987,0.0,7.722911558300342,0.0,9.65651334246659,0.0,4244,0.22525918944392084,3
Hurdle Quantile LightGBM (24h matched),6,validation,issue_wind,12_or_more,1.5856401520715788,0.0,0.00065117815425554,0.0,2.21231605125499,0.0,2.6091423188582423,0.0,1.0,0.0,11.149991879277657,0.0,11.149991879277657,0.0,23,0.0,3
Hurdle Quantile LightGBM (24h matched),6,validation,issue_wind,3_to_6,1.4615270675851793,0.0,0.07388817563786317,0.0,2.0641549328890734,0.0,2.896675652257061,0.0,0.9247202441505595,0.0,8.5302875011372,0.0,10.982070920690338,0.0,1966,0.10528992878942015,3
Hurdle Quantile LightGBM (24h matched),6,validation,issue_wind,6_to_12,2.125623167192969,0.0,0.0060761381407239854,0.0,2.9558704419303705,0.0,3.809152041493793,0.0,0.8776119402985074,0.0,12.864819666584495,0.0,15.769946854272277,0.0,670,0.005970149253731343,3
Hurdle Quantile LightGBM (24h matched),6,validation,issue_wind,below_3,0.4863699620769946,0.0,0.24122384638003083,0.0,0.6250084472283388,0.0,1.51211704237362,0.0,0.9766561514195583,0.0,4.498178193284491,0.0,5.406420813731981,0.0,1585,0.47003154574132494,3
Hurdle Quantile LightGBM (24h matched),6,validation,season,autumn,1.0988434426940785,0.0,0.13592397012739918,0.0,1.516822380865702,0.0,2.508020543558158,0.0,0.9504170528266914,0.0,7.596213239918864,0.0,9.171782364443375,0.0,2158,0.26367006487488415,3
Hurdle Quantile LightGBM (24h matched),6,validation,season,summer,1.0054529134419568,0.0,0.15335031760945023,0.0,1.3770775421466608,0.0,2.256594766205246,0.0,0.9387464387464387,0.0,6.5629163693743875,0.0,8.066133190925905,0.0,1404,0.25783475783475784,3
Hurdle Quantile LightGBM (24h matched),6,validation,season,winter,1.938322302749422,0.0,0.03381549268273508,0.0,2.7468678667257365,0.0,3.687708537092327,0.0,0.8914956011730205,0.0,10.51183856170103,0.0,14.464347922139938,0.0,682,0.036656891495601175,3
Hurdle Quantile LightGBM (24h matched),6,validation,target_transition,positive_to_positive,1.5484189049764465,0.0,0.03944988803229139,0.0,2.177841812270964,0.0,3.0317610571017215,0.0,0.9209241783273674,0.0,8.992838198745433,0.0,11.639010259476668,0.0,3073,0.0,3
Hurdle Quantile LightGBM (24h matched),6,validation,target_transition,positive_to_zero,0.43480760220121245,0.0,0.44591818544972806,0.0,0.5537688298338368,0.0,1.5844838185975185,0.0,0.9395348837209302,0.0,4.710976759576736,0.0,4.907955676385068,0.0,215,1.0,3
Hurdle Quantile LightGBM (24h matched),6,validation,target_transition,zero_to_positive,0.3419103797118283,0.0,0.1630259553589628,0.0,0.38426225984475887,0.0,1.2152839137516682,0.0,0.9953488372093023,0.0,4.610619220634795,0.0,4.654237670753623,0.0,215,0.0,3
Hurdle Quantile LightGBM (24h matched),6,validation,target_transition,zero_to_zero,0.2423889192678955,0.0,0.377243513186398,0.0,0.25087567989133386,0.0,1.0991863670850965,0.0,0.9865047233468286,0.0,4.233335671979022,0.0,4.264092481000792,0.0,741,1.0,3
Hurdle Quantile LightGBM (24h matched),9,test,all,all,1.6679238787885347,0.0,0.11840291754684433,0.0,2.2998538264380075,0.0,3.555217039926412,0.0,0.9059349220898257,0.0,9.425069619476385,0.0,13.687417404222629,0.0,8728,0.16338221814848763,3
Hurdle Quantile LightGBM (24h matched),9,test,issue_wind,12_or_more,3.070514240239581,0.0,0.0027244876326130174,0.0,4.657629888595834,0.0,5.3257659056723226,0.0,0.8157894736842105,0.0,14.055116496526026,0.0,19.437066978245852,0.0,38,0.0,3
Hurdle Quantile LightGBM (24h matched),9,test,issue_wind,3_to_6,1.7647723294306108,0.0,0.09387922825269578,0.0,2.4692743280097917,0.0,3.60774532411977,0.0,0.9056706652126499,0.0,9.72729871430632,0.0,14.121723651994051,0.0,3668,0.11477644492911669,3
Hurdle Quantile LightGBM (24h matched),9,test,issue_wind,6_to_12,2.8046736057971895,0.0,0.018917309332456708,0.0,3.941940692885922,0.0,4.93119245255275,0.0,0.7868852459016393,0.0,12.804941750139632,0.0,21.26767512608987,0.0,1647,0.019429265330904676,3
Hurdle Quantile LightGBM (24h matched),9,test,issue_wind,below_3,0.9921415525445266,0.0,0.19490705662737007,0.0,1.2878399126107434,0.0,2.5209486273713293,0.0,0.9653333333333333,0.0,7.395094063812253,0.0,9.451504376502983,0.0,3375,0.2882962962962963,3
Hurdle Quantile LightGBM (24h matched),9,test,season,autumn,1.1976536474263455,0.0,0.1395595038337324,0.0,1.6021456913075036,0.0,2.7235682478226395,0.0,0.9583333333333334,0.0,8.53576617343937,0.0,10.706646457735177,0.0,2184,0.19688644688644688,3
Hurdle Quantile LightGBM (24h matched),9,test,season,spring,2.067370845615039,0.0,0.11740327297714763,0.0,2.8958192610139744,0.0,4.19004538864343,0.0,0.8727355072463768,0.0,9.894505285213718,0.0,16.276392414286757,0.0,2208,0.15760869565217392,3
Hurdle Quantile LightGBM (24h matched),9,test,season,summer,1.1783586451211008,0.0,0.14940128088401652,0.0,1.5842089487387636,0.0,2.674404684776437,0.0,0.9316123188405797,0.0,7.92191236581501,0.0,10.4936057712516,0.0,2208,0.223731884057971,3
Hurdle Quantile LightGBM (24h matched),9,test,season,winter,2.244075814164379,0.0,0.06556308883953736,0.0,3.1401013722750455,0.0,4.311656181241581,0.0,0.8599624060150376,0.0,11.410359089533303,0.0,17.37420453322029,0.0,2128,0.07236842105263158,3
Hurdle Quantile LightGBM (24h matched),9,test,target_transition,positive_to_positive,1.9483414284736547,0.0,0.03977812610758419,0.0,2.7060404219669274,0.0,3.863275094143353,0.0,0.8897090751194096,0.0,10.078226821221447,0.0,15.431956990011045,0.0,6909,0.0,3
Hurdle Quantile LightGBM (24h matched),9,test,target_transition,positive_to_zero,0.7583623788165954,0.0,0.5495533005788238,0.0,0.9931041960710268,0.0,2.305066796947553,0.0,0.9414758269720102,0.0,7.411612514898507,0.0,7.661942481880236,0.0,393,1.0,3
Hurdle Quantile LightGBM (24h matched),9,test,target_transition,zero_to_positive,0.6153313101332242,0.0,0.1090295488286307,0.0,0.7650064532039246,0.0,1.9450624824887879,0.0,0.9796437659033078,0.0,7.221435308321797,0.0,7.255046774203158,0.0,393,0.0,3
Hurdle Quantile LightGBM (24h matched),9,test,target_transition,zero_to_zero,0.5389032574874849,0.0,0.48380496733245754,0.0,0.664233723733182,0.0,1.8738252310828483,0.0,0.972894482090997,0.0,6.660939725503699,0.0,6.758965617064878,0.0,1033,1.0,3
Hurdle Quantile LightGBM (24h matched),9,validation,all,all,1.3885242089023624,0.0,0.13862637258994817,0.0,1.9411324800184235,0.0,2.984994941159701,0.0,0.9332704550813488,0.0,8.739636183566983,0.0,11.05803629255837,0.0,4241,0.22612591369959914,3
Hurdle Quantile LightGBM (24h matched),9,validation,issue_wind,12_or_more,1.8394574777396453,0.0,0.0027972968600062393,0.0,2.828661167332184,0.0,3.056430739186334,0.0,0.9130434782608695,0.0,10.297488662150748,0.0,12.126189998426861,0.0,23,0.0,3
Hurdle Quantile LightGBM (24h matched),9,validation,issue_wind,3_to_6,1.595153267828542,0.0,0.09189013970900439,0.0,2.2654966455229415,0.0,3.122988932521052,0.0,0.9252288911495422,0.0,9.327609805580728,0.0,11.732434679529609,0.0,1966,0.12105798575788403,3
Hurdle Quantile LightGBM (24h matched),9,validation,issue_wind,6_to_12,2.348095190804617,0.0,0.012911816497583902,0.0,3.3753358451745386,0.0,4.172050165913261,0.0,0.8665667166416792,0.0,12.726590847543799,0.0,16.940083599591016,0.0,667,0.013493253373313344,3
Hurdle Quantile LightGBM (24h matched),9,validation,issue_wind,below_3,0.7218756032487788,0.0,0.2514712378892106,0.0,0.9223774303343669,0.0,2.0696021383519136,0.0,0.9716088328075708,0.0,6.309929237977717,0.0,7.730742716652242,0.0,1585,0.449211356466877,3
Hurdle Quantile LightGBM (24h matched),9,validation,season,autumn,1.2580313712269668,0.0,0.1545113643003342,0.0,1.7294284978363192,0.0,2.8021973160189595,0.0,0.952292728114868,0.0,8.707324773695639,0.0,10.607926168769293,0.0,2159,0.26401111625752666,3
Hurdle Quantile LightGBM (24h matched),9,validation,season,summer,1.2211823061997336,0.0,0.16345689968197763,0.0,1.69359752931025,0.0,2.6493827490766453,0.0,0.9236259814418273,0.0,7.501598892921471,0.0,9.85171157581305,0.0,1401,0.2583868665239115,3
Hurdle Quantile LightGBM (24h matched),9,validation,season,winter,2.1464978391924676,0.0,0.03718251714404983,0.0,3.121551515955739,0.0,4.019237792624304,0.0,0.8928046989721,0.0,11.38904966096286,0.0,14.966771513440605,0.0,681,0.039647577092511016,3
Hurdle Quantile LightGBM (24h matched),9,validation,target_transition,positive_to_positive,1.7565231366336433,0.0,0.03996714277662216,0.0,2.4931802631943993,0.0,3.366084239419339,0.0,0.9142484512552983,0.0,9.723535167617635,0.0,12.904594722448886,0.0,3067,0.0,3
Hurdle Quantile LightGBM (24h matched),9,validation,target_transition,positive_to_zero,0.5592857108641053,0.0,0.49109212260253426,0.0,0.7212625012731814,0.0,1.9361867166202031,0.0,0.9629629629629629,0.0,6.433364689133338,0.0,6.595670649380029,0.0,216,1.0,3
Hurdle Quantile LightGBM (24h matched),9,validation,target_transition,zero_to_positive,0.44095803936739464,0.0,0.1272398785055036,0.0,0.5115314654813006,0.0,1.5231048116581318,0.0,0.9906976744186048,0.0,6.201043994688388,0.0,6.211000335896874,0.0,215,0.0,3
Hurdle Quantile LightGBM (24h matched),9,validation,target_transition,zero_to_zero,0.38474161223270326,0.0,0.4467062542358537,0.0,0.43066893026570935,0.0,1.5254280298259613,0.0,0.9865410497981157,0.0,6.083288645643985,0.0,6.1355450477865325,0.0,743,1.0,3
Hurdle Quantile LightGBM (24h matched),12,test,all,all,1.8129861475107123,0.0,0.12272008669480249,0.0,2.520902638812545,0.0,3.7991510505527812,0.0,0.9008595988538682,0.0,9.93623836438312,0.0,14.605720152086706,0.0,8725,0.16343839541547278,3
Hurdle Quantile LightGBM (24h matched),12,test,issue_wind,12_or_more,3.2570892628539063,0.0,0.004682403982183439,0.0,4.906268224334989,0.0,5.518735631498045,0.0,0.8684210526315791,0.0,13.65294502149157,0.0,18.996395769503774,0.0,38,0.0,3
Hurdle Quantile LightGBM (24h matched),12,test,issue_wind,3_to_6,1.891229420792037,0.0,0.09801560825668822,0.0,2.6553779119671987,0.0,3.887617865935365,0.0,0.8977644492911668,0.0,10.17584997789179,0.0,15.192294098982552,0.0,3668,0.11777535441657579,3
Hurdle Quantile LightGBM (24h matched),12,test,issue_wind,6_to_12,2.7826321319769325,0.0,0.033809300586113,0.0,3.9872581888195238,0.0,4.919030814543135,0.0,0.7980535279805353,0.0,12.646785441336073,0.0,20.58869334242398,0.0,1644,0.0340632603406326,3
Hurdle Quantile LightGBM (24h matched),12,test,issue_wind,below_3,1.2393653346984426,0.0,0.1942077285368079,0.0,1.6336173889184427,0.0,2.9594363021027994,0.0,0.9546666666666667,0.0,8.313639950803683,0.0,11.004414423022913,0.0,3375,0.2779259259259259,3
Hurdle Quantile LightGBM (24h matched),12,test,season,autumn,1.3178005136463413,0.0,0.14558576898609885,0.0,1.7778406173477068,0.0,2.9604941485269642,0.0,0.9633699633699634,0.0,9.267040812148476,0.0,11.49848608864339,0.0,2184,0.19688644688644688,3
Hurdle Quantile LightGBM (24h matched),12,test,season,spring,2.2023723384100533,0.0,0.12288053585255744,0.0,3.1207543475509625,0.0,4.407251204422408,0.0,0.875,0.0,10.317799093862561,0.0,17.13137356685859,0.0,2208,0.15760869565217392,3
Hurdle Quantile LightGBM (24h matched),12,test,season,summer,1.2967800423509102,0.0,0.15196797440590318,0.0,1.7445558513843002,0.0,2.9059542843743498,0.0,0.9252717391304349,0.0,8.342194810641724,0.0,11.375599480219227,0.0,2208,0.223731884057971,3
Hurdle Quantile LightGBM (24h matched),12,test,season,winter,2.453693815768069,0.0,0.06866255355097921,0.0,3.467984327577884,0.0,4.614936741888284,0.0,0.8381176470588235,0.0,11.883856966759993,0.0,18.531208574781893,0.0,2125,0.07247058823529412,3
Hurdle Quantile LightGBM (24h matched),12,test,target_transition,positive_to_positive,2.0920785905817354,0.0,0.038976589133426914,0.0,2.927188081214012,0.0,4.1039383199162485,0.0,0.8858963220388069,0.0,10.485723775650243,0.0,16.352059255028518,0.0,6906,0.0,3
Hurdle Quantile LightGBM (24h matched),12,test,target_transition,positive_to_zero,0.9420800021520256,0.0,0.5836035217168163,0.0,1.2895315289928648,0.0,2.6575750800339395,0.0,0.9160305343511451,0.0,8.320338214339847,0.0,8.552727306820312,0.0,393,1.0,3
Hurdle Quantile LightGBM (24h matched),12,test,target_transition,zero_to_positive,0.7681883760348912,0.0,0.09218625418097526,0.0,0.9833347194942377,0.0,2.2706420700337846,0.0,0.9770992366412213,0.0,8.118389708051875,0.0,8.182812496372744,0.0,393,0.0,3
Hurdle Quantile LightGBM (24h matched),12,test,target_transition,zero_to_zero,0.6759670066273369,0.0,0.5188529040937787,0.0,0.8581589536496196,0.0,2.1596140857042934,0.0,0.9661181026137463,0.0,7.569071888772684,0.0,7.677173251766393,0.0,1033,1.0,3
Hurdle Quantile LightGBM (24h matched),12,validation,all,all,1.513298239145889,0.0,0.1436083436175323,0.0,2.1089635265283184,0.0,3.195804421213215,0.0,0.9325153374233128,0.0,9.209548387335056,0.0,11.881637264802952,0.0,4238,0.2267579046720151,3
Hurdle Quantile LightGBM (24h matched),12,validation,issue_wind,12_or_more,1.789070891331327,0.0,0.005519393577331195,0.0,2.76227456000658,0.0,3.1805866365231608,0.0,0.9565217391304349,0.0,10.579954169002548,0.0,11.380831625757574,0.0,23,0.0,3
Hurdle Quantile LightGBM (24h matched),12,validation,issue_wind,3_to_6,1.6713210967258558,0.0,0.10472347030596878,0.0,2.345855871554337,0.0,3.3203475798283932,0.0,0.9262461851475076,0.0,9.781161360425815,0.0,12.438957070925179,0.0,1966,0.1358087487283825,3
Hurdle Quantile LightGBM (24h matched),12,validation,issue_wind,6_to_12,2.4113141815787547,0.0,0.017734344896754985,0.0,3.517769436944503,0.0,4.238544010443997,0.0,0.8840361445783133,0.0,12.53748049529124,0.0,16.751263554901925,0.0,664,0.018072289156626505,3
Hurdle Quantile LightGBM (24h matched),12,validation,issue_wind,below_3,0.9370848039547836,0.0,0.2465761934169359,0.0,1.2154596598989809,0.0,2.4413912994685245,0.0,0.9602523659305994,0.0,7.086483808308128,0.0,9.15759684476259,0.0,1585,0.4302839116719243,3
Hurdle Quantile LightGBM (24h matched),12,validation,season,autumn,1.375631629629689,0.0,0.1620850061692562,0.0,1.8837207972255314,0.0,3.0211835611577578,0.0,0.9504400185270959,0.0,9.287717535661917,0.0,11.61483263270759,0.0,2159,0.26401111625752666,3
Hurdle Quantile LightGBM (24h matched),12,validation,season,summer,1.3374060695956718,0.0,0.16418595610055564,0.0,1.8683901208924383,0.0,2.842201932053104,0.0,0.921316165951359,0.0,7.782074264736828,0.0,10.488636839472864,0.0,1398,0.2582260371959943,3
Hurdle Quantile LightGBM (24h matched),12,validation,season,winter,2.3108304902129673,0.0,0.042788054776947186,0.0,3.3169233997202063,0.0,4.2471059616279785,0.0,0.8986784140969163,0.0,11.89213521869282,0.0,15.58713769843783,0.0,681,0.04405286343612335,3
Hurdle Quantile LightGBM (24h matched),12,validation,target_transition,positive_to_positive,1.8933727956362023,0.0,0.04105137427696923,0.0,2.68649342284036,0.0,3.5790261490171162,0.0,0.9141084258654474,0.0,10.054939986671231,0.0,13.724133325768596,0.0,3062,0.0,3
Hurdle Quantile LightGBM (24h matched),12,validation,target_transition,positive_to_zero,0.6682517138786365,0.0,0.5198501177513393,0.0,0.8693315675341307,0.0,2.1664396067388916,0.0,0.9720930232558139,0.0,7.32882679111236,0.0,7.475555699957122,0.0,215,1.0,3
Hurdle Quantile LightGBM (24h matched),12,validation,target_transition,zero_to_positive,0.5401262883884947,0.0,0.10548325294435283,0.0,0.6060937173716292,0.0,1.7936952438784415,0.0,0.9906976744186048,0.0,7.2137772263942574,0.0,7.228218771098448,0.0,215,0.0,3
Hurdle Quantile LightGBM (24h matched),12,validation,target_transition,zero_to_zero,0.47727770345146764,0.0,0.4671128384925582,0.0,0.528858081012187,0.0,1.7786736775001402,0.0,0.9798927613941019,0.0,6.856809601306625,0.0,6.9299879000730895,0.0,746,1.0,3
Hurdle Quantile LightGBM (24h matched),24,test,all,all,2.1757915529499954,0.0,0.13294969865963027,0.0,3.017008068974801,0.0,4.381743041949947,0.0,0.9076093194077814,0.0,11.567265294207052,0.0,16.462151508502444,0.0,8713,0.1636634913347871,3
Hurdle Quantile LightGBM (24h matched),24,test,issue_wind,12_or_more,2.9259470450369283,0.0,0.031103573184169606,0.0,4.476690483541012,0.0,4.766920131088351,0.0,0.8684210526315791,0.0,12.445978105246931,0.0,15.007092093032426,0.0,38,0.0,3
Hurdle Quantile LightGBM (24h matched),24,test,issue_wind,3_to_6,2.0699747363502836,0.0,0.12893721554467724,0.0,2.9145441580324403,0.0,4.169393198577421,0.0,0.9223831647991254,0.0,11.64024402667548,0.0,15.40523107446613,0.0,3659,0.15714676141022138,3
Hurdle Quantile LightGBM (24h matched),24,test,issue_wind,6_to_12,2.9352218085607755,0.0,0.07560939425343799,0.0,4.146366520237723,0.0,5.2752033074820055,0.0,0.8287629494210847,0.0,12.179156475412546,0.0,21.256826632667273,0.0,1641,0.07739183424741011,3
Hurdle Quantile LightGBM (24h matched),24,test,issue_wind,below_3,1.9128145970334771,0.0,0.16632666696073903,0.0,2.5625400096746893,0.0,4.115027892032634,0.0,0.9303703703703704,0.0,11.180736791309364,0.0,15.293115137294217,0.0,3375,0.21451851851851853,3
Hurdle Quantile LightGBM (24h matched),24,test,season,autumn,1.6193632865701726,0.0,0.15891897155756396,0.0,2.1766895399917456,0.0,3.455894557130273,0.0,0.9725274725274725,0.0,11.768508116878772,0.0,13.365383803377407,0.0,2184,0.19688644688644688,3
Hurdle Quantile LightGBM (24h matched),24,test,season,spring,2.4399924564519786,0.0,0.13250404319405112,0.0,3.4227803861161425,0.0,4.820502044632605,0.0,0.8913043478260869,0.0,11.527298839020327,0.0,18.483235812475698,0.0,2208,0.15760869565217392,3
Hurdle Quantile LightGBM (24h matched),24,test,season,summer,1.5718649820655326,0.0,0.16499019789044492,0.0,2.0424539901304373,0.0,3.3797224710003184,0.0,0.9370471014492754,0.0,10.10090931772954,0.0,13.04909800926995,0.0,2208,0.223731884057971,3
Hurdle Quantile LightGBM (24h matched),24,test,season,winter,3.1059163079684766,0.0,0.07309247809989186,0.0,4.479916633640804,0.0,5.532420455541971,0.0,0.8267865593942262,0.0,12.933306753932373,0.0,21.117527112442566,0.0,2113,0.07288215806909608,3
Hurdle Quantile LightGBM (24h matched),24,test,target_transition,positive_to_positive,2.450919029083671,0.0,0.03584479805538928,0.0,3.4195683316760888,0.0,4.664036927814647,0.0,0.8868581375108789,0.0,11.74349505159349,0.0,17.927939986107152,0.0,6894,0.0,3
Hurdle Quantile LightGBM (24h matched),24,test,target_transition,positive_to_zero,1.2616036725928164,0.0,0.6416091872236372,0.0,1.7363740131018472,0.0,3.318629421040155,0.0,0.9821882951653945,0.0,11.06434544583889,0.0,11.071991508714694,0.0,393,1.0,3
Hurdle Quantile LightGBM (24h matched),24,test,target_transition,zero_to_positive,1.1023560161373531,0.0,0.05144967979234052,0.0,1.4327078704237224,0.0,2.9895366271949055,0.0,0.9974554707379135,0.0,11.023897470216989,0.0,11.026502951467345,0.0,393,0.0,3
Hurdle Quantile LightGBM (24h matched),24,test,target_transition,zero_to_zero,1.0958372281505624,0.0,0.6184942419072852,0.0,1.420365969193546,0.0,3.0292707797453122,0.0,0.983543078412391,0.0,10.78920441116223,0.0,10.798450635534905,0.0,1033,1.0,3
Hurdle Quantile LightGBM (24h matched),24,validation,all,all,1.818217754138315,0.0,0.16022064964862565,0.0,2.5101474409735998,0.0,3.708673527608924,0.0,0.9406057737813537,0.0,11.247123223931773,0.0,13.301135548175205,0.0,4226,0.22574538570752484,3
Hurdle Quantile LightGBM (24h matched),24,validation,issue_wind,12_or_more,1.2072793682493745,0.0,0.18469697050538156,0.0,1.534285086147148,0.0,3.1458078074378375,0.0,0.9565217391304349,0.0,11.242819469595949,0.0,13.517644335718094,0.0,23,0.34782608695652173,3
Hurdle Quantile LightGBM (24h matched),24,validation,issue_wind,3_to_6,1.8962102928989626,0.0,0.13162934462840278,0.0,2.662594632558549,0.0,3.7200285456399214,0.0,0.9454360020397757,0.0,11.487356782604579,0.0,13.216924033767832,0.0,1961,0.16930137684854665,3
Hurdle Quantile LightGBM (24h matched),24,validation,issue_wind,6_to_12,2.3887366962619385,0.0,0.05559201887333352,0.0,3.416134580480436,0.0,4.251718709481082,0.0,0.8949771689497718,0.0,12.21363390663055,0.0,15.111513350308385,0.0,657,0.0669710806697108,3
Hurdle Quantile LightGBM (24h matched),24,validation,issue_wind,below_3,1.4941024666875868,0.0,0.2386090434557667,0.0,1.9601552269716647,0.0,3.4516679129956795,0.0,0.9533123028391167,0.0,10.549333608322465,0.0,12.651760697473547,0.0,1585,0.35962145110410093,3
Hurdle Quantile LightGBM (24h matched),24,validation,season,autumn,1.7083100145000045,0.0,0.18501753095942677,0.0,2.328917210829078,0.0,3.6196416899420556,0.0,0.951829550717925,0.0,11.698119600081142,0.0,13.747220202020715,0.0,2159,0.26401111625752666,3
Hurdle Quantile LightGBM (24h matched),24,validation,season,summer,1.5374598765924299,0.0,0.17360767623464535,0.0,2.108582236828962,0.0,3.119514917980984,0.0,0.9494949494949495,0.0,9.75755186796486,0.0,11.224358195960734,0.0,1386,0.25252525252525254,3
Hurdle Quantile LightGBM (24h matched),24,validation,season,winter,2.7380727147223234,0.0,0.05436031837367276,0.0,3.9019909649478897,0.0,4.9000310834521565,0.0,0.8869309838472835,0.0,12.848951011396755,0.0,16.113641631166097,0.0,681,0.049926578560939794,3
Hurdle Quantile LightGBM (24h matched),24,validation,target_transition,positive_to_positive,2.175441834204985,0.0,0.03861806093247292,0.0,3.078758488364823,0.0,4.035973350730155,0.0,0.9214916584887144,0.0,11.53414982599208,0.0,14.37219336644291,0.0,3057,0.0,3
Hurdle Quantile LightGBM (24h matched),24,validation,target_transition,positive_to_zero,0.9649053193725811,0.0,0.5825648872658901,0.0,1.2201852366962964,0.0,2.8149007253504315,0.0,0.9813084112149534,0.0,10.532109548411775,0.0,10.536958602568188,0.0,214,1.0,3
Hurdle Quantile LightGBM (24h matched),24,validation,target_transition,zero_to_positive,0.8476914097254641,0.0,0.06553886083372559,0.0,0.9535585634566547,0.0,2.5219315529526716,0.0,1.0,0.0,10.556048573965436,0.0,10.556048573965436,0.0,215,0.0,3
Hurdle Quantile LightGBM (24h matched),24,validation,target_transition,zero_to_zero,0.8712420951178025,0.0,0.5679423137707714,0.0,0.9864643984148419,0.0,2.667797273426523,0.0,0.9905405405405405,0.0,10.468952485831341,0.0,10.473438001378755,0.0,740,1.0,3
LightGBM (24h matched),1,test,all,all,0.8208848832926825,0.0,,,0.8208848832926825,0.0,1.2866828129182633,0.0,,,,,,,8736,0.16323260073260074,3
LightGBM (24h matched),1,test,issue_wind,12_or_more,2.479529263835386,0.0,,,2.479529263835386,0.0,3.459387982031853,0.0,,,,,,,38,0.0,3
LightGBM (24h matched),1,test,issue_wind,3_to_6,0.8945630762914772,0.0,,,0.8945630762914772,0.0,1.2816805822413244,0.0,,,,,,,3668,0.03271537622682661,3
LightGBM (24h matched),1,test,issue_wind,6_to_12,1.557498184398332,0.0,,,1.557498184398332,0.0,2.002927617605193,0.0,,,,,,,1655,0.0012084592145015106,3
LightGBM (24h matched),1,test,issue_wind,below_3,0.3609218872304451,0.0,,,0.3609218872304451,0.0,0.6308866879845935,0.0,,,,,,,3375,0.38637037037037036,3
LightGBM (24h matched),1,test,season,autumn,0.6433679426572584,0.0,,,0.6433679426572584,0.0,1.042741266691985,0.0,,,,,,,2184,0.19688644688644688,3
LightGBM (24h matched),1,test,season,spring,0.9665752761944256,0.0,,,0.9665752761944256,0.0,1.5213857969868216,0.0,,,,,,,2208,0.15760869565217392,3
LightGBM (24h matched),1,test,season,summer,0.655140205305024,0.0,,,0.655140205305024,0.0,1.0452548540361235,0.0,,,,,,,2208,0.223731884057971,3
LightGBM (24h matched),1,test,season,winter,1.0231212408851298,0.0,,,1.0231212408851298,0.0,1.461937117847312,0.0,,,,,,,2136,0.07209737827715355,3
LightGBM (24h matched),1,test,target_transition,positive_to_positive,0.9810288131813566,0.0,,,0.9810288131813566,0.0,1.4371760739395558,0.0,,,,,,,6917,0.0,3
LightGBM (24h matched),1,test,target_transition,positive_to_zero,0.3455771508732866,0.0,,,0.3455771508732866,0.0,0.46543283179540523,0.0,,,,,,,393,1.0,3
LightGBM (24h matched),1,test,target_transition,zero_to_positive,0.2234355689264902,0.0,,,0.2234355689264902,0.0,0.36303176828773837,0.0,,,,,,,393,0.0,3
LightGBM (24h matched),1,test,target_transition,zero_to_zero,0.15668154964967945,0.0,,,0.15668154964967945,0.0,0.19452334402650537,0.0,,,,,,,1033,1.0,3
LightGBM (24h matched),1,validation,all,all,0.7723474363306208,0.0,,,0.7723474363306208,0.0,1.1945314326771292,0.0,,,,,,,4249,0.22452341727465286,3
LightGBM (24h matched),1,validation,issue_wind,12_or_more,1.3533257580468057,0.0,,,1.3533257580468057,0.0,1.7660544930770559,0.0,,,,,,,23,0.0,3
LightGBM (24h matched),1,validation,issue_wind,3_to_6,0.9499615984925045,0.0,,,0.9499615984925045,0.0,1.3108061409892937,0.0,,,,,,,1969,0.05027932960893855,3
LightGBM (24h matched),1,validation,issue_wind,6_to_12,1.4160405478259062,0.0,,,1.4160405478259062,0.0,1.826844404098858,0.0,,,,,,,672,0.0,3
LightGBM (24h matched),1,validation,issue_wind,below_3,0.2703622264750669,0.0,,,0.2703622264750669,0.0,0.4800879692798607,0.0,,,,,,,1585,0.5394321766561514,3
LightGBM (24h matched),1,validation,season,autumn,0.7496141675408698,0.0,,,0.7496141675408698,0.0,1.1873845886470775,0.0,,,,,,,2153,0.2633534602879703,3
LightGBM (24h matched),1,validation,season,summer,0.649804552744765,0.0,,,0.649804552744765,0.0,1.0133457389463112,0.0,,,,,,,1409,0.25691980127750175,3
LightGBM (24h matched),1,validation,season,winter,1.0949204358601767,0.0,,,1.0949204358601767,0.0,1.5168079484752113,0.0,,,,,,,687,0.036390101892285295,3
LightGBM (24h matched),1,validation,target_transition,positive_to_positive,0.9966645227602716,0.0,,,0.9966645227602716,0.0,1.390878845238032,0.0,,,,,,,3081,0.0,3
LightGBM (24h matched),1,validation,target_transition,positive_to_zero,0.2901455849534636,0.0,,,0.2901455849534636,0.0,0.4067222225449545,0.0,,,,,,,215,1.0,3
LightGBM (24h matched),1,validation,target_transition,zero_to_positive,0.22721732919567975,0.0,,,0.22721732919567975,0.0,0.4712084617114232,0.0,,,,,,,214,0.0,3
LightGBM (24h matched),1,validation,target_transition,zero_to_zero,0.13528423969085301,0.0,,,0.13528423969085301,0.0,0.16247790907883664,0.0,,,,,,,739,1.0,3
LightGBM (24h matched),3,test,all,all,1.587342731567178,0.0,,,1.587342731567178,0.0,2.337215458683409,0.0,,,,,,,8734,0.1632699793908862,3
LightGBM (24h matched),3,test,issue_wind,12_or_more,3.578788321941771,0.0,,,3.578788321941771,0.0,4.563127109153747,0.0,,,,,,,38,0.0,3
LightGBM (24h matched),3,test,issue_wind,3_to_6,1.72982016943912,0.0,,,1.72982016943912,0.0,2.386080026675378,0.0,,,,,,,3668,0.059432933478735,3
LightGBM (24h matched),3,test,issue_wind,6_to_12,2.893908551299019,0.0,,,2.893908551299019,0.0,3.593390531966875,0.0,,,,,,,1653,0.0012099213551119178,3
LightGBM (24h matched),3,test,issue_wind,below_3,0.7701470353996959,0.0,,,0.7701470353996959,0.0,1.178988854505872,0.0,,,,,,,3375,0.35733333333333334,3
LightGBM (24h matched),3,test,season,autumn,1.2015462627321085,0.0,,,1.2015462627321085,0.0,1.8460385873957434,0.0,,,,,,,2184,0.19688644688644688,3
LightGBM (24h matched),3,test,season,spring,1.9082120176130972,0.0,,,1.9082120176130972,0.0,2.781619757172735,0.0,,,,,,,2208,0.15760869565217392,3
LightGBM (24h matched),3,test,season,summer,1.2602881701795523,0.0,,,1.2602881701795523,0.0,1.8811758239508507,0.0,,,,,,,2208,0.223731884057971,3
LightGBM (24h matched),3,test,season,winter,1.9885782404192305,0.0,,,1.9885782404192305,0.0,2.6836883465127754,0.0,,,,,,,2134,0.07216494845360824,3
LightGBM (24h matched),3,test,target_transition,positive_to_positive,1.8320660592344968,0.0,,,1.8320660592344968,0.0,2.5874051396806634,0.0,,,,,,,6915,0.0,3
LightGBM (24h matched),3,test,target_transition,positive_to_zero,0.9678132057968293,0.0,,,0.9678132057968293,0.0,1.2559465131889462,0.0,,,,,,,393,1.0,3
LightGBM (24h matched),3,test,target_transition,zero_to_positive,0.5397563307597205,0.0,,,0.5397563307597205,0.0,0.7285546906834112,0.0,,,,,,,393,0.0,3
LightGBM (24h matched),3,test,target_transition,zero_to_zero,0.5833879864806024,0.0,,,0.5833879864806024,0.0,0.754469509077933,0.0,,,,,,,1033,1.0,3
LightGBM (24h matched),3,validation,all,all,1.4311461570862678,0.0,,,1.4311461570862678,0.0,2.0971445564075193,0.0,,,,,,,4247,0.22510007063809748,3
LightGBM (24h matched),3,validation,issue_wind,12_or_more,1.9269163760140426,0.0,,,1.9269163760140426,0.0,2.69817773252679,0.0,,,,,,,23,0.0,3
LightGBM (24h matched),3,validation,issue_wind,3_to_6,1.6369666244343566,0.0,,,1.6369666244343566,0.0,2.2179627778419153,0.0,,,,,,,1967,0.08286731062531774,3
LightGBM (24h matched),3,validation,issue_wind,6_to_12,2.641222928044706,0.0,,,2.641222928044706,0.0,3.2614506104405785,0.0,,,,,,,672,0.0,3
LightGBM (24h matched),3,validation,issue_wind,below_3,0.6554848546300537,0.0,,,0.6554848546300537,0.0,1.0315049452609926,0.0,,,,,,,1585,0.5003154574132492,3
LightGBM (24h matched),3,validation,season,autumn,1.3751547956379842,0.0,,,1.3751547956379842,0.0,2.046797779924707,0.0,,,,,,,2155,0.2640371229698376,3
LightGBM (24h matched),3,validation,season,summer,1.2256065597459336,0.0,,,1.2256065597459336,0.0,1.8173957671471122,0.0,,,,,,,1407,0.2572850035536603,3
LightGBM (24h matched),3,validation,season,winter,2.0294754963255413,0.0,,,2.0294754963255413,0.0,2.702536181227267,0.0,,,,,,,685,0.0364963503649635,3
LightGBM (24h matched),3,validation,target_transition,positive_to_positive,1.7545104325929948,0.0,,,1.7545104325929948,0.0,2.4113888423672134,0.0,,,,,,,3077,0.0,3
LightGBM (24h matched),3,validation,target_transition,positive_to_zero,0.8556428522876405,0.0,,,0.8556428522876405,0.0,1.2076888421111018,0.0,,,,,,,215,1.0,3
LightGBM (24h matched),3,validation,target_transition,zero_to_positive,0.47027105880370335,0.0,,,0.47027105880370335,0.0,0.6691880169407893,0.0,,,,,,,214,0.0,3
LightGBM (24h matched),3,validation,target_transition,zero_to_zero,0.5328581757502014,0.0,,,0.5328581757502014,0.0,0.7131227425767759,0.0,,,,,,,741,1.0,3
LightGBM (24h matched),6,test,all,all,2.1527855704681116,0.0,,,2.1527855704681116,0.0,3.09817105839663,0.0,,,,,,,8731,0.16332607948688582,3
LightGBM (24h matched),6,test,issue_wind,12_or_more,4.645879955996985,0.0,,,4.645879955996985,0.0,5.633594524443086,0.0,,,,,,,38,0.0,3
LightGBM (24h matched),6,test,issue_wind,3_to_6,2.2733913528767147,0.0,,,2.2733913528767147,0.0,3.166536810450614,0.0,,,,,,,3668,0.08724100327153762,3
LightGBM (24h matched),6,test,issue_wind,6_to_12,3.6814749219201865,0.0,,,3.6814749219201865,0.0,4.483647728584634,0.0,,,,,,,1650,0.011515151515151515,3
LightGBM (24h matched),6,test,issue_wind,below_3,1.2462797848619547,0.0,,,1.2462797848619547,0.0,1.9360847531364132,0.0,,,,,,,3375,0.32207407407407407,3
LightGBM (24h matched),6,test,season,autumn,1.6055318866794244,0.0,,,1.6055318866794244,0.0,2.3949134969643184,0.0,,,,,,,2184,0.19688644688644688,3
LightGBM (24h matched),6,test,season,spring,2.6795949770432563,0.0,,,2.6795949770432563,0.0,3.7815750207144223,0.0,,,,,,,2208,0.15760869565217392,3
LightGBM (24h matched),6,test,season,summer,1.5821220729359424,0.0,,,1.5821220729359424,0.0,2.3028928689585535,0.0,,,,,,,2208,0.223731884057971,3
LightGBM (24h matched),6,test,season,winter,2.759088657388619,0.0,,,2.759088657388619,0.0,3.6244746830281485,0.0,,,,,,,2131,0.07226654152979822,3
LightGBM (24h matched),6,test,target_transition,positive_to_positive,2.400775545676998,0.0,,,2.400775545676998,0.0,3.384901763020029,0.0,,,,,,,6912,0.0,3
LightGBM (24h matched),6,test,target_transition,positive_to_zero,1.5393435552677008,0.0,,,1.5393435552677008,0.0,1.9797683707049039,0.0,,,,,,,393,1.0,3
LightGBM (24h matched),6,test,target_transition,zero_to_positive,1.1428239605087396,0.0,,,1.1428239605087396,0.0,1.5489083660884646,0.0,,,,,,,393,0.0,3
LightGBM (24h matched),6,test,target_transition,zero_to_zero,1.1110536402105806,0.0,,,1.1110536402105806,0.0,1.4353005153354514,0.0,,,,,,,1033,1.0,3
LightGBM (24h matched),6,validation,all,all,1.835486746841186,0.0,,,1.835486746841186,0.0,2.604119154134887,0.0,,,,,,,4244,0.22525918944392084,3
LightGBM (24h matched),6,validation,issue_wind,12_or_more,2.360101589899306,0.0,,,2.360101589899306,0.0,2.8824026707532737,0.0,,,,,,,23,0.0,3
LightGBM (24h matched),6,validation,issue_wind,3_to_6,2.0961640652204947,0.0,,,2.0961640652204947,0.0,2.8272722547124176,0.0,,,,,,,1966,0.10528992878942015,3
LightGBM (24h matched),6,validation,issue_wind,6_to_12,3.0377911803921194,0.0,,,3.0377911803921194,0.0,3.6920693322923674,0.0,,,,,,,670,0.005970149253731343,3
LightGBM (24h matched),6,validation,issue_wind,below_3,0.9963058510663072,0.0,,,0.9963058510663072,0.0,1.5363413444182317,0.0,,,,,,,1585,0.47003154574132494,3
LightGBM (24h matched),6,validation,season,autumn,1.7464088164965916,0.0,,,1.7464088164965916,0.0,2.4822979667502247,0.0,,,,,,,2158,0.26367006487488415,3
LightGBM (24h matched),6,validation,season,summer,1.566623800320454,0.0,,,1.566623800320454,0.0,2.2455098234925064,0.0,,,,,,,1404,0.25783475783475784,3
LightGBM (24h matched),6,validation,season,winter,2.6708441524111883,0.0,,,2.6708441524111883,0.0,3.510319126097738,0.0,,,,,,,682,0.036656891495601175,3
LightGBM (24h matched),6,validation,target_transition,positive_to_positive,2.1640268304574963,0.0,,,2.1640268304574963,0.0,2.9538140414066363,0.0,,,,,,,3073,0.0,3
LightGBM (24h matched),6,validation,target_transition,positive_to_zero,1.219432971858392,0.0,,,1.219432971858392,0.0,1.6917768371921058,0.0,,,,,,,215,1.0,3
LightGBM (24h matched),6,validation,target_transition,zero_to_positive,0.8989773183271218,0.0,,,0.8989773183271218,0.0,1.2814807627167115,0.0,,,,,,,215,0.0,3
LightGBM (24h matched),6,validation,target_transition,zero_to_zero,0.9234724577708805,0.0,,,0.9234724577708805,0.0,1.1616995471008826,0.0,,,,,,,741,1.0,3
LightGBM (24h matched),9,test,all,all,2.538508841858899,0.0,,,2.538508841858899,0.0,3.524691686738624,0.0,,,,,,,8728,0.16338221814848763,3
LightGBM (24h matched),9,test,issue_wind,12_or_more,4.508119818297394,0.0,,,4.508119818297394,0.0,5.26323090018162,0.0,,,,,,,38,0.0,3
LightGBM (24h matched),9,test,issue_wind,3_to_6,2.622313906141297,0.0,,,2.622313906141297,0.0,3.577829222485134,0.0,,,,,,,3668,0.11477644492911669,3
LightGBM (24h matched),9,test,issue_wind,6_to_12,3.938198329347981,0.0,,,3.938198329347981,0.0,4.830131982678471,0.0,,,,,,,1647,0.019429265330904676,3
LightGBM (24h matched),9,test,issue_wind,below_3,1.7422034259220043,0.0,,,1.7422034259220043,0.0,2.55318908802984,0.0,,,,,,,3375,0.2882962962962963,3
LightGBM (24h matched),9,test,season,autumn,1.9279775927818052,0.0,,,1.9279775927818052,0.0,2.7628077789631664,0.0,,,,,,,2184,0.19688644688644688,3
LightGBM (24h matched),9,test,season,spring,3.06585015635399,0.0,,,3.06585015635399,0.0,4.1894706965498045,0.0,,,,,,,2208,0.15760869565217392,3
LightGBM (24h matched),9,test,season,summer,1.9690677897688291,0.0,,,1.9690677897688291,0.0,2.7289643063241438,0.0,,,,,,,2208,0.223731884057971,3
LightGBM (24h matched),9,test,season,winter,3.208789137250855,0.0,,,3.208789137250855,0.0,4.145133934888986,0.0,,,,,,,2128,0.07236842105263158,3
LightGBM (24h matched),9,test,target_transition,positive_to_positive,2.780043122562437,0.0,,,2.780043122562437,0.0,3.827019308064934,0.0,,,,,,,6909,0.0,3
LightGBM (24h matched),9,test,target_transition,positive_to_zero,1.8975967574259212,0.0,,,1.8975967574259212,0.0,2.3173209524934455,0.0,,,,,,,393,1.0,3
LightGBM (24h matched),9,test,target_transition,zero_to_positive,1.5106951138888813,0.0,,,1.5106951138888813,0.0,1.9269932760722233,0.0,,,,,,,393,0.0,3
LightGBM (24h matched),9,test,target_transition,zero_to_zero,1.5579172628595106,0.0,,,1.5579172628595106,0.0,1.8854954682803922,0.0,,,,,,,1033,1.0,3
LightGBM (24h matched),9,validation,all,all,2.167180007411981,0.0,,,2.167180007411981,0.0,3.0050504872012724,0.0,,,,,,,4241,0.22612591369959914,3
LightGBM (24h matched),9,validation,issue_wind,12_or_more,2.9423104645478957,0.0,,,2.9423104645478957,0.0,3.442135943019171,0.0,,,,,,,23,0.0,3
LightGBM (24h matched),9,validation,issue_wind,3_to_6,2.3372355959830804,0.0,,,2.3372355959830804,0.0,3.1508040462834948,0.0,,,,,,,1966,0.12105798575788403,3
LightGBM (24h matched),9,validation,issue_wind,6_to_12,3.401582945631317,0.0,,,3.401582945631317,0.0,4.1578249150962865,0.0,,,,,,,667,0.013493253373313344,3
LightGBM (24h matched),9,validation,issue_wind,below_3,1.4255370752749414,0.0,,,1.4255370752749414,0.0,2.0980310880943334,0.0,,,,,,,1585,0.449211356466877,3
LightGBM (24h matched),9,validation,season,autumn,2.0523093242842276,0.0,,,2.0523093242842276,0.0,2.833727625734832,0.0,,,,,,,2159,0.26401111625752666,3
LightGBM (24h matched),9,validation,season,summer,1.94805240862772,0.0,,,1.94805240862772,0.0,2.725338211423742,0.0,,,,,,,1401,0.2583868665239115,3
LightGBM (24h matched),9,validation,season,winter,2.982163224401065,0.0,,,2.982163224401065,0.0,3.9369001032568556,0.0,,,,,,,681,0.039647577092511016,3
LightGBM (24h matched),9,validation,target_transition,positive_to_positive,2.471327492348759,0.0,,,2.471327492348759,0.0,3.3665723359383897,0.0,,,,,,,3067,0.0,3
LightGBM (24h matched),9,validation,target_transition,positive_to_zero,1.5588098010215594,0.0,,,1.5588098010215594,0.0,2.03524386879657,0.0,,,,,,,216,1.0,3
LightGBM (24h matched),9,validation,target_transition,zero_to_positive,1.2218169688443066,0.0,,,1.2218169688443066,0.0,1.6524546700576448,0.0,,,,,,,215,0.0,3
LightGBM (24h matched),9,validation,target_transition,zero_to_zero,1.3621203594594646,0.0,,,1.3621203594594646,0.0,1.6630860357890984,0.0,,,,,,,743,1.0,3
LightGBM (24h matched),12,test,all,all,2.7746308555484784,0.0,,,2.7746308555484784,0.0,3.7912194611818375,0.0,,,,,,,8725,0.16343839541547278,3
LightGBM (24h matched),12,test,issue_wind,12_or_more,4.9289949628401395,0.0,,,4.9289949628401395,0.0,5.7456962322182115,0.0,,,,,,,38,0.0,3
LightGBM (24h matched),12,test,issue_wind,3_to_6,2.837855940540775,0.0,,,2.837855940540775,0.0,3.8492690950053188,0.0,,,,,,,3668,0.11777535441657579,3
LightGBM (24h matched),12,test,issue_wind,6_to_12,3.9183987484709184,0.0,,,3.9183987484709184,0.0,4.834305221023285,0.0,,,,,,,1644,0.0340632603406326,3
LightGBM (24h matched),12,test,issue_wind,below_3,2.1245183033134207,0.0,,,2.1245183033134207,0.0,3.049397665480916,0.0,,,,,,,3375,0.2779259259259259,3
LightGBM (24h matched),12,test,season,autumn,2.150556315013635,0.0,,,2.150556315013635,0.0,3.0544594321072815,0.0,,,,,,,2184,0.19688644688644688,3
LightGBM (24h matched),12,test,season,spring,3.2781699000619358,0.0,,,3.2781699000619358,0.0,4.4299163438181095,0.0,,,,,,,2208,0.15760869565217392,3
LightGBM (24h matched),12,test,season,summer,2.1585139489476135,0.0,,,2.1585139489476135,0.0,2.967126474292885,0.0,,,,,,,2208,0.223731884057971,3
LightGBM (24h matched),12,test,season,winter,3.5330076630859337,0.0,,,3.5330076630859337,0.0,4.459612279206523,0.0,,,,,,,2125,0.07247058823529412,3
LightGBM (24h matched),12,test,target_transition,positive_to_positive,2.9981231609215335,0.0,,,2.9981231609215335,0.0,4.088161896933673,0.0,,,,,,,6906,0.0,3
LightGBM (24h matched),12,test,target_transition,positive_to_zero,2.263594413979607,0.0,,,2.263594413979607,0.0,2.718276173465879,0.0,,,,,,,393,1.0,3
LightGBM (24h matched),12,test,target_transition,zero_to_positive,1.8242829066217803,0.0,,,1.8242829066217803,0.0,2.308710068474563,0.0,,,,,,,393,0.0,3
LightGBM (24h matched),12,test,target_transition,zero_to_zero,1.836476164898371,0.0,,,1.836476164898371,0.0,2.197498534527746,0.0,,,,,,,1033,1.0,3
LightGBM (24h matched),12,validation,all,all,2.311603139118167,0.0,,,2.311603139118167,0.0,3.1771976538079,0.0,,,,,,,4238,0.2267579046720151,3
LightGBM (24h matched),12,validation,issue_wind,12_or_more,2.6321565967934704,0.0,,,2.6321565967934704,0.0,3.044137514325385,0.0,,,,,,,23,0.0,3
LightGBM (24h matched),12,validation,issue_wind,3_to_6,2.4364363089637813,0.0,,,2.4364363089637813,0.0,3.322262055419324,0.0,,,,,,,1966,0.1358087487283825,3
LightGBM (24h matched),12,validation,issue_wind,6_to_12,3.4314795235902493,0.0,,,3.4314795235902493,0.0,4.130756055867755,0.0,,,,,,,664,0.018072289156626505,3
LightGBM (24h matched),12,validation,issue_wind,below_3,1.6829642364478385,0.0,,,1.6829642364478385,0.0,2.453119896917008,0.0,,,,,,,1585,0.4302839116719243,3
LightGBM (24h matched),12,validation,season,autumn,2.2083938113998793,0.0,,,2.2083938113998793,0.0,3.0138430706470527,0.0,,,,,,,2159,0.26401111625752666,3
LightGBM (24h matched),12,validation,season,summer,2.0563636675287214,0.0,,,2.0563636675287214,0.0,2.860250006989619,0.0,,,,,,,1398,0.2582260371959943,3
LightGBM (24h matched),12,validation,season,winter,3.1627833444424387,0.0,,,3.1627833444424387,0.0,4.150798091828078,0.0,,,,,,,681,0.04405286343612335,3
LightGBM (24h matched),12,validation,target_transition,positive_to_positive,2.615515901717692,0.0,,,2.615515901717692,0.0,3.5493522410246143,0.0,,,,,,,3062,0.0,3
LightGBM (24h matched),12,validation,target_transition,positive_to_zero,1.7308819545270857,0.0,,,1.7308819545270857,0.0,2.1823606395455566,0.0,,,,,,,215,1.0,3
LightGBM (24h matched),12,validation,target_transition,zero_to_positive,1.4066663710004663,0.0,,,1.4066663710004663,0.0,1.8320972168151517,0.0,,,,,,,215,0.0,3
LightGBM (24h matched),12,validation,target_transition,zero_to_zero,1.4923478854353849,0.0,,,1.4923478854353849,0.0,1.8160855057270584,0.0,,,,,,,746,1.0,3
LightGBM (24h matched),24,test,all,all,3.377186179986735,0.0,,,3.377186179986735,0.0,4.394599462993356,0.0,,,,,,,8713,0.1636634913347871,3
LightGBM (24h matched),24,test,issue_wind,12_or_more,3.8480328407781186,0.0,,,3.8480328407781186,0.0,4.74001132261806,0.0,,,,,,,38,0.0,3
LightGBM (24h matched),24,test,issue_wind,3_to_6,3.204135152691777,0.0,,,3.204135152691777,0.0,4.1467933977258955,0.0,,,,,,,3659,0.15714676141022138,3
LightGBM (24h matched),24,test,issue_wind,6_to_12,4.228554195805139,0.0,,,4.228554195805139,0.0,5.299321071444272,0.0,,,,,,,1641,0.07739183424741011,3
LightGBM (24h matched),24,test,issue_wind,below_3,3.145543697558343,0.0,,,3.145543697558343,0.0,4.160214227692266,0.0,,,,,,,3375,0.21451851851851853,3
LightGBM (24h matched),24,test,season,autumn,2.7014829445447486,0.0,,,2.7014829445447486,0.0,3.519745733778503,0.0,,,,,,,2184,0.19688644688644688,3
LightGBM (24h matched),24,test,season,spring,3.667218698819696,0.0,,,3.667218698819696,0.0,4.833439614584893,0.0,,,,,,,2208,0.15760869565217392,3
LightGBM (24h matched),24,test,season,summer,2.689232650753818,0.0,,,2.689232650753818,0.0,3.451260599805329,0.0,,,,,,,2208,0.223731884057971,3
LightGBM (24h matched),24,test,season,winter,4.491405516081575,0.0,,,4.491405516081575,0.0,5.47461534568945,0.0,,,,,,,2113,0.07288215806909608,3
LightGBM (24h matched),24,test,target_transition,positive_to_positive,3.512647088850127,0.0,,,3.512647088850127,0.0,4.666568200712023,0.0,,,,,,,6894,0.0,3
LightGBM (24h matched),24,test,target_transition,positive_to_zero,3.1190123048519403,0.0,,,3.1190123048519403,0.0,3.452727303023886,0.0,,,,,,,393,1.0,3
LightGBM (24h matched),24,test,target_transition,zero_to_positive,2.741310736273262,0.0,,,2.741310736273262,0.0,3.06133988747701,0.0,,,,,,,393,0.0,3
LightGBM (24h matched),24,test,target_transition,zero_to_zero,2.813288674278256,0.0,,,2.813288674278256,0.0,3.075681023660996,0.0,,,,,,,1033,1.0,3
LightGBM (24h matched),24,validation,all,all,2.8688757409781704,0.0,,,2.8688757409781704,0.0,3.7094174722266735,0.0,,,,,,,4226,0.22574538570752484,3
LightGBM (24h matched),24,validation,issue_wind,12_or_more,3.0698004117967685,0.0,,,3.0698004117967685,0.0,3.4000950305757254,0.0,,,,,,,23,0.34782608695652173,3
LightGBM (24h matched),24,validation,issue_wind,3_to_6,2.8605754286557175,0.0,,,2.8605754286557175,0.0,3.728005577637464,0.0,,,,,,,1961,0.16930137684854665,3
LightGBM (24h matched),24,validation,issue_wind,6_to_12,3.470968693443332,0.0,,,3.470968693443332,0.0,4.202179510305718,0.0,,,,,,,657,0.0669710806697108,3
LightGBM (24h matched),24,validation,issue_wind,below_3,2.6266552837326755,0.0,,,2.6266552837326755,0.0,3.464774273624674,0.0,,,,,,,1585,0.35962145110410093,3
LightGBM (24h matched),24,validation,season,autumn,2.796336382969489,0.0,,,2.796336382969489,0.0,3.608636199202573,0.0,,,,,,,2159,0.26401111625752666,3
LightGBM (24h matched),24,validation,season,summer,2.507385423033878,0.0,,,2.507385423033878,0.0,3.1215506762430483,0.0,,,,,,,1386,0.25252525252525254,3
LightGBM (24h matched),24,validation,season,winter,3.8345703879848245,0.0,,,3.8345703879848245,0.0,4.926550050554569,0.0,,,,,,,681,0.049926578560939794,3
LightGBM (24h matched),24,validation,target_transition,positive_to_positive,3.0226530893705372,0.0,,,3.0226530893705372,0.0,4.033546243732552,0.0,,,,,,,3057,0.0,3
LightGBM (24h matched),24,validation,target_transition,positive_to_zero,2.5901807266025907,0.0,,,2.5901807266025907,0.0,2.821057406580754,0.0,,,,,,,214,1.0,3
LightGBM (24h matched),24,validation,target_transition,zero_to_positive,2.29800378806224,0.0,,,2.29800378806224,0.0,2.5284628635845516,0.0,,,,,,,215,0.0,3
LightGBM (24h matched),24,validation,target_transition,zero_to_zero,2.480066077353621,0.0,,,2.480066077353621,0.0,2.685134950591763,0.0,,,,,,,740,1.0,3
Quantile LightGBM (24h matched),1,test,all,all,0.5960258198523055,0.0,0.1179357142857143,0.0,0.8050585898765563,0.0,1.3950461194338437,0.0,0.9199862637362637,0.0,4.328008743918946,0.0,5.369772935819754,0.0,8736,0.16323260073260074,3
Quantile LightGBM (24h matched),1,test,issue_wind,12_or_more,1.8916994655560362,0.0,0.0,0.0,2.5037174869525844,0.0,3.698134329807763,0.0,0.7894736842105262,0.0,10.217960798828358,0.0,18.840076596940317,0.0,38,0.0,3
Quantile LightGBM (24h matched),1,test,issue_wind,3_to_6,0.6446596743513097,0.0,0.025335850599781894,0.0,0.8823647053732749,0.0,1.3398539632159254,0.0,0.9307524536532169,0.0,4.57214664551977,0.0,5.413737431264586,0.0,3668,0.03271537622682661,3
Quantile LightGBM (24h matched),1,test,issue_wind,6_to_12,1.1937367557374172,0.0,0.0011829003021148036,0.0,1.5994760784361288,0.0,2.265795846686004,0.0,0.8628398791540786,0.0,9.116981842039788,0.0,11.594969858884726,0.0,1655,0.0012084592145015106,3
Quantile LightGBM (24h matched),1,test,issue_wind,below_3,0.23548176778446864,0.0,0.2771546074074074,0.0,0.31235671927005426,0.0,0.644196357279902,0.0,0.9377777777777778,0.0,1.647989046571275,0.0,2.1176739088310885,0.0,3375,0.38637037037037036,3
Quantile LightGBM (24h matched),1,test,season,autumn,0.46930890972377076,0.0,0.1375250457875458,0.0,0.6346182682387411,0.0,1.1009977458088265,0.0,0.9468864468864467,0.0,3.4739740086979354,0.0,4.097504045495328,0.0,2184,0.19688644688644688,3
Quantile LightGBM (24h matched),1,test,season,spring,0.6961406629982966,0.0,0.11348872282608696,0.0,0.9420994447319831,0.0,1.6224415288491667,0.0,0.8944746376811595,0.0,4.595603277279481,0.0,6.146237649248814,0.0,2208,0.15760869565217392,3
Quantile LightGBM (24h matched),1,test,season,summer,0.450220145514211,0.0,0.1637511322463768,0.0,0.6080525124477912,0.0,1.0726706564065478,0.0,0.9375,0.0,3.296497919547759,0.0,3.9141387069794766,0.0,2208,0.223731884057971,3
Quantile LightGBM (24h matched),1,test,season,winter,0.7728212725643296,0.0,0.05514330524344569,0.0,1.0413155533123803,0.0,1.6762039918143863,0.0,0.900749063670412,0.0,5.990901549290758,0.0,7.372695008149587,0.0,2136,0.07209737827715355,3
Quantile LightGBM (24h matched),1,test,target_transition,positive_to_positive,0.7306995349251107,0.0,0.0032805117825646956,0.0,0.9910790155441948,0.0,1.5570792142966206,0.0,0.9181726181870754,0.0,5.277745999426916,0.0,6.53988489655912,0.0,6917,0.0,3
Quantile LightGBM (24h matched),1,test,target_transition,positive_to_zero,0.15305089346244363,0.0,0.7348603053435115,0.0,0.1963955471302383,0.0,0.5671559705777562,0.0,0.7811704834605598,0.0,1.347223603575913,0.0,1.5459295452883774,0.0,393,1.0,3
Quantile LightGBM (24h matched),1,test,target_transition,zero_to_positive,0.17686365333588328,0.0,0.028854961832061068,0.0,0.24098396045745427,0.0,0.3580379747940028,0.0,0.8804071246819337,0.0,0.6748071709521803,0.0,1.4191985040031365,0.0,393,0.0,3
Quantile LightGBM (24h matched),1,test,target_transition,zero_to_zero,0.022242461046473035,0.0,0.6848547918683447,0.0,0.005622598412815612,0.0,0.22983654518727956,0.0,1.0,0.0,0.4924077584224303,0.0,0.4924077584224303,0.0,1033,1.0,3
Quantile LightGBM (24h matched),1,validation,all,all,0.5512473144100676,0.0,0.15800157684160976,0.0,0.7458090416533983,0.0,1.2674665813533315,0.0,0.9256295598964462,0.0,4.03921620490224,0.0,4.876222303915056,0.0,4249,0.22452341727465286,3
Quantile LightGBM (24h matched),1,validation,issue_wind,12_or_more,1.0487253078962262,0.0,0.0,0.0,1.3913427133253145,0.0,1.997235139605426,0.0,0.9130434782608695,0.0,7.560843330478097,0.0,8.43530091607823,0.0,23,0.0,3
Quantile LightGBM (24h matched),1,validation,issue_wind,3_to_6,0.6868478811501383,0.0,0.03740147282884713,0.0,0.9418342340814941,0.0,1.3683051080791253,0.0,0.9126460132046724,0.0,4.723928077093018,0.0,5.7369870801790235,0.0,1969,0.05027932960893855,3
Quantile LightGBM (24h matched),1,validation,issue_wind,6_to_12,1.0622191450973926,0.0,3.37797619047619e-05,0.0,1.4229820531289017,0.0,1.9805694793482462,0.0,0.9077380952380952,0.0,8.676093400025817,0.0,10.275972640718354,0.0,672,0.0,3
Quantile LightGBM (24h matched),1,validation,issue_wind,below_3,0.15893653839539088,0.0,0.3770867507886435,0.0,0.20582093941307453,0.0,0.5096232043019864,0.0,0.9495268138801262,0.0,1.1715969144574907,0.0,1.4659151248139073,0.0,1585,0.5394321766561514,3
Quantile LightGBM (24h matched),1,validation,season,autumn,0.5241828745995389,0.0,0.18333841151881095,0.0,0.7124302078256962,0.0,1.251341981556169,0.0,0.924756154203437,0.0,3.6994773008541846,0.0,4.5153206172846305,0.0,2153,0.2633534602879703,3
Quantile LightGBM (24h matched),1,validation,season,summer,0.4548338696350503,0.0,0.18319602555003547,0.0,0.6085784515301167,0.0,1.0535530207634445,0.0,0.9439318665720369,0.0,3.584422464634375,0.0,4.072547565621572,0.0,1409,0.25691980127750175,3
Quantile LightGBM (24h matched),1,validation,season,winter,0.8338037665207921,0.0,0.02692561863173217,0.0,1.1318680383269732,0.0,1.6589287498443486,0.0,0.8908296943231441,0.0,6.036686715022888,0.0,7.655551325124409,0.0,687,0.036390101892285295,3
Quantile LightGBM (24h matched),1,validation,target_transition,positive_to_positive,0.7326157588231714,0.0,0.0034834793898085043,0.0,0.9980959752262949,0.0,1.4733314146540681,0.0,0.9156118143459916,0.0,5.334039877083629,0.0,6.390414410071805,0.0,3081,0.0,3
Quantile LightGBM (24h matched),1,validation,target_transition,positive_to_zero,0.12652384616979254,0.0,0.7046446511627907,0.0,0.16048724543492046,0.0,0.5071349679433654,0.0,0.8883720930232558,0.0,1.192654551458684,0.0,1.3115547530190041,0.0,215,1.0,3
Quantile LightGBM (24h matched),1,validation,target_transition,zero_to_positive,0.1968372730257197,0.0,0.02776869158878505,0.0,0.25793130675776554,0.0,0.46271657737475147,0.0,0.8504672897196262,0.0,0.6017289048331393,0.0,1.892315050783677,0.0,214,0.0,3
Quantile LightGBM (24h matched),1,validation,target_transition,zero_to_zero,0.021292128065192917,0.0,0.6808863328822734,0.0,0.005557321919357861,0.0,0.22327448410174852,0.0,1.0,0.0,0.4644953709567678,0.0,0.4644953709567678,0.0,739,1.0,3
Quantile LightGBM (24h matched),3,test,all,all,1.1103651597880173,0.0,0.12044567208610031,0.0,1.4975732723314243,0.0,2.513063658096248,0.0,0.9096633844744676,0.0,6.9236711580834465,0.0,9.342631872702075,0.0,8734,0.1632699793908862,3
Quantile LightGBM (24h matched),3,test,issue_wind,12_or_more,2.970765406953557,0.0,9.999999999999998e-05,0.0,3.811932080997258,0.0,5.299073377202365,0.0,0.6842105263157895,0.0,14.66203549563194,0.0,25.459330637783406,0.0,38,0.0,3
Quantile LightGBM (24h matched),3,test,issue_wind,3_to_6,1.2254356121437464,0.0,0.05173598691384951,0.0,1.6887265460853085,0.0,2.5082624038233265,0.0,0.9018538713195202,0.0,7.4516865664396725,0.0,9.634137817200568,0.0,3668,0.059432933478735,3
Quantile LightGBM (24h matched),3,test,issue_wind,6_to_12,2.198460696126043,0.0,0.0013457350272232304,0.0,2.951673041795628,0.0,3.989532920768227,0.0,0.8106473079249849,0.0,13.16830289269449,0.0,18.975481659239197,0.0,1653,0.0012099213551119178,3
Quantile LightGBM (24h matched),3,test,issue_wind,below_3,0.4314331449139843,0.0,0.2548078814814815,0.0,0.5515813429142756,0.0,1.1808203501315593,0.0,0.9691851851851853,0.0,3.204206085493949,0.0,4.126401041697802,0.0,3375,0.35733333333333334,3
Quantile LightGBM (24h matched),3,test,season,autumn,0.8292049503885379,0.0,0.13910728021978022,0.0,1.1044148798019104,0.0,1.9353522469527116,0.0,0.9468864468864467,0.0,5.772229774520248,0.0,7.142046596819675,0.0,2184,0.19688644688644688,3
Quantile LightGBM (24h matched),3,test,season,spring,1.3328631361925884,0.0,0.11662481884057972,0.0,1.828827160499003,0.0,2.9257931409387212,0.0,0.8817934782608695,0.0,7.369131677925513,0.0,10.854713816562688,0.0,2208,0.15760869565217392,3
Quantile LightGBM (24h matched),3,test,season,summer,0.8142113587863863,0.0,0.16599823369565217,0.0,1.0999529644017916,0.0,1.9258909686346557,0.0,0.9393115942028986,0.0,5.4401277444130445,0.0,6.72982490331442,0.0,2208,0.223731884057971,3
Quantile LightGBM (24h matched),3,test,season,winter,1.4743229658043109,0.0,0.05816799437675726,0.0,1.968611221778038,0.0,3.05283478391636,0.0,0.8697282099343955,0.0,9.176171163366936,0.0,12.733671750345408,0.0,2134,0.07216494845360824,3
Quantile LightGBM (24h matched),3,test,target_transition,positive_to_positive,1.3444234058499342,0.0,0.006538206796818512,0.0,1.8228994288089735,0.0,2.7848635861319457,0.0,0.9018076644974693,0.0,8.068456354874662,0.0,11.099848954777741,0.0,6915,0.0,3
Quantile LightGBM (24h matched),3,test,target_transition,positive_to_zero,0.3876084681620077,0.0,0.7558834605597965,0.0,0.5057631103305094,0.0,1.3291867046861958,0.0,0.816793893129771,0.0,3.3232319207686136,0.0,3.613754996170113,0.0,393,1.0,3
Quantile LightGBM (24h matched),3,test,target_transition,zero_to_positive,0.22304295188877885,0.0,0.040840712468193374,0.0,0.27280982918748126,0.0,0.7375249518252653,0.0,0.9847328244274808,0.0,2.5936513382344932,0.0,2.6576795942977416,0.0,393,0.0,3
Quantile LightGBM (24h matched),3,test,target_transition,zero_to_zero,0.15610401360724976,0.0,0.6714890609874153,0.0,0.1630941385266583,0.0,0.7761830406718598,0.0,0.969022265246854,0.0,2.27747636007191,0.0,2.302437037597274,0.0,1033,1.0,3
Quantile LightGBM (24h matched),3,validation,all,all,0.9870193227111632,0.0,0.15952721921356253,0.0,1.333797866599583,0.0,2.2271044906016444,0.0,0.9284200612196845,0.0,6.5497371808409275,0.0,8.151872158450898,0.0,4247,0.22510007063809748,3
Quantile LightGBM (24h matched),3,validation,issue_wind,12_or_more,1.524262065699852,0.0,9.999999999999998e-05,0.0,2.074675288256616,0.0,2.632156204779711,0.0,1.0,0.0,10.91703201636752,0.0,10.91703201636752,0.0,23,0.0,3
Quantile LightGBM (24h matched),3,validation,issue_wind,3_to_6,1.1905290549709573,0.0,0.06876085409252668,0.0,1.6235904731256967,0.0,2.365305556730095,0.0,0.9105236400610067,0.0,7.585621042791682,0.0,9.333130419330484,0.0,1967,0.08286731062531774,3
Quantile LightGBM (24h matched),3,validation,issue_wind,6_to_12,1.9460767716888707,0.0,0.0001035714285714286,0.0,2.656738199411058,0.0,3.4984655993903595,0.0,0.8794642857142857,0.0,12.879533592159087,0.0,15.803969988987115,0.0,672,0.0,3
Quantile LightGBM (24h matched),3,validation,issue_wind,below_3,0.32004971251761455,0.0,0.3420741955835962,0.0,0.40251828213000085,0.0,1.0283815377779622,0.0,0.9703470031545741,0.0,2.5171475744812737,0.0,3.4014977622347673,0.0,1585,0.5003154574132492,3
Quantile LightGBM (24h matched),3,validation,season,autumn,0.9242962311825739,0.0,0.18340900232018564,0.0,1.254035960545185,0.0,2.1585498806006136,0.0,0.931322505800464,0.0,6.145819372027795,0.0,7.60198295468764,0.0,2155,0.2640371229698376,3
Quantile LightGBM (24h matched),3,validation,season,summer,0.8180217898832559,0.0,0.18505394456289978,0.0,1.0940823806192934,0.0,1.8705016623789466,0.0,0.9481165600568585,0.0,5.847543549726308,0.0,6.766739035158202,0.0,1407,0.2572850035536603,3
Quantile LightGBM (24h matched),3,validation,season,winter,1.531468652540325,0.0,0.031963211678832114,0.0,2.0771067663389924,0.0,2.984496503797285,0.0,0.8788321167883212,0.0,9.262772680068041,0.0,12.726899222075195,0.0,685,0.0364963503649635,3
Quantile LightGBM (24h matched),3,validation,target_transition,positive_to_positive,1.2937677803141827,0.0,0.00744686382840429,0.0,1.763284465251109,0.0,2.5671401868797,0.0,0.91875203119922,0.0,8.168607168158795,0.0,10.355889440366342,0.0,3077,0.0,3
Quantile LightGBM (24h matched),3,validation,target_transition,positive_to_zero,0.3315573215444115,0.0,0.7396776744186048,0.0,0.4195103834499198,0.0,1.235152804881014,0.0,0.8511627906976744,0.0,2.977455841357386,0.0,3.2519725250836102,0.0,215,1.0,3
Quantile LightGBM (24h matched),3,validation,target_transition,zero_to_positive,0.20835895081217282,0.0,0.04161401869158879,0.0,0.25407232099509824,0.0,0.6680991843392707,0.0,0.9906542056074766,0.0,2.358071633582018,0.0,2.3726532188312013,0.0,214,0.0,3
Quantile LightGBM (24h matched),3,validation,target_transition,zero_to_zero,0.12830494456372013,0.0,0.6567638326585695,0.0,0.12745888088540247,0.0,0.7003942936802088,0.0,0.9730094466936571,0.0,2.0744253915363275,0.0,2.0904282958311455,0.0,741,1.0,3
Quantile LightGBM (24h matched),6,test,all,all,1.4522937084036915,0.0,0.12250423777345094,0.0,1.982537916842797,0.0,3.2008760690059344,0.0,0.9003550566945367,0.0,8.168463811848223,0.0,12.008678332352313,0.0,8731,0.16332607948688582,3
Quantile LightGBM (24h matched),6,test,issue_wind,12_or_more,3.499999762375596,0.0,0.00016315789473684216,0.0,5.042238273408491,0.0,6.085415899403388,0.0,0.7368421052631579,0.0,15.00753109272558,0.0,26.048848165038773,0.0,38,0.0,3
Quantile LightGBM (24h matched),6,test,issue_wind,3_to_6,1.576041023769328,0.0,0.07274877317339148,0.0,2.178986493473199,0.0,3.2477417305077547,0.0,0.8950381679389313,0.0,8.705014404547628,0.0,12.590753109722145,0.0,3668,0.08724100327153762,3
Quantile LightGBM (24h matched),6,test,issue_wind,6_to_12,2.672475347628781,0.0,0.011323333333333331,0.0,3.706759903095605,0.0,4.741628258866657,0.0,0.8036363636363636,0.0,13.491522801934288,0.0,20.659764336136966,0.0,1650,0.011515151515151515,3
Quantile LightGBM (24h matched),6,test,issue_wind,below_3,0.6982143935789556,0.0,0.23231179259259258,0.0,0.8916317627844447,0.0,1.9059930820647837,0.0,0.9552592592592593,0.0,4.905945452044738,0.0,6.988569104714,0.0,3375,0.32207407407407407,3
Quantile LightGBM (24h matched),6,test,season,autumn,1.052237297133457,0.0,0.14126309523809524,0.0,1.3935511131967953,0.0,2.4218868685017645,0.0,0.9377289377289376,0.0,7.029089658876159,0.0,9.461633325942932,0.0,2184,0.19688644688644688,3
Quantile LightGBM (24h matched),6,test,season,spring,1.7956064703497026,0.0,0.12094578804347826,0.0,2.4981675420819984,0.0,3.7789924830840342,0.0,0.8704710144927535,0.0,8.868769798884374,0.0,14.419131923198654,0.0,2208,0.15760869565217392,3
Quantile LightGBM (24h matched),6,test,season,summer,0.9913806832369961,0.0,0.16535307971014493,0.0,1.339097422564506,0.0,2.3170628687312473,0.0,0.9307065217391305,0.0,6.295160986703159,0.0,8.323826529944022,0.0,2208,0.223731884057971,3
Quantile LightGBM (24h matched),6,test,season,winter,1.984149449091379,0.0,0.06049648052557485,0.0,2.7186024771436785,0.0,3.9505288321380108,0.0,0.8615673392773345,0.0,10.551556335844216,0.0,15.939517161600023,0.0,2131,0.07226654152979822,3
Quantile LightGBM (24h matched),6,test,target_transition,positive_to_positive,1.7228401512089369,0.0,0.010745601851851852,0.0,2.364967325459403,0.0,3.5109050195403366,0.0,0.8923611111111112,0.0,9.079409472326812,0.0,13.913089806664336,0.0,6912,0.0,3
Quantile LightGBM (24h matched),6,test,target_transition,positive_to_zero,0.6151420593643284,0.0,0.7337687022900766,0.0,0.8207593550122768,0.0,1.9631512079962896,0.0,0.8447837150127228,0.0,5.384161702148018,0.0,5.53718054269293,0.0,393,1.0,3
Quantile LightGBM (24h matched),6,test,target_transition,zero_to_positive,0.42628422862250437,0.0,0.04191272264631043,0.0,0.5241359916389705,0.0,1.435835271381647,0.0,0.9770992366412213,0.0,4.97325849583179,0.0,4.987691416055294,0.0,393,0.0,3
Quantile LightGBM (24h matched),6,test,target_transition,zero_to_zero,0.3508467683810564,0.0,0.6684105517909004,0.0,0.4204651763263591,0.0,1.3665639604851938,0.0,0.9457889641819942,0.0,4.348028200114083,0.0,4.3990504320581865,0.0,1033,1.0,3
Quantile LightGBM (24h matched),6,validation,all,all,1.21621202470525,0.0,0.15924615928369462,0.0,1.6710379461171911,0.0,2.6866620330297573,0.0,0.9319038642789822,0.0,7.5762952471669704,0.0,9.642790008703608,0.0,4244,0.22525918944392084,3
Quantile LightGBM (24h matched),6,validation,issue_wind,12_or_more,1.6225811368949348,0.0,9.999999999999998e-05,0.0,2.231283640753703,0.0,2.6095380261868346,0.0,1.0,0.0,11.231267574048521,0.0,11.231267574048521,0.0,23,0.0,3
Quantile LightGBM (24h matched),6,validation,issue_wind,3_to_6,1.468065230340499,0.0,0.08490244150559513,0.0,2.067292957900622,0.0,2.9078343670448894,0.0,0.9155645981688708,0.0,8.453693436304835,0.0,10.994340515190816,0.0,1966,0.10528992878942015,3
Quantile LightGBM (24h matched),6,validation,issue_wind,6_to_12,2.174088774325071,0.0,0.005577014925373134,0.0,2.951783022512336,0.0,3.903109035621657,0.0,0.8880597014925374,0.0,13.368411349294371,0.0,16.12827679730845,0.0,670,0.005970149253731343,3
Quantile LightGBM (24h matched),6,validation,issue_wind,below_3,0.49301498110616904,0.0,0.3187278233438485,0.0,0.6300144727243764,0.0,1.516834928279221,0.0,0.9697160883280759,0.0,3.9865495110226927,0.0,5.201806142380561,0.0,1585,0.47003154574132494,3
Quantile LightGBM (24h matched),6,validation,season,autumn,1.1106410148995485,0.0,0.18303707136237257,0.0,1.5216064290183546,0.0,2.5269152768155765,0.0,0.9379054680259499,0.0,7.381669533170919,0.0,9.157686295899639,0.0,2158,0.26367006487488415,3
Quantile LightGBM (24h matched),6,validation,season,summer,1.0144753604319496,0.0,0.18479950142450138,0.0,1.3725948124268879,0.0,2.269525400320791,0.0,0.9430199430199431,0.0,6.447294054773604,0.0,7.975043711253304,0.0,1404,0.25783475783475784,3
Quantile LightGBM (24h matched),6,validation,season,winter,1.9655676197205247,0.0,0.03136099706744867,0.0,2.758262834094427,0.0,3.756268449674612,0.0,0.8900293255131965,0.0,10.51635384676193,0.0,14.61107389998102,0.0,682,0.036656891495601175,3
Quantile LightGBM (24h matched),6,validation,target_transition,positive_to_positive,1.5633116287394129,0.0,0.011301561991539213,0.0,2.172941448778228,0.0,3.067432415642306,0.0,0.9205987634233649,0.0,8.948500578907918,0.0,11.789706280827566,0.0,3073,0.0,3
Quantile LightGBM (24h matched),6,validation,target_transition,positive_to_zero,0.44969344425357183,0.0,0.7011148837209303,0.0,0.5962698473945234,0.0,1.5690295972581003,0.0,0.8976744186046511,0.0,4.402098581760783,0.0,4.490499859845118,0.0,215,1.0,3
Quantile LightGBM (24h matched),6,validation,target_transition,zero_to_positive,0.33678138763959864,0.0,0.04828604651162791,0.0,0.39915275556658375,0.0,1.1852628593096641,0.0,1.0,0.0,4.212670275864312,0.0,4.212670275864312,0.0,215,0.0,3
Quantile LightGBM (24h matched),6,validation,target_transition,zero_to_zero,0.2543253830982904,0.0,0.6477595141700405,0.0,0.2704724852756088,0.0,1.0948337126057792,0.0,0.9689608636977058,0.0,3.7825633543902737,0.0,3.8097865273650005,0.0,741,1.0,3
Quantile LightGBM (24h matched),9,test,all,all,1.6738937528708249,0.0,0.12675166131989,0.0,2.3013337417820234,0.0,3.5761395228962116,0.0,0.9045600366636114,0.0,9.228721671028797,0.0,13.700931386178956,0.0,8728,0.16338221814848763,3
Quantile LightGBM (24h matched),9,test,issue_wind,12_or_more,3.112132116017437,0.0,0.00035263157894736846,0.0,4.677374040931418,0.0,5.454519618113008,0.0,0.8947368421052632,0.0,14.27107664299587,0.0,19.3333768692344,0.0,38,0.0,3
Quantile LightGBM (24h matched),9,test,issue_wind,3_to_6,1.771755172972475,0.0,0.09746226826608505,0.0,2.469720560778797,0.0,3.6202997746545065,0.0,0.8972191930207197,0.0,9.450944073308595,0.0,14.125690282761768,0.0,3668,0.11477644492911669,3
Quantile LightGBM (24h matched),9,test,issue_wind,6_to_12,2.825599454068057,0.0,0.018725197328476013,0.0,3.9534361197962817,0.0,4.997741825751196,0.0,0.803885853066181,0.0,13.064395564391681,0.0,21.388011249954065,0.0,1647,0.019429265330904676,3
Quantile LightGBM (24h matched),9,test,issue_wind,below_3,0.9893106309140048,0.0,0.21272388148148147,0.0,1.2853500380672596,0.0,2.510843681467474,0.0,0.9617777777777777,0.0,7.058625030179695,0.0,9.424584987168739,0.0,3375,0.2882962962962963,3
Quantile LightGBM (24h matched),9,test,season,autumn,1.2057794686023326,0.0,0.1500728937728938,0.0,1.6019585895520436,0.0,2.726151379923292,0.0,0.9523809523809522,0.0,8.348598819311512,0.0,10.73483446973688,0.0,2184,0.19688644688644688,3
Quantile LightGBM (24h matched),9,test,season,spring,2.0650574878470427,0.0,0.12476965579710146,0.0,2.9087082287379977,0.0,4.199394638691535,0.0,0.873641304347826,0.0,9.776399988327237,0.0,16.310783008560673,0.0,2208,0.15760869565217392,3
Quantile LightGBM (24h matched),9,test,season,summer,1.1773109411638858,0.0,0.1677877264492754,0.0,1.580873966794974,0.0,2.671608461702433,0.0,0.9302536231884058,0.0,7.53760861992843,0.0,10.387143377972341,0.0,2208,0.223731884057971,3
Quantile LightGBM (24h matched),9,test,season,winter,2.2637090340098376,0.0,0.06229445488721804,0.0,3.136450117929997,0.0,4.372873869069492,0.0,0.8609022556390977,0.0,11.318426652412816,0.0,17.475483644360747,0.0,2128,0.07236842105263158,3
Quantile LightGBM (24h matched),9,test,target_transition,positive_to_positive,1.9569931999494734,0.0,0.011286785352438848,0.0,2.706020639981142,0.0,3.8918609528875536,0.0,0.8917354175712838,0.0,9.86783712157746,0.0,15.5084658684379,0.0,6909,0.0,3
Quantile LightGBM (24h matched),9,test,target_transition,positive_to_zero,0.7524583661901176,0.0,0.7475791348600511,0.0,0.9961541255810046,0.0,2.2762153501092404,0.0,0.9083969465648855,0.0,7.248220639604995,0.0,7.318979050523267,0.0,393,1.0,3
Quantile LightGBM (24h matched),9,test,target_transition,zero_to_positive,0.5839524463492257,0.0,0.034682188295165395,0.0,0.7313024530954021,0.0,1.8829614333416005,0.0,0.9872773536895675,0.0,6.9909695511360495,0.0,6.993787029260687,0.0,393,0.0,3
Quantile LightGBM (24h matched),9,test,target_transition,zero_to_zero,0.5456623497363845,0.0,0.697850338818974,0.0,0.6885322954733474,0.0,1.852000449711768,0.0,0.957405614714424,0.0,6.5589490094863665,0.0,6.591308213143624,0.0,1033,1.0,3
Quantile LightGBM (24h matched),9,validation,all,all,1.3985790035532861,0.0,0.16346672954491864,0.0,1.944240625110193,0.0,3.00272756363657,0.0,0.9299693468521575,0.0,8.58480368311465,0.0,11.13071199409021,0.0,4241,0.22612591369959914,3
Quantile LightGBM (24h matched),9,validation,issue_wind,12_or_more,1.8831321335370668,0.0,0.000934782608695652,0.0,3.010147384689116,0.0,3.0692607101261573,0.0,0.9565217391304349,0.0,10.315508571187738,0.0,11.392764825809001,0.0,23,0.0,3
Quantile LightGBM (24h matched),9,validation,issue_wind,3_to_6,1.5989093160054033,0.0,0.09845895218718208,0.0,2.268116929134051,0.0,3.1271116352769734,0.0,0.9216683621566633,0.0,9.113018488481744,0.0,11.844238438014541,0.0,1966,0.12105798575788403,3
Quantile LightGBM (24h matched),9,validation,issue_wind,6_to_12,2.392622470727162,0.0,0.012602248875562218,0.0,3.368610544983437,0.0,4.243532202443445,0.0,0.8815592203898049,0.0,13.022331841566846,0.0,17.15859216736,0.0,667,0.013493253373313344,3
Quantile LightGBM (24h matched),9,validation,issue_wind,below_3,0.724748650950468,0.0,0.309946309148265,0.0,0.9276403691249103,0.0,2.069082664011852,0.0,0.9602523659305994,0.0,6.037101600171435,0.0,7.7052127641497,0.0,1585,0.449211356466877,3
Quantile LightGBM (24h matched),9,validation,season,autumn,1.267360519155808,0.0,0.18975446966188048,0.0,1.7272727667700878,0.0,2.8119047267807447,0.0,0.9462714219546086,0.0,8.591433472191778,0.0,10.725002144467604,0.0,2159,0.26401111625752666,3
Quantile LightGBM (24h matched),9,validation,season,summer,1.221794935247406,0.0,0.1853992862241256,0.0,1.69879714179486,0.0,2.648897680810852,0.0,0.9257673090649536,0.0,7.284072525324145,0.0,9.753544328916323,0.0,1401,0.2583868665239115,3
Quantile LightGBM (24h matched),9,validation,season,winter,2.1782782509992358,0.0,0.03500455212922173,0.0,3.1370452158312947,0.0,4.080198070465981,0.0,0.8869309838472835,0.0,11.239738539864993,0.0,15.25015320443356,0.0,681,0.039647577092511016,3
Quantile LightGBM (24h matched),9,validation,target_transition,positive_to_positive,1.7683085625146902,0.0,0.011579295728725139,0.0,2.4928712349163296,0.0,3.3894976997313067,0.0,0.9135963482230193,0.0,9.584024076603566,0.0,13.09632177567598,0.0,3067,0.0,3
Quantile LightGBM (24h matched),9,validation,target_transition,positive_to_zero,0.5578062499188015,0.0,0.7045763888888891,0.0,0.7296689590085953,0.0,1.907214652146074,0.0,0.9537037037037037,0.0,6.2807377207773,0.0,6.315346871829422,0.0,216,1.0,3
Quantile LightGBM (24h matched),9,validation,target_transition,zero_to_positive,0.4332686035161945,0.0,0.040340465116279076,0.0,0.5050636040662436,0.0,1.5076326505966982,0.0,0.9906976744186048,0.0,5.952900579940073,0.0,5.964813329366398,0.0,215,0.0,3
Quantile LightGBM (24h matched),9,validation,target_transition,zero_to_zero,0.39614036756189447,0.0,0.6687577388963661,0.0,0.4491133830199823,0.0,1.525129127516448,0.0,0.9730820995962315,0.0,5.891571473446951,0.0,5.911683567711215,0.0,743,1.0,3
Quantile LightGBM (24h matched),12,test,all,all,1.8178031654842206,0.0,0.12965645845272203,0.0,2.5134899683901466,0.0,3.8124350231538826,0.0,0.9001719197707736,0.0,9.716283909303728,0.0,14.661979999421902,0.0,8725,0.16343839541547278,3
Quantile LightGBM (24h matched),12,test,issue_wind,12_or_more,3.2620164770597313,0.0,0.0013315789473684215,0.0,4.861710917664709,0.0,5.541566491726434,0.0,0.8421052631578947,0.0,13.702227335805224,0.0,19.044450722742685,0.0,38,0.0,3
Quantile LightGBM (24h matched),12,test,issue_wind,3_to_6,1.8923965358292374,0.0,0.10047818974918211,0.0,2.6353874800244093,0.0,3.8918063554430304,0.0,0.8955834242093784,0.0,9.810670209985327,0.0,15.266950059252544,0.0,3668,0.11777535441657579,3
Quantile LightGBM (24h matched),12,test,issue_wind,6_to_12,2.789312727099798,0.0,0.03181903892944039,0.0,3.9763434967426456,0.0,4.952409910476817,0.0,0.816301703163017,0.0,12.782790540457105,0.0,20.383787927176996,0.0,1644,0.0340632603406326,3
Quantile LightGBM (24h matched),12,test,issue_wind,below_3,1.2472401113919536,0.0,0.21047037037037034,0.0,1.6419985108024686,0.0,2.96999962532661,0.0,0.9466666666666667,0.0,8.075095256644971,0.0,11.167989984555426,0.0,3375,0.2779259259259259,3
Quantile LightGBM (24h matched),12,test,season,autumn,1.3213078468500277,0.0,0.15238438644688646,0.0,1.7705519462060282,0.0,2.9624386639576215,0.0,0.9610805860805861,0.0,9.111198582147928,0.0,11.524128677722326,0.0,2184,0.19688644688644688,3
Quantile LightGBM (24h matched),12,test,season,spring,2.2009804195375873,0.0,0.12934637681159422,0.0,3.1207214611998246,0.0,4.41229727695185,0.0,0.8745471014492754,0.0,10.068799624873328,0.0,17.12697001116215,0.0,2208,0.15760869565217392,3
Quantile LightGBM (24h matched),12,test,season,summer,1.3043488180891682,0.0,0.17001471920289857,0.0,1.7528607799629168,0.0,2.9181110307071187,0.0,0.9207427536231884,0.0,7.967672121131983,0.0,11.638166455057954,0.0,2208,0.223731884057971,3
Quantile LightGBM (24h matched),12,test,season,winter,2.4634490939527005,0.0,0.06468508235294117,0.0,3.4364446753895215,0.0,4.6455515325724,0.0,0.8428235294117647,0.0,11.788795195333757,0.0,18.46760336253955,0.0,2125,0.07247058823529412,3
Quantile LightGBM (24h matched),12,test,target_transition,positive_to_positive,2.0998784514467705,0.0,0.012525861569649582,0.0,2.921516492072192,0.0,4.123521072964572,0.0,0.8861859252823633,0.0,10.24920661852415,0.0,16.491584642787792,0.0,6906,0.0,3
Quantile LightGBM (24h matched),12,test,target_transition,positive_to_zero,0.93840902875406,0.0,0.7570847328244276,0.0,1.2753155002297785,0.0,2.62765079590564,0.0,0.8905852417302799,0.0,8.105483768444705,0.0,8.158692488121483,0.0,393,1.0,3
Quantile LightGBM (24h matched),12,test,target_transition,zero_to_positive,0.73362033471975,0.0,0.02986132315521629,0.0,0.9287225472951429,0.0,2.211949047846485,0.0,1.0,0.0,7.8721237285966295,0.0,7.8721237285966295,0.0,393,0.0,3
Quantile LightGBM (24h matched),12,test,target_transition,zero_to_zero,0.6790556566439682,0.0,0.7119837366892549,0.0,0.8596516236942696,0.0,2.1450158930942487,0.0,0.9593417231364957,0.0,7.4679152515101785,0.0,7.487687491474719,0.0,1033,1.0,3
Quantile LightGBM (24h matched),12,validation,all,all,1.5171541104947355,0.0,0.1681139452571968,0.0,2.1096214787570613,0.0,3.199777016253211,0.0,0.9334591788579519,0.0,8.996575476087983,0.0,11.809799589069103,0.0,4238,0.2267579046720151,3
Quantile LightGBM (24h matched),12,validation,issue_wind,12_or_more,1.7783588052110275,0.0,0.003647826086956523,0.0,2.6903805949107924,0.0,3.1755692175228867,0.0,0.9565217391304349,0.0,9.920761296325013,0.0,10.447730087499185,0.0,23,0.0,3
Quantile LightGBM (24h matched),12,validation,issue_wind,3_to_6,1.6734058190245233,0.0,0.11128763987792471,0.0,2.350669628952596,0.0,3.3214798030388692,0.0,0.9262461851475076,0.0,9.46772319248968,0.0,12.339110582498149,0.0,1966,0.1358087487283825,3
Quantile LightGBM (24h matched),12,validation,issue_wind,6_to_12,2.4145601560065098,0.0,0.016694578313253012,0.0,3.5013932063456057,0.0,4.246506309673241,0.0,0.8885542168674698,0.0,12.633144730295763,0.0,16.960748817503717,0.0,664,0.018072289156626505,3
Quantile LightGBM (24h matched),12,validation,issue_wind,below_3,0.9436044693793683,0.0,0.3044203785488959,0.0,1.2191517310758317,0.0,2.447684096386668,0.0,0.9608832807570978,0.0,6.875304391479051,0.0,9.015144634983304,0.0,1585,0.4302839116719243,3
Quantile LightGBM (24h matched),12,validation,season,autumn,1.3813258214490254,0.0,0.19513126447429366,0.0,1.8821972818668364,0.0,3.0268383264669763,0.0,0.9485873089393237,0.0,9.045715262839266,0.0,11.483180366504852,0.0,2159,0.26401111625752666,3
Quantile LightGBM (24h matched),12,validation,season,summer,1.336095185896169,0.0,0.1883585836909871,0.0,1.855651620440038,0.0,2.831407055485974,0.0,0.9277539341917024,0.0,7.614851311410633,0.0,10.426261885721933,0.0,1398,0.2582260371959943,3
Quantile LightGBM (24h matched),12,validation,season,winter,2.3194649073207025,0.0,0.040900440528634355,0.0,3.3519984288498588,0.0,4.267707316896669,0.0,0.8972099853157122,0.0,11.677276772156874,0.0,15.685506800222631,0.0,681,0.04405286343612335,3
Quantile LightGBM (24h matched),12,validation,target_transition,positive_to_positive,1.894242573446703,0.0,0.013592847811887654,0.0,2.6806376003788888,0.0,3.5840774230924013,0.0,0.9157413455258001,0.0,9.844186897206388,0.0,13.73405382079342,0.0,3062,0.0,3
Quantile LightGBM (24h matched),12,validation,target_transition,positive_to_zero,0.68532717928294,0.0,0.7267144186046514,0.0,0.8936901858179743,0.0,2.1643200292917255,0.0,0.9488372093023255,0.0,7.095544599584578,0.0,7.120425215610832,0.0,215,1.0,3
Quantile LightGBM (24h matched),12,validation,target_transition,zero_to_positive,0.5401114613708178,0.0,0.03384046511627907,0.0,0.613164988289049,0.0,1.7828518977031351,0.0,1.0,0.0,6.872484570290337,0.0,6.872484570290337,0.0,215,0.0,3
Quantile LightGBM (24h matched),12,validation,target_transition,zero_to_zero,0.490695781021883,0.0,0.6800620643431636,0.0,0.5475732334842658,0.0,1.7813828433216912,0.0,0.982573726541555,0.0,6.677560746503758,0.0,6.686035194687206,0.0,746,1.0,3
Quantile LightGBM (24h matched),24,test,all,all,2.1627912282492536,0.0,0.13975381613680707,0.0,3.0005608701514093,0.0,4.366718528539026,0.0,0.9065763801216574,0.0,11.403071589730025,0.0,16.80237134085433,0.0,8713,0.1636634913347871,3
Quantile LightGBM (24h matched),24,test,issue_wind,12_or_more,2.858146538247636,0.0,0.010855263157894738,0.0,4.437572044371767,0.0,4.6691205056596745,0.0,0.8947368421052632,0.0,12.57958827497682,0.0,15.619734818277541,0.0,38,0.0,3
Quantile LightGBM (24h matched),24,test,issue_wind,3_to_6,2.0637599658063945,0.0,0.1362578573380705,0.0,2.8985244186661827,0.0,4.161815875844376,0.0,0.9223831647991254,0.0,11.393794577121673,0.0,15.62900394137124,0.0,3659,0.15714676141022138,3
Quantile LightGBM (24h matched),24,test,issue_wind,6_to_12,2.921458457048137,0.0,0.07234765386959169,0.0,4.145546776676216,0.0,5.2621759837477775,0.0,0.8281535648994516,0.0,11.979447633703892,0.0,21.745788956166717,0.0,1641,0.07739183424741011,3
Quantile LightGBM (24h matched),24,test,issue_wind,below_3,1.8934457364091102,0.0,0.1777696296296296,0.0,2.538286226820109,0.0,4.091417613445873,0.0,0.9277037037037038,0.0,11.119635698451054,0.0,15.684191547028819,0.0,3375,0.21451851851851853,3
Quantile LightGBM (24h matched),24,test,season,autumn,1.6184752178840422,0.0,0.16794299450549452,0.0,2.1790308588265845,0.0,3.4563605258912014,0.0,0.9702380952380952,0.0,11.76617086584791,0.0,13.38568747945139,0.0,2184,0.19688644688644688,3
Quantile LightGBM (24h matched),24,test,season,spring,2.407120562479907,0.0,0.13526154891304343,0.0,3.3972449711495756,0.0,4.777062757290655,0.0,0.8908514492753623,0.0,11.351350703981131,0.0,18.855219431242837,0.0,2208,0.15760869565217392,3
Quantile LightGBM (24h matched),24,test,season,summer,1.5560353400952636,0.0,0.18503509963768117,0.0,2.00158298899218,0.0,3.367132306887416,0.0,0.9365942028985508,0.0,9.824322867535667,0.0,13.651379190946814,0.0,2208,0.223731884057971,3
Quantile LightGBM (24h matched),24,test,season,winter,3.1041182503506968,0.0,0.06799455750118315,0.0,4.479068305707037,0.0,5.530530207137066,0.0,0.8258400378608614,0.0,12.731546779175007,0.0,21.481377321319062,0.0,2113,0.07288215806909608,3
Quantile LightGBM (24h matched),24,test,target_transition,positive_to_positive,2.435354765917545,0.0,0.009959747606614451,0.0,3.4020441698840904,0.0,4.6484123164574225,0.0,0.8819263127357123,0.0,11.556958771078378,0.0,18.380877937244033,0.0,6894,0.0,3
Quantile LightGBM (24h matched),24,test,target_transition,positive_to_zero,1.2696320120693276,0.0,0.8101590330788805,0.0,1.7476394470607313,0.0,3.3173030178073906,0.0,1.0,0.0,10.954350964111859,0.0,10.954350964111859,0.0,393,1.0,3
Quantile LightGBM (24h matched),24,test,target_transition,zero_to_positive,1.094920238932923,0.0,0.014338422391857508,0.0,1.4302545887779259,0.0,2.9774981833713485,0.0,1.0,0.0,10.88671062531924,0.0,10.88671062531924,0.0,393,0.0,3
Quantile LightGBM (24h matched),24,test,target_transition,zero_to_zero,1.0898307655917785,0.0,0.7986302032913843,0.0,1.3952391078061195,0.0,3.011569639937959,0.0,1.0,0.0,10.743225352233262,0.0,10.743225352233262,0.0,1033,1.0,3
Quantile LightGBM (24h matched),24,validation,all,all,1.8169021727022756,0.0,0.1813493847610033,0.0,2.539406109494224,0.0,3.7084368772595124,0.0,0.9384761003312825,0.0,11.17653560558655,0.0,13.399192865898636,0.0,4226,0.22574538570752484,3
Quantile LightGBM (24h matched),24,validation,issue_wind,12_or_more,1.335501956274226,0.0,0.20173913043478264,0.0,2.0523320166874863,0.0,3.3270027839852894,0.0,0.9565217391304349,0.0,11.813153643960781,0.0,13.67926819624054,0.0,23,0.34782608695652173,3
Quantile LightGBM (24h matched),24,validation,issue_wind,3_to_6,1.8884909895259832,0.0,0.14358235594084648,0.0,2.67901272713607,0.0,3.71153335207839,0.0,0.942886282508924,0.0,11.342790337150012,0.0,13.24974413781102,0.0,1961,0.16930137684854665,3
Quantile LightGBM (24h matched),24,validation,issue_wind,6_to_12,2.4008934780107243,0.0,0.06181887366818873,0.0,3.4764998014845023,0.0,4.2626706301011446,0.0,0.893455098934551,0.0,12.038770631037226,0.0,15.297406680412516,0.0,657,0.0669710806697108,3
Quantile LightGBM (24h matched),24,validation,issue_wind,below_3,1.4932455465817098,0.0,0.27732649842271295,0.0,1.9853137254571782,0.0,3.4542392344691977,0.0,0.9514195583596216,0.0,10.60419733732178,0.0,12.79319964636951,0.0,1585,0.35962145110410093,3
Quantile LightGBM (24h matched),24,validation,season,autumn,1.7030183259348177,0.0,0.21189439555349698,0.0,2.3363343011138977,0.0,3.6165942919585006,0.0,0.952292728114868,0.0,11.716586878009496,0.0,13.801397814967038,0.0,2159,0.26401111625752666,3
Quantile LightGBM (24h matched),24,validation,season,summer,1.5332532329452622,0.0,0.19876803751803748,0.0,2.128787733074026,0.0,3.110581049571602,0.0,0.9466089466089466,0.0,9.656711685141554,0.0,11.210432101368996,0.0,1386,0.25252525252525254,3
Quantile LightGBM (24h matched),24,validation,season,winter,2.7552467478478895,0.0,0.049060205580029354,0.0,4.018920212301153,0.0,4.9175809876553,0.0,0.8781204111600588,0.0,12.557600593215946,0.0,16.578725809510107,0.0,681,0.049926578560939794,3
Quantile LightGBM (24h matched),24,validation,target_transition,positive_to_positive,2.1705833541461903,0.0,0.01091020608439647,0.0,3.109317821451619,0.0,4.033286249048019,0.0,0.9149492966961073,0.0,11.417719486333711,0.0,14.49032320961762,0.0,3057,0.0,3
Quantile LightGBM (24h matched),24,validation,target_transition,positive_to_zero,0.976724206044759,0.0,0.7763551401869161,0.0,1.211545434112652,0.0,2.828468617742286,0.0,1.0,0.0,10.563865259659574,0.0,10.563865259659574,0.0,214,1.0,3
Quantile LightGBM (24h matched),24,validation,target_transition,zero_to_positive,0.8457807181843743,0.0,0.017651162790697675,0.0,0.9490629535900146,0.0,2.528379920046925,0.0,1.0,0.0,10.580785040763772,0.0,10.580785040763772,0.0,215,0.0,3
Quantile LightGBM (24h matched),24,validation,target_transition,zero_to_zero,0.880937072583372,0.0,0.7609391891891892,0.0,1.0311167305716629,0.0,2.6767681241051893,0.0,1.0,0.0,10.53045277048005,0.0,10.53045277048005,0.0,740,1.0,3
