model,horizon_hours,seed,split,bin,lower,upper,count,mean_probability,observed_zero_rate
ARIMA,1,,validation,0,0.0,0.1,1838,0.009016126817554815,0.0
ARIMA,1,,validation,1,0.1,0.2,232,0.1475322827275223,0.008620689655172414
ARIMA,1,,validation,2,0.2,0.3,154,0.2484654531979854,0.05844155844155844
ARIMA,1,,validation,3,0.3,0.4,349,0.36861092533126777,0.05157593123209169
ARIMA,1,,validation,4,0.4,0.5,1121,0.47010429419257477,0.46030330062444247
ARIMA,1,,validation,5,0.5,0.6,555,0.5029596662307229,0.736936936936937
ARIMA,1,,validation,6,0.6,0.7,0,,
ARIMA,1,,validation,7,0.7,0.8,0,,
ARIMA,1,,validation,8,0.8,0.9,0,,
ARIMA,1,,validation,9,0.9,1.0,0,,
ARIMA,1,,test,0,0.0,0.1,3756,0.011662535024845044,0.00026624068157614486
ARIMA,1,,test,1,0.1,0.2,632,0.15069605869013672,0.00949367088607595
ARIMA,1,,test,2,0.2,0.3,441,0.2471471789995105,0.047619047619047616
ARIMA,1,,test,3,0.3,0.4,966,0.3664600073700745,0.041407867494824016
ARIMA,1,,test,4,0.4,0.5,2051,0.4640744620508325,0.37542662116040953
ARIMA,1,,test,5,0.5,0.6,886,0.5050700152567977,0.6636568848758465
ARIMA,1,,test,6,0.6,0.7,4,0.616142023237703,0.0
ARIMA,1,,test,7,0.7,0.8,0,,
ARIMA,1,,test,8,0.8,0.9,0,,
ARIMA,1,,test,9,0.9,1.0,0,,
ARIMA,3,,validation,0,0.0,0.1,1449,0.02105447815205521,0.003450655624568668
ARIMA,3,,validation,1,0.1,0.2,274,0.1436429878298318,0.025547445255474453
ARIMA,3,,validation,2,0.2,0.3,269,0.2524080710386,0.08550185873605948
ARIMA,3,,validation,3,0.3,0.4,268,0.350184008039651,0.17537313432835822
ARIMA,3,,validation,4,0.4,0.5,1438,0.47273053759692196,0.3762169680111266
ARIMA,3,,validation,5,0.5,0.6,549,0.501309674419398,0.6065573770491803
ARIMA,3,,validation,6,0.6,0.7,0,,
ARIMA,3,,validation,7,0.7,0.8,0,,
ARIMA,3,,validation,8,0.8,0.9,0,,
ARIMA,3,,validation,9,0.9,1.0,0,,
ARIMA,3,,test,0,0.0,0.1,2765,0.01869224027819662,0.0028933092224231465
ARIMA,3,,test,1,0.1,0.2,679,0.14670183850568186,0.025036818851251842
ARIMA,3,,test,2,0.2,0.3,697,0.2517432405735803,0.08034433285509325
ARIMA,3,,test,3,0.3,0.4,781,0.3477120304435763,0.11011523687580026
ARIMA,3,,test,4,0.4,0.5,2933,0.4658618101309188,0.27173542448005455
ARIMA,3,,test,5,0.5,0.6,879,0.5024616659872855,0.5255972696245734
ARIMA,3,,test,6,0.6,0.7,0,,
ARIMA,3,,test,7,0.7,0.8,0,,
ARIMA,3,,test,8,0.8,0.9,0,,
ARIMA,3,,test,9,0.9,1.0,0,,
ARIMA,6,,validation,0,0.0,0.1,1264,0.032980742548838794,0.00870253164556962
ARIMA,6,,validation,1,0.1,0.2,490,0.14399360001433792,0.022448979591836733
ARIMA,6,,validation,2,0.2,0.3,504,0.2518456422405195,0.14484126984126985
ARIMA,6,,validation,3,0.3,0.4,1986,0.3451506624409254,0.4335347432024169
ARIMA,6,,validation,4,0.4,0.5,0,,
ARIMA,6,,validation,5,0.5,0.6,0,,
ARIMA,6,,validation,6,0.6,0.7,0,,
ARIMA,6,,validation,7,0.7,0.8,0,,
ARIMA,6,,validation,8,0.8,0.9,0,,
ARIMA,6,,validation,9,0.9,1.0,0,,
ARIMA,6,,test,0,0.0,0.1,2418,0.027018043219682708,0.010752688172043012
ARIMA,6,,test,1,0.1,0.2,1111,0.14885317763623246,0.054005400540054004
ARIMA,6,,test,2,0.2,0.3,1395,0.2523636096283896,0.1032258064516129
ARIMA,6,,test,3,0.3,0.4,3807,0.34158331378114765,0.31415812976096663
ARIMA,6,,test,4,0.4,0.5,0,,
ARIMA,6,,test,5,0.5,0.6,0,,
ARIMA,6,,test,6,0.6,0.7,0,,
ARIMA,6,,test,7,0.7,0.8,0,,
ARIMA,6,,test,8,0.8,0.9,0,,
ARIMA,6,,test,9,0.9,1.0,0,,
ARIMA,9,,validation,0,0.0,0.1,991,0.04214967551171407,0.009081735620585268
ARIMA,9,,validation,1,0.1,0.2,685,0.14637070259236026,0.032116788321167884
ARIMA,9,,validation,2,0.2,0.3,706,0.25577389350538476,0.14872521246458922
ARIMA,9,,validation,3,0.3,0.4,1859,0.32145426817148376,0.4427111350188273
ARIMA,9,,validation,4,0.4,0.5,0,,
ARIMA,9,,validation,5,0.5,0.6,0,,
ARIMA,9,,validation,6,0.6,0.7,0,,
ARIMA,9,,validation,7,0.7,0.8,0,,
ARIMA,9,,validation,8,0.8,0.9,0,,
ARIMA,9,,validation,9,0.9,1.0,0,,
ARIMA,9,,test,0,0.0,0.1,1996,0.034655056676030145,0.017034068136272545
ARIMA,9,,test,1,0.1,0.2,1320,0.15168008768566504,0.051515151515151514
ARIMA,9,,test,2,0.2,0.3,1966,0.25625844101617673,0.12207527975584945
ARIMA,9,,test,3,0.3,0.4,3446,0.31963292662728404,0.3145676146256529
ARIMA,9,,test,4,0.4,0.5,0,,
ARIMA,9,,test,5,0.5,0.6,0,,
ARIMA,9,,test,6,0.6,0.7,0,,
ARIMA,9,,test,7,0.7,0.8,0,,
ARIMA,9,,test,8,0.8,0.9,0,,
ARIMA,9,,test,9,0.9,1.0,0,,
ARIMA,12,,validation,0,0.0,0.1,790,0.05366526088078963,0.01139240506329114
ARIMA,12,,validation,1,0.1,0.2,833,0.1507965603100883,0.04921968787515006
ARIMA,12,,validation,2,0.2,0.3,1348,0.2677348053356859,0.23961424332344214
ARIMA,12,,validation,3,0.3,0.4,1267,0.3047076483638449,0.46408839779005523
ARIMA,12,,validation,4,0.4,0.5,0,,
ARIMA,12,,validation,5,0.5,0.6,0,,
ARIMA,12,,validation,6,0.6,0.7,0,,
ARIMA,12,,validation,7,0.7,0.8,0,,
ARIMA,12,,validation,8,0.8,0.9,0,,
ARIMA,12,,validation,9,0.9,1.0,0,,
ARIMA,12,,test,0,0.0,0.1,1671,0.04488188902165579,0.02154398563734291
ARIMA,12,,test,1,0.1,0.2,1481,0.15412229497793256,0.07089804186360567
ARIMA,12,,test,2,0.2,0.3,3563,0.266073462293342,0.1653101319113107
ARIMA,12,,test,3,0.3,0.4,2010,0.30460937458158455,0.34626865671641793
ARIMA,12,,test,4,0.4,0.5,0,,
ARIMA,12,,test,5,0.5,0.6,0,,
ARIMA,12,,test,6,0.6,0.7,0,,
ARIMA,12,,test,7,0.7,0.8,0,,
ARIMA,12,,test,8,0.8,0.9,0,,
ARIMA,12,,test,9,0.9,1.0,0,,
ARIMA,24,,validation,0,0.0,0.1,70,0.09117433016242983,0.0
ARIMA,24,,validation,1,0.1,0.2,1318,0.15864047939840586,0.06980273141122914
ARIMA,24,,validation,2,0.2,0.3,2838,0.24171465885465157,0.3037350246652572
ARIMA,24,,validation,3,0.3,0.4,0,,
ARIMA,24,,validation,4,0.4,0.5,0,,
ARIMA,24,,validation,5,0.5,0.6,0,,
ARIMA,24,,validation,6,0.6,0.7,0,,
ARIMA,24,,validation,7,0.7,0.8,0,,
ARIMA,24,,validation,8,0.8,0.9,0,,
ARIMA,24,,validation,9,0.9,1.0,0,,
ARIMA,24,,test,0,0.0,0.1,344,0.08830386703713432,0.0377906976744186
ARIMA,24,,test,1,0.1,0.2,2299,0.15482313118579008,0.08481948673336233
ARIMA,24,,test,2,0.2,0.3,6070,0.2397142419391422,0.20065897858319603
ARIMA,24,,test,3,0.3,0.4,0,,
ARIMA,24,,test,4,0.4,0.5,0,,
ARIMA,24,,test,5,0.5,0.6,0,,
ARIMA,24,,test,6,0.6,0.7,0,,
ARIMA,24,,test,7,0.7,0.8,0,,
ARIMA,24,,test,8,0.8,0.9,0,,
ARIMA,24,,test,9,0.9,1.0,0,,
EMFN (Proposed),1,42.0,validation,0,0.0,0.1,2757,0.006528432640771655,0.012694958287994197
EMFN (Proposed),1,42.0,validation,1,0.1,0.2,141,0.14628003801859862,0.24113475177304963
EMFN (Proposed),1,42.0,validation,2,0.2,0.3,127,0.2534613942536782,0.25196850393700787
EMFN (Proposed),1,42.0,validation,3,0.3,0.4,105,0.3492945035298665,0.3619047619047619
EMFN (Proposed),1,42.0,validation,4,0.4,0.5,133,0.4526182906071943,0.5037593984962406
EMFN (Proposed),1,42.0,validation,5,0.5,0.6,152,0.5508174559003428,0.5921052631578947
EMFN (Proposed),1,42.0,validation,6,0.6,0.7,185,0.6513738530713159,0.6432432432432432
EMFN (Proposed),1,42.0,validation,7,0.7,0.8,204,0.7514471104916405,0.7843137254901961
EMFN (Proposed),1,42.0,validation,8,0.8,0.9,275,0.8516043441403995,0.8181818181818182
EMFN (Proposed),1,42.0,validation,9,0.9,1.0,170,0.9303917146561776,0.9058823529411765
EMFN (Proposed),1,42.0,test,0,0.0,0.1,5918,0.008253482728441166,0.01554579249746536
EMFN (Proposed),1,42.0,test,1,0.1,0.2,426,0.1451686207957111,0.107981220657277
EMFN (Proposed),1,42.0,test,2,0.2,0.3,307,0.24920451912895475,0.19218241042345277
EMFN (Proposed),1,42.0,test,3,0.3,0.4,262,0.35062558960368617,0.26717557251908397
EMFN (Proposed),1,42.0,test,4,0.4,0.5,259,0.4511536612934127,0.3166023166023166
EMFN (Proposed),1,42.0,test,5,0.5,0.6,283,0.5498274096119952,0.4664310954063604
EMFN (Proposed),1,42.0,test,6,0.6,0.7,297,0.6518817534952452,0.6127946127946128
EMFN (Proposed),1,42.0,test,7,0.7,0.8,314,0.7515580085147718,0.6687898089171974
EMFN (Proposed),1,42.0,test,8,0.8,0.9,430,0.8544129554095656,0.8023255813953488
EMFN (Proposed),1,42.0,test,9,0.9,1.0,240,0.9312160055618733,0.8666666666666667
Quantile LightGBM (24h matched),1,42.0,validation,0,0.0,0.1,2916,0.0026646090534979427,0.0205761316872428
Quantile LightGBM (24h matched),1,42.0,validation,1,0.1,0.2,865,0.14612716763005779,0.6473988439306358
Quantile LightGBM (24h matched),1,42.0,validation,2,0.2,0.3,345,0.21333333333333335,0.7420289855072464
Quantile LightGBM (24h matched),1,42.0,validation,3,0.3,0.4,84,0.31428571428571433,0.6547619047619048
Quantile LightGBM (24h matched),1,42.0,validation,4,0.4,0.5,33,0.4151515151515151,0.6666666666666666
Quantile LightGBM (24h matched),1,42.0,validation,5,0.5,0.6,6,0.5166666666666667,0.16666666666666666
Quantile LightGBM (24h matched),1,42.0,validation,6,0.6,0.7,0,,
Quantile LightGBM (24h matched),1,42.0,validation,7,0.7,0.8,0,,
Quantile LightGBM (24h matched),1,42.0,validation,8,0.8,0.9,0,,
Quantile LightGBM (24h matched),1,42.0,validation,9,0.9,1.0,0,,
Quantile LightGBM (24h matched),1,42.0,test,0,0.0,0.1,6614,0.0038085878439673418,0.0211672210462655
Quantile LightGBM (24h matched),1,42.0,test,1,0.1,0.2,1372,0.14456997084548104,0.5911078717201166
Quantile LightGBM (24h matched),1,42.0,test,2,0.2,0.3,553,0.21410488245931283,0.6817359855334539
Quantile LightGBM (24h matched),1,42.0,test,3,0.3,0.4,135,0.32222222222222224,0.5185185185185185
Quantile LightGBM (24h matched),1,42.0,test,4,0.4,0.5,49,0.41530612244897963,0.4489795918367347
Quantile LightGBM (24h matched),1,42.0,test,5,0.5,0.6,8,0.53125,0.5
Quantile LightGBM (24h matched),1,42.0,test,6,0.6,0.7,4,0.625,0.25
Quantile LightGBM (24h matched),1,42.0,test,7,0.7,0.8,1,0.7,1.0
Quantile LightGBM (24h matched),1,42.0,test,8,0.8,0.9,0,,
Quantile LightGBM (24h matched),1,42.0,test,9,0.9,1.0,0,,
Hurdle Quantile LightGBM (24h matched),1,42.0,validation,0,0.0,0.1,2698,0.010438044923603148,0.005930318754633061
Hurdle Quantile LightGBM (24h matched),1,42.0,validation,1,0.1,0.2,190,0.14628541846397514,0.13157894736842105
Hurdle Quantile LightGBM (24h matched),1,42.0,validation,2,0.2,0.3,122,0.25050717271343864,0.30327868852459017
Hurdle Quantile LightGBM (24h matched),1,42.0,validation,3,0.3,0.4,102,0.34870159306838333,0.4215686274509804
Hurdle Quantile LightGBM (24h matched),1,42.0,validation,4,0.4,0.5,128,0.4471568851881449,0.46875
Hurdle Quantile LightGBM (24h matched),1,42.0,validation,5,0.5,0.6,128,0.5525036223525734,0.5546875
Hurdle Quantile LightGBM (24h matched),1,42.0,validation,6,0.6,0.7,190,0.6511567068816324,0.6789473684210526
Hurdle Quantile LightGBM (24h matched),1,42.0,validation,7,0.7,0.8,290,0.751317867107365,0.7758620689655172
Hurdle Quantile LightGBM (24h matched),1,42.0,validation,8,0.8,0.9,363,0.8434952935178883,0.8677685950413223
Hurdle Quantile LightGBM (24h matched),1,42.0,validation,9,0.9,1.0,38,0.9197843408621151,0.868421052631579
Hurdle Quantile LightGBM (24h matched),1,42.0,test,0,0.0,0.1,5899,0.012664070676674377,0.007458891337514833
Hurdle Quantile LightGBM (24h matched),1,42.0,test,1,0.1,0.2,510,0.14668325931471454,0.11764705882352941
Hurdle Quantile LightGBM (24h matched),1,42.0,test,2,0.2,0.3,297,0.2468230785035199,0.23905723905723905
Hurdle Quantile LightGBM (24h matched),1,42.0,test,3,0.3,0.4,230,0.3478316199796308,0.28695652173913044
Hurdle Quantile LightGBM (24h matched),1,42.0,test,4,0.4,0.5,197,0.4520103414113609,0.4010152284263959
Hurdle Quantile LightGBM (24h matched),1,42.0,test,5,0.5,0.6,233,0.5498687808313856,0.43776824034334766
Hurdle Quantile LightGBM (24h matched),1,42.0,test,6,0.6,0.7,355,0.6532281768939785,0.5915492957746479
Hurdle Quantile LightGBM (24h matched),1,42.0,test,7,0.7,0.8,422,0.7515723788216837,0.7085308056872038
Hurdle Quantile LightGBM (24h matched),1,42.0,test,8,0.8,0.9,476,0.8502890955506307,0.8298319327731093
Hurdle Quantile LightGBM (24h matched),1,42.0,test,9,0.9,1.0,117,0.9186029961414802,0.8547008547008547
EMFN (Proposed),3,42.0,validation,0,0.0,0.1,2306,0.012196085965850513,0.013009540329575022
EMFN (Proposed),3,42.0,validation,1,0.1,0.2,206,0.14699641535583052,0.13106796116504854
EMFN (Proposed),3,42.0,validation,2,0.2,0.3,201,0.24834069179658272,0.27860696517412936
EMFN (Proposed),3,42.0,validation,3,0.3,0.4,248,0.35054378307634787,0.3548387096774194
EMFN (Proposed),3,42.0,validation,4,0.4,0.5,300,0.45108709851900736,0.39
EMFN (Proposed),3,42.0,validation,5,0.5,0.6,329,0.5453966695668124,0.5501519756838906
EMFN (Proposed),3,42.0,validation,6,0.6,0.7,222,0.6492301704915794,0.5945945945945946
EMFN (Proposed),3,42.0,validation,7,0.7,0.8,219,0.7520413125214511,0.7397260273972602
EMFN (Proposed),3,42.0,validation,8,0.8,0.9,171,0.8461899499882731,0.7368421052631579
EMFN (Proposed),3,42.0,validation,9,0.9,1.0,45,0.9238984294235706,0.8222222222222222
EMFN (Proposed),3,42.0,test,0,0.0,0.1,4976,0.01650884536684901,0.02632636655948553
EMFN (Proposed),3,42.0,test,1,0.1,0.2,720,0.14784247875213624,0.12916666666666668
EMFN (Proposed),3,42.0,test,2,0.2,0.3,611,0.24916644933375906,0.16366612111292964
EMFN (Proposed),3,42.0,test,3,0.3,0.4,557,0.34867417534121065,0.25673249551166966
EMFN (Proposed),3,42.0,test,4,0.4,0.5,505,0.4467818240127941,0.3722772277227723
EMFN (Proposed),3,42.0,test,5,0.5,0.6,460,0.5490656826807105,0.4434782608695652
EMFN (Proposed),3,42.0,test,6,0.6,0.7,364,0.6490735842303915,0.5824175824175825
EMFN (Proposed),3,42.0,test,7,0.7,0.8,278,0.7475661216772718,0.6115107913669064
EMFN (Proposed),3,42.0,test,8,0.8,0.9,198,0.8448998799378221,0.7070707070707071
EMFN (Proposed),3,42.0,test,9,0.9,1.0,65,0.9255945732960335,0.6923076923076923
Quantile LightGBM (24h matched),3,42.0,validation,0,0.0,0.1,2660,0.013969924812030073,0.034210526315789476
Quantile LightGBM (24h matched),3,42.0,validation,1,0.1,0.2,906,0.1386865342163355,0.4977924944812362
Quantile LightGBM (24h matched),3,42.0,validation,2,0.2,0.3,453,0.21699779249448126,0.6136865342163356
Quantile LightGBM (24h matched),3,42.0,validation,3,0.3,0.4,152,0.3194078947368421,0.6381578947368421
Quantile LightGBM (24h matched),3,42.0,validation,4,0.4,0.5,57,0.41754385964912283,0.5614035087719298
Quantile LightGBM (24h matched),3,42.0,validation,5,0.5,0.6,11,0.5227272727272727,0.36363636363636365
Quantile LightGBM (24h matched),3,42.0,validation,6,0.6,0.7,6,0.6166666666666667,0.5
Quantile LightGBM (24h matched),3,42.0,validation,7,0.7,0.8,0,,
Quantile LightGBM (24h matched),3,42.0,validation,8,0.8,0.9,2,0.8,0.0
Quantile LightGBM (24h matched),3,42.0,validation,9,0.9,1.0,0,,
Quantile LightGBM (24h matched),3,42.0,test,0,0.0,0.1,5790,0.015803108808290157,0.03195164075993091
Quantile LightGBM (24h matched),3,42.0,test,1,0.1,0.2,1952,0.13363217213114756,0.36475409836065575
Quantile LightGBM (24h matched),3,42.0,test,2,0.2,0.3,668,0.2175149700598802,0.5344311377245509
Quantile LightGBM (24h matched),3,42.0,test,3,0.3,0.4,215,0.3195348837209302,0.5534883720930233
Quantile LightGBM (24h matched),3,42.0,test,4,0.4,0.5,81,0.4148148148148149,0.5308641975308642
Quantile LightGBM (24h matched),3,42.0,test,5,0.5,0.6,18,0.5194444444444445,0.5
Quantile LightGBM (24h matched),3,42.0,test,6,0.6,0.7,9,0.6222222222222222,0.1111111111111111
Quantile LightGBM (24h matched),3,42.0,test,7,0.7,0.8,0,,
Quantile LightGBM (24h matched),3,42.0,test,8,0.8,0.9,1,0.85,0.0
Quantile LightGBM (24h matched),3,42.0,test,9,0.9,1.0,0,,
Hurdle Quantile LightGBM (24h matched),3,42.0,validation,0,0.0,0.1,2376,0.024370839107005587,0.017255892255892257
Hurdle Quantile LightGBM (24h matched),3,42.0,validation,1,0.1,0.2,316,0.14480548565146695,0.18354430379746836
Hurdle Quantile LightGBM (24h matched),3,42.0,validation,2,0.2,0.3,230,0.2483333308285744,0.33043478260869563
Hurdle Quantile LightGBM (24h matched),3,42.0,validation,3,0.3,0.4,254,0.3465057481878122,0.468503937007874
Hurdle Quantile LightGBM (24h matched),3,42.0,validation,4,0.4,0.5,311,0.4506352429422009,0.5401929260450161
Hurdle Quantile LightGBM (24h matched),3,42.0,validation,5,0.5,0.6,313,0.5509685128850166,0.6006389776357828
Hurdle Quantile LightGBM (24h matched),3,42.0,validation,6,0.6,0.7,287,0.6497571415250026,0.6585365853658537
Hurdle Quantile LightGBM (24h matched),3,42.0,validation,7,0.7,0.8,142,0.7354363442217293,0.7394366197183099
Hurdle Quantile LightGBM (24h matched),3,42.0,validation,8,0.8,0.9,18,0.8226179159014795,0.6666666666666666
Hurdle Quantile LightGBM (24h matched),3,42.0,validation,9,0.9,1.0,0,,
Hurdle Quantile LightGBM (24h matched),3,42.0,test,0,0.0,0.1,5027,0.02682231015882702,0.01949472846628208
Hurdle Quantile LightGBM (24h matched),3,42.0,test,1,0.1,0.2,895,0.14405862369004674,0.12849162011173185
Hurdle Quantile LightGBM (24h matched),3,42.0,test,2,0.2,0.3,630,0.24788311406964025,0.23333333333333334
Hurdle Quantile LightGBM (24h matched),3,42.0,test,3,0.3,0.4,540,0.34867365160919395,0.30185185185185187
Hurdle Quantile LightGBM (24h matched),3,42.0,test,4,0.4,0.5,498,0.4489325778008697,0.43172690763052207
Hurdle Quantile LightGBM (24h matched),3,42.0,test,5,0.5,0.6,449,0.54793504566139,0.5211581291759465
Hurdle Quantile LightGBM (24h matched),3,42.0,test,6,0.6,0.7,373,0.6481182028855608,0.646112600536193
Hurdle Quantile LightGBM (24h matched),3,42.0,test,7,0.7,0.8,265,0.7443675108575223,0.6830188679245283
Hurdle Quantile LightGBM (24h matched),3,42.0,test,8,0.8,0.9,57,0.8222233543015774,0.5614035087719298
Hurdle Quantile LightGBM (24h matched),3,42.0,test,9,0.9,1.0,0,,
EMFN (Proposed),6,42.0,validation,0,0.0,0.1,2044,0.01852388869526335,0.01614481409001957
EMFN (Proposed),6,42.0,validation,1,0.1,0.2,318,0.14500021034816526,0.1320754716981132
EMFN (Proposed),6,42.0,validation,2,0.2,0.3,231,0.2512478062084743,0.19047619047619047
EMFN (Proposed),6,42.0,validation,3,0.3,0.4,324,0.35724977118733486,0.3611111111111111
EMFN (Proposed),6,42.0,validation,4,0.4,0.5,700,0.4581175321340561,0.48
EMFN (Proposed),6,42.0,validation,5,0.5,0.6,466,0.5395595141618549,0.6008583690987125
EMFN (Proposed),6,42.0,validation,6,0.6,0.7,123,0.6456998572116945,0.6422764227642277
EMFN (Proposed),6,42.0,validation,7,0.7,0.8,38,0.7387785695885357,0.6578947368421053
EMFN (Proposed),6,42.0,validation,8,0.8,0.9,0,,
EMFN (Proposed),6,42.0,validation,9,0.9,1.0,0,,
EMFN (Proposed),6,42.0,test,0,0.0,0.1,4117,0.02529230723254797,0.036434296818071414
EMFN (Proposed),6,42.0,test,1,0.1,0.2,962,0.1486739894828281,0.10810810810810811
EMFN (Proposed),6,42.0,test,2,0.2,0.3,874,0.24747311305126826,0.18649885583524028
EMFN (Proposed),6,42.0,test,3,0.3,0.4,977,0.35242798793279284,0.21187308085977483
EMFN (Proposed),6,42.0,test,4,0.4,0.5,1014,0.44709219688024276,0.3905325443786982
EMFN (Proposed),6,42.0,test,5,0.5,0.6,595,0.5410298117068635,0.5008403361344538
EMFN (Proposed),6,42.0,test,6,0.6,0.7,168,0.6419722986008439,0.5595238095238095
EMFN (Proposed),6,42.0,test,7,0.7,0.8,24,0.7268321346491575,0.5833333333333334
EMFN (Proposed),6,42.0,test,8,0.8,0.9,0,,
EMFN (Proposed),6,42.0,test,9,0.9,1.0,0,,
Quantile LightGBM (24h matched),6,42.0,validation,0,0.0,0.1,2394,0.015213032581453635,0.03132832080200501
Quantile LightGBM (24h matched),6,42.0,validation,1,0.1,0.2,1085,0.13608294930875575,0.42672811059907834
Quantile LightGBM (24h matched),6,42.0,validation,2,0.2,0.3,451,0.2182926829268293,0.549889135254989
Quantile LightGBM (24h matched),6,42.0,validation,3,0.3,0.4,192,0.32265625,0.5625
Quantile LightGBM (24h matched),6,42.0,validation,4,0.4,0.5,70,0.42071428571428565,0.5428571428571428
Quantile LightGBM (24h matched),6,42.0,validation,5,0.5,0.6,33,0.5227272727272727,0.36363636363636365
Quantile LightGBM (24h matched),6,42.0,validation,6,0.6,0.7,12,0.6166666666666666,0.5833333333333334
Quantile LightGBM (24h matched),6,42.0,validation,7,0.7,0.8,6,0.75,0.6666666666666666
Quantile LightGBM (24h matched),6,42.0,validation,8,0.8,0.9,1,0.8,1.0
Quantile LightGBM (24h matched),6,42.0,validation,9,0.9,1.0,0,,
Quantile LightGBM (24h matched),6,42.0,test,0,0.0,0.1,5025,0.016208955223880602,0.04059701492537313
Quantile LightGBM (24h matched),6,42.0,test,1,0.1,0.2,2438,0.12928630024610335,0.2723543888433142
Quantile LightGBM (24h matched),6,42.0,test,2,0.2,0.3,805,0.2179503105590062,0.39627329192546584
Quantile LightGBM (24h matched),6,42.0,test,3,0.3,0.4,285,0.3191228070175438,0.5403508771929825
Quantile LightGBM (24h matched),6,42.0,test,4,0.4,0.5,103,0.4194174757281554,0.5242718446601942
Quantile LightGBM (24h matched),6,42.0,test,5,0.5,0.6,51,0.5196078431372549,0.4117647058823529
Quantile LightGBM (24h matched),6,42.0,test,6,0.6,0.7,20,0.6125,0.5
Quantile LightGBM (24h matched),6,42.0,test,7,0.7,0.8,4,0.7124999999999999,0.0
Quantile LightGBM (24h matched),6,42.0,test,8,0.8,0.9,0,,
Quantile LightGBM (24h matched),6,42.0,test,9,0.9,1.0,0,,
Hurdle Quantile LightGBM (24h matched),6,42.0,validation,0,0.0,0.1,2100,0.03278102344865909,0.022857142857142857
Hurdle Quantile LightGBM (24h matched),6,42.0,validation,1,0.1,0.2,489,0.14703099841516729,0.1738241308793456
Hurdle Quantile LightGBM (24h matched),6,42.0,validation,2,0.2,0.3,339,0.25040049325184016,0.3421828908554572
Hurdle Quantile LightGBM (24h matched),6,42.0,validation,3,0.3,0.4,428,0.35302520938884213,0.4742990654205608
Hurdle Quantile LightGBM (24h matched),6,42.0,validation,4,0.4,0.5,443,0.446924488489972,0.5553047404063205
Hurdle Quantile LightGBM (24h matched),6,42.0,validation,5,0.5,0.6,310,0.5442600939099137,0.5838709677419355
Hurdle Quantile LightGBM (24h matched),6,42.0,validation,6,0.6,0.7,121,0.6405470737464951,0.5619834710743802
Hurdle Quantile LightGBM (24h matched),6,42.0,validation,7,0.7,0.8,13,0.7226342718620048,0.6153846153846154
Hurdle Quantile LightGBM (24h matched),6,42.0,validation,8,0.8,0.9,1,0.836085590966847,1.0
Hurdle Quantile LightGBM (24h matched),6,42.0,validation,9,0.9,1.0,0,,
Hurdle Quantile LightGBM (24h matched),6,42.0,test,0,0.0,0.1,4417,0.036229863930462916,0.028526148969889066
Hurdle Quantile LightGBM (24h matched),6,42.0,test,1,0.1,0.2,1317,0.14625786181773356,0.1427486712224753
Hurdle Quantile LightGBM (24h matched),6,42.0,test,2,0.2,0.3,909,0.24796668371944283,0.2948294829482948
Hurdle Quantile LightGBM (24h matched),6,42.0,test,3,0.3,0.4,825,0.34900988324550025,0.30424242424242426
Hurdle Quantile LightGBM (24h matched),6,42.0,test,4,0.4,0.5,599,0.44696488170154564,0.4357262103505843
Hurdle Quantile LightGBM (24h matched),6,42.0,test,5,0.5,0.6,395,0.5467819947387147,0.47848101265822784
Hurdle Quantile LightGBM (24h matched),6,42.0,test,6,0.6,0.7,216,0.638942300862063,0.5370370370370371
Hurdle Quantile LightGBM (24h matched),6,42.0,test,7,0.7,0.8,53,0.7293680663365143,0.5094339622641509
Hurdle Quantile LightGBM (24h matched),6,42.0,test,8,0.8,0.9,0,,
Hurdle Quantile LightGBM (24h matched),6,42.0,test,9,0.9,1.0,0,,
EMFN (Proposed),9,42.0,validation,0,0.0,0.1,1828,0.02742411558163766,0.028446389496717725
EMFN (Proposed),9,42.0,validation,1,0.1,0.2,341,0.14605423449770796,0.08797653958944282
EMFN (Proposed),9,42.0,validation,2,0.2,0.3,313,0.24969280146943112,0.2364217252396166
EMFN (Proposed),9,42.0,validation,3,0.3,0.4,326,0.34845920208773,0.2791411042944785
EMFN (Proposed),9,42.0,validation,4,0.4,0.5,415,0.45625500348677117,0.38795180722891565
EMFN (Proposed),9,42.0,validation,5,0.5,0.6,689,0.5498790878083433,0.5370101596516691
EMFN (Proposed),9,42.0,validation,6,0.6,0.7,328,0.6311523019358879,0.5487804878048781
EMFN (Proposed),9,42.0,validation,7,0.7,0.8,1,0.702749639749527,1.0
EMFN (Proposed),9,42.0,validation,8,0.8,0.9,0,,
EMFN (Proposed),9,42.0,validation,9,0.9,1.0,0,,
EMFN (Proposed),9,42.0,test,0,0.0,0.1,3101,0.03633327491434879,0.023863269912931313
EMFN (Proposed),9,42.0,test,1,0.1,0.2,1347,0.1497147846593623,0.11581291759465479
EMFN (Proposed),9,42.0,test,2,0.2,0.3,1066,0.24804907243202595,0.1529080675422139
EMFN (Proposed),9,42.0,test,3,0.3,0.4,892,0.3499851968523633,0.23094170403587444
EMFN (Proposed),9,42.0,test,4,0.4,0.5,915,0.45066104469403545,0.2819672131147541
EMFN (Proposed),9,42.0,test,5,0.5,0.6,861,0.5481172197094916,0.3879210220673635
EMFN (Proposed),9,42.0,test,6,0.6,0.7,520,0.6412311599804805,0.4307692307692308
EMFN (Proposed),9,42.0,test,7,0.7,0.8,26,0.7095874765744576,0.4230769230769231
EMFN (Proposed),9,42.0,test,8,0.8,0.9,0,,
EMFN (Proposed),9,42.0,test,9,0.9,1.0,0,,
Quantile LightGBM (24h matched),9,42.0,validation,0,0.0,0.1,2280,0.023701754385964915,0.04692982456140351
Quantile LightGBM (24h matched),9,42.0,validation,1,0.1,0.2,1189,0.13254835996635828,0.38772077375946173
Quantile LightGBM (24h matched),9,42.0,validation,2,0.2,0.3,512,0.21826171875000006,0.484375
Quantile LightGBM (24h matched),9,42.0,validation,3,0.3,0.4,159,0.3229559748427673,0.5283018867924528
Quantile LightGBM (24h matched),9,42.0,validation,4,0.4,0.5,63,0.42063492063492053,0.5396825396825397
Quantile LightGBM (24h matched),9,42.0,validation,5,0.5,0.6,28,0.5125,0.6428571428571429
Quantile LightGBM (24h matched),9,42.0,validation,6,0.6,0.7,7,0.6071428571428571,0.7142857142857143
Quantile LightGBM (24h matched),9,42.0,validation,7,0.7,0.8,2,0.7,0.5
Quantile LightGBM (24h matched),9,42.0,validation,8,0.8,0.9,0,,
Quantile LightGBM (24h matched),9,42.0,validation,9,0.9,1.0,1,0.9,1.0
Quantile LightGBM (24h matched),9,42.0,test,0,0.0,0.1,4753,0.025299810645907847,0.05238796549547654
Quantile LightGBM (24h matched),9,42.0,test,1,0.1,0.2,2875,0.1272695652173913,0.2511304347826087
Quantile LightGBM (24h matched),9,42.0,test,2,0.2,0.3,706,0.21593484419263453,0.40226628895184136
Quantile LightGBM (24h matched),9,42.0,test,3,0.3,0.4,243,0.3199588477366254,0.42386831275720166
Quantile LightGBM (24h matched),9,42.0,test,4,0.4,0.5,97,0.4144329896907217,0.422680412371134
Quantile LightGBM (24h matched),9,42.0,test,5,0.5,0.6,40,0.52,0.45
Quantile LightGBM (24h matched),9,42.0,test,6,0.6,0.7,11,0.6181818181818182,0.8181818181818182
Quantile LightGBM (24h matched),9,42.0,test,7,0.7,0.8,3,0.7333333333333334,0.0
Quantile LightGBM (24h matched),9,42.0,test,8,0.8,0.9,0,,
Quantile LightGBM (24h matched),9,42.0,test,9,0.9,1.0,0,,
Hurdle Quantile LightGBM (24h matched),9,42.0,validation,0,0.0,0.1,1877,0.038857627345266245,0.02930207778369739
Hurdle Quantile LightGBM (24h matched),9,42.0,validation,1,0.1,0.2,639,0.14398080064519897,0.19092331768388107
Hurdle Quantile LightGBM (24h matched),9,42.0,validation,2,0.2,0.3,512,0.25027666059848386,0.359375
Hurdle Quantile LightGBM (24h matched),9,42.0,validation,3,0.3,0.4,529,0.35133273274528787,0.47448015122873344
Hurdle Quantile LightGBM (24h matched),9,42.0,validation,4,0.4,0.5,461,0.44440868248188536,0.48590021691973967
Hurdle Quantile LightGBM (24h matched),9,42.0,validation,5,0.5,0.6,167,0.543307260917332,0.5688622754491018
Hurdle Quantile LightGBM (24h matched),9,42.0,validation,6,0.6,0.7,53,0.6450645793334585,0.49056603773584906
Hurdle Quantile LightGBM (24h matched),9,42.0,validation,7,0.7,0.8,3,0.7389329041730193,0.6666666666666666
Hurdle Quantile LightGBM (24h matched),9,42.0,validation,8,0.8,0.9,0,,
Hurdle Quantile LightGBM (24h matched),9,42.0,validation,9,0.9,1.0,0,,
Hurdle Quantile LightGBM (24h matched),9,42.0,test,0,0.0,0.1,3960,0.04253256529980037,0.038131313131313134
Hurdle Quantile LightGBM (24h matched),9,42.0,test,1,0.1,0.2,1691,0.14531856402838997,0.15198107628622118
Hurdle Quantile LightGBM (24h matched),9,42.0,test,2,0.2,0.3,1188,0.24826956245597248,0.24915824915824916
Hurdle Quantile LightGBM (24h matched),9,42.0,test,3,0.3,0.4,870,0.34728043528349994,0.335632183908046
Hurdle Quantile LightGBM (24h matched),9,42.0,test,4,0.4,0.5,576,0.44472178522633876,0.4010416666666667
Hurdle Quantile LightGBM (24h matched),9,42.0,test,5,0.5,0.6,274,0.5418815256142069,0.4343065693430657
Hurdle Quantile LightGBM (24h matched),9,42.0,test,6,0.6,0.7,134,0.6386447741614099,0.44029850746268656
Hurdle Quantile LightGBM (24h matched),9,42.0,test,7,0.7,0.8,34,0.7325970855320524,0.5882352941176471
Hurdle Quantile LightGBM (24h matched),9,42.0,test,8,0.8,0.9,1,0.8254254691252988,1.0
Hurdle Quantile LightGBM (24h matched),9,42.0,test,9,0.9,1.0,0,,
EMFN (Proposed),12,42.0,validation,0,0.0,0.1,1614,0.04339201521253054,0.031598513011152414
EMFN (Proposed),12,42.0,validation,1,0.1,0.2,531,0.1497460586876519,0.1111111111111111
EMFN (Proposed),12,42.0,validation,2,0.2,0.3,526,0.25449086074140137,0.2376425855513308
EMFN (Proposed),12,42.0,validation,3,0.3,0.4,719,0.3522747240245591,0.3991655076495132
EMFN (Proposed),12,42.0,validation,4,0.4,0.5,815,0.4450094304933138,0.5153374233128835
EMFN (Proposed),12,42.0,validation,5,0.5,0.6,33,0.5102276865280035,0.5757575757575758
EMFN (Proposed),12,42.0,validation,6,0.6,0.7,0,,
EMFN (Proposed),12,42.0,validation,7,0.7,0.8,0,,
EMFN (Proposed),12,42.0,validation,8,0.8,0.9,0,,
EMFN (Proposed),12,42.0,validation,9,0.9,1.0,0,,
EMFN (Proposed),12,42.0,test,0,0.0,0.1,2766,0.05122141431227854,0.04013015184381779
EMFN (Proposed),12,42.0,test,1,0.1,0.2,1921,0.14673092385743322,0.10515356585111921
EMFN (Proposed),12,42.0,test,2,0.2,0.3,1510,0.2486201261447755,0.16821192052980133
EMFN (Proposed),12,42.0,test,3,0.3,0.4,1343,0.3492260301015489,0.29188384214445273
EMFN (Proposed),12,42.0,test,4,0.4,0.5,1024,0.44516794529045,0.396484375
EMFN (Proposed),12,42.0,test,5,0.5,0.6,161,0.5146184008314002,0.37888198757763975
EMFN (Proposed),12,42.0,test,6,0.6,0.7,0,,
EMFN (Proposed),12,42.0,test,7,0.7,0.8,0,,
EMFN (Proposed),12,42.0,test,8,0.8,0.9,0,,
EMFN (Proposed),12,42.0,test,9,0.9,1.0,0,,
Quantile LightGBM (24h matched),12,42.0,validation,0,0.0,0.1,1885,0.02254111405835544,0.05570291777188329
Quantile LightGBM (24h matched),12,42.0,validation,1,0.1,0.2,1573,0.12444373808010172,0.30705657978385253
Quantile LightGBM (24h matched),12,42.0,validation,2,0.2,0.3,531,0.21760828625235404,0.4519774011299435
Quantile LightGBM (24h matched),12,42.0,validation,3,0.3,0.4,167,0.3206586826347306,0.5748502994011976
Quantile LightGBM (24h matched),12,42.0,validation,4,0.4,0.5,58,0.4112068965517241,0.4482758620689655
Quantile LightGBM (24h matched),12,42.0,validation,5,0.5,0.6,18,0.5194444444444445,0.5
Quantile LightGBM (24h matched),12,42.0,validation,6,0.6,0.7,5,0.63,0.2
Quantile LightGBM (24h matched),12,42.0,validation,7,0.7,0.8,1,0.7,1.0
Quantile LightGBM (24h matched),12,42.0,validation,8,0.8,0.9,0,,
Quantile LightGBM (24h matched),12,42.0,validation,9,0.9,1.0,0,,
Quantile LightGBM (24h matched),12,42.0,test,0,0.0,0.1,3695,0.023196211096075777,0.058457374830852504
Quantile LightGBM (24h matched),12,42.0,test,1,0.1,0.2,3910,0.11900255754475704,0.20127877237851663
Quantile LightGBM (24h matched),12,42.0,test,2,0.2,0.3,801,0.21853932584269664,0.3682896379525593
Quantile LightGBM (24h matched),12,42.0,test,3,0.3,0.4,216,0.3168981481481481,0.4074074074074074
Quantile LightGBM (24h matched),12,42.0,test,4,0.4,0.5,73,0.42397260273972603,0.3972602739726027
Quantile LightGBM (24h matched),12,42.0,test,5,0.5,0.6,23,0.5152173913043478,0.391304347826087
Quantile LightGBM (24h matched),12,42.0,test,6,0.6,0.7,6,0.6416666666666667,0.16666666666666666
Quantile LightGBM (24h matched),12,42.0,test,7,0.7,0.8,1,0.7,1.0
Quantile LightGBM (24h matched),12,42.0,test,8,0.8,0.9,0,,
Quantile LightGBM (24h matched),12,42.0,test,9,0.9,1.0,0,,
Hurdle Quantile LightGBM (24h matched),12,42.0,validation,0,0.0,0.1,1724,0.04438042909137628,0.03480278422273782
Hurdle Quantile LightGBM (24h matched),12,42.0,validation,1,0.1,0.2,767,0.14825591657383097,0.19426336375488917
Hurdle Quantile LightGBM (24h matched),12,42.0,validation,2,0.2,0.3,596,0.24814354346875628,0.3389261744966443
Hurdle Quantile LightGBM (24h matched),12,42.0,validation,3,0.3,0.4,534,0.3483529094637774,0.4438202247191011
Hurdle Quantile LightGBM (24h matched),12,42.0,validation,4,0.4,0.5,440,0.44277538500405095,0.509090909090909
Hurdle Quantile LightGBM (24h matched),12,42.0,validation,5,0.5,0.6,143,0.5397315681878897,0.46853146853146854
Hurdle Quantile LightGBM (24h matched),12,42.0,validation,6,0.6,0.7,30,0.6368073380272639,0.6333333333333333
Hurdle Quantile LightGBM (24h matched),12,42.0,validation,7,0.7,0.8,4,0.7418702877240715,0.75
Hurdle Quantile LightGBM (24h matched),12,42.0,validation,8,0.8,0.9,0,,
Hurdle Quantile LightGBM (24h matched),12,42.0,validation,9,0.9,1.0,0,,
Hurdle Quantile LightGBM (24h matched),12,42.0,test,0,0.0,0.1,3611,0.04955209195217704,0.047078371642204374
Hurdle Quantile LightGBM (24h matched),12,42.0,test,1,0.1,0.2,2101,0.1444605948483418,0.14802475011899097
Hurdle Quantile LightGBM (24h matched),12,42.0,test,2,0.2,0.3,1331,0.24712320258138737,0.24117205108940645
Hurdle Quantile LightGBM (24h matched),12,42.0,test,3,0.3,0.4,848,0.3445105383117545,0.3384433962264151
Hurdle Quantile LightGBM (24h matched),12,42.0,test,4,0.4,0.5,465,0.446114832563915,0.38924731182795697
Hurdle Quantile LightGBM (24h matched),12,42.0,test,5,0.5,0.6,274,0.5426614104497298,0.4197080291970803
Hurdle Quantile LightGBM (24h matched),12,42.0,test,6,0.6,0.7,75,0.6386284846651655,0.44
Hurdle Quantile LightGBM (24h matched),12,42.0,test,7,0.7,0.8,18,0.7339724469148567,0.3888888888888889
Hurdle Quantile LightGBM (24h matched),12,42.0,test,8,0.8,0.9,2,0.8164809625249143,0.5
Hurdle Quantile LightGBM (24h matched),12,42.0,test,9,0.9,1.0,0,,
EMFN (Proposed),24,42.0,validation,0,0.0,0.1,576,0.08225934776580995,0.046875
EMFN (Proposed),24,42.0,validation,1,0.1,0.2,1081,0.1457990245285352,0.08140610545790934
EMFN (Proposed),24,42.0,validation,2,0.2,0.3,1053,0.25572029557096765,0.24786324786324787
EMFN (Proposed),24,42.0,validation,3,0.3,0.4,1501,0.3412872363852311,0.38241172551632246
EMFN (Proposed),24,42.0,validation,4,0.4,0.5,15,0.40617390871047976,0.26666666666666666
EMFN (Proposed),24,42.0,validation,5,0.5,0.6,0,,
EMFN (Proposed),24,42.0,validation,6,0.6,0.7,0,,
EMFN (Proposed),24,42.0,validation,7,0.7,0.8,0,,
EMFN (Proposed),24,42.0,validation,8,0.8,0.9,0,,
EMFN (Proposed),24,42.0,validation,9,0.9,1.0,0,,
EMFN (Proposed),24,42.0,test,0,0.0,0.1,1138,0.08195212886706388,0.05536028119507909
EMFN (Proposed),24,42.0,test,1,0.1,0.2,3122,0.14648547193929218,0.12972453555413196
EMFN (Proposed),24,42.0,test,2,0.2,0.3,2230,0.2519874070524635,0.17040358744394618
EMFN (Proposed),24,42.0,test,3,0.3,0.4,2097,0.34070933805969594,0.2613257033857892
EMFN (Proposed),24,42.0,test,4,0.4,0.5,126,0.41152236527866787,0.23809523809523808
EMFN (Proposed),24,42.0,test,5,0.5,0.6,0,,
EMFN (Proposed),24,42.0,test,6,0.6,0.7,0,,
EMFN (Proposed),24,42.0,test,7,0.7,0.8,0,,
EMFN (Proposed),24,42.0,test,8,0.8,0.9,0,,
EMFN (Proposed),24,42.0,test,9,0.9,1.0,0,,
Quantile LightGBM (24h matched),24,42.0,validation,0,0.0,0.1,2076,0.05,0.10741811175337188
Quantile LightGBM (24h matched),24,42.0,validation,1,0.1,0.2,1832,0.1314956331877729,0.33024017467248906
Quantile LightGBM (24h matched),24,42.0,validation,2,0.2,0.3,277,0.21209386281588447,0.4043321299638989
Quantile LightGBM (24h matched),24,42.0,validation,3,0.3,0.4,30,0.3166666666666667,0.3333333333333333
Quantile LightGBM (24h matched),24,42.0,validation,4,0.4,0.5,7,0.4071428571428571,0.5714285714285714
Quantile LightGBM (24h matched),24,42.0,validation,5,0.5,0.6,2,0.525,0.0
Quantile LightGBM (24h matched),24,42.0,validation,6,0.6,0.7,2,0.6,0.0
Quantile LightGBM (24h matched),24,42.0,validation,7,0.7,0.8,0,,
Quantile LightGBM (24h matched),24,42.0,validation,8,0.8,0.9,0,,
Quantile LightGBM (24h matched),24,42.0,validation,9,0.9,1.0,0,,
Quantile LightGBM (24h matched),24,42.0,test,0,0.0,0.1,4667,0.049999999999999996,0.12449110777801585
Quantile LightGBM (24h matched),24,42.0,test,1,0.1,0.2,3587,0.12557847783663229,0.19877334820183998
Quantile LightGBM (24h matched),24,42.0,test,2,0.2,0.3,403,0.2122828784119107,0.29528535980148884
Quantile LightGBM (24h matched),24,42.0,test,3,0.3,0.4,44,0.3159090909090909,0.18181818181818182
Quantile LightGBM (24h matched),24,42.0,test,4,0.4,0.5,11,0.4136363636363637,0.45454545454545453
Quantile LightGBM (24h matched),24,42.0,test,5,0.5,0.6,1,0.5,0.0
Quantile LightGBM (24h matched),24,42.0,test,6,0.6,0.7,0,,
Quantile LightGBM (24h matched),24,42.0,test,7,0.7,0.8,0,,
Quantile LightGBM (24h matched),24,42.0,test,8,0.8,0.9,0,,
Quantile LightGBM (24h matched),24,42.0,test,9,0.9,1.0,0,,
Hurdle Quantile LightGBM (24h matched),24,42.0,validation,0,0.0,0.1,1192,0.06812397912745255,0.050335570469798654
Hurdle Quantile LightGBM (24h matched),24,42.0,validation,1,0.1,0.2,1045,0.14895731513833493,0.184688995215311
Hurdle Quantile LightGBM (24h matched),24,42.0,validation,2,0.2,0.3,1251,0.24894039687804473,0.3405275779376499
Hurdle Quantile LightGBM (24h matched),24,42.0,validation,3,0.3,0.4,656,0.33511688051018895,0.36128048780487804
Hurdle Quantile LightGBM (24h matched),24,42.0,validation,4,0.4,0.5,72,0.43142524759321965,0.4166666666666667
Hurdle Quantile LightGBM (24h matched),24,42.0,validation,5,0.5,0.6,8,0.5265699752697157,0.75
Hurdle Quantile LightGBM (24h matched),24,42.0,validation,6,0.6,0.7,2,0.6462878378406752,1.0
Hurdle Quantile LightGBM (24h matched),24,42.0,validation,7,0.7,0.8,0,,
Hurdle Quantile LightGBM (24h matched),24,42.0,validation,8,0.8,0.9,0,,
Hurdle Quantile LightGBM (24h matched),24,42.0,validation,9,0.9,1.0,0,,
Hurdle Quantile LightGBM (24h matched),24,42.0,test,0,0.0,0.1,2501,0.06997551406385134,0.07676929228308677
Hurdle Quantile LightGBM (24h matched),24,42.0,test,1,0.1,0.2,3055,0.1447683912215196,0.15515548281505728
Hurdle Quantile LightGBM (24h matched),24,42.0,test,2,0.2,0.3,2053,0.24632305899532042,0.21480759863614224
Hurdle Quantile LightGBM (24h matched),24,42.0,test,3,0.3,0.4,935,0.3376033996827301,0.293048128342246
Hurdle Quantile LightGBM (24h matched),24,42.0,test,4,0.4,0.5,146,0.4345575934296572,0.2876712328767123
Hurdle Quantile LightGBM (24h matched),24,42.0,test,5,0.5,0.6,21,0.5286559074780528,0.14285714285714285
Hurdle Quantile LightGBM (24h matched),24,42.0,test,6,0.6,0.7,2,0.6079451143362261,0.0
Hurdle Quantile LightGBM (24h matched),24,42.0,test,7,0.7,0.8,0,,
Hurdle Quantile LightGBM (24h matched),24,42.0,test,8,0.8,0.9,0,,
Hurdle Quantile LightGBM (24h matched),24,42.0,test,9,0.9,1.0,0,,
EMFN (Proposed),1,2026.0,validation,0,0.0,0.1,2716,0.006421998626002507,0.011413843888070692
EMFN (Proposed),1,2026.0,validation,1,0.1,0.2,154,0.14893627979538657,0.18831168831168832
EMFN (Proposed),1,2026.0,validation,2,0.2,0.3,103,0.24479570203614467,0.23300970873786409
EMFN (Proposed),1,2026.0,validation,3,0.3,0.4,109,0.3490842394872543,0.3394495412844037
EMFN (Proposed),1,2026.0,validation,4,0.4,0.5,117,0.44925325548546946,0.36752136752136755
EMFN (Proposed),1,2026.0,validation,5,0.5,0.6,122,0.5514698267960157,0.5737704918032787
EMFN (Proposed),1,2026.0,validation,6,0.6,0.7,177,0.6522679301978505,0.6101694915254238
EMFN (Proposed),1,2026.0,validation,7,0.7,0.8,257,0.7511654366894919,0.7315175097276264
EMFN (Proposed),1,2026.0,validation,8,0.8,0.9,351,0.851121316438387,0.8547008547008547
EMFN (Proposed),1,2026.0,validation,9,0.9,1.0,143,0.92131399832197,0.8671328671328671
EMFN (Proposed),1,2026.0,test,0,0.0,0.1,5912,0.00899825960962311,0.014039242219215155
EMFN (Proposed),1,2026.0,test,1,0.1,0.2,401,0.14376620966894668,0.10473815461346633
EMFN (Proposed),1,2026.0,test,2,0.2,0.3,296,0.24863352364784963,0.17567567567567569
EMFN (Proposed),1,2026.0,test,3,0.3,0.4,236,0.3514296978206958,0.1652542372881356
EMFN (Proposed),1,2026.0,test,4,0.4,0.5,205,0.4503254913702244,0.35121951219512193
EMFN (Proposed),1,2026.0,test,5,0.5,0.6,248,0.5508882875644392,0.4435483870967742
EMFN (Proposed),1,2026.0,test,6,0.6,0.7,368,0.6522264187426671,0.5380434782608695
EMFN (Proposed),1,2026.0,test,7,0.7,0.8,390,0.7514655275604664,0.7128205128205128
EMFN (Proposed),1,2026.0,test,8,0.8,0.9,455,0.8497616127788366,0.7714285714285715
EMFN (Proposed),1,2026.0,test,9,0.9,1.0,225,0.9293487663649851,0.8933333333333333
Quantile LightGBM (24h matched),1,2026.0,validation,0,0.0,0.1,2916,0.0026646090534979427,0.0205761316872428
Quantile LightGBM (24h matched),1,2026.0,validation,1,0.1,0.2,865,0.14612716763005779,0.6473988439306358
Quantile LightGBM (24h matched),1,2026.0,validation,2,0.2,0.3,345,0.21333333333333335,0.7420289855072464
Quantile LightGBM (24h matched),1,2026.0,validation,3,0.3,0.4,84,0.31428571428571433,0.6547619047619048
Quantile LightGBM (24h matched),1,2026.0,validation,4,0.4,0.5,33,0.4151515151515151,0.6666666666666666
Quantile LightGBM (24h matched),1,2026.0,validation,5,0.5,0.6,6,0.5166666666666667,0.16666666666666666
Quantile LightGBM (24h matched),1,2026.0,validation,6,0.6,0.7,0,,
Quantile LightGBM (24h matched),1,2026.0,validation,7,0.7,0.8,0,,
Quantile LightGBM (24h matched),1,2026.0,validation,8,0.8,0.9,0,,
Quantile LightGBM (24h matched),1,2026.0,validation,9,0.9,1.0,0,,
Quantile LightGBM (24h matched),1,2026.0,test,0,0.0,0.1,6614,0.0038085878439673418,0.0211672210462655
Quantile LightGBM (24h matched),1,2026.0,test,1,0.1,0.2,1372,0.14456997084548104,0.5911078717201166
Quantile LightGBM (24h matched),1,2026.0,test,2,0.2,0.3,553,0.21410488245931283,0.6817359855334539
Quantile LightGBM (24h matched),1,2026.0,test,3,0.3,0.4,135,0.32222222222222224,0.5185185185185185
Quantile LightGBM (24h matched),1,2026.0,test,4,0.4,0.5,49,0.41530612244897963,0.4489795918367347
Quantile LightGBM (24h matched),1,2026.0,test,5,0.5,0.6,8,0.53125,0.5
Quantile LightGBM (24h matched),1,2026.0,test,6,0.6,0.7,4,0.625,0.25
Quantile LightGBM (24h matched),1,2026.0,test,7,0.7,0.8,1,0.7,1.0
Quantile LightGBM (24h matched),1,2026.0,test,8,0.8,0.9,0,,
Quantile LightGBM (24h matched),1,2026.0,test,9,0.9,1.0,0,,
Hurdle Quantile LightGBM (24h matched),1,2026.0,validation,0,0.0,0.1,2698,0.010438044923603148,0.005930318754633061
Hurdle Quantile LightGBM (24h matched),1,2026.0,validation,1,0.1,0.2,190,0.14628541846397514,0.13157894736842105
Hurdle Quantile LightGBM (24h matched),1,2026.0,validation,2,0.2,0.3,122,0.25050717271343864,0.30327868852459017
Hurdle Quantile LightGBM (24h matched),1,2026.0,validation,3,0.3,0.4,102,0.34870159306838333,0.4215686274509804
Hurdle Quantile LightGBM (24h matched),1,2026.0,validation,4,0.4,0.5,128,0.4471568851881449,0.46875
Hurdle Quantile LightGBM (24h matched),1,2026.0,validation,5,0.5,0.6,128,0.5525036223525734,0.5546875
Hurdle Quantile LightGBM (24h matched),1,2026.0,validation,6,0.6,0.7,190,0.6511567068816324,0.6789473684210526
Hurdle Quantile LightGBM (24h matched),1,2026.0,validation,7,0.7,0.8,290,0.751317867107365,0.7758620689655172
Hurdle Quantile LightGBM (24h matched),1,2026.0,validation,8,0.8,0.9,363,0.8434952935178883,0.8677685950413223
Hurdle Quantile LightGBM (24h matched),1,2026.0,validation,9,0.9,1.0,38,0.9197843408621151,0.868421052631579
Hurdle Quantile LightGBM (24h matched),1,2026.0,test,0,0.0,0.1,5899,0.012664070676674377,0.007458891337514833
Hurdle Quantile LightGBM (24h matched),1,2026.0,test,1,0.1,0.2,510,0.14668325931471454,0.11764705882352941
Hurdle Quantile LightGBM (24h matched),1,2026.0,test,2,0.2,0.3,297,0.2468230785035199,0.23905723905723905
Hurdle Quantile LightGBM (24h matched),1,2026.0,test,3,0.3,0.4,230,0.3478316199796308,0.28695652173913044
Hurdle Quantile LightGBM (24h matched),1,2026.0,test,4,0.4,0.5,197,0.4520103414113609,0.4010152284263959
Hurdle Quantile LightGBM (24h matched),1,2026.0,test,5,0.5,0.6,233,0.5498687808313856,0.43776824034334766
Hurdle Quantile LightGBM (24h matched),1,2026.0,test,6,0.6,0.7,355,0.6532281768939785,0.5915492957746479
Hurdle Quantile LightGBM (24h matched),1,2026.0,test,7,0.7,0.8,422,0.7515723788216837,0.7085308056872038
Hurdle Quantile LightGBM (24h matched),1,2026.0,test,8,0.8,0.9,476,0.8502890955506307,0.8298319327731093
Hurdle Quantile LightGBM (24h matched),1,2026.0,test,9,0.9,1.0,117,0.9186029961414802,0.8547008547008547
EMFN (Proposed),3,2026.0,validation,0,0.0,0.1,2356,0.014051549629970803,0.01697792869269949
EMFN (Proposed),3,2026.0,validation,1,0.1,0.2,231,0.14850218239284696,0.16883116883116883
EMFN (Proposed),3,2026.0,validation,2,0.2,0.3,248,0.2532435160490774,0.29435483870967744
EMFN (Proposed),3,2026.0,validation,3,0.3,0.4,326,0.3505696358124903,0.39263803680981596
EMFN (Proposed),3,2026.0,validation,4,0.4,0.5,339,0.4512365332043628,0.5073746312684366
EMFN (Proposed),3,2026.0,validation,5,0.5,0.6,345,0.5495056003764056,0.6318840579710145
EMFN (Proposed),3,2026.0,validation,6,0.6,0.7,225,0.6444770793120066,0.7111111111111111
EMFN (Proposed),3,2026.0,validation,7,0.7,0.8,108,0.7398323419469374,0.6944444444444444
EMFN (Proposed),3,2026.0,validation,8,0.8,0.9,47,0.8436396689491069,0.6595744680851063
EMFN (Proposed),3,2026.0,validation,9,0.9,1.0,22,0.9271725429729982,0.9090909090909091
EMFN (Proposed),3,2026.0,test,0,0.0,0.1,4774,0.018901009813331888,0.019271051529116047
EMFN (Proposed),3,2026.0,test,1,0.1,0.2,848,0.14647292746406682,0.11910377358490566
EMFN (Proposed),3,2026.0,test,2,0.2,0.3,688,0.24962145341343658,0.19040697674418605
EMFN (Proposed),3,2026.0,test,3,0.3,0.4,736,0.3475824235736028,0.25815217391304346
EMFN (Proposed),3,2026.0,test,4,0.4,0.5,543,0.4459008379096704,0.40331491712707185
EMFN (Proposed),3,2026.0,test,5,0.5,0.6,570,0.5502686020575072,0.5491228070175439
EMFN (Proposed),3,2026.0,test,6,0.6,0.7,333,0.6444677480527231,0.6666666666666666
EMFN (Proposed),3,2026.0,test,7,0.7,0.8,167,0.7399433087446019,0.6766467065868264
EMFN (Proposed),3,2026.0,test,8,0.8,0.9,56,0.8418376234226993,0.5892857142857143
EMFN (Proposed),3,2026.0,test,9,0.9,1.0,19,0.9221613542421868,0.631578947368421
Quantile LightGBM (24h matched),3,2026.0,validation,0,0.0,0.1,2660,0.013969924812030073,0.034210526315789476
Quantile LightGBM (24h matched),3,2026.0,validation,1,0.1,0.2,906,0.1386865342163355,0.4977924944812362
Quantile LightGBM (24h matched),3,2026.0,validation,2,0.2,0.3,453,0.21699779249448126,0.6136865342163356
Quantile LightGBM (24h matched),3,2026.0,validation,3,0.3,0.4,152,0.3194078947368421,0.6381578947368421
Quantile LightGBM (24h matched),3,2026.0,validation,4,0.4,0.5,57,0.41754385964912283,0.5614035087719298
Quantile LightGBM (24h matched),3,2026.0,validation,5,0.5,0.6,11,0.5227272727272727,0.36363636363636365
Quantile LightGBM (24h matched),3,2026.0,validation,6,0.6,0.7,6,0.6166666666666667,0.5
Quantile LightGBM (24h matched),3,2026.0,validation,7,0.7,0.8,0,,
Quantile LightGBM (24h matched),3,2026.0,validation,8,0.8,0.9,2,0.8,0.0
Quantile LightGBM (24h matched),3,2026.0,validation,9,0.9,1.0,0,,
Quantile LightGBM (24h matched),3,2026.0,test,0,0.0,0.1,5790,0.015803108808290157,0.03195164075993091
Quantile LightGBM (24h matched),3,2026.0,test,1,0.1,0.2,1952,0.13363217213114756,0.36475409836065575
Quantile LightGBM (24h matched),3,2026.0,test,2,0.2,0.3,668,0.2175149700598802,0.5344311377245509
Quantile LightGBM (24h matched),3,2026.0,test,3,0.3,0.4,215,0.3195348837209302,0.5534883720930233
Quantile LightGBM (24h matched),3,2026.0,test,4,0.4,0.5,81,0.4148148148148149,0.5308641975308642
Quantile LightGBM (24h matched),3,2026.0,test,5,0.5,0.6,18,0.5194444444444445,0.5
Quantile LightGBM (24h matched),3,2026.0,test,6,0.6,0.7,9,0.6222222222222222,0.1111111111111111
Quantile LightGBM (24h matched),3,2026.0,test,7,0.7,0.8,0,,
Quantile LightGBM (24h matched),3,2026.0,test,8,0.8,0.9,1,0.85,0.0
Quantile LightGBM (24h matched),3,2026.0,test,9,0.9,1.0,0,,
Hurdle Quantile LightGBM (24h matched),3,2026.0,validation,0,0.0,0.1,2376,0.024370839107005587,0.017255892255892257
Hurdle Quantile LightGBM (24h matched),3,2026.0,validation,1,0.1,0.2,316,0.14480548565146695,0.18354430379746836
Hurdle Quantile LightGBM (24h matched),3,2026.0,validation,2,0.2,0.3,230,0.2483333308285744,0.33043478260869563
Hurdle Quantile LightGBM (24h matched),3,2026.0,validation,3,0.3,0.4,254,0.3465057481878122,0.468503937007874
Hurdle Quantile LightGBM (24h matched),3,2026.0,validation,4,0.4,0.5,311,0.4506352429422009,0.5401929260450161
Hurdle Quantile LightGBM (24h matched),3,2026.0,validation,5,0.5,0.6,313,0.5509685128850166,0.6006389776357828
Hurdle Quantile LightGBM (24h matched),3,2026.0,validation,6,0.6,0.7,287,0.6497571415250026,0.6585365853658537
Hurdle Quantile LightGBM (24h matched),3,2026.0,validation,7,0.7,0.8,142,0.7354363442217293,0.7394366197183099
Hurdle Quantile LightGBM (24h matched),3,2026.0,validation,8,0.8,0.9,18,0.8226179159014795,0.6666666666666666
Hurdle Quantile LightGBM (24h matched),3,2026.0,validation,9,0.9,1.0,0,,
Hurdle Quantile LightGBM (24h matched),3,2026.0,test,0,0.0,0.1,5027,0.02682231015882702,0.01949472846628208
Hurdle Quantile LightGBM (24h matched),3,2026.0,test,1,0.1,0.2,895,0.14405862369004674,0.12849162011173185
Hurdle Quantile LightGBM (24h matched),3,2026.0,test,2,0.2,0.3,630,0.24788311406964025,0.23333333333333334
Hurdle Quantile LightGBM (24h matched),3,2026.0,test,3,0.3,0.4,540,0.34867365160919395,0.30185185185185187
Hurdle Quantile LightGBM (24h matched),3,2026.0,test,4,0.4,0.5,498,0.4489325778008697,0.43172690763052207
Hurdle Quantile LightGBM (24h matched),3,2026.0,test,5,0.5,0.6,449,0.54793504566139,0.5211581291759465
Hurdle Quantile LightGBM (24h matched),3,2026.0,test,6,0.6,0.7,373,0.6481182028855608,0.646112600536193
Hurdle Quantile LightGBM (24h matched),3,2026.0,test,7,0.7,0.8,265,0.7443675108575223,0.6830188679245283
Hurdle Quantile LightGBM (24h matched),3,2026.0,test,8,0.8,0.9,57,0.8222233543015774,0.5614035087719298
Hurdle Quantile LightGBM (24h matched),3,2026.0,test,9,0.9,1.0,0,,
EMFN (Proposed),6,2026.0,validation,0,0.0,0.1,2059,0.020024135484459218,0.020398251578436135
EMFN (Proposed),6,2026.0,validation,1,0.1,0.2,286,0.14459241749523402,0.11888111888111888
EMFN (Proposed),6,2026.0,validation,2,0.2,0.3,235,0.2519949973897731,0.24680851063829787
EMFN (Proposed),6,2026.0,validation,3,0.3,0.4,396,0.3542150394483046,0.3383838383838384
EMFN (Proposed),6,2026.0,validation,4,0.4,0.5,682,0.4501123408243453,0.4912023460410557
EMFN (Proposed),6,2026.0,validation,5,0.5,0.6,408,0.5415432667177097,0.6078431372549019
EMFN (Proposed),6,2026.0,validation,6,0.6,0.7,149,0.6387470260562512,0.5771812080536913
EMFN (Proposed),6,2026.0,validation,7,0.7,0.8,29,0.7221212823843134,0.6551724137931034
EMFN (Proposed),6,2026.0,validation,8,0.8,0.9,0,,
EMFN (Proposed),6,2026.0,validation,9,0.9,1.0,0,,
EMFN (Proposed),6,2026.0,test,0,0.0,0.1,4007,0.025330681990648942,0.02969802845021213
EMFN (Proposed),6,2026.0,test,1,0.1,0.2,953,0.145892477798562,0.1248688352570829
EMFN (Proposed),6,2026.0,test,2,0.2,0.3,774,0.2508104787008399,0.16795865633074936
EMFN (Proposed),6,2026.0,test,3,0.3,0.4,894,0.3526445959905117,0.2203579418344519
EMFN (Proposed),6,2026.0,test,4,0.4,0.5,1301,0.4464032107092251,0.3474250576479631
EMFN (Proposed),6,2026.0,test,5,0.5,0.6,652,0.5368837474222563,0.4938650306748466
EMFN (Proposed),6,2026.0,test,6,0.6,0.7,123,0.6404073991911198,0.5934959349593496
EMFN (Proposed),6,2026.0,test,7,0.7,0.8,26,0.7343608886003494,0.5384615384615384
EMFN (Proposed),6,2026.0,test,8,0.8,0.9,1,0.802182674407959,0.0
EMFN (Proposed),6,2026.0,test,9,0.9,1.0,0,,
Quantile LightGBM (24h matched),6,2026.0,validation,0,0.0,0.1,2394,0.015213032581453635,0.03132832080200501
Quantile LightGBM (24h matched),6,2026.0,validation,1,0.1,0.2,1085,0.13608294930875575,0.42672811059907834
Quantile LightGBM (24h matched),6,2026.0,validation,2,0.2,0.3,451,0.2182926829268293,0.549889135254989
Quantile LightGBM (24h matched),6,2026.0,validation,3,0.3,0.4,192,0.32265625,0.5625
Quantile LightGBM (24h matched),6,2026.0,validation,4,0.4,0.5,70,0.42071428571428565,0.5428571428571428
Quantile LightGBM (24h matched),6,2026.0,validation,5,0.5,0.6,33,0.5227272727272727,0.36363636363636365
Quantile LightGBM (24h matched),6,2026.0,validation,6,0.6,0.7,12,0.6166666666666666,0.5833333333333334
Quantile LightGBM (24h matched),6,2026.0,validation,7,0.7,0.8,6,0.75,0.6666666666666666
Quantile LightGBM (24h matched),6,2026.0,validation,8,0.8,0.9,1,0.8,1.0
Quantile LightGBM (24h matched),6,2026.0,validation,9,0.9,1.0,0,,
Quantile LightGBM (24h matched),6,2026.0,test,0,0.0,0.1,5025,0.016208955223880602,0.04059701492537313
Quantile LightGBM (24h matched),6,2026.0,test,1,0.1,0.2,2438,0.12928630024610335,0.2723543888433142
Quantile LightGBM (24h matched),6,2026.0,test,2,0.2,0.3,805,0.2179503105590062,0.39627329192546584
Quantile LightGBM (24h matched),6,2026.0,test,3,0.3,0.4,285,0.3191228070175438,0.5403508771929825
Quantile LightGBM (24h matched),6,2026.0,test,4,0.4,0.5,103,0.4194174757281554,0.5242718446601942
Quantile LightGBM (24h matched),6,2026.0,test,5,0.5,0.6,51,0.5196078431372549,0.4117647058823529
Quantile LightGBM (24h matched),6,2026.0,test,6,0.6,0.7,20,0.6125,0.5
Quantile LightGBM (24h matched),6,2026.0,test,7,0.7,0.8,4,0.7124999999999999,0.0
Quantile LightGBM (24h matched),6,2026.0,test,8,0.8,0.9,0,,
Quantile LightGBM (24h matched),6,2026.0,test,9,0.9,1.0,0,,
Hurdle Quantile LightGBM (24h matched),6,2026.0,validation,0,0.0,0.1,2100,0.03278102344865909,0.022857142857142857
Hurdle Quantile LightGBM (24h matched),6,2026.0,validation,1,0.1,0.2,489,0.14703099841516729,0.1738241308793456
Hurdle Quantile LightGBM (24h matched),6,2026.0,validation,2,0.2,0.3,339,0.25040049325184016,0.3421828908554572
Hurdle Quantile LightGBM (24h matched),6,2026.0,validation,3,0.3,0.4,428,0.35302520938884213,0.4742990654205608
Hurdle Quantile LightGBM (24h matched),6,2026.0,validation,4,0.4,0.5,443,0.446924488489972,0.5553047404063205
Hurdle Quantile LightGBM (24h matched),6,2026.0,validation,5,0.5,0.6,310,0.5442600939099137,0.5838709677419355
Hurdle Quantile LightGBM (24h matched),6,2026.0,validation,6,0.6,0.7,121,0.6405470737464951,0.5619834710743802
Hurdle Quantile LightGBM (24h matched),6,2026.0,validation,7,0.7,0.8,13,0.7226342718620048,0.6153846153846154
Hurdle Quantile LightGBM (24h matched),6,2026.0,validation,8,0.8,0.9,1,0.836085590966847,1.0
Hurdle Quantile LightGBM (24h matched),6,2026.0,validation,9,0.9,1.0,0,,
Hurdle Quantile LightGBM (24h matched),6,2026.0,test,0,0.0,0.1,4417,0.036229863930462916,0.028526148969889066
Hurdle Quantile LightGBM (24h matched),6,2026.0,test,1,0.1,0.2,1317,0.14625786181773356,0.1427486712224753
Hurdle Quantile LightGBM (24h matched),6,2026.0,test,2,0.2,0.3,909,0.24796668371944283,0.2948294829482948
Hurdle Quantile LightGBM (24h matched),6,2026.0,test,3,0.3,0.4,825,0.34900988324550025,0.30424242424242426
Hurdle Quantile LightGBM (24h matched),6,2026.0,test,4,0.4,0.5,599,0.44696488170154564,0.4357262103505843
Hurdle Quantile LightGBM (24h matched),6,2026.0,test,5,0.5,0.6,395,0.5467819947387147,0.47848101265822784
Hurdle Quantile LightGBM (24h matched),6,2026.0,test,6,0.6,0.7,216,0.638942300862063,0.5370370370370371
Hurdle Quantile LightGBM (24h matched),6,2026.0,test,7,0.7,0.8,53,0.7293680663365143,0.5094339622641509
Hurdle Quantile LightGBM (24h matched),6,2026.0,test,8,0.8,0.9,0,,
Hurdle Quantile LightGBM (24h matched),6,2026.0,test,9,0.9,1.0,0,,
EMFN (Proposed),9,2026.0,validation,0,0.0,0.1,1838,0.032594027502362954,0.032100108813928184
EMFN (Proposed),9,2026.0,validation,1,0.1,0.2,414,0.14372496645231753,0.1111111111111111
EMFN (Proposed),9,2026.0,validation,2,0.2,0.3,310,0.2534029399195025,0.23870967741935484
EMFN (Proposed),9,2026.0,validation,3,0.3,0.4,463,0.3540686235057098,0.3347732181425486
EMFN (Proposed),9,2026.0,validation,4,0.4,0.5,654,0.45023806607322225,0.5107033639143731
EMFN (Proposed),9,2026.0,validation,5,0.5,0.6,383,0.5424252387437746,0.5091383812010444
EMFN (Proposed),9,2026.0,validation,6,0.6,0.7,176,0.6368965494700454,0.5340909090909091
EMFN (Proposed),9,2026.0,validation,7,0.7,0.8,3,0.7265679041544596,0.6666666666666666
EMFN (Proposed),9,2026.0,validation,8,0.8,0.9,0,,
EMFN (Proposed),9,2026.0,validation,9,0.9,1.0,0,,
EMFN (Proposed),9,2026.0,test,0,0.0,0.1,3315,0.04279330985039068,0.03137254901960784
EMFN (Proposed),9,2026.0,test,1,0.1,0.2,1495,0.1477019963455838,0.12976588628762542
EMFN (Proposed),9,2026.0,test,2,0.2,0.3,1126,0.24912709161824487,0.17673179396092362
EMFN (Proposed),9,2026.0,test,3,0.3,0.4,868,0.3497714225872321,0.23963133640552994
EMFN (Proposed),9,2026.0,test,4,0.4,0.5,1002,0.45037511443187617,0.35528942115768464
EMFN (Proposed),9,2026.0,test,5,0.5,0.6,728,0.543410176963924,0.3873626373626374
EMFN (Proposed),9,2026.0,test,6,0.6,0.7,189,0.6283389419790298,0.41798941798941797
EMFN (Proposed),9,2026.0,test,7,0.7,0.8,5,0.7045974373817444,0.8
EMFN (Proposed),9,2026.0,test,8,0.8,0.9,0,,
EMFN (Proposed),9,2026.0,test,9,0.9,1.0,0,,
Quantile LightGBM (24h matched),9,2026.0,validation,0,0.0,0.1,2280,0.023701754385964915,0.04692982456140351
Quantile LightGBM (24h matched),9,2026.0,validation,1,0.1,0.2,1189,0.13254835996635828,0.38772077375946173
Quantile LightGBM (24h matched),9,2026.0,validation,2,0.2,0.3,512,0.21826171875000006,0.484375
Quantile LightGBM (24h matched),9,2026.0,validation,3,0.3,0.4,159,0.3229559748427673,0.5283018867924528
Quantile LightGBM (24h matched),9,2026.0,validation,4,0.4,0.5,63,0.42063492063492053,0.5396825396825397
Quantile LightGBM (24h matched),9,2026.0,validation,5,0.5,0.6,28,0.5125,0.6428571428571429
Quantile LightGBM (24h matched),9,2026.0,validation,6,0.6,0.7,7,0.6071428571428571,0.7142857142857143
Quantile LightGBM (24h matched),9,2026.0,validation,7,0.7,0.8,2,0.7,0.5
Quantile LightGBM (24h matched),9,2026.0,validation,8,0.8,0.9,0,,
Quantile LightGBM (24h matched),9,2026.0,validation,9,0.9,1.0,1,0.9,1.0
Quantile LightGBM (24h matched),9,2026.0,test,0,0.0,0.1,4753,0.025299810645907847,0.05238796549547654
Quantile LightGBM (24h matched),9,2026.0,test,1,0.1,0.2,2875,0.1272695652173913,0.2511304347826087
Quantile LightGBM (24h matched),9,2026.0,test,2,0.2,0.3,706,0.21593484419263453,0.40226628895184136
Quantile LightGBM (24h matched),9,2026.0,test,3,0.3,0.4,243,0.3199588477366254,0.42386831275720166
Quantile LightGBM (24h matched),9,2026.0,test,4,0.4,0.5,97,0.4144329896907217,0.422680412371134
Quantile LightGBM (24h matched),9,2026.0,test,5,0.5,0.6,40,0.52,0.45
Quantile LightGBM (24h matched),9,2026.0,test,6,0.6,0.7,11,0.6181818181818182,0.8181818181818182
Quantile LightGBM (24h matched),9,2026.0,test,7,0.7,0.8,3,0.7333333333333334,0.0
Quantile LightGBM (24h matched),9,2026.0,test,8,0.8,0.9,0,,
Quantile LightGBM (24h matched),9,2026.0,test,9,0.9,1.0,0,,
Hurdle Quantile LightGBM (24h matched),9,2026.0,validation,0,0.0,0.1,1877,0.038857627345266245,0.02930207778369739
Hurdle Quantile LightGBM (24h matched),9,2026.0,validation,1,0.1,0.2,639,0.14398080064519897,0.19092331768388107
Hurdle Quantile LightGBM (24h matched),9,2026.0,validation,2,0.2,0.3,512,0.25027666059848386,0.359375
Hurdle Quantile LightGBM (24h matched),9,2026.0,validation,3,0.3,0.4,529,0.35133273274528787,0.47448015122873344
Hurdle Quantile LightGBM (24h matched),9,2026.0,validation,4,0.4,0.5,461,0.44440868248188536,0.48590021691973967
Hurdle Quantile LightGBM (24h matched),9,2026.0,validation,5,0.5,0.6,167,0.543307260917332,0.5688622754491018
Hurdle Quantile LightGBM (24h matched),9,2026.0,validation,6,0.6,0.7,53,0.6450645793334585,0.49056603773584906
Hurdle Quantile LightGBM (24h matched),9,2026.0,validation,7,0.7,0.8,3,0.7389329041730193,0.6666666666666666
Hurdle Quantile LightGBM (24h matched),9,2026.0,validation,8,0.8,0.9,0,,
Hurdle Quantile LightGBM (24h matched),9,2026.0,validation,9,0.9,1.0,0,,
Hurdle Quantile LightGBM (24h matched),9,2026.0,test,0,0.0,0.1,3960,0.04253256529980037,0.038131313131313134
Hurdle Quantile LightGBM (24h matched),9,2026.0,test,1,0.1,0.2,1691,0.14531856402838997,0.15198107628622118
Hurdle Quantile LightGBM (24h matched),9,2026.0,test,2,0.2,0.3,1188,0.24826956245597248,0.24915824915824916
Hurdle Quantile LightGBM (24h matched),9,2026.0,test,3,0.3,0.4,870,0.34728043528349994,0.335632183908046
Hurdle Quantile LightGBM (24h matched),9,2026.0,test,4,0.4,0.5,576,0.44472178522633876,0.4010416666666667
Hurdle Quantile LightGBM (24h matched),9,2026.0,test,5,0.5,0.6,274,0.5418815256142069,0.4343065693430657
Hurdle Quantile LightGBM (24h matched),9,2026.0,test,6,0.6,0.7,134,0.6386447741614099,0.44029850746268656
Hurdle Quantile LightGBM (24h matched),9,2026.0,test,7,0.7,0.8,34,0.7325970855320524,0.5882352941176471
Hurdle Quantile LightGBM (24h matched),9,2026.0,test,8,0.8,0.9,1,0.8254254691252988,1.0
Hurdle Quantile LightGBM (24h matched),9,2026.0,test,9,0.9,1.0,0,,
EMFN (Proposed),12,2026.0,validation,0,0.0,0.1,1790,0.026792806786531842,0.043016759776536316
EMFN (Proposed),12,2026.0,validation,1,0.1,0.2,407,0.1441213465146995,0.08845208845208845
EMFN (Proposed),12,2026.0,validation,2,0.2,0.3,424,0.25381499557000287,0.2641509433962264
EMFN (Proposed),12,2026.0,validation,3,0.3,0.4,704,0.3541494770483537,0.3849431818181818
EMFN (Proposed),12,2026.0,validation,4,0.4,0.5,712,0.4414626986123203,0.5126404494382022
EMFN (Proposed),12,2026.0,validation,5,0.5,0.6,191,0.5357518511292823,0.5026178010471204
EMFN (Proposed),12,2026.0,validation,6,0.6,0.7,10,0.6211886435747147,0.4
EMFN (Proposed),12,2026.0,validation,7,0.7,0.8,0,,
EMFN (Proposed),12,2026.0,validation,8,0.8,0.9,0,,
EMFN (Proposed),12,2026.0,validation,9,0.9,1.0,0,,
EMFN (Proposed),12,2026.0,test,0,0.0,0.1,3462,0.03628844706258768,0.05314846909300982
EMFN (Proposed),12,2026.0,test,1,0.1,0.2,1399,0.14504530912982813,0.13366690493209435
EMFN (Proposed),12,2026.0,test,2,0.2,0.3,1159,0.2504542547119806,0.14667817083692838
EMFN (Proposed),12,2026.0,test,3,0.3,0.4,1280,0.34869644516147674,0.2703125
EMFN (Proposed),12,2026.0,test,4,0.4,0.5,1056,0.44611662281959347,0.3702651515151515
EMFN (Proposed),12,2026.0,test,5,0.5,0.6,363,0.5364023639150888,0.3939393939393939
EMFN (Proposed),12,2026.0,test,6,0.6,0.7,6,0.615793819228808,0.8333333333333334
EMFN (Proposed),12,2026.0,test,7,0.7,0.8,0,,
EMFN (Proposed),12,2026.0,test,8,0.8,0.9,0,,
EMFN (Proposed),12,2026.0,test,9,0.9,1.0,0,,
Quantile LightGBM (24h matched),12,2026.0,validation,0,0.0,0.1,1885,0.02254111405835544,0.05570291777188329
Quantile LightGBM (24h matched),12,2026.0,validation,1,0.1,0.2,1573,0.12444373808010172,0.30705657978385253
Quantile LightGBM (24h matched),12,2026.0,validation,2,0.2,0.3,531,0.21760828625235404,0.4519774011299435
Quantile LightGBM (24h matched),12,2026.0,validation,3,0.3,0.4,167,0.3206586826347306,0.5748502994011976
Quantile LightGBM (24h matched),12,2026.0,validation,4,0.4,0.5,58,0.4112068965517241,0.4482758620689655
Quantile LightGBM (24h matched),12,2026.0,validation,5,0.5,0.6,18,0.5194444444444445,0.5
Quantile LightGBM (24h matched),12,2026.0,validation,6,0.6,0.7,5,0.63,0.2
Quantile LightGBM (24h matched),12,2026.0,validation,7,0.7,0.8,1,0.7,1.0
Quantile LightGBM (24h matched),12,2026.0,validation,8,0.8,0.9,0,,
Quantile LightGBM (24h matched),12,2026.0,validation,9,0.9,1.0,0,,
Quantile LightGBM (24h matched),12,2026.0,test,0,0.0,0.1,3695,0.023196211096075777,0.058457374830852504
Quantile LightGBM (24h matched),12,2026.0,test,1,0.1,0.2,3910,0.11900255754475704,0.20127877237851663
Quantile LightGBM (24h matched),12,2026.0,test,2,0.2,0.3,801,0.21853932584269664,0.3682896379525593
Quantile LightGBM (24h matched),12,2026.0,test,3,0.3,0.4,216,0.3168981481481481,0.4074074074074074
Quantile LightGBM (24h matched),12,2026.0,test,4,0.4,0.5,73,0.42397260273972603,0.3972602739726027
Quantile LightGBM (24h matched),12,2026.0,test,5,0.5,0.6,23,0.5152173913043478,0.391304347826087
Quantile LightGBM (24h matched),12,2026.0,test,6,0.6,0.7,6,0.6416666666666667,0.16666666666666666
Quantile LightGBM (24h matched),12,2026.0,test,7,0.7,0.8,1,0.7,1.0
Quantile LightGBM (24h matched),12,2026.0,test,8,0.8,0.9,0,,
Quantile LightGBM (24h matched),12,2026.0,test,9,0.9,1.0,0,,
Hurdle Quantile LightGBM (24h matched),12,2026.0,validation,0,0.0,0.1,1724,0.04438042909137628,0.03480278422273782
Hurdle Quantile LightGBM (24h matched),12,2026.0,validation,1,0.1,0.2,767,0.14825591657383097,0.19426336375488917
Hurdle Quantile LightGBM (24h matched),12,2026.0,validation,2,0.2,0.3,596,0.24814354346875628,0.3389261744966443
Hurdle Quantile LightGBM (24h matched),12,2026.0,validation,3,0.3,0.4,534,0.3483529094637774,0.4438202247191011
Hurdle Quantile LightGBM (24h matched),12,2026.0,validation,4,0.4,0.5,440,0.44277538500405095,0.509090909090909
Hurdle Quantile LightGBM (24h matched),12,2026.0,validation,5,0.5,0.6,143,0.5397315681878897,0.46853146853146854
Hurdle Quantile LightGBM (24h matched),12,2026.0,validation,6,0.6,0.7,30,0.6368073380272639,0.6333333333333333
Hurdle Quantile LightGBM (24h matched),12,2026.0,validation,7,0.7,0.8,4,0.7418702877240715,0.75
Hurdle Quantile LightGBM (24h matched),12,2026.0,validation,8,0.8,0.9,0,,
Hurdle Quantile LightGBM (24h matched),12,2026.0,validation,9,0.9,1.0,0,,
Hurdle Quantile LightGBM (24h matched),12,2026.0,test,0,0.0,0.1,3611,0.04955209195217704,0.047078371642204374
Hurdle Quantile LightGBM (24h matched),12,2026.0,test,1,0.1,0.2,2101,0.1444605948483418,0.14802475011899097
Hurdle Quantile LightGBM (24h matched),12,2026.0,test,2,0.2,0.3,1331,0.24712320258138737,0.24117205108940645
Hurdle Quantile LightGBM (24h matched),12,2026.0,test,3,0.3,0.4,848,0.3445105383117545,0.3384433962264151
Hurdle Quantile LightGBM (24h matched),12,2026.0,test,4,0.4,0.5,465,0.446114832563915,0.38924731182795697
Hurdle Quantile LightGBM (24h matched),12,2026.0,test,5,0.5,0.6,274,0.5426614104497298,0.4197080291970803
Hurdle Quantile LightGBM (24h matched),12,2026.0,test,6,0.6,0.7,75,0.6386284846651655,0.44
Hurdle Quantile LightGBM (24h matched),12,2026.0,test,7,0.7,0.8,18,0.7339724469148567,0.3888888888888889
Hurdle Quantile LightGBM (24h matched),12,2026.0,test,8,0.8,0.9,2,0.8164809625249143,0.5
Hurdle Quantile LightGBM (24h matched),12,2026.0,test,9,0.9,1.0,0,,
EMFN (Proposed),24,2026.0,validation,0,0.0,0.1,1234,0.05075704969308751,0.04376012965964344
EMFN (Proposed),24,2026.0,validation,1,0.1,0.2,516,0.14486075256221978,0.1182170542635659
EMFN (Proposed),24,2026.0,validation,2,0.2,0.3,1287,0.26336020379448083,0.3209013209013209
EMFN (Proposed),24,2026.0,validation,3,0.3,0.4,1026,0.33779170394640917,0.36744639376218324
EMFN (Proposed),24,2026.0,validation,4,0.4,0.5,163,0.4180707971742548,0.3006134969325153
EMFN (Proposed),24,2026.0,validation,5,0.5,0.6,0,,
EMFN (Proposed),24,2026.0,validation,6,0.6,0.7,0,,
EMFN (Proposed),24,2026.0,validation,7,0.7,0.8,0,,
EMFN (Proposed),24,2026.0,validation,8,0.8,0.9,0,,
EMFN (Proposed),24,2026.0,validation,9,0.9,1.0,0,,
EMFN (Proposed),24,2026.0,test,0,0.0,0.1,2723,0.056585198765592544,0.08189496878442894
EMFN (Proposed),24,2026.0,test,1,0.1,0.2,1614,0.147430414677848,0.12391573729863693
EMFN (Proposed),24,2026.0,test,2,0.2,0.3,2588,0.2561059480610734,0.21522411128284388
EMFN (Proposed),24,2026.0,test,3,0.3,0.4,1668,0.3357523072609227,0.25539568345323743
EMFN (Proposed),24,2026.0,test,4,0.4,0.5,120,0.4256100689371427,0.16666666666666666
EMFN (Proposed),24,2026.0,test,5,0.5,0.6,0,,
EMFN (Proposed),24,2026.0,test,6,0.6,0.7,0,,
EMFN (Proposed),24,2026.0,test,7,0.7,0.8,0,,
EMFN (Proposed),24,2026.0,test,8,0.8,0.9,0,,
EMFN (Proposed),24,2026.0,test,9,0.9,1.0,0,,
Quantile LightGBM (24h matched),24,2026.0,validation,0,0.0,0.1,2076,0.05,0.10741811175337188
Quantile LightGBM (24h matched),24,2026.0,validation,1,0.1,0.2,1832,0.1314956331877729,0.33024017467248906
Quantile LightGBM (24h matched),24,2026.0,validation,2,0.2,0.3,277,0.21209386281588447,0.4043321299638989
Quantile LightGBM (24h matched),24,2026.0,validation,3,0.3,0.4,30,0.3166666666666667,0.3333333333333333
Quantile LightGBM (24h matched),24,2026.0,validation,4,0.4,0.5,7,0.4071428571428571,0.5714285714285714
Quantile LightGBM (24h matched),24,2026.0,validation,5,0.5,0.6,2,0.525,0.0
Quantile LightGBM (24h matched),24,2026.0,validation,6,0.6,0.7,2,0.6,0.0
Quantile LightGBM (24h matched),24,2026.0,validation,7,0.7,0.8,0,,
Quantile LightGBM (24h matched),24,2026.0,validation,8,0.8,0.9,0,,
Quantile LightGBM (24h matched),24,2026.0,validation,9,0.9,1.0,0,,
Quantile LightGBM (24h matched),24,2026.0,test,0,0.0,0.1,4667,0.049999999999999996,0.12449110777801585
Quantile LightGBM (24h matched),24,2026.0,test,1,0.1,0.2,3587,0.12557847783663229,0.19877334820183998
Quantile LightGBM (24h matched),24,2026.0,test,2,0.2,0.3,403,0.2122828784119107,0.29528535980148884
Quantile LightGBM (24h matched),24,2026.0,test,3,0.3,0.4,44,0.3159090909090909,0.18181818181818182
Quantile LightGBM (24h matched),24,2026.0,test,4,0.4,0.5,11,0.4136363636363637,0.45454545454545453
Quantile LightGBM (24h matched),24,2026.0,test,5,0.5,0.6,1,0.5,0.0
Quantile LightGBM (24h matched),24,2026.0,test,6,0.6,0.7,0,,
Quantile LightGBM (24h matched),24,2026.0,test,7,0.7,0.8,0,,
Quantile LightGBM (24h matched),24,2026.0,test,8,0.8,0.9,0,,
Quantile LightGBM (24h matched),24,2026.0,test,9,0.9,1.0,0,,
Hurdle Quantile LightGBM (24h matched),24,2026.0,validation,0,0.0,0.1,1192,0.06812397912745255,0.050335570469798654
Hurdle Quantile LightGBM (24h matched),24,2026.0,validation,1,0.1,0.2,1045,0.14895731513833493,0.184688995215311
Hurdle Quantile LightGBM (24h matched),24,2026.0,validation,2,0.2,0.3,1251,0.24894039687804473,0.3405275779376499
Hurdle Quantile LightGBM (24h matched),24,2026.0,validation,3,0.3,0.4,656,0.33511688051018895,0.36128048780487804
Hurdle Quantile LightGBM (24h matched),24,2026.0,validation,4,0.4,0.5,72,0.43142524759321965,0.4166666666666667
Hurdle Quantile LightGBM (24h matched),24,2026.0,validation,5,0.5,0.6,8,0.5265699752697157,0.75
Hurdle Quantile LightGBM (24h matched),24,2026.0,validation,6,0.6,0.7,2,0.6462878378406752,1.0
Hurdle Quantile LightGBM (24h matched),24,2026.0,validation,7,0.7,0.8,0,,
Hurdle Quantile LightGBM (24h matched),24,2026.0,validation,8,0.8,0.9,0,,
Hurdle Quantile LightGBM (24h matched),24,2026.0,validation,9,0.9,1.0,0,,
Hurdle Quantile LightGBM (24h matched),24,2026.0,test,0,0.0,0.1,2501,0.06997551406385134,0.07676929228308677
Hurdle Quantile LightGBM (24h matched),24,2026.0,test,1,0.1,0.2,3055,0.1447683912215196,0.15515548281505728
Hurdle Quantile LightGBM (24h matched),24,2026.0,test,2,0.2,0.3,2053,0.24632305899532042,0.21480759863614224
Hurdle Quantile LightGBM (24h matched),24,2026.0,test,3,0.3,0.4,935,0.3376033996827301,0.293048128342246
Hurdle Quantile LightGBM (24h matched),24,2026.0,test,4,0.4,0.5,146,0.4345575934296572,0.2876712328767123
Hurdle Quantile LightGBM (24h matched),24,2026.0,test,5,0.5,0.6,21,0.5286559074780528,0.14285714285714285
Hurdle Quantile LightGBM (24h matched),24,2026.0,test,6,0.6,0.7,2,0.6079451143362261,0.0
Hurdle Quantile LightGBM (24h matched),24,2026.0,test,7,0.7,0.8,0,,
Hurdle Quantile LightGBM (24h matched),24,2026.0,test,8,0.8,0.9,0,,
Hurdle Quantile LightGBM (24h matched),24,2026.0,test,9,0.9,1.0,0,,
EMFN (Proposed),1,3407.0,validation,0,0.0,0.1,2767,0.006386880522218904,0.016263100831225154
EMFN (Proposed),1,3407.0,validation,1,0.1,0.2,143,0.14308178925014042,0.17482517482517482
EMFN (Proposed),1,3407.0,validation,2,0.2,0.3,104,0.24974377797200129,0.27884615384615385
EMFN (Proposed),1,3407.0,validation,3,0.3,0.4,86,0.35647093348724895,0.3488372093023256
EMFN (Proposed),1,3407.0,validation,4,0.4,0.5,106,0.44922679494012074,0.41509433962264153
EMFN (Proposed),1,3407.0,validation,5,0.5,0.6,122,0.5560657235442615,0.5819672131147541
EMFN (Proposed),1,3407.0,validation,6,0.6,0.7,163,0.6533628195707052,0.5705521472392638
EMFN (Proposed),1,3407.0,validation,7,0.7,0.8,212,0.7517332043850197,0.7075471698113207
EMFN (Proposed),1,3407.0,validation,8,0.8,0.9,338,0.853421426185313,0.8195266272189349
EMFN (Proposed),1,3407.0,validation,9,0.9,1.0,208,0.9283978693151417,0.9134615384615384
EMFN (Proposed),1,3407.0,test,0,0.0,0.1,5958,0.007281680921853569,0.01779120510238335
EMFN (Proposed),1,3407.0,test,1,0.1,0.2,382,0.14321130202078694,0.14397905759162305
EMFN (Proposed),1,3407.0,test,2,0.2,0.3,292,0.2450621630230995,0.15753424657534246
EMFN (Proposed),1,3407.0,test,3,0.3,0.4,212,0.34964250309287376,0.20754716981132076
EMFN (Proposed),1,3407.0,test,4,0.4,0.5,228,0.4515340255017866,0.2543859649122807
EMFN (Proposed),1,3407.0,test,5,0.5,0.6,248,0.5514014517107317,0.39919354838709675
EMFN (Proposed),1,3407.0,test,6,0.6,0.7,296,0.6502942150911769,0.5135135135135135
EMFN (Proposed),1,3407.0,test,7,0.7,0.8,332,0.7508558359401054,0.7018072289156626
EMFN (Proposed),1,3407.0,test,8,0.8,0.9,457,0.8547564403722532,0.75054704595186
EMFN (Proposed),1,3407.0,test,9,0.9,1.0,331,0.9323309643019633,0.8761329305135952
Quantile LightGBM (24h matched),1,3407.0,validation,0,0.0,0.1,2916,0.0026646090534979427,0.0205761316872428
Quantile LightGBM (24h matched),1,3407.0,validation,1,0.1,0.2,865,0.14612716763005779,0.6473988439306358
Quantile LightGBM (24h matched),1,3407.0,validation,2,0.2,0.3,345,0.21333333333333335,0.7420289855072464
Quantile LightGBM (24h matched),1,3407.0,validation,3,0.3,0.4,84,0.31428571428571433,0.6547619047619048
Quantile LightGBM (24h matched),1,3407.0,validation,4,0.4,0.5,33,0.4151515151515151,0.6666666666666666
Quantile LightGBM (24h matched),1,3407.0,validation,5,0.5,0.6,6,0.5166666666666667,0.16666666666666666
Quantile LightGBM (24h matched),1,3407.0,validation,6,0.6,0.7,0,,
Quantile LightGBM (24h matched),1,3407.0,validation,7,0.7,0.8,0,,
Quantile LightGBM (24h matched),1,3407.0,validation,8,0.8,0.9,0,,
Quantile LightGBM (24h matched),1,3407.0,validation,9,0.9,1.0,0,,
Quantile LightGBM (24h matched),1,3407.0,test,0,0.0,0.1,6614,0.0038085878439673418,0.0211672210462655
Quantile LightGBM (24h matched),1,3407.0,test,1,0.1,0.2,1372,0.14456997084548104,0.5911078717201166
Quantile LightGBM (24h matched),1,3407.0,test,2,0.2,0.3,553,0.21410488245931283,0.6817359855334539
Quantile LightGBM (24h matched),1,3407.0,test,3,0.3,0.4,135,0.32222222222222224,0.5185185185185185
Quantile LightGBM (24h matched),1,3407.0,test,4,0.4,0.5,49,0.41530612244897963,0.4489795918367347
Quantile LightGBM (24h matched),1,3407.0,test,5,0.5,0.6,8,0.53125,0.5
Quantile LightGBM (24h matched),1,3407.0,test,6,0.6,0.7,4,0.625,0.25
Quantile LightGBM (24h matched),1,3407.0,test,7,0.7,0.8,1,0.7,1.0
Quantile LightGBM (24h matched),1,3407.0,test,8,0.8,0.9,0,,
Quantile LightGBM (24h matched),1,3407.0,test,9,0.9,1.0,0,,
Hurdle Quantile LightGBM (24h matched),1,3407.0,validation,0,0.0,0.1,2698,0.010438044923603148,0.005930318754633061
Hurdle Quantile LightGBM (24h matched),1,3407.0,validation,1,0.1,0.2,190,0.14628541846397514,0.13157894736842105
Hurdle Quantile LightGBM (24h matched),1,3407.0,validation,2,0.2,0.3,122,0.25050717271343864,0.30327868852459017
Hurdle Quantile LightGBM (24h matched),1,3407.0,validation,3,0.3,0.4,102,0.34870159306838333,0.4215686274509804
Hurdle Quantile LightGBM (24h matched),1,3407.0,validation,4,0.4,0.5,128,0.4471568851881449,0.46875
Hurdle Quantile LightGBM (24h matched),1,3407.0,validation,5,0.5,0.6,128,0.5525036223525734,0.5546875
Hurdle Quantile LightGBM (24h matched),1,3407.0,validation,6,0.6,0.7,190,0.6511567068816324,0.6789473684210526
Hurdle Quantile LightGBM (24h matched),1,3407.0,validation,7,0.7,0.8,290,0.751317867107365,0.7758620689655172
Hurdle Quantile LightGBM (24h matched),1,3407.0,validation,8,0.8,0.9,363,0.8434952935178883,0.8677685950413223
Hurdle Quantile LightGBM (24h matched),1,3407.0,validation,9,0.9,1.0,38,0.9197843408621151,0.868421052631579
Hurdle Quantile LightGBM (24h matched),1,3407.0,test,0,0.0,0.1,5899,0.012664070676674377,0.007458891337514833
Hurdle Quantile LightGBM (24h matched),1,3407.0,test,1,0.1,0.2,510,0.14668325931471454,0.11764705882352941
Hurdle Quantile LightGBM (24h matched),1,3407.0,test,2,0.2,0.3,297,0.2468230785035199,0.23905723905723905
Hurdle Quantile LightGBM (24h matched),1,3407.0,test,3,0.3,0.4,230,0.3478316199796308,0.28695652173913044
Hurdle Quantile LightGBM (24h matched),1,3407.0,test,4,0.4,0.5,197,0.4520103414113609,0.4010152284263959
Hurdle Quantile LightGBM (24h matched),1,3407.0,test,5,0.5,0.6,233,0.5498687808313856,0.43776824034334766
Hurdle Quantile LightGBM (24h matched),1,3407.0,test,6,0.6,0.7,355,0.6532281768939785,0.5915492957746479
Hurdle Quantile LightGBM (24h matched),1,3407.0,test,7,0.7,0.8,422,0.7515723788216837,0.7085308056872038
Hurdle Quantile LightGBM (24h matched),1,3407.0,test,8,0.8,0.9,476,0.8502890955506307,0.8298319327731093
Hurdle Quantile LightGBM (24h matched),1,3407.0,test,9,0.9,1.0,117,0.9186029961414802,0.8547008547008547
EMFN (Proposed),3,3407.0,validation,0,0.0,0.1,2464,0.01124228938639938,0.018668831168831168
EMFN (Proposed),3,3407.0,validation,1,0.1,0.2,238,0.14508054662151498,0.23109243697478993
EMFN (Proposed),3,3407.0,validation,2,0.2,0.3,244,0.25239473410317154,0.36885245901639346
EMFN (Proposed),3,3407.0,validation,3,0.3,0.4,247,0.353766214751039,0.39271255060728744
EMFN (Proposed),3,3407.0,validation,4,0.4,0.5,297,0.4546224759885358,0.494949494949495
EMFN (Proposed),3,3407.0,validation,5,0.5,0.6,297,0.5485156138336619,0.6262626262626263
EMFN (Proposed),3,3407.0,validation,6,0.6,0.7,243,0.6494701541500327,0.7037037037037037
EMFN (Proposed),3,3407.0,validation,7,0.7,0.8,166,0.7471976077341171,0.7650602409638554
EMFN (Proposed),3,3407.0,validation,8,0.8,0.9,51,0.8322822023548332,0.7254901960784313
EMFN (Proposed),3,3407.0,validation,9,0.9,1.0,0,,
EMFN (Proposed),3,3407.0,test,0,0.0,0.1,5074,0.017387013901487596,0.02148206543161214
EMFN (Proposed),3,3407.0,test,1,0.1,0.2,766,0.1478338294489888,0.1370757180156658
EMFN (Proposed),3,3407.0,test,2,0.2,0.3,631,0.24971457347628054,0.20285261489698891
EMFN (Proposed),3,3407.0,test,3,0.3,0.4,594,0.3481087862241148,0.2845117845117845
EMFN (Proposed),3,3407.0,test,4,0.4,0.5,521,0.45032673456389705,0.42994241842610365
EMFN (Proposed),3,3407.0,test,5,0.5,0.6,446,0.5498911771138153,0.515695067264574
EMFN (Proposed),3,3407.0,test,6,0.6,0.7,354,0.6475328919240984,0.6299435028248588
EMFN (Proposed),3,3407.0,test,7,0.7,0.8,261,0.7442578601426092,0.6590038314176245
EMFN (Proposed),3,3407.0,test,8,0.8,0.9,86,0.8343270618555158,0.7558139534883721
EMFN (Proposed),3,3407.0,test,9,0.9,1.0,1,0.9073951989412308,1.0
Quantile LightGBM (24h matched),3,3407.0,validation,0,0.0,0.1,2660,0.013969924812030073,0.034210526315789476
Quantile LightGBM (24h matched),3,3407.0,validation,1,0.1,0.2,906,0.1386865342163355,0.4977924944812362
Quantile LightGBM (24h matched),3,3407.0,validation,2,0.2,0.3,453,0.21699779249448126,0.6136865342163356
Quantile LightGBM (24h matched),3,3407.0,validation,3,0.3,0.4,152,0.3194078947368421,0.6381578947368421
Quantile LightGBM (24h matched),3,3407.0,validation,4,0.4,0.5,57,0.41754385964912283,0.5614035087719298
Quantile LightGBM (24h matched),3,3407.0,validation,5,0.5,0.6,11,0.5227272727272727,0.36363636363636365
Quantile LightGBM (24h matched),3,3407.0,validation,6,0.6,0.7,6,0.6166666666666667,0.5
Quantile LightGBM (24h matched),3,3407.0,validation,7,0.7,0.8,0,,
Quantile LightGBM (24h matched),3,3407.0,validation,8,0.8,0.9,2,0.8,0.0
Quantile LightGBM (24h matched),3,3407.0,validation,9,0.9,1.0,0,,
Quantile LightGBM (24h matched),3,3407.0,test,0,0.0,0.1,5790,0.015803108808290157,0.03195164075993091
Quantile LightGBM (24h matched),3,3407.0,test,1,0.1,0.2,1952,0.13363217213114756,0.36475409836065575
Quantile LightGBM (24h matched),3,3407.0,test,2,0.2,0.3,668,0.2175149700598802,0.5344311377245509
Quantile LightGBM (24h matched),3,3407.0,test,3,0.3,0.4,215,0.3195348837209302,0.5534883720930233
Quantile LightGBM (24h matched),3,3407.0,test,4,0.4,0.5,81,0.4148148148148149,0.5308641975308642
Quantile LightGBM (24h matched),3,3407.0,test,5,0.5,0.6,18,0.5194444444444445,0.5
Quantile LightGBM (24h matched),3,3407.0,test,6,0.6,0.7,9,0.6222222222222222,0.1111111111111111
Quantile LightGBM (24h matched),3,3407.0,test,7,0.7,0.8,0,,
Quantile LightGBM (24h matched),3,3407.0,test,8,0.8,0.9,1,0.85,0.0
Quantile LightGBM (24h matched),3,3407.0,test,9,0.9,1.0,0,,
Hurdle Quantile LightGBM (24h matched),3,3407.0,validation,0,0.0,0.1,2376,0.024370839107005587,0.017255892255892257
Hurdle Quantile LightGBM (24h matched),3,3407.0,validation,1,0.1,0.2,316,0.14480548565146695,0.18354430379746836
Hurdle Quantile LightGBM (24h matched),3,3407.0,validation,2,0.2,0.3,230,0.2483333308285744,0.33043478260869563
Hurdle Quantile LightGBM (24h matched),3,3407.0,validation,3,0.3,0.4,254,0.3465057481878122,0.468503937007874
Hurdle Quantile LightGBM (24h matched),3,3407.0,validation,4,0.4,0.5,311,0.4506352429422009,0.5401929260450161
Hurdle Quantile LightGBM (24h matched),3,3407.0,validation,5,0.5,0.6,313,0.5509685128850166,0.6006389776357828
Hurdle Quantile LightGBM (24h matched),3,3407.0,validation,6,0.6,0.7,287,0.6497571415250026,0.6585365853658537
Hurdle Quantile LightGBM (24h matched),3,3407.0,validation,7,0.7,0.8,142,0.7354363442217293,0.7394366197183099
Hurdle Quantile LightGBM (24h matched),3,3407.0,validation,8,0.8,0.9,18,0.8226179159014795,0.6666666666666666
Hurdle Quantile LightGBM (24h matched),3,3407.0,validation,9,0.9,1.0,0,,
Hurdle Quantile LightGBM (24h matched),3,3407.0,test,0,0.0,0.1,5027,0.02682231015882702,0.01949472846628208
Hurdle Quantile LightGBM (24h matched),3,3407.0,test,1,0.1,0.2,895,0.14405862369004674,0.12849162011173185
Hurdle Quantile LightGBM (24h matched),3,3407.0,test,2,0.2,0.3,630,0.24788311406964025,0.23333333333333334
Hurdle Quantile LightGBM (24h matched),3,3407.0,test,3,0.3,0.4,540,0.34867365160919395,0.30185185185185187
Hurdle Quantile LightGBM (24h matched),3,3407.0,test,4,0.4,0.5,498,0.4489325778008697,0.43172690763052207
Hurdle Quantile LightGBM (24h matched),3,3407.0,test,5,0.5,0.6,449,0.54793504566139,0.5211581291759465
Hurdle Quantile LightGBM (24h matched),3,3407.0,test,6,0.6,0.7,373,0.6481182028855608,0.646112600536193
Hurdle Quantile LightGBM (24h matched),3,3407.0,test,7,0.7,0.8,265,0.7443675108575223,0.6830188679245283
Hurdle Quantile LightGBM (24h matched),3,3407.0,test,8,0.8,0.9,57,0.8222233543015774,0.5614035087719298
Hurdle Quantile LightGBM (24h matched),3,3407.0,test,9,0.9,1.0,0,,
EMFN (Proposed),6,3407.0,validation,0,0.0,0.1,1958,0.023054766247050877,0.01787538304392237
EMFN (Proposed),6,3407.0,validation,1,0.1,0.2,369,0.14487334302447352,0.0921409214092141
EMFN (Proposed),6,3407.0,validation,2,0.2,0.3,255,0.24573275832568897,0.20784313725490197
EMFN (Proposed),6,3407.0,validation,3,0.3,0.4,422,0.35884848872632213,0.38388625592417064
EMFN (Proposed),6,3407.0,validation,4,0.4,0.5,675,0.4496183869573805,0.4874074074074074
EMFN (Proposed),6,3407.0,validation,5,0.5,0.6,354,0.5413183474776435,0.6101694915254238
EMFN (Proposed),6,3407.0,validation,6,0.6,0.7,160,0.6438633188605308,0.59375
EMFN (Proposed),6,3407.0,validation,7,0.7,0.8,43,0.746034313773,0.6511627906976745
EMFN (Proposed),6,3407.0,validation,8,0.8,0.9,8,0.8202079832553864,0.5
EMFN (Proposed),6,3407.0,validation,9,0.9,1.0,0,,
EMFN (Proposed),6,3407.0,test,0,0.0,0.1,3667,0.030443900704936497,0.020179983637851104
EMFN (Proposed),6,3407.0,test,1,0.1,0.2,1136,0.14776781773273373,0.10915492957746478
EMFN (Proposed),6,3407.0,test,2,0.2,0.3,949,0.24994107820211398,0.16227608008429925
EMFN (Proposed),6,3407.0,test,3,0.3,0.4,1000,0.35151426088809967,0.238
EMFN (Proposed),6,3407.0,test,4,0.4,0.5,1091,0.4474991558889639,0.3712190650779102
EMFN (Proposed),6,3407.0,test,5,0.5,0.6,610,0.5400070226094762,0.46229508196721314
EMFN (Proposed),6,3407.0,test,6,0.6,0.7,208,0.6408846084601604,0.5288461538461539
EMFN (Proposed),6,3407.0,test,7,0.7,0.8,58,0.7348924942057709,0.5344827586206896
EMFN (Proposed),6,3407.0,test,8,0.8,0.9,12,0.8250357173383236,0.6666666666666666
EMFN (Proposed),6,3407.0,test,9,0.9,1.0,0,,
Quantile LightGBM (24h matched),6,3407.0,validation,0,0.0,0.1,2394,0.015213032581453635,0.03132832080200501
Quantile LightGBM (24h matched),6,3407.0,validation,1,0.1,0.2,1085,0.13608294930875575,0.42672811059907834
Quantile LightGBM (24h matched),6,3407.0,validation,2,0.2,0.3,451,0.2182926829268293,0.549889135254989
Quantile LightGBM (24h matched),6,3407.0,validation,3,0.3,0.4,192,0.32265625,0.5625
Quantile LightGBM (24h matched),6,3407.0,validation,4,0.4,0.5,70,0.42071428571428565,0.5428571428571428
Quantile LightGBM (24h matched),6,3407.0,validation,5,0.5,0.6,33,0.5227272727272727,0.36363636363636365
Quantile LightGBM (24h matched),6,3407.0,validation,6,0.6,0.7,12,0.6166666666666666,0.5833333333333334
Quantile LightGBM (24h matched),6,3407.0,validation,7,0.7,0.8,6,0.75,0.6666666666666666
Quantile LightGBM (24h matched),6,3407.0,validation,8,0.8,0.9,1,0.8,1.0
Quantile LightGBM (24h matched),6,3407.0,validation,9,0.9,1.0,0,,
Quantile LightGBM (24h matched),6,3407.0,test,0,0.0,0.1,5025,0.016208955223880602,0.04059701492537313
Quantile LightGBM (24h matched),6,3407.0,test,1,0.1,0.2,2438,0.12928630024610335,0.2723543888433142
Quantile LightGBM (24h matched),6,3407.0,test,2,0.2,0.3,805,0.2179503105590062,0.39627329192546584
Quantile LightGBM (24h matched),6,3407.0,test,3,0.3,0.4,285,0.3191228070175438,0.5403508771929825
Quantile LightGBM (24h matched),6,3407.0,test,4,0.4,0.5,103,0.4194174757281554,0.5242718446601942
Quantile LightGBM (24h matched),6,3407.0,test,5,0.5,0.6,51,0.5196078431372549,0.4117647058823529
Quantile LightGBM (24h matched),6,3407.0,test,6,0.6,0.7,20,0.6125,0.5
Quantile LightGBM (24h matched),6,3407.0,test,7,0.7,0.8,4,0.7124999999999999,0.0
Quantile LightGBM (24h matched),6,3407.0,test,8,0.8,0.9,0,,
Quantile LightGBM (24h matched),6,3407.0,test,9,0.9,1.0,0,,
Hurdle Quantile LightGBM (24h matched),6,3407.0,validation,0,0.0,0.1,2100,0.03278102344865909,0.022857142857142857
Hurdle Quantile LightGBM (24h matched),6,3407.0,validation,1,0.1,0.2,489,0.14703099841516729,0.1738241308793456
Hurdle Quantile LightGBM (24h matched),6,3407.0,validation,2,0.2,0.3,339,0.25040049325184016,0.3421828908554572
Hurdle Quantile LightGBM (24h matched),6,3407.0,validation,3,0.3,0.4,428,0.35302520938884213,0.4742990654205608
Hurdle Quantile LightGBM (24h matched),6,3407.0,validation,4,0.4,0.5,443,0.446924488489972,0.5553047404063205
Hurdle Quantile LightGBM (24h matched),6,3407.0,validation,5,0.5,0.6,310,0.5442600939099137,0.5838709677419355
Hurdle Quantile LightGBM (24h matched),6,3407.0,validation,6,0.6,0.7,121,0.6405470737464951,0.5619834710743802
Hurdle Quantile LightGBM (24h matched),6,3407.0,validation,7,0.7,0.8,13,0.7226342718620048,0.6153846153846154
Hurdle Quantile LightGBM (24h matched),6,3407.0,validation,8,0.8,0.9,1,0.836085590966847,1.0
Hurdle Quantile LightGBM (24h matched),6,3407.0,validation,9,0.9,1.0,0,,
Hurdle Quantile LightGBM (24h matched),6,3407.0,test,0,0.0,0.1,4417,0.036229863930462916,0.028526148969889066
Hurdle Quantile LightGBM (24h matched),6,3407.0,test,1,0.1,0.2,1317,0.14625786181773356,0.1427486712224753
Hurdle Quantile LightGBM (24h matched),6,3407.0,test,2,0.2,0.3,909,0.24796668371944283,0.2948294829482948
Hurdle Quantile LightGBM (24h matched),6,3407.0,test,3,0.3,0.4,825,0.34900988324550025,0.30424242424242426
Hurdle Quantile LightGBM (24h matched),6,3407.0,test,4,0.4,0.5,599,0.44696488170154564,0.4357262103505843
Hurdle Quantile LightGBM (24h matched),6,3407.0,test,5,0.5,0.6,395,0.5467819947387147,0.47848101265822784
Hurdle Quantile LightGBM (24h matched),6,3407.0,test,6,0.6,0.7,216,0.638942300862063,0.5370370370370371
Hurdle Quantile LightGBM (24h matched),6,3407.0,test,7,0.7,0.8,53,0.7293680663365143,0.5094339622641509
Hurdle Quantile LightGBM (24h matched),6,3407.0,test,8,0.8,0.9,0,,
Hurdle Quantile LightGBM (24h matched),6,3407.0,test,9,0.9,1.0,0,,
EMFN (Proposed),9,3407.0,validation,0,0.0,0.1,1772,0.029069815276707805,0.028216704288939052
EMFN (Proposed),9,3407.0,validation,1,0.1,0.2,397,0.1453546046910418,0.0982367758186398
EMFN (Proposed),9,3407.0,validation,2,0.2,0.3,385,0.2512475738277683,0.21298701298701297
EMFN (Proposed),9,3407.0,validation,3,0.3,0.4,540,0.35336197438063444,0.3907407407407407
EMFN (Proposed),9,3407.0,validation,4,0.4,0.5,756,0.4455265446157052,0.49206349206349204
EMFN (Proposed),9,3407.0,validation,5,0.5,0.6,263,0.5438196242082255,0.5209125475285171
EMFN (Proposed),9,3407.0,validation,6,0.6,0.7,92,0.6359056004363558,0.5217391304347826
EMFN (Proposed),9,3407.0,validation,7,0.7,0.8,32,0.745441016741097,0.59375
EMFN (Proposed),9,3407.0,validation,8,0.8,0.9,4,0.8140600472688675,0.25
EMFN (Proposed),9,3407.0,validation,9,0.9,1.0,0,,
EMFN (Proposed),9,3407.0,test,0,0.0,0.1,3040,0.035667613815320166,0.03848684210526316
EMFN (Proposed),9,3407.0,test,1,0.1,0.2,1196,0.1484687956280533,0.11622073578595318
EMFN (Proposed),9,3407.0,test,2,0.2,0.3,1312,0.2490990488085805,0.15091463414634146
EMFN (Proposed),9,3407.0,test,3,0.3,0.4,1347,0.34996712283019055,0.25389755011135856
EMFN (Proposed),9,3407.0,test,4,0.4,0.5,1181,0.44497507270567505,0.3285351397121084
EMFN (Proposed),9,3407.0,test,5,0.5,0.6,542,0.5379796477921335,0.36531365313653136
EMFN (Proposed),9,3407.0,test,6,0.6,0.7,95,0.640077124771319,0.4105263157894737
EMFN (Proposed),9,3407.0,test,7,0.7,0.8,14,0.7388861434800285,0.2857142857142857
EMFN (Proposed),9,3407.0,test,8,0.8,0.9,1,0.8281623125076294,1.0
EMFN (Proposed),9,3407.0,test,9,0.9,1.0,0,,
Quantile LightGBM (24h matched),9,3407.0,validation,0,0.0,0.1,2280,0.023701754385964915,0.04692982456140351
Quantile LightGBM (24h matched),9,3407.0,validation,1,0.1,0.2,1189,0.13254835996635828,0.38772077375946173
Quantile LightGBM (24h matched),9,3407.0,validation,2,0.2,0.3,512,0.21826171875000006,0.484375
Quantile LightGBM (24h matched),9,3407.0,validation,3,0.3,0.4,159,0.3229559748427673,0.5283018867924528
Quantile LightGBM (24h matched),9,3407.0,validation,4,0.4,0.5,63,0.42063492063492053,0.5396825396825397
Quantile LightGBM (24h matched),9,3407.0,validation,5,0.5,0.6,28,0.5125,0.6428571428571429
Quantile LightGBM (24h matched),9,3407.0,validation,6,0.6,0.7,7,0.6071428571428571,0.7142857142857143
Quantile LightGBM (24h matched),9,3407.0,validation,7,0.7,0.8,2,0.7,0.5
Quantile LightGBM (24h matched),9,3407.0,validation,8,0.8,0.9,0,,
Quantile LightGBM (24h matched),9,3407.0,validation,9,0.9,1.0,1,0.9,1.0
Quantile LightGBM (24h matched),9,3407.0,test,0,0.0,0.1,4753,0.025299810645907847,0.05238796549547654
Quantile LightGBM (24h matched),9,3407.0,test,1,0.1,0.2,2875,0.1272695652173913,0.2511304347826087
Quantile LightGBM (24h matched),9,3407.0,test,2,0.2,0.3,706,0.21593484419263453,0.40226628895184136
Quantile LightGBM (24h matched),9,3407.0,test,3,0.3,0.4,243,0.3199588477366254,0.42386831275720166
Quantile LightGBM (24h matched),9,3407.0,test,4,0.4,0.5,97,0.4144329896907217,0.422680412371134
Quantile LightGBM (24h matched),9,3407.0,test,5,0.5,0.6,40,0.52,0.45
Quantile LightGBM (24h matched),9,3407.0,test,6,0.6,0.7,11,0.6181818181818182,0.8181818181818182
Quantile LightGBM (24h matched),9,3407.0,test,7,0.7,0.8,3,0.7333333333333334,0.0
Quantile LightGBM (24h matched),9,3407.0,test,8,0.8,0.9,0,,
Quantile LightGBM (24h matched),9,3407.0,test,9,0.9,1.0,0,,
Hurdle Quantile LightGBM (24h matched),9,3407.0,validation,0,0.0,0.1,1877,0.038857627345266245,0.02930207778369739
Hurdle Quantile LightGBM (24h matched),9,3407.0,validation,1,0.1,0.2,639,0.14398080064519897,0.19092331768388107
Hurdle Quantile LightGBM (24h matched),9,3407.0,validation,2,0.2,0.3,512,0.25027666059848386,0.359375
Hurdle Quantile LightGBM (24h matched),9,3407.0,validation,3,0.3,0.4,529,0.35133273274528787,0.47448015122873344
Hurdle Quantile LightGBM (24h matched),9,3407.0,validation,4,0.4,0.5,461,0.44440868248188536,0.48590021691973967
Hurdle Quantile LightGBM (24h matched),9,3407.0,validation,5,0.5,0.6,167,0.543307260917332,0.5688622754491018
Hurdle Quantile LightGBM (24h matched),9,3407.0,validation,6,0.6,0.7,53,0.6450645793334585,0.49056603773584906
Hurdle Quantile LightGBM (24h matched),9,3407.0,validation,7,0.7,0.8,3,0.7389329041730193,0.6666666666666666
Hurdle Quantile LightGBM (24h matched),9,3407.0,validation,8,0.8,0.9,0,,
Hurdle Quantile LightGBM (24h matched),9,3407.0,validation,9,0.9,1.0,0,,
Hurdle Quantile LightGBM (24h matched),9,3407.0,test,0,0.0,0.1,3960,0.04253256529980037,0.038131313131313134
Hurdle Quantile LightGBM (24h matched),9,3407.0,test,1,0.1,0.2,1691,0.14531856402838997,0.15198107628622118
Hurdle Quantile LightGBM (24h matched),9,3407.0,test,2,0.2,0.3,1188,0.24826956245597248,0.24915824915824916
Hurdle Quantile LightGBM (24h matched),9,3407.0,test,3,0.3,0.4,870,0.34728043528349994,0.335632183908046
Hurdle Quantile LightGBM (24h matched),9,3407.0,test,4,0.4,0.5,576,0.44472178522633876,0.4010416666666667
Hurdle Quantile LightGBM (24h matched),9,3407.0,test,5,0.5,0.6,274,0.5418815256142069,0.4343065693430657
Hurdle Quantile LightGBM (24h matched),9,3407.0,test,6,0.6,0.7,134,0.6386447741614099,0.44029850746268656
Hurdle Quantile LightGBM (24h matched),9,3407.0,test,7,0.7,0.8,34,0.7325970855320524,0.5882352941176471
Hurdle Quantile LightGBM (24h matched),9,3407.0,test,8,0.8,0.9,1,0.8254254691252988,1.0
Hurdle Quantile LightGBM (24h matched),9,3407.0,test,9,0.9,1.0,0,,
EMFN (Proposed),12,3407.0,validation,0,0.0,0.1,1722,0.02843170714295284,0.03832752613240418
EMFN (Proposed),12,3407.0,validation,1,0.1,0.2,497,0.14798258116067775,0.11871227364185111
EMFN (Proposed),12,3407.0,validation,2,0.2,0.3,561,0.25409437277737784,0.2976827094474153
EMFN (Proposed),12,3407.0,validation,3,0.3,0.4,761,0.3512399085404525,0.43889618922470436
EMFN (Proposed),12,3407.0,validation,4,0.4,0.5,527,0.4422580296672047,0.49335863377609107
EMFN (Proposed),12,3407.0,validation,5,0.5,0.6,151,0.5422274387435407,0.4503311258278146
EMFN (Proposed),12,3407.0,validation,6,0.6,0.7,19,0.6357332138638747,0.3684210526315789
EMFN (Proposed),12,3407.0,validation,7,0.7,0.8,0,,
EMFN (Proposed),12,3407.0,validation,8,0.8,0.9,0,,
EMFN (Proposed),12,3407.0,validation,9,0.9,1.0,0,,
EMFN (Proposed),12,3407.0,test,0,0.0,0.1,3104,0.03952155367845727,0.05154639175257732
EMFN (Proposed),12,3407.0,test,1,0.1,0.2,1747,0.1477671740869829,0.11276473955352032
EMFN (Proposed),12,3407.0,test,2,0.2,0.3,1505,0.24934903735734298,0.17674418604651163
EMFN (Proposed),12,3407.0,test,3,0.3,0.4,1369,0.346845794281357,0.30679327976625276
EMFN (Proposed),12,3407.0,test,4,0.4,0.5,769,0.4422179991464156,0.3719115734720416
EMFN (Proposed),12,3407.0,test,5,0.5,0.6,222,0.5373302831037624,0.4099099099099099
EMFN (Proposed),12,3407.0,test,6,0.6,0.7,9,0.6130906409687467,0.6666666666666666
EMFN (Proposed),12,3407.0,test,7,0.7,0.8,0,,
EMFN (Proposed),12,3407.0,test,8,0.8,0.9,0,,
EMFN (Proposed),12,3407.0,test,9,0.9,1.0,0,,
Quantile LightGBM (24h matched),12,3407.0,validation,0,0.0,0.1,1885,0.02254111405835544,0.05570291777188329
Quantile LightGBM (24h matched),12,3407.0,validation,1,0.1,0.2,1573,0.12444373808010172,0.30705657978385253
Quantile LightGBM (24h matched),12,3407.0,validation,2,0.2,0.3,531,0.21760828625235404,0.4519774011299435
Quantile LightGBM (24h matched),12,3407.0,validation,3,0.3,0.4,167,0.3206586826347306,0.5748502994011976
Quantile LightGBM (24h matched),12,3407.0,validation,4,0.4,0.5,58,0.4112068965517241,0.4482758620689655
Quantile LightGBM (24h matched),12,3407.0,validation,5,0.5,0.6,18,0.5194444444444445,0.5
Quantile LightGBM (24h matched),12,3407.0,validation,6,0.6,0.7,5,0.63,0.2
Quantile LightGBM (24h matched),12,3407.0,validation,7,0.7,0.8,1,0.7,1.0
Quantile LightGBM (24h matched),12,3407.0,validation,8,0.8,0.9,0,,
Quantile LightGBM (24h matched),12,3407.0,validation,9,0.9,1.0,0,,
Quantile LightGBM (24h matched),12,3407.0,test,0,0.0,0.1,3695,0.023196211096075777,0.058457374830852504
Quantile LightGBM (24h matched),12,3407.0,test,1,0.1,0.2,3910,0.11900255754475704,0.20127877237851663
Quantile LightGBM (24h matched),12,3407.0,test,2,0.2,0.3,801,0.21853932584269664,0.3682896379525593
Quantile LightGBM (24h matched),12,3407.0,test,3,0.3,0.4,216,0.3168981481481481,0.4074074074074074
Quantile LightGBM (24h matched),12,3407.0,test,4,0.4,0.5,73,0.42397260273972603,0.3972602739726027
Quantile LightGBM (24h matched),12,3407.0,test,5,0.5,0.6,23,0.5152173913043478,0.391304347826087
Quantile LightGBM (24h matched),12,3407.0,test,6,0.6,0.7,6,0.6416666666666667,0.16666666666666666
Quantile LightGBM (24h matched),12,3407.0,test,7,0.7,0.8,1,0.7,1.0
Quantile LightGBM (24h matched),12,3407.0,test,8,0.8,0.9,0,,
Quantile LightGBM (24h matched),12,3407.0,test,9,0.9,1.0,0,,
Hurdle Quantile LightGBM (24h matched),12,3407.0,validation,0,0.0,0.1,1724,0.04438042909137628,0.03480278422273782
Hurdle Quantile LightGBM (24h matched),12,3407.0,validation,1,0.1,0.2,767,0.14825591657383097,0.19426336375488917
Hurdle Quantile LightGBM (24h matched),12,3407.0,validation,2,0.2,0.3,596,0.24814354346875628,0.3389261744966443
Hurdle Quantile LightGBM (24h matched),12,3407.0,validation,3,0.3,0.4,534,0.3483529094637774,0.4438202247191011
Hurdle Quantile LightGBM (24h matched),12,3407.0,validation,4,0.4,0.5,440,0.44277538500405095,0.509090909090909
Hurdle Quantile LightGBM (24h matched),12,3407.0,validation,5,0.5,0.6,143,0.5397315681878897,0.46853146853146854
Hurdle Quantile LightGBM (24h matched),12,3407.0,validation,6,0.6,0.7,30,0.6368073380272639,0.6333333333333333
Hurdle Quantile LightGBM (24h matched),12,3407.0,validation,7,0.7,0.8,4,0.7418702877240715,0.75
Hurdle Quantile LightGBM (24h matched),12,3407.0,validation,8,0.8,0.9,0,,
Hurdle Quantile LightGBM (24h matched),12,3407.0,validation,9,0.9,1.0,0,,
Hurdle Quantile LightGBM (24h matched),12,3407.0,test,0,0.0,0.1,3611,0.04955209195217704,0.047078371642204374
Hurdle Quantile LightGBM (24h matched),12,3407.0,test,1,0.1,0.2,2101,0.1444605948483418,0.14802475011899097
Hurdle Quantile LightGBM (24h matched),12,3407.0,test,2,0.2,0.3,1331,0.24712320258138737,0.24117205108940645
Hurdle Quantile LightGBM (24h matched),12,3407.0,test,3,0.3,0.4,848,0.3445105383117545,0.3384433962264151
Hurdle Quantile LightGBM (24h matched),12,3407.0,test,4,0.4,0.5,465,0.446114832563915,0.38924731182795697
Hurdle Quantile LightGBM (24h matched),12,3407.0,test,5,0.5,0.6,274,0.5426614104497298,0.4197080291970803
Hurdle Quantile LightGBM (24h matched),12,3407.0,test,6,0.6,0.7,75,0.6386284846651655,0.44
Hurdle Quantile LightGBM (24h matched),12,3407.0,test,7,0.7,0.8,18,0.7339724469148567,0.3888888888888889
Hurdle Quantile LightGBM (24h matched),12,3407.0,test,8,0.8,0.9,2,0.8164809625249143,0.5
Hurdle Quantile LightGBM (24h matched),12,3407.0,test,9,0.9,1.0,0,,
EMFN (Proposed),24,3407.0,validation,0,0.0,0.1,1078,0.049712605014139294,0.04359925788497217
EMFN (Proposed),24,3407.0,validation,1,0.1,0.2,802,0.14771891836810885,0.14214463840399003
EMFN (Proposed),24,3407.0,validation,2,0.2,0.3,975,0.25458755725469345,0.3384615384615385
EMFN (Proposed),24,3407.0,validation,3,0.3,0.4,1111,0.3435205934715099,0.3402340234023402
EMFN (Proposed),24,3407.0,validation,4,0.4,0.5,260,0.42896566872413344,0.3269230769230769
EMFN (Proposed),24,3407.0,validation,5,0.5,0.6,0,,
EMFN (Proposed),24,3407.0,validation,6,0.6,0.7,0,,
EMFN (Proposed),24,3407.0,validation,7,0.7,0.8,0,,
EMFN (Proposed),24,3407.0,validation,8,0.8,0.9,0,,
EMFN (Proposed),24,3407.0,validation,9,0.9,1.0,0,,
EMFN (Proposed),24,3407.0,test,0,0.0,0.1,2048,0.055725105543388054,0.06982421875
EMFN (Proposed),24,3407.0,test,1,0.1,0.2,2349,0.1483462093078415,0.13026819923371646
EMFN (Proposed),24,3407.0,test,2,0.2,0.3,2063,0.2515860976840013,0.1919534658264663
EMFN (Proposed),24,3407.0,test,3,0.3,0.4,1866,0.345470508514621,0.25562700964630225
EMFN (Proposed),24,3407.0,test,4,0.4,0.5,385,0.4238001611325648,0.2701298701298701
EMFN (Proposed),24,3407.0,test,5,0.5,0.6,2,0.5052203983068466,0.0
EMFN (Proposed),24,3407.0,test,6,0.6,0.7,0,,
EMFN (Proposed),24,3407.0,test,7,0.7,0.8,0,,
EMFN (Proposed),24,3407.0,test,8,0.8,0.9,0,,
EMFN (Proposed),24,3407.0,test,9,0.9,1.0,0,,
Quantile LightGBM (24h matched),24,3407.0,validation,0,0.0,0.1,2076,0.05,0.10741811175337188
Quantile LightGBM (24h matched),24,3407.0,validation,1,0.1,0.2,1832,0.1314956331877729,0.33024017467248906
Quantile LightGBM (24h matched),24,3407.0,validation,2,0.2,0.3,277,0.21209386281588447,0.4043321299638989
Quantile LightGBM (24h matched),24,3407.0,validation,3,0.3,0.4,30,0.3166666666666667,0.3333333333333333
Quantile LightGBM (24h matched),24,3407.0,validation,4,0.4,0.5,7,0.4071428571428571,0.5714285714285714
Quantile LightGBM (24h matched),24,3407.0,validation,5,0.5,0.6,2,0.525,0.0
Quantile LightGBM (24h matched),24,3407.0,validation,6,0.6,0.7,2,0.6,0.0
Quantile LightGBM (24h matched),24,3407.0,validation,7,0.7,0.8,0,,
Quantile LightGBM (24h matched),24,3407.0,validation,8,0.8,0.9,0,,
Quantile LightGBM (24h matched),24,3407.0,validation,9,0.9,1.0,0,,
Quantile LightGBM (24h matched),24,3407.0,test,0,0.0,0.1,4667,0.049999999999999996,0.12449110777801585
Quantile LightGBM (24h matched),24,3407.0,test,1,0.1,0.2,3587,0.12557847783663229,0.19877334820183998
Quantile LightGBM (24h matched),24,3407.0,test,2,0.2,0.3,403,0.2122828784119107,0.29528535980148884
Quantile LightGBM (24h matched),24,3407.0,test,3,0.3,0.4,44,0.3159090909090909,0.18181818181818182
Quantile LightGBM (24h matched),24,3407.0,test,4,0.4,0.5,11,0.4136363636363637,0.45454545454545453
Quantile LightGBM (24h matched),24,3407.0,test,5,0.5,0.6,1,0.5,0.0
Quantile LightGBM (24h matched),24,3407.0,test,6,0.6,0.7,0,,
Quantile LightGBM (24h matched),24,3407.0,test,7,0.7,0.8,0,,
Quantile LightGBM (24h matched),24,3407.0,test,8,0.8,0.9,0,,
Quantile LightGBM (24h matched),24,3407.0,test,9,0.9,1.0,0,,
Hurdle Quantile LightGBM (24h matched),24,3407.0,validation,0,0.0,0.1,1192,0.06812397912745255,0.050335570469798654
Hurdle Quantile LightGBM (24h matched),24,3407.0,validation,1,0.1,0.2,1045,0.14895731513833493,0.184688995215311
Hurdle Quantile LightGBM (24h matched),24,3407.0,validation,2,0.2,0.3,1251,0.24894039687804473,0.3405275779376499
Hurdle Quantile LightGBM (24h matched),24,3407.0,validation,3,0.3,0.4,656,0.33511688051018895,0.36128048780487804
Hurdle Quantile LightGBM (24h matched),24,3407.0,validation,4,0.4,0.5,72,0.43142524759321965,0.4166666666666667
Hurdle Quantile LightGBM (24h matched),24,3407.0,validation,5,0.5,0.6,8,0.5265699752697157,0.75
Hurdle Quantile LightGBM (24h matched),24,3407.0,validation,6,0.6,0.7,2,0.6462878378406752,1.0
Hurdle Quantile LightGBM (24h matched),24,3407.0,validation,7,0.7,0.8,0,,
Hurdle Quantile LightGBM (24h matched),24,3407.0,validation,8,0.8,0.9,0,,
Hurdle Quantile LightGBM (24h matched),24,3407.0,validation,9,0.9,1.0,0,,
Hurdle Quantile LightGBM (24h matched),24,3407.0,test,0,0.0,0.1,2501,0.06997551406385134,0.07676929228308677
Hurdle Quantile LightGBM (24h matched),24,3407.0,test,1,0.1,0.2,3055,0.1447683912215196,0.15515548281505728
Hurdle Quantile LightGBM (24h matched),24,3407.0,test,2,0.2,0.3,2053,0.24632305899532042,0.21480759863614224
Hurdle Quantile LightGBM (24h matched),24,3407.0,test,3,0.3,0.4,935,0.3376033996827301,0.293048128342246
Hurdle Quantile LightGBM (24h matched),24,3407.0,test,4,0.4,0.5,146,0.4345575934296572,0.2876712328767123
Hurdle Quantile LightGBM (24h matched),24,3407.0,test,5,0.5,0.6,21,0.5286559074780528,0.14285714285714285
Hurdle Quantile LightGBM (24h matched),24,3407.0,test,6,0.6,0.7,2,0.6079451143362261,0.0
Hurdle Quantile LightGBM (24h matched),24,3407.0,test,7,0.7,0.8,0,,
Hurdle Quantile LightGBM (24h matched),24,3407.0,test,8,0.8,0.9,0,,
Hurdle Quantile LightGBM (24h matched),24,3407.0,test,9,0.9,1.0,0,,
